season,game_type,team,week,gsis_id,position,full_name,first_name,last_name,report_primary_injury,report_secondary_injury,report_status,practice_primary_injury,practice_secondary_injury,practice_status,date_modified
2016,REG,ARI,1,00-0030503,LB,Alex Okafor,Alex,Okafor,,,,Biceps,,Full Participation in Practice,2016-09-09T13:14:37Z
2016,REG,ARI,1,00-0024306,DT,Frostee Rucker,Frostee,Rucker,,,,Neck,,Full Participation in Practice,2016-09-09T13:14:48Z
2016,REG,ARI,1,00-0031050,LB,Kareem Martin,Kareem,Martin,Knee,,Out,Knee,,Did Not Participate In Practice,2016-09-09T13:15:07Z
2016,REG,ARI,1,00-0029530,CB,Justin Bethel,Justin,Bethel,Foot,,Questionable,Foot,,Limited Participation in Practice,2016-09-09T13:14:53Z
2016,REG,ARI,1,00-0032502,LB,Lamar Louis,Lamar,Louis,Knee,,Questionable,Knee,,Limited Participation in Practice,2016-09-09T13:14:53Z
2016,REG,ARI,1,00-0030282,RB,Stepfan Taylor,Stepfan,Taylor,Knee,,Questionable,Knee,,Limited Participation in Practice,2016-09-09T13:14:53Z
2016,REG,ATL,1,00-0031680,S,Robenson Therezie,Robenson,Therezie,,,,Thumb,Not Injury Related,Did Not Participate In Practice,2016-09-09T11:59:23Z
2016,REG,ATL,1,00-0023494,DT,Jonathan Babineaux,Jonathan,Babineaux,,,,Not Injury Related,,Full Participation in Practice,2016-09-09T11:59:00Z
2016,REG,ATL,1,00-0027958,DE,Adrian Clayborn,Adrian,Clayborn,,,,Shoulder,,Full Participation in Practice,2016-09-09T11:59:04Z
2016,REG,ATL,1,00-0021146,DE,Dwight Freeney,Dwight,Freeney,,,,Not Injury Related,,Full Participation in Practice,2016-09-09T11:58:41Z
2016,REG,ATL,1,00-0030427,S,Kemal Ishmael,Kemal,Ishmael,,,,Shoulder,,Full Participation in Practice,2016-09-09T11:59:11Z
2016,REG,ATL,1,00-0027944,WR,Julio Jones,Julio,Jones,,,,Ankle,,Full Participation in Practice,2016-09-09T11:58:41Z
2016,REG,ATL,1,00-0032382,S,Keanu Neal,Keanu,Neal,Knee,,Out,Knee,,Did Not Participate In Practice,2016-09-09T12:01:34Z
2016,REG,ATL,1,00-0025513,S,Dashon Goldson,Dashon,Goldson,Hamstring,,Questionable,Hamstring,,Limited Participation in Practice,2016-09-09T12:01:58Z
2016,REG,ATL,1,00-0031682,RB,Terron Ward,Terron,Ward,Ankle,,Questionable,Ankle,,Limited Participation in Practice,2016-09-09T12:02:13Z
2016,REG,BAL,1,00-0032411,RB,Kenneth Dixon,Kenneth,Dixon,Knee,,Out,Knee,,Did Not Participate In Practice,2016-09-09T11:17:47Z
2016,REG,BAL,1,00-0024341,LB,Elvis Dumervil,Elvis,Dumervil,Foot,,Out,Foot,,Did Not Participate In Practice,2016-09-09T11:18:17Z
2016,REG,BAL,1,00-0027064,CB,Jerraud Powers,Jerraud,Powers,Ankle,,Out,Ankle,,Did Not Participate In Practice,2016-09-09T11:18:35Z
2016,REG,BAL,1,00-0027714,TE,Dennis Pitta,Dennis,Pitta,Finger,,Questionable,Finger,,Full Participation in Practice,2016-09-09T11:18:49Z
2016,REG,BAL,1,00-0030996,G,John Urschel,John,Urschel,Shoulder,,Questionable,Shoulder,,Full Participation in Practice,2016-09-09T11:19:07Z
2016,REG,BAL,1,00-0031558,TE,Maxx Williams,Maxx,Williams,Knee,,Questionable,Knee,,Full Participation in Practice,2016-09-09T11:19:26Z
2016,REG,BAL,1,00-0028027,CB,Shareece Wright,Shareece,Wright,Foot,,Questionable,Foot,,Full Participation in Practice,2016-09-09T11:19:43Z
2016,REG,BUF,1,00-0026578,S,Colt Anderson,Colt,Anderson,Foot,,Out,Foot,,Did Not Participate In Practice,2016-09-09T10:11:37Z
2016,REG,BUF,1,00-0032942,CB,Kevon Seymour,Kevon,Seymour,Hamstring,,Out,Hamstring,,Did Not Participate In Practice,2016-09-09T10:11:57Z
2016,REG,BUF,1,00-0033098,QB,Cardale Jones,Cardale,Jones,right Shoulder,,Questionable,right Shoulder,,Did Not Participate In Practice,2016-09-09T10:12:29Z
2016,REG,BUF,1,00-0031128,G,Ryan Groy,Ryan,Groy,Ribs,,Questionable,Ribs,,Full Participation in Practice,2016-09-09T10:12:13Z
2016,REG,BUF,1,00-0032975,RB,Jonathan Williams,Jonathan,Williams,Ribs,,Questionable,Ribs,,Full Participation in Practice,2016-09-09T10:12:43Z
2016,REG,CAR,1,00-0031870,S,Dean Marlowe,Dean,Marlowe,Hamstring,,Doubtful,Hamstring,,Limited Participation in Practice,2016-09-07T07:57:09Z
2016,REG,CAR,1,00-0032967,DT,Vernon Butler,Vernon,Butler,Hand,,Questionable,Hand,,Full Participation in Practice,2016-09-07T07:57:41Z
2016,REG,CAR,1,00-0030463,LB,A.J. Klein,A.J.,Klein,Back,,Questionable,Back,,Full Participation in Practice,2016-09-07T07:57:29Z
2016,REG,CHI,1,00-0029319,WR,Josh Bellamy,Josh,Bellamy,Shoulder,,Questionable,Shoulder,,Limited Participation in Practice,2016-09-09T11:16:44Z
2016,REG,CHI,1,00-0032774,S,Deon Bush,Deon,Bush,Hamstring,,Questionable,Hamstring,,Limited Participation in Practice,2016-09-09T11:17:14Z
2016,REG,CHI,1,00-0031904,CB,Bryce Callahan,Bryce,Callahan,Groin,,Questionable,Groin,,Limited Participation in Practice,2016-09-09T11:17:43Z
2016,REG,CHI,1,00-0031041,CB,Kyle Fuller,Kyle,Fuller,Knee,,Questionable,Knee,,Limited Participation in Practice,2016-09-09T11:18:06Z
2016,REG,CHI,1,00-0031706,RB,Paul Lasike,Paul,Lasike,Wrist,,Questionable,Wrist,,Limited Participation in Practice,2016-09-09T11:18:42Z
2016,REG,CHI,1,00-0030441,T,Kyle Long,Kyle,Long,Shoulder,,Questionable,Shoulder,,Limited Participation in Practice,2016-09-09T11:19:50Z
2016,REG,CHI,1,00-0029388,WR,Deonte Thompson,Deonte,Thompson,Knee,Ankle,Questionable,Knee,Ankle,Limited Participation in Practice,2016-09-09T11:20:17Z
2016,REG,CHI,1,00-0030048,DE,Cornelius Washington,Cornelius,Washington,Ankle,Knee,Questionable,Ankle,Knee,Limited Participation in Practice,2016-09-09T11:20:51Z
2016,REG,CHI,1,00-0031545,WR,Kevin White,Kevin,White,Hamstring,,Questionable,Hamstring,,Limited Participation in Practice,2016-09-09T11:21:06Z
2016,REG,CIN,1,00-0024281,G,Eric Winston,Eric,Winston,,,,Not Injury Related,,Did Not Participate In Practice,2016-09-08T11:01:57Z
2016,REG,CIN,1,00-0030288,RB,Rex Burkhead,Rex,Burkhead,,,,Shoulder,,Full Participation in Practice,2016-09-09T09:18:28Z
2016,REG,CIN,1,00-0032795,WR,Cody Core,Cody,Core,,,,Heat cramps,,Full Participation in Practice,2016-09-09T09:22:01Z
2016,REG,CIN,1,00-0032196,T,Jake Fisher,Jake,Fisher,,,,Knee,Ankle,Full Participation in Practice,2016-09-09T09:18:28Z
2016,REG,CIN,1,00-0030126,C,T.J. Johnson,T.J.,Johnson,,,,Concussion,,Full Participation in Practice,2016-09-09T09:18:28Z
2016,REG,CIN,1,00-0023441,CB,Adam Jones,Adam,Jones,,,,Calf,,Full Participation in Practice,2016-09-09T09:18:28Z
2016,REG,CIN,1,00-0032214,TE,Tyler Kroft,Tyler,Kroft,,,,Knee,,Full Participation in Practice,2016-09-09T09:18:28Z
2016,REG,CIN,1,00-0032233,T,Cedric Ogbuehi,Cedric,Ogbuehi,,,,Toe,,Full Participation in Practice,2016-09-09T09:18:28Z
2016,REG,CIN,1,00-0026217,DT,Pat Sims,Pat,Sims,,,,Achilles,,Full Participation in Practice,2016-09-09T09:18:28Z
2016,REG,CIN,1,00-0031291,WR,James Wright,James,Wright,,,,Knee,,Full Participation in Practice,2016-09-09T09:22:33Z
2016,REG,CIN,1,00-0030549,TE,Tyler Eifert,Tyler,Eifert,Ankle,,Out,Ankle,,Did Not Participate In Practice,2016-09-09T09:23:30Z
2016,REG,CIN,1,00-0031380,CB,Darqueze Dennard,Darqueze,Dennard,Ankle,,Doubtful,Ankle,,Limited Participation in Practice,2016-09-09T09:24:15Z
2016,REG,CLE,1,00-0032987,CB,Tracy Howard,Tracy,Howard,,,,Hamstring,,Full Participation in Practice,2016-09-09T11:25:13Z
2016,REG,CLE,1,00-0033079,WR,Ricardo Louis,Ricardo,Louis,,,,Hamstring,,Full Participation in Practice,2016-09-09T11:25:13Z
2016,REG,CLE,1,00-0033073,LB,Emmanuel Ogbah,Emmanuel,Ogbah,,,,Hamstring,,Full Participation in Practice,2016-09-09T11:25:33Z
2016,REG,CLE,1,00-0025390,T,Joe Thomas,Joe,Thomas,,,,Not Injury Related,,Full Participation in Practice,2016-09-08T13:58:48Z
2016,REG,CLE,1,00-0024061,CB,Tramon Williams,Tramon,Williams,,,,Toe,,Full Participation in Practice,2016-09-09T11:25:13Z
2016,REG,CLE,1,00-0029942,CB,Marcus Burley,Marcus,Burley,Groin,,Out,Groin,,Did Not Participate In Practice,2016-09-09T11:26:17Z
2016,REG,DAL,1,00-0031961,LB,Mark Nzeocha,Mark,Nzeocha,Achilles,,Out,Achilles,,Did Not Participate In Practice,2016-09-09T12:04:31Z
2016,REG,DAL,1,00-0021678,QB,Tony Romo,Tony,Romo,Back,,Out,Back,,Did Not Participate In Practice,2016-09-09T12:04:44Z
2016,REG,DAL,1,00-0033075,DE,Charles Tapper,Charles,Tapper,Back,,Out,Back,,Did Not Participate In Practice,2016-09-09T12:04:56Z
2016,REG,DAL,1,00-0029010,G,Ronald Leary,Ronald,Leary,Groin,,Questionable,Groin,,Full Participation in Practice,2016-09-09T12:03:57Z
2016,REG,DEN,1,00-0031102,RB,Kapri Bibbs,Kapri,Bibbs,,,,Quadricep,,Full Participation in Practice,2016-09-07T10:50:18Z
2016,REG,DEN,1,00-0032132,G,Max Garcia,Max,Garcia,,,,Groin,,Full Participation in Practice,2016-09-07T10:50:18Z
2016,REG,DEN,1,00-0023445,LB,DeMarcus Ware,DeMarcus,Ware,,,,Back,,Full Participation in Practice,2016-09-07T10:50:18Z
2016,REG,DEN,1,00-0029080,T,Darrion Weems,Darrion,Weems,,,,Concussion,,Full Participation in Practice,2016-09-07T10:50:18Z
2016,REG,DEN,1,00-0029303,DE,Billy Winn,Billy,Winn,,,,Back,,Full Participation in Practice,2016-09-07T10:50:18Z
2016,REG,DEN,1,00-0030670,WR,Bennie Fowler,Bennie,Fowler,Elbow,,Out,Elbow,,Did Not Participate In Practice,2016-09-07T10:53:18Z
2016,REG,DEN,1,00-0031039,C,James Ferentz,James,Ferentz,Knee,,Questionable,Knee,,Limited Participation in Practice,2016-09-07T10:54:30Z
2016,REG,DEN,1,00-0032227,TE,Jeff Heuerman,Jeff,Heuerman,Ankle,,Questionable,Ankle,,Limited Participation in Practice,2016-09-07T10:53:50Z
2016,REG,DEN,1,00-0032147,T,Ty Sambrailo,Ty,Sambrailo,Elbow,,Questionable,Elbow,,Limited Participation in Practice,2016-09-07T10:54:02Z
2016,REG,DET,1,00-0031387,TE,Eric Ebron,Eric,Ebron,Ankle,,Questionable,Ankle,,Full Participation in Practice,2016-09-09T12:54:55Z
2016,REG,DET,1,00-0032395,C,Graham Glasgow,Graham,Glasgow,Toe,,Questionable,Toe,,Full Participation in Practice,2016-09-09T12:54:55Z
2016,REG,DET,1,00-0031627,T,Corey Robinson,Corey,Robinson,Ankle,,Questionable,Ankle,,Full Participation in Practice,2016-09-09T12:54:55Z
2016,REG,DET,1,00-0027891,WR,Golden Tate,Golden,Tate,Ankle,,Questionable,Ankle,,Full Participation in Practice,2016-09-09T12:54:55Z
2016,REG,GB,1,00-0032635,CB,Josh Hawkins,Josh,Hawkins,Hamstring,,Out,Hamstring,,Did Not Participate In Practice,2016-09-09T12:31:17Z
2016,REG,GB,1,00-0029747,S,Chris Banjo,Chris,Banjo,Hamstring,,Doubtful,Hamstring,,Did Not Participate In Practice,2016-09-09T12:29:49Z
2016,REG,GB,1,00-0030752,LB,Jayrone Elliott,Jayrone,Elliott,Hamstring,,Doubtful,Hamstring,,Did Not Participate In Practice,2016-09-09T12:30:55Z
2016,REG,GB,1,00-0032423,WR,Trevor Davis,Trevor,Davis,Shoulder,,Doubtful,Shoulder,,Limited Participation in Practice,2016-09-09T12:30:31Z
2016,REG,GB,1,00-0031001,WR,Jeff Janis,Jeff,Janis,Hand,,Questionable,Hand,,Full Participation in Practice,2016-09-09T12:31:37Z
2016,REG,GB,1,00-0030758,TE,Justin Perillo,Justin,Perillo,Knee,,Questionable,Knee,,Limited Participation in Practice,2016-09-09T12:31:55Z
2016,REG,HOU,1,00-0028029,LB,Akeem Dent,Akeem,Dent,,,,Concussion,,Full Participation in Practice,2016-09-09T12:21:17Z
2016,REG,HOU,1,00-0033127,WR,Will Fuller,Will,Fuller,,,,Hamstring,,Full Participation in Practice,2016-09-09T12:21:28Z
2016,REG,HOU,1,00-0028152,T,Derek Newton,Derek,Newton,,,,Hamstring,,Full Participation in Practice,2016-09-09T12:21:17Z
2016,REG,HOU,1,00-0027949,DE,J.J. Watt,J.J.,Watt,,,,Back,,Full Participation in Practice,2016-09-09T12:21:32Z
2016,REG,HOU,1,00-0026166,T,Duane Brown,Duane,Brown,Knee,,Out,Knee,,Did Not Participate In Practice,2016-09-09T12:22:05Z
2016,REG,IND,1,00-0026206,DE,Kendall Langford,Kendall,Langford,,,,Knee,,Did Not Participate In Practice,2016-09-09T12:22:51Z
2016,REG,IND,1,00-0029668,QB,Andrew Luck,Andrew,Luck,,,,right Shoulder,,Full Participation in Practice,2016-09-09T12:23:06Z
2016,REG,IND,1,00-0026408,T,Joe Reitz,Joe,Reitz,,,,Back,,Full Participation in Practice,2016-09-09T12:23:40Z
2016,REG,IND,1,00-0027017,CB,Darius Butler,Darius,Butler,Ankle,,Out,Ankle,,Did Not Participate In Practice,2016-09-09T12:27:39Z
2016,REG,IND,1,00-0027001,CB,Vontae Davis,Vontae,Davis,Ankle,,Out,Ankle,,Did Not Participate In Practice,2016-09-09T12:27:59Z
2016,REG,IND,1,00-0031571,S,Clayton Geathers,Clayton,Geathers,Foot,,Out,Foot,,Did Not Participate In Practice,2016-09-09T12:28:26Z
2016,REG,IND,1,00-0032269,DT,Henry Anderson,Henry,Anderson,Knee,,Out,Knee,,Limited Participation in Practice,2016-09-09T12:25:53Z
2016,REG,IND,1,00-0031046,G,Jack Mewhort,Jack,Mewhort,Knee,,Questionable,Knee,,Full Participation in Practice,2016-09-09T12:33:32Z
2016,REG,IND,1,00-0030529,LB,Sio Moore,Sio,Moore,Hamstring,,Questionable,Hamstring,,Full Participation in Practice,2016-09-09T12:30:14Z
2016,REG,IND,1,00-0032419,T,Joe Haeg,Joe,Haeg,Ankle,,Questionable,Ankle,,Limited Participation in Practice,2016-09-09T12:28:55Z
2016,REG,JAX,1,00-0027055,DT,Roy Miller,Roy,Miller,,,,Quadricep,,Full Participation in Practice,2016-09-09T08:15:34Z
2016,REG,JAX,1,00-0027531,RB,Chris Ivory,Chris,Ivory,Calf,,Questionable,Calf,,Limited Participation in Practice,2016-09-09T08:16:50Z
2016,REG,JAX,1,00-0027878,DE,Jared Odrick,Jared,Odrick,Jaw,Head,Questionable,Jaw,Head,Limited Participation in Practice,2016-09-09T08:16:32Z
2016,REG,KC,1,00-0031015,CB,Phillip Gaines,Phillip,Gaines,,,,Knee,,Full Participation in Practice,2016-09-09T12:14:17Z
2016,REG,KC,1,00-0030668,RB,Charcandrick West,Charcandrick,West,,,,Elbow,,Full Participation in Practice,2016-09-09T12:14:17Z
2016,REG,KC,1,00-0024235,LB,Tamba Hali,Tamba,Hali,,,,Knee,,Limited Participation in Practice,2016-09-09T12:14:40Z
2016,REG,KC,1,00-0026213,RB,Jamaal Charles,Jamaal,Charles,Knee,,Doubtful,Knee,,Limited Participation in Practice,2016-09-09T12:16:59Z
2016,REG,LA,1,00-0033111,WR,Pharoh Cooper,Pharoh,Cooper,Shoulder,,Out,Shoulder,,Did Not Participate In Practice,2016-09-10T13:30:02Z
2016,REG,LA,1,00-0031394,CB,E.J. Gaines,E.J.,Gaines,Thigh,,Out,Thigh,,Did Not Participate In Practice,2016-09-10T13:30:22Z
2016,REG,LA,1,00-0032685,WR,Nelson Spruce,Nelson,Spruce,Knee,,Out,Knee,,Limited Participation in Practice,2016-09-10T13:31:47Z
2016,REG,LA,1,00-0032248,LB,Bryce Hager,Bryce,Hager,Concussion,,Questionable,Concussion,,Full Participation in Practice,2016-09-10T13:31:02Z
2016,REG,LA,1,00-0032242,T,Rob Havenstein,Rob,Havenstein,Foot,,Questionable,Foot,,Full Participation in Practice,2016-09-10T13:31:23Z
2016,REG,MIA,1,00-0031590,RB,Jay Ajayi,Jay,Ajayi,Not Injury Related,,Out,Not Injury Related,,Did Not Participate In Practice,2016-09-09T13:47:31Z
2016,REG,MIA,1,00-0027953,C,Mike Pouncey,Mike,Pouncey,Hip,,Out,Hip,,Did Not Participate In Practice,2016-09-09T13:47:56Z
2016,REG,MIA,1,00-0031317,DE,Terrence Fede,Terrence,Fede,Knee,,Questionable,Knee,,Full Participation in Practice,2016-09-09T13:47:11Z
2016,REG,MIA,1,00-0027684,DT,Earl Mitchell,Earl,Mitchell,Calf,,Questionable,Calf,,Full Participation in Practice,2016-09-09T13:47:11Z
2016,REG,MIA,1,00-0029626,RB,Isaiah Pead,Isaiah,Pead,Hamstring,,Questionable,Hamstring,,Full Participation in Practice,2016-09-09T13:47:11Z
2016,REG,MIA,1,00-0032380,T,Laremy Tunsil,Laremy,Tunsil,Knee,,Questionable,Knee,,Full Participation in Practice,2016-09-09T13:47:11Z
2016,REG,MIA,1,00-0030384,LB,Jelani Jenkins,Jelani,Jenkins,Knee,,Questionable,Knee,,Limited Participation in Practice,2016-09-09T13:47:11Z
2016,REG,MIA,1,00-0031547,WR,DeVante Parker,DeVante,Parker,Hamstring,,Questionable,Hamstring,,Limited Participation in Practice,2016-09-09T13:47:11Z
2016,REG,MIN,1,00-0031799,S,Anthony Harris,Anthony,Harris,,,,Shoulder,,Full Participation in Practice,2016-09-09T11:36:10Z
2016,REG,MIN,1,00-0029687,T,Matt Kalil,Matt,Kalil,,,,Hip,,Full Participation in Practice,2016-09-09T11:36:10Z
2016,REG,MIN,1,00-0030575,CB,Xavier Rhodes,Xavier,Rhodes,,,,Hamstring,,Full Participation in Practice,2016-09-09T11:36:22Z
2016,REG,MIN,1,00-0029587,TE,Rhett Ellison,Rhett,Ellison,,,,Knee,,Limited Participation in Practice,2016-09-09T11:36:10Z
2016,REG,MIN,1,00-0031765,C,Nick Easton,Nick,Easton,Ankle,,Out,Ankle,,Did Not Participate In Practice,2016-09-09T11:47:22Z
2016,REG,MIN,1,00-0031585,TE,MyCole Pruitt,MyCole,Pruitt,Knee,,Out,Knee,,Did Not Participate In Practice,2016-09-09T11:48:44Z
2016,REG,MIN,1,00-0030113,WR,Charles Johnson,Charles,Johnson,Quadricep,,Questionable,Quadricep,,Limited Participation in Practice,2016-09-09T11:49:18Z
2016,REG,MIN,1,00-0031376,RB,Jerick McKinnon,Jerick,McKinnon,Foot,,Questionable,Foot,,Limited Participation in Practice,2016-09-09T11:50:18Z
2016,REG,NE,1,00-0028237,WR,Chris Hogan,Chris,Hogan,Shoulder,,Questionable,Shoulder,,Full Participation in Practice,2016-09-09T12:49:52Z
2016,REG,NE,1,00-0030590,G,Jonathan Cooper,Jonathan,Cooper,Foot,,Questionable,Foot,,Limited Participation in Practice,2016-09-10T09:48:51Z
2016,REG,NE,1,00-0031566,DE,Trey Flowers,Trey,Flowers,Shoulder,,Questionable,Shoulder,,Limited Participation in Practice,2016-09-09T12:46:16Z
2016,REG,NE,1,00-0027656,TE,Rob Gronkowski,Rob,Gronkowski,Hamstring,,Questionable,Hamstring,,Limited Participation in Practice,2016-09-10T09:49:03Z
2016,REG,NE,1,00-0031580,G,Shaquille Mason,Shaquille,Mason,Hand,,Questionable,Hand,,Limited Participation in Practice,2016-09-09T12:47:20Z
2016,REG,NE,1,00-0029250,LB,Shea McClellin,Shea,McClellin,Shoulder,,Questionable,Shoulder,,Limited Participation in Practice,2016-09-09T12:47:47Z
2016,REG,NE,1,00-0032400,WR,Malcolm Mitchell,Malcolm,Mitchell,Elbow,,Questionable,Elbow,,Limited Participation in Practice,2016-09-09T12:48:30Z
2016,REG,NE,1,00-0027955,T,Nate Solder,Nate,Solder,Hamstring,,Questionable,Hamstring,,Limited Participation in Practice,2016-09-10T09:48:56Z
2016,REG,NO,1,00-0026857,LB,Dannell Ellerbe,Dannell,Ellerbe,Quadricep,,Out,Quadricep,,Did Not Participate In Practice,2016-09-09T12:54:38Z
2016,REG,NO,1,00-0031484,TE,Chris Manhertz,Chris,Manhertz,Head,,Questionable,Head,,Full Participation in Practice,2016-09-09T12:54:15Z
2016,REG,NO,1,00-0030067,T,Terron Armstead,Terron,Armstead,Knee,Quadricep,Questionable,Knee,Quadricep,Limited Participation in Practice,2016-09-09T12:54:15Z
2016,REG,NO,1,00-0032765,WR,Michael Thomas,Michael,Thomas,Ankle,,Questionable,Ankle,,Limited Participation in Practice,2016-09-09T12:54:15Z
2016,REG,NYG,1,00-0026832,LB,Jonathan Casillas,Jonathan,Casillas,,,,Ribs,,Limited Participation in Practice,2016-09-09T11:04:52Z
2016,REG,NYG,1,00-0033083,S,Darian Thompson,Darian,Thompson,,,,Shoulder,,Limited Participation in Practice,2016-09-09T11:04:52Z
2016,REG,NYG,1,00-0031006,DT,Robert Thomas,Robert,Thomas,Illness,,Out,Illness,,Did Not Participate In Practice,2016-09-09T11:06:51Z
2016,REG,NYJ,1,00-0031023,WR,Quincy Enunwa,Quincy,Enunwa,,,,Concussion,,Full Participation in Practice,2016-09-09T11:47:49Z
2016,REG,NYJ,1,00-0024334,WR,Brandon Marshall,Brandon,Marshall,,,,Hip,,Full Participation in Practice,2016-09-09T11:47:49Z
2016,REG,NYJ,1,00-0026564,DT,Steve McLendon,Steve,McLendon,,,,Hand,Toe,Full Participation in Practice,2016-09-09T11:47:49Z
2016,REG,NYJ,1,00-0027968,DE,Muhammad Wilkerson,Muhammad,Wilkerson,,,,Ankle,,Full Participation in Practice,2016-09-09T11:47:49Z
2016,REG,NYJ,1,00-0031933,DE,Leonard Williams,Leonard,Williams,,,,Hip,,Full Participation in Practice,2016-09-09T11:47:54Z
2016,REG,NYJ,1,00-0031568,QB,Bryce Petty,Bryce,Petty,right Shoulder,,Out,right Shoulder,,Did Not Participate In Practice,2016-09-09T11:48:36Z
2016,REG,NYJ,1,00-0031628,CB,Darryl Roberts,Darryl,Roberts,Foot,,Out,Foot,,Did Not Participate In Practice,2016-09-09T11:49:07Z
2016,REG,NYJ,1,00-0032970,LB,Jordan Jenkins,Jordan,Jenkins,Calf,,Doubtful,Calf,,Did Not Participate In Practice,2016-09-09T11:49:23Z
2016,REG,NYJ,1,00-0027978,LB,Bruce Carter,Bruce,Carter,Shoulder,,Questionable,Shoulder,,Limited Participation in Practice,2016-09-09T11:50:11Z
2016,REG,NYJ,1,00-0025434,LB,David Harris,David,Harris,Shoulder,,Questionable,Shoulder,,Limited Participation in Practice,2016-09-09T11:50:30Z
2016,REG,OAK,1,00-0027297,T,Austin Howard,Austin,Howard,Ankle,,Out,Ankle,,Did Not Participate In Practice,2016-09-09T12:50:24Z
2016,REG,PHI,1,00-0032724,WR,Bryce Treggs,Bryce,Treggs,Knee,,Out,Knee,,Did Not Participate In Practice,2016-09-09T11:21:15Z
2016,REG,PHI,1,00-0029412,DE,Vinny Curry,Vinny,Curry,Knee,,Questionable,Knee,,Full Participation in Practice,2016-09-09T11:21:34Z
2016,REG,PHI,1,00-0030710,TE,Trey Burton,Trey,Burton,Calf,,Questionable,Calf,,Limited Participation in Practice,2016-09-09T11:20:59Z
2016,REG,PIT,1,00-0028001,T,Marcus Gilbert,Marcus,Gilbert,,,,Elbow,,Full Participation in Practice,2016-09-10T09:43:30Z
2016,REG,PIT,1,00-0033109,DT,Javon Hargrave,Javon,Hargrave,,,,Quadricep,,Full Participation in Practice,2016-09-10T09:43:30Z
2016,REG,PIT,1,00-0027969,DE,Cameron Heyward,Cameron,Heyward,,,,Ankle,,Full Participation in Practice,2016-09-10T09:43:30Z
2016,REG,PIT,1,00-0031193,DT,Daniel McCullers,Daniel,McCullers,,,,Knee,,Full Participation in Practice,2016-09-10T09:43:30Z
2016,REG,PIT,1,00-0030412,S,Shamarko Thomas,Shamarko,Thomas,,,,Groin,,Full Participation in Practice,2016-09-10T09:43:30Z
2016,REG,PIT,1,00-0032105,CB,Senquez Golson,Senquez,Golson,Foot,,Out,Foot,,Did Not Participate In Practice,2016-09-10T09:43:54Z
2016,REG,PIT,1,00-0030741,RB,Roosevelt Nix,Roosevelt,Nix,Back,,Out,Back,,Did Not Participate In Practice,2016-09-10T09:43:59Z
2016,REG,PIT,1,00-0026247,C,Cody Wallace,Cody,Wallace,Knee,,Out,Knee,,Did Not Participate In Practice,2016-09-10T09:44:03Z
2016,REG,PIT,1,00-0030460,WR,Markus Wheaton,Markus,Wheaton,Shoulder,,Out,Shoulder,,Did Not Participate In Practice,2016-09-10T09:44:09Z
2016,REG,SD,1,00-0030279,WR,Keenan Allen,Keenan,Allen,,,,Not Injury Related,,Full Participation in Practice,2016-09-09T11:59:38Z
2016,REG,SD,1,00-0030505,G,D.J. Fluker,D.J.,Fluker,,,,Ankle,,Full Participation in Practice,2016-09-09T11:59:21Z
2016,REG,SD,1,00-0031334,CB,Jason Verrett,Jason,Verrett,,,,Calf,,Limited Participation in Practice,2016-09-09T11:59:21Z
2016,REG,SEA,1,00-0031897,RB,Thomas Rawls,Thomas,Rawls,,,,Illness,,Full Participation in Practice,2016-09-09T18:26:31Z
2016,REG,SEA,1,00-0032387,DT,Jarran Reed,Jarran,Reed,,,,Toe,,Full Participation in Practice,2016-09-09T18:25:54Z
2016,REG,SEA,1,00-0030487,CB,Tharold Simon,Tharold,Simon,,,,Knee,,Full Participation in Practice,2016-09-09T18:26:21Z
2016,REG,SEA,1,00-0032394,TE,Nick Vannett,Nick,Vannett,Ankle,,Out,Ankle,,Did Not Participate In Practice,2016-09-09T13:02:23Z
2016,REG,SEA,1,00-0032384,G,Germain Ifedi,Germain,Ifedi,Ankle,,Questionable,Ankle,,Did Not Participate In Practice,2016-09-09T13:02:40Z
2016,REG,SEA,1,00-0027696,TE,Jimmy Graham,Jimmy,Graham,Knee,,Questionable,Knee,,Full Participation in Practice,2016-09-09T13:02:11Z
2016,REG,SF,1,00-0030917,CB,Chris Davis,Chris,Davis,Hamstring,,Doubtful,Hamstring,,Did Not Participate In Practice,2016-09-10T13:41:34Z
2016,REG,SF,1,00-0027863,T,Anthony Davis,Anthony,Davis,Not Injury Related,,Questionable,Not Injury Related,,Did Not Participate In Practice,2016-09-10T13:40:33Z
2016,REG,SF,1,00-0032164,DT,Arik Armstead,Arik,Armstead,Shoulder,,Questionable,Shoulder,,Limited Participation in Practice,2016-09-10T13:41:15Z
2016,REG,SF,1,00-0028292,LB,Nick Bellore,Nick,Bellore,Knee,,Questionable,Knee,,Limited Participation in Practice,2016-09-10T13:40:33Z
2016,REG,SF,1,00-0030088,DT,Quinton Dial,Quinton,Dial,Knee,,Questionable,Knee,,Limited Participation in Practice,2016-09-10T13:40:33Z
2016,REG,SF,1,00-0026145,DT,Glenn Dorsey,Glenn,Dorsey,Knee,,Questionable,Knee,,Limited Participation in Practice,2016-09-10T13:40:33Z
2016,REG,SF,1,00-0031020,CB,Keith Reaser,Keith,Reaser,Ankle,,Questionable,Ankle,,Limited Participation in Practice,2016-09-10T13:40:33Z
2016,REG,TB,1,00-0032789,LB,Devante Bond,Devante,Bond,Hamstring,,Out,Hamstring,,Full Participation in Practice,2016-09-09T10:52:58Z
2016,REG,TB,1,00-0032772,S,Ryan Smith,Ryan,Smith,Hand,,Questionable,Hand,,Full Participation in Practice,2016-09-09T10:53:18Z
2016,REG,TB,1,00-0028042,TE,Luke Stocker,Luke,Stocker,Back,,Questionable,Back,,Full Participation in Practice,2016-09-09T10:53:32Z
2016,REG,TEN,1,00-0029708,WR,Kendall Wright,Kendall,Wright,Hamstring,,Out,Hamstring,,Did Not Participate In Practice,2016-09-09T11:19:46Z
2016,REG,WAS,1,00-0029709,T,Ty Nsekhe,Ty,Nsekhe,,,,Illness,,Full Participation in Practice,2016-09-10T10:29:49Z
2016,REG,WAS,1,00-0024410,DT,Kedric Golston,Kedric,Golston,Back,,Questionable,Back,,Did Not Participate In Practice,2016-09-10T10:30:59Z
2016,REG,WAS,1,00-0032760,WR,Josh Doctson,Josh,Doctson,Achilles,,Questionable,Achilles,,Full Participation in Practice,2016-09-10T10:30:59Z
2016,REG,WAS,1,00-0031939,RB,Matt Jones,Matt,Jones,Shoulder,,Questionable,Shoulder,,Full Participation in Practice,2016-09-10T10:30:59Z
2016,REG,WAS,1,00-0031047,G,Spencer Long,Spencer,Long,Ankle,,Questionable,Ankle,,Full Participation in Practice,2016-09-10T10:30:59Z
2016,REG,WAS,1,00-0029256,DE,Kendall Reyes,Kendall,Reyes,Groin,,Questionable,Groin,,Full Participation in Practice,2016-09-10T10:30:59Z
2016,REG,ARI,2,00-0029530,CB,Justin Bethel,Justin,Bethel,,,,Foot,,Full Participation in Practice,2016-09-16T13:40:00Z
2016,REG,ARI,2,00-0030300,WR,Jaron Brown,Jaron,Brown,,,,Ankle,,Full Participation in Practice,2016-09-16T13:40:20Z
2016,REG,ARI,2,00-0028952,P,Drew Butler,Drew,Butler,,,,left Ankle,,Full Participation in Practice,2016-09-16T13:40:00Z
2016,REG,ARI,2,00-0022921,WR,Larry Fitzgerald,Larry,Fitzgerald,,,,Knee,,Full Participation in Practice,2016-09-16T13:41:53Z
2016,REG,ARI,2,00-0030459,S,Tyrann Mathieu,Tyrann,Mathieu,,,,Knee,,Full Participation in Practice,2016-09-16T13:41:05Z
2016,REG,ARI,2,00-0030382,LB,Kevin Minter,Kevin,Minter,,,,Ankle,,Full Participation in Practice,2016-09-16T13:40:11Z
2016,REG,ARI,2,00-0031050,LB,Kareem Martin,Kareem,Martin,Knee,,Out,Knee,,Did Not Participate In Practice,2016-09-16T13:42:53Z
2016,REG,ARI,2,00-0024306,DT,Frostee Rucker,Frostee,Rucker,Knee,,Out,Knee,,Did Not Participate In Practice,2016-09-16T13:43:08Z
2016,REG,ARI,2,00-0023514,G,Evan Mathis,Evan,Mathis,Foot,,Questionable,Foot,,Limited Participation in Practice,2016-09-16T13:42:33Z
2016,REG,ARI,2,00-0032112,WR,J.J. Nelson,J.J.,Nelson,Shoulder,,Questionable,Shoulder,,Limited Participation in Practice,2016-09-16T13:42:33Z
2016,REG,ARI,2,00-0032761,DT,Robert Nkemdiche,Robert,Nkemdiche,Ankle,,Questionable,Ankle,,Limited Participation in Practice,2016-09-16T13:42:33Z
2016,REG,ARI,2,00-0030282,RB,Stepfan Taylor,Stepfan,Taylor,Knee,,Questionable,Knee,,Limited Participation in Practice,2016-09-16T13:42:33Z
2016,REG,ATL,2,00-0031285,RB,Devonta Freeman,Devonta,Freeman,,,,Quadricep,,Full Participation in Practice,2016-09-16T10:13:39Z
2016,REG,ATL,2,00-0021146,DE,Dwight Freeney,Dwight,Freeney,,,,Not Injury Related,,Full Participation in Practice,2016-09-16T10:13:39Z
2016,REG,ATL,2,00-0027944,WR,Julio Jones,Julio,Jones,,,,Ankle,,Full Participation in Practice,2016-09-16T10:13:53Z
2016,REG,ATL,2,00-0029632,WR,Mohamed Sanu,Mohamed,Sanu,,,,Ankle,,Full Participation in Practice,2016-09-16T10:14:05Z
2016,REG,ATL,2,00-0032401,LB,De'Vondre Campbell,De'Vondre,Campbell,Ankle,,Out,Ankle,,Did Not Participate In Practice,2016-09-16T10:14:15Z
2016,REG,ATL,2,00-0032382,S,Keanu Neal,Keanu,Neal,Knee,,Out,Knee,,Did Not Participate In Practice,2016-09-16T10:14:29Z
2016,REG,ATL,2,00-0027980,DE,Brooks Reed,Brooks,Reed,Shoulder,,Questionable,Shoulder,,Limited Participation in Practice,2016-09-16T10:14:08Z
2016,REG,BAL,2,00-0022161,LB,Terrell Suggs,Terrell,Suggs,,,,Not Injury Related,,Full Participation in Practice,2016-09-16T12:10:00Z
2016,REG,BAL,2,00-0025473,G,Marshal Yanda,Marshal,Yanda,,,,Not Injury Related,,Full Participation in Practice,2016-09-16T12:10:10Z
2016,REG,BAL,2,00-0026223,C,Jeremy Zuttah,Jeremy,Zuttah,,,,Not Injury Related,,Full Participation in Practice,2016-09-16T12:10:19Z
2016,REG,BAL,2,00-0032411,RB,Kenneth Dixon,Kenneth,Dixon,Knee,,Out,Knee,,Did Not Participate In Practice,2016-09-16T12:16:36Z
2016,REG,BAL,2,00-0024341,LB,Elvis Dumervil,Elvis,Dumervil,Foot,,Out,Foot,,Did Not Participate In Practice,2016-09-16T12:16:43Z
2016,REG,BAL,2,00-0031576,LB,Za'Darius Smith,Za'Darius,Smith,Ankle,,Questionable,Ankle,,Did Not Participate In Practice,2016-09-16T12:09:05Z
2016,REG,BAL,2,00-0031296,LB,C.J. Mosley,C.J.,Mosley,Thigh,,Questionable,Thigh,,Full Participation in Practice,2016-09-16T12:09:05Z
2016,REG,BAL,2,00-0032054,WR,Breshad Perriman,Breshad,Perriman,Calf,,Questionable,Calf,,Full Participation in Practice,2016-09-16T12:09:05Z
2016,REG,BAL,2,00-0027064,CB,Jerraud Powers,Jerraud,Powers,Ankle,,Questionable,Ankle,,Full Participation in Practice,2016-09-16T12:09:05Z
2016,REG,BAL,2,00-0030996,G,John Urschel,John,Urschel,Shoulder,,Questionable,Shoulder,,Full Participation in Practice,2016-09-16T12:09:05Z
2016,REG,BUF,2,00-0026578,S,Colt Anderson,Colt,Anderson,Foot,,Out,Foot,,Did Not Participate In Practice,2016-09-14T09:14:10Z
2016,REG,BUF,2,00-0029561,T,Cordy Glenn,Cordy,Glenn,Ankle,,Out,Ankle,,Did Not Participate In Practice,2016-09-14T09:14:05Z
2016,REG,BUF,2,00-0028112,TE,Charles Clay,Charles,Clay,Knee,,Questionable,Knee,,Limited Participation in Practice,2016-09-14T09:13:59Z
2016,REG,BUF,2,00-0027825,TE,Jim Dray,Jim,Dray,Ankle,,Questionable,Ankle,,Limited Participation in Practice,2016-09-14T09:13:59Z
2016,REG,BUF,2,00-0033098,QB,Cardale Jones,Cardale,Jones,right Shoulder,,Questionable,right Shoulder,,Limited Participation in Practice,2016-09-14T09:13:59Z
2016,REG,BUF,2,00-0032942,CB,Kevon Seymour,Kevon,Seymour,Hamstring,,Questionable,Hamstring,,Limited Participation in Practice,2016-09-14T09:13:59Z
2016,REG,BUF,2,00-0031325,WR,Sammy Watkins,Sammy,Watkins,Foot,,Questionable,Foot,,Limited Participation in Practice,2016-09-14T09:13:59Z
2016,REG,BUF,2,00-0029257,DT,Jerel Worthy,Jerel,Worthy,Knee,,Questionable,Knee,,Limited Participation in Practice,2016-09-14T09:13:59Z
2016,REG,CAR,2,00-0031870,S,Dean Marlowe,Dean,Marlowe,Hamstring,,Questionable,Hamstring,,Full Participation in Practice,2016-09-16T10:42:33Z
2016,REG,CAR,2,00-0026153,RB,Jonathan Stewart,Jonathan,Stewart,Ankle,,Questionable,Ankle,,Full Participation in Practice,2016-09-16T10:42:33Z
2016,REG,CHI,2,00-0031041,CB,Kyle Fuller,Kyle,Fuller,Knee,,Questionable,Knee,,Limited Participation in Practice,2016-09-17T12:03:44Z
2016,REG,CIN,2,00-0024270,T,Andrew Whitworth,Andrew,Whitworth,,,,Not Injury Related,,Did Not Participate In Practice,2016-09-14T12:20:17Z
2016,REG,CIN,2,00-0031380,CB,Darqueze Dennard,Darqueze,Dennard,,,,Ankle,,Full Participation in Practice,2016-09-16T09:10:22Z
2016,REG,CIN,2,00-0027662,DE,Carlos Dunlap,Carlos,Dunlap,,,,Shoulder,Toe,Full Participation in Practice,2016-09-16T09:13:05Z
2016,REG,CIN,2,00-0023441,CB,Adam Jones,Adam,Jones,,,,Back,,Full Participation in Practice,2016-09-16T09:10:22Z
2016,REG,CIN,2,00-0031291,WR,James Wright,James,Wright,,,,Knee,,Full Participation in Practice,2016-09-16T09:13:46Z
2016,REG,CIN,2,00-0030549,TE,Tyler Eifert,Tyler,Eifert,Ankle,,Out,Ankle,,Did Not Participate In Practice,2016-09-16T09:14:07Z
2016,REG,CIN,2,00-0026217,DT,Pat Sims,Pat,Sims,Ankle,,Questionable,Ankle,,Full Participation in Practice,2016-09-16T09:14:28Z
2016,REG,CLE,2,00-0029942,CB,Marcus Burley,Marcus,Burley,,,,Groin,,Full Participation in Practice,2016-09-16T11:10:52Z
2016,REG,CLE,2,00-0026205,G,John Greco,John,Greco,,,,Back,,Full Participation in Practice,2016-09-16T11:10:40Z
2016,REG,CLE,2,00-0033076,CB,Derrick Kindred,Derrick,Kindred,,,,Ankle,,Full Participation in Practice,2016-09-16T11:10:57Z
2016,REG,CLE,2,00-0028825,WR,Terrelle Pryor,Terrelle,Pryor,,,,Shoulder,,Full Participation in Practice,2016-09-16T11:10:40Z
2016,REG,CLE,2,00-0025390,T,Joe Thomas,Joe,Thomas,,,,Not Injury Related,,Full Participation in Practice,2016-09-15T12:48:56Z
2016,REG,DAL,2,00-0031961,LB,Mark Nzeocha,Mark,Nzeocha,Achilles,,Out,Achilles,,Did Not Participate In Practice,2016-09-16T12:11:06Z
2016,REG,DAL,2,00-0021678,QB,Tony Romo,Tony,Romo,Back,,Out,Back,,Did Not Participate In Practice,2016-09-16T12:11:15Z
2016,REG,DAL,2,00-0033075,DE,Charles Tapper,Charles,Tapper,Back,,Out,Back,,Did Not Participate In Practice,2016-09-16T12:11:22Z
2016,REG,DAL,2,00-0029627,DE,Jack Crawford,Jack,Crawford,Shoulder,,Questionable,Shoulder,,Full Participation in Practice,2016-09-16T12:10:56Z
2016,REG,DAL,2,00-0029010,G,Ronald Leary,Ronald,Leary,Groin,,Questionable,Groin,,Full Participation in Practice,2016-09-16T12:10:56Z
2016,REG,DAL,2,00-0026283,CB,Orlando Scandrick,Orlando,Scandrick,Hamstring,,Questionable,Hamstring,,Full Participation in Practice,2016-09-16T12:10:56Z
2016,REG,DAL,2,00-0032141,TE,Geoff Swaim,Geoff,Swaim,Ankle,,Questionable,Ankle,,Full Participation in Practice,2016-09-16T12:10:56Z
2016,REG,DEN,2,00-0031039,C,James Ferentz,James,Ferentz,,,,Knee,,Full Participation in Practice,2016-09-16T12:03:31Z
2016,REG,DEN,2,00-0032227,TE,Jeff Heuerman,Jeff,Heuerman,,,,Ankle,,Full Participation in Practice,2016-09-16T12:03:31Z
2016,REG,DEN,2,00-0023445,LB,DeMarcus Ware,DeMarcus,Ware,,,,Back,,Full Participation in Practice,2016-09-16T12:03:31Z
2016,REG,DEN,2,00-0029303,DE,Billy Winn,Billy,Winn,,,,Back,,Full Participation in Practice,2016-09-16T12:03:31Z
2016,REG,DEN,2,00-0030670,WR,Bennie Fowler,Bennie,Fowler,Elbow,,Out,Elbow,,Did Not Participate In Practice,2016-09-16T12:03:47Z
2016,REG,DEN,2,00-0032147,T,Ty Sambrailo,Ty,Sambrailo,Elbow,Ankle,Questionable,Elbow,Ankle,Limited Participation in Practice,2016-09-16T12:03:37Z
2016,REG,DEN,2,00-0027874,WR,Demaryius Thomas,Demaryius,Thomas,Hip,,Questionable,Hip,,Limited Participation in Practice,2016-09-16T12:03:37Z
2016,REG,DEN,2,00-0029586,DE,Derek Wolfe,Derek,Wolfe,Neck,,Questionable,Neck,,Limited Participation in Practice,2016-09-16T12:03:37Z
2016,REG,DET,2,00-0027050,LB,DeAndre Levy,DeAndre,Levy,Quadricep,,Doubtful,Quadricep,,Did Not Participate In Practice,2016-09-16T13:00:32Z
2016,REG,DET,2,00-0030059,DE,Ezekiel Ansah,Ezekiel,Ansah,Shoulder,,Questionable,Shoulder,,Full Participation in Practice,2016-09-16T13:00:26Z
2016,REG,DET,2,00-0032552,CB,Adairius Barnes,Adairius,Barnes,Ankle,,Questionable,Ankle,,Limited Participation in Practice,2016-09-16T13:00:26Z
2016,REG,DET,2,00-0032562,TE,Cole Wick,Cole,Wick,Shoulder,,Questionable,Shoulder,,Limited Participation in Practice,2016-09-16T13:00:26Z
2016,REG,GB,2,00-0031001,WR,Jeff Janis,Jeff,Janis,,,,Hand,,Full Participation in Practice,2016-09-16T12:57:30Z
2016,REG,GB,2,00-0032635,CB,Josh Hawkins,Josh,Hawkins,Hamstring,,Out,Hamstring,,Did Not Participate In Practice,2016-09-16T12:58:19Z
2016,REG,GB,2,00-0029747,S,Chris Banjo,Chris,Banjo,Hamstring,,Doubtful,Hamstring,,Did Not Participate In Practice,2016-09-16T12:58:01Z
2016,REG,GB,2,00-0030752,LB,Jayrone Elliott,Jayrone,Elliott,Hamstring,,Doubtful,Hamstring,,Did Not Participate In Practice,2016-09-16T12:58:09Z
2016,REG,GB,2,00-0027440,CB,Sam Shields,Sam,Shields,Concussion,,Doubtful,Concussion,,Did Not Participate In Practice,2016-09-16T12:58:36Z
2016,REG,GB,2,00-0032423,WR,Trevor Davis,Trevor,Davis,Shoulder,,Questionable,Shoulder,,Full Participation in Practice,2016-09-16T12:57:46Z
2016,REG,HOU,2,00-0031085,RB,Jay Prosch,Jay,Prosch,,,,Ankle,,Full Participation in Practice,2016-09-16T12:30:15Z
2016,REG,HOU,2,00-0030442,LB,John Simon,John,Simon,,,,Wrist,,Full Participation in Practice,2016-09-16T12:30:15Z
2016,REG,HOU,2,00-0027949,DE,J.J. Watt,J.J.,Watt,,,,Back,,Limited Participation in Practice,2016-09-16T12:30:15Z
2016,REG,HOU,2,00-0026166,T,Duane Brown,Duane,Brown,Knee,,Out,Knee,,Did Not Participate In Practice,2016-09-16T12:31:03Z
2016,REG,HOU,2,00-0026991,LB,Brian Cushing,Brian,Cushing,Knee,,Out,Knee,,Did Not Participate In Practice,2016-09-16T12:31:12Z
2016,REG,HOU,2,00-0031619,DE,Christian Covington,Christian,Covington,Groin,,Questionable,Groin,,Did Not Participate In Practice,2016-09-16T12:30:47Z
2016,REG,HOU,2,00-0028152,T,Derek Newton,Derek,Newton,Knee,,Questionable,Knee,,Did Not Participate In Practice,2016-09-16T12:30:47Z
2016,REG,HOU,2,00-0029524,G,Jeff Allen,Jeff,Allen,Calf,,Questionable,Calf,,Limited Participation in Practice,2016-09-16T12:30:47Z
2016,REG,IND,2,00-0030649,C,Jonotthan Harrison,Jonotthan,Harrison,,,,Back,,Full Participation in Practice,2016-09-16T10:19:27Z
2016,REG,IND,2,00-0029608,WR,T.Y. Hilton,T.Y.,Hilton,,,,Knee,,Full Participation in Practice,2016-09-16T10:24:39Z
2016,REG,IND,2,00-0024249,LB,D'Qwell Jackson,D'Qwell,Jackson,,,,Not Injury Related,Resting Veteran,Full Participation in Practice,2016-09-16T10:25:35Z
2016,REG,IND,2,00-0029668,QB,Andrew Luck,Andrew,Luck,,,,Right Shoulder,,Full Participation in Practice,2016-09-16T10:26:47Z
2016,REG,IND,2,00-0026408,T,Joe Reitz,Joe,Reitz,,,,Back,,Full Participation in Practice,2016-09-16T10:19:27Z
2016,REG,IND,2,00-0027001,CB,Vontae Davis,Vontae,Davis,Ankle,,Out,Ankle,,Did Not Participate In Practice,2016-09-16T10:23:20Z
2016,REG,IND,2,00-0033059,S,T.J. Green,T.J.,Green,Knee,,Out,Knee,,Did Not Participate In Practice,2016-09-16T10:24:02Z
2016,REG,IND,2,00-0027882,CB,Patrick Robinson,Patrick,Robinson,Concussion,,Out,Concussion,,Did Not Participate In Practice,2016-09-16T10:28:01Z
2016,REG,IND,2,00-0032269,DT,Henry Anderson,Henry,Anderson,Knee,,Out,Knee,,Full Participation in Practice,2016-09-16T10:20:34Z
2016,REG,IND,2,00-0023579,LB,Trent Cole,Trent,Cole,Back,,Doubtful,Back,,Did Not Participate In Practice,2016-09-16T10:32:59Z
2016,REG,IND,2,00-0026206,DE,Kendall Langford,Kendall,Langford,Knee,,Questionable,Knee,,Did Not Participate In Practice,2016-09-16T10:19:58Z
2016,REG,IND,2,00-0027017,CB,Darius Butler,Darius,Butler,Ankle,,Questionable,Ankle,,Full Participation in Practice,2016-09-16T10:21:37Z
2016,REG,IND,2,00-0024234,CB,Antonio Cromartie,Antonio,Cromartie,Hamstring,,Questionable,Hamstring,,Full Participation in Practice,2016-09-16T10:19:58Z
2016,REG,IND,2,00-0031105,DT,Zach Kerr,Zach,Kerr,Foot,,Questionable,Foot,,Full Participation in Practice,2016-09-16T10:19:58Z
2016,REG,IND,2,00-0031571,S,Clayton Geathers,Clayton,Geathers,Foot,,Questionable,Foot,,Limited Participation in Practice,2016-09-16T10:19:58Z
2016,REG,IND,2,00-0022059,LB,Robert Mathis,Robert,Mathis,Foot,,Questionable,Foot,,Limited Participation in Practice,2016-09-16T10:19:58Z
2016,REG,JAX,2,00-0032052,DE,Dante Fowler,Dante,Fowler,,,,Illness,,Full Participation in Practice,2016-09-16T13:39:15Z
2016,REG,JAX,2,00-0026839,T,Jermey Parnell,Jermey,Parnell,,,,Groin,,Full Participation in Practice,2016-09-16T13:39:21Z
2016,REG,JAX,2,00-0033055,CB,Jalen Ramsey,Jalen,Ramsey,,,,Ankle,,Full Participation in Practice,2016-09-16T13:39:00Z
2016,REG,JAX,2,00-0028067,TE,Julius Thomas,Julius,Thomas,,,,Ankle,,Full Participation in Practice,2016-09-16T13:39:00Z
2016,REG,JAX,2,00-0027957,CB,Prince Amukamara,Prince,Amukamara,Hamstring,,Out,Hamstring,,Did Not Participate In Practice,2016-09-16T13:39:39Z
2016,REG,JAX,2,00-0027531,RB,Chris Ivory,Chris,Ivory,Not Injury Related,,Out,Not Injury Related,,Did Not Participate In Practice,2016-09-16T13:39:45Z
2016,REG,KC,2,00-0024235,LB,Tamba Hali,Tamba,Hali,,,,Knee,,Did Not Participate In Practice,2016-09-16T12:21:48Z
2016,REG,KC,2,00-0026995,WR,Jeremy Maclin,Jeremy,Maclin,,,,Not Injury Related,,Did Not Participate In Practice,2016-09-15T14:19:48Z
2016,REG,KC,2,00-0030414,RB,Spencer Ware,Spencer,Ware,,,,Toe,,Full Participation in Practice,2016-09-16T12:21:20Z
2016,REG,KC,2,00-0030119,LB,Sam Barrington,Sam,Barrington,Hamstring,,Out,Hamstring,,Did Not Participate In Practice,2016-09-16T12:22:06Z
2016,REG,KC,2,00-0031022,G,Laurent Duvernay-Tardif,Laurent,Duvernay-Tardif,Ankle,,Out,Ankle,,Did Not Participate In Practice,2016-09-16T12:22:20Z
2016,REG,KC,2,00-0032771,G,Parker Ehinger,Parker,Ehinger,Concussion,,Out,Concussion,,Did Not Participate In Practice,2016-09-16T12:22:26Z
2016,REG,KC,2,00-0026213,RB,Jamaal Charles,Jamaal,Charles,Knee,,Doubtful,Knee,,Limited Participation in Practice,2016-09-16T12:22:13Z
2016,REG,LA,2,00-0032241,RB,Todd Gurley,Todd,Gurley,,,,Rest,,Full Participation in Practice,2016-09-16T13:52:17Z
2016,REG,LA,2,00-0031394,CB,E.J. Gaines,E.J.,Gaines,Thigh,,Out,Thigh,,Did Not Participate In Practice,2016-09-16T13:53:50Z
2016,REG,LA,2,00-0032685,WR,Nelson Spruce,Nelson,Spruce,Knee,,Out,Knee,,Did Not Participate In Practice,2016-09-16T13:54:09Z
2016,REG,LA,2,00-0033111,WR,Pharoh Cooper,Pharoh,Cooper,Shoulder,,Doubtful,Shoulder,,Limited Participation in Practice,2016-09-16T13:53:40Z
2016,REG,LA,2,00-0029630,DT,Michael Brockers,Michael,Brockers,Thigh,,Questionable,Thigh,,Full Participation in Practice,2016-09-16T13:53:30Z
2016,REG,LA,2,00-0031389,CB,Lamarcus Joyner,Lamarcus,Joyner,Foot,,Questionable,Foot,,Full Participation in Practice,2016-09-16T13:53:30Z
2016,REG,MIA,2,00-0027953,C,Mike Pouncey,Mike,Pouncey,Hip,,Out,Hip,,Did Not Participate In Practice,2016-09-16T12:26:25Z
2016,REG,MIA,2,00-0028040,TE,Jordan Cameron,Jordan,Cameron,Thigh,,Questionable,Thigh,,Full Participation in Practice,2016-09-16T12:26:11Z
2016,REG,MIA,2,00-0026796,RB,Arian Foster,Arian,Foster,Hamstring,,Questionable,Hamstring,,Full Participation in Practice,2016-09-16T12:26:11Z
2016,REG,MIA,2,00-0028368,LB,Spencer Paysinger,Spencer,Paysinger,Biceps,,Questionable,Biceps,,Full Participation in Practice,2016-09-16T12:26:11Z
2016,REG,MIA,2,00-0031557,DT,Jordan Phillips,Jordan,Phillips,Ankle,,Questionable,Ankle,,Full Participation in Practice,2016-09-16T12:26:11Z
2016,REG,MIA,2,00-0023750,DE,Mario Williams,Mario,Williams,Concussion,,Questionable,Concussion,,Full Participation in Practice,2016-09-16T12:26:11Z
2016,REG,MIA,2,00-0033050,CB,Xavien Howard,Xavien,Howard,Knee,,Questionable,Knee,,Limited Participation in Practice,2016-09-16T12:26:11Z
2016,REG,MIA,2,00-0030384,LB,Jelani Jenkins,Jelani,Jenkins,Knee,,Questionable,Knee,,Limited Participation in Practice,2016-09-16T12:26:11Z
2016,REG,MIA,2,00-0031547,WR,DeVante Parker,DeVante,Parker,Hamstring,,Questionable,Hamstring,,Limited Participation in Practice,2016-09-16T12:26:11Z
2016,REG,MIN,2,00-0031765,C,Nick Easton,Nick,Easton,,,,Ankle,,Full Participation in Practice,2016-09-16T12:16:37Z
2016,REG,MIN,2,00-0029587,TE,Rhett Ellison,Rhett,Ellison,,,,Knee,,Full Participation in Practice,2016-09-16T12:16:16Z
2016,REG,MIN,2,00-0030113,WR,Charles Johnson,Charles,Johnson,,,,Quadricep,,Full Participation in Practice,2016-09-16T12:16:16Z
2016,REG,MIN,2,00-0031554,LB,Eric Kendricks,Eric,Kendricks,,,,Ankle,,Full Participation in Practice,2016-09-16T12:16:16Z
2016,REG,MIN,2,00-0031376,RB,Jerick McKinnon,Jerick,McKinnon,,,,Foot,Fibula,Full Participation in Practice,2016-09-16T12:16:16Z
2016,REG,MIN,2,00-0025394,RB,Adrian Peterson,Adrian,Peterson,,,,Ankle,,Full Participation in Practice,2016-09-16T12:16:16Z
2016,REG,MIN,2,00-0027981,TE,Kyle Rudolph,Kyle,Rudolph,,,,Knee,,Full Participation in Practice,2016-09-16T12:16:16Z
2016,REG,MIN,2,00-0030574,DT,Sharrif Floyd,Sharrif,Floyd,Knee,,Out,Knee,,Did Not Participate In Practice,2016-09-16T12:17:42Z
2016,REG,MIN,2,00-0031585,TE,MyCole Pruitt,MyCole,Pruitt,Knee,,Out,Knee,,Did Not Participate In Practice,2016-09-16T12:17:00Z
2016,REG,MIN,2,00-0030575,CB,Xavier Rhodes,Xavier,Rhodes,Knee,,Out,Knee,,Did Not Participate In Practice,2016-09-16T12:17:25Z
2016,REG,MIN,2,00-0029687,T,Matt Kalil,Matt,Kalil,Hip,,Questionable,Hip,,Limited Participation in Practice,2016-09-16T12:16:40Z
2016,REG,NE,2,00-0031555,CB,Eric Rowe,Eric,Rowe,Ankle,,Out,Ankle,,Did Not Participate In Practice,2016-09-16T13:09:35Z
2016,REG,NE,2,00-0029669,LB,Dont'a Hightower,Dont'a,Hightower,Knee,,Doubtful,Knee,,Did Not Participate In Practice,2016-09-16T13:09:50Z
2016,REG,NE,2,00-0028237,WR,Chris Hogan,Chris,Hogan,Shoulder,,Questionable,Shoulder,,Full Participation in Practice,2016-09-16T13:09:21Z
2016,REG,NE,2,00-0031218,CB,Malcolm Butler,Malcolm,Butler,Ankle,,Questionable,Ankle,,Limited Participation in Practice,2016-09-16T13:09:21Z
2016,REG,NE,2,00-0028076,T,Marcus Cannon,Marcus,Cannon,Knee,,Questionable,Knee,,Limited Participation in Practice,2016-09-16T13:09:21Z
2016,REG,NE,2,00-0030590,G,Jonathan Cooper,Jonathan,Cooper,Foot,,Questionable,Foot,,Limited Participation in Practice,2016-09-16T13:09:21Z
2016,REG,NE,2,00-0031566,DE,Trey Flowers,Trey,Flowers,Shoulder,,Questionable,Shoulder,,Limited Participation in Practice,2016-09-16T13:09:21Z
2016,REG,NE,2,00-0027656,TE,Rob Gronkowski,Rob,Gronkowski,Hamstring,,Questionable,Hamstring,,Limited Participation in Practice,2016-09-16T13:09:21Z
2016,REG,NE,2,00-0031580,G,Shaquille Mason,Shaquille,Mason,Hand,,Questionable,Hand,,Limited Participation in Practice,2016-09-16T13:09:21Z
2016,REG,NE,2,00-0029250,LB,Shea McClellin,Shea,McClellin,Shoulder,,Questionable,Shoulder,,Limited Participation in Practice,2016-09-16T13:09:21Z
2016,REG,NE,2,00-0027955,T,Nate Solder,Nate,Solder,Hamstring,,Questionable,Hamstring,,Limited Participation in Practice,2016-09-16T13:09:21Z
2016,REG,NO,2,00-0031474,CB,Delvin Breaux,Delvin,Breaux,Fibula,,Out,Fibula,,Did Not Participate In Practice,2016-09-16T13:00:58Z
2016,REG,NO,2,00-0026857,LB,Dannell Ellerbe,Dannell,Ellerbe,Quadricep,,Out,Quadricep,,Did Not Participate In Practice,2016-09-16T13:01:07Z
2016,REG,NO,2,00-0030216,TE,Josh Hill,Josh,Hill,Ankle,,Out,Ankle,,Did Not Participate In Practice,2016-09-16T13:01:15Z
2016,REG,NO,2,00-0030067,T,Terron Armstead,Terron,Armstead,Quadricep,,Questionable,Quadricep,,Limited Participation in Practice,2016-09-16T13:00:45Z
2016,REG,NYG,2,00-0029693,DE,Olivier Vernon,Olivier,Vernon,,,,Wrist,,Limited Participation in Practice,2016-09-16T12:17:22Z
2016,REG,NYG,2,00-0031006,DT,Robert Thomas,Robert,Thomas,Illness,,Out,Illness,,Did Not Participate In Practice,2016-09-16T11:12:34Z
2016,REG,NYG,2,00-0027867,DE,Jason Pierre-Paul,Jason,Pierre-Paul,Shoulder,,Questionable,Shoulder,,Did Not Participate In Practice,2016-09-16T11:12:23Z
2016,REG,NYJ,2,00-0026298,TE,Kellen Davis,Kellen,Davis,,,,Neck,Ribs,Full Participation in Practice,2016-09-14T09:45:52Z
2016,REG,NYJ,2,00-0031023,WR,Quincy Enunwa,Quincy,Enunwa,,,,Ribs,,Full Participation in Practice,2016-09-14T09:45:52Z
2016,REG,NYJ,2,00-0027979,DE,Jarvis Jenkins,Jarvis,Jenkins,,,,Knee,,Full Participation in Practice,2016-09-14T09:45:52Z
2016,REG,NYJ,2,00-0024334,WR,Brandon Marshall,Brandon,Marshall,,,,Hip,,Full Participation in Practice,2016-09-14T09:45:52Z
2016,REG,NYJ,2,00-0031151,CB,Marcus Williams,Marcus,Williams,,,,Shoulder,,Full Participation in Practice,2016-09-14T09:45:52Z
2016,REG,NYJ,2,00-0030066,G,Brian Winters,Brian,Winters,,,,Hand,Groin,Full Participation in Practice,2016-09-14T09:45:52Z
2016,REG,NYJ,2,00-0031568,QB,Bryce Petty,Bryce,Petty,right Shoulder,,Out,right Shoulder,,Did Not Participate In Practice,2016-09-14T09:46:34Z
2016,REG,NYJ,2,00-0032970,LB,Jordan Jenkins,Jordan,Jenkins,Calf,,Doubtful,Calf,,Did Not Participate In Practice,2016-09-14T09:46:29Z
2016,REG,NYJ,2,00-0031628,CB,Darryl Roberts,Darryl,Roberts,Foot,,Doubtful,Foot,,Limited Participation in Practice,2016-09-14T09:46:44Z
2016,REG,NYJ,2,00-0027978,LB,Bruce Carter,Bruce,Carter,Shoulder,,Questionable,Shoulder,,Limited Participation in Practice,2016-09-14T09:46:09Z
2016,REG,NYJ,2,00-0025434,LB,David Harris,David,Harris,Shoulder,,Questionable,Shoulder,,Limited Participation in Practice,2016-09-14T09:45:55Z
2016,REG,NYJ,2,00-0027968,DE,Muhammad Wilkerson,Muhammad,Wilkerson,Ankle,Toe,Questionable,Ankle,Toe,Limited Participation in Practice,2016-09-14T09:45:55Z
2016,REG,OAK,2,00-0027297,T,Austin Howard,Austin,Howard,,,,Ankle,,Full Participation in Practice,2016-09-16T12:25:12Z
2016,REG,OAK,2,00-0029302,T,Matt McCants,Matt,McCants,Knee,,Doubtful,Knee,,Did Not Participate In Practice,2016-09-16T12:26:00Z
2016,REG,OAK,2,00-0030579,T,Menelik Watson,Menelik,Watson,Groin,,Doubtful,Groin,,Did Not Participate In Practice,2016-09-16T12:26:04Z
2016,REG,OAK,2,00-0027993,C,Rodney Hudson,Rodney,Hudson,Knee,,Questionable,Knee,,Full Participation in Practice,2016-09-16T12:25:36Z
2016,REG,OAK,2,00-0031367,G,Gabe Jackson,Gabe,Jackson,Knee,,Questionable,Knee,,Full Participation in Practice,2016-09-16T12:25:36Z
2016,REG,OAK,2,00-0028063,RB,Taiwan Jones,Taiwan,Jones,Concussion,,Questionable,Concussion,,Full Participation in Practice,2016-09-16T12:25:36Z
2016,REG,PHI,2,00-0030465,RB,Kenjon Barner,Kenjon,Barner,,,,Not Injury Related,,Full Participation in Practice,2016-09-16T11:21:57Z
2016,REG,PHI,2,00-0030710,TE,Trey Burton,Trey,Burton,,,,Calf,,Full Participation in Practice,2016-09-17T11:02:52Z
2016,REG,PHI,2,00-0032724,WR,Bryce Treggs,Bryce,Treggs,,,,Knee,,Full Participation in Practice,2016-09-17T11:02:52Z
2016,REG,PHI,2,00-0030061,TE,Zach Ertz,Zach,Ertz,Rib,,Out,Rib,,Did Not Participate In Practice,2016-09-17T11:03:45Z
2016,REG,PHI,2,00-0026151,CB,Leodis McKelvin,Leodis,McKelvin,Hamstring,,Out,Hamstring,,Did Not Participate In Practice,2016-09-17T11:03:50Z
2016,REG,PIT,2,00-0024242,RB,DeAngelo Williams,DeAngelo,Williams,,,,Not Injury Related,,Did Not Participate In Practice,2016-09-14T13:04:50Z
2016,REG,PIT,2,00-0032105,CB,Senquez Golson,Senquez,Golson,Foot,,Out,Foot,,Did Not Participate In Practice,2016-09-16T10:33:50Z
2016,REG,PIT,2,00-0030741,RB,Roosevelt Nix,Roosevelt,Nix,Back,,Out,Back,,Did Not Participate In Practice,2016-09-16T10:33:55Z
2016,REG,PIT,2,00-0026247,C,Cody Wallace,Cody,Wallace,Knee,,Out,Knee,,Did Not Participate In Practice,2016-09-16T10:34:08Z
2016,REG,PIT,2,00-0031365,LB,Ryan Shazier,Ryan,Shazier,Knee,,Questionable,Knee,,Full Participation in Practice,2016-09-16T10:34:04Z
2016,REG,PIT,2,00-0030460,WR,Markus Wheaton,Markus,Wheaton,Shoulder,,Questionable,Shoulder,,Limited Participation in Practice,2016-09-16T10:33:45Z
2016,REG,SD,2,00-0032081,LB,Nick Dzubnar,Nick,Dzubnar,,,,Knee,,Full Participation in Practice,2016-09-16T14:20:49Z
2016,REG,SD,2,00-0031334,CB,Jason Verrett,Jason,Verrett,,,,Calf,,Full Participation in Practice,2016-09-16T14:20:58Z
2016,REG,SD,2,00-0033156,DE,Joey Bosa,Joey,Bosa,Hamstring,,Out,Hamstring,,Did Not Participate In Practice,2016-09-16T14:21:22Z
2016,REG,SEA,2,00-0027696,TE,Jimmy Graham,Jimmy,Graham,,,,Knee,,Full Participation in Practice,2016-09-16T14:29:31Z
2016,REG,SEA,2,00-0029263,QB,Russell Wilson,Russell,Wilson,,,,Ankle,,Full Participation in Practice,2016-09-16T14:29:31Z
2016,REG,SEA,2,00-0032384,G,Germain Ifedi,Germain,Ifedi,Ankle,,Out,Ankle,,Did Not Participate In Practice,2016-09-16T13:28:08Z
2016,REG,SEA,2,00-0032394,TE,Nick Vannett,Nick,Vannett,Ankle,,Out,Ankle,,Did Not Participate In Practice,2016-09-16T13:27:51Z
2016,REG,SEA,2,00-0027609,T,J'Marcus Webb,J'Marcus,Webb,Ankle,,Questionable,Ankle,,Did Not Participate In Practice,2016-09-16T13:28:34Z
2016,REG,SEA,2,00-0032393,RB,C.J. Prosise,C.J.,Prosise,Wrist,,Questionable,Wrist,,Full Participation in Practice,2016-09-16T13:28:23Z
2016,REG,SF,2,00-0032164,DT,Arik Armstead,Arik,Armstead,,,,Shoulder,Knee,Full Participation in Practice,2016-09-16T10:21:59Z
2016,REG,SF,2,00-0028292,LB,Nick Bellore,Nick,Bellore,,,,Knee,,Full Participation in Practice,2016-09-16T10:22:06Z
2016,REG,SF,2,00-0030088,DT,Quinton Dial,Quinton,Dial,,,,Knee,,Full Participation in Practice,2016-09-16T10:22:19Z
2016,REG,SF,2,00-0026145,DT,Glenn Dorsey,Glenn,Dorsey,,,,Knee,,Full Participation in Practice,2016-09-16T10:22:25Z
2016,REG,SF,2,00-0027863,T,Anthony Davis,Anthony,Davis,Concussion,,Out,Concussion,,Did Not Participate In Practice,2016-09-16T10:23:21Z
2016,REG,SF,2,00-0030317,S,Marcus Cromartie,Marcus,Cromartie,Ankle,,Questionable,Ankle,,Limited Participation in Practice,2016-09-16T10:23:05Z
2016,REG,SF,2,00-0030917,CB,Chris Davis,Chris,Davis,Hamstring,,Questionable,Hamstring,,Limited Participation in Practice,2016-09-16T10:24:03Z
2016,REG,SF,2,00-0031020,CB,Keith Reaser,Keith,Reaser,Ankle,,Questionable,Ankle,,Limited Participation in Practice,2016-09-16T10:24:21Z
2016,REG,SF,2,00-0029661,G,Andrew Tiller,Andrew,Tiller,Ankle,,Questionable,Ankle,,Limited Participation in Practice,2016-09-16T10:24:38Z
2016,REG,TB,2,00-0032789,LB,Devante Bond,Devante,Bond,Hamstring,,Questionable,Hamstring,,Full Participation in Practice,2016-09-16T12:55:49Z
2016,REG,TB,2,00-0029562,LB,Lavonte David,Lavonte,David,Shoulder,,Questionable,Shoulder,,Full Participation in Practice,2016-09-16T12:55:49Z
2016,REG,TB,2,00-0032772,S,Ryan Smith,Ryan,Smith,Hand,,Questionable,Hand,,Full Participation in Practice,2016-09-16T12:55:49Z
2016,REG,TB,2,00-0031120,LB,Adarius Taylor,Adarius,Taylor,Knee,,Questionable,Knee,,Full Participation in Practice,2016-09-16T12:55:49Z
2016,REG,TB,2,00-0026994,DE,Robert Ayers,Robert,Ayers,Ankle,,Questionable,Ankle,,Limited Participation in Practice,2016-09-16T12:55:49Z
2016,REG,TEN,2,00-0027868,LB,Derrick Morgan,Derrick,Morgan,Hamstring,,Out,Hamstring,,Did Not Participate In Practice,2016-09-16T10:39:23Z
2016,REG,TEN,2,00-0029708,WR,Kendall Wright,Kendall,Wright,Hamstring,,Out,Hamstring,,Did Not Participate In Practice,2016-09-16T10:39:30Z
2016,REG,WAS,2,00-0027083,S,David Bruton,David,Bruton,,,,Chest,,Full Participation in Practice,2016-09-16T11:03:13Z
2016,REG,WAS,2,00-0030033,LB,Terence Garvin,Terence,Garvin,,,,Illness,,Full Participation in Practice,2016-09-16T11:03:33Z
2016,REG,WAS,2,00-0031939,RB,Matt Jones,Matt,Jones,,,,Shoulder,,Full Participation in Practice,2016-09-16T11:03:13Z
2016,REG,WAS,2,00-0031330,T,Morgan Moses,Morgan,Moses,,,,Knee,,Full Participation in Practice,2016-09-16T11:03:13Z
2016,REG,WAS,2,00-0031935,LB,Preston Smith,Preston,Smith,,,,Oblique,,Full Participation in Practice,2016-09-16T11:03:13Z
2016,REG,WAS,2,00-0029256,DE,Kendall Reyes,Kendall,Reyes,Groin,,Out,Groin,,Did Not Participate In Practice,2016-09-16T11:05:03Z
2016,REG,WAS,2,00-0031945,LB,Martrell Spaight,Martrell,Spaight,Concussion,,Out,Concussion,,Limited Participation in Practice,2016-09-16T11:05:09Z
2016,REG,WAS,2,00-0027857,T,Trent Williams,Trent,Williams,Glute,,Questionable,Glute,,Did Not Participate In Practice,2016-09-16T11:04:39Z
2016,REG,WAS,2,00-0026512,DE,Chris Baker,Chris,Baker,Rib,Elbow,Questionable,Rib,Elbow,Full Participation in Practice,2016-09-16T11:04:39Z
2016,REG,WAS,2,00-0032767,S,Su'a Cravens,Su'a,Cravens,Hip,,Questionable,Hip,,Full Participation in Practice,2016-09-16T11:04:39Z
2016,REG,WAS,2,00-0032760,WR,Josh Doctson,Josh,Doctson,Achilles,,Questionable,Achilles,,Full Participation in Practice,2016-09-16T11:04:39Z
2016,REG,ARI,3,00-0022921,WR,Larry Fitzgerald,Larry,Fitzgerald,,,,Knee,,Full Participation in Practice,2016-09-23T13:18:27Z
2016,REG,ARI,3,00-0030459,S,Tyrann Mathieu,Tyrann,Mathieu,,,,Knee,,Full Participation in Practice,2016-09-23T13:18:38Z
2016,REG,ARI,3,00-0030382,LB,Kevin Minter,Kevin,Minter,,,,Ankle,,Full Participation in Practice,2016-09-23T13:18:27Z
2016,REG,ARI,3,00-0032112,WR,J.J. Nelson,J.J.,Nelson,,,,Shoulder,,Full Participation in Practice,2016-09-23T13:18:27Z
2016,REG,ARI,3,00-0027674,T,Jared Veldheer,Jared,Veldheer,,,,Fibula,,Full Participation in Practice,2016-09-23T13:18:27Z
2016,REG,ARI,3,00-0023514,G,Evan Mathis,Evan,Mathis,Foot,Toe,Out,Foot,Toe,Did Not Participate In Practice,2016-09-23T13:19:13Z
2016,REG,ARI,3,00-0031050,LB,Kareem Martin,Kareem,Martin,Knee,,Doubtful,Knee,,Did Not Participate In Practice,2016-09-23T13:19:03Z
2016,REG,ARI,3,00-0024306,DT,Frostee Rucker,Frostee,Rucker,Knee,,Doubtful,Knee,,Did Not Participate In Practice,2016-09-23T13:19:26Z
2016,REG,ARI,3,00-0029530,CB,Justin Bethel,Justin,Bethel,Foot,,Questionable,Foot,,Limited Participation in Practice,2016-09-23T13:18:51Z
2016,REG,ARI,3,00-0032761,DT,Robert Nkemdiche,Robert,Nkemdiche,Ankle,,Questionable,Ankle,,Limited Participation in Practice,2016-09-23T13:18:41Z
2016,REG,ATL,3,00-0021146,DE,Dwight Freeney,Dwight,Freeney,,,,Not Injury Related,,Full Participation in Practice,2016-09-24T09:54:29Z
2016,REG,ATL,3,00-0031281,DT,Ra'Shede Hageman,Ra'Shede,Hageman,,,,Illness,,Full Participation in Practice,2016-09-24T09:54:29Z
2016,REG,ATL,3,00-0031570,WR,Justin Hardy,Justin,Hardy,,,,Shoulder,,Full Participation in Practice,2016-09-24T09:54:36Z
2016,REG,ATL,3,00-0030427,S,Kemal Ishmael,Kemal,Ishmael,,,,Shoulder,,Full Participation in Practice,2016-09-24T09:54:29Z
2016,REG,ATL,3,00-0026980,DE,Tyson Jackson,Tyson,Jackson,,,,Heel,,Full Participation in Practice,2016-09-24T09:54:29Z
2016,REG,ATL,3,00-0031583,DT,Grady Jarrett,Grady,Jarrett,,,,Elbow,,Full Participation in Practice,2016-09-24T09:54:29Z
2016,REG,ATL,3,00-0032382,S,Keanu Neal,Keanu,Neal,,,,Knee,,Full Participation in Practice,2016-09-24T09:54:51Z
2016,REG,ATL,3,00-0029632,WR,Mohamed Sanu,Mohamed,Sanu,,,,Ankle,,Full Participation in Practice,2016-09-24T09:54:58Z
2016,REG,ATL,3,00-0027980,DE,Brooks Reed,Brooks,Reed,,,,Shoulder,,Limited Participation in Practice,2016-09-24T09:54:29Z
2016,REG,ATL,3,00-0032401,LB,De'Vondre Campbell,De'Vondre,Campbell,Ankle,,Out,Ankle,,Did Not Participate In Practice,2016-09-24T09:55:08Z
2016,REG,ATL,3,00-0029792,LB,Paul Worrilow,Paul,Worrilow,Groin,,Out,Groin,,Did Not Participate In Practice,2016-09-24T09:56:02Z
2016,REG,ATL,3,00-0027944,WR,Julio Jones,Julio,Jones,Calf,,Questionable,Calf,,Limited Participation in Practice,2016-09-24T09:55:01Z
2016,REG,BAL,3,00-0026223,C,Jeremy Zuttah,Jeremy,Zuttah,,,,Not Injury Related,,Did Not Participate In Practice,2016-09-23T11:08:21Z
2016,REG,BAL,3,00-0022161,LB,Terrell Suggs,Terrell,Suggs,,,,Not Injury Related,,Full Participation in Practice,2016-09-23T11:08:39Z
2016,REG,BAL,3,00-0025473,G,Marshal Yanda,Marshal,Yanda,,,,Not Injury Related,,Full Participation in Practice,2016-09-23T11:08:46Z
2016,REG,BAL,3,00-0032411,RB,Kenneth Dixon,Kenneth,Dixon,Knee,,Out,Knee,,Did Not Participate In Practice,2016-09-23T11:09:10Z
2016,REG,BAL,3,00-0024341,LB,Elvis Dumervil,Elvis,Dumervil,Foot,,Questionable,Foot,,Did Not Participate In Practice,2016-09-23T11:08:48Z
2016,REG,BAL,3,00-0032965,T,Ronnie Stanley,Ronnie,Stanley,Foot,,Questionable,Foot,,Full Participation in Practice,2016-09-23T11:08:48Z
2016,REG,BAL,3,00-0030996,G,John Urschel,John,Urschel,Shoulder,,Questionable,Shoulder,,Full Participation in Practice,2016-09-23T11:08:48Z
2016,REG,BUF,3,00-0026578,S,Colt Anderson,Colt,Anderson,Foot,,Out,Foot,,Did Not Participate In Practice,2016-09-23T11:43:59Z
2016,REG,BUF,3,00-0029561,T,Cordy Glenn,Cordy,Glenn,Ankle,,Out,Ankle,,Did Not Participate In Practice,2016-09-23T11:44:04Z
2016,REG,BUF,3,00-0031325,WR,Sammy Watkins,Sammy,Watkins,Foot,,Questionable,Foot,,Did Not Participate In Practice,2016-09-23T11:43:52Z
2016,REG,BUF,3,00-0028112,TE,Charles Clay,Charles,Clay,Knee,,Questionable,Knee,,Limited Participation in Practice,2016-09-23T11:43:52Z
2016,REG,BUF,3,00-0032195,CB,Ronald Darby,Ronald,Darby,Hamstring,,Questionable,Hamstring,,Limited Participation in Practice,2016-09-23T11:43:52Z
2016,REG,BUF,3,00-0033098,QB,Cardale Jones,Cardale,Jones,right Shoulder,,Questionable,right Shoulder,,Limited Participation in Practice,2016-09-23T11:43:52Z
2016,REG,BUF,3,00-0028050,WR,Greg Salas,Greg,Salas,Groin,,Questionable,Groin,,Limited Participation in Practice,2016-09-23T11:43:52Z
2016,REG,CAR,3,00-0026153,RB,Jonathan Stewart,Jonathan,Stewart,Hamstring,,Out,Hamstring,,Did Not Participate In Practice,2016-09-23T12:17:35Z
2016,REG,CAR,3,00-0032994,LB,Jeremy Cash,Jeremy,Cash,Hamstring,,Doubtful,Hamstring,,Did Not Participate In Practice,2016-09-23T12:16:15Z
2016,REG,CAR,3,00-0030448,DT,Kawann Short,Kawann,Short,Shoulder,,Questionable,Shoulder,,Full Participation in Practice,2016-09-23T12:16:04Z
2016,REG,CAR,3,00-0031362,G,Trai Turner,Trai,Turner,Ankle,,Questionable,Ankle,,Full Participation in Practice,2016-09-23T12:16:04Z
2016,REG,CHI,3,00-0027657,LB,Lamarr Houston,Lamarr,Houston,,,,Knee,,Did Not Participate In Practice,2016-09-22T13:18:04Z
2016,REG,CHI,3,00-0027743,CB,Sherrick McManis,Sherrick,McManis,,,,Wrist,,Full Participation in Practice,2016-09-23T13:37:00Z
2016,REG,CHI,3,00-0029577,LB,Danny Trevathan,Danny,Trevathan,Thumb,,Out,Thumb,,Did Not Participate In Practice,2016-09-23T11:42:19Z
2016,REG,CHI,3,00-0031057,RB,Ka'Deem Carey,Ka'Deem,Carey,Hamstring,,Doubtful,Hamstring,,Did Not Participate In Practice,2016-09-23T11:41:56Z
2016,REG,CHI,3,00-0024226,QB,Jay Cutler,Jay,Cutler,right Thumb,,Doubtful,right Thumb,,Did Not Participate In Practice,2016-09-23T11:42:05Z
2016,REG,CHI,3,00-0031551,DT,Eddie Goldman,Eddie,Goldman,Ankle,,Doubtful,Ankle,,Did Not Participate In Practice,2016-09-23T11:41:39Z
2016,REG,CHI,3,00-0029528,T,Bobby Massie,Bobby,Massie,Toe,,Questionable,Toe,,Full Participation in Practice,2016-09-23T11:41:06Z
2016,REG,CHI,3,00-0026275,G,Josh Sitton,Josh,Sitton,Shoulder,,Questionable,Shoulder,,Full Participation in Practice,2016-09-23T11:41:06Z
2016,REG,CHI,3,00-0031048,DT,Will Sutton,Will,Sutton,Elbow,,Questionable,Elbow,,Full Participation in Practice,2016-09-23T11:41:06Z
2016,REG,CHI,3,00-0031584,S,Adrian Amos,Adrian,Amos,Concussion,,Questionable,Concussion,,Limited Participation in Practice,2016-09-23T11:41:25Z
2016,REG,CHI,3,00-0031904,CB,Bryce Callahan,Bryce,Callahan,Concussion,,Questionable,Concussion,,Limited Participation in Practice,2016-09-23T11:41:06Z
2016,REG,CHI,3,00-0031041,CB,Kyle Fuller,Kyle,Fuller,Knee,,Questionable,Knee,,Limited Participation in Practice,2016-09-23T11:41:06Z
2016,REG,CHI,3,00-0029137,WR,Alshon Jeffery,Alshon,Jeffery,Knee,,Questionable,Knee,,Limited Participation in Practice,2016-09-23T11:41:06Z
2016,REG,CHI,3,00-0026180,CB,Tracy Porter,Tracy,Porter,Knee,,Questionable,Knee,,Limited Participation in Practice,2016-09-23T11:41:06Z
2016,REG,CHI,3,00-0028059,S,Chris Prosinski,Chris,Prosinski,Calf,,Questionable,Calf,,Limited Participation in Practice,2016-09-23T11:41:06Z
2016,REG,CHI,3,00-0027808,LB,Willie Young,Willie,Young,Knee,,Questionable,Knee,,Limited Participation in Practice,2016-09-23T11:41:06Z
2016,REG,CIN,3,00-0027942,WR,A.J. Green,A.J.,Green,,,,Not Injury Related,,Did Not Participate In Practice,2016-09-21T12:44:56Z
2016,REG,CIN,3,00-0024270,T,Andrew Whitworth,Andrew,Whitworth,,,,Not Injury Related,,Did Not Participate In Practice,2016-09-21T12:45:27Z
2016,REG,CIN,3,00-0027973,QB,Andy Dalton,Andy,Dalton,,,,Hip,,Full Participation in Practice,2016-09-23T10:15:53Z
2016,REG,CIN,3,00-0029560,CB,Dre Kirkpatrick,Dre,Kirkpatrick,,,,Hamstring,,Full Participation in Practice,2016-09-23T10:15:53Z
2016,REG,CIN,3,00-0026217,DT,Pat Sims,Pat,Sims,,,,Heel,,Full Participation in Practice,2016-09-23T10:17:45Z
2016,REG,CIN,3,00-0032134,TE,C.J. Uzomah,C.J.,Uzomah,,,,Ribs,,Full Participation in Practice,2016-09-23T10:15:53Z
2016,REG,CIN,3,00-0031291,WR,James Wright,James,Wright,,,,Knee,,Full Participation in Practice,2016-09-23T10:18:38Z
2016,REG,CIN,3,00-0030549,TE,Tyler Eifert,Tyler,Eifert,Ankle,,Doubtful,Ankle,,Limited Participation in Practice,2016-09-23T10:16:17Z
2016,REG,CIN,3,00-0031380,CB,Darqueze Dennard,Darqueze,Dennard,Hamstring,,Questionable,Hamstring,,Full Participation in Practice,2016-09-23T10:16:35Z
2016,REG,CIN,3,00-0024281,G,Eric Winston,Eric,Winston,Back,,Questionable,Back,,Limited Participation in Practice,2016-09-23T10:16:58Z
2016,REG,CLE,3,00-0027991,DE,Stephen Paea,Stephen,Paea,,,,Elbow,,Full Participation in Practice,2016-09-23T08:28:07Z
2016,REG,CLE,3,00-0032143,DT,Danny Shelton,Danny,Shelton,,,,Knee,,Full Participation in Practice,2016-09-23T08:28:07Z
2016,REG,CLE,3,00-0031533,TE,Randall Telfer,Randall,Telfer,,,,Neck,,Full Participation in Practice,2016-09-23T08:28:07Z
2016,REG,CLE,3,00-0025390,T,Joe Thomas,Joe,Thomas,,,,Not Injury Related,,Full Participation in Practice,2016-09-22T11:04:03Z
2016,REG,CLE,3,00-0032198,S,Ibraheim Campbell,Ibraheim,Campbell,Hamstring,,Out,Hamstring,,Did Not Participate In Practice,2016-09-23T10:16:23Z
2016,REG,CLE,3,00-0032966,WR,Corey Coleman,Corey,Coleman,Hand,,Out,Hand,,Did Not Participate In Practice,2016-09-23T10:16:31Z
2016,REG,CLE,3,00-0032145,C,Cameron Erving,Cameron,Erving,Chest,lung,Out,Chest,lung,Did Not Participate In Practice,2016-09-23T10:16:40Z
2016,REG,CLE,3,00-0021206,QB,Josh McCown,Josh,McCown,left Shoulder,,Out,left Shoulder,,Did Not Participate In Practice,2016-09-23T10:16:53Z
2016,REG,CLE,3,00-0033129,DE,Carl Nassib,Carl,Nassib,Hand,,Out,Hand,,Did Not Participate In Practice,2016-09-23T10:17:16Z
2016,REG,CLE,3,00-0027860,CB,Joe Haden,Joe,Haden,Groin,,Questionable,Groin,,Did Not Participate In Practice,2016-09-23T10:16:06Z
2016,REG,CLE,3,00-0030626,K,Patrick Murray,Patrick,Murray,left Knee,,Questionable,left Knee,,Limited Participation in Practice,2016-09-23T10:16:06Z
2016,REG,DAL,3,00-0021678,QB,Tony Romo,Tony,Romo,Back,,Out,Back,,Did Not Participate In Practice,2016-09-23T12:14:45Z
2016,REG,DAL,3,00-0033075,DE,Charles Tapper,Charles,Tapper,Back,,Out,Back,,Did Not Participate In Practice,2016-09-23T12:14:54Z
2016,REG,DAL,3,00-0031961,LB,Mark Nzeocha,Mark,Nzeocha,Achilles,,Doubtful,Achilles,,Limited Participation in Practice,2016-09-23T12:14:35Z
2016,REG,DAL,3,00-0026283,CB,Orlando Scandrick,Orlando,Scandrick,Hamstring,Hamstring,Questionable,Hamstring,Hamstring,Did Not Participate In Practice,2016-09-23T12:13:55Z
2016,REG,DAL,3,00-0029627,DE,Jack Crawford,Jack,Crawford,Shoulder,,Questionable,Shoulder,,Full Participation in Practice,2016-09-23T12:13:55Z
2016,REG,DAL,3,00-0025509,T,Doug Free,Doug,Free,Quadricep,,Questionable,Quadricep,,Full Participation in Practice,2016-09-23T12:13:55Z
2016,REG,DAL,3,00-0027947,T,Tyron Smith,Tyron,Smith,Back,,Questionable,Back,,Limited Participation in Practice,2016-09-23T12:13:55Z
2016,REG,DEN,3,00-0029854,RB,C.J. Anderson,C.J.,Anderson,,,,Ribs,,Full Participation in Practice,2016-09-23T11:10:06Z
2016,REG,DEN,3,00-0031039,C,James Ferentz,James,Ferentz,,,,Knee,,Full Participation in Practice,2016-09-23T11:10:06Z
2016,REG,DEN,3,00-0032227,TE,Jeff Heuerman,Jeff,Heuerman,,,,Ankle,,Full Participation in Practice,2016-09-23T11:10:06Z
2016,REG,DEN,3,00-0032147,T,Ty Sambrailo,Ty,Sambrailo,,,,Elbow,Ankle,Full Participation in Practice,2016-09-23T11:10:06Z
2016,REG,DEN,3,00-0027874,WR,Demaryius Thomas,Demaryius,Thomas,,,,Hip,,Full Participation in Practice,2016-09-23T11:10:06Z
2016,REG,DEN,3,00-0029303,DE,Billy Winn,Billy,Winn,,,,Back,,Full Participation in Practice,2016-09-23T11:10:06Z
2016,REG,DEN,3,00-0028142,TE,Virgil Green,Virgil,Green,Calf,,Out,Calf,,Did Not Participate In Practice,2016-09-23T11:10:35Z
2016,REG,DEN,3,00-0029543,T,Donald Stephenson,Donald,Stephenson,Calf,,Out,Calf,,Did Not Participate In Practice,2016-09-23T11:10:49Z
2016,REG,DEN,3,00-0023445,LB,DeMarcus Ware,DeMarcus,Ware,Forearm,,Out,Forearm,,Did Not Participate In Practice,2016-09-23T11:10:57Z
2016,REG,DEN,3,00-0030670,WR,Bennie Fowler,Bennie,Fowler,Elbow,,Questionable,Elbow,,Limited Participation in Practice,2016-09-23T11:10:21Z
2016,REG,DEN,3,00-0031350,LB,Corey Nelson,Corey,Nelson,Ankle,,Questionable,Ankle,,Limited Participation in Practice,2016-09-23T11:10:21Z
2016,REG,DEN,3,00-0032971,S,Justin Simmons,Justin,Simmons,Hand,,Questionable,Hand,,Limited Participation in Practice,2016-09-23T11:10:21Z
2016,REG,DEN,3,00-0027812,LB,Dekoda Watson,Dekoda,Watson,Elbow,,Questionable,Elbow,,Limited Participation in Practice,2016-09-23T11:10:21Z
2016,REG,DET,3,00-0032562,TE,Cole Wick,Cole,Wick,,,,Shoulder,,Full Participation in Practice,2016-09-23T13:51:47Z
2016,REG,DET,3,00-0030059,DE,Ezekiel Ansah,Ezekiel,Ansah,Ankle,,Out,Ankle,,Did Not Participate In Practice,2016-09-23T12:53:38Z
2016,REG,DET,3,00-0027050,LB,DeAndre Levy,DeAndre,Levy,Quadricep,,Doubtful,Quadricep,,Did Not Participate In Practice,2016-09-23T12:53:59Z
2016,REG,DET,3,00-0032425,LB,Antwione Williams,Antwione,Williams,Hamstring,,Doubtful,Hamstring,,Did Not Participate In Practice,2016-09-23T12:53:45Z
2016,REG,DET,3,00-0030065,G,Larry Warford,Larry,Warford,Illness,,Questionable,Illness,,Did Not Participate In Practice,2016-09-23T12:53:32Z
2016,REG,DET,3,00-0031387,TE,Eric Ebron,Eric,Ebron,Back,,Questionable,Back,,Full Participation in Practice,2016-09-23T12:53:32Z
2016,REG,DET,3,00-0029672,T,Riley Reiff,Riley,Reiff,Ankle,,Questionable,Ankle,,Full Participation in Practice,2016-09-23T12:53:32Z
2016,REG,DET,3,00-0031360,LB,Kyle Van Noy,Kyle,Van Noy,Calf,,Questionable,Calf,,Full Participation in Practice,2016-09-23T12:53:32Z
2016,REG,DET,3,00-0029208,DT,Tyrunn Walker,Tyrunn,Walker,Calf,,Questionable,Calf,,Full Participation in Practice,2016-09-23T12:53:32Z
2016,REG,DET,3,00-0032552,CB,Adairius Barnes,Adairius,Barnes,Ankle,,Questionable,Ankle,,Limited Participation in Practice,2016-09-23T12:53:32Z
2016,REG,DET,3,00-0026105,DE,Wallace Gilberry,Wallace,Gilberry,Abdomen,,Questionable,Abdomen,,Limited Participation in Practice,2016-09-23T12:53:32Z
2016,REG,DET,3,00-0030079,DE,Devin Taylor,Devin,Taylor,Ankle,,Questionable,Ankle,,Limited Participation in Practice,2016-09-23T12:53:32Z
2016,REG,GB,3,00-0029747,S,Chris Banjo,Chris,Banjo,,,,Hamstring,,Full Participation in Practice,2016-09-23T12:11:44Z
2016,REG,GB,3,00-0030752,LB,Jayrone Elliott,Jayrone,Elliott,,,,Hamstring,,Full Participation in Practice,2016-09-23T12:11:44Z
2016,REG,GB,3,00-0032635,CB,Josh Hawkins,Josh,Hawkins,,,,Hamstring,,Full Participation in Practice,2016-09-23T12:11:44Z
2016,REG,GB,3,00-0030090,S,Micah Hyde,Micah,Hyde,,,,Ankle,,Full Participation in Practice,2016-09-23T12:11:44Z
2016,REG,GB,3,00-0031001,WR,Jeff Janis,Jeff,Janis,,,,Hand,,Full Participation in Practice,2016-09-23T12:11:44Z
2016,REG,GB,3,00-0027440,CB,Sam Shields,Sam,Shields,Concussion,,Out,Concussion,,Did Not Participate In Practice,2016-09-23T12:12:49Z
2016,REG,GB,3,00-0027676,S,Morgan Burnett,Morgan,Burnett,Groin,,Questionable,Groin,,Did Not Participate In Practice,2016-09-23T12:12:07Z
2016,REG,GB,3,00-0026292,DT,Letroy Guion,Letroy,Guion,Knee,,Questionable,Knee,,Did Not Participate In Practice,2016-09-23T12:12:07Z
2016,REG,GB,3,00-0030576,DE,Datone Jones,Datone,Jones,Knee,,Questionable,Knee,,Did Not Participate In Practice,2016-09-23T12:12:07Z
2016,REG,GB,3,00-0027002,LB,Clay Matthews,Clay,Matthews,Ankle,Hamstring,Questionable,Ankle,Hamstring,Did Not Participate In Practice,2016-09-23T12:12:07Z
2016,REG,GB,3,00-0027078,G,T.J. Lang,T.J.,Lang,Hip,,Questionable,Hip,,Limited Participation in Practice,2016-09-23T12:12:07Z
2016,REG,HOU,3,00-0029524,G,Jeff Allen,Jeff,Allen,,,,Calf,,Full Participation in Practice,2016-09-21T12:38:37Z
2016,REG,HOU,3,00-0030228,CB,A.J. Bouye,A.J.,Bouye,,,,Shoulder,,Full Participation in Practice,2016-09-21T12:38:25Z
2016,REG,HOU,3,00-0025900,T,Chris Clark,Chris,Clark,,,,Elbow,Ankle,Full Participation in Practice,2016-09-21T12:38:25Z
2016,REG,HOU,3,00-0031364,LB,Jadeveon Clowney,Jadeveon,Clowney,,,,Foot,,Full Participation in Practice,2016-09-21T12:38:25Z
2016,REG,HOU,3,00-0031619,DE,Christian Covington,Christian,Covington,,,,Groin,,Full Participation in Practice,2016-09-21T12:38:25Z
2016,REG,HOU,3,00-0031548,CB,Kevin Johnson,Kevin,Johnson,,,,Thumb,,Full Participation in Practice,2016-09-21T12:38:25Z
2016,REG,HOU,3,00-0028152,T,Derek Newton,Derek,Newton,,,,Knee,,Full Participation in Practice,2016-09-21T12:38:50Z
2016,REG,HOU,3,00-0029682,QB,Brock Osweiler,Brock,Osweiler,,,,Back,,Full Participation in Practice,2016-09-21T12:38:25Z
2016,REG,HOU,3,00-0031085,RB,Jay Prosch,Jay,Prosch,,,,Back,,Full Participation in Practice,2016-09-21T12:38:25Z
2016,REG,HOU,3,00-0030442,LB,John Simon,John,Simon,,,,Wrist,,Full Participation in Practice,2016-09-21T12:38:25Z
2016,REG,HOU,3,00-0019714,P,Shane Lechler,Shane,Lechler,,,,Back,,Limited Participation in Practice,2016-09-21T12:38:25Z
2016,REG,HOU,3,00-0027949,DE,J.J. Watt,J.J.,Watt,,,,Back,,Limited Participation in Practice,2016-09-21T12:38:25Z
2016,REG,HOU,3,00-0026166,T,Duane Brown,Duane,Brown,Knee,,Out,Knee,,Did Not Participate In Practice,2016-09-21T12:40:37Z
2016,REG,HOU,3,00-0026991,LB,Brian Cushing,Brian,Cushing,Knee,,Out,Knee,,Did Not Participate In Practice,2016-09-21T12:41:04Z
2016,REG,HOU,3,00-0033069,WR,Braxton Miller,Braxton,Miller,Hamstring,,Out,Hamstring,,Did Not Participate In Practice,2016-09-21T12:41:28Z
2016,REG,IND,3,00-0029273,RB,Robert Turbin,Robert,Turbin,,,,Not Injury Related,,Did Not Participate In Practice,2016-09-23T10:42:15Z
2016,REG,IND,3,00-0026307,LB,Erik Walden,Erik,Walden,,,,Not Injury Related,,Did Not Participate In Practice,2016-09-23T10:41:48Z
2016,REG,IND,3,00-0032269,DT,Henry Anderson,Henry,Anderson,,,,Knee,,Full Participation in Practice,2016-09-23T10:33:04Z
2016,REG,IND,3,00-0024234,CB,Antonio Cromartie,Antonio,Cromartie,,,,Ribs,,Full Participation in Practice,2016-09-23T10:33:04Z
2016,REG,IND,3,00-0023500,RB,Frank Gore,Frank,Gore,,,,Not Injury Related,,Full Participation in Practice,2016-09-23T10:36:27Z
2016,REG,IND,3,00-0024249,LB,D'Qwell Jackson,D'Qwell,Jackson,,,,Not Injury Related,,Full Participation in Practice,2016-09-23T10:37:56Z
2016,REG,IND,3,00-0026206,DE,Kendall Langford,Kendall,Langford,,,,Abdomen,,Full Participation in Practice,2016-09-23T10:39:12Z
2016,REG,IND,3,00-0022059,LB,Robert Mathis,Robert,Mathis,,,,Not Injury Related,,Full Participation in Practice,2016-09-23T10:33:04Z
2016,REG,IND,3,00-0026408,T,Joe Reitz,Joe,Reitz,,,,Neck,,Full Participation in Practice,2016-09-23T10:40:49Z
2016,REG,IND,3,00-0027017,CB,Darius Butler,Darius,Butler,Hamstring,,Out,Hamstring,,Did Not Participate In Practice,2016-09-23T10:33:47Z
2016,REG,IND,3,00-0031632,T,Denzelle Good,Denzelle,Good,Back,,Out,Back,,Did Not Participate In Practice,2016-09-23T10:36:02Z
2016,REG,IND,3,00-0031339,WR,Donte Moncrief,Donte,Moncrief,Shoulder,,Out,Shoulder,,Did Not Participate In Practice,2016-09-23T10:40:24Z
2016,REG,IND,3,00-0027882,CB,Patrick Robinson,Patrick,Robinson,Concussion,,Out,Concussion,,Did Not Participate In Practice,2016-09-23T10:41:27Z
2016,REG,IND,3,00-0029608,WR,T.Y. Hilton,T.Y.,Hilton,Knee,,Questionable,Knee,,Did Not Participate In Practice,2016-09-23T10:37:12Z
2016,REG,IND,3,00-0023579,LB,Trent Cole,Trent,Cole,Back,,Questionable,Back,,Full Participation in Practice,2016-09-23T10:34:36Z
2016,REG,IND,3,00-0027001,CB,Vontae Davis,Vontae,Davis,Ankle,,Questionable,Ankle,,Full Participation in Practice,2016-09-23T10:35:12Z
2016,REG,IND,3,00-0033059,S,T.J. Green,T.J.,Green,Knee,,Questionable,Knee,,Full Participation in Practice,2016-09-23T10:36:50Z
2016,REG,IND,3,00-0032383,C,Ryan Kelly,Ryan,Kelly,Shoulder,,Questionable,Shoulder,,Full Participation in Practice,2016-09-23T10:38:55Z
2016,REG,IND,3,00-0029668,QB,Andrew Luck,Andrew,Luck,Right Shoulder,,Questionable,Right Shoulder,,Full Participation in Practice,2016-09-23T10:39:35Z
2016,REG,IND,3,00-0031571,S,Clayton Geathers,Clayton,Geathers,Foot,,Questionable,Foot,,Limited Participation in Practice,2016-09-23T10:35:40Z
2016,REG,JAX,3,00-0030538,S,Johnathan Cyprien,Johnathan,Cyprien,,,,Knee,Triceps,Full Participation in Practice,2016-09-23T08:23:50Z
2016,REG,JAX,3,00-0028069,CB,Davon House,Davon,House,,,,Hamstring,,Full Participation in Practice,2016-09-23T08:24:05Z
2016,REG,JAX,3,00-0026839,T,Jermey Parnell,Jermey,Parnell,,,,Groin,,Full Participation in Practice,2016-09-23T08:23:50Z
2016,REG,JAX,3,00-0031428,WR,Allen Robinson,Allen,Robinson,,,,Illness,,Full Participation in Practice,2016-09-23T08:23:50Z
2016,REG,JAX,3,00-0029316,T,Kelvin Beachum,Kelvin,Beachum,Concussion,,Out,Concussion,,Did Not Participate In Practice,2016-09-23T08:24:51Z
2016,REG,JAX,3,00-0032139,TE,Ben Koyack,Ben,Koyack,Knee,,Out,Knee,,Did Not Participate In Practice,2016-09-23T08:25:00Z
2016,REG,JAX,3,00-0027957,CB,Prince Amukamara,Prince,Amukamara,Hamstring,,Questionable,Hamstring,,Did Not Participate In Practice,2016-09-23T08:24:42Z
2016,REG,JAX,3,00-0031369,G,Brandon Linder,Brandon,Linder,Knee,,Questionable,Knee,,Did Not Participate In Practice,2016-09-23T08:24:42Z
2016,REG,JAX,3,00-0027878,DE,Jared Odrick,Jared,Odrick,Triceps,,Questionable,Triceps,,Did Not Participate In Practice,2016-09-23T08:24:42Z
2016,REG,JAX,3,00-0027531,RB,Chris Ivory,Chris,Ivory,Not Injury Related,,Questionable,Not Injury Related,,Full Participation in Practice,2016-09-23T08:24:42Z
2016,REG,JAX,3,00-0028924,S,Tashaun Gipson,Tashaun,Gipson,Hamstring,,Questionable,Hamstring,,Limited Participation in Practice,2016-09-23T08:24:42Z
2016,REG,KC,3,00-0024235,LB,Tamba Hali,Tamba,Hali,,,,Knee,,Did Not Participate In Practice,2016-09-23T12:35:37Z
2016,REG,KC,3,00-0027858,S,Eric Berry,Eric,Berry,,,,Knee,,Full Participation in Practice,2016-09-23T12:35:23Z
2016,REG,KC,3,00-0032771,G,Parker Ehinger,Parker,Ehinger,Concussion,Foot,Out,Concussion,Foot,Did Not Participate In Practice,2016-09-23T12:36:39Z
2016,REG,KC,3,00-0028023,T,Jah Reid,Jah,Reid,Knee,Ankle,Out,Knee,Ankle,Did Not Participate In Practice,2016-09-23T12:36:46Z
2016,REG,KC,3,00-0030119,LB,Sam Barrington,Sam,Barrington,Hamstring,,Out,Hamstring,,Limited Participation in Practice,2016-09-23T12:36:31Z
2016,REG,KC,3,00-0026213,RB,Jamaal Charles,Jamaal,Charles,Knee,,Doubtful,Knee,,Limited Participation in Practice,2016-09-23T12:40:40Z
2016,REG,KC,3,00-0031022,G,Laurent Duvernay-Tardif,Laurent,Duvernay-Tardif,Ankle,,Questionable,Ankle,,Limited Participation in Practice,2016-09-23T12:36:14Z
2016,REG,KC,3,00-0031015,CB,Phillip Gaines,Phillip,Gaines,Knee,,Questionable,Knee,,Limited Participation in Practice,2016-09-23T12:36:14Z
2016,REG,LA,3,00-0033111,WR,Pharoh Cooper,Pharoh,Cooper,Shoulder,,Doubtful,Shoulder,,Limited Participation in Practice,2016-09-23T12:58:11Z
2016,REG,LA,3,00-0032685,WR,Nelson Spruce,Nelson,Spruce,Knee,,Doubtful,Knee,,Limited Participation in Practice,2016-09-23T12:58:19Z
2016,REG,LA,3,00-0031393,S,Maurice Alexander,Maurice,Alexander,Thigh,,Questionable,Thigh,,Limited Participation in Practice,2016-09-23T12:58:02Z
2016,REG,LA,3,00-0029795,RB,Benny Cunningham,Benny,Cunningham,Knee,,Questionable,Knee,,Limited Participation in Practice,2016-09-23T12:58:02Z
2016,REG,LA,3,00-0031394,CB,E.J. Gaines,E.J.,Gaines,Thigh,,Questionable,Thigh,,Limited Participation in Practice,2016-09-23T12:58:02Z
2016,REG,LA,3,00-0031389,CB,Lamarcus Joyner,Lamarcus,Joyner,Toe,,Questionable,Toe,,Limited Participation in Practice,2016-09-23T12:58:02Z
2016,REG,MIA,3,00-0026796,RB,Arian Foster,Arian,Foster,Groin,,Out,Groin,,Did Not Participate In Practice,2016-09-23T12:51:54Z
2016,REG,MIA,3,00-0027953,C,Mike Pouncey,Mike,Pouncey,Hip,,Out,Hip,,Did Not Participate In Practice,2016-09-23T12:52:11Z
2016,REG,MIA,3,00-0026194,DE,Jason Jones,Jason,Jones,Ankle,,Questionable,Ankle,,Did Not Participate In Practice,2016-09-23T12:51:38Z
2016,REG,MIA,3,00-0027883,LB,Koa Misi,Koa,Misi,Shoulder,,Questionable,Shoulder,,Full Participation in Practice,2016-09-23T12:51:38Z
2016,REG,MIA,3,00-0033050,CB,Xavien Howard,Xavien,Howard,Knee,,Questionable,Knee,,Limited Participation in Practice,2016-09-23T12:51:38Z
2016,REG,MIA,3,00-0030384,LB,Jelani Jenkins,Jelani,Jenkins,Knee,,Questionable,Knee,,Limited Participation in Practice,2016-09-23T12:51:38Z
2016,REG,MIA,3,00-0031547,WR,DeVante Parker,DeVante,Parker,Hamstring,,Questionable,Hamstring,,Limited Participation in Practice,2016-09-23T12:51:38Z
2016,REG,MIA,3,00-0028368,LB,Spencer Paysinger,Spencer,Paysinger,Neck,,Questionable,Neck,,Limited Participation in Practice,2016-09-23T12:51:38Z
2016,REG,MIN,3,00-0031588,WR,Stefon Diggs,Stefon,Diggs,,,,Groin,,Did Not Participate In Practice,2016-09-23T10:56:08Z
2016,REG,MIN,3,00-0031565,DE,Danielle Hunter,Danielle,Hunter,,,,Knee,,Full Participation in Practice,2016-09-23T10:55:52Z
2016,REG,MIN,3,00-0031554,LB,Eric Kendricks,Eric,Kendricks,,,,Ankle,,Full Participation in Practice,2016-09-23T10:55:52Z
2016,REG,MIN,3,00-0029931,RB,Zach Line,Zach,Line,,,,Neck,,Full Participation in Practice,2016-09-23T10:55:52Z
2016,REG,MIN,3,00-0031376,RB,Jerick McKinnon,Jerick,McKinnon,,,,Toe,,Full Participation in Practice,2016-09-23T10:55:52Z
2016,REG,MIN,3,00-0027981,TE,Kyle Rudolph,Kyle,Rudolph,,,,Groin,,Full Participation in Practice,2016-09-23T10:55:52Z
2016,REG,MIN,3,00-0030574,DT,Sharrif Floyd,Sharrif,Floyd,Knee,,Out,Knee,,Did Not Participate In Practice,2016-09-23T10:56:32Z
2016,REG,MIN,3,00-0025394,RB,Adrian Peterson,Adrian,Peterson,Knee,,Out,Knee,,Did Not Participate In Practice,2016-09-23T10:56:24Z
2016,REG,MIN,3,00-0031585,TE,MyCole Pruitt,MyCole,Pruitt,Knee,,Questionable,Knee,,Limited Participation in Practice,2016-09-23T10:56:11Z
2016,REG,MIN,3,00-0030575,CB,Xavier Rhodes,Xavier,Rhodes,Knee,,Questionable,Knee,,Limited Participation in Practice,2016-09-23T10:56:11Z
2016,REG,NE,3,00-0031345,QB,Jimmy Garoppolo,Jimmy,Garoppolo,right Shoulder,,Doubtful,right Shoulder,,Limited Participation in Practice,2016-09-21T13:56:46Z
2016,REG,NE,3,00-0030590,G,Jonathan Cooper,Jonathan,Cooper,Foot,,Questionable,Foot,,Limited Participation in Practice,2016-09-21T13:55:19Z
2016,REG,NE,3,00-0031566,DE,Trey Flowers,Trey,Flowers,Shoulder,,Questionable,Shoulder,,Limited Participation in Practice,2016-09-21T13:55:19Z
2016,REG,NE,3,00-0028454,LB,Jonathan Freeny,Jonathan,Freeny,Shoulder,,Questionable,Shoulder,,Limited Participation in Practice,2016-09-21T13:55:19Z
2016,REG,NE,3,00-0027656,TE,Rob Gronkowski,Rob,Gronkowski,Hamstring,,Questionable,Hamstring,,Limited Participation in Practice,2016-09-21T13:55:19Z
2016,REG,NE,3,00-0029669,LB,Dont'a Hightower,Dont'a,Hightower,Knee,,Questionable,Knee,,Limited Participation in Practice,2016-09-21T13:55:19Z
2016,REG,NE,3,00-0031555,CB,Eric Rowe,Eric,Rowe,Ankle,,Questionable,Ankle,,Limited Participation in Practice,2016-09-21T13:56:29Z
2016,REG,NO,3,00-0030067,T,Terron Armstead,Terron,Armstead,Knee,,Out,Knee,,Did Not Participate In Practice,2016-09-24T12:30:28Z
2016,REG,NO,3,00-0031474,CB,Delvin Breaux,Delvin,Breaux,Fibula,,Out,Fibula,,Did Not Participate In Practice,2016-09-24T12:30:40Z
2016,REG,NO,3,00-0031947,DT,Tyeler Davison,Tyeler,Davison,Shoulder,Foot,Questionable,Shoulder,Foot,Did Not Participate In Practice,2016-09-24T12:30:17Z
2016,REG,NO,3,00-0026857,LB,Dannell Ellerbe,Dannell,Ellerbe,Quadricep,,Questionable,Quadricep,,Did Not Participate In Practice,2016-09-24T12:30:17Z
2016,REG,NO,3,00-0030216,TE,Josh Hill,Josh,Hill,Ankle,,Questionable,Ankle,,Did Not Participate In Practice,2016-09-24T12:30:17Z
2016,REG,NO,3,00-0027962,DE,Cameron Jordan,Cameron,Jordan,Knee,,Questionable,Knee,,Limited Participation in Practice,2016-09-24T12:30:17Z
2016,REG,NO,3,00-0030663,WR,Willie Snead,Willie,Snead,Toe,,Questionable,Toe,,Limited Participation in Practice,2016-09-24T12:30:17Z
2016,REG,NO,3,00-0030060,S,Kenny Vaccaro,Kenny,Vaccaro,Ankle,,Questionable,Ankle,,Limited Participation in Practice,2016-09-24T12:30:17Z
2016,REG,NYG,3,00-0029693,DE,Olivier Vernon,Olivier,Vernon,,,,Wrist,,Full Participation in Practice,2016-09-23T11:44:26Z
2016,REG,NYG,3,00-0027768,T,Marshall Newhouse,Marshall,Newhouse,Calf,,Out,Calf,,Did Not Participate In Practice,2016-09-23T11:44:48Z
2016,REG,NYG,3,00-0031006,DT,Robert Thomas,Robert,Thomas,Illness,,Out,Illness,,Did Not Participate In Practice,2016-09-23T11:44:56Z
2016,REG,NYG,3,00-0033083,S,Darian Thompson,Darian,Thompson,Foot,,Out,Foot,,Did Not Participate In Practice,2016-09-23T11:45:04Z
2016,REG,NYG,3,00-0027155,RB,Rashad Jennings,Rashad,Jennings,Thumb,,Questionable,Thumb,,Limited Participation in Practice,2016-09-23T11:44:38Z
2016,REG,NYJ,3,00-0027963,G,James Carpenter,James,Carpenter,,,,Calf,,Full Participation in Practice,2016-09-23T12:33:25Z
2016,REG,NYJ,3,00-0027978,LB,Bruce Carter,Bruce,Carter,,,,Shoulder,,Full Participation in Practice,2016-09-23T12:33:07Z
2016,REG,NYJ,3,00-0027690,WR,Eric Decker,Eric,Decker,,,,Shoulder,,Full Participation in Practice,2016-09-23T12:33:30Z
2016,REG,NYJ,3,00-0031023,WR,Quincy Enunwa,Quincy,Enunwa,,,,Ribs,,Full Participation in Practice,2016-09-23T12:33:07Z
2016,REG,NYJ,3,00-0026184,RB,Matt Forte,Matt,Forte,,,,Knee,,Full Participation in Practice,2016-09-23T12:33:07Z
2016,REG,NYJ,3,00-0032970,LB,Jordan Jenkins,Jordan,Jenkins,,,,Calf,,Full Participation in Practice,2016-09-23T12:33:07Z
2016,REG,NYJ,3,00-0031628,CB,Darryl Roberts,Darryl,Roberts,,,,Foot,,Full Participation in Practice,2016-09-23T12:33:07Z
2016,REG,NYJ,3,00-0027968,DE,Muhammad Wilkerson,Muhammad,Wilkerson,,,,Ankle,,Full Participation in Practice,2016-09-23T12:33:07Z
2016,REG,NYJ,3,00-0030066,G,Brian Winters,Brian,Winters,,,,Hand,,Full Participation in Practice,2016-09-23T12:33:07Z
2016,REG,NYJ,3,00-0031568,QB,Bryce Petty,Bryce,Petty,right Shoulder,,Out,right Shoulder,,Did Not Participate In Practice,2016-09-23T13:00:08Z
2016,REG,NYJ,3,00-0025945,LB,Erin Henderson,Erin,Henderson,Foot,,Questionable,Foot,,Did Not Participate In Practice,2016-09-23T12:59:57Z
2016,REG,NYJ,3,00-0025434,LB,David Harris,David,Harris,Shoulder,,Questionable,Shoulder,,Limited Participation in Practice,2016-09-23T12:59:57Z
2016,REG,NYJ,3,00-0024334,WR,Brandon Marshall,Brandon,Marshall,Foot,Knee,Questionable,Foot,Knee,Limited Participation in Practice,2016-09-23T12:59:57Z
2016,REG,OAK,3,00-0027297,T,Austin Howard,Austin,Howard,Ankle,,Out,Ankle,,Did Not Participate In Practice,2016-09-23T12:32:12Z
2016,REG,OAK,3,00-0029302,T,Matt McCants,Matt,McCants,Knee,,Out,Knee,,Did Not Participate In Practice,2016-09-23T12:32:20Z
2016,REG,OAK,3,00-0030420,CB,David Amerson,David,Amerson,Concussion,,Questionable,Concussion,,Full Participation in Practice,2016-09-23T12:32:03Z
2016,REG,OAK,3,00-0027993,C,Rodney Hudson,Rodney,Hudson,Knee,,Questionable,Knee,,Full Participation in Practice,2016-09-23T12:32:03Z
2016,REG,OAK,3,00-0031367,G,Gabe Jackson,Gabe,Jackson,Knee,,Questionable,Knee,,Full Participation in Practice,2016-09-23T12:32:03Z
2016,REG,OAK,3,00-0028063,RB,Taiwan Jones,Taiwan,Jones,Knee,,Questionable,Knee,,Full Participation in Practice,2016-09-23T12:32:03Z
2016,REG,OAK,3,00-0032938,DT,Darius Latham,Darius,Latham,Concussion,,Questionable,Concussion,,Full Participation in Practice,2016-09-23T12:32:03Z
2016,REG,OAK,3,00-0033046,DE,Jihad Ward,Jihad,Ward,Hip,,Questionable,Hip,,Full Participation in Practice,2016-09-23T12:32:03Z
2016,REG,OAK,3,00-0030579,T,Menelik Watson,Menelik,Watson,Groin,,Questionable,Groin,,Full Participation in Practice,2016-09-23T12:32:03Z
2016,REG,PHI,3,00-0029412,DE,Vinny Curry,Vinny,Curry,,,,Knee,,Full Participation in Practice,2016-09-23T10:42:38Z
2016,REG,PHI,3,00-0026990,S,Malcolm Jenkins,Malcolm,Jenkins,,,,Foot,,Full Participation in Practice,2016-09-23T10:42:38Z
2016,REG,PHI,3,00-0027378,S,Chris Maragos,Chris,Maragos,,,,Elbow,,Full Participation in Practice,2016-09-23T10:42:38Z
2016,REG,PHI,3,00-0031173,S,Jaylen Watkins,Jaylen,Watkins,,,,Knee,,Full Participation in Practice,2016-09-23T10:42:38Z
2016,REG,PHI,3,00-0030061,TE,Zach Ertz,Zach,Ertz,Rib,,Out,Rib,,Did Not Participate In Practice,2016-09-23T10:46:52Z
2016,REG,PHI,3,00-0026151,CB,Leodis McKelvin,Leodis,McKelvin,Hamstring,,Out,Hamstring,,Did Not Participate In Practice,2016-09-23T10:47:12Z
2016,REG,PHI,3,00-0032954,G,Isaac Seumalo,Isaac,Seumalo,Pectoral,,Out,Pectoral,,Did Not Participate In Practice,2016-09-23T10:47:29Z
2016,REG,PHI,3,00-0029409,LB,Mychal Kendricks,Mychal,Kendricks,Nose,Quadricep,Questionable,Nose,Quadricep,Full Participation in Practice,2016-09-23T10:46:20Z
2016,REG,PIT,3,00-0029963,G,Christopher Hubbard,Christopher,Hubbard,,,,Not Injury Related,,Did Not Participate In Practice,2016-09-21T12:36:27Z
2016,REG,PIT,3,00-0024242,RB,DeAngelo Williams,DeAngelo,Williams,,,,Not Injury Related,,Did Not Participate In Practice,2016-09-21T12:36:04Z
2016,REG,PIT,3,00-0027969,DE,Cameron Heyward,Cameron,Heyward,,,,Knee,,Full Participation in Practice,2016-09-23T10:16:12Z
2016,REG,PIT,3,00-0030524,QB,Landry Jones,Landry,Jones,,,,Back,,Full Participation in Practice,2016-09-23T10:16:16Z
2016,REG,PIT,3,00-0030460,WR,Markus Wheaton,Markus,Wheaton,,,,Shoulder,,Full Participation in Practice,2016-09-23T10:15:55Z
2016,REG,PIT,3,00-0032105,CB,Senquez Golson,Senquez,Golson,Foot,,Out,Foot,,Did Not Participate In Practice,2016-09-23T10:17:09Z
2016,REG,PIT,3,00-0026247,C,Cody Wallace,Cody,Wallace,Knee,,Out,Knee,,Did Not Participate In Practice,2016-09-23T10:17:14Z
2016,REG,PIT,3,00-0030741,RB,Roosevelt Nix,Roosevelt,Nix,Back,,Doubtful,Back,,Limited Participation in Practice,2016-09-23T10:17:43Z
2016,REG,PIT,3,00-0026561,G,Ramon Foster,Ramon,Foster,Elbow,,Questionable,Elbow,,Limited Participation in Practice,2016-09-23T10:16:52Z
2016,REG,SD,3,00-0026370,T,King Dunlap,King,Dunlap,,,,Illness,,Full Participation in Practice,2016-09-23T12:19:23Z
2016,REG,SD,3,00-0032160,WR,Tyrell Williams,Tyrell,Williams,,,,Shoulder,,Full Participation in Practice,2016-09-23T12:19:23Z
2016,REG,SD,3,00-0030312,S,Jahleel Addae,Jahleel,Addae,Collarbone,,Out,Collarbone,,Did Not Participate In Practice,2016-09-23T12:20:07Z
2016,REG,SD,3,00-0033156,DE,Joey Bosa,Joey,Bosa,Hamstring,,Out,Hamstring,,Limited Participation in Practice,2016-09-23T12:20:15Z
2016,REG,SD,3,00-0021547,TE,Antonio Gates,Antonio,Gates,Hamstring,,Doubtful,Hamstring,,Did Not Participate In Practice,2016-09-23T12:20:28Z
2016,REG,SD,3,00-0027984,G,Orlando Franklin,Orlando,Franklin,Hamstring,,Questionable,Hamstring,,Full Participation in Practice,2016-09-23T12:19:58Z
2016,REG,SEA,3,00-0026232,DE,Cliff Avril,Cliff,Avril,,,,Hamstring,,Full Participation in Practice,2016-09-23T15:10:04Z
2016,REG,SEA,3,00-0028434,WR,Doug Baldwin,Doug,Baldwin,,,,Knee,,Full Participation in Practice,2016-09-23T15:10:04Z
2016,REG,SEA,3,00-0027696,TE,Jimmy Graham,Jimmy,Graham,,,,Knee,,Full Participation in Practice,2016-09-23T15:10:04Z
2016,REG,SEA,3,00-0029263,QB,Russell Wilson,Russell,Wilson,,,,Ankle,,Full Participation in Practice,2016-09-23T15:10:04Z
2016,REG,SEA,3,00-0031897,RB,Thomas Rawls,Thomas,Rawls,Shin,,Doubtful,Shin,,Did Not Participate In Practice,2016-09-23T13:02:42Z
2016,REG,SEA,3,00-0032384,G,Germain Ifedi,Germain,Ifedi,Ankle,,Doubtful,Ankle,,Limited Participation in Practice,2016-09-23T13:02:28Z
2016,REG,SEA,3,00-0032394,TE,Nick Vannett,Nick,Vannett,Ankle,,Doubtful,Ankle,,Limited Participation in Practice,2016-09-23T13:02:13Z
2016,REG,SEA,3,00-0032211,WR,Tyler Lockett,Tyler,Lockett,Knee,,Questionable,Knee,,Full Participation in Practice,2016-09-23T13:03:14Z
2016,REG,SEA,3,00-0032393,RB,C.J. Prosise,C.J.,Prosise,Wrist,,Questionable,Wrist,,Full Participation in Practice,2016-09-23T13:02:56Z
2016,REG,SF,3,00-0032164,DT,Arik Armstead,Arik,Armstead,,,,Shoulder,,Full Participation in Practice,2016-09-23T12:58:52Z
2016,REG,SF,3,00-0028292,LB,Nick Bellore,Nick,Bellore,,,,Knee,,Full Participation in Practice,2016-09-23T12:58:52Z
2016,REG,SF,3,00-0030088,DT,Quinton Dial,Quinton,Dial,,,,Knee,,Full Participation in Practice,2016-09-23T12:58:52Z
2016,REG,SF,3,00-0026145,DT,Glenn Dorsey,Glenn,Dorsey,,,,Knee,,Full Participation in Practice,2016-09-23T12:58:52Z
2016,REG,SF,3,00-0029890,DT,Mike Purcell,Mike,Purcell,,,,Ankle,,Full Participation in Practice,2016-09-23T12:59:22Z
2016,REG,SF,3,00-0031020,CB,Keith Reaser,Keith,Reaser,,,,Ankle,,Full Participation in Practice,2016-09-23T12:58:52Z
2016,REG,SF,3,00-0029661,G,Andrew Tiller,Andrew,Tiller,,,,Ankle,,Full Participation in Practice,2016-09-23T12:58:52Z
2016,REG,SF,3,00-0027863,T,Anthony Davis,Anthony,Davis,Concussion,,Out,Concussion,,Did Not Participate In Practice,2016-09-23T13:00:15Z
2016,REG,SF,3,00-0030317,S,Marcus Cromartie,Marcus,Cromartie,Ankle,,Questionable,Ankle,,Limited Participation in Practice,2016-09-23T13:00:00Z
2016,REG,SF,3,00-0032057,S,Jaquiski Tartt,Jaquiski,Tartt,Knee,,Questionable,Knee,,Limited Participation in Practice,2016-09-23T13:00:40Z
2016,REG,TB,3,00-0032789,LB,Devante Bond,Devante,Bond,,,,Hamstring,,Did Not Participate In Practice,2016-09-22T12:49:11Z
2016,REG,TB,3,00-0026994,DE,Robert Ayers,Robert,Ayers,Ankle,,Out,Ankle,,Did Not Participate In Practice,2016-09-23T12:45:29Z
2016,REG,TB,3,00-0029613,RB,Doug Martin,Doug,Martin,Hamstring,,Out,Hamstring,,Did Not Participate In Practice,2016-09-23T12:45:48Z
2016,REG,TB,3,00-0028052,WR,Cecil Shorts,Cecil,Shorts,Hamstring,,Out,Hamstring,,Did Not Participate In Practice,2016-09-23T12:45:53Z
2016,REG,TB,3,00-0028042,TE,Luke Stocker,Luke,Stocker,Ankle,,Out,Ankle,,Did Not Participate In Practice,2016-09-24T06:30:49Z
2016,REG,TB,3,00-0029562,LB,Lavonte David,Lavonte,David,Shoulder,,Questionable,Shoulder,,Full Participation in Practice,2016-09-24T06:30:59Z
2016,REG,TB,3,00-0032772,S,Ryan Smith,Ryan,Smith,Hand,,Questionable,Hand,,Full Participation in Practice,2016-09-23T12:45:23Z
2016,REG,TB,3,00-0032217,T,Donovan Smith,Donovan,Smith,Hip,,Questionable,Hip,,Limited Participation in Practice,2016-09-23T12:45:23Z
2016,REG,TEN,3,00-0030593,G,Chance Warmack,Chance,Warmack,,,,Finger,,Did Not Participate In Practice,2016-09-22T12:23:36Z
2016,REG,TEN,3,00-0029050,CB,Antwon Blake,Antwon,Blake,,,,Chest,,Full Participation in Practice,2016-09-23T11:48:01Z
2016,REG,TEN,3,00-0026935,CB,Brice McCain,Brice,McCain,,,,Knee,,Full Participation in Practice,2016-09-23T11:48:01Z
2016,REG,TEN,3,00-0028987,TE,Phillip Supernaw,Phillip,Supernaw,,,,Back,,Full Participation in Practice,2016-09-23T11:48:01Z
2016,REG,TEN,3,00-0024389,TE,Delanie Walker,Delanie,Walker,Hamstring,,Questionable,Hamstring,,Did Not Participate In Practice,2016-09-23T11:48:46Z
2016,REG,TEN,3,00-0027868,LB,Derrick Morgan,Derrick,Morgan,Hamstring,,Questionable,Hamstring,,Full Participation in Practice,2016-09-23T11:49:04Z
2016,REG,TEN,3,00-0029708,WR,Kendall Wright,Kendall,Wright,Hamstring,,Questionable,Hamstring,,Limited Participation in Practice,2016-09-23T11:48:46Z
2016,REG,WAS,3,00-0031844,S,Deshazor Everett,Deshazor,Everett,,,,Knee,,Full Participation in Practice,2016-09-23T11:15:45Z
2016,REG,WAS,3,00-0026189,WR,DeSean Jackson,DeSean,Jackson,,,,Knee,Ankle,Full Participation in Practice,2016-09-23T11:16:01Z
2016,REG,WAS,3,00-0031939,RB,Matt Jones,Matt,Jones,,,,Shoulder,,Full Participation in Practice,2016-09-23T11:15:45Z
2016,REG,WAS,3,00-0031935,LB,Preston Smith,Preston,Smith,,,,Ankle,,Full Participation in Practice,2016-09-23T11:15:45Z
2016,REG,WAS,3,00-0027857,T,Trent Williams,Trent,Williams,,,,Knee,,Full Participation in Practice,2016-09-23T11:16:29Z
2016,REG,WAS,3,00-0029256,DE,Kendall Reyes,Kendall,Reyes,Groin,,Out,Groin,,Did Not Participate In Practice,2016-09-23T11:17:49Z
2016,REG,WAS,3,00-0029709,T,Ty Nsekhe,Ty,Nsekhe,Foot,,Questionable,Foot,,Did Not Participate In Practice,2016-09-23T11:17:32Z
2016,REG,WAS,3,00-0031945,LB,Martrell Spaight,Martrell,Spaight,Concussion,,Questionable,Concussion,,Full Participation in Practice,2016-09-23T11:17:32Z
2016,REG,WAS,3,00-0026512,DE,Chris Baker,Chris,Baker,Rib,"Elbow, Toe, Knee",Questionable,Rib,"Elbow, Toe, Knee",Limited Participation in Practice,2016-09-23T11:17:32Z
2016,REG,WAS,3,00-0032767,S,Su'a Cravens,Su'a,Cravens,Hip,,Questionable,Hip,,Limited Participation in Practice,2016-09-23T11:17:32Z
2016,REG,WAS,3,00-0032760,WR,Josh Doctson,Josh,Doctson,Achilles,,Questionable,Achilles,,Limited Participation in Practice,2016-09-23T11:17:32Z
2016,REG,WAS,3,00-0026248,C,Kory Lichtensteiger,Kory,Lichtensteiger,Back,,Questionable,Back,,Limited Participation in Practice,2016-09-23T11:17:32Z
2016,REG,ARI,4,00-0029738,TE,Darren Fells,Darren,Fells,,,,Back,,Full Participation in Practice,2016-09-30T13:21:01Z
2016,REG,ARI,4,00-0022921,WR,Larry Fitzgerald,Larry,Fitzgerald,,,,Knee,,Full Participation in Practice,2016-09-30T13:21:01Z
2016,REG,ARI,4,00-0029638,WR,Michael Floyd,Michael,Floyd,,,,Concussion,,Full Participation in Practice,2016-09-30T13:21:01Z
2016,REG,ARI,4,00-0032127,LB,Markus Golden,Markus,Golden,,,,Shoulder,,Full Participation in Practice,2016-09-30T13:21:12Z
2016,REG,ARI,4,00-0030459,S,Tyrann Mathieu,Tyrann,Mathieu,,,,Knee,,Full Participation in Practice,2016-09-30T13:21:01Z
2016,REG,ARI,4,00-0023514,G,Evan Mathis,Evan,Mathis,,,,Toe,,Full Participation in Practice,2016-09-30T13:21:44Z
2016,REG,ARI,4,00-0032761,DT,Robert Nkemdiche,Robert,Nkemdiche,,,,Ankle,,Full Participation in Practice,2016-09-30T13:21:01Z
2016,REG,ARI,4,00-0028952,P,Drew Butler,Drew,Butler,left Calf,,Out,left Calf,,Did Not Participate In Practice,2016-09-30T13:22:00Z
2016,REG,ARI,4,00-0024306,DT,Frostee Rucker,Frostee,Rucker,Knee,,Out,Knee,,Did Not Participate In Practice,2016-09-30T13:22:30Z
2016,REG,ARI,4,00-0029530,CB,Justin Bethel,Justin,Bethel,Foot,,Questionable,Foot,,Limited Participation in Practice,2016-09-30T13:21:51Z
2016,REG,ARI,4,00-0026240,S,Tyvon Branch,Tyvon,Branch,Groin,,Questionable,Groin,,Limited Participation in Practice,2016-09-30T13:21:51Z
2016,REG,ARI,4,00-0031050,LB,Kareem Martin,Kareem,Martin,Knee,,Questionable,Knee,,Limited Participation in Practice,2016-09-30T13:22:16Z
2016,REG,ATL,4,00-0032058,RB,Tevin Coleman,Tevin,Coleman,,,,Ankle,,Full Participation in Practice,2016-09-30T10:58:00Z
2016,REG,ATL,4,00-0031285,RB,Devonta Freeman,Devonta,Freeman,,,,Illness,,Full Participation in Practice,2016-09-30T10:58:05Z
2016,REG,ATL,4,00-0021146,DE,Dwight Freeney,Dwight,Freeney,,,,Not Injury Related,,Full Participation in Practice,2016-09-30T10:57:54Z
2016,REG,ATL,4,00-0031228,WR,Taylor Gabriel,Taylor,Gabriel,,,,Hamstring,,Full Participation in Practice,2016-09-30T10:57:54Z
2016,REG,ATL,4,00-0031570,WR,Justin Hardy,Justin,Hardy,,,,Shoulder,,Full Participation in Practice,2016-09-30T10:58:11Z
2016,REG,ATL,4,00-0027944,WR,Julio Jones,Julio,Jones,,,,Calf,,Full Participation in Practice,2016-09-30T10:58:16Z
2016,REG,ATL,4,00-0027980,DE,Brooks Reed,Brooks,Reed,,,,Shoulder,,Full Participation in Practice,2016-09-30T10:58:21Z
2016,REG,ATL,4,00-0026143,QB,Matt Ryan,Matt,Ryan,,,,left Thumb,,Full Participation in Practice,2016-09-30T10:57:54Z
2016,REG,ATL,4,00-0029632,WR,Mohamed Sanu,Mohamed,Sanu,,,,Shoulder,,Full Participation in Practice,2016-09-30T10:58:26Z
2016,REG,ATL,4,00-0032401,LB,De'Vondre Campbell,De'Vondre,Campbell,Ankle,,Out,Ankle,,Did Not Participate In Practice,2016-09-30T10:59:34Z
2016,REG,ATL,4,00-0029792,LB,Paul Worrilow,Paul,Worrilow,Groin,,Out,Groin,,Did Not Participate In Practice,2016-09-30T10:59:40Z
2016,REG,BAL,4,00-0020337,WR,Steve Smith,Steve,Smith,,,,Not Injury Related,,Did Not Participate In Practice,2016-09-28T16:29:43Z
2016,REG,BAL,4,00-0022161,LB,Terrell Suggs,Terrell,Suggs,,,,Not Injury Related,,Did Not Participate In Practice,2016-09-29T16:07:33Z
2016,REG,BAL,4,00-0025473,G,Marshal Yanda,Marshal,Yanda,,,,Not Injury Related,,Did Not Participate In Practice,2016-09-28T16:30:20Z
2016,REG,BAL,4,00-0026223,C,Jeremy Zuttah,Jeremy,Zuttah,,,,Not Injury Related,,Did Not Participate In Practice,2016-09-28T16:30:30Z
2016,REG,BAL,4,00-0029825,CB,Sheldon Price,Sheldon,Price,Thigh,,Doubtful,Thigh,,Did Not Participate In Practice,2016-09-30T12:41:59Z
2016,REG,BAL,4,00-0032965,T,Ronnie Stanley,Ronnie,Stanley,Foot,,Doubtful,Foot,,Did Not Participate In Practice,2016-09-30T12:42:04Z
2016,REG,BAL,4,00-0032411,RB,Kenneth Dixon,Kenneth,Dixon,Knee,,Doubtful,Knee,,Full Participation in Practice,2016-09-30T12:41:54Z
2016,REG,BAL,4,00-0028497,WR,Kamar Aiken,Kamar,Aiken,Thigh,,Questionable,Thigh,,Full Participation in Practice,2016-09-30T12:41:01Z
2016,REG,BAL,4,00-0024341,LB,Elvis Dumervil,Elvis,Dumervil,Foot,,Questionable,Foot,,Full Participation in Practice,2016-09-30T12:41:01Z
2016,REG,BAL,4,00-0031170,DT,Timmy Jernigan,Timmy,Jernigan,Knee,,Questionable,Knee,,Full Participation in Practice,2016-09-30T12:41:01Z
2016,REG,BAL,4,00-0030996,G,John Urschel,John,Urschel,Shoulder,,Questionable,Shoulder,,Full Participation in Practice,2016-09-30T12:41:01Z
2016,REG,BAL,4,00-0024272,WR,Devin Hester,Devin,Hester,Thigh,,Questionable,Thigh,,Limited Participation in Practice,2016-09-30T12:41:01Z
2016,REG,BAL,4,00-0032407,T,Alex Lewis,Alex,Lewis,Concussion,,Questionable,Concussion,,Limited Participation in Practice,2016-09-30T12:41:01Z
2016,REG,BUF,4,00-0031335,T,Cyrus Kouandjio,Cyrus,Kouandjio,Ankle,,Out,Ankle,,Did Not Participate In Practice,2016-09-30T10:00:13Z
2016,REG,BUF,4,00-0030268,C,Patrick Lewis,Patrick,Lewis,Knee,,Out,Knee,,Did Not Participate In Practice,2016-09-30T10:00:20Z
2016,REG,BUF,4,00-0028050,WR,Greg Salas,Greg,Salas,Groin,,Out,Groin,,Did Not Participate In Practice,2016-09-30T10:00:26Z
2016,REG,BUF,4,00-0031325,WR,Sammy Watkins,Sammy,Watkins,Foot,,Out,Foot,,Did Not Participate In Practice,2016-09-30T10:00:31Z
2016,REG,BUF,4,00-0026578,S,Colt Anderson,Colt,Anderson,Foot,,Questionable,Foot,,Limited Participation in Practice,2016-09-30T10:00:03Z
2016,REG,BUF,4,00-0028112,TE,Charles Clay,Charles,Clay,Knee,,Questionable,Knee,,Limited Participation in Practice,2016-09-30T10:00:03Z
2016,REG,BUF,4,00-0032195,CB,Ronald Darby,Ronald,Darby,Hamstring,,Questionable,Hamstring,,Limited Participation in Practice,2016-09-30T10:00:03Z
2016,REG,BUF,4,00-0029561,T,Cordy Glenn,Cordy,Glenn,Ankle,,Questionable,Ankle,,Limited Participation in Practice,2016-09-30T10:00:03Z
2016,REG,BUF,4,00-0033098,QB,Cardale Jones,Cardale,Jones,right Shoulder,,Questionable,right Shoulder,,Limited Participation in Practice,2016-09-30T10:00:03Z
2016,REG,BUF,4,00-0030084,S,Jonathan Meeks,Jonathan,Meeks,Foot,,Questionable,Foot,,Limited Participation in Practice,2016-09-30T10:00:03Z
2016,REG,BUF,4,00-0027972,S,Aaron Williams,Aaron,Williams,Ankle,,Questionable,Ankle,,Limited Participation in Practice,2016-09-30T10:00:03Z
2016,REG,CAR,4,00-0032994,LB,Jeremy Cash,Jeremy,Cash,,,,Hamstring,,Full Participation in Practice,2016-09-30T11:11:51Z
2016,REG,CAR,4,00-0030463,LB,A.J. Klein,A.J.,Klein,,,,Not Injury Related,,Full Participation in Practice,2016-09-30T11:12:08Z
2016,REG,CAR,4,00-0031596,LB,David Mayo,David,Mayo,,,,Knee,,Full Participation in Practice,2016-09-30T11:11:51Z
2016,REG,CAR,4,00-0032967,DT,Vernon Butler,Vernon,Butler,Ankle,,Out,Ankle,,Did Not Participate In Practice,2016-09-30T11:13:24Z
2016,REG,CAR,4,00-0026999,T,Michael Oher,Michael,Oher,Concussion,,Out,Concussion,,Did Not Participate In Practice,2016-09-30T11:13:36Z
2016,REG,CAR,4,00-0026153,RB,Jonathan Stewart,Jonathan,Stewart,Hamstring,,Out,Hamstring,,Did Not Participate In Practice,2016-09-30T11:13:46Z
2016,REG,CAR,4,00-0025470,DE,Charles Johnson,Charles,Johnson,Quadricep,,Questionable,Quadricep,,Did Not Participate In Practice,2016-09-30T11:14:04Z
2016,REG,CHI,4,00-0031907,CB,Jacoby Glenn,Jacoby,Glenn,,,,Not Injury Related,,Did Not Participate In Practice,2016-09-29T12:56:36Z
2016,REG,CHI,4,00-0025920,LB,Jerrell Freeman,Jerrell,Freeman,,,,Ribs,,Full Participation in Practice,2016-09-29T12:56:54Z
2016,REG,CHI,4,00-0030441,G,Kyle Long,Kyle,Long,,,,Shoulder,,Full Participation in Practice,2016-09-29T12:57:03Z
2016,REG,CHI,4,00-0027573,DE,Mitch Unrein,Mitch,Unrein,,,,Knee,,Full Participation in Practice,2016-09-29T12:57:11Z
2016,REG,CHI,4,00-0031057,RB,Ka'Deem Carey,Ka'Deem,Carey,Hamstring,,Doubtful,Hamstring,,Did Not Participate In Practice,2016-09-30T12:13:01Z
2016,REG,CHI,4,00-0024226,QB,Jay Cutler,Jay,Cutler,right Thumb,,Doubtful,right Thumb,,Did Not Participate In Practice,2016-09-30T12:13:12Z
2016,REG,CHI,4,00-0031551,DT,Eddie Goldman,Eddie,Goldman,Ankle,,Doubtful,Ankle,,Did Not Participate In Practice,2016-09-30T12:13:18Z
2016,REG,CHI,4,00-0031569,RB,Jeremy Langford,Jeremy,Langford,Ankle,,Doubtful,Ankle,,Did Not Participate In Practice,2016-09-30T12:13:31Z
2016,REG,CHI,4,00-0029577,LB,Danny Trevathan,Danny,Trevathan,Thumb,,Doubtful,Thumb,,Did Not Participate In Practice,2016-09-30T12:13:39Z
2016,REG,CHI,4,00-0031989,S,Harold Jones-Quartey,Harold,Jones-Quartey,Concussion,,Questionable,Concussion,,Full Participation in Practice,2016-09-30T12:12:42Z
2016,REG,CHI,4,00-0033093,DE,Jonathan Bullard,Jonathan,Bullard,Toe,,Questionable,Toe,,Limited Participation in Practice,2016-09-30T12:12:42Z
2016,REG,CHI,4,00-0029137,WR,Alshon Jeffery,Alshon,Jeffery,Hamstring,,Questionable,Hamstring,,Limited Participation in Practice,2016-09-30T12:12:42Z
2016,REG,CHI,4,00-0027743,CB,Sherrick McManis,Sherrick,McManis,Hamstring,,Questionable,Hamstring,,Limited Participation in Practice,2016-09-30T12:12:42Z
2016,REG,CHI,4,00-0026180,CB,Tracy Porter,Tracy,Porter,Knee,,Questionable,Knee,,Limited Participation in Practice,2016-09-30T12:12:42Z
2016,REG,CHI,4,00-0026275,G,Josh Sitton,Josh,Sitton,Shoulder,,Questionable,Shoulder,,Limited Participation in Practice,2016-09-30T12:12:42Z
2016,REG,CHI,4,00-0027808,LB,Willie Young,Willie,Young,Knee,,Questionable,Knee,,Limited Participation in Practice,2016-09-30T12:12:42Z
2016,REG,CIN,4,00-0029215,S,George Iloka,George,Iloka,,,,Shoulder,,Full Participation in Practice,2016-09-28T08:41:12Z
2016,REG,CIN,4,00-0023482,K,Mike Nugent,Mike,Nugent,,,,Shoulder,,Full Participation in Practice,2016-09-28T08:41:12Z
2016,REG,CIN,4,00-0026217,DT,Pat Sims,Pat,Sims,,,,Achilles,,Full Participation in Practice,2016-09-28T08:41:12Z
2016,REG,CIN,4,00-0030471,S,Shawn Williams,Shawn,Williams,,,,Knee,,Full Participation in Practice,2016-09-28T08:44:51Z
2016,REG,CIN,4,00-0031291,WR,James Wright,James,Wright,,,,Knee,,Full Participation in Practice,2016-09-28T08:41:12Z
2016,REG,CIN,4,00-0029560,CB,Dre Kirkpatrick,Dre,Kirkpatrick,Hamstring,,Doubtful,Hamstring,,Did Not Participate In Practice,2016-09-28T08:43:47Z
2016,REG,CIN,4,00-0030549,TE,Tyler Eifert,Tyler,Eifert,Ankle,,Doubtful,Ankle,,Limited Participation in Practice,2016-09-28T08:42:07Z
2016,REG,CIN,4,00-0032069,S,Derron Smith,Derron,Smith,Chest,,Questionable,Chest,,Limited Participation in Practice,2016-09-28T08:44:13Z
2016,REG,CLE,4,00-0030656,RB,Isaiah Crowell,Isaiah,Crowell,,,,Knee,,Full Participation in Practice,2016-09-30T11:30:12Z
2016,REG,CLE,4,00-0032068,RB,Malcolm Johnson,Malcolm,Johnson,,,,Neck,,Full Participation in Practice,2016-09-30T11:30:44Z
2016,REG,CLE,4,00-0033104,QB,Cody Kessler,Cody,Kessler,,,,Thigh,,Full Participation in Practice,2016-09-30T11:30:12Z
2016,REG,CLE,4,00-0027991,DE,Stephen Paea,Stephen,Paea,,,,Back,,Full Participation in Practice,2016-09-30T11:30:12Z
2016,REG,CLE,4,00-0032143,DT,Danny Shelton,Danny,Shelton,,,,Chest,,Full Participation in Practice,2016-09-30T11:30:12Z
2016,REG,CLE,4,00-0025390,T,Joe Thomas,Joe,Thomas,,,,Not Injury Related,,Full Participation in Practice,2016-09-30T11:30:12Z
2016,REG,CLE,4,00-0032966,WR,Corey Coleman,Corey,Coleman,Hand,,Out,Hand,,Did Not Participate In Practice,2016-09-30T11:32:29Z
2016,REG,CLE,4,00-0033080,TE,Seth DeValve,Seth,DeValve,Knee,,Out,Knee,,Did Not Participate In Practice,2016-09-30T11:32:41Z
2016,REG,CLE,4,00-0032145,C,Cameron Erving,Cameron,Erving,Chest,Lung,Out,Chest,Lung,Did Not Participate In Practice,2016-09-30T11:32:51Z
2016,REG,CLE,4,00-0021206,QB,Josh McCown,Josh,McCown,left Shoulder,,Out,left Shoulder,,Did Not Participate In Practice,2016-09-30T11:34:35Z
2016,REG,CLE,4,00-0033129,DE,Carl Nassib,Carl,Nassib,Hand,,Out,Hand,,Did Not Participate In Practice,2016-09-30T11:34:43Z
2016,REG,CLE,4,00-0031556,LB,Nate Orchard,Nate,Orchard,Ankle,,Out,Ankle,,Did Not Participate In Practice,2016-09-30T11:35:29Z
2016,REG,CLE,4,00-0024061,CB,Tramon Williams,Tramon,Williams,Shoulder,,Doubtful,Shoulder,,Did Not Participate In Practice,2016-09-30T11:35:44Z
2016,REG,CLE,4,00-0032198,S,Ibraheim Campbell,Ibraheim,Campbell,Hamstring,,Questionable,Hamstring,,Limited Participation in Practice,2016-09-30T11:31:11Z
2016,REG,CLE,4,00-0027860,CB,Joe Haden,Joe,Haden,Groin,,Questionable,Groin,,Limited Participation in Practice,2016-09-30T11:31:11Z
2016,REG,DAL,4,00-0025435,LB,Justin Durant,Justin,Durant,,,,Not Injury Related,,Did Not Participate In Practice,2016-09-30T12:42:25Z
2016,REG,DAL,4,00-0031534,G,La'el Collins,La'el,Collins,Toe,,Out,Toe,,Did Not Participate In Practice,2016-09-30T12:43:04Z
2016,REG,DAL,4,00-0021678,QB,Tony Romo,Tony,Romo,Back,,Out,Back,,Did Not Participate In Practice,2016-09-30T12:44:37Z
2016,REG,DAL,4,00-0027902,WR,Dez Bryant,Dez,Bryant,Knee,,Questionable,Knee,,Did Not Participate In Practice,2016-09-30T12:42:42Z
2016,REG,DAL,4,00-0027947,T,Tyron Smith,Tyron,Smith,Back,,Questionable,Back,,Did Not Participate In Practice,2016-09-30T12:42:42Z
2016,REG,DAL,4,00-0029627,DE,Jack Crawford,Jack,Crawford,Shoulder,,Questionable,Shoulder,,Full Participation in Practice,2016-09-30T12:42:42Z
2016,REG,DAL,4,00-0025509,T,Doug Free,Doug,Free,Quadricep,,Questionable,Quadricep,,Full Participation in Practice,2016-09-30T12:42:42Z
2016,REG,DAL,4,00-0028172,LB,Andrew Gachkar,Andrew,Gachkar,Neck,,Questionable,Neck,,Full Participation in Practice,2016-09-30T12:42:42Z
2016,REG,DAL,4,00-0030196,S,Jeff Heath,Jeff,Heath,Knee,,Questionable,Knee,,Full Participation in Practice,2016-09-30T12:42:42Z
2016,REG,DAL,4,00-0031961,LB,Mark Nzeocha,Mark,Nzeocha,Achilles,,Questionable,Achilles,,Limited Participation in Practice,2016-09-30T12:42:42Z
2016,REG,DAL,4,00-0026283,CB,Orlando Scandrick,Orlando,Scandrick,Hamstring,Hamstring,Questionable,Hamstring,Hamstring,Limited Participation in Practice,2016-09-30T12:42:42Z
2016,REG,DEN,4,00-0031039,C,James Ferentz,James,Ferentz,,,,Knee,,Full Participation in Practice,2016-09-30T11:16:13Z
2016,REG,DEN,4,00-0030670,WR,Bennie Fowler,Bennie,Fowler,,,,Elbow,,Full Participation in Practice,2016-09-30T11:16:13Z
2016,REG,DEN,4,00-0031350,LB,Corey Nelson,Corey,Nelson,,,,Ankle,,Full Participation in Practice,2016-09-30T11:16:13Z
2016,REG,DEN,4,00-0027653,S,T.J. Ward,T.J.,Ward,,,,Neck,,Full Participation in Practice,2016-09-30T11:16:22Z
2016,REG,DEN,4,00-0027812,LB,Dekoda Watson,Dekoda,Watson,,,,Elbow,,Full Participation in Practice,2016-09-30T11:16:13Z
2016,REG,DEN,4,00-0029303,DE,Billy Winn,Billy,Winn,,,,Back,,Full Participation in Practice,2016-09-30T11:16:13Z
2016,REG,DEN,4,00-0028142,TE,Virgil Green,Virgil,Green,Calf,,Out,Calf,,Did Not Participate In Practice,2016-09-30T11:16:54Z
2016,REG,DEN,4,00-0029543,T,Donald Stephenson,Donald,Stephenson,Calf,,Out,Calf,,Did Not Participate In Practice,2016-09-30T11:17:08Z
2016,REG,DEN,4,00-0023445,LB,DeMarcus Ware,DeMarcus,Ware,Forearm,,Out,Forearm,,Did Not Participate In Practice,2016-09-30T11:17:17Z
2016,REG,DEN,4,00-0028082,S,Shiloh Keo,Shiloh,Keo,Knee,,Questionable,Knee,,Limited Participation in Practice,2016-09-30T11:16:41Z
2016,REG,DEN,4,00-0032971,S,Justin Simmons,Justin,Simmons,Hand,,Questionable,Hand,,Limited Participation in Practice,2016-09-30T11:16:41Z
2016,REG,DET,4,00-0030059,DE,Ezekiel Ansah,Ezekiel,Ansah,Ankle,,Out,Ankle,,Did Not Participate In Practice,2016-09-30T12:35:21Z
2016,REG,DET,4,00-0027050,LB,DeAndre Levy,DeAndre,Levy,Quadricep,,Out,Quadricep,,Did Not Participate In Practice,2016-09-30T12:35:25Z
2016,REG,DET,4,00-0032552,CB,Adairius Barnes,Adairius,Barnes,Ankle,,Questionable,Ankle,,Full Participation in Practice,2016-09-30T12:35:15Z
2016,REG,DET,4,00-0031387,TE,Eric Ebron,Eric,Ebron,Ankle,,Questionable,Ankle,,Full Participation in Practice,2016-09-30T12:35:15Z
2016,REG,DET,4,00-0026105,DE,Wallace Gilberry,Wallace,Gilberry,Abdomen,,Questionable,Abdomen,,Full Participation in Practice,2016-09-30T12:35:15Z
2016,REG,DET,4,00-0029293,WR,Marvin Jones,Marvin,Jones,Hamstring,,Questionable,Hamstring,,Full Participation in Practice,2016-09-30T12:35:15Z
2016,REG,DET,4,00-0029672,T,Riley Reiff,Riley,Reiff,Ankle,,Questionable,Ankle,,Full Participation in Practice,2016-09-30T12:35:15Z
2016,REG,DET,4,00-0030079,DE,Devin Taylor,Devin,Taylor,Ankle,,Questionable,Ankle,,Limited Participation in Practice,2016-09-30T12:35:15Z
2016,REG,DET,4,00-0032425,LB,Antwione Williams,Antwione,Williams,Hamstring,,Questionable,Hamstring,,Limited Participation in Practice,2016-09-30T12:35:15Z
2016,REG,DET,4,00-0029410,S,Tavon Wilson,Tavon,Wilson,Neck,,Questionable,Neck,,Limited Participation in Practice,2016-09-30T12:35:15Z
2016,REG,HOU,4,00-0029524,G,Jeff Allen,Jeff,Allen,,,,Knee,,Full Participation in Practice,2016-09-30T12:34:47Z
2016,REG,HOU,4,00-0031619,DE,Christian Covington,Christian,Covington,,,,Wrist,,Full Participation in Practice,2016-09-30T12:34:47Z
2016,REG,HOU,4,00-0027872,CB,Kareem Jackson,Kareem,Jackson,,,,Neck,,Full Participation in Practice,2016-09-30T12:34:58Z
2016,REG,HOU,4,00-0028152,T,Derek Newton,Derek,Newton,,,,Knee,,Full Participation in Practice,2016-09-30T12:35:05Z
2016,REG,HOU,4,00-0032734,LB,Brennan Scarlett,Brennan,Scarlett,,,,Wrist,,Full Participation in Practice,2016-09-30T12:34:47Z
2016,REG,HOU,4,00-0030442,LB,John Simon,John,Simon,,,,Wrist,,Full Participation in Practice,2016-09-30T12:34:47Z
2016,REG,HOU,4,00-0032725,TE,Stephen Anderson,Stephen,Anderson,Hamstring,,Out,Hamstring,,Did Not Participate In Practice,2016-09-30T12:37:16Z
2016,REG,HOU,4,00-0029510,RB,Jonathan Grimes,Jonathan,Grimes,Ankle,,Out,Ankle,,Did Not Participate In Practice,2016-09-30T12:37:24Z
2016,REG,HOU,4,00-0033069,WR,Braxton Miller,Braxton,Miller,Hamstring,,Out,Hamstring,,Did Not Participate In Practice,2016-09-30T12:37:34Z
2016,REG,HOU,4,00-0026166,T,Duane Brown,Duane,Brown,Knee,,Out,Knee,,Limited Participation in Practice,2016-09-30T12:37:41Z
2016,REG,HOU,4,00-0026991,LB,Brian Cushing,Brian,Cushing,Knee,,Questionable,Knee,,Limited Participation in Practice,2016-09-30T12:36:31Z
2016,REG,HOU,4,00-0026257,S,Quintin Demps,Quintin,Demps,Hamstring,,Questionable,Hamstring,,Limited Participation in Practice,2016-09-30T12:36:31Z
2016,REG,IND,4,00-0023500,RB,Frank Gore,Frank,Gore,,,,Not Injury Related,,Full Participation in Practice,2016-09-30T08:24:12Z
2016,REG,IND,4,00-0029608,WR,T.Y. Hilton,T.Y.,Hilton,,,,Knee,,Full Participation in Practice,2016-09-30T08:24:12Z
2016,REG,IND,4,00-0024249,LB,D'Qwell Jackson,D'Qwell,Jackson,,,,Not Injury Related,,Full Participation in Practice,2016-09-30T08:24:12Z
2016,REG,IND,4,00-0022059,LB,Robert Mathis,Robert,Mathis,,,,Not Injury Related,,Full Participation in Practice,2016-09-30T08:24:12Z
2016,REG,IND,4,00-0027882,CB,Patrick Robinson,Patrick,Robinson,,,,Concussion,,Full Participation in Practice,2016-09-30T08:24:12Z
2016,REG,IND,4,00-0026307,LB,Erik Walden,Erik,Walden,,,,Not Injury Related,,Full Participation in Practice,2016-09-30T08:25:29Z
2016,REG,IND,4,00-0029668,QB,Andrew Luck,Andrew,Luck,,,,Right Shoulder,,Limited Participation in Practice,2016-09-30T08:24:44Z
2016,REG,IND,4,00-0027017,CB,Darius Butler,Darius,Butler,Hamstring,,Out,Hamstring,,Did Not Participate In Practice,2016-09-30T08:26:07Z
2016,REG,IND,4,00-0030649,C,Jonotthan Harrison,Jonotthan,Harrison,Illness,,Out,Illness,,Did Not Participate In Practice,2016-09-30T08:26:22Z
2016,REG,IND,4,00-0031339,WR,Donte Moncrief,Donte,Moncrief,Shoulder,,Out,Shoulder,,Did Not Participate In Practice,2016-09-30T08:26:34Z
2016,REG,IND,4,00-0032208,WR,Phillip Dorsett,Phillip,Dorsett,Ankle,,Questionable,Ankle,,Limited Participation in Practice,2016-09-30T08:26:49Z
2016,REG,IND,4,00-0031632,T,Denzelle Good,Denzelle,Good,Back,,Questionable,Back,,Limited Participation in Practice,2016-09-30T08:27:03Z
2016,REG,IND,4,00-0026408,T,Joe Reitz,Joe,Reitz,Back,,Questionable,Back,,Limited Participation in Practice,2016-09-30T08:27:36Z
2016,REG,JAX,4,00-0027957,CB,Prince Amukamara,Prince,Amukamara,,,,Hamstring,,Full Participation in Practice,2016-09-30T10:38:27Z
2016,REG,JAX,4,00-0029316,T,Kelvin Beachum,Kelvin,Beachum,,,,Concussion,,Full Participation in Practice,2016-09-30T10:38:27Z
2016,REG,JAX,4,00-0032052,DE,Dante Fowler,Dante,Fowler,,,,Shoulder,,Full Participation in Practice,2016-09-30T10:38:47Z
2016,REG,JAX,4,00-0027531,RB,Chris Ivory,Chris,Ivory,,,,Ankle,Knee,Full Participation in Practice,2016-09-30T10:38:27Z
2016,REG,JAX,4,00-0029568,DT,Malik Jackson,Malik,Jackson,,,,Quadricep,,Full Participation in Practice,2016-09-30T10:38:27Z
2016,REG,JAX,4,00-0031369,G,Brandon Linder,Brandon,Linder,,,,Knee,,Full Participation in Practice,2016-09-30T10:38:27Z
2016,REG,JAX,4,00-0032171,LB,Hayes Pullard,Hayes,Pullard,,,,Ankle,,Full Participation in Practice,2016-09-30T10:38:37Z
2016,REG,JAX,4,00-0032139,TE,Ben Koyack,Ben,Koyack,Knee,,Out,Knee,,Did Not Participate In Practice,2016-09-30T10:40:55Z
2016,REG,JAX,4,00-0027878,DE,Jared Odrick,Jared,Odrick,Tricep,,Out,Tricep,,Did Not Participate In Practice,2016-09-30T10:40:30Z
2016,REG,JAX,4,00-0026725,LB,Dan Skuta,Dan,Skuta,Hip,,Questionable,Hip,,Limited Participation in Practice,2016-09-30T10:39:55Z
2016,REG,JAX,4,00-0028067,TE,Julius Thomas,Julius,Thomas,Elbow,,Questionable,Elbow,,Limited Participation in Practice,2016-09-30T10:39:26Z
2016,REG,KC,4,00-0030119,LB,Sam Barrington,Sam,Barrington,,,,Hamstring,,Full Participation in Practice,2016-09-30T12:01:52Z
2016,REG,KC,4,00-0031022,G,Laurent Duvernay-Tardif,Laurent,Duvernay-Tardif,,,,Ankle,,Full Participation in Practice,2016-09-30T12:01:52Z
2016,REG,KC,4,00-0032165,CB,Marcus Peters,Marcus,Peters,,,,Illness,,Full Participation in Practice,2016-09-30T12:02:19Z
2016,REG,KC,4,00-0032771,G,Parker Ehinger,Parker,Ehinger,,,,Concussion,,Limited Participation in Practice,2016-09-30T12:01:52Z
2016,REG,KC,4,00-0028023,T,Jah Reid,Jah,Reid,Knee,Ankle,Out,Knee,Ankle,Did Not Participate In Practice,2016-09-30T12:03:09Z
2016,REG,KC,4,00-0030668,RB,Charcandrick West,Charcandrick,West,Ankle,,Out,Ankle,,Did Not Participate In Practice,2016-09-30T12:03:17Z
2016,REG,KC,4,00-0024235,LB,Tamba Hali,Tamba,Hali,Knee,Hand,Questionable,Knee,Hand,Did Not Participate In Practice,2016-09-30T12:02:43Z
2016,REG,KC,4,00-0026213,RB,Jamaal Charles,Jamaal,Charles,Knee,,Questionable,Knee,,Limited Participation in Practice,2016-09-30T12:02:43Z
2016,REG,KC,4,00-0031015,CB,Phillip Gaines,Phillip,Gaines,Knee,,Questionable,Knee,,Limited Participation in Practice,2016-09-30T12:02:43Z
2016,REG,LA,4,00-0033111,WR,Pharoh Cooper,Pharoh,Cooper,,,,Shoulder,,Full Participation in Practice,2016-09-30T13:03:32Z
2016,REG,LA,4,00-0031394,CB,E.J. Gaines,E.J.,Gaines,,,,Thigh,,Full Participation in Practice,2016-09-30T13:03:32Z
2016,REG,LA,4,00-0032685,WR,Nelson Spruce,Nelson,Spruce,,,,Knee,,Full Participation in Practice,2016-09-30T13:03:32Z
2016,REG,LA,4,00-0026243,DE,William Hayes,William,Hayes,Ankle,,Doubtful,Ankle,,Did Not Participate In Practice,2016-09-30T13:09:28Z
2016,REG,LA,4,00-0030525,WR,Tavon Austin,Tavon,Austin,Shoulder,,Questionable,Shoulder,,Full Participation in Practice,2016-09-30T13:04:45Z
2016,REG,LA,4,00-0031425,DT,Dominique Easley,Dominique,Easley,Illness,,Questionable,Illness,,Full Participation in Practice,2016-09-30T13:04:45Z
2016,REG,LA,4,00-0031389,CB,Lamarcus Joyner,Lamarcus,Joyner,Toe,,Questionable,Toe,,Full Participation in Practice,2016-09-30T13:04:45Z
2016,REG,LA,4,00-0027006,WR,Kenny Britt,Kenny,Britt,Thigh,,Questionable,Thigh,,Limited Participation in Practice,2016-09-30T13:04:45Z
2016,REG,MIA,4,00-0028040,TE,Jordan Cameron,Jordan,Cameron,Concussion,,Out,Concussion,,Did Not Participate In Practice,2016-09-28T08:34:23Z
2016,REG,MIA,4,00-0026796,RB,Arian Foster,Arian,Foster,Hamstring,,Out,Hamstring,,Did Not Participate In Practice,2016-09-28T08:34:33Z
2016,REG,MIA,4,00-0027883,LB,Koa Misi,Koa,Misi,Neck,,Out,Neck,,Did Not Participate In Practice,2016-09-28T08:35:01Z
2016,REG,MIA,4,00-0027953,C,Mike Pouncey,Mike,Pouncey,Hip,,Out,Hip,,Did Not Participate In Practice,2016-09-28T08:35:30Z
2016,REG,MIA,4,00-0030384,LB,Jelani Jenkins,Jelani,Jenkins,Groin,,Doubtful,Groin,,Did Not Participate In Practice,2016-09-28T08:34:48Z
2016,REG,MIA,4,00-0030887,G,Anthony Steen,Anthony,Steen,Ankle,,Doubtful,Ankle,,Did Not Participate In Practice,2016-09-28T08:35:45Z
2016,REG,MIA,4,00-0025512,T,Jermon Bushrod,Jermon,Bushrod,Not Injury Related,Wrist,Questionable,Not Injury Related,Wrist,Did Not Participate In Practice,2016-09-28T08:34:00Z
2016,REG,MIA,4,00-0030401,LB,Kiko Alonso,Kiko,Alonso,Hamstring,,Questionable,Hamstring,,Full Participation in Practice,2016-09-28T08:34:00Z
2016,REG,MIA,4,00-0026194,DE,Jason Jones,Jason,Jones,Ankle,,Questionable,Ankle,,Full Participation in Practice,2016-09-28T08:34:00Z
2016,REG,MIA,4,00-0031547,WR,DeVante Parker,DeVante,Parker,Hamstring,,Questionable,Hamstring,,Full Participation in Practice,2016-09-28T08:34:00Z
2016,REG,MIA,4,00-0028368,LB,Spencer Paysinger,Spencer,Paysinger,Neck,,Questionable,Neck,,Full Participation in Practice,2016-09-28T08:34:00Z
2016,REG,MIA,4,00-0030422,TE,Dion Sims,Dion,Sims,Ankle,,Questionable,Ankle,,Full Participation in Practice,2016-09-28T08:34:00Z
2016,REG,MIA,4,00-0026155,T,Branden Albert,Branden,Albert,Ankle,,Questionable,Ankle,,Limited Participation in Practice,2016-09-28T08:34:00Z
2016,REG,MIA,4,00-0033050,CB,Xavien Howard,Xavien,Howard,Quadricep,,Questionable,Quadricep,,Limited Participation in Practice,2016-09-28T08:34:00Z
2016,REG,MIA,4,00-0027762,S,Reshad Jones,Reshad,Jones,Knee,,Questionable,Knee,,Limited Participation in Practice,2016-09-28T08:34:00Z
2016,REG,MIA,4,00-0031382,WR,Jarvis Landry,Jarvis,Landry,Shoulder,,Questionable,Shoulder,,Limited Participation in Practice,2016-09-28T08:34:00Z
2016,REG,MIN,4,00-0032454,S,Jayron Kearse,Jayron,Kearse,,,,Tooth,,Did Not Participate In Practice,2016-10-01T10:46:19Z
2016,REG,MIN,4,00-0031256,LB,Anthony Barr,Anthony,Barr,,,,Wrist,,Full Participation in Practice,2016-10-01T10:45:17Z
2016,REG,MIN,4,00-0026762,G,Alex Boone,Alex,Boone,,,,Hip,,Full Participation in Practice,2016-10-01T10:45:28Z
2016,REG,MIN,4,00-0031588,WR,Stefon Diggs,Stefon,Diggs,,,,Groin,,Full Participation in Practice,2016-10-01T12:00:31Z
2016,REG,MIN,4,00-0029931,RB,Zach Line,Zach,Line,,,,Knee,,Full Participation in Practice,2016-10-01T10:45:52Z
2016,REG,MIN,4,00-0031376,RB,Jerick McKinnon,Jerick,McKinnon,,,,Toe,,Full Participation in Practice,2016-10-01T10:45:17Z
2016,REG,MIN,4,00-0031585,TE,MyCole Pruitt,MyCole,Pruitt,,,,Knee,,Full Participation in Practice,2016-10-01T10:45:17Z
2016,REG,MIN,4,00-0030575,CB,Xavier Rhodes,Xavier,Rhodes,,,,Knee,,Full Participation in Practice,2016-10-01T10:45:17Z
2016,REG,MIN,4,00-0030574,DT,Sharrif Floyd,Sharrif,Floyd,Knee,,Questionable,Knee,,Did Not Participate In Practice,2016-10-01T10:46:25Z
2016,REG,MIN,4,00-0032430,TE,David Morgan,David,Morgan,Knee,,Questionable,Knee,,Did Not Participate In Practice,2016-10-01T10:46:25Z
2016,REG,NE,4,00-0033119,QB,Jacoby Brissett,Jacoby,Brissett,right Thumb,,Questionable,right Thumb,,Limited Participation in Practice,2016-09-30T13:00:49Z
2016,REG,NE,4,00-0028076,T,Marcus Cannon,Marcus,Cannon,Calf,,Questionable,Calf,,Limited Participation in Practice,2016-09-30T13:00:49Z
2016,REG,NE,4,00-0030590,G,Jonathan Cooper,Jonathan,Cooper,Foot,,Questionable,Foot,,Limited Participation in Practice,2016-09-30T13:00:49Z
2016,REG,NE,4,00-0028454,LB,Jonathan Freeny,Jonathan,Freeny,Shoulder,,Questionable,Shoulder,,Limited Participation in Practice,2016-09-30T13:00:49Z
2016,REG,NE,4,00-0031345,QB,Jimmy Garoppolo,Jimmy,Garoppolo,right Shoulder,,Questionable,right Shoulder,,Limited Participation in Practice,2016-09-30T13:00:49Z
2016,REG,NE,4,00-0027656,TE,Rob Gronkowski,Rob,Gronkowski,Hamstring,,Questionable,Hamstring,,Limited Participation in Practice,2016-09-30T13:00:49Z
2016,REG,NE,4,00-0029669,LB,Dont'a Hightower,Dont'a,Hightower,Knee,,Questionable,Knee,,Limited Participation in Practice,2016-09-30T13:00:49Z
2016,REG,NE,4,00-0031555,CB,Eric Rowe,Eric,Rowe,Ankle,,Questionable,Ankle,,Limited Participation in Practice,2016-09-30T13:00:49Z
2016,REG,NO,4,00-0030067,T,Terron Armstead,Terron,Armstead,Knee,,Out,Knee,,Did Not Participate In Practice,2016-09-30T13:58:34Z
2016,REG,NO,4,00-0031474,CB,Delvin Breaux,Delvin,Breaux,Fibula,,Out,Fibula,,Did Not Participate In Practice,2016-09-30T13:58:59Z
2016,REG,NO,4,00-0030216,TE,Josh Hill,Josh,Hill,Ankle,,Out,Ankle,,Did Not Participate In Practice,2016-09-30T13:58:40Z
2016,REG,NO,4,00-0029546,G,Senio Kelemete,Senio,Kelemete,Hamstring,,Out,Hamstring,,Did Not Participate In Practice,2016-09-30T13:58:54Z
2016,REG,NO,4,00-0031947,DT,Tyeler Davison,Tyeler,Davison,Shoulder,Foot,Questionable,Shoulder,Foot,Limited Participation in Practice,2016-09-30T13:58:12Z
2016,REG,NO,4,00-0026857,LB,Dannell Ellerbe,Dannell,Ellerbe,Quadricep,,Questionable,Quadricep,,Limited Participation in Practice,2016-09-30T13:58:12Z
2016,REG,NO,4,00-0027011,LB,James Laurinaitis,James,Laurinaitis,Quadricep,,Questionable,Quadricep,,Limited Participation in Practice,2016-09-30T13:58:12Z
2016,REG,NO,4,00-0030663,WR,Willie Snead,Willie,Snead,Toe,,Questionable,Toe,,Limited Participation in Practice,2016-09-30T13:58:12Z
2016,REG,NO,4,00-0030060,S,Kenny Vaccaro,Kenny,Vaccaro,Ankle,,Questionable,Ankle,,Limited Participation in Practice,2016-09-30T13:58:12Z
2016,REG,NYG,4,00-0029693,DE,Olivier Vernon,Olivier,Vernon,,,,Wrist,,Full Participation in Practice,2016-10-01T09:36:49Z
2016,REG,NYG,4,00-0031070,S,Nat Berhe,Nat,Berhe,Concussion,,Out,Concussion,,Did Not Participate In Practice,2016-10-01T09:37:16Z
2016,REG,NYG,4,00-0027768,T,Marshall Newhouse,Marshall,Newhouse,Calf,,Out,Calf,,Did Not Participate In Practice,2016-10-01T09:37:27Z
2016,REG,NYG,4,00-0031006,DT,Robert Thomas,Robert,Thomas,Illness,,Out,Illness,,Did Not Participate In Practice,2016-10-01T09:37:41Z
2016,REG,NYG,4,00-0033083,S,Darian Thompson,Darian,Thompson,Foot,,Out,Foot,,Did Not Participate In Practice,2016-10-01T09:37:49Z
2016,REG,NYG,4,00-0032379,CB,Eli Apple,Eli,Apple,Hamstring,,Doubtful,Hamstring,,Did Not Participate In Practice,2016-10-01T09:37:08Z
2016,REG,NYG,4,00-0026156,CB,Dominique Rodgers-Cromartie,Dominique,Rodgers-Cromartie,Groin,,Questionable,Groin,,Did Not Participate In Practice,2016-10-01T09:37:32Z
2016,REG,NYG,4,00-0027155,RB,Rashad Jennings,Rashad,Jennings,Thumb,,Questionable,Thumb,,Limited Participation in Practice,2016-10-01T09:36:59Z
2016,REG,NYJ,4,00-0027963,G,James Carpenter,James,Carpenter,,,,Not Injury Related,Calf,Did Not Participate In Practice,2016-09-30T11:37:50Z
2016,REG,NYJ,4,00-0032740,DE,Lawrence Thomas,Lawrence,Thomas,,,,Shoulder,,Did Not Participate In Practice,2016-09-28T14:26:21Z
2016,REG,NYJ,4,00-0026184,RB,Matt Forte,Matt,Forte,,,,Knee,,Full Participation in Practice,2016-09-30T11:37:08Z
2016,REG,NYJ,4,00-0025434,LB,David Harris,David,Harris,,,,Shoulder,,Full Participation in Practice,2016-09-30T11:37:08Z
2016,REG,NYJ,4,00-0025945,LB,Erin Henderson,Erin,Henderson,,,,Foot,,Full Participation in Practice,2016-09-30T11:37:08Z
2016,REG,NYJ,4,00-0024334,WR,Brandon Marshall,Brandon,Marshall,,,,Knee,Foot,Full Participation in Practice,2016-09-30T11:37:08Z
2016,REG,NYJ,4,00-0031343,S,Calvin Pryor,Calvin,Pryor,,,,Wrist,,Full Participation in Practice,2016-09-30T11:37:08Z
2016,REG,NYJ,4,00-0025401,CB,Darrelle Revis,Darrelle,Revis,,,,Ankle,,Full Participation in Practice,2016-09-30T11:37:08Z
2016,REG,NYJ,4,00-0031418,TE,Austin Seferian-Jenkins,Austin,Seferian-Jenkins,,,,Not Injury Related,,Full Participation in Practice,2016-09-29T11:41:53Z
2016,REG,NYJ,4,00-0027968,DE,Muhammad Wilkerson,Muhammad,Wilkerson,,,,Ankle,,Full Participation in Practice,2016-09-30T11:38:00Z
2016,REG,NYJ,4,00-0027690,WR,Eric Decker,Eric,Decker,Shoulder,,Out,Shoulder,,Did Not Participate In Practice,2016-09-30T11:38:20Z
2016,REG,NYJ,4,00-0032694,WR,Jalin Marshall,Jalin,Marshall,Shoulder,,Out,Shoulder,,Did Not Participate In Practice,2016-09-30T11:38:32Z
2016,REG,NYJ,4,00-0031568,QB,Bryce Petty,Bryce,Petty,right Shoulder,,Out,right Shoulder,,Did Not Participate In Practice,2016-09-30T11:38:39Z
2016,REG,NYJ,4,00-0027978,LB,Bruce Carter,Bruce,Carter,Ankle,,Questionable,Ankle,,Limited Participation in Practice,2016-09-30T11:38:03Z
2016,REG,NYJ,4,00-0026152,T,Ryan Clady,Ryan,Clady,Shoulder,,Questionable,Shoulder,,Limited Participation in Practice,2016-09-30T11:38:03Z
2016,REG,OAK,4,00-0027652,S,Nate Allen,Nate,Allen,Quadricep,,Out,Quadricep,,Did Not Participate In Practice,2016-09-30T12:30:36Z
2016,REG,OAK,4,00-0027297,T,Austin Howard,Austin,Howard,Ankle,,Out,Ankle,,Did Not Participate In Practice,2016-09-30T12:30:46Z
2016,REG,OAK,4,00-0030579,T,Menelik Watson,Menelik,Watson,Calf,,Out,Calf,,Did Not Participate In Practice,2016-09-30T12:30:52Z
2016,REG,OAK,4,00-0027993,C,Rodney Hudson,Rodney,Hudson,Knee,,Questionable,Knee,,Full Participation in Practice,2016-09-30T12:30:29Z
2016,REG,OAK,4,00-0029302,T,Matt McCants,Matt,McCants,Knee,,Questionable,Knee,,Full Participation in Practice,2016-09-30T12:30:29Z
2016,REG,OAK,4,00-0028063,RB,Taiwan Jones,Taiwan,Jones,Knee,,Questionable,Knee,,Limited Participation in Practice,2016-09-30T12:30:29Z
2016,REG,PIT,4,00-0033053,S,Sean Davis,Sean,Davis,,,,Back,,Full Participation in Practice,2016-09-30T11:20:30Z
2016,REG,PIT,4,00-0031779,C,B.J. Finney,B.J.,Finney,,,,Finger,,Full Participation in Practice,2016-09-30T11:20:44Z
2016,REG,PIT,4,00-0025402,LB,Lawrence Timmons,Lawrence,Timmons,,,,Shin,,Full Participation in Practice,2016-09-30T11:06:55Z
2016,REG,PIT,4,00-0026561,G,Ramon Foster,Ramon,Foster,Chest,,Out,Chest,,Did Not Participate In Practice,2016-09-30T11:22:01Z
2016,REG,PIT,4,00-0032105,CB,Senquez Golson,Senquez,Golson,Foot,,Out,Foot,,Did Not Participate In Practice,2016-09-30T11:22:10Z
2016,REG,PIT,4,00-0031782,WR,Eli Rogers,Eli,Rogers,Toe,,Out,Toe,,Did Not Participate In Practice,2016-09-30T11:22:20Z
2016,REG,PIT,4,00-0031365,LB,Ryan Shazier,Ryan,Shazier,Knee,,Out,Knee,,Did Not Participate In Practice,2016-09-30T11:22:24Z
2016,REG,PIT,4,00-0026247,C,Cody Wallace,Cody,Wallace,Knee,,Out,Knee,,Did Not Participate In Practice,2016-09-30T11:22:28Z
2016,REG,PIT,4,00-0028954,S,Robert Golden,Robert,Golden,Hamstring,,Out,Hamstring,,Limited Participation in Practice,2016-09-30T11:22:05Z
2016,REG,PIT,4,00-0030741,RB,Roosevelt Nix,Roosevelt,Nix,Back,,Out,Back,,Limited Participation in Practice,2016-09-30T11:22:15Z
2016,REG,SD,4,00-0032103,LB,Denzel Perryman,Denzel,Perryman,,,,Shoulder,,Full Participation in Practice,2016-09-29T13:28:10Z
2016,REG,SD,4,00-0030312,S,Jahleel Addae,Jahleel,Addae,Collarbone,,Out,Collarbone,,Did Not Participate In Practice,2016-09-30T12:38:28Z
2016,REG,SD,4,00-0026175,CB,Brandon Flowers,Brandon,Flowers,Concussion,,Out,Concussion,,Did Not Participate In Practice,2016-09-30T12:38:47Z
2016,REG,SD,4,00-0033156,DE,Joey Bosa,Joey,Bosa,Hamstring,,Out,Hamstring,,Limited Participation in Practice,2016-09-30T12:38:35Z
2016,REG,SD,4,00-0026370,T,King Dunlap,King,Dunlap,Illness,,Doubtful,Illness,,Did Not Participate In Practice,2016-09-30T12:39:09Z
2016,REG,SD,4,00-0021547,TE,Antonio Gates,Antonio,Gates,Hamstring,,Doubtful,Hamstring,,Did Not Participate In Practice,2016-09-30T12:39:01Z
2016,REG,SD,4,00-0028030,T,Joe Barksdale,Joe,Barksdale,Foot,,Questionable,Foot,,Did Not Participate In Practice,2016-09-30T12:38:15Z
2016,REG,SD,4,00-0032895,LB,Jatavis Brown,Jatavis,Brown,Hamstring,,Questionable,Hamstring,,Full Participation in Practice,2016-09-30T12:38:15Z
2016,REG,SD,4,00-0027984,G,Orlando Franklin,Orlando,Franklin,Back,,Questionable,Back,,Limited Participation in Practice,2016-09-30T12:38:15Z
2016,REG,SEA,4,00-0026232,DE,Cliff Avril,Cliff,Avril,,,,Hamstring,,Full Participation in Practice,2016-09-30T14:27:37Z
2016,REG,SEA,4,00-0032384,G,Germain Ifedi,Germain,Ifedi,,,,Ankle,,Full Participation in Practice,2016-09-30T14:27:37Z
2016,REG,SEA,4,00-0032211,WR,Tyler Lockett,Tyler,Lockett,,,,Knee,,Full Participation in Practice,2016-09-30T14:27:50Z
2016,REG,SEA,4,00-0027866,S,Earl Thomas,Earl,Thomas,,,,Not Injury Related,,Full Participation in Practice,2016-09-30T14:28:10Z
2016,REG,SEA,4,00-0029263,QB,Russell Wilson,Russell,Wilson,,,,Knee,Ankle,Full Participation in Practice,2016-09-30T14:27:37Z
2016,REG,SEA,4,00-0031897,RB,Thomas Rawls,Thomas,Rawls,Fibula,,Out,Fibula,,Did Not Participate In Practice,2016-09-30T13:05:45Z
2016,REG,SEA,4,00-0032387,DT,Jarran Reed,Jarran,Reed,Hip,,Questionable,Hip,,Did Not Participate In Practice,2016-09-30T13:07:35Z
2016,REG,SEA,4,00-0027696,TE,Jimmy Graham,Jimmy,Graham,Knee,Back,Questionable,Knee,Back,Full Participation in Practice,2016-09-30T13:06:07Z
2016,REG,SEA,4,00-0032393,RB,C.J. Prosise,C.J.,Prosise,Wrist,,Questionable,Wrist,,Full Participation in Practice,2016-09-30T13:07:51Z
2016,REG,SEA,4,00-0032394,TE,Nick Vannett,Nick,Vannett,Ankle,,Questionable,Ankle,,Full Participation in Practice,2016-09-30T13:06:22Z
2016,REG,SEA,4,00-0028443,LB,Michael Morgan,Michael,Morgan,Hip,,Questionable,Hip,,Limited Participation in Practice,2016-09-30T13:06:45Z
2016,REG,SF,4,00-0032164,DT,Arik Armstead,Arik,Armstead,,,,Shoulder,,Full Participation in Practice,2016-09-30T12:42:15Z
2016,REG,SF,4,00-0030317,S,Marcus Cromartie,Marcus,Cromartie,,,,Ankle,,Full Participation in Practice,2016-09-30T12:42:15Z
2016,REG,SF,4,00-0030917,CB,Chris Davis,Chris,Davis,,,,Quadricep,,Full Participation in Practice,2016-09-30T12:42:15Z
2016,REG,SF,4,00-0030088,DT,Quinton Dial,Quinton,Dial,,,,Knee,,Full Participation in Practice,2016-09-30T12:42:15Z
2016,REG,SF,4,00-0026145,DT,Glenn Dorsey,Glenn,Dorsey,,,,Knee,,Full Participation in Practice,2016-09-30T12:42:15Z
2016,REG,SF,4,00-0029890,DT,Mike Purcell,Mike,Purcell,,,,Ankle,,Full Participation in Practice,2016-09-30T12:42:15Z
2016,REG,SF,4,00-0031020,CB,Keith Reaser,Keith,Reaser,,,,Ankle,,Full Participation in Practice,2016-09-30T12:42:15Z
2016,REG,SF,4,00-0027996,WR,Torrey Smith,Torrey,Smith,,,,Foot,,Full Participation in Practice,2016-09-30T12:42:15Z
2016,REG,SF,4,00-0032057,S,Jaquiski Tartt,Jaquiski,Tartt,,,,Knee,,Full Participation in Practice,2016-09-30T12:42:15Z
2016,REG,SF,4,00-0029661,G,Andrew Tiller,Andrew,Tiller,,,,Ankle,,Full Participation in Practice,2016-09-30T12:42:15Z
2016,REG,SF,4,00-0031298,CB,Jimmie Ward,Jimmie,Ward,Quadricep,,Out,Quadricep,,Did Not Participate In Practice,2016-09-30T12:43:18Z
2016,REG,SF,4,00-0028903,TE,Garrett Celek,Garrett,Celek,Back,,Questionable,Back,,Limited Participation in Practice,2016-09-30T12:42:41Z
2016,REG,SF,4,00-0030470,TE,Vance McDonald,Vance,McDonald,Hip,,Questionable,Hip,,Limited Participation in Practice,2016-09-30T12:43:02Z
2016,REG,TB,4,00-0026994,DE,Robert Ayers,Robert,Ayers,Ankle,,Out,Ankle,,Did Not Participate In Practice,2016-09-30T11:27:08Z
2016,REG,TB,4,00-0029613,RB,Doug Martin,Doug,Martin,Hamstring,,Out,Hamstring,,Did Not Participate In Practice,2016-09-30T11:27:14Z
2016,REG,TB,4,00-0028052,WR,Cecil Shorts,Cecil,Shorts,Hamstring,,Out,Hamstring,,Did Not Participate In Practice,2016-09-30T11:27:19Z
2016,REG,TB,4,00-0028042,TE,Luke Stocker,Luke,Stocker,Ankle,,Out,Ankle,,Did Not Participate In Practice,2016-09-30T11:27:24Z
2016,REG,TB,4,00-0027717,C,Joe Hawley,Joe,Hawley,Ankle,,Questionable,Ankle,,Full Participation in Practice,2016-09-30T11:27:03Z
2016,REG,TEN,4,00-0032778,WR,Tajae Sharpe,Tajae,Sharpe,,,,Hamstring,,Full Participation in Practice,2016-09-30T10:54:38Z
2016,REG,TEN,4,00-0032043,G,Quinton Spain,Quinton,Spain,,,,Knee,,Full Participation in Practice,2016-09-30T10:54:44Z
2016,REG,TEN,4,00-0029708,WR,Kendall Wright,Kendall,Wright,,,,Hamstring,,Full Participation in Practice,2016-09-30T10:54:22Z
2016,REG,TEN,4,00-0032041,CB,Cody Riggs,Cody,Riggs,Hamstring,,Out,Hamstring,,Did Not Participate In Practice,2016-09-30T10:55:28Z
2016,REG,TEN,4,00-0028038,S,Da'Norris Searcy,Da'Norris,Searcy,Ankle,,Out,Ankle,,Did Not Participate In Practice,2016-09-30T10:55:36Z
2016,REG,TEN,4,00-0030104,LB,Nate Palmer,Nate,Palmer,Knee,,Questionable,Knee,,Did Not Participate In Practice,2016-09-30T10:55:16Z
2016,REG,TEN,4,00-0024389,TE,Delanie Walker,Delanie,Walker,Hamstring,,Questionable,Hamstring,,Limited Participation in Practice,2016-09-30T10:55:16Z
2016,REG,WAS,4,00-0029285,CB,Josh Norman,Josh,Norman,,,,Illness,,Did Not Participate In Practice,2016-09-30T11:49:21Z
2016,REG,WAS,4,00-0026512,DE,Chris Baker,Chris,Baker,,,,Elbow,Toe,Full Participation in Practice,2016-09-30T11:50:38Z
2016,REG,WAS,4,00-0031844,S,Deshazor Everett,Deshazor,Everett,,,,Knee,,Full Participation in Practice,2016-09-30T11:49:21Z
2016,REG,WAS,4,00-0026189,WR,DeSean Jackson,DeSean,Jackson,,,,Knee,Ankle,Full Participation in Practice,2016-09-30T11:49:49Z
2016,REG,WAS,4,00-0029709,T,Ty Nsekhe,Ty,Nsekhe,,,,Foot,,Full Participation in Practice,2016-09-30T11:49:21Z
2016,REG,WAS,4,00-0027857,T,Trent Williams,Trent,Williams,,,,Knee,,Full Participation in Practice,2016-09-30T11:50:25Z
2016,REG,WAS,4,00-0031052,CB,Bashaud Breeland,Bashaud,Breeland,Ankle,,Out,Ankle,,Did Not Participate In Practice,2016-09-30T11:52:30Z
2016,REG,WAS,4,00-0032760,WR,Josh Doctson,Josh,Doctson,Achilles,,Out,Achilles,,Did Not Participate In Practice,2016-09-30T11:52:37Z
2016,REG,WAS,4,00-0027694,G,Shawn Lauvao,Shawn,Lauvao,Ankle,,Out,Ankle,,Did Not Participate In Practice,2016-09-30T11:52:50Z
2016,REG,WAS,4,00-0030963,CB,Dashaun Phillips,Dashaun,Phillips,Hamstring,,Out,Hamstring,,Did Not Participate In Practice,2016-09-30T11:53:08Z
2016,REG,WAS,4,00-0031300,LB,Trent Murphy,Trent,Murphy,Elbow,Shoulder,Questionable,Elbow,Shoulder,Limited Participation in Practice,2016-09-30T11:52:59Z
2016,REG,WAS,4,00-0029256,DE,Kendall Reyes,Kendall,Reyes,Groin,,Questionable,Groin,,Limited Participation in Practice,2016-09-30T11:53:15Z
2016,REG,ARI,5,00-0026240,S,Tyvon Branch,Tyvon,Branch,,,,Groin,,Did Not Participate In Practice,2016-10-03T14:56:44Z
2016,REG,ARI,5,00-0028952,P,Drew Butler,Drew,Butler,,,,left Calf,,Did Not Participate In Practice,2016-10-03T14:57:00Z
2016,REG,ARI,5,00-0026164,RB,Chris Johnson,Chris,Johnson,,,,Groin,,Did Not Participate In Practice,2016-10-03T14:57:27Z
2016,REG,ARI,5,00-0032222,T,D.J. Humphries,D.J.,Humphries,,,,Ankle,,Full Participation in Practice,2016-10-05T12:05:56Z
2016,REG,ARI,5,00-0029738,TE,Darren Fells,Darren,Fells,Shoulder,,Out,Shoulder,,Did Not Participate In Practice,2016-10-05T12:06:52Z
2016,REG,ARI,5,00-0021429,QB,Carson Palmer,Carson,Palmer,Concussion,,Out,Concussion,,Did Not Participate In Practice,2016-10-05T12:07:02Z
2016,REG,ARI,5,00-0031265,DT,Ed Stinson,Ed,Stinson,Toe,,Out,Toe,,Did Not Participate In Practice,2016-10-05T12:07:10Z
2016,REG,ARI,5,00-0029530,CB,Justin Bethel,Justin,Bethel,Foot,,Questionable,Foot,,Limited Participation in Practice,2016-10-05T12:06:36Z
2016,REG,ARI,5,00-0030883,DT,Josh Mauro,Josh,Mauro,Chest,,Questionable,Chest,,Limited Participation in Practice,2016-10-05T12:06:36Z
2016,REG,ARI,5,00-0024306,DT,Frostee Rucker,Frostee,Rucker,Knee,,Questionable,Knee,,Limited Participation in Practice,2016-10-05T12:06:36Z
2016,REG,ATL,5,00-0028130,P,Matt Bosher,Matt,Bosher,,,,right Hamstring,,Full Participation in Practice,2016-10-07T10:16:19Z
2016,REG,ATL,5,00-0020578,K,Matt Bryant,Matt,Bryant,,,,right Hamstring,,Full Participation in Practice,2016-10-07T10:16:15Z
2016,REG,ATL,5,00-0024271,G,Chris Chester,Chris,Chester,,,,Knee,,Full Participation in Practice,2016-10-07T10:16:15Z
2016,REG,ATL,5,00-0021146,DE,Dwight Freeney,Dwight,Freeney,,,,Not Injury Related,,Full Participation in Practice,2016-10-07T10:16:15Z
2016,REG,ATL,5,00-0031570,WR,Justin Hardy,Justin,Hardy,,,,Shoulder,,Full Participation in Practice,2016-10-07T10:16:26Z
2016,REG,ATL,5,00-0027980,DE,Brooks Reed,Brooks,Reed,,,,Shoulder,,Full Participation in Practice,2016-10-07T10:16:15Z
2016,REG,ATL,5,00-0029632,WR,Mohamed Sanu,Mohamed,Sanu,,,,Shoulder,,Full Participation in Practice,2016-10-07T10:16:33Z
2016,REG,ATL,5,00-0026267,TE,Jacob Tamme,Jacob,Tamme,,,,Hip,,Full Participation in Practice,2016-10-07T10:16:15Z
2016,REG,ATL,5,00-0032401,LB,De'Vondre Campbell,De'Vondre,Campbell,Ankle,,Out,Ankle,,Did Not Participate In Practice,2016-10-07T10:16:47Z
2016,REG,ATL,5,00-0032388,LB,Deion Jones,Deion,Jones,Ankle,,Out,Ankle,,Did Not Participate In Practice,2016-10-07T10:16:59Z
2016,REG,ATL,5,00-0029792,LB,Paul Worrilow,Paul,Worrilow,Groin,,Out,Groin,,Did Not Participate In Practice,2016-10-07T10:17:08Z
2016,REG,BAL,5,00-0032438,CB,Maurice Canady,Maurice,Canady,,,,Thigh,,Did Not Participate In Practice,2016-10-05T13:22:35Z
2016,REG,BAL,5,00-0024341,LB,Elvis Dumervil,Elvis,Dumervil,,,,Not Injury Related,,Did Not Participate In Practice,2016-10-07T11:49:26Z
2016,REG,BAL,5,00-0031558,TE,Maxx Williams,Maxx,Williams,,,,Knee,,Did Not Participate In Practice,2016-10-06T12:33:51Z
2016,REG,BAL,5,00-0026223,C,Jeremy Zuttah,Jeremy,Zuttah,,,,Not Injury Related,,Did Not Participate In Practice,2016-10-07T11:49:36Z
2016,REG,BAL,5,00-0022161,LB,Terrell Suggs,Terrell,Suggs,,,,Not Injury Related,,Full Participation in Practice,2016-10-07T11:48:38Z
2016,REG,BAL,5,00-0030511,DT,Brandon Williams,Brandon,Williams,,,,Not Injury Related,,Full Participation in Practice,2016-10-07T11:48:44Z
2016,REG,BAL,5,00-0025473,G,Marshal Yanda,Marshal,Yanda,,,,Not Injury Related,,Full Participation in Practice,2016-10-07T11:48:55Z
2016,REG,BAL,5,00-0032965,T,Ronnie Stanley,Ronnie,Stanley,Foot,,Doubtful,Foot,,Did Not Participate In Practice,2016-10-07T11:50:16Z
2016,REG,BAL,5,00-0032411,RB,Kenneth Dixon,Kenneth,Dixon,Knee,,Questionable,Knee,,Full Participation in Practice,2016-10-07T11:49:40Z
2016,REG,BAL,5,00-0029825,CB,Sheldon Price,Sheldon,Price,Thigh,,Questionable,Thigh,,Full Participation in Practice,2016-10-07T11:49:40Z
2016,REG,BAL,5,00-0024272,WR,Devin Hester,Devin,Hester,Thigh,,Questionable,Thigh,,Limited Participation in Practice,2016-10-07T11:49:40Z
2016,REG,BUF,5,00-0031335,T,Cyrus Kouandjio,Cyrus,Kouandjio,Ankle,,Out,Ankle,,Did Not Participate In Practice,2016-10-07T10:44:01Z
2016,REG,BUF,5,00-0030268,C,Patrick Lewis,Patrick,Lewis,Knee,,Out,Knee,,Did Not Participate In Practice,2016-10-07T10:44:12Z
2016,REG,BUF,5,00-0028050,WR,Greg Salas,Greg,Salas,Groin,,Out,Groin,,Did Not Participate In Practice,2016-10-07T10:44:19Z
2016,REG,BUF,5,00-0029658,CB,Corey White,Corey,White,Shoulder,,Out,Shoulder,,Did Not Participate In Practice,2016-10-07T10:44:26Z
2016,REG,BUF,5,00-0028112,TE,Charles Clay,Charles,Clay,Knee,,Questionable,Knee,,Limited Participation in Practice,2016-10-07T10:43:52Z
2016,REG,BUF,5,00-0027941,DT,Marcell Dareus,Marcell,Dareus,Hamstring,,Questionable,Hamstring,,Limited Participation in Practice,2016-10-07T10:43:52Z
2016,REG,BUF,5,00-0026286,RB,Jerome Felton,Jerome,Felton,Back,,Questionable,Back,,Limited Participation in Practice,2016-10-07T10:43:52Z
2016,REG,BUF,5,00-0029542,CB,Stephon Gilmore,Stephon,Gilmore,Ankle,,Questionable,Ankle,,Limited Participation in Practice,2016-10-07T10:43:52Z
2016,REG,BUF,5,00-0029561,T,Cordy Glenn,Cordy,Glenn,Ankle,,Questionable,Ankle,,Limited Participation in Practice,2016-10-07T10:43:52Z
2016,REG,BUF,5,00-0027029,RB,LeSean McCoy,LeSean,McCoy,Hand,,Questionable,Hand,,Limited Participation in Practice,2016-10-07T10:43:52Z
2016,REG,BUF,5,00-0030084,S,Jonathan Meeks,Jonathan,Meeks,Foot,,Questionable,Foot,,Limited Participation in Practice,2016-10-07T10:43:52Z
2016,REG,CAR,5,00-0025446,C,Ryan Kalil,Ryan,Kalil,,,,Knee,,Full Participation in Practice,2016-10-08T10:35:51Z
2016,REG,CAR,5,00-0030455,DT,Star Lotulelei,Star,Lotulelei,,,,Shoulder,,Full Participation in Practice,2016-10-08T10:35:51Z
2016,REG,CAR,5,00-0029164,T,Mike Remmers,Mike,Remmers,,,,Shoulder,,Full Participation in Practice,2016-10-08T10:35:51Z
2016,REG,CAR,5,00-0032890,CB,James Bradberry,James,Bradberry,Foot,,Out,Foot,,Did Not Participate In Practice,2016-10-08T10:37:55Z
2016,REG,CAR,5,00-0032967,DT,Vernon Butler,Vernon,Butler,Ankle,,Out,Ankle,,Did Not Participate In Practice,2016-10-08T10:38:00Z
2016,REG,CAR,5,00-0027939,QB,Cam Newton,Cam,Newton,Concussion,,Out,Concussion,,Did Not Participate In Practice,2016-10-08T10:38:28Z
2016,REG,CAR,5,00-0026999,T,Michael Oher,Michael,Oher,Concussion,,Out,Concussion,,Did Not Participate In Practice,2016-10-08T10:38:37Z
2016,REG,CAR,5,00-0026153,RB,Jonathan Stewart,Jonathan,Stewart,Hamstring,,Out,Hamstring,,Did Not Participate In Practice,2016-10-08T10:38:48Z
2016,REG,CAR,5,00-0023448,LB,Thomas Davis,Thomas,Davis,Hamstring,,Questionable,Hamstring,,Full Participation in Practice,2016-10-08T10:37:46Z
2016,REG,CAR,5,00-0032055,WR,Devin Funchess,Devin,Funchess,Foot,,Questionable,Foot,,Full Participation in Practice,2016-10-08T10:37:46Z
2016,REG,CAR,5,00-0025396,WR,Ted Ginn,Ted,Ginn,Foot,,Questionable,Foot,,Full Participation in Practice,2016-10-08T10:37:46Z
2016,REG,CAR,5,00-0025470,DE,Charles Johnson,Charles,Johnson,Quadricep,,Questionable,Quadricep,,Full Participation in Practice,2016-10-08T10:37:46Z
2016,REG,CAR,5,00-0026069,RB,Mike Tolbert,Mike,Tolbert,Hamstring,,Questionable,Hamstring,,Full Participation in Practice,2016-10-08T10:37:46Z
2016,REG,CHI,5,00-0031545,WR,Kevin White,Kevin,White,Ankle,,Out,Ankle,,Did Not Participate In Practice,2016-10-07T13:18:37Z
2016,REG,CHI,5,00-0024226,QB,Jay Cutler,Jay,Cutler,right Thumb,,Doubtful,right Thumb,,Did Not Participate In Practice,2016-10-07T13:18:50Z
2016,REG,CHI,5,00-0031551,DT,Eddie Goldman,Eddie,Goldman,Ankle,,Doubtful,Ankle,,Did Not Participate In Practice,2016-10-07T13:19:02Z
2016,REG,CHI,5,00-0032776,CB,Deiondre' Hall,Deiondre',Hall,Ankle,,Doubtful,Ankle,,Did Not Participate In Practice,2016-10-07T13:19:14Z
2016,REG,CHI,5,00-0031569,RB,Jeremy Langford,Jeremy,Langford,Ankle,,Doubtful,Ankle,,Did Not Participate In Practice,2016-10-07T13:19:26Z
2016,REG,CHI,5,00-0031095,T,Charles Leno,Charles,Leno,Illness,,Questionable,Illness,,Did Not Participate In Practice,2016-10-07T13:18:19Z
2016,REG,CHI,5,00-0026182,WR,Eddie Royal,Eddie,Royal,Calf,,Questionable,Calf,,Did Not Participate In Practice,2016-10-07T13:18:19Z
2016,REG,CHI,5,00-0033093,DE,Jonathan Bullard,Jonathan,Bullard,Shoulder,,Questionable,Shoulder,,Limited Participation in Practice,2016-10-07T13:18:19Z
2016,REG,CHI,5,00-0031057,RB,Ka'Deem Carey,Ka'Deem,Carey,Hamstring,,Questionable,Hamstring,,Limited Participation in Practice,2016-10-07T13:18:19Z
2016,REG,CHI,5,00-0033072,LB,Leonard Floyd,Leonard,Floyd,Calf,,Questionable,Calf,,Limited Participation in Practice,2016-10-07T13:18:19Z
2016,REG,CHI,5,00-0029137,WR,Alshon Jeffery,Alshon,Jeffery,Knee,,Questionable,Knee,,Limited Participation in Practice,2016-10-07T13:18:19Z
2016,REG,CHI,5,00-0032773,LB,Nick Kwiatkoski,Nick,Kwiatkoski,Elbow,,Questionable,Elbow,,Limited Participation in Practice,2016-10-07T13:18:19Z
2016,REG,CHI,5,00-0027743,CB,Sherrick McManis,Sherrick,McManis,Hamstring,,Questionable,Hamstring,,Limited Participation in Practice,2016-10-07T13:18:19Z
2016,REG,CHI,5,00-0027125,TE,Zach Miller,Zach,Miller,Ribs,,Questionable,Ribs,,Limited Participation in Practice,2016-10-07T13:18:19Z
2016,REG,CHI,5,00-0026180,CB,Tracy Porter,Tracy,Porter,Knee,,Questionable,Knee,,Limited Participation in Practice,2016-10-07T13:18:19Z
2016,REG,CHI,5,00-0026275,G,Josh Sitton,Josh,Sitton,Shoulder,,Questionable,Shoulder,,Limited Participation in Practice,2016-10-07T13:18:19Z
2016,REG,CHI,5,00-0029577,LB,Danny Trevathan,Danny,Trevathan,Thumb,,Questionable,Thumb,,Limited Participation in Practice,2016-10-07T13:18:19Z
2016,REG,CHI,5,00-0027808,LB,Willie Young,Willie,Young,Knee,,Questionable,Knee,,Limited Participation in Practice,2016-10-07T13:18:19Z
2016,REG,CIN,5,00-0031380,CB,Darqueze Dennard,Darqueze,Dennard,,,,Not Injury Related,,Did Not Participate In Practice,2016-10-07T09:25:45Z
2016,REG,CIN,5,00-0031301,RB,Jeremy Hill,Jeremy,Hill,,,,Chest,,Full Participation in Practice,2016-10-07T09:26:40Z
2016,REG,CIN,5,00-0029560,CB,Dre Kirkpatrick,Dre,Kirkpatrick,,,,Hamstring,,Full Participation in Practice,2016-10-07T09:23:21Z
2016,REG,CIN,5,00-0032233,T,Cedric Ogbuehi,Cedric,Ogbuehi,,,,Illness,,Full Participation in Practice,2016-10-07T09:26:51Z
2016,REG,CIN,5,00-0030471,S,Shawn Williams,Shawn,Williams,,,,Thigh,,Full Participation in Practice,2016-10-07T09:26:59Z
2016,REG,CIN,5,00-0030549,TE,Tyler Eifert,Tyler,Eifert,Back,Ankle,Out,Back,Ankle,Did Not Participate In Practice,2016-10-07T09:23:45Z
2016,REG,CIN,5,00-0031291,WR,James Wright,James,Wright,Hamstring,,Doubtful,Hamstring,,Did Not Participate In Practice,2016-10-07T09:24:01Z
2016,REG,CIN,5,00-0028039,G,Clint Boling,Clint,Boling,Shoulder,,Questionable,Shoulder,,Full Participation in Practice,2016-10-07T09:24:20Z
2016,REG,CIN,5,00-0030288,RB,Rex Burkhead,Rex,Burkhead,Hamstring,,Questionable,Hamstring,,Full Participation in Practice,2016-10-07T09:24:42Z
2016,REG,CIN,5,00-0032196,T,Jake Fisher,Jake,Fisher,Back,,Questionable,Back,,Full Participation in Practice,2016-10-07T09:24:58Z
2016,REG,CLE,5,00-0027860,CB,Joe Haden,Joe,Haden,,,,Groin,Thigh,Full Participation in Practice,2016-10-07T10:18:24Z
2016,REG,CLE,5,00-0027918,WR,Andrew Hawkins,Andrew,Hawkins,,,,Calf,,Full Participation in Practice,2016-10-07T10:18:24Z
2016,REG,CLE,5,00-0025390,T,Joe Thomas,Joe,Thomas,,,,Not Injury Related,,Full Participation in Practice,2016-10-07T10:18:24Z
2016,REG,CLE,5,00-0032966,WR,Corey Coleman,Corey,Coleman,Hand,,Out,Hand,,Did Not Participate In Practice,2016-10-07T10:19:50Z
2016,REG,CLE,5,00-0033080,TE,Seth DeValve,Seth,DeValve,Knee,,Out,Knee,,Did Not Participate In Practice,2016-10-07T10:19:56Z
2016,REG,CLE,5,00-0032145,C,Cameron Erving,Cameron,Erving,Chest,Lung,Out,Chest,Lung,Did Not Participate In Practice,2016-10-07T10:20:06Z
2016,REG,CLE,5,00-0021206,QB,Josh McCown,Josh,McCown,left Shoulder,,Out,left Shoulder,,Did Not Participate In Practice,2016-10-07T10:20:24Z
2016,REG,CLE,5,00-0031958,C,Austin Reiter,Austin,Reiter,Knee,,Out,Knee,,Did Not Participate In Practice,2016-10-07T10:20:34Z
2016,REG,CLE,5,00-0031533,TE,Randall Telfer,Randall,Telfer,Ankle,,Out,Ankle,,Did Not Participate In Practice,2016-10-07T10:20:43Z
2016,REG,CLE,5,00-0032198,S,Ibraheim Campbell,Ibraheim,Campbell,Hamstring,,Questionable,Hamstring,,Full Participation in Practice,2016-10-07T10:19:40Z
2016,REG,CLE,5,00-0033129,DE,Carl Nassib,Carl,Nassib,Hand,,Questionable,Hand,,Limited Participation in Practice,2016-10-07T10:19:40Z
2016,REG,CLE,5,00-0024061,CB,Tramon Williams,Tramon,Williams,Shoulder,,Questionable,Shoulder,,Limited Participation in Practice,2016-10-07T10:19:40Z
2016,REG,DAL,5,00-0031997,DE,David Irving,David,Irving,Concussion,,Out,Concussion,,Did Not Participate In Practice,2016-10-07T11:50:34Z
2016,REG,DAL,5,00-0021678,QB,Tony Romo,Tony,Romo,Back,,Out,Back,,Did Not Participate In Practice,2016-10-07T11:50:42Z
2016,REG,DAL,5,00-0027902,WR,Dez Bryant,Dez,Bryant,Knee,,Questionable,Knee,,Did Not Participate In Practice,2016-10-07T11:50:21Z
2016,REG,DAL,5,00-0029004,RB,Lance Dunbar,Lance,Dunbar,Knee,,Questionable,Knee,,Did Not Participate In Practice,2016-10-07T11:50:21Z
2016,REG,DAL,5,00-0032204,T,Chaz Green,Chaz,Green,Foot,,Questionable,Foot,,Did Not Participate In Practice,2016-10-07T11:50:21Z
2016,REG,DAL,5,00-0026283,CB,Orlando Scandrick,Orlando,Scandrick,Hamstring,Hamstring,Questionable,Hamstring,Hamstring,Did Not Participate In Practice,2016-10-07T11:50:21Z
2016,REG,DAL,5,00-0029627,DE,Jack Crawford,Jack,Crawford,Shoulder,,Questionable,Shoulder,,Full Participation in Practice,2016-10-07T11:50:21Z
2016,REG,DAL,5,00-0028172,LB,Andrew Gachkar,Andrew,Gachkar,Neck,,Questionable,Neck,,Full Participation in Practice,2016-10-07T11:50:21Z
2016,REG,DAL,5,00-0031961,LB,Mark Nzeocha,Mark,Nzeocha,Achilles,,Questionable,Achilles,,Full Participation in Practice,2016-10-07T11:50:21Z
2016,REG,DAL,5,00-0028660,K,Dan Bailey,Dan,Bailey,Back,,Questionable,Back,,Limited Participation in Practice,2016-10-07T11:50:21Z
2016,REG,DAL,5,00-0027947,T,Tyron Smith,Tyron,Smith,Back,,Questionable,Back,,Limited Participation in Practice,2016-10-07T11:50:21Z
2016,REG,DEN,5,00-0031039,C,James Ferentz,James,Ferentz,,,,Knee,,Full Participation in Practice,2016-10-07T11:10:23Z
2016,REG,DEN,5,00-0030670,WR,Bennie Fowler,Bennie,Fowler,,,,Elbow,,Full Participation in Practice,2016-10-07T11:10:23Z
2016,REG,DEN,5,00-0032227,TE,Jeff Heuerman,Jeff,Heuerman,,,,Groin,,Full Participation in Practice,2016-10-07T11:10:48Z
2016,REG,DEN,5,00-0032971,S,Justin Simmons,Justin,Simmons,,,,Hand,,Full Participation in Practice,2016-10-07T11:10:23Z
2016,REG,DEN,5,00-0027874,WR,Demaryius Thomas,Demaryius,Thomas,,,,Hip,,Full Participation in Practice,2016-10-07T11:10:31Z
2016,REG,DEN,5,00-0027812,LB,Dekoda Watson,Dekoda,Watson,,,,Elbow,,Full Participation in Practice,2016-10-07T11:10:23Z
2016,REG,DEN,5,00-0029303,DE,Billy Winn,Billy,Winn,,,,Back,,Full Participation in Practice,2016-10-07T11:10:23Z
2016,REG,DEN,5,00-0023445,LB,DeMarcus Ware,DeMarcus,Ware,Forearm,,Out,Forearm,,Did Not Participate In Practice,2016-10-07T11:11:20Z
2016,REG,DEN,5,00-0030523,CB,Kayvon Webster,Kayvon,Webster,Hamstring,,Out,Hamstring,,Did Not Participate In Practice,2016-10-07T11:11:27Z
2016,REG,DEN,5,00-0028142,TE,Virgil Green,Virgil,Green,Calf,,Questionable,Calf,,Limited Participation in Practice,2016-10-07T11:10:32Z
2016,REG,DEN,5,00-0028082,S,Shiloh Keo,Shiloh,Keo,Knee,,Questionable,Knee,,Limited Participation in Practice,2016-10-07T11:10:32Z
2016,REG,DEN,5,00-0032156,QB,Trevor Siemian,Trevor,Siemian,left Shoulder,,Questionable,left Shoulder,,Limited Participation in Practice,2016-10-07T11:10:32Z
2016,REG,DEN,5,00-0029543,T,Donald Stephenson,Donald,Stephenson,Calf,,Questionable,Calf,,Limited Participation in Practice,2016-10-07T11:10:32Z
2016,REG,DET,5,00-0031176,CB,Nevin Lawson,Nevin,Lawson,,,,Illness,,Full Participation in Practice,2016-10-07T12:58:49Z
2016,REG,DET,5,00-0030059,DE,Ezekiel Ansah,Ezekiel,Ansah,Ankle,,Out,Ankle,,Did Not Participate In Practice,2016-10-07T12:59:05Z
2016,REG,DET,5,00-0031387,TE,Eric Ebron,Eric,Ebron,Ankle,Knee,Out,Ankle,Knee,Did Not Participate In Practice,2016-10-07T12:59:16Z
2016,REG,DET,5,00-0027050,LB,DeAndre Levy,DeAndre,Levy,Quadricep,Knee,Out,Quadricep,Knee,Did Not Participate In Practice,2016-10-07T12:59:27Z
2016,REG,DET,5,00-0032450,RB,Dwayne Washington,Dwayne,Washington,Ankle,,Doubtful,Ankle,,Did Not Participate In Practice,2016-10-07T12:59:11Z
2016,REG,DET,5,00-0029293,WR,Marvin Jones,Marvin,Jones,Foot,,Questionable,Foot,,Full Participation in Practice,2016-10-07T12:58:57Z
2016,REG,DET,5,00-0029410,S,Tavon Wilson,Tavon,Wilson,Neck,,Questionable,Neck,,Full Participation in Practice,2016-10-07T12:58:57Z
2016,REG,DET,5,00-0027124,S,Don Carey,Don,Carey,Ribs,,Questionable,Ribs,,Limited Participation in Practice,2016-10-07T12:58:57Z
2016,REG,GB,5,00-0027676,S,Morgan Burnett,Morgan,Burnett,,,,Groin,,Full Participation in Practice,2016-10-07T11:59:33Z
2016,REG,GB,5,00-0026292,DT,Letroy Guion,Letroy,Guion,,,,Knee,,Full Participation in Practice,2016-10-07T11:59:33Z
2016,REG,GB,5,00-0030576,LB,Datone Jones,Datone,Jones,,,,Knee,,Full Participation in Practice,2016-10-07T11:59:33Z
2016,REG,GB,5,00-0031612,RB,Aaron Ripkowski,Aaron,Ripkowski,,,,Back,,Full Participation in Practice,2016-10-07T11:59:33Z
2016,REG,GB,5,00-0027002,LB,Clay Matthews,Clay,Matthews,,,,Ankle,Hamstring,Limited Participation in Practice,2016-10-07T11:59:33Z
2016,REG,GB,5,00-0027061,TE,Jared Cook,Jared,Cook,Ankle,,Out,Ankle,,Did Not Participate In Practice,2016-10-07T11:59:58Z
2016,REG,GB,5,00-0027440,CB,Sam Shields,Sam,Shields,Concussion,,Out,Concussion,,Did Not Participate In Practice,2016-10-07T12:00:21Z
2016,REG,GB,5,00-0032251,CB,Damarious Randall,Damarious,Randall,Groin,,Questionable,Groin,,Limited Participation in Practice,2016-10-07T11:59:46Z
2016,REG,HOU,5,00-0031138,LB,Max Bullough,Max,Bullough,,,,Illness,,Full Participation in Practice,2016-10-07T11:23:51Z
2016,REG,HOU,5,00-0026991,LB,Brian Cushing,Brian,Cushing,,,,Knee,,Full Participation in Practice,2016-10-07T11:23:42Z
2016,REG,HOU,5,00-0030263,CB,Charles James,Charles,James,,,,Hand,,Full Participation in Practice,2016-10-07T11:23:42Z
2016,REG,HOU,5,00-0033069,WR,Braxton Miller,Braxton,Miller,,,,Hamstring,,Full Participation in Practice,2016-10-07T11:23:42Z
2016,REG,HOU,5,00-0030442,LB,John Simon,John,Simon,,,,Wrist,,Full Participation in Practice,2016-10-07T11:23:42Z
2016,REG,HOU,5,00-0030083,G,Oday Aboushi,Oday,Aboushi,,,,Toe,,Limited Participation in Practice,2016-10-07T11:23:42Z
2016,REG,HOU,5,00-0031302,TE,C.J. Fiedorowicz,C.J.,Fiedorowicz,,,,Knee,,Limited Participation in Practice,2016-10-07T11:23:42Z
2016,REG,HOU,5,00-0028152,T,Derek Newton,Derek,Newton,,,,Knee,,Limited Participation in Practice,2016-10-07T11:23:42Z
2016,REG,HOU,5,00-0032725,TE,Stephen Anderson,Stephen,Anderson,Hamstring,,Out,Hamstring,,Did Not Participate In Practice,2016-10-07T11:24:15Z
2016,REG,HOU,5,00-0029510,RB,Jonathan Grimes,Jonathan,Grimes,Ankle,,Out,Ankle,,Did Not Participate In Practice,2016-10-07T11:24:23Z
2016,REG,HOU,5,00-0026166,T,Duane Brown,Duane,Brown,Knee,,Questionable,Knee,,Limited Participation in Practice,2016-10-07T11:23:56Z
2016,REG,HOU,5,00-0027872,CB,Kareem Jackson,Kareem,Jackson,Hamstring,,Questionable,Hamstring,,Limited Participation in Practice,2016-10-07T11:23:56Z
2016,REG,IND,5,00-0027001,CB,Vontae Davis,Vontae,Davis,,,,Not Injury Related,,Did Not Participate In Practice,2016-10-07T12:18:16Z
2016,REG,IND,5,00-0023500,RB,Frank Gore,Frank,Gore,,,,Chest,,Full Participation in Practice,2016-10-07T12:09:18Z
2016,REG,IND,5,00-0024249,LB,D'Qwell Jackson,D'Qwell,Jackson,,,,Not Injury Related,,Full Participation in Practice,2016-10-07T12:11:27Z
2016,REG,IND,5,00-0026206,DE,Kendall Langford,Kendall,Langford,,,,Not Injury Related,,Full Participation in Practice,2016-10-07T12:13:14Z
2016,REG,IND,5,00-0029668,QB,Andrew Luck,Andrew,Luck,,,,Right Shoulder,,Full Participation in Practice,2016-10-07T12:13:36Z
2016,REG,IND,5,00-0026307,LB,Erik Walden,Erik,Walden,,,,Chest,,Full Participation in Practice,2016-10-07T12:09:18Z
2016,REG,IND,5,00-0030649,C,Jonotthan Harrison,Jonotthan,Harrison,Illness,,Out,Illness,,Did Not Participate In Practice,2016-10-07T12:11:06Z
2016,REG,IND,5,00-0031339,WR,Donte Moncrief,Donte,Moncrief,Shoulder,,Out,Shoulder,,Did Not Participate In Practice,2016-10-07T12:15:41Z
2016,REG,IND,5,00-0022059,LB,Robert Mathis,Robert,Mathis,Foot,,Questionable,Foot,,Did Not Participate In Practice,2016-10-07T12:15:15Z
2016,REG,IND,5,00-0029273,RB,Robert Turbin,Robert,Turbin,Wrist,Shoulder,Questionable,Wrist,Shoulder,Did Not Participate In Practice,2016-10-07T12:17:07Z
2016,REG,IND,5,00-0027017,CB,Darius Butler,Darius,Butler,Hamstring,,Questionable,Hamstring,,Full Participation in Practice,2016-10-07T12:09:50Z
2016,REG,IND,5,00-0031632,T,Denzelle Good,Denzelle,Good,Back,,Questionable,Back,,Full Participation in Practice,2016-10-07T12:10:25Z
2016,REG,IND,5,00-0026408,T,Joe Reitz,Joe,Reitz,Back,,Questionable,Back,,Full Participation in Practice,2016-10-07T12:09:25Z
2016,REG,LA,5,00-0029630,DT,Michael Brockers,Michael,Brockers,Hip,,Questionable,Hip,,Did Not Participate In Practice,2016-10-07T12:59:50Z
2016,REG,LA,5,00-0026243,DE,William Hayes,William,Hayes,Ankle,,Questionable,Ankle,,Did Not Participate In Practice,2016-10-07T12:59:50Z
2016,REG,LA,5,00-0027952,DE,Robert Quinn,Robert,Quinn,Shoulder,,Questionable,Shoulder,,Did Not Participate In Practice,2016-10-07T12:59:50Z
2016,REG,LA,5,00-0027006,WR,Kenny Britt,Kenny,Britt,Thigh,,Questionable,Thigh,,Full Participation in Practice,2016-10-07T12:59:50Z
2016,REG,LA,5,00-0029795,RB,Benny Cunningham,Benny,Cunningham,Thigh,,Questionable,Thigh,,Limited Participation in Practice,2016-10-07T12:59:50Z
2016,REG,LA,5,00-0029764,S,Cody Davis,Cody,Davis,Groin,,Questionable,Groin,,Limited Participation in Practice,2016-10-07T12:59:50Z
2016,REG,MIA,5,00-0028040,TE,Jordan Cameron,Jordan,Cameron,Concussion,,Out,Concussion,,Did Not Participate In Practice,2016-10-07T12:40:36Z
2016,REG,MIA,5,00-0033050,CB,Xavien Howard,Xavien,Howard,Knee,,Out,Knee,,Did Not Participate In Practice,2016-10-07T12:40:55Z
2016,REG,MIA,5,00-0027883,LB,Koa Misi,Koa,Misi,Neck,,Out,Neck,,Did Not Participate In Practice,2016-10-07T12:41:15Z
2016,REG,MIA,5,00-0026796,RB,Arian Foster,Arian,Foster,Hamstring,,Doubtful,Hamstring,,Limited Participation in Practice,2016-10-07T12:40:46Z
2016,REG,MIA,5,00-0026155,T,Branden Albert,Branden,Albert,Ankle,Illness,Questionable,Ankle,Illness,Limited Participation in Practice,2016-10-07T12:40:25Z
2016,REG,MIA,5,00-0030384,LB,Jelani Jenkins,Jelani,Jenkins,Groin,,Questionable,Groin,,Limited Participation in Practice,2016-10-07T12:40:25Z
2016,REG,MIA,5,00-0027953,C,Mike Pouncey,Mike,Pouncey,Hip,,Questionable,Hip,,Limited Participation in Practice,2016-10-07T12:40:25Z
2016,REG,MIA,5,00-0030887,G,Anthony Steen,Anthony,Steen,Ankle,,Questionable,Ankle,,Limited Participation in Practice,2016-10-07T12:40:25Z
2016,REG,MIN,5,00-0031256,LB,Anthony Barr,Anthony,Barr,,,,Wrist,,Full Participation in Practice,2016-10-07T10:45:52Z
2016,REG,MIN,5,00-0030575,CB,Xavier Rhodes,Xavier,Rhodes,,,,Knee,,Full Participation in Practice,2016-10-07T10:45:52Z
2016,REG,MIN,5,00-0027981,TE,Kyle Rudolph,Kyle,Rudolph,,,,Rib,,Full Participation in Practice,2016-10-07T10:46:01Z
2016,REG,MIN,5,00-0030923,T,Jeremiah Sirles,Jeremiah,Sirles,,,,Ankle,,Full Participation in Practice,2016-10-07T10:45:52Z
2016,REG,MIN,5,00-0026762,G,Alex Boone,Alex,Boone,,,,Knee,,Limited Participation in Practice,2016-10-07T10:46:28Z
2016,REG,MIN,5,00-0030574,DT,Sharrif Floyd,Sharrif,Floyd,Knee,,Out,Knee,,Did Not Participate In Practice,2016-10-07T10:47:39Z
2016,REG,MIN,5,00-0032430,TE,David Morgan,David,Morgan,Knee,,Out,Knee,,Did Not Participate In Practice,2016-10-07T10:47:21Z
2016,REG,MIN,5,00-0026982,T,Andre Smith,Andre,Smith,Elbow,,Out,Elbow,,Did Not Participate In Practice,2016-10-07T10:47:07Z
2016,REG,MIN,5,00-0031588,WR,Stefon Diggs,Stefon,Diggs,Groin,,Doubtful,Groin,,Did Not Participate In Practice,2016-10-07T10:46:58Z
2016,REG,MIN,5,00-0029587,TE,Rhett Ellison,Rhett,Ellison,Knee,,Doubtful,Knee,,Did Not Participate In Practice,2016-10-07T10:46:51Z
2016,REG,NE,5,00-0029239,RB,Brandon Bolden,Brandon,Bolden,Knee,,Out,Knee,,Did Not Participate In Practice,2016-10-07T12:42:22Z
2016,REG,NE,5,00-0033119,QB,Jacoby Brissett,Jacoby,Brissett,right Thumb,,Out,right Thumb,,Did Not Participate In Practice,2016-10-07T12:42:30Z
2016,REG,NE,5,00-0029250,LB,Shea McClellin,Shea,McClellin,Concussion,,Out,Concussion,,Did Not Participate In Practice,2016-10-07T12:42:40Z
2016,REG,NE,5,00-0032396,DT,Vincent Valentine,Vincent,Valentine,Back,,Questionable,Back,,Did Not Participate In Practice,2016-10-07T12:40:18Z
2016,REG,NE,5,00-0027325,RB,LeGarrette Blount,LeGarrette,Blount,Hip,,Questionable,Hip,,Limited Participation in Practice,2016-10-07T12:40:18Z
2016,REG,NE,5,00-0028076,T,Marcus Cannon,Marcus,Cannon,Calf,,Questionable,Calf,,Limited Participation in Practice,2016-10-07T12:40:18Z
2016,REG,NE,5,00-0027150,WR,Julian Edelman,Julian,Edelman,Foot,,Questionable,Foot,,Limited Participation in Practice,2016-10-07T12:40:18Z
2016,REG,NE,5,00-0028454,LB,Jonathan Freeny,Jonathan,Freeny,Shoulder,,Questionable,Shoulder,,Limited Participation in Practice,2016-10-07T12:40:18Z
2016,REG,NE,5,00-0031345,QB,Jimmy Garoppolo,Jimmy,Garoppolo,right Shoulder,,Questionable,right Shoulder,,Limited Participation in Practice,2016-10-07T12:40:18Z
2016,REG,NE,5,00-0027656,TE,Rob Gronkowski,Rob,Gronkowski,Hamstring,,Questionable,Hamstring,,Limited Participation in Practice,2016-10-07T12:40:18Z
2016,REG,NE,5,00-0029669,LB,Dont'a Hightower,Dont'a,Hightower,Knee,,Questionable,Knee,,Limited Participation in Practice,2016-10-07T12:40:18Z
2016,REG,NE,5,00-0032391,G,Joe Thuney,Joe,Thuney,Shoulder,,Questionable,Shoulder,,Limited Participation in Practice,2016-10-07T12:40:18Z
2016,REG,NYG,5,00-0031006,DT,Robert Thomas,Robert,Thomas,,,,Illness,,Full Participation in Practice,2016-10-07T10:53:29Z
2016,REG,NYG,5,00-0031238,C,Weston Richburg,Weston,Richburg,,,,Hand,,Limited Participation in Practice,2016-10-07T10:53:47Z
2016,REG,NYG,5,00-0029693,DE,Olivier Vernon,Olivier,Vernon,,,,Wrist,,Limited Participation in Practice,2016-10-07T10:53:29Z
2016,REG,NYG,5,00-0031070,S,Nat Berhe,Nat,Berhe,Concussion,,Out,Concussion,,Did Not Participate In Practice,2016-10-07T10:54:17Z
2016,REG,NYG,5,00-0028838,TE,Larry Donnell,Larry,Donnell,Concussion,,Out,Concussion,,Did Not Participate In Practice,2016-10-07T10:54:25Z
2016,REG,NYG,5,00-0027768,T,Marshall Newhouse,Marshall,Newhouse,Calf,,Out,Calf,,Did Not Participate In Practice,2016-10-07T10:54:34Z
2016,REG,NYG,5,00-0033083,S,Darian Thompson,Darian,Thompson,Foot,,Out,Foot,,Did Not Participate In Practice,2016-10-07T10:54:51Z
2016,REG,NYG,5,00-0032379,CB,Eli Apple,Eli,Apple,Hamstring,,Questionable,Hamstring,,Limited Participation in Practice,2016-10-07T10:54:05Z
2016,REG,NYG,5,00-0027155,RB,Rashad Jennings,Rashad,Jennings,Thumb,,Questionable,Thumb,,Limited Participation in Practice,2016-10-07T10:54:05Z
2016,REG,NYG,5,00-0026156,CB,Dominique Rodgers-Cromartie,Dominique,Rodgers-Cromartie,Groin,,Questionable,Groin,,Limited Participation in Practice,2016-10-07T10:54:05Z
2016,REG,NYJ,5,00-0032688,WR,Robby Anderson,Robby,Anderson,,,,Back,,Full Participation in Practice,2016-10-07T11:40:30Z
2016,REG,NYJ,5,00-0026184,RB,Matt Forte,Matt,Forte,,,,Knee,Ribs,Full Participation in Practice,2016-10-07T11:40:30Z
2016,REG,NYJ,5,00-0024334,WR,Brandon Marshall,Brandon,Marshall,,,,Foot,,Full Participation in Practice,2016-10-07T11:40:30Z
2016,REG,NYJ,5,00-0031564,LB,Lorenzo Mauldin,Lorenzo,Mauldin,,,,Illness,,Full Participation in Practice,2016-10-07T11:40:30Z
2016,REG,NYJ,5,00-0028249,WR,Jeremy Ross,Jeremy,Ross,,,,Hamstring,,Full Participation in Practice,2016-10-07T11:40:30Z
2016,REG,NYJ,5,00-0028075,CB,Buster Skrine,Buster,Skrine,,,,Foot,,Full Participation in Practice,2016-10-07T11:40:30Z
2016,REG,NYJ,5,00-0026152,T,Ryan Clady,Ryan,Clady,,,,Shoulder,,Limited Participation in Practice,2016-10-07T11:40:30Z
2016,REG,NYJ,5,00-0027968,DE,Muhammad Wilkerson,Muhammad,Wilkerson,,,,Ankle,,Limited Participation in Practice,2016-10-07T11:40:30Z
2016,REG,NYJ,5,00-0032515,TE,Braedon Bowman,Braedon,Bowman,Knee,,Out,Knee,,Did Not Participate In Practice,2016-10-07T11:40:56Z
2016,REG,NYJ,5,00-0027690,WR,Eric Decker,Eric,Decker,Shoulder,,Out,Shoulder,,Did Not Participate In Practice,2016-10-07T11:41:34Z
2016,REG,NYJ,5,00-0031568,QB,Bryce Petty,Bryce,Petty,right Shoulder,,Out,right Shoulder,,Did Not Participate In Practice,2016-10-07T11:41:15Z
2016,REG,NYJ,5,00-0030066,G,Brian Winters,Brian,Winters,Concussion,,Out,Concussion,,Did Not Participate In Practice,2016-10-07T11:41:21Z
2016,REG,NYJ,5,00-0025401,CB,Darrelle Revis,Darrelle,Revis,Hamstring,,Doubtful,Hamstring,,Did Not Participate In Practice,2016-10-07T11:41:46Z
2016,REG,NYJ,5,00-0032694,WR,Jalin Marshall,Jalin,Marshall,Shoulder,,Doubtful,Shoulder,,Limited Participation in Practice,2016-10-07T11:41:54Z
2016,REG,NYJ,5,00-0031023,WR,Quincy Enunwa,Quincy,Enunwa,Knee,,Questionable,Knee,,Did Not Participate In Practice,2016-10-07T11:40:46Z
2016,REG,OAK,5,00-0027652,S,Nate Allen,Nate,Allen,Quadricep,,Out,Quadricep,,Did Not Participate In Practice,2016-10-07T12:34:38Z
2016,REG,OAK,5,00-0030513,RB,Latavius Murray,Latavius,Murray,Toe,,Out,Toe,,Did Not Participate In Practice,2016-10-07T12:34:47Z
2016,REG,OAK,5,00-0030579,T,Menelik Watson,Menelik,Watson,Calf,,Out,Calf,,Did Not Participate In Practice,2016-10-07T12:34:54Z
2016,REG,OAK,5,00-0027297,T,Austin Howard,Austin,Howard,Ankle,,Questionable,Ankle,,Limited Participation in Practice,2016-10-07T12:34:13Z
2016,REG,OAK,5,00-0028063,RB,Taiwan Jones,Taiwan,Jones,Knee,,Questionable,Knee,,Limited Participation in Practice,2016-10-07T12:34:13Z
2016,REG,OAK,5,00-0029302,T,Matt McCants,Matt,McCants,Knee,,Questionable,Knee,,Limited Participation in Practice,2016-10-07T12:34:13Z
2016,REG,OAK,5,00-0028180,LB,Malcolm Smith,Malcolm,Smith,Quadricep,,Questionable,Quadricep,,Limited Participation in Practice,2016-10-07T12:34:13Z
2016,REG,OAK,5,00-0032256,TE,Clive Walford,Clive,Walford,Knee,,Questionable,Knee,,Limited Participation in Practice,2016-10-07T12:34:13Z
2016,REG,PHI,5,00-0030061,TE,Zach Ertz,Zach,Ertz,,,,Rib,,Full Participation in Practice,2016-10-07T10:50:39Z
2016,REG,PHI,5,00-0027378,S,Chris Maragos,Chris,Maragos,,,,Elbow,,Full Participation in Practice,2016-10-07T10:50:39Z
2016,REG,PHI,5,00-0027864,RB,Ryan Mathews,Ryan,Mathews,,,,Ankle,,Full Participation in Practice,2016-10-07T10:50:39Z
2016,REG,PHI,5,00-0026151,CB,Leodis McKelvin,Leodis,McKelvin,,,,Hamstring,,Full Participation in Practice,2016-10-07T10:50:39Z
2016,REG,PHI,5,00-0032954,G,Isaac Seumalo,Isaac,Seumalo,,,,Pectoral,,Full Participation in Practice,2016-10-07T10:50:39Z
2016,REG,PHI,5,00-0030507,DT,Bennie Logan,Bennie,Logan,Calf,,Questionable,Calf,,Did Not Participate In Practice,2016-10-07T10:51:11Z
2016,REG,PIT,5,00-0024242,RB,DeAngelo Williams,DeAngelo,Williams,,,,Not Injury Related,,Did Not Participate In Practice,2016-10-05T12:33:36Z
2016,REG,PIT,5,00-0031956,LB,Anthony Chickillo,Anthony,Chickillo,,,,Knee,,Full Participation in Practice,2016-10-07T10:10:34Z
2016,REG,PIT,5,00-0026561,G,Ramon Foster,Ramon,Foster,,,,Chest,,Full Participation in Practice,2016-10-07T10:10:34Z
2016,REG,PIT,5,00-0026983,WR,Darrius Heyward-Bey,Darrius,Heyward-Bey,,,,Shoulder,,Full Participation in Practice,2016-10-07T10:10:34Z
2016,REG,PIT,5,00-0030499,LB,Jarvis Jones,Jarvis,Jones,,,,Ankle,,Full Participation in Practice,2016-10-07T10:16:16Z
2016,REG,PIT,5,00-0031438,CB,Justin Gilbert,Justin,Gilbert,Knee,,Out,Knee,,Did Not Participate In Practice,2016-10-07T10:17:33Z
2016,REG,PIT,5,00-0028001,T,Marcus Gilbert,Marcus,Gilbert,Ankle,,Out,Ankle,,Did Not Participate In Practice,2016-10-07T10:17:37Z
2016,REG,PIT,5,00-0028954,S,Robert Golden,Robert,Golden,Hamstring,,Out,Hamstring,,Did Not Participate In Practice,2016-10-07T10:17:40Z
2016,REG,PIT,5,00-0032105,CB,Senquez Golson,Senquez,Golson,Foot,,Out,Foot,,Did Not Participate In Practice,2016-10-07T10:17:42Z
2016,REG,PIT,5,00-0025457,T,Ryan Harris,Ryan,Harris,Shin,,Out,Shin,,Did Not Participate In Practice,2016-10-07T10:17:48Z
2016,REG,PIT,5,00-0031782,WR,Eli Rogers,Eli,Rogers,Toe,,Out,Toe,,Did Not Participate In Practice,2016-10-07T10:17:54Z
2016,REG,PIT,5,00-0031365,LB,Ryan Shazier,Ryan,Shazier,Knee,,Out,Knee,,Did Not Participate In Practice,2016-10-07T10:17:58Z
2016,REG,PIT,5,00-0026247,C,Cody Wallace,Cody,Wallace,Knee,,Out,Knee,,Did Not Participate In Practice,2016-10-07T10:18:01Z
2016,REG,PIT,5,00-0030741,RB,Roosevelt Nix,Roosevelt,Nix,Back,,Out,Back,,Full Participation in Practice,2016-10-07T10:17:51Z
2016,REG,SD,5,00-0031334,CB,Jason Verrett,Jason,Verrett,,,,Knee,,Did Not Participate In Practice,2016-10-06T13:15:45Z
2016,REG,SD,5,00-0033156,DE,Joey Bosa,Joey,Bosa,,,,Hamstring,,Full Participation in Practice,2016-10-07T12:38:59Z
2016,REG,SD,5,00-0027984,G,Orlando Franklin,Orlando,Franklin,,,,Knee,,Full Participation in Practice,2016-10-07T12:38:59Z
2016,REG,SD,5,00-0028060,T,Chris Hairston,Chris,Hairston,,,,Groin,,Full Participation in Practice,2016-10-07T12:38:59Z
2016,REG,SD,5,00-0032894,LB,Joshua Perry,Joshua,Perry,,,,Knee,,Full Participation in Practice,2016-10-07T12:38:59Z
2016,REG,SD,5,00-0030312,S,Jahleel Addae,Jahleel,Addae,Collarbone,,Out,Collarbone,,Did Not Participate In Practice,2016-10-07T12:40:34Z
2016,REG,SD,5,00-0032081,LB,Nick Dzubnar,Nick,Dzubnar,Knee,,Out,Knee,,Did Not Participate In Practice,2016-10-07T12:40:44Z
2016,REG,SD,5,00-0026175,CB,Brandon Flowers,Brandon,Flowers,Concussion,,Out,Concussion,,Did Not Participate In Practice,2016-10-07T12:40:51Z
2016,REG,SD,5,00-0032103,LB,Denzel Perryman,Denzel,Perryman,Shoulder,,Questionable,Shoulder,,Did Not Participate In Practice,2016-10-07T12:40:22Z
2016,REG,SD,5,00-0028030,T,Joe Barksdale,Joe,Barksdale,Foot,,Questionable,Foot,,Full Participation in Practice,2016-10-07T12:40:22Z
2016,REG,SD,5,00-0026370,T,King Dunlap,King,Dunlap,Illness,,Questionable,Illness,,Full Participation in Practice,2016-10-07T12:40:22Z
2016,REG,SD,5,00-0021547,TE,Antonio Gates,Antonio,Gates,Hamstring,,Questionable,Hamstring,,Full Participation in Practice,2016-10-07T12:40:22Z
2016,REG,SD,5,00-0032106,CB,Craig Mager,Craig,Mager,Shoulder,,Questionable,Shoulder,,Full Participation in Practice,2016-10-07T12:40:22Z
2016,REG,SF,5,00-0032164,DT,Arik Armstead,Arik,Armstead,,,,Shoulder,,Full Participation in Practice,2016-10-05T12:30:24Z
2016,REG,SF,5,00-0027658,G,Zane Beadles,Zane,Beadles,,,,Ankle,,Full Participation in Practice,2016-10-05T12:30:35Z
2016,REG,SF,5,00-0030317,S,Marcus Cromartie,Marcus,Cromartie,,,,Ankle,,Full Participation in Practice,2016-10-05T12:30:24Z
2016,REG,SF,5,00-0030917,CB,Chris Davis,Chris,Davis,,,,Quadricep,,Full Participation in Practice,2016-10-05T12:30:43Z
2016,REG,SF,5,00-0030088,DT,Quinton Dial,Quinton,Dial,,,,Knee,,Full Participation in Practice,2016-10-05T12:30:24Z
2016,REG,SF,5,00-0029890,DT,Mike Purcell,Mike,Purcell,,,,Ankle,,Full Participation in Practice,2016-10-05T12:30:24Z
2016,REG,SF,5,00-0031020,CB,Keith Reaser,Keith,Reaser,,,,Ankle,,Full Participation in Practice,2016-10-05T12:30:24Z
2016,REG,SF,5,00-0032057,S,Jaquiski Tartt,Jaquiski,Tartt,,,,Knee,,Full Participation in Practice,2016-10-05T12:30:24Z
2016,REG,SF,5,00-0029661,G,Andrew Tiller,Andrew,Tiller,,,,Ankle,,Full Participation in Practice,2016-10-05T12:30:24Z
2016,REG,SF,5,00-0027894,LB,Navorro Bowman,Navorro,Bowman,Achilles,,Out,Achilles,,Did Not Participate In Practice,2016-10-05T12:32:00Z
2016,REG,SF,5,00-0032378,DT,DeForest Buckner,DeForest,Buckner,Foot,,Out,Foot,,Did Not Participate In Practice,2016-10-05T12:32:08Z
2016,REG,SF,5,00-0031298,CB,Jimmie Ward,Jimmie,Ward,Quadricep,,Out,Quadricep,,Did Not Participate In Practice,2016-10-05T12:32:18Z
2016,REG,SF,5,00-0026145,DT,Glenn Dorsey,Glenn,Dorsey,Knee,,Questionable,Knee,,Limited Participation in Practice,2016-10-05T12:31:18Z
2016,REG,SF,5,00-0028091,WR,Jeremy Kerley,Jeremy,Kerley,Ankle,,Questionable,Ankle,,Limited Participation in Practice,2016-10-05T12:31:18Z
2016,REG,SF,5,00-0030470,TE,Vance McDonald,Vance,McDonald,Hip,,Questionable,Hip,,Limited Participation in Practice,2016-10-05T12:31:18Z
2016,REG,TB,5,00-0028052,WR,Cecil Shorts,Cecil,Shorts,Hamstring,,Out,Hamstring,,Did Not Participate In Practice,2016-10-08T08:53:48Z
2016,REG,TB,5,00-0026994,DE,Robert Ayers,Robert,Ayers,Ankle,,Doubtful,Ankle,,Did Not Participate In Practice,2016-10-08T08:53:12Z
2016,REG,TB,5,00-0029613,RB,Doug Martin,Doug,Martin,Hamstring,,Doubtful,Hamstring,,Did Not Participate In Practice,2016-10-08T08:53:19Z
2016,REG,TB,5,00-0027856,DT,Gerald McCoy,Gerald,McCoy,Calf,,Doubtful,Calf,,Did Not Participate In Practice,2016-10-08T08:53:28Z
2016,REG,TB,5,00-0026964,DT,Clinton McDonald,Clinton,McDonald,Hamstring,,Doubtful,Hamstring,,Did Not Participate In Practice,2016-10-08T08:53:40Z
2016,REG,TB,5,00-0031390,RB,Charles Sims,Charles,Sims,Knee,,Doubtful,Knee,,Did Not Participate In Practice,2016-10-08T08:54:03Z
2016,REG,TB,5,00-0028042,TE,Luke Stocker,Luke,Stocker,Ankle,,Doubtful,Ankle,,Limited Participation in Practice,2016-10-08T08:54:15Z
2016,REG,TB,5,00-0024183,CB,Brent Grimes,Brent,Grimes,Hamstring,,Questionable,Hamstring,,Full Participation in Practice,2016-10-08T08:53:05Z
2016,REG,TB,5,00-0027135,TE,Brandon Myers,Brandon,Myers,Hip,,Questionable,Hip,,Full Participation in Practice,2016-10-08T08:53:05Z
2016,REG,TB,5,00-0026784,C,Evan Smith,Evan,Smith,Back,,Questionable,Back,,Full Participation in Practice,2016-10-08T08:53:05Z
2016,REG,TB,5,00-0029422,S,Keith Tandy,Keith,Tandy,Calf,,Questionable,Calf,,Full Participation in Practice,2016-10-08T08:53:05Z
2016,REG,TB,5,00-0032952,DE,Noah Spence,Noah,Spence,Shoulder,,Questionable,Shoulder,,Limited Participation in Practice,2016-10-08T08:53:05Z
2016,REG,TEN,5,00-0033057,T,Jack Conklin,Jack,Conklin,,,,Shoulder,,Full Participation in Practice,2016-10-07T10:45:32Z
2016,REG,TEN,5,00-0032041,CB,Cody Riggs,Cody,Riggs,Hamstring,,Out,Hamstring,,Did Not Participate In Practice,2016-10-07T10:46:33Z
2016,REG,TEN,5,00-0028038,S,Da'Norris Searcy,Da'Norris,Searcy,Ankle,,Out,Ankle,,Did Not Participate In Practice,2016-10-07T10:46:40Z
2016,REG,TEN,5,00-0027723,DT,Al Woods,Al,Woods,Calf,,Out,Calf,,Did Not Participate In Practice,2016-10-07T10:46:47Z
2016,REG,TEN,5,00-0031042,TE,Jace Amaro,Jace,Amaro,Shoulder,,Questionable,Shoulder,,Full Participation in Practice,2016-10-07T10:46:14Z
2016,REG,WAS,5,00-0026512,DE,Chris Baker,Chris,Baker,,,,Elbow,Toe,Full Participation in Practice,2016-10-07T11:27:25Z
2016,REG,WAS,5,00-0032371,RB,Rob Kelley,Rob,Kelley,,,,Finger,,Full Participation in Practice,2016-10-07T11:27:25Z
2016,REG,WAS,5,00-0031300,LB,Trent Murphy,Trent,Murphy,,,,Shoulder,,Full Participation in Practice,2016-10-07T11:27:25Z
2016,REG,WAS,5,00-0029285,CB,Josh Norman,Josh,Norman,,,,Hand,,Full Participation in Practice,2016-10-07T11:27:25Z
2016,REG,WAS,5,00-0027857,T,Trent Williams,Trent,Williams,,,,Knee,,Full Participation in Practice,2016-10-07T11:27:39Z
2016,REG,WAS,5,00-0031052,CB,Bashaud Breeland,Bashaud,Breeland,Ankle,,Out,Ankle,,Did Not Participate In Practice,2016-10-07T11:28:26Z
2016,REG,WAS,5,00-0032767,S,Su'a Cravens,Su'a,Cravens,Concussion,,Out,Concussion,,Did Not Participate In Practice,2016-10-07T11:28:29Z
2016,REG,WAS,5,00-0032760,WR,Josh Doctson,Josh,Doctson,Achilles,,Out,Achilles,,Did Not Participate In Practice,2016-10-07T11:28:33Z
2016,REG,WAS,5,00-0030963,CB,Dashaun Phillips,Dashaun,Phillips,Hamstring,,Out,Hamstring,,Did Not Participate In Practice,2016-10-07T11:28:39Z
2016,REG,WAS,5,00-0027954,LB,Ryan Kerrigan,Ryan,Kerrigan,Elbow,,Questionable,Elbow,,Full Participation in Practice,2016-10-07T11:28:15Z
2016,REG,WAS,5,00-0027694,G,Shawn Lauvao,Shawn,Lauvao,Ankle,,Questionable,Ankle,,Full Participation in Practice,2016-10-07T11:28:15Z
2016,REG,ARI,6,00-0029530,CB,Justin Bethel,Justin,Bethel,,,,Foot,,Full Participation in Practice,2016-10-15T13:33:16Z
2016,REG,ARI,6,00-0029738,TE,Darren Fells,Darren,Fells,,,,Shoulder,,Full Participation in Practice,2016-10-15T13:33:08Z
2016,REG,ARI,6,00-0030883,DT,Josh Mauro,Josh,Mauro,,,,Chest,,Full Participation in Practice,2016-10-15T13:33:08Z
2016,REG,ARI,6,00-0030382,LB,Kevin Minter,Kevin,Minter,,,,Concussion,,Full Participation in Practice,2016-10-15T13:33:08Z
2016,REG,ARI,6,00-0021429,QB,Carson Palmer,Carson,Palmer,,,,Concussion,,Full Participation in Practice,2016-10-15T13:33:08Z
2016,REG,ARI,6,00-0024306,DT,Frostee Rucker,Frostee,Rucker,,,,Knee,,Full Participation in Practice,2016-10-15T13:33:08Z
2016,REG,ARI,6,00-0031265,DT,Ed Stinson,Ed,Stinson,Toe,,Out,Toe,,Did Not Participate In Practice,2016-10-15T13:33:59Z
2016,REG,ARI,6,00-0027869,G,Mike Iupati,Mike,Iupati,Ankle,,Doubtful,Ankle,,Did Not Participate In Practice,2016-10-15T13:33:44Z
2016,REG,ATL,6,00-0032401,LB,De'Vondre Campbell,De'Vondre,Campbell,,,,Ankle,,Full Participation in Practice,2016-10-14T13:47:41Z
2016,REG,ATL,6,00-0021146,DE,Dwight Freeney,Dwight,Freeney,,,,Not Injury Related,,Full Participation in Practice,2016-10-14T13:47:26Z
2016,REG,ATL,6,00-0027944,WR,Julio Jones,Julio,Jones,,,,Knee,,Full Participation in Practice,2016-10-14T13:47:50Z
2016,REG,ATL,6,00-0027980,DE,Brooks Reed,Brooks,Reed,,,,Thumb,,Full Participation in Practice,2016-10-14T13:47:26Z
2016,REG,ATL,6,00-0029632,WR,Mohamed Sanu,Mohamed,Sanu,,,,Elbow,,Full Participation in Practice,2016-10-14T13:47:26Z
2016,REG,ATL,6,00-0030562,CB,Desmond Trufant,Desmond,Trufant,,,,Wrist,,Full Participation in Practice,2016-10-14T13:47:26Z
2016,REG,ATL,6,00-0032388,LB,Deion Jones,Deion,Jones,,,,Ankle,,Limited Participation in Practice,2016-10-14T13:47:26Z
2016,REG,ATL,6,00-0027027,G,Andy Levitre,Andy,Levitre,,,,Knee,,Limited Participation in Practice,2016-10-14T13:47:26Z
2016,REG,ATL,6,00-0029792,LB,Paul Worrilow,Paul,Worrilow,Groin,,Out,Groin,,Limited Participation in Practice,2016-10-14T13:48:17Z
2016,REG,BAL,6,00-0022161,LB,Terrell Suggs,Terrell,Suggs,,,,Not Injury Related,,Full Participation in Practice,2016-10-14T11:10:12Z
2016,REG,BAL,6,00-0024341,LB,Elvis Dumervil,Elvis,Dumervil,Foot,,Out,Foot,,Did Not Participate In Practice,2016-10-14T11:11:54Z
2016,REG,BAL,6,00-0024272,WR,Devin Hester,Devin,Hester,Thigh,,Doubtful,Thigh,,Did Not Participate In Practice,2016-10-14T11:12:03Z
2016,REG,BAL,6,00-0031296,LB,C.J. Mosley,C.J.,Mosley,Thigh,,Doubtful,Thigh,,Did Not Participate In Practice,2016-10-14T11:12:09Z
2016,REG,BAL,6,00-0020337,WR,Steve Smith,Steve,Smith,Ankle,,Doubtful,Ankle,,Did Not Participate In Practice,2016-10-14T11:12:15Z
2016,REG,BAL,6,00-0025473,G,Marshal Yanda,Marshal,Yanda,Shoulder,,Doubtful,Shoulder,,Did Not Participate In Practice,2016-10-14T11:12:33Z
2016,REG,BAL,6,00-0032965,T,Ronnie Stanley,Ronnie,Stanley,Foot,,Doubtful,Foot,,Limited Participation in Practice,2016-10-14T11:12:26Z
2016,REG,BAL,6,00-0026901,WR,Mike Wallace,Mike,Wallace,Chest,,Questionable,Chest,,Full Participation in Practice,2016-10-14T11:10:56Z
2016,REG,BAL,6,00-0028027,CB,Shareece Wright,Shareece,Wright,Back,,Questionable,Back,,Full Participation in Practice,2016-10-14T11:10:56Z
2016,REG,BAL,6,00-0027736,S,Kendrick Lewis,Kendrick,Lewis,Thigh,,Questionable,Thigh,,Limited Participation in Practice,2016-10-14T11:10:56Z
2016,REG,BAL,6,00-0027560,LB,Albert McClellan,Albert,McClellan,Calf,,Questionable,Calf,,Limited Participation in Practice,2016-10-14T11:11:26Z
2016,REG,BAL,6,00-0029893,T,Rick Wagner,Rick,Wagner,Thigh,,Questionable,Thigh,,Limited Participation in Practice,2016-10-14T11:10:56Z
2016,REG,BUF,6,00-0023259,LB,Lorenzo Alexander,Lorenzo,Alexander,,,,Not Injury Related,,Did Not Participate In Practice,2016-10-12T12:51:10Z
2016,REG,BUF,6,00-0030433,RB,Mike Gillislee,Mike,Gillislee,,,,Illness,,Did Not Participate In Practice,2016-10-12T12:50:52Z
2016,REG,BUF,6,00-0027881,LB,Jerry Hughes,Jerry,Hughes,,,,Not Injury Related,,Did Not Participate In Practice,2016-10-13T11:39:11Z
2016,REG,BUF,6,00-0027668,LB,Brandon Spikes,Brandon,Spikes,,,,Illness,,Did Not Participate In Practice,2016-10-12T12:50:36Z
2016,REG,BUF,6,00-0030068,WR,Marquise Goodwin,Marquise,Goodwin,,,,Illness,,Limited Participation in Practice,2016-10-12T12:54:37Z
2016,REG,BUF,6,00-0027941,DT,Marcell Dareus,Marcell,Dareus,Hamstring,,Doubtful,Hamstring,,Did Not Participate In Practice,2016-10-14T09:53:34Z
2016,REG,BUF,6,00-0031335,T,Cyrus Kouandjio,Cyrus,Kouandjio,Ankle,,Questionable,Ankle,,Did Not Participate In Practice,2016-10-14T09:53:15Z
2016,REG,BUF,6,00-0029566,LB,Zach Brown,Zach,Brown,Foot,,Questionable,Foot,,Limited Participation in Practice,2016-10-14T10:06:50Z
2016,REG,BUF,6,00-0028707,DT,Corbin Bryant,Corbin,Bryant,Ankle,,Questionable,Ankle,,Limited Participation in Practice,2016-10-14T09:53:15Z
2016,REG,BUF,6,00-0028112,TE,Charles Clay,Charles,Clay,Knee,,Questionable,Knee,,Limited Participation in Practice,2016-10-14T09:53:15Z
2016,REG,BUF,6,00-0029561,T,Cordy Glenn,Cordy,Glenn,Ankle,,Questionable,Ankle,,Limited Participation in Practice,2016-10-14T09:53:15Z
2016,REG,BUF,6,00-0030268,C,Patrick Lewis,Patrick,Lewis,Knee,,Questionable,Knee,,Limited Participation in Practice,2016-10-14T09:53:15Z
2016,REG,BUF,6,00-0030551,P,Colton Schmidt,Colton,Schmidt,right Quadricep,,Questionable,right Quadricep,,Limited Participation in Practice,2016-10-14T09:53:15Z
2016,REG,BUF,6,00-0029658,CB,Corey White,Corey,White,Shoulder,,Questionable,Shoulder,,Limited Participation in Practice,2016-10-14T09:53:15Z
2016,REG,BUF,6,00-0027972,S,Aaron Williams,Aaron,Williams,Ankle,,Questionable,Ankle,,Limited Participation in Practice,2016-10-14T09:53:15Z
2016,REG,CAR,6,00-0027675,TE,Ed Dickson,Ed,Dickson,,,,Illness,,Full Participation in Practice,2016-10-14T11:08:44Z
2016,REG,CAR,6,00-0026027,LS,J.J. Jansen,J.J.,Jansen,,,,Not Injury Related,,Full Participation in Practice,2016-10-14T11:08:53Z
2016,REG,CAR,6,00-0032890,CB,James Bradberry,James,Bradberry,Foot,,Out,Foot,,Did Not Participate In Practice,2016-10-14T11:09:48Z
2016,REG,CAR,6,00-0032967,DT,Vernon Butler,Vernon,Butler,Ankle,,Out,Ankle,,Did Not Participate In Practice,2016-10-14T11:10:06Z
2016,REG,CAR,6,00-0027840,CB,Robert McClain,Robert,McClain,Hamstring,,Out,Hamstring,,Did Not Participate In Practice,2016-10-14T11:10:30Z
2016,REG,CAR,6,00-0026999,T,Michael Oher,Michael,Oher,Concussion,,Out,Concussion,,Did Not Participate In Practice,2016-10-14T11:10:49Z
2016,REG,CAR,6,00-0025495,DT,Paul Soliai,Paul,Soliai,Foot,,Out,Foot,,Did Not Participate In Practice,2016-10-14T11:10:58Z
2016,REG,CAR,6,00-0027939,QB,Cam Newton,Cam,Newton,Concussion,,Questionable,Concussion,,Full Participation in Practice,2016-10-14T11:09:30Z
2016,REG,CAR,6,00-0026153,RB,Jonathan Stewart,Jonathan,Stewart,Hamstring,,Questionable,Hamstring,,Full Participation in Practice,2016-10-14T11:09:30Z
2016,REG,CAR,6,00-0031359,WR,Kelvin Benjamin,Kelvin,Benjamin,Knee,,Questionable,Knee,,Limited Participation in Practice,2016-10-14T11:09:30Z
2016,REG,CAR,6,00-0025470,DE,Charles Johnson,Charles,Johnson,Quadricep,,Questionable,Quadricep,,Limited Participation in Practice,2016-10-14T11:09:30Z
2016,REG,CHI,6,00-0031048,DT,Will Sutton,Will,Sutton,,,,Pectoral,,Full Participation in Practice,2016-10-14T11:48:09Z
2016,REG,CHI,6,00-0032776,CB,Deiondre' Hall,Deiondre',Hall,Ankle,,Out,Ankle,,Did Not Participate In Practice,2016-10-14T11:50:28Z
2016,REG,CHI,6,00-0024226,QB,Jay Cutler,Jay,Cutler,right Thumb,,Doubtful,right Thumb,,Did Not Participate In Practice,2016-10-14T11:50:36Z
2016,REG,CHI,6,00-0031551,DT,Eddie Goldman,Eddie,Goldman,Ankle,,Doubtful,Ankle,,Did Not Participate In Practice,2016-10-14T11:50:44Z
2016,REG,CHI,6,00-0031569,RB,Jeremy Langford,Jeremy,Langford,Ankle,,Doubtful,Ankle,,Did Not Participate In Practice,2016-10-14T11:50:53Z
2016,REG,CHI,6,00-0033072,LB,Leonard Floyd,Leonard,Floyd,Calf,,Questionable,Calf,,Did Not Participate In Practice,2016-10-14T11:50:09Z
2016,REG,CHI,6,00-0026182,WR,Eddie Royal,Eddie,Royal,Calf,,Questionable,Calf,,Did Not Participate In Practice,2016-10-14T11:50:09Z
2016,REG,CHI,6,00-0028041,LB,Sam Acho,Sam,Acho,Ribs,,Questionable,Ribs,,Limited Participation in Practice,2016-10-14T11:50:09Z
2016,REG,CHI,6,00-0031904,CB,Bryce Callahan,Bryce,Callahan,Hamstring,,Questionable,Hamstring,,Limited Participation in Practice,2016-10-14T11:50:09Z
2016,REG,CHI,6,00-0031057,RB,Ka'Deem Carey,Ka'Deem,Carey,Hamstring,,Questionable,Hamstring,,Limited Participation in Practice,2016-10-14T11:50:09Z
2016,REG,CHI,6,00-0025920,LB,Jerrell Freeman,Jerrell,Freeman,Wrist,,Questionable,Wrist,,Limited Participation in Practice,2016-10-14T11:50:09Z
2016,REG,CHI,6,00-0029137,WR,Alshon Jeffery,Alshon,Jeffery,Hamstring,,Questionable,Hamstring,,Limited Participation in Practice,2016-10-14T11:50:09Z
2016,REG,CHI,6,00-0030441,G,Kyle Long,Kyle,Long,Shoulder,,Questionable,Shoulder,,Limited Participation in Practice,2016-10-14T11:50:09Z
2016,REG,CHI,6,00-0029528,T,Bobby Massie,Bobby,Massie,Ankle,,Questionable,Ankle,,Limited Participation in Practice,2016-10-14T11:50:09Z
2016,REG,CHI,6,00-0027125,TE,Zach Miller,Zach,Miller,Ribs,,Questionable,Ribs,,Limited Participation in Practice,2016-10-14T11:50:09Z
2016,REG,CHI,6,00-0026180,CB,Tracy Porter,Tracy,Porter,Knee,,Questionable,Knee,,Limited Participation in Practice,2016-10-14T11:50:09Z
2016,REG,CHI,6,00-0026275,G,Josh Sitton,Josh,Sitton,Shoulder,,Questionable,Shoulder,,Limited Participation in Practice,2016-10-14T11:50:09Z
2016,REG,CHI,6,00-0027808,LB,Willie Young,Willie,Young,Knee,Elbow,Questionable,Knee,Elbow,Limited Participation in Practice,2016-10-14T11:50:09Z
2016,REG,CIN,6,00-0022927,LB,Karlos Dansby,Karlos,Dansby,,,,Not Injury Related,,Did Not Participate In Practice,2016-10-12T12:53:41Z
2016,REG,CIN,6,00-0028039,G,Clint Boling,Clint,Boling,,,,Shoulder,,Full Participation in Practice,2016-10-14T10:07:28Z
2016,REG,CIN,6,00-0030288,RB,Rex Burkhead,Rex,Burkhead,,,,Hamstring,,Full Participation in Practice,2016-10-14T10:07:28Z
2016,REG,CIN,6,00-0027942,WR,A.J. Green,A.J.,Green,,,,Calf,,Full Participation in Practice,2016-10-14T10:07:28Z
2016,REG,CIN,6,00-0031301,RB,Jeremy Hill,Jeremy,Hill,,,,Chest,,Full Participation in Practice,2016-10-14T10:07:28Z
2016,REG,CIN,6,00-0029215,S,George Iloka,George,Iloka,,,,Shoulder,,Full Participation in Practice,2016-10-14T10:07:28Z
2016,REG,CIN,6,00-0029560,CB,Dre Kirkpatrick,Dre,Kirkpatrick,,,,Hand,,Full Participation in Practice,2016-10-14T10:08:18Z
2016,REG,CIN,6,00-0032134,TE,C.J. Uzomah,C.J.,Uzomah,,,,Ankle,,Full Participation in Practice,2016-10-14T10:07:28Z
2016,REG,CIN,6,00-0031291,WR,James Wright,James,Wright,,,,Hamstring,,Full Participation in Practice,2016-10-14T10:08:34Z
2016,REG,CIN,6,00-0024270,T,Andrew Whitworth,Andrew,Whitworth,,,,Not Injury Related,,Limited Participation in Practice,2016-10-13T13:39:15Z
2016,REG,CIN,6,00-0030549,TE,Tyler Eifert,Tyler,Eifert,Back,Ankle,Out,Back,Ankle,Did Not Participate In Practice,2016-10-14T10:07:49Z
2016,REG,CLE,6,00-0032145,C,Cameron Erving,Cameron,Erving,,,,Chest,Lung,Full Participation in Practice,2016-10-14T10:43:22Z
2016,REG,CLE,6,00-0033104,QB,Cody Kessler,Cody,Kessler,,,,Chest,Rib,Full Participation in Practice,2016-10-14T10:43:22Z
2016,REG,CLE,6,00-0033129,DE,Carl Nassib,Carl,Nassib,,,,Hand,,Full Participation in Practice,2016-10-14T10:43:22Z
2016,REG,CLE,6,00-0025390,T,Joe Thomas,Joe,Thomas,,,,Knee,,Full Participation in Practice,2016-10-14T10:44:18Z
2016,REG,CLE,6,00-0031426,G,Joel Bitonio,Joel,Bitonio,Foot,,Out,Foot,,Did Not Participate In Practice,2016-10-14T10:44:49Z
2016,REG,CLE,6,00-0032966,WR,Corey Coleman,Corey,Coleman,Hand,,Out,Hand,,Did Not Participate In Practice,2016-10-14T10:44:57Z
2016,REG,CLE,6,00-0033080,TE,Seth DeValve,Seth,DeValve,Knee,,Out,Knee,,Did Not Participate In Practice,2016-10-14T10:45:08Z
2016,REG,CLE,6,00-0031533,TE,Randall Telfer,Randall,Telfer,Ankle,,Out,Ankle,,Did Not Participate In Practice,2016-10-14T10:45:51Z
2016,REG,CLE,6,00-0021206,QB,Josh McCown,Josh,McCown,left Shoulder,,Out,left Shoulder,,Limited Participation in Practice,2016-10-14T10:45:32Z
2016,REG,CLE,6,00-0032061,DE,Xavier Cooper,Xavier,Cooper,Shoulder,,Questionable,Shoulder,,Did Not Participate In Practice,2016-10-14T10:44:28Z
2016,REG,CLE,6,00-0027860,CB,Joe Haden,Joe,Haden,Groin,,Questionable,Groin,,Did Not Participate In Practice,2016-10-14T10:44:28Z
2016,REG,CLE,6,00-0024061,CB,Tramon Williams,Tramon,Williams,Shoulder,,Questionable,Shoulder,,Full Participation in Practice,2016-10-14T10:44:28Z
2016,REG,CLE,6,00-0026281,TE,Gary Barnidge,Gary,Barnidge,Forearm,Hip,Questionable,Forearm,Hip,Limited Participation in Practice,2016-10-14T10:44:28Z
2016,REG,DAL,6,00-0032204,T,Chaz Green,Chaz,Green,Foot,,Out,Foot,,Did Not Participate In Practice,2016-10-14T11:48:09Z
2016,REG,DAL,6,00-0021678,QB,Tony Romo,Tony,Romo,Back,,Out,Back,,Did Not Participate In Practice,2016-10-14T11:48:17Z
2016,REG,DAL,6,00-0026283,CB,Orlando Scandrick,Orlando,Scandrick,Hamstring,Hamstring,Out,Hamstring,Hamstring,Did Not Participate In Practice,2016-10-14T11:48:26Z
2016,REG,DAL,6,00-0029004,RB,Lance Dunbar,Lance,Dunbar,Knee,,Questionable,Knee,,Did Not Participate In Practice,2016-10-14T11:47:57Z
2016,REG,DAL,6,00-0028660,K,Dan Bailey,Dan,Bailey,Back,,Questionable,Back,,Full Participation in Practice,2016-10-14T11:47:57Z
2016,REG,DAL,6,00-0029676,CB,Morris Claiborne,Morris,Claiborne,Ankle,,Questionable,Ankle,,Full Participation in Practice,2016-10-14T11:47:57Z
2016,REG,DAL,6,00-0031997,DE,David Irving,David,Irving,Concussion,,Questionable,Concussion,,Full Participation in Practice,2016-10-14T11:47:57Z
2016,REG,DAL,6,00-0030542,WR,Terrance Williams,Terrance,Williams,Shoulder,,Questionable,Shoulder,,Full Participation in Practice,2016-10-14T11:47:57Z
2016,REG,DAL,6,00-0022127,TE,Jason Witten,Jason,Witten,Chest,,Questionable,Chest,,Full Participation in Practice,2016-10-14T11:47:57Z
2016,REG,DAL,6,00-0027902,WR,Dez Bryant,Dez,Bryant,Knee,,Questionable,Knee,,Limited Participation in Practice,2016-10-14T11:47:57Z
2016,REG,DAL,6,00-0028003,DT,Terrell McClain,Terrell,McClain,Shoulder,,Questionable,Shoulder,,Limited Participation in Practice,2016-10-14T11:47:57Z
2016,REG,DAL,6,00-0027947,T,Tyron Smith,Tyron,Smith,Back,,Questionable,Back,,Limited Participation in Practice,2016-10-14T11:47:57Z
2016,REG,DAL,6,00-0029647,LB,Kyle Wilber,Kyle,Wilber,Neck,,Questionable,Neck,,Limited Participation in Practice,2016-10-14T11:47:57Z
2016,REG,DEN,6,00-0030670,WR,Bennie Fowler,Bennie,Fowler,,,,Elbow,,Full Participation in Practice,2016-10-12T10:45:53Z
2016,REG,DEN,6,00-0028142,TE,Virgil Green,Virgil,Green,,,,Calf,,Full Participation in Practice,2016-10-12T10:45:53Z
2016,REG,DEN,6,00-0028082,S,Shiloh Keo,Shiloh,Keo,,,,Knee,,Full Participation in Practice,2016-10-12T10:45:53Z
2016,REG,DEN,6,00-0032971,S,Justin Simmons,Justin,Simmons,,,,Hand,,Full Participation in Practice,2016-10-12T10:45:53Z
2016,REG,DEN,6,00-0029543,T,Donald Stephenson,Donald,Stephenson,,,,Calf,,Full Participation in Practice,2016-10-12T10:45:53Z
2016,REG,DEN,6,00-0027812,LB,Dekoda Watson,Dekoda,Watson,,,,Elbow,,Full Participation in Practice,2016-10-12T10:45:53Z
2016,REG,DEN,6,00-0029303,DE,Billy Winn,Billy,Winn,,,,Low Back,,Full Participation in Practice,2016-10-12T10:45:53Z
2016,REG,DEN,6,00-0023445,LB,DeMarcus Ware,DeMarcus,Ware,Forearm,,Out,Forearm,,Did Not Participate In Practice,2016-10-12T10:46:09Z
2016,REG,DEN,6,00-0032156,QB,Trevor Siemian,Trevor,Siemian,left Shoulder,,Questionable,left Shoulder,,Limited Participation in Practice,2016-10-12T10:45:56Z
2016,REG,DEN,6,00-0030523,CB,Kayvon Webster,Kayvon,Webster,Hamstring,,Questionable,Hamstring,,Limited Participation in Practice,2016-10-12T10:45:56Z
2016,REG,DET,6,00-0031387,TE,Eric Ebron,Eric,Ebron,Ankle,Knee,Out,Ankle,Knee,Did Not Participate In Practice,2016-10-14T12:54:00Z
2016,REG,DET,6,00-0027050,LB,DeAndre Levy,DeAndre,Levy,Quadricep,Knee,Out,Quadricep,Knee,Did Not Participate In Practice,2016-10-14T12:54:04Z
2016,REG,DET,6,00-0024227,DT,Haloti Ngata,Haloti,Ngata,Shoulder,,Out,Shoulder,,Did Not Participate In Practice,2016-10-14T12:54:10Z
2016,REG,DET,6,00-0030107,RB,Theo Riddick,Theo,Riddick,Ankle,,Out,Ankle,,Did Not Participate In Practice,2016-10-14T12:54:16Z
2016,REG,DET,6,00-0030065,G,Larry Warford,Larry,Warford,Hip,,Questionable,Hip,,Did Not Participate In Practice,2016-10-14T12:53:54Z
2016,REG,DET,6,00-0022084,WR,Anquan Boldin,Anquan,Boldin,Ankle,,Questionable,Ankle,,Full Participation in Practice,2016-10-14T12:53:54Z
2016,REG,DET,6,00-0027124,S,Don Carey,Don,Carey,Ribs,,Questionable,Ribs,,Full Participation in Practice,2016-10-14T12:53:54Z
2016,REG,DET,6,00-0030059,DE,Ezekiel Ansah,Ezekiel,Ansah,Ankle,,Questionable,Ankle,,Limited Participation in Practice,2016-10-14T12:53:54Z
2016,REG,DET,6,00-0032889,DT,A'Shawn Robinson,A'Shawn,Robinson,Shoulder,,Questionable,Shoulder,,Limited Participation in Practice,2016-10-14T12:53:54Z
2016,REG,DET,6,00-0032234,G,Laken Tomlinson,Laken,Tomlinson,Neck,,Questionable,Neck,,Limited Participation in Practice,2016-10-14T12:53:54Z
2016,REG,DET,6,00-0032450,RB,Dwayne Washington,Dwayne,Washington,Ankle,,Questionable,Ankle,,Limited Participation in Practice,2016-10-14T12:53:54Z
2016,REG,GB,6,00-0028002,WR,Randall Cobb,Randall,Cobb,,,,Neck,,Full Participation in Practice,2016-10-14T12:30:41Z
2016,REG,GB,6,00-0027078,G,T.J. Lang,T.J.,Lang,,,,Hip,,Limited Participation in Practice,2016-10-14T12:30:32Z
2016,REG,GB,6,00-0030076,C,J.C. Tretter,J.C.,Tretter,,,,Back,,Limited Participation in Practice,2016-10-14T12:30:32Z
2016,REG,GB,6,00-0029747,S,Chris Banjo,Chris,Banjo,Hamstring,,Out,Hamstring,,Did Not Participate In Practice,2016-10-14T12:31:00Z
2016,REG,GB,6,00-0027061,TE,Jared Cook,Jared,Cook,Ankle,,Out,Ankle,,Did Not Participate In Practice,2016-10-14T12:31:28Z
2016,REG,GB,6,00-0027440,CB,Sam Shields,Sam,Shields,Concussion,,Out,Concussion,,Did Not Participate In Practice,2016-10-14T12:31:40Z
2016,REG,GB,6,00-0027791,RB,James Starks,James,Starks,Knee,,Questionable,Knee,,Did Not Participate In Practice,2016-10-14T12:30:49Z
2016,REG,GB,6,00-0030485,RB,Eddie Lacy,Eddie,Lacy,Ankle,,Questionable,Ankle,,Limited Participation in Practice,2016-10-14T12:30:49Z
2016,REG,GB,6,00-0032251,CB,Damarious Randall,Damarious,Randall,Groin,,Questionable,Groin,,Limited Participation in Practice,2016-10-14T12:30:49Z
2016,REG,HOU,6,00-0030083,G,Oday Aboushi,Oday,Aboushi,,,,Toe,,Full Participation in Practice,2016-10-14T12:54:18Z
2016,REG,HOU,6,00-0031302,TE,C.J. Fiedorowicz,C.J.,Fiedorowicz,,,,Ankle,,Full Participation in Practice,2016-10-14T12:54:40Z
2016,REG,HOU,6,00-0030108,TE,Ryan Griffin,Ryan,Griffin,,,,Concussion,,Full Participation in Practice,2016-10-14T12:54:48Z
2016,REG,HOU,6,00-0030263,CB,Charles James,Charles,James,,,,Hand,,Full Participation in Practice,2016-10-14T12:54:18Z
2016,REG,HOU,6,00-0031548,CB,Kevin Johnson,Kevin,Johnson,,,,Ankle,,Full Participation in Practice,2016-10-14T12:54:18Z
2016,REG,HOU,6,00-0024239,CB,Johnathan Joseph,Johnathan,Joseph,,,,Concussion,,Full Participation in Practice,2016-10-14T12:54:57Z
2016,REG,HOU,6,00-0031923,C,Greg Mancz,Greg,Mancz,,,,Shoulder,,Full Participation in Practice,2016-10-14T12:54:18Z
2016,REG,HOU,6,00-0033069,WR,Braxton Miller,Braxton,Miller,,,,Hamstring,,Full Participation in Practice,2016-10-14T12:55:09Z
2016,REG,HOU,6,00-0031410,G,Xavier Su'a-Filo,Xavier,Su'a-Filo,,,,Knee,,Full Participation in Practice,2016-10-14T12:54:18Z
2016,REG,HOU,6,00-0026166,T,Duane Brown,Duane,Brown,,,,Knee,,Limited Participation in Practice,2016-10-14T12:54:18Z
2016,REG,HOU,6,00-0029524,G,Jeff Allen,Jeff,Allen,Concussion,,Out,Concussion,,Did Not Participate In Practice,2016-10-14T12:57:42Z
2016,REG,HOU,6,00-0032725,TE,Stephen Anderson,Stephen,Anderson,Hamstring,,Out,Hamstring,,Did Not Participate In Practice,2016-10-14T12:57:50Z
2016,REG,HOU,6,00-0026257,S,Quintin Demps,Quintin,Demps,Calf,,Out,Calf,,Did Not Participate In Practice,2016-10-14T12:58:00Z
2016,REG,HOU,6,00-0029510,RB,Jonathan Grimes,Jonathan,Grimes,Ankle,,Out,Ankle,,Did Not Participate In Practice,2016-10-14T12:58:04Z
2016,REG,HOU,6,00-0031491,LB,Brian Peters,Brian,Peters,Quadricep,,Out,Quadricep,,Did Not Participate In Practice,2016-10-14T12:58:10Z
2016,REG,HOU,6,00-0033127,WR,Will Fuller,Will,Fuller,Hamstring,,Questionable,Hamstring,,Limited Participation in Practice,2016-10-14T12:57:12Z
2016,REG,HOU,6,00-0027872,CB,Kareem Jackson,Kareem,Jackson,Hamstring,,Questionable,Hamstring,,Limited Participation in Practice,2016-10-14T12:57:12Z
2016,REG,HOU,6,00-0028152,T,Derek Newton,Derek,Newton,Ankle,,Questionable,Ankle,,Limited Participation in Practice,2016-10-14T12:57:12Z
2016,REG,IND,6,00-0024249,LB,D'Qwell Jackson,D'Qwell,Jackson,,,,Not Injury Related,,Did Not Participate In Practice,2016-10-14T11:49:48Z
2016,REG,IND,6,00-0026307,LB,Erik Walden,Erik,Walden,,,,Not Injury Related,,Did Not Participate In Practice,2016-10-14T11:50:15Z
2016,REG,IND,6,00-0022247,S,Mike Adams,Mike,Adams,,,,Not Injury Related,,Full Participation in Practice,2016-10-14T11:43:27Z
2016,REG,IND,6,00-0027001,CB,Vontae Davis,Vontae,Davis,,,,Not Injury Related,,Full Participation in Practice,2016-10-14T11:43:27Z
2016,REG,IND,6,00-0023500,RB,Frank Gore,Frank,Gore,,,,Not Injury Related,,Full Participation in Practice,2016-10-14T11:43:27Z
2016,REG,IND,6,00-0026206,DE,Kendall Langford,Kendall,Langford,,,,Not Injury Related,,Full Participation in Practice,2016-10-14T11:43:27Z
2016,REG,IND,6,00-0029668,QB,Andrew Luck,Andrew,Luck,,,,Right Shoulder,,Full Participation in Practice,2016-10-14T11:47:21Z
2016,REG,IND,6,00-0022059,LB,Robert Mathis,Robert,Mathis,,,,Not Injury Related,,Full Participation in Practice,2016-10-14T11:43:27Z
2016,REG,IND,6,00-0029744,LB,Josh McNary,Josh,McNary,,,,Shoulder,,Full Participation in Practice,2016-10-14T11:43:27Z
2016,REG,IND,6,00-0029273,RB,Robert Turbin,Robert,Turbin,,,,Shoulder,Wrist,Full Participation in Practice,2016-10-14T11:43:27Z
2016,REG,IND,6,00-0030649,C,Jonotthan Harrison,Jonotthan,Harrison,Illness,,Out,Illness,,Did Not Participate In Practice,2016-10-14T11:45:40Z
2016,REG,IND,6,00-0031105,DT,Zach Kerr,Zach,Kerr,Ankle,,Out,Ankle,,Did Not Participate In Practice,2016-10-14T11:46:27Z
2016,REG,IND,6,00-0031339,WR,Donte Moncrief,Donte,Moncrief,Shoulder,,Out,Shoulder,,Did Not Participate In Practice,2016-10-14T11:48:46Z
2016,REG,IND,6,00-0031514,WR,Quan Bray,Quan,Bray,Shin,,Questionable,Shin,,Did Not Participate In Practice,2016-10-14T11:43:31Z
2016,REG,IND,6,00-0027017,CB,Darius Butler,Darius,Butler,Hand,,Questionable,Hand,,Did Not Participate In Practice,2016-10-14T13:28:08Z
2016,REG,IND,6,00-0029608,WR,T.Y. Hilton,T.Y.,Hilton,Hip,,Questionable,Hip,,Full Participation in Practice,2016-10-14T11:43:31Z
2016,REG,IND,6,00-0027882,CB,Patrick Robinson,Patrick,Robinson,Knee,Hip,Questionable,Knee,Hip,Limited Participation in Practice,2016-10-14T11:49:13Z
2016,REG,JAX,6,00-0032052,DE,Dante Fowler,Dante,Fowler,,,,Illness,,Full Participation in Practice,2016-10-14T13:40:22Z
2016,REG,JAX,6,00-0028924,S,Tashaun Gipson,Tashaun,Gipson,,,,Knee,,Full Participation in Practice,2016-10-14T13:40:11Z
2016,REG,JAX,6,00-0032139,TE,Ben Koyack,Ben,Koyack,,,,Knee,,Full Participation in Practice,2016-10-14T13:40:34Z
2016,REG,JAX,6,00-0024243,TE,Marcedes Lewis,Marcedes,Lewis,,,,Hip,,Full Participation in Practice,2016-10-14T13:40:01Z
2016,REG,JAX,6,00-0027878,DE,Jared Odrick,Jared,Odrick,,,,Tricep,,Full Participation in Practice,2016-10-14T13:40:01Z
2016,REG,JAX,6,00-0028067,TE,Julius Thomas,Julius,Thomas,,,,Elbow,,Full Participation in Practice,2016-10-14T13:40:01Z
2016,REG,JAX,6,00-0027055,DT,Roy Miller,Roy,Miller,,,,Hand,,Limited Participation in Practice,2016-10-14T13:40:01Z
2016,REG,JAX,6,00-0032120,TE,Neal Sterling,Neal,Sterling,Foot,,Questionable,Foot,,Did Not Participate In Practice,2016-10-14T13:40:44Z
2016,REG,JAX,6,00-0031731,RB,Corey Grant,Corey,Grant,Toe,,Questionable,Toe,,Limited Participation in Practice,2016-10-14T13:40:44Z
2016,REG,JAX,6,00-0032170,WR,Rashad Greene,Rashad,Greene,Achilles,,Questionable,Achilles,,Limited Participation in Practice,2016-10-14T13:40:44Z
2016,REG,KC,6,00-0024235,LB,Tamba Hali,Tamba,Hali,,,,Knee,,Did Not Participate In Practice,2016-10-14T12:00:52Z
2016,REG,KC,6,00-0030280,RB,Knile Davis,Knile,Davis,,,,Concussion,,Full Participation in Practice,2016-10-14T12:00:46Z
2016,REG,KC,6,00-0031015,CB,Phillip Gaines,Phillip,Gaines,,,,Knee,,Full Participation in Practice,2016-10-14T12:00:46Z
2016,REG,KC,6,00-0030529,LB,Sio Moore,Sio,Moore,,,,Illness,,Full Participation in Practice,2016-10-14T12:00:46Z
2016,REG,KC,6,00-0028023,T,Jah Reid,Jah,Reid,,,,Knee,,Full Participation in Practice,2016-10-14T12:00:46Z
2016,REG,KC,6,00-0030668,RB,Charcandrick West,Charcandrick,West,,,,Ankle,,Full Participation in Practice,2016-10-14T12:00:46Z
2016,REG,LA,6,00-0029690,CB,Trumaine Johnson,Trumaine,Johnson,Ankle,,Out,Ankle,,Did Not Participate In Practice,2016-10-14T12:29:07Z
2016,REG,LA,6,00-0029630,DT,Michael Brockers,Michael,Brockers,Hip,,Questionable,Hip,,Limited Participation in Practice,2016-10-14T12:28:57Z
2016,REG,LA,6,00-0026243,DE,William Hayes,William,Hayes,Ankle,,Questionable,Ankle,,Limited Participation in Practice,2016-10-14T12:28:57Z
2016,REG,LA,6,00-0029640,WR,Brian Quick,Brian,Quick,Calf,,Questionable,Calf,,Limited Participation in Practice,2016-10-14T12:28:57Z
2016,REG,LA,6,00-0027952,DE,Robert Quinn,Robert,Quinn,Shoulder,,Questionable,Shoulder,,Limited Participation in Practice,2016-10-14T12:28:57Z
2016,REG,LA,6,00-0032247,G,Cody Wichmann,Cody,Wichmann,Ankle,,Questionable,Ankle,,Limited Participation in Practice,2016-10-14T12:28:57Z
2016,REG,MIA,6,00-0028040,TE,Jordan Cameron,Jordan,Cameron,Concussion,,Out,Concussion,,Did Not Participate In Practice,2016-10-14T12:14:13Z
2016,REG,MIA,6,00-0033050,CB,Xavien Howard,Xavien,Howard,Knee,,Out,Knee,,Did Not Participate In Practice,2016-10-14T12:14:22Z
2016,REG,MIA,6,00-0028564,S,Isa Abdul-Quddus,Isa,Abdul-Quddus,Knee,,Questionable,Knee,,Full Participation in Practice,2016-10-14T12:14:05Z
2016,REG,MIA,6,00-0032791,WR,Jakeem Grant,Jakeem,Grant,Ankle,,Questionable,Ankle,,Full Participation in Practice,2016-10-14T12:14:05Z
2016,REG,MIA,6,00-0029878,TE,MarQueis Gray,MarQueis,Gray,Calf,,Questionable,Calf,,Full Participation in Practice,2016-10-14T12:14:05Z
2016,REG,MIA,6,00-0030887,G,Anthony Steen,Anthony,Steen,Ankle,,Questionable,Ankle,,Full Participation in Practice,2016-10-14T12:14:05Z
2016,REG,MIA,6,00-0032380,T,Laremy Tunsil,Laremy,Tunsil,Ankle,,Questionable,Ankle,,Full Participation in Practice,2016-10-14T12:14:05Z
2016,REG,MIA,6,00-0026796,RB,Arian Foster,Arian,Foster,Hamstring,,Questionable,Hamstring,,Limited Participation in Practice,2016-10-14T12:14:05Z
2016,REG,MIA,6,00-0030384,LB,Jelani Jenkins,Jelani,Jenkins,Groin,,Questionable,Groin,,Limited Participation in Practice,2016-10-14T12:14:05Z
2016,REG,MIA,6,00-0027762,S,Reshad Jones,Reshad,Jones,Groin,,Questionable,Groin,,Limited Participation in Practice,2016-10-14T12:14:05Z
2016,REG,NE,6,00-0031580,G,Shaquille Mason,Shaquille,Mason,,,,Not Injury Related,,Did Not Participate In Practice,2016-10-12T13:15:41Z
2016,REG,NE,6,00-0029669,LB,Dont'a Hightower,Dont'a,Hightower,,,,Knee,,Limited Participation in Practice,2016-10-13T12:39:05Z
2016,REG,NE,6,00-0028454,LB,Jonathan Freeny,Jonathan,Freeny,Shoulder,,Out,Shoulder,,Did Not Participate In Practice,2016-10-14T13:02:50Z
2016,REG,NE,6,00-0029308,TE,Greg Scruggs,Greg,Scruggs,Knee,,Out,Knee,,Did Not Participate In Practice,2016-10-14T13:02:58Z
2016,REG,NE,6,00-0027656,TE,Rob Gronkowski,Rob,Gronkowski,Hamstring,Illness,Questionable,Hamstring,Illness,Did Not Participate In Practice,2016-10-14T13:03:14Z
2016,REG,NE,6,00-0026201,TE,Martellus Bennett,Martellus,Bennett,Ankle,,Questionable,Ankle,,Limited Participation in Practice,2016-10-14T13:02:23Z
2016,REG,NE,6,00-0027325,RB,LeGarrette Blount,LeGarrette,Blount,Hip,,Questionable,Hip,,Limited Participation in Practice,2016-10-14T13:02:23Z
2016,REG,NE,6,00-0029239,RB,Brandon Bolden,Brandon,Bolden,Knee,,Questionable,Knee,,Limited Participation in Practice,2016-10-14T13:02:23Z
2016,REG,NE,6,00-0028076,T,Marcus Cannon,Marcus,Cannon,Calf,,Questionable,Calf,,Limited Participation in Practice,2016-10-14T13:02:23Z
2016,REG,NE,6,00-0030421,LB,Jamie Collins,Jamie,Collins,Hip,,Questionable,Hip,,Limited Participation in Practice,2016-10-14T13:02:23Z
2016,REG,NE,6,00-0027150,WR,Julian Edelman,Julian,Edelman,Foot,,Questionable,Foot,,Limited Participation in Practice,2016-10-14T13:02:23Z
2016,REG,NE,6,00-0031345,QB,Jimmy Garoppolo,Jimmy,Garoppolo,right Shoulder,,Questionable,right Shoulder,,Limited Participation in Practice,2016-10-14T13:02:23Z
2016,REG,NE,6,00-0029250,LB,Shea McClellin,Shea,McClellin,Concussion,,Questionable,Concussion,,Limited Participation in Practice,2016-10-14T13:02:23Z
2016,REG,NE,6,00-0032400,WR,Malcolm Mitchell,Malcolm,Mitchell,Hamstring,,Questionable,Hamstring,,Limited Participation in Practice,2016-10-14T13:02:23Z
2016,REG,NE,6,00-0032391,G,Joe Thuney,Joe,Thuney,Shoulder,,Questionable,Shoulder,,Limited Participation in Practice,2016-10-14T13:02:23Z
2016,REG,NE,6,00-0032396,DT,Vincent Valentine,Vincent,Valentine,Back,,Questionable,Back,,Limited Participation in Practice,2016-10-14T13:02:23Z
2016,REG,NO,6,00-0032320,S,Erik Harris,Erik,Harris,,,,Knee,,Did Not Participate In Practice,2016-10-13T12:14:46Z
2016,REG,NO,6,00-0027966,RB,Mark Ingram,Mark,Ingram,,,,Illness,,Did Not Participate In Practice,2016-10-13T12:15:11Z
2016,REG,NO,6,00-0030067,T,Terron Armstead,Terron,Armstead,Knee,,Out,Knee,,Did Not Participate In Practice,2016-10-14T12:48:41Z
2016,REG,NO,6,00-0031474,CB,Delvin Breaux,Delvin,Breaux,Fibula,,Out,Fibula,,Did Not Participate In Practice,2016-10-14T12:48:47Z
2016,REG,NO,6,00-0026857,LB,Dannell Ellerbe,Dannell,Ellerbe,Quadricep,,Out,Quadricep,,Did Not Participate In Practice,2016-10-14T12:48:53Z
2016,REG,NO,6,00-0027033,DE,Paul Kruger,Paul,Kruger,Back,,Questionable,Back,,Did Not Participate In Practice,2016-10-14T12:48:24Z
2016,REG,NO,6,00-0030216,TE,Josh Hill,Josh,Hill,Ankle,,Questionable,Ankle,,Limited Participation in Practice,2016-10-14T12:48:24Z
2016,REG,NO,6,00-0029546,C,Senio Kelemete,Senio,Kelemete,Hamstring,,Questionable,Hamstring,,Limited Participation in Practice,2016-10-14T12:48:24Z
2016,REG,NO,6,00-0027011,LB,James Laurinaitis,James,Laurinaitis,Quadricep,,Questionable,Quadricep,,Limited Participation in Practice,2016-10-14T12:48:24Z
2016,REG,NYG,6,00-0032429,TE,Jerell Adams,Jerell,Adams,,,,Ear,,Full Participation in Practice,2016-10-14T11:31:25Z
2016,REG,NYG,6,00-0028838,TE,Larry Donnell,Larry,Donnell,,,,Concussion,,Full Participation in Practice,2016-10-14T11:31:09Z
2016,REG,NYG,6,00-0029693,DE,Olivier Vernon,Olivier,Vernon,,,,Wrist,,Limited Participation in Practice,2016-10-14T11:31:09Z
2016,REG,NYG,6,00-0031070,S,Nat Berhe,Nat,Berhe,Concussion,,Out,Concussion,,Did Not Participate In Practice,2016-10-14T11:32:24Z
2016,REG,NYG,6,00-0027768,T,Marshall Newhouse,Marshall,Newhouse,Calf,,Out,Calf,,Did Not Participate In Practice,2016-10-14T11:32:45Z
2016,REG,NYG,6,00-0033083,S,Darian Thompson,Darian,Thompson,Foot,,Out,Foot,,Did Not Participate In Practice,2016-10-14T11:32:55Z
2016,REG,NYG,6,00-0032379,CB,Eli Apple,Eli,Apple,Groin,,Questionable,Groin,,Did Not Participate In Practice,2016-10-14T11:32:09Z
2016,REG,NYG,6,00-0028114,WR,Dwayne Harris,Dwayne,Harris,Toe,,Questionable,Toe,,Limited Participation in Practice,2016-10-14T11:32:09Z
2016,REG,NYG,6,00-0027155,RB,Rashad Jennings,Rashad,Jennings,Thumb,,Questionable,Thumb,,Limited Participation in Practice,2016-10-14T11:32:09Z
2016,REG,NYG,6,00-0031241,LB,Devon Kennard,Devon,Kennard,Concussion,,Questionable,Concussion,,Limited Participation in Practice,2016-10-14T11:32:09Z
2016,REG,NYG,6,00-0027867,DE,Jason Pierre-Paul,Jason,Pierre-Paul,Groin,,Questionable,Groin,,Limited Participation in Practice,2016-10-14T11:32:09Z
2016,REG,NYG,6,00-0026156,CB,Dominique Rodgers-Cromartie,Dominique,Rodgers-Cromartie,Groin,,Questionable,Groin,,Limited Participation in Practice,2016-10-14T11:32:09Z
2016,REG,NYJ,6,00-0032688,WR,Robby Anderson,Robby,Anderson,,,,Back,,Full Participation in Practice,2016-10-15T09:41:51Z
2016,REG,NYJ,6,00-0032515,TE,Braedon Bowman,Braedon,Bowman,,,,Knee,,Full Participation in Practice,2016-10-15T09:41:59Z
2016,REG,NYJ,6,00-0026152,T,Ryan Clady,Ryan,Clady,,,,Shoulder,,Full Participation in Practice,2016-10-15T09:42:04Z
2016,REG,NYJ,6,00-0031023,WR,Quincy Enunwa,Quincy,Enunwa,,,,Knee,,Full Participation in Practice,2016-10-15T09:41:51Z
2016,REG,NYJ,6,00-0026184,RB,Matt Forte,Matt,Forte,,,,Knee,,Full Participation in Practice,2016-10-15T09:41:51Z
2016,REG,NYJ,6,00-0024334,WR,Brandon Marshall,Brandon,Marshall,,,,Foot,,Full Participation in Practice,2016-10-15T09:41:51Z
2016,REG,NYJ,6,00-0032694,WR,Jalin Marshall,Jalin,Marshall,,,,Shoulder,,Full Participation in Practice,2016-10-15T09:41:51Z
2016,REG,NYJ,6,00-0030170,S,Rontez Miles,Rontez,Miles,,,,Shin,,Full Participation in Practice,2016-10-15T09:41:51Z
2016,REG,NYJ,6,00-0031568,QB,Bryce Petty,Bryce,Petty,,,,right Shoulder,,Full Participation in Practice,2016-10-15T09:41:51Z
2016,REG,NYJ,6,00-0031628,CB,Darryl Roberts,Darryl,Roberts,,,,Shoulder,,Full Participation in Practice,2016-10-15T09:41:51Z
2016,REG,NYJ,6,00-0027968,DE,Muhammad Wilkerson,Muhammad,Wilkerson,,,,Ankle,,Full Participation in Practice,2016-10-15T09:41:51Z
2016,REG,NYJ,6,00-0030066,G,Brian Winters,Brian,Winters,,,,Concussion,,Full Participation in Practice,2016-10-15T09:41:51Z
2016,REG,NYJ,6,00-0025434,LB,David Harris,David,Harris,Hamstring,,Doubtful,Hamstring,,Did Not Participate In Practice,2016-10-15T09:42:36Z
2016,REG,NYJ,6,00-0024244,C,Nick Mangold,Nick,Mangold,Knee,,Questionable,Knee,,Limited Participation in Practice,2016-10-15T09:42:07Z
2016,REG,NYJ,6,00-0025401,CB,Darrelle Revis,Darrelle,Revis,Hamstring,,Questionable,Hamstring,,Limited Participation in Practice,2016-10-15T09:42:07Z
2016,REG,NYJ,6,00-0031418,TE,Austin Seferian-Jenkins,Austin,Seferian-Jenkins,Ankle,,Questionable,Ankle,,Limited Participation in Practice,2016-10-15T09:42:07Z
2016,REG,OAK,6,00-0032899,G,Vadal Alexander,Vadal,Alexander,Ankle,,Out,Ankle,,Did Not Participate In Practice,2016-10-14T12:32:43Z
2016,REG,OAK,6,00-0030513,RB,Latavius Murray,Latavius,Murray,Toe,,Out,Toe,,Did Not Participate In Practice,2016-10-14T12:32:51Z
2016,REG,OAK,6,00-0030579,T,Menelik Watson,Menelik,Watson,Calf,,Out,Calf,,Did Not Participate In Practice,2016-10-14T12:32:56Z
2016,REG,OAK,6,00-0027652,S,Nate Allen,Nate,Allen,Quadricep,,Questionable,Quadricep,,Limited Participation in Practice,2016-10-14T12:32:36Z
2016,REG,OAK,6,00-0032151,G,Jon Feliciano,Jon,Feliciano,Calf,,Questionable,Calf,,Limited Participation in Practice,2016-10-14T12:32:36Z
2016,REG,OAK,6,00-0028063,RB,Taiwan Jones,Taiwan,Jones,Knee,,Questionable,Knee,,Limited Participation in Practice,2016-10-14T12:32:36Z
2016,REG,OAK,6,00-0029302,T,Matt McCants,Matt,McCants,Knee,,Questionable,Knee,,Limited Participation in Practice,2016-10-14T12:32:36Z
2016,REG,OAK,6,00-0028180,LB,Malcolm Smith,Malcolm,Smith,Quadricep,,Questionable,Quadricep,,Limited Participation in Practice,2016-10-14T12:32:36Z
2016,REG,OAK,6,00-0032256,TE,Clive Walford,Clive,Walford,Knee,,Questionable,Knee,,Limited Participation in Practice,2016-10-14T12:32:36Z
2016,REG,PHI,6,00-0027864,RB,Ryan Mathews,Ryan,Mathews,,,,Illness,,Did Not Participate In Practice,2016-10-14T10:51:19Z
2016,REG,PHI,6,00-0028536,DE,Bryan Braman,Bryan,Braman,,,,Shoulder,,Full Participation in Practice,2016-10-14T10:50:54Z
2016,REG,PHI,6,00-0029653,DT,Fletcher Cox,Fletcher,Cox,Ankle,,Questionable,Ankle,,Full Participation in Practice,2016-10-14T10:52:52Z
2016,REG,PHI,6,00-0026151,CB,Leodis McKelvin,Leodis,McKelvin,Hamstring,,Questionable,Hamstring,,Limited Participation in Practice,2016-10-14T10:52:52Z
2016,REG,PIT,6,00-0024242,RB,DeAngelo Williams,DeAngelo,Williams,,,,Not Injury Related,,Did Not Participate In Practice,2016-10-12T12:48:13Z
2016,REG,PIT,6,00-0031438,CB,Justin Gilbert,Justin,Gilbert,,,,Knee,,Full Participation in Practice,2016-10-14T09:55:51Z
2016,REG,PIT,6,00-0028954,S,Robert Golden,Robert,Golden,,,,Hamstring,,Full Participation in Practice,2016-10-14T09:55:51Z
2016,REG,PIT,6,00-0030741,RB,Roosevelt Nix,Roosevelt,Nix,,,,Back,,Full Participation in Practice,2016-10-14T09:55:51Z
2016,REG,PIT,6,00-0031782,WR,Eli Rogers,Eli,Rogers,,,,Toe,,Full Participation in Practice,2016-10-14T09:55:51Z
2016,REG,PIT,6,00-0027870,C,Maurkice Pouncey,Maurkice,Pouncey,,,,Illness,,Limited Participation in Practice,2016-10-14T09:56:05Z
2016,REG,PIT,6,00-0028001,T,Marcus Gilbert,Marcus,Gilbert,Ankle,,Out,Ankle,,Did Not Participate In Practice,2016-10-14T09:57:54Z
2016,REG,PIT,6,00-0027969,DE,Cameron Heyward,Cameron,Heyward,Hamstring,,Out,Hamstring,,Did Not Participate In Practice,2016-10-14T09:57:58Z
2016,REG,PIT,6,00-0031365,LB,Ryan Shazier,Ryan,Shazier,Knee,,Out,Knee,,Did Not Participate In Practice,2016-10-14T09:58:04Z
2016,REG,PIT,6,00-0030412,S,Shamarko Thomas,Shamarko,Thomas,Groin,,Out,Groin,,Did Not Participate In Practice,2016-10-14T09:58:08Z
2016,REG,PIT,6,00-0026247,C,Cody Wallace,Cody,Wallace,Knee,,Out,Knee,,Did Not Participate In Practice,2016-10-14T09:58:12Z
2016,REG,PIT,6,00-0030460,WR,Markus Wheaton,Markus,Wheaton,Shoulder,,Out,Shoulder,,Did Not Participate In Practice,2016-10-14T09:58:15Z
2016,REG,PIT,6,00-0032166,WR,Sammie Coates,Sammie,Coates,Finger,,Questionable,Finger,,Limited Participation in Practice,2016-10-14T09:57:18Z
2016,REG,SD,6,00-0032896,P,Drew Kaser,Drew,Kaser,,,,Back,,Full Participation in Practice,2016-10-12T14:49:51Z
2016,REG,SD,6,00-0030312,S,Jahleel Addae,Jahleel,Addae,Collarbone,,Out,Collarbone,,Did Not Participate In Practice,2016-10-12T14:50:10Z
2016,REG,SD,6,00-0026175,CB,Brandon Flowers,Brandon,Flowers,Concussion,,Out,Concussion,,Did Not Participate In Practice,2016-10-12T14:50:15Z
2016,REG,SD,6,00-0028030,T,Joe Barksdale,Joe,Barksdale,Foot,,Questionable,Foot,,Limited Participation in Practice,2016-10-12T14:49:55Z
2016,REG,SD,6,00-0027984,G,Orlando Franklin,Orlando,Franklin,Ankle,,Questionable,Ankle,,Limited Participation in Practice,2016-10-12T14:49:55Z
2016,REG,SD,6,00-0028060,T,Chris Hairston,Chris,Hairston,Groin,,Questionable,Groin,,Limited Participation in Practice,2016-10-12T14:49:55Z
2016,REG,SD,6,00-0032106,CB,Craig Mager,Craig,Mager,Shoulder,,Questionable,Shoulder,,Limited Participation in Practice,2016-10-12T14:49:55Z
2016,REG,SD,6,00-0027651,RB,Dexter McCluster,Dexter,McCluster,Hamstring,,Questionable,Hamstring,,Limited Participation in Practice,2016-10-12T14:49:55Z
2016,REG,SD,6,00-0032103,LB,Denzel Perryman,Denzel,Perryman,Shoulder,,Questionable,Shoulder,,Limited Participation in Practice,2016-10-12T14:49:55Z
2016,REG,SEA,6,00-0027696,TE,Jimmy Graham,Jimmy,Graham,,,,Knee,,Full Participation in Practice,2016-10-14T14:57:07Z
2016,REG,SEA,6,00-0032211,WR,Tyler Lockett,Tyler,Lockett,,,,Knee,,Full Participation in Practice,2016-10-14T14:57:07Z
2016,REG,SEA,6,00-0032387,DT,Jarran Reed,Jarran,Reed,,,,Hip,,Full Participation in Practice,2016-10-14T14:57:07Z
2016,REG,SEA,6,00-0032394,TE,Nick Vannett,Nick,Vannett,,,,Ankle,,Full Participation in Practice,2016-10-14T14:57:07Z
2016,REG,SEA,6,00-0029263,QB,Russell Wilson,Russell,Wilson,,,,Ankle,Knee,Full Participation in Practice,2016-10-14T14:57:07Z
2016,REG,SEA,6,00-0032416,DE,Quinton Jefferson,Quinton,Jefferson,Thumb,,Out,Thumb,,Did Not Participate In Practice,2016-10-14T13:35:47Z
2016,REG,SEA,6,00-0031897,RB,Thomas Rawls,Thomas,Rawls,Fibula,,Out,Fibula,,Did Not Participate In Practice,2016-10-14T13:36:43Z
2016,REG,SEA,6,00-0027733,S,Kam Chancellor,Kam,Chancellor,Groin,,Questionable,Groin,,Did Not Participate In Practice,2016-10-14T13:37:29Z
2016,REG,SEA,6,00-0032210,DE,Frank Clark,Frank,Clark,Hamstring,,Questionable,Hamstring,,Did Not Participate In Practice,2016-10-14T13:35:32Z
2016,REG,SEA,6,00-0032393,RB,C.J. Prosise,C.J.,Prosise,Wrist,,Questionable,Wrist,,Full Participation in Practice,2016-10-14T13:36:24Z
2016,REG,SEA,6,00-0030871,DT,Garrison Smith,Garrison,Smith,Oblique,,Questionable,Oblique,,Full Participation in Practice,2016-10-14T13:37:13Z
2016,REG,SF,6,00-0032164,DT,Arik Armstead,Arik,Armstead,,,,Shoulder,,Full Participation in Practice,2016-10-14T10:28:10Z
2016,REG,SF,6,00-0027658,G,Zane Beadles,Zane,Beadles,,,,Ankle,,Full Participation in Practice,2016-10-14T10:28:23Z
2016,REG,SF,6,00-0030457,LB,Cornellius Carradine,Cornellius,Carradine,,,,Toe,,Full Participation in Practice,2016-10-14T10:28:10Z
2016,REG,SF,6,00-0030088,DT,Quinton Dial,Quinton,Dial,,,,Knee,,Full Participation in Practice,2016-10-14T10:28:31Z
2016,REG,SF,6,00-0028091,WR,Jeremy Kerley,Jeremy,Kerley,,,,Ankle,,Full Participation in Practice,2016-10-14T10:28:39Z
2016,REG,SF,6,00-0030470,TE,Vance McDonald,Vance,McDonald,,,,Hip,,Full Participation in Practice,2016-10-14T10:28:45Z
2016,REG,SF,6,00-0031298,CB,Jimmie Ward,Jimmie,Ward,Quadricep,,Out,Quadricep,,Did Not Participate In Practice,2016-10-14T10:30:27Z
2016,REG,SF,6,00-0024495,LB,Ahmad Brooks,Ahmad,Brooks,Groin,,Questionable,Groin,,Limited Participation in Practice,2016-10-14T10:30:04Z
2016,REG,SF,6,00-0032378,DT,DeForest Buckner,DeForest,Buckner,Foot,,Questionable,Foot,,Limited Participation in Practice,2016-10-14T10:30:04Z
2016,REG,SF,6,00-0026145,DT,Glenn Dorsey,Glenn,Dorsey,Knee,,Questionable,Knee,,Limited Participation in Practice,2016-10-14T10:30:04Z
2016,REG,SF,6,00-0032057,S,Jaquiski Tartt,Jaquiski,Tartt,Quadricep,,Questionable,Quadricep,,Limited Participation in Practice,2016-10-14T10:30:04Z
2016,REG,TEN,6,00-0025825,P,Brett Kern,Brett,Kern,,,,Illness,,Full Participation in Practice,2016-10-14T11:38:46Z
2016,REG,TEN,6,00-0031442,T,Taylor Lewan,Taylor,Lewan,,,,Shoulder,,Full Participation in Practice,2016-10-14T11:38:46Z
2016,REG,TEN,6,00-0027723,DT,Al Woods,Al,Woods,Calf,,Out,Calf,,Did Not Participate In Practice,2016-10-14T11:39:10Z
2016,REG,TEN,6,00-0032041,CB,Cody Riggs,Cody,Riggs,Hamstring,,Questionable,Hamstring,,Full Participation in Practice,2016-10-14T11:38:57Z
2016,REG,WAS,6,00-0026512,DE,Chris Baker,Chris,Baker,,,,Foot,Wrist,Full Participation in Practice,2016-10-14T10:49:16Z
2016,REG,WAS,6,00-0028022,LB,Mason Foster,Mason,Foster,,,,Toe,,Full Participation in Practice,2016-10-14T10:49:07Z
2016,REG,WAS,6,00-0027954,LB,Ryan Kerrigan,Ryan,Kerrigan,,,,Elbow,,Full Participation in Practice,2016-10-14T10:49:07Z
2016,REG,WAS,6,00-0031300,LB,Trent Murphy,Trent,Murphy,,,,Shoulder,,Full Participation in Practice,2016-10-14T10:49:32Z
2016,REG,WAS,6,00-0029285,CB,Josh Norman,Josh,Norman,,,,Wrist,,Full Participation in Practice,2016-10-14T10:49:36Z
2016,REG,WAS,6,00-0027857,T,Trent Williams,Trent,Williams,,,,Knee,,Full Participation in Practice,2016-10-14T10:49:42Z
2016,REG,WAS,6,00-0032760,WR,Josh Doctson,Josh,Doctson,Achilles,,Out,Achilles,,Did Not Participate In Practice,2016-10-14T10:50:38Z
2016,REG,WAS,6,00-0030472,TE,Jordan Reed,Jordan,Reed,Concussion,,Questionable,Concussion,,Did Not Participate In Practice,2016-10-14T10:51:01Z
2016,REG,WAS,6,00-0031052,CB,Bashaud Breeland,Bashaud,Breeland,Ankle,,Questionable,Ankle,,Full Participation in Practice,2016-10-14T10:50:26Z
2016,REG,WAS,6,00-0032767,S,Su'a Cravens,Su'a,Cravens,Concussion,,Questionable,Concussion,,Limited Participation in Practice,2016-10-14T10:50:26Z
2016,REG,WAS,6,00-0030963,CB,Dashaun Phillips,Dashaun,Phillips,Hamstring,,Questionable,Hamstring,,Limited Participation in Practice,2016-10-14T10:50:26Z
2016,REG,ARI,7,00-0029530,CB,Justin Bethel,Justin,Bethel,,,,Foot,,Full Participation in Practice,2016-10-21T14:02:42Z
2016,REG,ARI,7,00-0027869,G,Mike Iupati,Mike,Iupati,,,,Ankle,,Full Participation in Practice,2016-10-21T14:02:36Z
2016,REG,ARI,7,00-0031265,DT,Ed Stinson,Ed,Stinson,Toe,,Out,Toe,,Did Not Participate In Practice,2016-10-21T14:03:54Z
2016,REG,ARI,7,00-0031051,WR,John Brown,John,Brown,Hamstring,,Doubtful,Hamstring,,Did Not Participate In Practice,2016-10-21T14:03:44Z
2016,REG,ARI,7,00-0031707,LB,Gabe Martin,Gabe,Martin,Knee,,Doubtful,Knee,,Did Not Participate In Practice,2016-10-21T14:04:01Z
2016,REG,ARI,7,00-0030300,WR,Jaron Brown,Jaron,Brown,Knee,,Questionable,Knee,,Limited Participation in Practice,2016-10-21T14:03:38Z
2016,REG,ARI,7,00-0021429,QB,Carson Palmer,Carson,Palmer,Hamstring,,Questionable,Hamstring,,Limited Participation in Practice,2016-10-21T14:03:25Z
2016,REG,ATL,7,00-0028581,RB,Patrick DiMarco,Patrick,DiMarco,,,,Shoulder,,Full Participation in Practice,2016-10-21T12:21:17Z
2016,REG,ATL,7,00-0021146,DE,Dwight Freeney,Dwight,Freeney,,,,Not Injury Related,,Full Participation in Practice,2016-10-21T12:19:23Z
2016,REG,ATL,7,00-0032382,S,Keanu Neal,Keanu,Neal,,,,Knee,,Full Participation in Practice,2016-10-21T12:21:26Z
2016,REG,ATL,7,00-0027980,DE,Brooks Reed,Brooks,Reed,,,,Groin,,Full Participation in Practice,2016-10-21T12:21:50Z
2016,REG,ATL,7,00-0029632,WR,Mohamed Sanu,Mohamed,Sanu,,,,Groin,,Full Participation in Practice,2016-10-21T12:21:54Z
2016,REG,ATL,7,00-0029792,LB,Paul Worrilow,Paul,Worrilow,,,,Groin,,Full Participation in Practice,2016-10-21T12:22:00Z
2016,REG,ATL,7,00-0031228,WR,Taylor Gabriel,Taylor,Gabriel,Concussion,,Out,Concussion,,Did Not Participate In Practice,2016-10-21T12:25:41Z
2016,REG,ATL,7,00-0031357,CB,C.J. Goodwin,C.J.,Goodwin,Hamstring,,Out,Hamstring,,Did Not Participate In Practice,2016-10-21T12:25:46Z
2016,REG,BAL,7,00-0024341,LB,Elvis Dumervil,Elvis,Dumervil,Foot,,Out,Foot,,Did Not Participate In Practice,2016-10-21T11:54:37Z
2016,REG,BAL,7,00-0031296,LB,C.J. Mosley,C.J.,Mosley,Thigh,,Out,Thigh,,Did Not Participate In Practice,2016-10-21T11:54:42Z
2016,REG,BAL,7,00-0027736,S,Kendrick Lewis,Kendrick,Lewis,Thigh,,Doubtful,Thigh,,Did Not Participate In Practice,2016-10-21T11:54:56Z
2016,REG,BAL,7,00-0020337,WR,Steve Smith,Steve,Smith,Ankle,,Doubtful,Ankle,,Did Not Participate In Practice,2016-10-21T11:55:01Z
2016,REG,BAL,7,00-0022161,LB,Terrell Suggs,Terrell,Suggs,Biceps,,Doubtful,Biceps,,Did Not Participate In Practice,2016-10-21T11:55:12Z
2016,REG,BAL,7,00-0028027,CB,Shareece Wright,Shareece,Wright,Thigh,,Doubtful,Thigh,,Did Not Participate In Practice,2016-10-21T11:55:21Z
2016,REG,BAL,7,00-0025473,G,Marshal Yanda,Marshal,Yanda,Shoulder,,Doubtful,Shoulder,,Did Not Participate In Practice,2016-10-21T11:55:25Z
2016,REG,BAL,7,00-0028497,WR,Kamar Aiken,Kamar,Aiken,Thigh,,Questionable,Thigh,,Full Participation in Practice,2016-10-21T11:53:35Z
2016,REG,BAL,7,00-0026158,QB,Joe Flacco,Joe,Flacco,right Shoulder,,Questionable,right Shoulder,,Full Participation in Practice,2016-10-21T11:53:35Z
2016,REG,BAL,7,00-0024272,WR,Devin Hester,Devin,Hester,Thigh,,Questionable,Thigh,,Full Participation in Practice,2016-10-21T11:53:35Z
2016,REG,BAL,7,00-0027064,CB,Jerraud Powers,Jerraud,Powers,Thigh,,Questionable,Thigh,,Full Participation in Practice,2016-10-21T11:53:35Z
2016,REG,BAL,7,00-0032965,T,Ronnie Stanley,Ronnie,Stanley,Foot,,Questionable,Foot,,Full Participation in Practice,2016-10-21T11:53:35Z
2016,REG,BAL,7,00-0027965,CB,Jimmy Smith,Jimmy,Smith,Concussion,,Questionable,Concussion,,Limited Participation in Practice,2016-10-21T11:53:35Z
2016,REG,BUF,7,00-0031335,T,Cyrus Kouandjio,Cyrus,Kouandjio,,,,Ankle,,Full Participation in Practice,2016-10-21T09:52:05Z
2016,REG,BUF,7,00-0029799,LB,Lerentee McCray,Lerentee,McCray,,,,Knee,,Full Participation in Practice,2016-10-21T09:52:23Z
2016,REG,BUF,7,00-0029658,CB,Corey White,Corey,White,,,,Shoulder,,Full Participation in Practice,2016-10-21T09:52:05Z
2016,REG,BUF,7,00-0031029,T,Seantrel Henderson,Seantrel,Henderson,Back,,Out,Back,,Did Not Participate In Practice,2016-10-21T09:53:50Z
2016,REG,BUF,7,00-0027941,DT,Marcell Dareus,Marcell,Dareus,Hamstring,,Doubtful,Hamstring,,Did Not Participate In Practice,2016-10-21T09:54:00Z
2016,REG,BUF,7,00-0030431,WR,Robert Woods,Robert,Woods,Foot,,Doubtful,Foot,,Did Not Participate In Practice,2016-10-21T09:54:05Z
2016,REG,BUF,7,00-0028112,TE,Charles Clay,Charles,Clay,Ankle,,Questionable,Ankle,,Limited Participation in Practice,2016-10-21T09:53:38Z
2016,REG,BUF,7,00-0026286,RB,Jerome Felton,Jerome,Felton,Back,,Questionable,Back,,Limited Participation in Practice,2016-10-21T09:53:38Z
2016,REG,BUF,7,00-0029561,T,Cordy Glenn,Cordy,Glenn,Ankle,,Questionable,Ankle,,Limited Participation in Practice,2016-10-21T09:53:38Z
2016,REG,BUF,7,00-0030268,C,Patrick Lewis,Patrick,Lewis,Knee,,Questionable,Knee,,Limited Participation in Practice,2016-10-21T09:53:38Z
2016,REG,BUF,7,00-0027029,RB,LeSean McCoy,LeSean,McCoy,Hamstring,,Questionable,Hamstring,,Limited Participation in Practice,2016-10-21T09:53:38Z
2016,REG,BUF,7,00-0032942,CB,Kevon Seymour,Kevon,Seymour,Shoulder,,Questionable,Shoulder,,Limited Participation in Practice,2016-10-21T09:53:38Z
2016,REG,BUF,7,00-0024348,DT,Kyle Williams,Kyle,Williams,Neck,,Questionable,Neck,,Limited Participation in Practice,2016-10-21T09:53:38Z
2016,REG,CHI,7,00-0032776,CB,Deiondre' Hall,Deiondre',Hall,Ankle,,Out,Ankle,,Did Not Participate In Practice,2016-10-19T10:34:56Z
2016,REG,CHI,7,00-0026182,WR,Eddie Royal,Eddie,Royal,Toe,,Out,Toe,,Did Not Participate In Practice,2016-10-19T10:35:12Z
2016,REG,CHI,7,00-0024226,QB,Jay Cutler,Jay,Cutler,right Thumb,,Doubtful,right Thumb,,Did Not Participate In Practice,2016-10-19T10:35:26Z
2016,REG,CHI,7,00-0031551,DT,Eddie Goldman,Eddie,Goldman,Ankle,,Doubtful,Ankle,,Did Not Participate In Practice,2016-10-19T10:35:49Z
2016,REG,CHI,7,00-0031569,RB,Jeremy Langford,Jeremy,Langford,Ankle,,Doubtful,Ankle,,Did Not Participate In Practice,2016-10-19T10:35:35Z
2016,REG,CHI,7,00-0026275,G,Josh Sitton,Josh,Sitton,Ankle,,Doubtful,Ankle,,Did Not Participate In Practice,2016-10-19T10:35:56Z
2016,REG,CHI,7,00-0028041,LB,Sam Acho,Sam,Acho,Ribs,,Questionable,Ribs,,Limited Participation in Practice,2016-10-19T14:21:49Z
2016,REG,CHI,7,00-0031904,CB,Bryce Callahan,Bryce,Callahan,Hamstring,,Questionable,Hamstring,,Limited Participation in Practice,2016-10-19T10:34:40Z
2016,REG,CHI,7,00-0031057,RB,Ka'Deem Carey,Ka'Deem,Carey,Hamstring,,Questionable,Hamstring,,Limited Participation in Practice,2016-10-19T10:34:40Z
2016,REG,CHI,7,00-0033072,LB,Leonard Floyd,Leonard,Floyd,Calf,,Questionable,Calf,,Limited Participation in Practice,2016-10-19T10:34:40Z
2016,REG,CHI,7,00-0025920,LB,Jerrell Freeman,Jerrell,Freeman,Wrist,,Questionable,Wrist,,Limited Participation in Practice,2016-10-19T10:34:40Z
2016,REG,CHI,7,00-0027125,TE,Zach Miller,Zach,Miller,Ribs,,Questionable,Ribs,,Limited Participation in Practice,2016-10-19T10:34:40Z
2016,REG,CHI,7,00-0026180,CB,Tracy Porter,Tracy,Porter,Knee,,Questionable,Knee,,Limited Participation in Practice,2016-10-19T10:34:40Z
2016,REG,CIN,7,00-0024338,DT,Domata Peko,Domata,Peko,,,,Not Injury Related,,Did Not Participate In Practice,2016-10-19T12:28:43Z
2016,REG,CIN,7,00-0024270,T,Andrew Whitworth,Andrew,Whitworth,,,,Not Injury Related,,Did Not Participate In Practice,2016-10-19T12:40:34Z
2016,REG,CIN,7,00-0031306,C,Russell Bodine,Russell,Bodine,,,,Ankle,,Full Participation in Practice,2016-10-21T10:06:27Z
2016,REG,CIN,7,00-0028039,G,Clint Boling,Clint,Boling,,,,Shoulder,,Full Participation in Practice,2016-10-21T10:07:04Z
2016,REG,CIN,7,00-0028912,LB,Vontaze Burfict,Vontaze,Burfict,,,,Ankle,,Full Participation in Practice,2016-10-21T10:06:27Z
2016,REG,CIN,7,00-0026217,DT,Pat Sims,Pat,Sims,,,,Neck,,Full Participation in Practice,2016-10-21T10:06:27Z
2016,REG,CIN,7,00-0031291,WR,James Wright,James,Wright,,,,Knee,,Full Participation in Practice,2016-10-21T10:07:30Z
2016,REG,CIN,7,00-0030549,TE,Tyler Eifert,Tyler,Eifert,Back,Ankle,Questionable,Back,Ankle,Full Participation in Practice,2016-10-21T10:06:48Z
2016,REG,CLE,7,00-0033129,DE,Carl Nassib,Carl,Nassib,,,,Hand,,Full Participation in Practice,2016-10-21T09:56:58Z
2016,REG,CLE,7,00-0030484,CB,Jamar Taylor,Jamar,Taylor,,,,Knee,,Full Participation in Practice,2016-10-21T09:57:54Z
2016,REG,CLE,7,00-0025390,T,Joe Thomas,Joe,Thomas,,,,Knee,,Full Participation in Practice,2016-10-21T09:58:07Z
2016,REG,CLE,7,00-0029942,CB,Marcus Burley,Marcus,Burley,Hamstring,,Out,Hamstring,,Did Not Participate In Practice,2016-10-21T09:58:50Z
2016,REG,CLE,7,00-0032966,WR,Corey Coleman,Corey,Coleman,Hand,,Out,Hand,,Did Not Participate In Practice,2016-10-21T09:58:56Z
2016,REG,CLE,7,00-0033080,TE,Seth DeValve,Seth,DeValve,Knee,,Out,Knee,,Did Not Participate In Practice,2016-10-21T09:59:05Z
2016,REG,CLE,7,00-0021206,QB,Josh McCown,Josh,McCown,left Shoulder,,Out,left Shoulder,,Limited Participation in Practice,2016-10-21T09:59:23Z
2016,REG,CLE,7,00-0027860,CB,Joe Haden,Joe,Haden,Groin,,Doubtful,Groin,,Did Not Participate In Practice,2016-10-21T09:59:16Z
2016,REG,CLE,7,00-0032061,DE,Xavier Cooper,Xavier,Cooper,Shoulder,,Questionable,Shoulder,,Limited Participation in Practice,2016-10-21T09:58:43Z
2016,REG,CLE,7,00-0028825,WR,Terrelle Pryor,Terrelle,Pryor,Hamstring,,Questionable,Hamstring,,Limited Participation in Practice,2016-10-21T09:58:43Z
2016,REG,CLE,7,00-0031533,TE,Randall Telfer,Randall,Telfer,Ankle,,Questionable,Ankle,,Limited Participation in Practice,2016-10-21T09:58:43Z
2016,REG,DEN,7,00-0028082,S,Shiloh Keo,Shiloh,Keo,,,,Knee,,Full Participation in Practice,2016-10-22T11:26:58Z
2016,REG,DEN,7,00-0027685,WR,Emmanuel Sanders,Emmanuel,Sanders,,,,Hip,,Full Participation in Practice,2016-10-22T11:26:58Z
2016,REG,DEN,7,00-0032156,QB,Trevor Siemian,Trevor,Siemian,,,,left Shoulder,,Full Participation in Practice,2016-10-22T11:26:58Z
2016,REG,DEN,7,00-0032971,S,Justin Simmons,Justin,Simmons,,,,Hand,,Full Participation in Practice,2016-10-22T11:26:58Z
2016,REG,DEN,7,00-0027653,S,T.J. Ward,T.J.,Ward,,,,Ankle,,Full Participation in Practice,2016-10-22T11:26:58Z
2016,REG,DEN,7,00-0030523,CB,Kayvon Webster,Kayvon,Webster,,,,Hamstring,,Full Participation in Practice,2016-10-22T11:26:58Z
2016,REG,DEN,7,00-0029303,DE,Billy Winn,Billy,Winn,,,,Low back,,Full Participation in Practice,2016-10-22T11:26:58Z
2016,REG,DEN,7,00-0023445,LB,DeMarcus Ware,DeMarcus,Ware,Forearm,,Out,Forearm,,Did Not Participate In Practice,2016-10-22T11:27:27Z
2016,REG,DEN,7,00-0031344,WR,Cody Latimer,Cody,Latimer,Concussion,,Questionable,Concussion,,Limited Participation in Practice,2016-10-22T11:27:12Z
2016,REG,DEN,7,00-0027859,T,Russell Okung,Russell,Okung,Concussion,,Questionable,Concussion,,Limited Participation in Practice,2016-10-22T11:27:12Z
2016,REG,DET,7,00-0031387,TE,Eric Ebron,Eric,Ebron,Ankle,Knee,Out,Ankle,Knee,Did Not Participate In Practice,2016-10-21T12:57:39Z
2016,REG,DET,7,00-0027050,LB,DeAndre Levy,DeAndre,Levy,Quadricep,Knee,Out,Quadricep,Knee,Did Not Participate In Practice,2016-10-21T12:57:45Z
2016,REG,DET,7,00-0024227,DT,Haloti Ngata,Haloti,Ngata,Shoulder,,Out,Shoulder,,Did Not Participate In Practice,2016-10-21T12:58:01Z
2016,REG,DET,7,00-0030107,RB,Theo Riddick,Theo,Riddick,Ankle,,Out,Ankle,,Did Not Participate In Practice,2016-10-21T12:58:16Z
2016,REG,DET,7,00-0031627,T,Corey Robinson,Corey,Robinson,Ankle,,Out,Ankle,,Did Not Participate In Practice,2016-10-21T12:58:20Z
2016,REG,DET,7,00-0030059,DE,Ezekiel Ansah,Ezekiel,Ansah,Ankle,,Questionable,Ankle,,Limited Participation in Practice,2016-10-21T12:57:31Z
2016,REG,DET,7,00-0030065,G,Larry Warford,Larry,Warford,Groin,,Questionable,Groin,,Limited Participation in Practice,2016-10-21T12:57:31Z
2016,REG,DET,7,00-0032450,RB,Dwayne Washington,Dwayne,Washington,Ankle,,Questionable,Ankle,,Limited Participation in Practice,2016-10-21T12:57:31Z
2016,REG,DET,7,00-0029212,LB,Tahir Whitehead,Tahir,Whitehead,Abdomen,,Questionable,Abdomen,,Limited Participation in Practice,2016-10-21T12:57:31Z
2016,REG,GB,7,00-0027440,CB,Sam Shields,Sam,Shields,,,,Concussion,,Did Not Participate In Practice,2016-10-17T12:39:36Z
2016,REG,GB,7,00-0027875,T,Bryan Bulaga,Bryan,Bulaga,,,,Back,,Full Participation in Practice,2016-10-19T12:41:34Z
2016,REG,GB,7,00-0028002,WR,Randall Cobb,Randall,Cobb,,,,Back,,Full Participation in Practice,2016-10-19T12:41:38Z
2016,REG,GB,7,00-0031021,WR,Jared Abbrederis,Jared,Abbrederis,Quadricep,,Out,Quadricep,,Did Not Participate In Practice,2016-10-19T12:41:57Z
2016,REG,GB,7,00-0029747,S,Chris Banjo,Chris,Banjo,Hamstring,,Out,Hamstring,,Did Not Participate In Practice,2016-10-19T12:42:15Z
2016,REG,GB,7,00-0027061,TE,Jared Cook,Jared,Cook,Ankle,,Out,Ankle,,Did Not Participate In Practice,2016-10-19T12:42:33Z
2016,REG,GB,7,00-0030485,RB,Eddie Lacy,Eddie,Lacy,Ankle,,Out,Ankle,,Did Not Participate In Practice,2016-10-19T12:42:42Z
2016,REG,GB,7,00-0032251,CB,Damarious Randall,Damarious,Randall,Groin,,Out,Groin,,Did Not Participate In Practice,2016-10-19T12:42:48Z
2016,REG,GB,7,00-0031937,CB,Quinten Rollins,Quinten,Rollins,Groin,,Out,Groin,,Did Not Participate In Practice,2016-10-19T12:42:57Z
2016,REG,GB,7,00-0027791,RB,James Starks,James,Starks,Knee,,Out,Knee,,Did Not Participate In Practice,2016-10-19T12:43:02Z
2016,REG,GB,7,00-0031381,WR,Davante Adams,Davante,Adams,Concussion,,Questionable,Concussion,,Limited Participation in Practice,2016-10-19T12:41:46Z
2016,REG,HOU,7,00-0029524,G,Jeff Allen,Jeff,Allen,,,,Concussion,,Full Participation in Practice,2016-10-22T11:27:39Z
2016,REG,HOU,7,00-0032725,TE,Stephen Anderson,Stephen,Anderson,,,,Hamstring,,Full Participation in Practice,2016-10-22T11:27:39Z
2016,REG,HOU,7,00-0026166,T,Duane Brown,Duane,Brown,,,,Knee,,Full Participation in Practice,2016-10-22T11:27:39Z
2016,REG,HOU,7,00-0033127,WR,Will Fuller,Will,Fuller,,,,Hamstring,,Full Participation in Practice,2016-10-22T11:27:48Z
2016,REG,HOU,7,00-0030108,TE,Ryan Griffin,Ryan,Griffin,,,,Ribs,,Full Participation in Practice,2016-10-22T11:27:39Z
2016,REG,HOU,7,00-0030564,WR,DeAndre Hopkins,DeAndre,Hopkins,,,,Hamstring,,Full Participation in Practice,2016-10-22T11:27:39Z
2016,REG,HOU,7,00-0027872,CB,Kareem Jackson,Kareem,Jackson,,,,Hamstring,,Full Participation in Practice,2016-10-22T11:27:39Z
2016,REG,HOU,7,00-0024239,CB,Johnathan Joseph,Johnathan,Joseph,,,,Forearm,,Full Participation in Practice,2016-10-22T11:27:39Z
2016,REG,HOU,7,00-0031923,C,Greg Mancz,Greg,Mancz,,,,Knee,,Full Participation in Practice,2016-10-22T11:27:39Z
2016,REG,HOU,7,00-0033069,WR,Braxton Miller,Braxton,Miller,,,,Hamstring,,Full Participation in Practice,2016-10-22T11:27:39Z
2016,REG,HOU,7,00-0028152,T,Derek Newton,Derek,Newton,,,,Ankle,Knee,Full Participation in Practice,2016-10-22T11:27:39Z
2016,REG,HOU,7,00-0029682,QB,Brock Osweiler,Brock,Osweiler,,,,Foot,,Full Participation in Practice,2016-10-22T11:27:39Z
2016,REG,HOU,7,00-0031410,G,Xavier Su'a-Filo,Xavier,Su'a-Filo,,,,Knee,,Full Participation in Practice,2016-10-22T11:27:39Z
2016,REG,HOU,7,00-0030083,G,Oday Aboushi,Oday,Aboushi,,,,Shoulder,,Limited Participation in Practice,2016-10-22T11:27:39Z
2016,REG,HOU,7,00-0031364,LB,Jadeveon Clowney,Jadeveon,Clowney,,,,Wrist,,Limited Participation in Practice,2016-10-22T11:27:39Z
2016,REG,HOU,7,00-0030442,LB,John Simon,John,Simon,,,,Shoulder,,Limited Participation in Practice,2016-10-22T11:27:39Z
2016,REG,HOU,7,00-0026257,S,Quintin Demps,Quintin,Demps,Calf,,Out,Calf,,Did Not Participate In Practice,2016-10-22T11:28:20Z
2016,REG,HOU,7,00-0029510,RB,Jonathan Grimes,Jonathan,Grimes,Ankle,,Out,Ankle,,Did Not Participate In Practice,2016-10-22T11:28:23Z
2016,REG,HOU,7,00-0031548,CB,Kevin Johnson,Kevin,Johnson,Foot,,Out,Foot,,Did Not Participate In Practice,2016-10-22T11:28:26Z
2016,REG,HOU,7,00-0031491,LB,Brian Peters,Brian,Peters,Quadricep,,Out,Quadricep,,Did Not Participate In Practice,2016-10-22T11:28:30Z
2016,REG,IND,7,00-0026307,LB,Erik Walden,Erik,Walden,,,,Not Injury Related,,Did Not Participate In Practice,2016-10-21T11:54:14Z
2016,REG,IND,7,00-0022247,S,Mike Adams,Mike,Adams,,,,Not Injury Related,,Full Participation in Practice,2016-10-21T11:46:02Z
2016,REG,IND,7,00-0027001,CB,Vontae Davis,Vontae,Davis,,,,Not Injury Related,,Full Participation in Practice,2016-10-21T11:46:02Z
2016,REG,IND,7,00-0023500,RB,Frank Gore,Frank,Gore,,,,Not Injury Related,,Full Participation in Practice,2016-10-21T11:46:02Z
2016,REG,IND,7,00-0024249,LB,D'Qwell Jackson,D'Qwell,Jackson,,,,Not Injury Related,,Full Participation in Practice,2016-10-21T11:50:39Z
2016,REG,IND,7,00-0026206,DE,Kendall Langford,Kendall,Langford,,,,Not Injury Related,,Full Participation in Practice,2016-10-21T11:46:02Z
2016,REG,IND,7,00-0029668,QB,Andrew Luck,Andrew,Luck,,,,Ankle,Right Shoulder,Full Participation in Practice,2016-10-21T11:52:01Z
2016,REG,IND,7,00-0022059,LB,Robert Mathis,Robert,Mathis,,,,Not Injury Related,,Full Participation in Practice,2016-10-21T11:46:02Z
2016,REG,IND,7,00-0027882,CB,Patrick Robinson,Patrick,Robinson,,,,Hip,,Full Participation in Practice,2016-10-21T11:46:02Z
2016,REG,IND,7,00-0029689,TE,Dwayne Allen,Dwayne,Allen,Ankle,,Out,Ankle,,Did Not Participate In Practice,2016-10-21T11:46:45Z
2016,REG,IND,7,00-0032269,DT,Henry Anderson,Henry,Anderson,Knee,,Out,Knee,,Did Not Participate In Practice,2016-10-21T11:47:04Z
2016,REG,IND,7,00-0032208,WR,Phillip Dorsett,Phillip,Dorsett,Foot,Hamstring,Out,Foot,Hamstring,Did Not Participate In Practice,2016-10-21T11:48:27Z
2016,REG,IND,7,00-0031105,DT,Zach Kerr,Zach,Kerr,Ankle,,Out,Ankle,,Did Not Participate In Practice,2016-10-21T11:51:18Z
2016,REG,IND,7,00-0032361,LB,Curt Maggitt,Curt,Maggitt,Ankle,,Out,Ankle,,Did Not Participate In Practice,2016-10-21T11:52:37Z
2016,REG,IND,7,00-0031046,G,Jack Mewhort,Jack,Mewhort,Tricep,,Out,Tricep,,Did Not Participate In Practice,2016-10-21T11:53:19Z
2016,REG,IND,7,00-0031339,WR,Donte Moncrief,Donte,Moncrief,Shoulder,,Out,Shoulder,,Did Not Participate In Practice,2016-10-21T11:53:41Z
2016,REG,IND,7,00-0033059,S,T.J. Green,T.J.,Green,Knee,,Questionable,Knee,,Full Participation in Practice,2016-10-21T11:46:07Z
2016,REG,IND,7,00-0029608,WR,T.Y. Hilton,T.Y.,Hilton,Hip,,Questionable,Hip,,Full Participation in Practice,2016-10-21T11:46:07Z
2016,REG,IND,7,00-0027017,CB,Darius Butler,Darius,Butler,Calf,Hamstring,Questionable,Calf,Hamstring,Limited Participation in Practice,2016-10-21T11:46:07Z
2016,REG,IND,7,00-0030649,C,Jonotthan Harrison,Jonotthan,Harrison,Illness,,Questionable,Illness,,Limited Participation in Practice,2016-10-21T11:46:07Z
2016,REG,JAX,7,00-0027957,CB,Prince Amukamara,Prince,Amukamara,,,,Hamstring,,Full Participation in Practice,2016-10-21T09:25:42Z
2016,REG,JAX,7,00-0030538,S,Johnathan Cyprien,Johnathan,Cyprien,,,,Calf,,Full Participation in Practice,2016-10-21T09:25:32Z
2016,REG,JAX,7,00-0028924,S,Tashaun Gipson,Tashaun,Gipson,,,,Knee,,Full Participation in Practice,2016-10-21T09:25:32Z
2016,REG,JAX,7,00-0031731,RB,Corey Grant,Corey,Grant,,,,Toe,,Full Participation in Practice,2016-10-21T09:25:32Z
2016,REG,JAX,7,00-0032170,WR,Rashad Greene,Rashad,Greene,,,,Achilles,,Full Participation in Practice,2016-10-21T09:25:32Z
2016,REG,JAX,7,00-0030821,WR,Allen Hurns,Allen,Hurns,,,,Shoulder,,Full Participation in Practice,2016-10-21T09:26:07Z
2016,REG,JAX,7,00-0029946,DT,Abry Jones,Abry,Jones,,,,Hamstring,,Full Participation in Practice,2016-10-21T09:26:17Z
2016,REG,JAX,7,00-0031369,G,Brandon Linder,Brandon,Linder,,,,Foot,,Full Participation in Practice,2016-10-21T09:25:32Z
2016,REG,JAX,7,00-0027038,DT,Sen'Derrick Marks,Sen'Derrick,Marks,,,,Knee,,Full Participation in Practice,2016-10-21T09:26:25Z
2016,REG,JAX,7,00-0026839,T,Jermey Parnell,Jermey,Parnell,,,,Hip,,Full Participation in Practice,2016-10-21T09:25:59Z
2016,REG,JAX,7,00-0029316,T,Kelvin Beachum,Kelvin,Beachum,Knee,,Questionable,Knee,,Limited Participation in Practice,2016-10-21T09:27:15Z
2016,REG,JAX,7,00-0027878,DE,Jared Odrick,Jared,Odrick,Hip,,Questionable,Hip,,Limited Participation in Practice,2016-10-21T09:27:28Z
2016,REG,JAX,7,00-0032120,WR,Neal Sterling,Neal,Sterling,Foot,,Questionable,Foot,,Limited Participation in Practice,2016-10-21T09:28:02Z
2016,REG,JAX,7,00-0028067,TE,Julius Thomas,Julius,Thomas,Ankle,,Questionable,Ankle,,Limited Participation in Practice,2016-10-21T09:27:44Z
2016,REG,KC,7,00-0024235,LB,Tamba Hali,Tamba,Hali,,,,Knee,,Did Not Participate In Practice,2016-10-21T12:25:41Z
2016,REG,KC,7,00-0031186,CB,Kenneth Acker,Kenneth,Acker,,,,Shoulder,,Full Participation in Practice,2016-10-21T12:25:30Z
2016,REG,KC,7,00-0030011,G,Jordan Devey,Jordan,Devey,,,,Ankle,,Full Participation in Practice,2016-10-21T12:25:30Z
2016,REG,KC,7,00-0029253,T,Mitchell Schwartz,Mitchell,Schwartz,,,,Ankle,,Full Participation in Practice,2016-10-21T12:25:30Z
2016,REG,KC,7,00-0026213,RB,Jamaal Charles,Jamaal,Charles,Knee,,Questionable,Knee,,Limited Participation in Practice,2016-10-21T12:25:58Z
2016,REG,KC,7,00-0031015,CB,Phillip Gaines,Phillip,Gaines,Knee,,Questionable,Knee,,Limited Participation in Practice,2016-10-21T12:25:58Z
2016,REG,LA,7,00-0029630,DT,Michael Brockers,Michael,Brockers,Thigh,,Out,Thigh,,Did Not Participate In Practice,2016-10-21T06:20:13Z
2016,REG,LA,7,00-0029690,CB,Trumaine Johnson,Trumaine,Johnson,Ankle,,Out,Ankle,,Did Not Participate In Practice,2016-10-21T06:20:50Z
2016,REG,LA,7,00-0032244,G,Jamon Brown,Jamon,Brown,Hand,,Doubtful,Hand,,Did Not Participate In Practice,2016-10-21T06:20:30Z
2016,REG,LA,7,00-0032685,WR,Nelson Spruce,Nelson,Spruce,Calf,,Doubtful,Calf,,Did Not Participate In Practice,2016-10-21T06:21:08Z
2016,REG,LA,7,00-0026243,DE,William Hayes,William,Hayes,Ankle,,Questionable,Ankle,,Full Participation in Practice,2016-10-21T06:20:01Z
2016,REG,LA,7,00-0027952,DE,Robert Quinn,Robert,Quinn,Shoulder,,Questionable,Shoulder,,Full Participation in Practice,2016-10-21T06:20:01Z
2016,REG,MIA,7,00-0027762,S,Reshad Jones,Reshad,Jones,,,,Shoulder,,Did Not Participate In Practice,2016-10-19T12:45:58Z
2016,REG,MIA,7,00-0026194,DE,Jason Jones,Jason,Jones,,,,Not Injury Related,,Full Participation in Practice,2016-10-21T12:04:30Z
2016,REG,MIA,7,00-0028040,TE,Jordan Cameron,Jordan,Cameron,Concussion,,Out,Concussion,,Did Not Participate In Practice,2016-10-21T12:05:11Z
2016,REG,MIA,7,00-0033050,CB,Xavien Howard,Xavien,Howard,Knee,,Out,Knee,,Did Not Participate In Practice,2016-10-21T12:05:27Z
2016,REG,MIA,7,00-0030422,TE,Dion Sims,Dion,Sims,Concussion,,Out,Concussion,,Did Not Participate In Practice,2016-10-21T12:05:44Z
2016,REG,MIA,7,00-0026796,RB,Arian Foster,Arian,Foster,Hamstring,,Questionable,Hamstring,,Full Participation in Practice,2016-10-21T12:04:48Z
2016,REG,MIA,7,00-0030384,LB,Jelani Jenkins,Jelani,Jenkins,Groin,,Questionable,Groin,,Full Participation in Practice,2016-10-21T12:04:48Z
2016,REG,MIA,7,00-0031594,CB,Tony Lippett,Tony,Lippett,Hamstring,,Questionable,Hamstring,,Full Participation in Practice,2016-10-21T12:04:48Z
2016,REG,MIA,7,00-0028368,LB,Spencer Paysinger,Spencer,Paysinger,Hamstring,Calf,Questionable,Hamstring,Calf,Limited Participation in Practice,2016-10-21T12:04:48Z
2016,REG,MIN,7,00-0031256,LB,Anthony Barr,Anthony,Barr,,,,Ankle,,Full Participation in Practice,2016-10-21T11:06:34Z
2016,REG,MIN,7,00-0026762,G,Alex Boone,Alex,Boone,,,,Knee,,Full Participation in Practice,2016-10-21T11:06:34Z
2016,REG,MIN,7,00-0028110,G,Brandon Fusco,Brandon,Fusco,,,,Concussion,,Full Participation in Practice,2016-10-21T11:06:34Z
2016,REG,MIN,7,00-0030923,T,Jeremiah Sirles,Jeremiah,Sirles,,,,Knee,,Full Participation in Practice,2016-10-21T11:06:52Z
2016,REG,MIN,7,00-0030574,DT,Sharrif Floyd,Sharrif,Floyd,Knee,,Out,Knee,,Did Not Participate In Practice,2016-10-21T11:07:26Z
2016,REG,MIN,7,00-0031585,TE,MyCole Pruitt,MyCole,Pruitt,Knee,Back,Out,Knee,Back,Did Not Participate In Practice,2016-10-21T11:07:16Z
2016,REG,MIN,7,00-0029572,WR,Jarius Wright,Jarius,Wright,Ankle,,Doubtful,Ankle,,Limited Participation in Practice,2016-10-21T11:07:45Z
2016,REG,MIN,7,00-0031588,WR,Stefon Diggs,Stefon,Diggs,Groin,,Questionable,Groin,,Full Participation in Practice,2016-10-21T11:06:57Z
2016,REG,MIN,7,00-0032951,WR,Laquon Treadwell,Laquon,Treadwell,Thumb,,Questionable,Thumb,,Limited Participation in Practice,2016-10-21T11:06:57Z
2016,REG,NE,7,00-0031345,QB,Jimmy Garoppolo,Jimmy,Garoppolo,,,,right Shoulder,,Limited Participation in Practice,2016-10-19T12:58:35Z
2016,REG,NE,7,00-0029239,RB,Brandon Bolden,Brandon,Bolden,Knee,,Questionable,Knee,,Did Not Participate In Practice,2016-10-21T12:50:32Z
2016,REG,NE,7,00-0026201,TE,Martellus Bennett,Martellus,Bennett,Ankle,,Questionable,Ankle,,Limited Participation in Practice,2016-10-21T12:50:32Z
2016,REG,NE,7,00-0030421,LB,Jamie Collins,Jamie,Collins,Hip,,Questionable,Hip,,Limited Participation in Practice,2016-10-21T12:50:32Z
2016,REG,NE,7,00-0027150,WR,Julian Edelman,Julian,Edelman,Foot,,Questionable,Foot,,Limited Participation in Practice,2016-10-21T12:50:32Z
2016,REG,NE,7,00-0032578,DT,Woodrow Hamilton,Woodrow,Hamilton,Shoulder,,Questionable,Shoulder,,Limited Participation in Practice,2016-10-21T12:50:32Z
2016,REG,NE,7,00-0029250,LB,Shea McClellin,Shea,McClellin,Concussion,,Questionable,Concussion,,Limited Participation in Practice,2016-10-21T12:50:32Z
2016,REG,NE,7,00-0032400,WR,Malcolm Mitchell,Malcolm,Mitchell,Hamstring,,Questionable,Hamstring,,Limited Participation in Practice,2016-10-21T12:50:32Z
2016,REG,NE,7,00-0032442,LB,Elandon Roberts,Elandon,Roberts,Ankle,,Questionable,Ankle,,Limited Participation in Practice,2016-10-21T12:50:32Z
2016,REG,NE,7,00-0032396,DT,Vincent Valentine,Vincent,Valentine,Back,,Questionable,Back,,Limited Participation in Practice,2016-10-21T12:50:32Z
2016,REG,NO,7,00-0027951,DT,Nick Fairley,Nick,Fairley,,,,Not Injury Related,,Did Not Participate In Practice,2016-10-20T14:12:49Z
2016,REG,NO,7,00-0032102,LB,Stephone Anthony,Stephone,Anthony,Hamstring,,Out,Hamstring,,Did Not Participate In Practice,2016-10-21T13:00:25Z
2016,REG,NO,7,00-0031474,CB,Delvin Breaux,Delvin,Breaux,Fibula,,Out,Fibula,,Did Not Participate In Practice,2016-10-21T13:00:35Z
2016,REG,NO,7,00-0032804,RB,Daniel Lasco,Daniel,Lasco,Hamstring,,Out,Hamstring,,Did Not Participate In Practice,2016-10-21T13:00:54Z
2016,REG,NO,7,00-0028767,CB,Sterling Moore,Sterling,Moore,Abdomen,,Out,Abdomen,,Did Not Participate In Practice,2016-10-21T13:01:02Z
2016,REG,NO,7,00-0032203,T,Andrus Peat,Andrus,Peat,Groin,,Out,Groin,,Did Not Participate In Practice,2016-10-21T13:01:07Z
2016,REG,NO,7,00-0026857,LB,Dannell Ellerbe,Dannell,Ellerbe,Quadricep,,Out,Quadricep,,Limited Participation in Practice,2016-10-21T13:00:41Z
2016,REG,NO,7,00-0030067,T,Terron Armstead,Terron,Armstead,Knee,,Questionable,Knee,,Limited Participation in Practice,2016-10-21T13:00:11Z
2016,REG,NO,7,00-0027033,DE,Paul Kruger,Paul,Kruger,Back,,Questionable,Back,,Limited Participation in Practice,2016-10-21T13:00:11Z
2016,REG,NYG,7,00-0027155,RB,Rashad Jennings,Rashad,Jennings,,,,Thumb,,Full Participation in Practice,2016-10-21T13:32:54Z
2016,REG,NYG,7,00-0029693,DE,Olivier Vernon,Olivier,Vernon,,,,Wrist,,Full Participation in Practice,2016-10-21T13:32:54Z
2016,REG,NYG,7,00-0032379,CB,Eli Apple,Eli,Apple,,,,Groin,,Limited Participation in Practice,2016-10-21T13:32:54Z
2016,REG,NYG,7,00-0031235,WR,Odell Beckham,Odell,Beckham,,,,Hip,,Limited Participation in Practice,2016-10-21T13:32:54Z
2016,REG,NYG,7,00-0029545,LB,Keenan Robinson,Keenan,Robinson,,,,Knee,,Limited Participation in Practice,2016-10-21T13:32:54Z
2016,REG,NYG,7,00-0029314,CB,Trevin Wade,Trevin,Wade,,,,Ankle,,Limited Participation in Practice,2016-10-21T13:32:54Z
2016,REG,NYG,7,00-0031070,S,Nat Berhe,Nat,Berhe,Concussion,,Out,Concussion,,Did Not Participate In Practice,2016-10-21T13:34:42Z
2016,REG,NYG,7,00-0027768,T,Marshall Newhouse,Marshall,Newhouse,Calf,,Out,Calf,,Did Not Participate In Practice,2016-10-21T13:34:59Z
2016,REG,NYG,7,00-0033083,S,Darian Thompson,Darian,Thompson,Foot,,Out,Foot,,Did Not Participate In Practice,2016-10-21T13:35:04Z
2016,REG,NYG,7,00-0025503,LS,Zak DeOssie,Zak,DeOssie,Ankle,,Questionable,Ankle,,Limited Participation in Practice,2016-10-21T13:34:27Z
2016,REG,NYJ,7,00-0027978,LB,Bruce Carter,Bruce,Carter,,,,Foot,,Full Participation in Practice,2016-10-21T11:41:36Z
2016,REG,NYJ,7,00-0026184,RB,Matt Forte,Matt,Forte,,,,Knee,,Full Participation in Practice,2016-10-21T11:41:36Z
2016,REG,NYJ,7,00-0025434,LB,David Harris,David,Harris,,,,Hamstring,,Full Participation in Practice,2016-10-21T11:41:36Z
2016,REG,NYJ,7,00-0026564,DT,Steve McLendon,Steve,McLendon,,,,Back,,Full Participation in Practice,2016-10-21T11:41:36Z
2016,REG,NYJ,7,00-0030573,DT,Sheldon Richardson,Sheldon,Richardson,,,,Not Injury Related,,Full Participation in Practice,2016-10-21T11:41:53Z
2016,REG,NYJ,7,00-0031628,CB,Darryl Roberts,Darryl,Roberts,,,,Shoulder,,Full Participation in Practice,2016-10-21T11:41:36Z
2016,REG,NYJ,7,00-0028075,CB,Buster Skrine,Buster,Skrine,,,,Not Injury Related,,Full Participation in Practice,2016-10-21T11:41:36Z
2016,REG,NYJ,7,00-0030066,G,Brian Winters,Brian,Winters,,,,Knee,,Full Participation in Practice,2016-10-21T11:41:36Z
2016,REG,NYJ,7,00-0032515,TE,Braedon Bowman,Braedon,Bowman,Knee,,Out,Knee,,Did Not Participate In Practice,2016-10-21T11:42:05Z
2016,REG,NYJ,7,00-0033147,LB,Darron Lee,Darron,Lee,Ankle,,Out,Ankle,,Did Not Participate In Practice,2016-10-21T11:42:18Z
2016,REG,NYJ,7,00-0031031,T,Brent Qvale,Brent,Qvale,Neck,,Out,Neck,,Did Not Participate In Practice,2016-10-21T11:42:31Z
2016,REG,NYJ,7,00-0031418,TE,Austin Seferian-Jenkins,Austin,Seferian-Jenkins,Ankle,,Out,Ankle,,Did Not Participate In Practice,2016-10-21T11:42:39Z
2016,REG,NYJ,7,00-0027968,DE,Muhammad Wilkerson,Muhammad,Wilkerson,Ankle,,Questionable,Ankle,,Did Not Participate In Practice,2016-10-21T11:41:54Z
2016,REG,NYJ,7,00-0026152,T,Ryan Clady,Ryan,Clady,Shoulder,,Questionable,Shoulder,,Limited Participation in Practice,2016-10-21T11:41:54Z
2016,REG,NYJ,7,00-0024244,C,Nick Mangold,Nick,Mangold,Knee,,Questionable,Knee,,Limited Participation in Practice,2016-10-21T11:41:54Z
2016,REG,OAK,7,00-0032899,G,Vadal Alexander,Vadal,Alexander,Ankle,,Doubtful,Ankle,,Did Not Participate In Practice,2016-10-21T12:28:35Z
2016,REG,OAK,7,00-0032151,G,Jon Feliciano,Jon,Feliciano,Calf,,Questionable,Calf,,Limited Participation in Practice,2016-10-21T12:28:26Z
2016,REG,OAK,7,00-0027993,C,Rodney Hudson,Rodney,Hudson,Knee,,Questionable,Knee,,Limited Participation in Practice,2016-10-21T12:28:26Z
2016,REG,OAK,7,00-0031367,G,Gabe Jackson,Gabe,Jackson,Knee,,Questionable,Knee,,Limited Participation in Practice,2016-10-21T12:28:26Z
2016,REG,OAK,7,00-0028063,RB,Taiwan Jones,Taiwan,Jones,Knee,,Questionable,Knee,,Limited Participation in Practice,2016-10-21T12:28:26Z
2016,REG,OAK,7,00-0030513,RB,Latavius Murray,Latavius,Murray,Toe,,Questionable,Toe,,Limited Participation in Practice,2016-10-21T12:28:26Z
2016,REG,OAK,7,00-0030020,S,Brynden Trawick,Brynden,Trawick,Shoulder,,Questionable,Shoulder,,Limited Participation in Practice,2016-10-21T12:28:26Z
2016,REG,OAK,7,00-0030579,T,Menelik Watson,Menelik,Watson,Calf,,Questionable,Calf,,Limited Participation in Practice,2016-10-21T12:28:26Z
2016,REG,PHI,7,00-0025506,G,Allen Barbre,Allen,Barbre,,,,Ankle,,Full Participation in Practice,2016-10-21T11:50:20Z
2016,REG,PHI,7,00-0028129,C,Jason Kelce,Jason,Kelce,,,,Foot,,Full Participation in Practice,2016-10-21T11:50:20Z
2016,REG,PHI,7,00-0031299,WR,Jordan Matthews,Jordan,Matthews,,,,Knee,,Full Participation in Practice,2016-10-21T11:50:20Z
2016,REG,PHI,7,00-0028899,S,Rodney McLeod,Rodney,McLeod,,,,Shoulder,,Full Participation in Practice,2016-10-21T11:50:20Z
2016,REG,PHI,7,00-0031371,DE,Marcus Smith,Marcus,Smith,,,,Groin,,Full Participation in Practice,2016-10-21T11:50:20Z
2016,REG,PHI,7,00-0030507,DT,Bennie Logan,Bennie,Logan,Groin,,Questionable,Groin,,Did Not Participate In Practice,2016-10-21T11:50:48Z
2016,REG,PHI,7,00-0029280,CB,Ron Brooks,Ron,Brooks,Calf,,Questionable,Calf,,Full Participation in Practice,2016-10-21T11:50:48Z
2016,REG,PHI,7,00-0029409,LB,Mychal Kendricks,Mychal,Kendricks,Ribs,,Questionable,Ribs,,Full Participation in Practice,2016-10-21T11:50:48Z
2016,REG,PHI,7,00-0026151,CB,Leodis McKelvin,Leodis,McKelvin,Hamstring,,Questionable,Hamstring,,Full Participation in Practice,2016-10-21T11:50:48Z
2016,REG,PIT,7,00-0028954,S,Robert Golden,Robert,Golden,,,,Foot,,Full Participation in Practice,2016-10-21T10:24:04Z
2016,REG,PIT,7,00-0027023,S,Michael Mitchell,Michael,Mitchell,,,,Knee,,Full Participation in Practice,2016-10-21T10:24:04Z
2016,REG,PIT,7,00-0031365,LB,Ryan Shazier,Ryan,Shazier,,,,Knee,,Full Participation in Practice,2016-10-21T10:24:04Z
2016,REG,PIT,7,00-0031412,DE,Stephon Tuitt,Stephon,Tuitt,,,,Ankle,,Limited Participation in Practice,2016-10-21T10:24:32Z
2016,REG,PIT,7,00-0028001,T,Marcus Gilbert,Marcus,Gilbert,Ankle,,Out,Ankle,,Did Not Participate In Practice,2016-10-21T10:25:10Z
2016,REG,PIT,7,00-0027969,DE,Cameron Heyward,Cameron,Heyward,Hamstring,,Out,Hamstring,,Did Not Participate In Practice,2016-10-21T10:25:14Z
2016,REG,PIT,7,00-0022924,QB,Ben Roethlisberger,Ben,Roethlisberger,Knee,,Out,Knee,,Did Not Participate In Practice,2016-10-21T10:25:18Z
2016,REG,PIT,7,00-0030412,S,Shamarko Thomas,Shamarko,Thomas,Groin,,Out,Groin,,Did Not Participate In Practice,2016-10-21T10:25:22Z
2016,REG,PIT,7,00-0026247,C,Cody Wallace,Cody,Wallace,Knee,,Out,Knee,,Did Not Participate In Practice,2016-10-21T10:25:27Z
2016,REG,PIT,7,00-0030460,WR,Markus Wheaton,Markus,Wheaton,Shoulder,,Out,Shoulder,,Did Not Participate In Practice,2016-10-21T10:25:31Z
2016,REG,PIT,7,00-0024242,RB,DeAngelo Williams,DeAngelo,Williams,Knee,,Out,Knee,,Did Not Participate In Practice,2016-10-21T10:25:35Z
2016,REG,SD,7,00-0028060,T,Chris Hairston,Chris,Hairston,,,,Groin,,Full Participation in Practice,2016-10-21T12:05:09Z
2016,REG,SD,7,00-0027651,RB,Dexter McCluster,Dexter,McCluster,,,,Hamstring,,Full Participation in Practice,2016-10-21T12:05:09Z
2016,REG,SD,7,00-0032103,LB,Denzel Perryman,Denzel,Perryman,,,,Shoulder,,Full Participation in Practice,2016-10-21T12:05:09Z
2016,REG,SD,7,00-0031258,LB,Jeremiah Attaochu,Jeremiah,Attaochu,Ankle,,Out,Ankle,,Did Not Participate In Practice,2016-10-21T12:05:46Z
2016,REG,SD,7,00-0030312,S,Jahleel Addae,Jahleel,Addae,Collarbone,,Out,Collarbone,,Limited Participation in Practice,2016-10-21T12:05:38Z
2016,REG,SD,7,00-0026175,CB,Brandon Flowers,Brandon,Flowers,Concussion,,Out,Concussion,,Limited Participation in Practice,2016-10-21T12:05:54Z
2016,REG,SD,7,00-0029269,WR,Travis Benjamin,Travis,Benjamin,Knee,,Questionable,Knee,,Limited Participation in Practice,2016-10-21T12:05:27Z
2016,REG,SEA,7,00-0032210,DE,Frank Clark,Frank,Clark,,,,Hamstring,,Full Participation in Practice,2016-10-21T14:35:51Z
2016,REG,SEA,7,00-0027696,TE,Jimmy Graham,Jimmy,Graham,,,,Knee,Hip,Full Participation in Practice,2016-10-21T14:36:05Z
2016,REG,SEA,7,00-0032393,RB,C.J. Prosise,C.J.,Prosise,,,,Wrist,,Full Participation in Practice,2016-10-21T14:35:51Z
2016,REG,SEA,7,00-0029091,T,Bradley Sowell,Bradley,Sowell,,,,Back,,Full Participation in Practice,2016-10-21T14:35:51Z
2016,REG,SEA,7,00-0029263,QB,Russell Wilson,Russell,Wilson,,,,Ankle,Knee,Full Participation in Practice,2016-10-21T14:35:51Z
2016,REG,SEA,7,00-0026618,DE,Michael Bennett,Michael,Bennett,,,,Knee,,Limited Participation in Practice,2016-10-21T14:35:57Z
2016,REG,SEA,7,00-0032416,DE,Quinton Jefferson,Quinton,Jefferson,Knee,,Out,Thumb,Knee,Did Not Participate In Practice,2016-10-21T13:13:11Z
2016,REG,SEA,7,00-0031308,LB,Kevin Pierre-Louis,Kevin,Pierre-Louis,Ankle,,Out,Ankle,,Did Not Participate In Practice,2016-10-21T13:12:55Z
2016,REG,SEA,7,00-0031897,RB,Thomas Rawls,Thomas,Rawls,Fibula,,Out,Fibula,,Did Not Participate In Practice,2016-10-21T13:11:57Z
2016,REG,SEA,7,00-0030089,TE,Luke Willson,Luke,Willson,Knee,,Out,Knee,,Did Not Participate In Practice,2016-10-21T13:12:09Z
2016,REG,SEA,7,00-0027733,S,Kam Chancellor,Kam,Chancellor,Groin,,Doubtful,Groin,,Did Not Participate In Practice,2016-10-21T13:12:35Z
2016,REG,SF,7,00-0004091,K,Phil Dawson,Phil,Dawson,,,,Illness,,Did Not Participate In Practice,2016-10-21T11:42:58Z
2016,REG,SF,7,00-0032164,DT,Arik Armstead,Arik,Armstead,,,,Shoulder,,Full Participation in Practice,2016-10-21T11:40:53Z
2016,REG,SF,7,00-0027658,G,Zane Beadles,Zane,Beadles,,,,Ankle,,Full Participation in Practice,2016-10-21T11:40:53Z
2016,REG,SF,7,00-0032378,DT,DeForest Buckner,DeForest,Buckner,,,,Foot,,Full Participation in Practice,2016-10-21T11:40:53Z
2016,REG,SF,7,00-0030088,DT,Quinton Dial,Quinton,Dial,,,,Knee,,Full Participation in Practice,2016-10-21T11:40:53Z
2016,REG,SF,7,00-0027948,QB,Blaine Gabbert,Blaine,Gabbert,,,,Back,,Full Participation in Practice,2016-10-21T11:40:53Z
2016,REG,SF,7,00-0033151,G,Joshua Garnett,Joshua,Garnett,,,,Foot,,Full Participation in Practice,2016-10-21T11:41:19Z
2016,REG,SF,7,00-0028091,WR,Jeremy Kerley,Jeremy,Kerley,,,,Ankle,,Full Participation in Practice,2016-10-21T11:40:53Z
2016,REG,SF,7,00-0030470,TE,Vance McDonald,Vance,McDonald,,,,Hip,,Full Participation in Practice,2016-10-21T11:40:53Z
2016,REG,SF,7,00-0032057,S,Jaquiski Tartt,Jaquiski,Tartt,,,,Quadricep,,Full Participation in Practice,2016-10-21T11:40:53Z
2016,REG,SF,7,00-0031298,CB,Jimmie Ward,Jimmie,Ward,,,,Quadricep,,Full Participation in Practice,2016-10-21T11:40:53Z
2016,REG,SF,7,00-0031045,RB,Carlos Hyde,Carlos,Hyde,Shoulder,,Out,Shoulder,,Did Not Participate In Practice,2016-10-21T11:44:09Z
2016,REG,SF,7,00-0026145,DT,Glenn Dorsey,Glenn,Dorsey,Knee,,Questionable,Knee,,Limited Participation in Practice,2016-10-21T11:43:08Z
2016,REG,SF,7,00-0032410,CB,Rashard Robinson,Rashard,Robinson,Concussion,,Questionable,Concussion,,Limited Participation in Practice,2016-10-21T11:43:08Z
2016,REG,SF,7,00-0027996,WR,Torrey Smith,Torrey,Smith,Back,,Questionable,Back,,Limited Participation in Practice,2016-10-21T11:43:08Z
2016,REG,TB,7,00-0026994,DE,Robert Ayers,Robert,Ayers,Ankle,,Out,Ankle,,Did Not Participate In Practice,2016-10-21T11:36:01Z
2016,REG,TB,7,00-0029613,RB,Doug Martin,Doug,Martin,Hamstring,,Out,Hamstring,,Did Not Participate In Practice,2016-10-21T11:36:13Z
2016,REG,TB,7,00-0026964,DT,Clinton McDonald,Clinton,McDonald,Hamstring,,Out,Hamstring,,Limited Participation in Practice,2016-10-21T11:36:08Z
2016,REG,TB,7,00-0032273,CB,Jude Adjei-Barimah,Jude,Adjei-Barimah,Knee,,Questionable,Knee,,Full Participation in Practice,2016-10-21T11:35:51Z
2016,REG,TB,7,00-0027717,C,Joe Hawley,Joe,Hawley,Knee,,Questionable,Knee,,Full Participation in Practice,2016-10-21T11:35:51Z
2016,REG,TB,7,00-0028052,WR,Cecil Shorts,Cecil,Shorts,Hamstring,,Questionable,Hamstring,,Full Participation in Practice,2016-10-21T11:35:51Z
2016,REG,TB,7,00-0028042,TE,Luke Stocker,Luke,Stocker,Ankle,,Questionable,Ankle,,Full Participation in Practice,2016-10-21T11:35:51Z
2016,REG,TB,7,00-0027856,DT,Gerald McCoy,Gerald,McCoy,Calf,,Questionable,Calf,,Limited Participation in Practice,2016-10-21T11:35:51Z
2016,REG,TEN,7,00-0024268,TE,Anthony Fasano,Anthony,Fasano,,,,Ankle,,Full Participation in Practice,2016-10-21T10:27:49Z
2016,REG,TEN,7,00-0026935,CB,Brice McCain,Brice,McCain,,,,Ankle,,Full Participation in Practice,2016-10-21T10:27:49Z
2016,REG,WAS,7,00-0032760,WR,Josh Doctson,Josh,Doctson,,,,Achilles,,Did Not Participate In Practice,2016-10-20T12:11:24Z
2016,REG,WAS,7,00-0026512,DE,Chris Baker,Chris,Baker,,,,Knee,Toe,Full Participation in Practice,2016-10-21T11:10:29Z
2016,REG,WAS,7,00-0032767,S,Su'a Cravens,Su'a,Cravens,,,,Concussion,,Full Participation in Practice,2016-10-21T11:10:29Z
2016,REG,WAS,7,00-0021706,DT,Cullen Jenkins,Cullen,Jenkins,,,,Not Injury Related,,Full Participation in Practice,2016-10-21T11:10:47Z
2016,REG,WAS,7,00-0031047,C,Spencer Long,Spencer,Long,,,,Knee,,Full Participation in Practice,2016-10-21T11:10:29Z
2016,REG,WAS,7,00-0031300,LB,Trent Murphy,Trent,Murphy,,,,Shoulder,Knee,Full Participation in Practice,2016-10-21T11:10:29Z
2016,REG,WAS,7,00-0029285,CB,Josh Norman,Josh,Norman,,,,Wrist,,Full Participation in Practice,2016-10-21T11:10:29Z
2016,REG,WAS,7,00-0030963,CB,Dashaun Phillips,Dashaun,Phillips,,,,Hamstring,,Full Participation in Practice,2016-10-21T11:10:29Z
2016,REG,WAS,7,00-0031945,LB,Martrell Spaight,Martrell,Spaight,,,,Shoulder,,Full Participation in Practice,2016-10-21T11:10:29Z
2016,REG,WAS,7,00-0027857,T,Trent Williams,Trent,Williams,,,,Knee,,Full Participation in Practice,2016-10-21T11:10:29Z
2016,REG,WAS,7,00-0030472,TE,Jordan Reed,Jordan,Reed,Concussion,,Out,Concussion,,Did Not Participate In Practice,2016-10-21T11:11:11Z
2016,REG,WAS,7,00-0026189,WR,DeSean Jackson,DeSean,Jackson,Shoulder,,Questionable,Shoulder,,Limited Participation in Practice,2016-10-21T11:10:52Z
2016,REG,ARI,8,00-0029530,CB,Justin Bethel,Justin,Bethel,,,,Foot,,Full Participation in Practice,2016-10-28T13:05:05Z
2016,REG,ARI,8,00-0030127,CB,Marcus Cooper,Marcus,Cooper,,,,Foot,,Full Participation in Practice,2016-10-28T13:05:11Z
2016,REG,ARI,8,00-0027869,G,Mike Iupati,Mike,Iupati,,,,Ankle,,Full Participation in Practice,2016-10-28T13:04:59Z
2016,REG,ARI,8,00-0031707,LB,Gabe Martin,Gabe,Martin,,,,Knee,,Full Participation in Practice,2016-10-28T13:05:23Z
2016,REG,ARI,8,00-0021429,QB,Carson Palmer,Carson,Palmer,,,,Hamstring,,Full Participation in Practice,2016-10-28T13:05:28Z
2016,REG,ARI,8,00-0027943,CB,Patrick Peterson,Patrick,Peterson,,,,Ribs,,Full Participation in Practice,2016-10-28T13:05:33Z
2016,REG,ARI,8,00-0029738,TE,Darren Fells,Darren,Fells,Ankle,,Out,Ankle,,Did Not Participate In Practice,2016-10-28T13:08:06Z
2016,REG,ARI,8,00-0030503,LB,Alex Okafor,Alex,Okafor,Calf,,Out,Calf,,Did Not Participate In Practice,2016-10-28T13:08:16Z
2016,REG,ARI,8,00-0031265,DT,Ed Stinson,Ed,Stinson,Toe,,Out,Toe,,Did Not Participate In Practice,2016-10-28T13:07:58Z
2016,REG,ARI,8,00-0030294,S,Tony Jefferson,Tony,Jefferson,Illness,,Questionable,Illness,,Did Not Participate In Practice,2016-10-28T13:07:32Z
2016,REG,ARI,8,00-0031051,WR,John Brown,John,Brown,Hamstring,,Questionable,Hamstring,,Limited Participation in Practice,2016-10-28T13:07:32Z
2016,REG,ARI,8,00-0029638,WR,Michael Floyd,Michael,Floyd,Hamstring,,Questionable,Hamstring,,Limited Participation in Practice,2016-10-28T13:07:32Z
2016,REG,ARI,8,00-0027674,T,Jared Veldheer,Jared,Veldheer,Finger,,Questionable,Finger,,Limited Participation in Practice,2016-10-28T13:07:32Z
2016,REG,ATL,8,00-0031285,RB,Devonta Freeman,Devonta,Freeman,,,,Hip,,Full Participation in Practice,2016-10-28T12:07:23Z
2016,REG,ATL,8,00-0031228,WR,Taylor Gabriel,Taylor,Gabriel,,,,Concussion,,Full Participation in Practice,2016-10-28T12:07:23Z
2016,REG,ATL,8,00-0031357,CB,C.J. Goodwin,C.J.,Goodwin,,,,Hamstring,,Full Participation in Practice,2016-10-28T12:07:30Z
2016,REG,ATL,8,00-0031279,T,Jake Matthews,Jake,Matthews,,,,Wrist,,Full Participation in Practice,2016-10-28T12:07:23Z
2016,REG,ATL,8,00-0029632,WR,Mohamed Sanu,Mohamed,Sanu,,,,Groin,,Full Participation in Practice,2016-10-28T12:07:23Z
2016,REG,ATL,8,00-0032058,RB,Tevin Coleman,Tevin,Coleman,Hamstring,,Out,Hamstring,,Did Not Participate In Practice,2016-10-28T12:07:40Z
2016,REG,ATL,8,00-0021146,DE,Dwight Freeney,Dwight,Freeney,Quadricep,,Questionable,Quadricep,,Did Not Participate In Practice,2016-10-28T12:07:34Z
2016,REG,BUF,8,00-0023259,LB,Lorenzo Alexander,Lorenzo,Alexander,,,,Not Injury Related,,Did Not Participate In Practice,2016-10-26T12:27:23Z
2016,REG,BUF,8,00-0029566,LB,Zach Brown,Zach,Brown,,,,Illness,,Did Not Participate In Practice,2016-10-27T11:36:30Z
2016,REG,BUF,8,00-0023516,G,Richie Incognito,Richie,Incognito,,,,Illness,,Did Not Participate In Practice,2016-10-27T11:38:37Z
2016,REG,BUF,8,00-0033037,DT,Adolphus Washington,Adolphus,Washington,,,,Illness,,Did Not Participate In Practice,2016-10-26T12:26:34Z
2016,REG,BUF,8,00-0031029,T,Seantrel Henderson,Seantrel,Henderson,,,,Back,,Full Participation in Practice,2016-10-28T10:05:42Z
2016,REG,BUF,8,00-0030068,WR,Marquise Goodwin,Marquise,Goodwin,Concussion,,Out,Concussion,,Did Not Participate In Practice,2016-10-28T10:07:06Z
2016,REG,BUF,8,00-0027972,S,Aaron Williams,Aaron,Williams,Neck,,Out,Neck,,Did Not Participate In Practice,2016-10-28T10:07:11Z
2016,REG,BUF,8,00-0027029,RB,LeSean McCoy,LeSean,McCoy,Hamstring,,Doubtful,Hamstring,,Did Not Participate In Practice,2016-10-28T10:07:19Z
2016,REG,BUF,8,00-0028707,DT,Corbin Bryant,Corbin,Bryant,Shoulder,,Questionable,Shoulder,,Limited Participation in Practice,2016-10-28T10:06:47Z
2016,REG,BUF,8,00-0028112,TE,Charles Clay,Charles,Clay,Knee,,Questionable,Knee,,Limited Participation in Practice,2016-10-28T10:06:47Z
2016,REG,BUF,8,00-0027941,DT,Marcell Dareus,Marcell,Dareus,Hamstring,,Questionable,Hamstring,,Limited Participation in Practice,2016-10-28T10:06:47Z
2016,REG,BUF,8,00-0030433,RB,Mike Gillislee,Mike,Gillislee,Foot,,Questionable,Foot,,Limited Participation in Practice,2016-10-28T10:06:47Z
2016,REG,BUF,8,00-0029561,T,Cordy Glenn,Cordy,Glenn,Ankle,,Questionable,Ankle,,Limited Participation in Practice,2016-10-28T10:06:47Z
2016,REG,BUF,8,00-0027881,LB,Jerry Hughes,Jerry,Hughes,Hand,,Questionable,Hand,,Limited Participation in Practice,2016-10-28T10:06:47Z
2016,REG,BUF,8,00-0029799,LB,Lerentee McCray,Lerentee,McCray,Knee,,Questionable,Knee,,Limited Participation in Practice,2016-10-28T10:06:47Z
2016,REG,BUF,8,00-0032149,G,John Miller,John,Miller,Shoulder,,Questionable,Shoulder,,Limited Participation in Practice,2016-10-28T10:06:47Z
2016,REG,BUF,8,00-0030431,WR,Robert Woods,Robert,Woods,Foot,,Questionable,Foot,,Limited Participation in Practice,2016-10-28T10:06:47Z
2016,REG,CAR,8,00-0027853,CB,Teddy Williams,Teddy,Williams,,,,Knee,,Did Not Participate In Practice,2016-10-27T12:37:19Z
2016,REG,CAR,8,00-0032967,DT,Vernon Butler,Vernon,Butler,Ankle,,Out,Ankle,,Did Not Participate In Practice,2016-10-28T12:03:57Z
2016,REG,CAR,8,00-0026999,T,Michael Oher,Michael,Oher,Concussion,,Out,Concussion,,Did Not Participate In Practice,2016-10-28T12:04:06Z
2016,REG,CAR,8,00-0031336,DE,Kony Ealy,Kony,Ealy,Illness,,Questionable,Illness,,Did Not Participate In Practice,2016-10-28T12:03:50Z
2016,REG,CAR,8,00-0025495,DT,Paul Soliai,Paul,Soliai,Foot,,Questionable,Foot,,Full Participation in Practice,2016-10-28T12:03:50Z
2016,REG,CAR,8,00-0032891,CB,Daryl Worley,Daryl,Worley,Concussion,,Questionable,Concussion,,Full Participation in Practice,2016-10-28T12:03:50Z
2016,REG,CAR,8,00-0032890,CB,James Bradberry,James,Bradberry,Foot,,Questionable,Foot,,Limited Participation in Practice,2016-10-28T12:03:50Z
2016,REG,CAR,8,00-0027840,CB,Robert McClain,Robert,McClain,Hamstring,,Questionable,Hamstring,,Limited Participation in Practice,2016-10-28T12:03:50Z
2016,REG,CHI,8,00-0032773,LB,Nick Kwiatkoski,Nick,Kwiatkoski,,,,Illness,,Full Participation in Practice,2016-10-28T12:18:10Z
2016,REG,CHI,8,00-0029577,LB,Danny Trevathan,Danny,Trevathan,,,,Illness,,Full Participation in Practice,2016-10-29T11:36:35Z
2016,REG,CHI,8,00-0032776,CB,Deiondre' Hall,Deiondre',Hall,Ankle,,Out,Ankle,,Did Not Participate In Practice,2016-10-29T11:37:00Z
2016,REG,CHI,8,00-0031551,DT,Eddie Goldman,Eddie,Goldman,Ankle,,Doubtful,Ankle,,Did Not Participate In Practice,2016-10-29T11:37:11Z
2016,REG,CHI,8,00-0030441,G,Kyle Long,Kyle,Long,Tricep,,Doubtful,Tricep,,Did Not Participate In Practice,2016-10-29T11:37:17Z
2016,REG,CHI,8,00-0026182,WR,Eddie Royal,Eddie,Royal,Toe,,Doubtful,Toe,,Did Not Participate In Practice,2016-10-29T11:37:25Z
2016,REG,CHI,8,00-0031904,CB,Bryce Callahan,Bryce,Callahan,Hamstring,,Questionable,Hamstring,,Did Not Participate In Practice,2016-10-29T11:36:47Z
2016,REG,CHI,8,00-0031569,RB,Jeremy Langford,Jeremy,Langford,Ankle,,Questionable,Ankle,,Limited Participation in Practice,2016-10-29T11:36:47Z
2016,REG,CHI,8,00-0028103,LB,Pernell McPhee,Pernell,McPhee,Knee,,Questionable,Knee,,Limited Participation in Practice,2016-10-29T11:36:47Z
2016,REG,CHI,8,00-0031912,WR,Cameron Meredith,Cameron,Meredith,Stomach,,Questionable,Stomach,,Limited Participation in Practice,2016-10-29T11:36:47Z
2016,REG,CHI,8,00-0026180,CB,Tracy Porter,Tracy,Porter,Knee,,Questionable,Knee,,Limited Participation in Practice,2016-10-29T11:36:47Z
2016,REG,CHI,8,00-0026275,G,Josh Sitton,Josh,Sitton,Ankle,,Questionable,Ankle,,Limited Participation in Practice,2016-10-29T11:36:47Z
2016,REG,CIN,8,00-0028912,LB,Vontaze Burfict,Vontaze,Burfict,,,,Not Injury Related,,Did Not Participate In Practice,2016-10-28T06:55:53Z
2016,REG,CIN,8,00-0022927,LB,Karlos Dansby,Karlos,Dansby,,,,Not Injury Related,,Did Not Participate In Practice,2016-10-26T12:33:28Z
2016,REG,CIN,8,00-0024338,DT,Domata Peko,Domata,Peko,,,,Not Injury Related,,Did Not Participate In Practice,2016-10-26T12:33:43Z
2016,REG,CIN,8,00-0028039,G,Clint Boling,Clint,Boling,,,,Shoulder,,Full Participation in Practice,2016-10-28T06:55:53Z
2016,REG,CIN,8,00-0031290,LB,Marquis Flowers,Marquis,Flowers,,,,Groin,,Full Participation in Practice,2016-10-28T06:55:53Z
2016,REG,CIN,8,00-0029560,CB,Dre Kirkpatrick,Dre,Kirkpatrick,,,,Groin,,Full Participation in Practice,2016-10-28T06:55:53Z
2016,REG,CIN,8,00-0024270,T,Andrew Whitworth,Andrew,Whitworth,,,,Concussion,,Full Participation in Practice,2016-10-28T06:56:18Z
2016,REG,CIN,8,00-0031291,WR,James Wright,James,Wright,,,,Knee,,Full Participation in Practice,2016-10-28T06:56:36Z
2016,REG,CLE,8,00-0033080,TE,Seth DeValve,Seth,DeValve,,,,Knee,,Full Participation in Practice,2016-10-28T10:37:42Z
2016,REG,CLE,8,00-0032976,T,Spencer Drango,Spencer,Drango,,,,Knee,,Full Participation in Practice,2016-10-28T10:37:50Z
2016,REG,CLE,8,00-0032145,C,Cameron Erving,Cameron,Erving,,,,Illness,,Full Participation in Practice,2016-10-28T10:37:33Z
2016,REG,CLE,8,00-0021206,QB,Josh McCown,Josh,McCown,,,,left Shoulder,,Full Participation in Practice,2016-10-28T10:37:33Z
2016,REG,CLE,8,00-0033129,DE,Carl Nassib,Carl,Nassib,,,,Hand,,Full Participation in Practice,2016-10-28T10:37:33Z
2016,REG,CLE,8,00-0028825,WR,Terrelle Pryor,Terrelle,Pryor,,,,Hamstring,,Full Participation in Practice,2016-10-28T10:38:23Z
2016,REG,CLE,8,00-0025390,T,Joe Thomas,Joe,Thomas,,,,Knee,,Full Participation in Practice,2016-10-28T10:38:34Z
2016,REG,CLE,8,00-0033104,QB,Cody Kessler,Cody,Kessler,Concussion,,Out,Concussion,,Did Not Participate In Practice,2016-10-28T10:39:12Z
2016,REG,CLE,8,00-0032966,WR,Corey Coleman,Corey,Coleman,Hand,,Out,Hand,,Limited Participation in Practice,2016-10-28T10:38:49Z
2016,REG,CLE,8,00-0029942,CB,Marcus Burley,Marcus,Burley,Hamstring,,Questionable,Hamstring,,Limited Participation in Practice,2016-10-28T10:38:38Z
2016,REG,CLE,8,00-0027860,CB,Joe Haden,Joe,Haden,Groin,,Questionable,Groin,,Limited Participation in Practice,2016-10-28T10:38:38Z
2016,REG,CLE,8,00-0030484,CB,Jamar Taylor,Jamar,Taylor,Groin,,Questionable,Groin,,Limited Participation in Practice,2016-10-28T10:38:38Z
2016,REG,DAL,8,00-0029053,DE,Ryan Davis,Ryan,Davis,Hamstring,,Out,Hamstring,,Did Not Participate In Practice,2016-10-28T11:32:44Z
2016,REG,DAL,8,00-0021678,QB,Tony Romo,Tony,Romo,Back,,Out,Back,,Did Not Participate In Practice,2016-10-28T11:32:52Z
2016,REG,DAL,8,00-0032204,T,Chaz Green,Chaz,Green,Foot,,Questionable,Foot,,Did Not Participate In Practice,2016-10-28T11:32:34Z
2016,REG,DAL,8,00-0029676,CB,Morris Claiborne,Morris,Claiborne,Concussion,,Questionable,Concussion,,Full Participation in Practice,2016-10-28T11:32:34Z
2016,REG,DAL,8,00-0029647,LB,Kyle Wilber,Kyle,Wilber,Neck,,Questionable,Neck,,Full Participation in Practice,2016-10-28T11:32:34Z
2016,REG,DAL,8,00-0022127,TE,Jason Witten,Jason,Witten,Chest,,Questionable,Chest,,Full Participation in Practice,2016-10-28T11:32:34Z
2016,REG,DAL,8,00-0027902,WR,Dez Bryant,Dez,Bryant,Knee,,Questionable,Knee,,Limited Participation in Practice,2016-10-28T11:32:34Z
2016,REG,DAL,8,00-0029004,RB,Lance Dunbar,Lance,Dunbar,Knee,,Questionable,Knee,,Limited Participation in Practice,2016-10-28T11:32:34Z
2016,REG,DAL,8,00-0031997,DE,David Irving,David,Irving,Ankle,,Questionable,Ankle,,Limited Participation in Practice,2016-10-28T11:32:34Z
2016,REG,DAL,8,00-0031411,DE,Demarcus Lawrence,Demarcus,Lawrence,Back,Shoulder,Questionable,Back,Shoulder,Limited Participation in Practice,2016-10-28T11:32:34Z
2016,REG,DAL,8,00-0026283,CB,Orlando Scandrick,Orlando,Scandrick,Hamstring,Hamstring,Questionable,Hamstring,Hamstring,Limited Participation in Practice,2016-10-28T11:32:34Z
2016,REG,DAL,8,00-0027947,T,Tyron Smith,Tyron,Smith,Back,,Questionable,Back,,Limited Participation in Practice,2016-10-28T11:32:34Z
2016,REG,DEN,8,00-0031101,LB,Shaquil Barrett,Shaquil,Barrett,,,,Elbow,,Full Participation in Practice,2016-10-28T11:47:02Z
2016,REG,DEN,8,00-0031039,C,James Ferentz,James,Ferentz,,,,Not Injury Related,,Full Participation in Practice,2016-10-28T11:47:02Z
2016,REG,DEN,8,00-0032956,RB,Andy Janovich,Andy,Janovich,,,,Hand,,Full Participation in Practice,2016-10-28T11:47:50Z
2016,REG,DEN,8,00-0032156,QB,Trevor Siemian,Trevor,Siemian,,,,left Shoulder,,Full Participation in Practice,2016-10-28T11:47:02Z
2016,REG,DEN,8,00-0027874,WR,Demaryius Thomas,Demaryius,Thomas,,,,Hip,,Full Participation in Practice,2016-10-28T11:47:42Z
2016,REG,DEN,8,00-0030577,DT,Sylvester Williams,Sylvester,Williams,,,,Ankle,,Full Participation in Practice,2016-10-28T11:47:46Z
2016,REG,DEN,8,00-0029303,DE,Billy Winn,Billy,Winn,,,,Low Back,,Full Participation in Practice,2016-10-28T11:47:02Z
2016,REG,DEN,8,00-0029854,RB,C.J. Anderson,C.J.,Anderson,Knee,,Out,Knee,,Did Not Participate In Practice,2016-10-28T11:48:12Z
2016,REG,DEN,8,00-0031349,C,Matt Paradis,Matt,Paradis,Hip,,Questionable,Hip,,Did Not Participate In Practice,2016-10-28T11:48:07Z
2016,REG,DEN,8,00-0029620,LB,Brandon Marshall,Brandon,Marshall,Hamstring,,Questionable,Hamstring,,Limited Participation in Practice,2016-10-28T11:48:07Z
2016,REG,DEN,8,00-0026160,CB,Aqib Talib,Aqib,Talib,Low Back,,Questionable,Low Back,,Limited Participation in Practice,2016-10-28T11:48:07Z
2016,REG,DEN,8,00-0023445,LB,DeMarcus Ware,DeMarcus,Ware,Forearm,,Questionable,Forearm,,Limited Participation in Practice,2016-10-28T11:48:07Z
2016,REG,DET,8,00-0032418,G,Joe Dahl,Joe,Dahl,,,,Illness,,Full Participation in Practice,2016-10-28T12:57:11Z
2016,REG,DET,8,00-0029293,WR,Marvin Jones,Marvin,Jones,,,,Not Injury Related,,Full Participation in Practice,2016-10-28T12:57:11Z
2016,REG,DET,8,00-0030107,RB,Theo Riddick,Theo,Riddick,,,,Ankle,,Full Participation in Practice,2016-10-28T12:57:11Z
2016,REG,DET,8,00-0032450,RB,Dwayne Washington,Dwayne,Washington,,,,Ankle,,Full Participation in Practice,2016-10-28T12:57:11Z
2016,REG,DET,8,00-0027050,LB,DeAndre Levy,DeAndre,Levy,Knee,Quadricep,Out,Knee,Quadricep,Did Not Participate In Practice,2016-10-28T12:57:59Z
2016,REG,DET,8,00-0030062,CB,Darius Slay,Darius,Slay,Hamstring,,Out,Hamstring,,Did Not Participate In Practice,2016-10-28T12:58:07Z
2016,REG,DET,8,00-0031387,TE,Eric Ebron,Eric,Ebron,Ankle,Knee,Questionable,Ankle,Knee,Full Participation in Practice,2016-10-28T12:57:49Z
2016,REG,DET,8,00-0031176,CB,Nevin Lawson,Nevin,Lawson,Foot,,Questionable,Foot,,Limited Participation in Practice,2016-10-28T12:57:49Z
2016,REG,DET,8,00-0024227,DT,Haloti Ngata,Haloti,Ngata,Shoulder,,Questionable,Shoulder,,Limited Participation in Practice,2016-10-28T12:57:49Z
2016,REG,DET,8,00-0029672,T,Riley Reiff,Riley,Reiff,Illness,,Questionable,Illness,,Limited Participation in Practice,2016-10-28T12:57:49Z
2016,REG,DET,8,00-0031627,T,Corey Robinson,Corey,Robinson,Ankle,,Questionable,Ankle,,Limited Participation in Practice,2016-10-28T12:57:49Z
2016,REG,DET,8,00-0032562,TE,Cole Wick,Cole,Wick,Knee,,Questionable,Knee,,Limited Participation in Practice,2016-10-28T12:57:49Z
2016,REG,GB,8,00-0032636,RB,Don Jackson,Don,Jackson,,,,Hand,,Full Participation in Practice,2016-10-28T11:41:08Z
2016,REG,GB,8,00-0027061,TE,Jared Cook,Jared,Cook,Ankle,,Out,Ankle,,Did Not Participate In Practice,2016-10-28T11:41:34Z
2016,REG,GB,8,00-0032251,CB,Damarious Randall,Damarious,Randall,Groin,,Out,Groin,,Did Not Participate In Practice,2016-10-28T11:41:52Z
2016,REG,GB,8,00-0031937,CB,Quinten Rollins,Quinten,Rollins,Groin,,Out,Groin,,Did Not Participate In Practice,2016-10-28T11:42:00Z
2016,REG,GB,8,00-0027791,RB,James Starks,James,Starks,Knee,,Out,Knee,,Did Not Participate In Practice,2016-10-28T11:42:06Z
2016,REG,GB,8,00-0028002,WR,Randall Cobb,Randall,Cobb,Hamstring,,Questionable,Hamstring,,Limited Participation in Practice,2016-10-28T11:41:24Z
2016,REG,GB,8,00-0027078,G,T.J. Lang,T.J.,Lang,Hip,,Questionable,Hip,,Limited Participation in Practice,2016-10-28T11:41:24Z
2016,REG,GB,8,00-0027002,LB,Clay Matthews,Clay,Matthews,Hamstring,,Questionable,Hamstring,,Limited Participation in Practice,2016-10-28T11:41:24Z
2016,REG,GB,8,00-0032200,WR,Ty Montgomery,Ty,Montgomery,Illness,,Questionable,Illness,,Limited Participation in Practice,2016-10-28T11:41:24Z
2016,REG,HOU,8,00-0028152,T,Derek Newton,Derek,Newton,,,,Knees,,Did Not Participate In Practice,2016-10-26T12:40:06Z
2016,REG,HOU,8,00-0030083,G,Oday Aboushi,Oday,Aboushi,,,,Shoulder,,Full Participation in Practice,2016-10-28T12:30:03Z
2016,REG,HOU,8,00-0031098,S,Lonnie Ballentine,Lonnie,Ballentine,,,,Knee,Oblique,Full Participation in Practice,2016-10-28T12:30:03Z
2016,REG,HOU,8,00-0032404,RB,Tyler Ervin,Tyler,Ervin,,,,Knee,,Full Participation in Practice,2016-10-28T12:30:03Z
2016,REG,HOU,8,00-0031923,C,Greg Mancz,Greg,Mancz,,,,Knee,,Full Participation in Practice,2016-10-28T12:30:03Z
2016,REG,HOU,8,00-0032050,S,Corey Moore,Corey,Moore,,,,Concussion,,Full Participation in Practice,2016-10-28T12:30:10Z
2016,REG,HOU,8,00-0029682,QB,Brock Osweiler,Brock,Osweiler,,,,Foot,,Full Participation in Practice,2016-10-28T12:30:03Z
2016,REG,HOU,8,00-0031491,LB,Brian Peters,Brian,Peters,Quadricep,,Out,Quadricep,,Did Not Participate In Practice,2016-10-28T12:30:46Z
2016,REG,HOU,8,00-0031364,LB,Jadeveon Clowney,Jadeveon,Clowney,Elbow,,Questionable,Elbow,,Limited Participation in Practice,2016-10-28T12:30:13Z
2016,REG,HOU,8,00-0026257,S,Quintin Demps,Quintin,Demps,Calf,,Questionable,Calf,,Limited Participation in Practice,2016-10-28T12:30:13Z
2016,REG,HOU,8,00-0029510,RB,Jonathan Grimes,Jonathan,Grimes,Ankle,,Questionable,Ankle,,Limited Participation in Practice,2016-10-28T12:30:13Z
2016,REG,HOU,8,00-0029615,RB,Lamar Miller,Lamar,Miller,Shoulder,,Questionable,Shoulder,,Limited Participation in Practice,2016-10-28T12:30:13Z
2016,REG,IND,8,00-0026307,LB,Erik Walden,Erik,Walden,,,,Not Injury Related,,Did Not Participate In Practice,2016-10-28T12:14:57Z
2016,REG,IND,8,00-0022247,S,Mike Adams,Mike,Adams,,,,Shin,,Full Participation in Practice,2016-10-28T12:06:54Z
2016,REG,IND,8,00-0027001,CB,Vontae Davis,Vontae,Davis,,,,Not Injury Related,,Full Participation in Practice,2016-10-28T12:06:40Z
2016,REG,IND,8,00-0032208,WR,Phillip Dorsett,Phillip,Dorsett,,,,Hamstring,,Full Participation in Practice,2016-10-28T12:06:40Z
2016,REG,IND,8,00-0023500,RB,Frank Gore,Frank,Gore,,,,Not Injury Related,,Full Participation in Practice,2016-10-28T12:06:40Z
2016,REG,IND,8,00-0029608,WR,T.Y. Hilton,T.Y.,Hilton,,,,Hip,,Full Participation in Practice,2016-10-28T12:12:54Z
2016,REG,IND,8,00-0024249,LB,D'Qwell Jackson,D'Qwell,Jackson,,,,Not Injury Related,,Full Participation in Practice,2016-10-28T12:13:15Z
2016,REG,IND,8,00-0031105,DT,Zach Kerr,Zach,Kerr,,,,Ankle,,Full Participation in Practice,2016-10-28T12:06:40Z
2016,REG,IND,8,00-0029668,QB,Andrew Luck,Andrew,Luck,,,,Right Shoulder,Ankle,Full Participation in Practice,2016-10-28T12:13:41Z
2016,REG,IND,8,00-0022059,LB,Robert Mathis,Robert,Mathis,,,,Not Injury Related,,Full Participation in Practice,2016-10-28T12:06:40Z
2016,REG,IND,8,00-0026408,T,Joe Reitz,Joe,Reitz,,,,Back,,Full Participation in Practice,2016-10-28T12:06:40Z
2016,REG,IND,8,00-0029689,TE,Dwayne Allen,Dwayne,Allen,Ankle,,Out,Ankle,,Did Not Participate In Practice,2016-10-28T12:15:24Z
2016,REG,IND,8,00-0032269,DT,Henry Anderson,Henry,Anderson,Knee,,Out,Knee,,Did Not Participate In Practice,2016-10-28T12:15:32Z
2016,REG,IND,8,00-0026206,DE,Kendall Langford,Kendall,Langford,Knee,,Out,Knee,,Did Not Participate In Practice,2016-10-28T12:19:17Z
2016,REG,IND,8,00-0032361,LB,Curt Maggitt,Curt,Maggitt,Ankle,,Out,Ankle,,Did Not Participate In Practice,2016-10-28T12:19:23Z
2016,REG,IND,8,00-0031046,G,Jack Mewhort,Jack,Mewhort,Tricep,,Out,Tricep,,Did Not Participate In Practice,2016-10-28T12:19:30Z
2016,REG,IND,8,00-0032355,WR,Chester Rogers,Chester,Rogers,Hamstring,Foot,Out,Hamstring,Foot,Did Not Participate In Practice,2016-10-28T12:19:42Z
2016,REG,IND,8,00-0031339,WR,Donte Moncrief,Donte,Moncrief,Shoulder,,Questionable,Shoulder,,Full Participation in Practice,2016-10-28T12:19:34Z
2016,REG,JAX,8,00-0027055,DT,Roy Miller,Roy,Miller,,,,Achilles,,Did Not Participate In Practice,2016-10-26T09:40:11Z
2016,REG,JAX,8,00-0027957,CB,Prince Amukamara,Prince,Amukamara,,,,Knee,,Full Participation in Practice,2016-10-26T09:40:23Z
2016,REG,JAX,8,00-0029316,T,Kelvin Beachum,Kelvin,Beachum,,,,Knee,,Full Participation in Practice,2016-10-26T09:40:33Z
2016,REG,JAX,8,00-0031259,CB,Aaron Colvin,Aaron,Colvin,,,,Toe,,Full Participation in Practice,2016-10-26T09:40:11Z
2016,REG,JAX,8,00-0032170,WR,Rashad Greene,Rashad,Greene,,,,Achilles,,Full Participation in Practice,2016-10-26T09:40:11Z
2016,REG,JAX,8,00-0030821,WR,Allen Hurns,Allen,Hurns,,,,Neck,Shoulder,Full Participation in Practice,2016-10-26T09:40:11Z
2016,REG,JAX,8,00-0027038,DT,Sen'Derrick Marks,Sen'Derrick,Marks,,,,Knee,,Full Participation in Practice,2016-10-26T09:40:11Z
2016,REG,JAX,8,00-0032120,TE,Neal Sterling,Neal,Sterling,,,,Foot,,Full Participation in Practice,2016-10-26T09:40:11Z
2016,REG,JAX,8,00-0027878,DE,Jared Odrick,Jared,Odrick,Quadricep,,Questionable,Quadricep,,Did Not Participate In Practice,2016-10-26T09:41:02Z
2016,REG,JAX,8,00-0028067,TE,Julius Thomas,Julius,Thomas,Ankle,,Questionable,Ankle,,Limited Participation in Practice,2016-10-26T09:41:16Z
2016,REG,KC,8,00-0024235,LB,Tamba Hali,Tamba,Hali,,,,Knee,,Did Not Participate In Practice,2016-10-28T12:06:15Z
2016,REG,KC,8,00-0031015,CB,Phillip Gaines,Phillip,Gaines,,,,Knee,,Full Participation in Practice,2016-10-28T12:06:08Z
2016,REG,KC,8,00-0026213,RB,Jamaal Charles,Jamaal,Charles,Knee,,Out,Knee,,Did Not Participate In Practice,2016-10-28T12:07:05Z
2016,REG,KC,8,00-0030011,G,Jordan Devey,Jordan,Devey,Ankle,,Out,Ankle,,Did Not Participate In Practice,2016-10-28T12:07:13Z
2016,REG,KC,8,00-0032788,CB,D.J. White,D.J.,White,Hand,,Out,Hand,,Did Not Participate In Practice,2016-10-28T12:07:28Z
2016,REG,KC,8,00-0029253,T,Mitchell Schwartz,Mitchell,Schwartz,Ankle,,Questionable,Ankle,,Full Participation in Practice,2016-10-28T12:07:22Z
2016,REG,MIN,8,00-0031256,LB,Anthony Barr,Anthony,Barr,,,,Ankle,,Full Participation in Practice,2016-10-29T11:02:45Z
2016,REG,MIN,8,00-0026762,G,Alex Boone,Alex,Boone,,,,Shoulder,Knee,Full Participation in Practice,2016-10-29T11:02:45Z
2016,REG,MIN,8,00-0029578,LB,Audie Cole,Audie,Cole,,,,Finger,,Full Participation in Practice,2016-10-29T11:04:00Z
2016,REG,MIN,8,00-0030923,T,Jeremiah Sirles,Jeremiah,Sirles,,,,Knee,,Full Participation in Practice,2016-10-29T11:02:45Z
2016,REG,MIN,8,00-0032951,WR,Laquon Treadwell,Laquon,Treadwell,,,,Thumb,,Full Participation in Practice,2016-10-29T11:02:45Z
2016,REG,MIN,8,00-0030574,DT,Sharrif Floyd,Sharrif,Floyd,Knee,,Out,Knee,,Did Not Participate In Practice,2016-10-29T11:04:31Z
2016,REG,MIN,8,00-0030937,G,Zac Kerin,Zac,Kerin,Hand,,Out,Hand,,Did Not Participate In Practice,2016-10-29T11:04:54Z
2016,REG,MIN,8,00-0031376,RB,Jerick McKinnon,Jerick,McKinnon,Ankle,,Out,Ankle,,Did Not Participate In Practice,2016-10-29T11:05:16Z
2016,REG,MIN,8,00-0027914,S,Andrew Sendejo,Andrew,Sendejo,Ankle,,Out,Ankle,,Did Not Participate In Practice,2016-10-29T11:04:41Z
2016,REG,MIN,8,00-0027547,CB,Marcus Sherels,Marcus,Sherels,Wrist,,Questionable,Wrist,,Did Not Participate In Practice,2016-10-29T11:04:22Z
2016,REG,MIN,8,00-0030578,WR,Cordarrelle Patterson,Cordarrelle,Patterson,Concussion,,Questionable,Concussion,,Limited Participation in Practice,2016-10-29T11:04:22Z
2016,REG,MIN,8,00-0031585,TE,MyCole Pruitt,MyCole,Pruitt,Knee,,Questionable,Knee,,Limited Participation in Practice,2016-10-29T11:06:32Z
2016,REG,MIN,8,00-0029572,WR,Jarius Wright,Jarius,Wright,Ankle,,Questionable,Ankle,,Limited Participation in Practice,2016-10-29T11:04:22Z
2016,REG,NE,8,00-0029239,RB,Brandon Bolden,Brandon,Bolden,,,,Knee,,Limited Participation in Practice,2016-10-27T12:43:33Z
2016,REG,NE,8,00-0030421,LB,Jamie Collins,Jamie,Collins,,,,Hip,,Limited Participation in Practice,2016-10-27T12:43:33Z
2016,REG,NE,8,00-0026201,TE,Martellus Bennett,Martellus,Bennett,Ankle,,Questionable,Ankle,,Limited Participation in Practice,2016-10-28T12:06:31Z
2016,REG,NE,8,00-0027150,WR,Julian Edelman,Julian,Edelman,Foot,,Questionable,Foot,,Limited Participation in Practice,2016-10-28T12:06:31Z
2016,REG,NE,8,00-0032578,DT,Woodrow Hamilton,Woodrow,Hamilton,Shoulder,,Questionable,Shoulder,,Limited Participation in Practice,2016-10-28T12:06:31Z
2016,REG,NE,8,00-0032580,CB,Jonathan Jones,Jonathan,Jones,Hip,,Questionable,Hip,,Limited Participation in Practice,2016-10-28T12:06:31Z
2016,REG,NE,8,00-0032400,WR,Malcolm Mitchell,Malcolm,Mitchell,Hamstring,,Questionable,Hamstring,,Limited Participation in Practice,2016-10-28T12:06:31Z
2016,REG,NE,8,00-0032442,LB,Elandon Roberts,Elandon,Roberts,Ankle,,Questionable,Ankle,,Limited Participation in Practice,2016-10-28T12:06:31Z
2016,REG,NE,8,00-0032396,DT,Vincent Valentine,Vincent,Valentine,Back,,Questionable,Back,,Limited Participation in Practice,2016-10-28T12:06:31Z
2016,REG,NO,8,00-0027951,DT,Nick Fairley,Nick,Fairley,,,,Not Injury Related,,Did Not Participate In Practice,2016-10-26T15:14:32Z
2016,REG,NO,8,00-0030392,LB,Michael Mauti,Michael,Mauti,,,,Illness,,Limited Participation in Practice,2016-10-28T13:32:08Z
2016,REG,NO,8,00-0027025,C,Max Unger,Max,Unger,,,,Shoulder,,Limited Participation in Practice,2016-10-28T13:31:02Z
2016,REG,NO,8,00-0032102,LB,Stephone Anthony,Stephone,Anthony,Hamstring,,Out,Hamstring,,Did Not Participate In Practice,2016-10-28T13:32:42Z
2016,REG,NO,8,00-0033021,WR,Jake Lampman,Jake,Lampman,Knee,,Out,Knee,,Did Not Participate In Practice,2016-10-28T13:32:49Z
2016,REG,NO,8,00-0028767,CB,Sterling Moore,Sterling,Moore,Abdomen,,Out,Abdomen,,Did Not Participate In Practice,2016-10-28T13:33:09Z
2016,REG,NO,8,00-0031474,CB,Delvin Breaux,Delvin,Breaux,Fibula,,Out,Fibula,,Limited Participation in Practice,2016-10-28T13:32:30Z
2016,REG,NO,8,00-0030067,T,Terron Armstead,Terron,Armstead,Knee,,Questionable,Knee,,Limited Participation in Practice,2016-10-28T13:32:15Z
2016,REG,NO,8,00-0026857,LB,Dannell Ellerbe,Dannell,Ellerbe,Quadricep,,Questionable,Quadricep,,Limited Participation in Practice,2016-10-28T13:32:15Z
2016,REG,NO,8,00-0029546,C,Senio Kelemete,Senio,Kelemete,Neck,,Questionable,Neck,,Limited Participation in Practice,2016-10-28T13:32:15Z
2016,REG,NO,8,00-0032804,RB,Daniel Lasco,Daniel,Lasco,Hamstring,,Questionable,Hamstring,,Limited Participation in Practice,2016-10-28T13:32:15Z
2016,REG,NO,8,00-0032203,T,Andrus Peat,Andrus,Peat,Groin,,Questionable,Groin,,Limited Participation in Practice,2016-10-28T13:32:15Z
2016,REG,NYJ,8,00-0029553,S,Antonio Allen,Antonio,Allen,,,,Achilles,,Full Participation in Practice,2016-10-28T11:36:56Z
2016,REG,NYJ,8,00-0026298,TE,Kellen Davis,Kellen,Davis,,,,Hip,,Full Participation in Practice,2016-10-28T11:37:42Z
2016,REG,NYJ,8,00-0026184,RB,Matt Forte,Matt,Forte,,,,Knee,,Full Participation in Practice,2016-10-28T11:37:57Z
2016,REG,NYJ,8,00-0024334,WR,Brandon Marshall,Brandon,Marshall,,,,Foot,,Full Participation in Practice,2016-10-28T11:38:19Z
2016,REG,NYJ,8,00-0028064,RB,Bilal Powell,Bilal,Powell,,,,Toe,,Full Participation in Practice,2016-10-28T11:38:28Z
2016,REG,NYJ,8,00-0025401,CB,Darrelle Revis,Darrelle,Revis,,,,Ankle,,Full Participation in Practice,2016-10-28T11:36:37Z
2016,REG,NYJ,8,00-0030573,DT,Sheldon Richardson,Sheldon,Richardson,,,,Not Injury Related,,Full Participation in Practice,2016-10-28T11:38:08Z
2016,REG,NYJ,8,00-0030066,G,Brian Winters,Brian,Winters,,,,Knee,,Full Participation in Practice,2016-10-28T11:36:37Z
2016,REG,NYJ,8,00-0027978,LB,Bruce Carter,Bruce,Carter,Quadricep,,Out,Quadricep,,Did Not Participate In Practice,2016-10-28T11:39:43Z
2016,REG,NYJ,8,00-0033147,LB,Darron Lee,Darron,Lee,Ankle,,Out,Ankle,,Did Not Participate In Practice,2016-10-28T11:40:11Z
2016,REG,NYJ,8,00-0024244,C,Nick Mangold,Nick,Mangold,Ankle,,Doubtful,Ankle,,Did Not Participate In Practice,2016-10-28T11:41:16Z
2016,REG,NYJ,8,00-0031031,T,Brent Qvale,Brent,Qvale,Neck,,Doubtful,Neck,,Did Not Participate In Practice,2016-10-28T11:42:06Z
2016,REG,NYJ,8,00-0031418,TE,Austin Seferian-Jenkins,Austin,Seferian-Jenkins,Ankle,,Doubtful,Ankle,,Did Not Participate In Practice,2016-10-28T11:40:30Z
2016,REG,NYJ,8,00-0028075,CB,Buster Skrine,Buster,Skrine,Knee,,Doubtful,Knee,,Did Not Participate In Practice,2016-10-28T11:40:55Z
2016,REG,NYJ,8,00-0026152,T,Ryan Clady,Ryan,Clady,Shoulder,,Questionable,Shoulder,,Limited Participation in Practice,2016-10-28T11:42:55Z
2016,REG,NYJ,8,00-0027968,DE,Muhammad Wilkerson,Muhammad,Wilkerson,Ankle,,Questionable,Ankle,,Limited Participation in Practice,2016-10-28T11:43:19Z
2016,REG,OAK,8,00-0030515,DT,Stacy McGee,Stacy,McGee,Ankle,,Out,Ankle,,Did Not Participate In Practice,2016-10-28T13:09:30Z
2016,REG,OAK,8,00-0032899,G,Vadal Alexander,Vadal,Alexander,Ankle,,Questionable,Ankle,,Limited Participation in Practice,2016-10-28T13:09:06Z
2016,REG,OAK,8,00-0028263,WR,Andre Holmes,Andre,Holmes,Hip,,Questionable,Hip,,Limited Participation in Practice,2016-10-28T13:09:06Z
2016,REG,OAK,8,00-0028063,RB,Taiwan Jones,Taiwan,Jones,Knee,,Questionable,Knee,,Limited Participation in Practice,2016-10-28T13:09:06Z
2016,REG,OAK,8,00-0030020,S,Brynden Trawick,Brynden,Trawick,Shoulder,,Questionable,Shoulder,,Limited Participation in Practice,2016-10-28T13:09:06Z
2016,REG,OAK,8,00-0030579,T,Menelik Watson,Menelik,Watson,Calf,,Questionable,Calf,,Limited Participation in Practice,2016-10-28T13:09:06Z
2016,REG,PHI,8,00-0029409,LB,Mychal Kendricks,Mychal,Kendricks,,,,Ribs,,Full Participation in Practice,2016-10-28T10:51:08Z
2016,REG,PHI,8,00-0031299,WR,Jordan Matthews,Jordan,Matthews,,,,Knee,,Full Participation in Practice,2016-10-28T10:51:08Z
2016,REG,PHI,8,00-0022531,T,Jason Peters,Jason,Peters,,,,Biceps,,Full Participation in Practice,2016-10-28T10:51:08Z
2016,REG,PHI,8,00-0032437,LB,Kamu Grugier-Hill,Kamu,Grugier-Hill,Hamstring,,Out,Hamstring,,Did Not Participate In Practice,2016-10-28T10:51:44Z
2016,REG,PHI,8,00-0030507,DT,Bennie Logan,Bennie,Logan,Groin,,Out,Groin,,Did Not Participate In Practice,2016-10-28T10:52:10Z
2016,REG,PHI,8,00-0031179,DT,Taylor Hart,Taylor,Hart,Ankle,,Questionable,Ankle,,Did Not Participate In Practice,2016-10-28T10:52:04Z
2016,REG,SD,8,00-0026175,CB,Brandon Flowers,Brandon,Flowers,,,,Concussion,,Full Participation in Practice,2016-10-28T13:41:42Z
2016,REG,SD,8,00-0032894,LB,Joshua Perry,Joshua,Perry,,,,Knee,,Full Participation in Practice,2016-10-28T13:41:42Z
2016,REG,SD,8,00-0031258,LB,Jeremiah Attaochu,Jeremiah,Attaochu,Ankle,,Out,Ankle,,Did Not Participate In Practice,2016-10-28T13:42:43Z
2016,REG,SD,8,00-0032106,CB,Craig Mager,Craig,Mager,Concussion,,Out,Concussion,,Did Not Participate In Practice,2016-10-28T13:42:20Z
2016,REG,SD,8,00-0030312,S,Jahleel Addae,Jahleel,Addae,Collarbone,,Doubtful,Collarbone,,Limited Participation in Practice,2016-10-28T13:42:32Z
2016,REG,SD,8,00-0033090,TE,Hunter Henry,Hunter,Henry,Concussion,,Questionable,Concussion,,Full Participation in Practice,2016-10-28T13:41:53Z
2016,REG,SD,8,00-0029269,WR,Travis Benjamin,Travis,Benjamin,Knee,,Questionable,Knee,,Limited Participation in Practice,2016-10-28T13:41:53Z
2016,REG,SD,8,00-0032103,LB,Denzel Perryman,Denzel,Perryman,Shoulder,Foot,Questionable,Shoulder,Foot,Limited Participation in Practice,2016-10-28T13:41:53Z
2016,REG,SD,8,00-0032160,WR,Tyrell Williams,Tyrell,Williams,Knee,,Questionable,Knee,,Limited Participation in Practice,2016-10-28T13:41:53Z
2016,REG,SEA,8,00-0026232,DE,Cliff Avril,Cliff,Avril,,,,Groin,,Full Participation in Practice,2016-10-27T16:00:22Z
2016,REG,SEA,8,00-0027696,TE,Jimmy Graham,Jimmy,Graham,,,,Knee,,Full Participation in Practice,2016-10-27T16:00:31Z
2016,REG,SEA,8,00-0028092,CB,Richard Sherman,Richard,Sherman,,,,Not Injury Related,,Full Participation in Practice,2016-10-27T16:00:44Z
2016,REG,SEA,8,00-0029255,LB,Bobby Wagner,Bobby,Wagner,,,,Not Injury Related,,Full Participation in Practice,2016-10-27T16:00:51Z
2016,REG,SEA,8,00-0029263,QB,Russell Wilson,Russell,Wilson,,,,Knee,Pectoral,Limited Participation in Practice,2016-10-27T16:00:22Z
2016,REG,SEA,8,00-0026618,DE,Michael Bennett,Michael,Bennett,Knee,,Out,Knee,,Did Not Participate In Practice,2016-10-28T13:11:34Z
2016,REG,SEA,8,00-0027733,S,Kam Chancellor,Kam,Chancellor,Groin,,Out,Groin,,Did Not Participate In Practice,2016-10-28T13:11:55Z
2016,REG,SEA,8,00-0032465,CB,DeAndre Elliott,DeAndre,Elliott,Hamstring,,Out,Hamstring,,Did Not Participate In Practice,2016-10-28T13:12:55Z
2016,REG,SEA,8,00-0031308,LB,Kevin Pierre-Louis,Kevin,Pierre-Louis,Ankle,,Out,Ankle,,Did Not Participate In Practice,2016-10-28T13:12:18Z
2016,REG,SEA,8,00-0031897,RB,Thomas Rawls,Thomas,Rawls,Fibula,,Out,Fibula,,Did Not Participate In Practice,2016-10-28T13:10:55Z
2016,REG,SEA,8,00-0030089,TE,Luke Willson,Luke,Willson,Knee,,Out,Knee,,Did Not Participate In Practice,2016-10-28T13:11:07Z
2016,REG,SEA,8,00-0029091,T,Bradley Sowell,Bradley,Sowell,Knee,,Questionable,Knee,,Did Not Participate In Practice,2016-10-28T15:09:51Z
2016,REG,SEA,8,00-0032211,WR,Tyler Lockett,Tyler,Lockett,Thigh,,Questionable,Thigh,,Full Participation in Practice,2016-10-28T13:13:13Z
2016,REG,TB,8,00-0029613,RB,Doug Martin,Doug,Martin,Hamstring,,Out,Hamstring,,Did Not Participate In Practice,2016-10-28T11:29:17Z
2016,REG,TB,8,00-0026964,DT,Clinton McDonald,Clinton,McDonald,Hamstring,,Out,Hamstring,,Limited Participation in Practice,2016-10-28T11:29:11Z
2016,REG,TB,8,00-0026994,DE,Robert Ayers,Robert,Ayers,Ankle,,Questionable,Ankle,,Full Participation in Practice,2016-10-28T11:29:04Z
2016,REG,TB,8,00-0027717,C,Joe Hawley,Joe,Hawley,Ankle,,Questionable,Ankle,,Full Participation in Practice,2016-10-28T11:29:04Z
2016,REG,TB,8,00-0027856,DT,Gerald McCoy,Gerald,McCoy,Calf,,Questionable,Calf,,Limited Participation in Practice,2016-10-28T11:29:04Z
2016,REG,TEN,8,00-0028009,RB,DeMarco Murray,DeMarco,Murray,,,,Not Injury Related,,Full Participation in Practice,2016-10-26T11:24:03Z
2016,REG,TEN,8,00-0024389,TE,Delanie Walker,Delanie,Walker,,,,Chest,,Full Participation in Practice,2016-10-26T11:23:44Z
2016,REG,TEN,8,00-0027737,CB,Perrish Cox,Perrish,Cox,Concussion,,Out,Concussion,,Did Not Participate In Practice,2016-10-26T11:29:10Z
2016,REG,TEN,8,00-0027067,S,Rashad Johnson,Rashad,Johnson,Neck,,Out,Neck,,Did Not Participate In Practice,2016-10-26T11:29:22Z
2016,REG,TEN,8,00-0032043,G,Quinton Spain,Quinton,Spain,Knee,,Out,Knee,,Did Not Participate In Practice,2016-10-26T11:29:36Z
2016,REG,TEN,8,00-0033074,LB,Kevin Dodd,Kevin,Dodd,Foot,,Questionable,Foot,,Limited Participation in Practice,2016-10-26T11:29:00Z
2016,REG,TEN,8,00-0032778,WR,Tajae Sharpe,Tajae,Sharpe,Knee,,Questionable,Knee,,Limited Participation in Practice,2016-10-26T11:29:00Z
2016,REG,WAS,8,00-0024330,S,Will Blackmon,Will,Blackmon,,,,Wrist,,Full Participation in Practice,2016-10-28T08:19:57Z
2016,REG,WAS,8,00-0028022,LB,Mason Foster,Mason,Foster,,,,Shin,,Full Participation in Practice,2016-10-28T08:19:57Z
2016,REG,WAS,8,00-0031939,RB,Matt Jones,Matt,Jones,Knee,,Out,Knee,,Did Not Participate In Practice,2016-10-28T08:24:49Z
2016,REG,WAS,8,00-0031052,CB,Bashaud Breeland,Bashaud,Breeland,Ankle,,Questionable,Ankle,,Full Participation in Practice,2016-10-28T08:22:23Z
2016,REG,WAS,8,00-0024221,TE,Vernon Davis,Vernon,Davis,Groin,,Questionable,Groin,,Full Participation in Practice,2016-10-28T08:22:23Z
2016,REG,WAS,8,00-0031047,C,Spencer Long,Spencer,Long,Chest,,Questionable,Chest,,Full Participation in Practice,2016-10-28T08:22:23Z
2016,REG,WAS,8,00-0031941,WR,Jamison Crowder,Jamison,Crowder,Groin,,Questionable,Groin,,Limited Participation in Practice,2016-10-28T08:22:23Z
2016,REG,WAS,8,00-0030033,LB,Terence Garvin,Terence,Garvin,Hip,,Questionable,Hip,,Limited Participation in Practice,2016-10-28T08:22:23Z
2016,REG,WAS,8,00-0026189,WR,DeSean Jackson,DeSean,Jackson,Hamstring,Shoulder,Questionable,Hamstring,Shoulder,Limited Participation in Practice,2016-10-28T08:22:23Z
2016,REG,WAS,8,00-0029285,CB,Josh Norman,Josh,Norman,Concussion,Wrist,Questionable,Concussion,Wrist,Limited Participation in Practice,2016-10-28T08:22:23Z
2016,REG,WAS,8,00-0030472,TE,Jordan Reed,Jordan,Reed,Concussion,,Questionable,Concussion,,Limited Participation in Practice,2016-10-28T08:22:23Z
2016,REG,WAS,8,00-0032053,G,Brandon Scherff,Brandon,Scherff,Shoulder,,Questionable,Shoulder,,Limited Participation in Practice,2016-10-28T08:22:23Z
2016,REG,WAS,8,00-0027857,T,Trent Williams,Trent,Williams,Knee,,Questionable,Knee,,Limited Participation in Practice,2016-10-28T08:22:23Z
2016,REG,ATL,9,00-0031583,DT,Grady Jarrett,Grady,Jarrett,,,,Shoulder,,Full Participation in Practice,2016-11-02T07:42:50Z
2016,REG,ATL,9,00-0027944,WR,Julio Jones,Julio,Jones,,,,Knee,,Full Participation in Practice,2016-11-02T07:42:55Z
2016,REG,ATL,9,00-0027027,G,Andy Levitre,Andy,Levitre,,,,Foot,,Full Participation in Practice,2016-11-02T07:42:59Z
2016,REG,ATL,9,00-0032596,CB,Brian Poole,Brian,Poole,,,,Foot,,Full Participation in Practice,2016-11-02T07:43:03Z
2016,REG,ATL,9,00-0032058,RB,Tevin Coleman,Tevin,Coleman,Hamstring,,Out,Hamstring,,Did Not Participate In Practice,2016-11-02T07:43:14Z
2016,REG,ATL,9,00-0021146,DE,Dwight Freeney,Dwight,Freeney,Quadricep,,Out,Quadricep,,Did Not Participate In Practice,2016-11-02T07:43:20Z
2016,REG,ATL,9,00-0026267,TE,Jacob Tamme,Jacob,Tamme,Shoulder,,Out,Shoulder,,Did Not Participate In Practice,2016-11-02T07:43:29Z
2016,REG,BAL,9,00-0032386,LB,Kamalei Correa,Kamalei,Correa,Thigh,,Out,Thigh,,Did Not Participate In Practice,2016-11-04T11:14:34Z
2016,REG,BAL,9,00-0024341,LB,Elvis Dumervil,Elvis,Dumervil,Foot,,Out,Foot,,Did Not Participate In Practice,2016-11-04T11:15:08Z
2016,REG,BAL,9,00-0030992,TE,Crockett Gillmore,Crockett,Gillmore,Thigh,,Out,Thigh,,Did Not Participate In Practice,2016-11-04T11:15:14Z
2016,REG,BAL,9,00-0028027,CB,Shareece Wright,Shareece,Wright,Thigh,,Doubtful,Thigh,,Did Not Participate In Practice,2016-11-04T11:15:20Z
2016,REG,BAL,9,00-0031296,LB,C.J. Mosley,C.J.,Mosley,Thigh,,Questionable,Thigh,,Full Participation in Practice,2016-11-04T11:14:27Z
2016,REG,BAL,9,00-0020337,WR,Steve Smith,Steve,Smith,Ankle,,Questionable,Ankle,,Full Participation in Practice,2016-11-04T11:14:27Z
2016,REG,BAL,9,00-0032965,T,Ronnie Stanley,Ronnie,Stanley,Foot,,Questionable,Foot,,Full Participation in Practice,2016-11-04T11:14:27Z
2016,REG,BAL,9,00-0022161,LB,Terrell Suggs,Terrell,Suggs,Biceps,,Questionable,Biceps,,Full Participation in Practice,2016-11-04T11:14:27Z
2016,REG,BAL,9,00-0027060,CB,Lardarius Webb,Lardarius,Webb,Thigh,,Questionable,Thigh,,Full Participation in Practice,2016-11-04T11:14:27Z
2016,REG,BAL,9,00-0025473,G,Marshal Yanda,Marshal,Yanda,Shoulder,,Questionable,Shoulder,,Full Participation in Practice,2016-11-04T11:14:27Z
2016,REG,BAL,9,00-0032770,CB,Tavon Young,Tavon,Young,Concussion,,Questionable,Concussion,,Full Participation in Practice,2016-11-04T11:14:27Z
2016,REG,BUF,9,00-0024348,DT,Kyle Williams,Kyle,Williams,,,,Illness,,Did Not Participate In Practice,2016-11-04T11:35:57Z
2016,REG,BUF,9,00-0030068,WR,Marquise Goodwin,Marquise,Goodwin,,,,Concussion,,Full Participation in Practice,2016-11-05T09:55:34Z
2016,REG,BUF,9,00-0028707,DT,Corbin Bryant,Corbin,Bryant,Shoulder,,Out,Shoulder,,Did Not Participate In Practice,2016-11-05T09:56:09Z
2016,REG,BUF,9,00-0027941,DT,Marcell Dareus,Marcell,Dareus,Groin,,Out,Groin,,Did Not Participate In Practice,2016-11-05T09:56:04Z
2016,REG,BUF,9,00-0027057,WR,Brandon Tate,Brandon,Tate,Concussion,,Out,Concussion,,Did Not Participate In Practice,2016-11-05T09:56:16Z
2016,REG,BUF,9,00-0023259,LB,Lorenzo Alexander,Lorenzo,Alexander,Hamstring,,Questionable,Hamstring,,Limited Participation in Practice,2016-11-05T09:55:52Z
2016,REG,BUF,9,00-0024217,RB,Reggie Bush,Reggie,Bush,Groin,,Questionable,Groin,,Limited Participation in Practice,2016-11-05T09:55:52Z
2016,REG,BUF,9,00-0028112,TE,Charles Clay,Charles,Clay,Knee,,Questionable,Knee,,Limited Participation in Practice,2016-11-05T09:55:52Z
2016,REG,BUF,9,00-0029561,T,Cordy Glenn,Cordy,Glenn,Ankle,,Questionable,Ankle,,Limited Participation in Practice,2016-11-05T09:55:52Z
2016,REG,BUF,9,00-0027881,LB,Jerry Hughes,Jerry,Hughes,Hand,,Questionable,Hand,,Limited Participation in Practice,2016-11-05T09:55:52Z
2016,REG,BUF,9,00-0027029,RB,LeSean McCoy,LeSean,McCoy,Hamstring,,Questionable,Hamstring,,Limited Participation in Practice,2016-11-05T09:55:52Z
2016,REG,BUF,9,00-0029799,LB,Lerentee McCray,Lerentee,McCray,Knee,,Questionable,Knee,,Limited Participation in Practice,2016-11-05T09:55:52Z
2016,REG,BUF,9,00-0030431,WR,Robert Woods,Robert,Woods,Foot,,Questionable,Foot,,Limited Participation in Practice,2016-11-05T09:55:52Z
2016,REG,CAR,9,00-0032890,CB,James Bradberry,James,Bradberry,,,,Foot,,Full Participation in Practice,2016-11-04T10:48:16Z
2016,REG,CAR,9,00-0027835,S,Kurt Coleman,Kurt,Coleman,,,,Thumb,,Full Participation in Practice,2016-11-04T10:48:16Z
2016,REG,CAR,9,00-0025470,DE,Charles Johnson,Charles,Johnson,,,,Not Injury Related,,Full Participation in Practice,2016-11-04T10:48:16Z
2016,REG,CAR,9,00-0027840,CB,Robert McClain,Robert,McClain,,,,Groin,,Full Participation in Practice,2016-11-04T10:48:16Z
2016,REG,CAR,9,00-0026153,RB,Jonathan Stewart,Jonathan,Stewart,,,,Not Injury Related,,Full Participation in Practice,2016-11-04T10:48:50Z
2016,REG,CAR,9,00-0032967,DT,Vernon Butler,Vernon,Butler,Ankle,,Out,Ankle,,Did Not Participate In Practice,2016-11-04T10:50:41Z
2016,REG,CAR,9,00-0026999,T,Michael Oher,Michael,Oher,Concussion,,Out,Concussion,,Did Not Participate In Practice,2016-11-04T10:50:55Z
2016,REG,CAR,9,00-0031550,LB,Shaq Thompson,Shaq,Thompson,Knee,,Out,Knee,,Did Not Participate In Practice,2016-11-04T10:51:05Z
2016,REG,CAR,9,00-0028339,DE,Mario Addison,Mario,Addison,Groin,,Questionable,Groin,,Did Not Participate In Practice,2016-11-04T10:50:29Z
2016,REG,CAR,9,00-0025446,C,Ryan Kalil,Ryan,Kalil,Shoulder,,Questionable,Shoulder,,Did Not Participate In Practice,2016-11-04T10:50:29Z
2016,REG,CAR,9,00-0029248,LB,Luke Kuechly,Luke,Kuechly,Groin,,Questionable,Groin,,Did Not Participate In Practice,2016-11-04T10:50:29Z
2016,REG,CAR,9,00-0032891,CB,Daryl Worley,Daryl,Worley,Elbow,,Questionable,Elbow,,Limited Participation in Practice,2016-11-04T10:50:29Z
2016,REG,CLE,9,00-0025390,T,Joe Thomas,Joe,Thomas,,,,Knee,,Did Not Participate In Practice,2016-11-04T09:52:24Z
2016,REG,CLE,9,00-0029942,CB,Marcus Burley,Marcus,Burley,,,,Hamstring,,Full Participation in Practice,2016-11-04T09:52:37Z
2016,REG,CLE,9,00-0032966,WR,Corey Coleman,Corey,Coleman,,,,Hand,,Full Participation in Practice,2016-11-04T09:52:24Z
2016,REG,CLE,9,00-0026205,G,John Greco,John,Greco,,,,Knee,,Full Participation in Practice,2016-11-04T09:52:59Z
2016,REG,CLE,9,00-0027860,CB,Joe Haden,Joe,Haden,,,,Groin,,Full Participation in Practice,2016-11-04T09:53:12Z
2016,REG,CLE,9,00-0033104,QB,Cody Kessler,Cody,Kessler,,,,Concussion,,Full Participation in Practice,2016-11-04T09:52:24Z
2016,REG,CLE,9,00-0028825,WR,Terrelle Pryor,Terrelle,Pryor,,,,Hamstring,,Full Participation in Practice,2016-11-04T09:53:24Z
2016,REG,CLE,9,00-0031533,TE,Randall Telfer,Randall,Telfer,,,,Back,,Full Participation in Practice,2016-11-04T09:52:24Z
2016,REG,CLE,9,00-0033079,WR,Ricardo Louis,Ricardo,Louis,Hamstring,,Questionable,Hamstring,,Did Not Participate In Practice,2016-11-04T09:55:18Z
2016,REG,CLE,9,00-0029287,LB,Tank Carder,Tank,Carder,Concussion,,Questionable,Concussion,,Limited Participation in Practice,2016-11-04T09:55:18Z
2016,REG,CLE,9,00-0032145,C,Cameron Erving,Cameron,Erving,Shoulder,,Questionable,Shoulder,,Limited Participation in Practice,2016-11-04T09:55:18Z
2016,REG,CLE,9,00-0030484,CB,Jamar Taylor,Jamar,Taylor,Groin,,Questionable,Groin,,Limited Participation in Practice,2016-11-04T09:55:18Z
2016,REG,DAL,9,00-0027416,S,Barry Church,Barry,Church,Forearm,,Out,Forearm,,Did Not Participate In Practice,2016-11-04T11:52:50Z
2016,REG,DAL,9,00-0029676,CB,Morris Claiborne,Morris,Claiborne,Groin,,Out,Groin,,Did Not Participate In Practice,2016-11-04T11:52:58Z
2016,REG,DAL,9,00-0029053,DE,Ryan Davis,Ryan,Davis,Hamstring,,Out,Hamstring,,Did Not Participate In Practice,2016-11-04T11:53:13Z
2016,REG,DAL,9,00-0032204,T,Chaz Green,Chaz,Green,Foot,,Out,Foot,,Limited Participation in Practice,2016-11-04T11:53:21Z
2016,REG,DAL,9,00-0021678,QB,Tony Romo,Tony,Romo,Back,,Out,Back,,Limited Participation in Practice,2016-11-04T11:53:26Z
2016,REG,DAL,9,00-0027902,WR,Dez Bryant,Dez,Bryant,Knee,Back,Questionable,Knee,Back,Full Participation in Practice,2016-11-04T11:52:27Z
2016,REG,DAL,9,00-0033131,DT,Maliek Collins,Maliek,Collins,Knee,,Questionable,Knee,,Full Participation in Practice,2016-11-04T11:52:27Z
2016,REG,DAL,9,00-0029004,RB,Lance Dunbar,Lance,Dunbar,Knee,,Questionable,Knee,,Full Participation in Practice,2016-11-04T11:52:27Z
2016,REG,DAL,9,00-0027947,T,Tyron Smith,Tyron,Smith,Back,,Questionable,Back,,Full Participation in Practice,2016-11-04T11:52:27Z
2016,REG,DAL,9,00-0031348,LB,Anthony Hitchens,Anthony,Hitchens,Knee,,Questionable,Knee,,Limited Participation in Practice,2016-11-04T11:52:27Z
2016,REG,DAL,9,00-0031411,DE,Demarcus Lawrence,Demarcus,Lawrence,Back,Shoulder,Questionable,Back,Shoulder,Limited Participation in Practice,2016-11-04T11:52:27Z
2016,REG,DEN,9,00-0031101,LB,Shaquil Barrett,Shaquil,Barrett,,,,Shoulder,,Full Participation in Practice,2016-11-04T11:51:58Z
2016,REG,DEN,9,00-0032972,RB,Devontae Booker,Devontae,Booker,,,,Shoulder,,Full Participation in Practice,2016-11-04T11:52:07Z
2016,REG,DEN,9,00-0028224,CB,Chris Harris,Chris,Harris,,,,Not Injury Related,,Full Participation in Practice,2016-11-04T11:51:58Z
2016,REG,DEN,9,00-0032956,RB,Andy Janovich,Andy,Janovich,,,,Hand,,Full Participation in Practice,2016-11-04T11:51:58Z
2016,REG,DEN,9,00-0027859,T,Russell Okung,Russell,Okung,,,,Not Injury Related,,Full Participation in Practice,2016-11-04T11:52:20Z
2016,REG,DEN,9,00-0032156,QB,Trevor Siemian,Trevor,Siemian,,,,left Shoulder,,Full Participation in Practice,2016-11-04T11:51:58Z
2016,REG,DEN,9,00-0027256,S,Darian Stewart,Darian,Stewart,,,,Not Injury Related,,Full Participation in Practice,2016-11-04T11:51:58Z
2016,REG,DEN,9,00-0027653,S,T.J. Ward,T.J.,Ward,,,,Not Injury Related,,Full Participation in Practice,2016-11-04T11:51:58Z
2016,REG,DEN,9,00-0023445,LB,DeMarcus Ware,DeMarcus,Ware,,,,Forearm,,Full Participation in Practice,2016-11-04T11:51:58Z
2016,REG,DEN,9,00-0030577,DT,Sylvester Williams,Sylvester,Williams,,,,Ankle,,Full Participation in Practice,2016-11-04T11:51:58Z
2016,REG,DEN,9,00-0026160,CB,Aqib Talib,Aqib,Talib,Back,,Out,Back,,Did Not Participate In Practice,2016-11-04T11:53:18Z
2016,REG,DEN,9,00-0029620,LB,Brandon Marshall,Brandon,Marshall,Hamstring,,Questionable,Hamstring,,Limited Participation in Practice,2016-11-04T11:52:56Z
2016,REG,DEN,9,00-0031349,C,Matt Paradis,Matt,Paradis,Hip,,Questionable,Hip,,Limited Participation in Practice,2016-11-04T11:52:56Z
2016,REG,DEN,9,00-0030523,CB,Kayvon Webster,Kayvon,Webster,Hamstring,,Questionable,Hamstring,,Limited Participation in Practice,2016-11-04T11:52:56Z
2016,REG,DET,9,00-0029293,WR,Marvin Jones,Marvin,Jones,,,,Foot,,Full Participation in Practice,2016-11-04T13:03:17Z
2016,REG,DET,9,00-0031627,T,Corey Robinson,Corey,Robinson,,,,Ankle,,Full Participation in Practice,2016-11-04T13:03:17Z
2016,REG,DET,9,00-0027050,LB,DeAndre Levy,DeAndre,Levy,Knee,Quadricep,Out,Knee,Quadricep,Did Not Participate In Practice,2016-11-04T13:03:37Z
2016,REG,DET,9,00-0029672,T,Riley Reiff,Riley,Reiff,Illness,,Questionable,Illness,,Did Not Participate In Practice,2016-11-04T13:03:26Z
2016,REG,DET,9,00-0030059,DE,Ezekiel Ansah,Ezekiel,Ansah,Ankle,,Questionable,Ankle,,Limited Participation in Practice,2016-11-04T13:03:26Z
2016,REG,DET,9,00-0032552,CB,Adairius Barnes,Adairius,Barnes,Hamstring,,Questionable,Hamstring,,Limited Participation in Practice,2016-11-04T13:03:26Z
2016,REG,DET,9,00-0032381,T,Taylor Decker,Taylor,Decker,Ribs,,Questionable,Ribs,,Limited Participation in Practice,2016-11-04T13:03:26Z
2016,REG,DET,9,00-0024227,DT,Haloti Ngata,Haloti,Ngata,Shoulder,,Questionable,Shoulder,,Limited Participation in Practice,2016-11-04T13:03:26Z
2016,REG,DET,9,00-0030107,RB,Theo Riddick,Theo,Riddick,Ankle,,Questionable,Ankle,,Limited Participation in Practice,2016-11-04T13:03:26Z
2016,REG,DET,9,00-0030062,CB,Darius Slay,Darius,Slay,Hamstring,,Questionable,Hamstring,,Limited Participation in Practice,2016-11-04T13:03:26Z
2016,REG,GB,9,00-0027078,G,T.J. Lang,T.J.,Lang,,,,Hip,,Limited Participation in Practice,2016-11-04T12:58:27Z
2016,REG,GB,9,00-0032200,WR,Ty Montgomery,Ty,Montgomery,,,,Illness,,Limited Participation in Practice,2016-11-04T12:58:27Z
2016,REG,GB,9,00-0032251,CB,Damarious Randall,Damarious,Randall,Groin,,Out,Groin,,Did Not Participate In Practice,2016-11-04T12:59:07Z
2016,REG,GB,9,00-0030076,C,J.C. Tretter,J.C.,Tretter,Knee,,Out,Knee,,Did Not Participate In Practice,2016-11-04T12:59:23Z
2016,REG,GB,9,00-0027061,TE,Jared Cook,Jared,Cook,Ankle,,Out,Ankle,,Limited Participation in Practice,2016-11-04T12:58:42Z
2016,REG,GB,9,00-0027791,RB,James Starks,James,Starks,Knee,,Out,Knee,,Limited Participation in Practice,2016-11-04T12:59:17Z
2016,REG,GB,9,00-0031080,CB,Demetri Goodson,Demetri,Goodson,Concussion,,Questionable,Concussion,,Did Not Participate In Practice,2016-11-04T12:58:34Z
2016,REG,GB,9,00-0028002,WR,Randall Cobb,Randall,Cobb,Hamstring,,Questionable,Hamstring,,Limited Participation in Practice,2016-11-04T12:58:34Z
2016,REG,GB,9,00-0027002,LB,Clay Matthews,Clay,Matthews,Hamstring,,Questionable,Hamstring,,Limited Participation in Practice,2016-11-04T12:58:34Z
2016,REG,GB,9,00-0031937,CB,Quinten Rollins,Quinten,Rollins,Groin,,Questionable,Groin,,Limited Participation in Practice,2016-11-04T12:58:34Z
2016,REG,IND,9,00-0026307,LB,Erik Walden,Erik,Walden,,,,Not Injury Related,,Did Not Participate In Practice,2016-11-04T10:51:05Z
2016,REG,IND,9,00-0032208,WR,Phillip Dorsett,Phillip,Dorsett,,,,Not Injury Related,,Full Participation in Practice,2016-11-04T10:47:05Z
2016,REG,IND,9,00-0023500,RB,Frank Gore,Frank,Gore,,,,Not Injury Related,,Full Participation in Practice,2016-11-04T10:44:43Z
2016,REG,IND,9,00-0029608,WR,T.Y. Hilton,T.Y.,Hilton,,,,Hamstring,,Full Participation in Practice,2016-11-04T10:44:43Z
2016,REG,IND,9,00-0024249,LB,D'Qwell Jackson,D'Qwell,Jackson,,,,Not Injury Related,,Full Participation in Practice,2016-11-04T10:48:32Z
2016,REG,IND,9,00-0029668,QB,Andrew Luck,Andrew,Luck,,,,Right Shoulder,,Full Participation in Practice,2016-11-04T10:49:10Z
2016,REG,IND,9,00-0022059,LB,Robert Mathis,Robert,Mathis,,,,Not Injury Related,,Full Participation in Practice,2016-11-04T10:44:43Z
2016,REG,IND,9,00-0032355,WR,Chester Rogers,Chester,Rogers,,,,Hamstring,Foot,Full Participation in Practice,2016-11-04T10:44:43Z
2016,REG,IND,9,00-0022247,S,Mike Adams,Mike,Adams,Groin,,Out,Groin,,Did Not Participate In Practice,2016-11-04T10:45:40Z
2016,REG,IND,9,00-0028100,LB,Chris Carter,Chris,Carter,Hamstring,,Out,Hamstring,,Did Not Participate In Practice,2016-11-04T10:46:28Z
2016,REG,IND,9,00-0026206,DE,Kendall Langford,Kendall,Langford,Knee,,Out,Knee,,Did Not Participate In Practice,2016-11-04T10:48:54Z
2016,REG,IND,9,00-0031046,G,Jack Mewhort,Jack,Mewhort,Tricep,,Out,Tricep,,Did Not Participate In Practice,2016-11-04T10:50:03Z
2016,REG,IND,9,00-0026408,T,Joe Reitz,Joe,Reitz,Concussion,,Out,Concussion,,Did Not Participate In Practice,2016-11-04T10:50:32Z
2016,REG,IND,9,00-0029689,TE,Dwayne Allen,Dwayne,Allen,Ankle,,Questionable,Ankle,,Full Participation in Practice,2016-11-04T10:45:04Z
2016,REG,IND,9,00-0032269,DT,Henry Anderson,Henry,Anderson,Knee,,Questionable,Knee,,Full Participation in Practice,2016-11-04T10:45:04Z
2016,REG,IND,9,00-0027001,CB,Vontae Davis,Vontae,Davis,Concussion,,Questionable,Concussion,,Full Participation in Practice,2016-11-04T10:45:04Z
2016,REG,IND,9,00-0031632,G,Denzelle Good,Denzelle,Good,Knee,,Questionable,Knee,,Full Participation in Practice,2016-11-04T10:45:04Z
2016,REG,IND,9,00-0032361,LB,Curt Maggitt,Curt,Maggitt,Ankle,,Questionable,Ankle,,Full Participation in Practice,2016-11-04T10:45:04Z
2016,REG,JAX,9,00-0029316,T,Kelvin Beachum,Kelvin,Beachum,,,,Knee,,Full Participation in Practice,2016-11-04T08:16:33Z
2016,REG,JAX,9,00-0032968,LB,Myles Jack,Myles,Jack,,,,Illness,,Full Participation in Practice,2016-11-04T08:16:33Z
2016,REG,JAX,9,00-0026839,T,Jermey Parnell,Jermey,Parnell,,,,Calf,,Full Participation in Practice,2016-11-04T08:16:33Z
2016,REG,JAX,9,00-0028067,TE,Julius Thomas,Julius,Thomas,,,,Ankle,,Full Participation in Practice,2016-11-04T08:16:33Z
2016,REG,JAX,9,00-0027878,DE,Jared Odrick,Jared,Odrick,Foot,Ankle,Out,Foot,Ankle,Did Not Participate In Practice,2016-11-04T08:16:56Z
2016,REG,JAX,9,00-0031259,CB,Aaron Colvin,Aaron,Colvin,Calf,,Questionable,Calf,,Limited Participation in Practice,2016-11-04T08:16:37Z
2016,REG,KC,9,00-0024235,LB,Tamba Hali,Tamba,Hali,,,,Knee,,Did Not Participate In Practice,2016-11-04T12:20:36Z
2016,REG,KC,9,00-0030011,G,Jordan Devey,Jordan,Devey,,,,Ankle,,Full Participation in Practice,2016-11-04T12:20:27Z
2016,REG,KC,9,00-0023449,LB,Derrick Johnson,Derrick,Johnson,,,,Hamstring,,Full Participation in Practice,2016-11-04T12:21:09Z
2016,REG,KC,9,00-0029253,T,Mitchell Schwartz,Mitchell,Schwartz,,,,Ankle,,Full Participation in Practice,2016-11-04T12:20:46Z
2016,REG,KC,9,00-0032771,G,Parker Ehinger,Parker,Ehinger,Knee,,Out,Knee,,Did Not Participate In Practice,2016-11-04T12:21:50Z
2016,REG,KC,9,00-0030414,RB,Spencer Ware,Spencer,Ware,Concussion,,Out,Concussion,,Did Not Participate In Practice,2016-11-04T12:22:27Z
2016,REG,KC,9,00-0023436,QB,Alex Smith,Alex,Smith,Head,Ear,Out,Head,Ear,Limited Participation in Practice,2016-11-04T12:22:16Z
2016,REG,KC,9,00-0032788,CB,D.J. White,D.J.,White,Hand,,Out,Hand,,Limited Participation in Practice,2016-11-04T12:22:39Z
2016,REG,KC,9,00-0029277,DE,Jaye Howard,Jaye,Howard,Hip,,Questionable,Hip,,Full Participation in Practice,2016-11-04T12:21:44Z
2016,REG,KC,9,00-0026995,WR,Jeremy Maclin,Jeremy,Maclin,Groin,,Questionable,Groin,,Limited Participation in Practice,2016-11-04T12:21:44Z
2016,REG,LA,9,00-0032685,WR,Nelson Spruce,Nelson,Spruce,Calf,,Out,Calf,,Did Not Participate In Practice,2016-11-04T13:17:12Z
2016,REG,LA,9,00-0029630,DT,Michael Brockers,Michael,Brockers,Groin,,Questionable,Groin,,Limited Participation in Practice,2016-11-04T13:17:05Z
2016,REG,LA,9,00-0032244,G,Jamon Brown,Jamon,Brown,Hand,,Questionable,Hand,,Limited Participation in Practice,2016-11-04T13:17:05Z
2016,REG,LA,9,00-0026243,DE,William Hayes,William,Hayes,Ankle,,Questionable,Ankle,,Limited Participation in Practice,2016-11-04T13:17:05Z
2016,REG,LA,9,00-0029690,CB,Trumaine Johnson,Trumaine,Johnson,Ankle,,Questionable,Ankle,,Limited Participation in Practice,2016-11-04T13:17:05Z
2016,REG,MIA,9,00-0028040,TE,Jordan Cameron,Jordan,Cameron,Concussion,,Out,Concussion,,Did Not Participate In Practice,2016-11-04T12:46:45Z
2016,REG,MIA,9,00-0033050,CB,Xavien Howard,Xavien,Howard,Knee,,Out,Knee,,Did Not Participate In Practice,2016-11-04T12:46:56Z
2016,REG,MIA,9,00-0030422,TE,Dion Sims,Dion,Sims,Concussion,,Out,Concussion,,Limited Participation in Practice,2016-11-04T12:47:07Z
2016,REG,MIA,9,00-0028564,S,Isa Abdul-Quddus,Isa,Abdul-Quddus,Ankle,,Questionable,Ankle,,Full Participation in Practice,2016-11-04T12:46:32Z
2016,REG,MIA,9,00-0025512,T,Jermon Bushrod,Jermon,Bushrod,Shoulder,,Questionable,Shoulder,,Full Participation in Practice,2016-11-04T12:46:32Z
2016,REG,MIA,9,00-0031547,WR,DeVante Parker,DeVante,Parker,Hamstring,,Questionable,Hamstring,,Full Participation in Practice,2016-11-04T12:46:32Z
2016,REG,MIA,9,00-0032380,T,Laremy Tunsil,Laremy,Tunsil,Abdomen,,Questionable,Abdomen,,Full Participation in Practice,2016-11-04T12:46:32Z
2016,REG,MIN,9,00-0029578,LB,Audie Cole,Audie,Cole,,,,Finger,,Full Participation in Practice,2016-11-04T11:13:43Z
2016,REG,MIN,9,00-0026944,CB,Captain Munnerlyn,Captain,Munnerlyn,,,,Foot,,Full Participation in Practice,2016-11-04T11:13:43Z
2016,REG,MIN,9,00-0031585,TE,MyCole Pruitt,MyCole,Pruitt,,,,Knee,,Full Participation in Practice,2016-11-04T11:13:43Z
2016,REG,MIN,9,00-0027547,CB,Marcus Sherels,Marcus,Sherels,,,,Wrist,,Full Participation in Practice,2016-11-04T11:14:22Z
2016,REG,MIN,9,00-0029572,WR,Jarius Wright,Jarius,Wright,,,,Ankle,,Full Participation in Practice,2016-11-04T11:13:43Z
2016,REG,MIN,9,00-0031256,LB,Anthony Barr,Anthony,Barr,,,,Groin,,Limited Participation in Practice,2016-11-04T11:13:43Z
2016,REG,MIN,9,00-0030575,CB,Xavier Rhodes,Xavier,Rhodes,,,,Calf,,Limited Participation in Practice,2016-11-04T11:13:43Z
2016,REG,MIN,9,00-0026762,G,Alex Boone,Alex,Boone,Concussion,"Shoulder, Knee",Out,Concussion,"Shoulder, Knee",Did Not Participate In Practice,2016-11-04T11:14:46Z
2016,REG,MIN,9,00-0030574,DT,Sharrif Floyd,Sharrif,Floyd,Knee,,Out,Knee,,Did Not Participate In Practice,2016-11-04T11:14:37Z
2016,REG,MIN,9,00-0031554,LB,Eric Kendricks,Eric,Kendricks,Concussion,,Out,Concussion,,Did Not Participate In Practice,2016-11-04T11:15:07Z
2016,REG,MIN,9,00-0030937,G,Zac Kerin,Zac,Kerin,Hand,,Out,Hand,,Did Not Participate In Practice,2016-11-04T11:14:55Z
2016,REG,MIN,9,00-0024030,DT,Tom Johnson,Tom,Johnson,Concussion,,Questionable,Concussion,,Did Not Participate In Practice,2016-11-04T11:14:26Z
2016,REG,MIN,9,00-0031376,RB,Jerick McKinnon,Jerick,McKinnon,Ankle,,Questionable,Ankle,,Did Not Participate In Practice,2016-11-04T11:14:26Z
2016,REG,MIN,9,00-0027914,S,Andrew Sendejo,Andrew,Sendejo,Ankle,,Questionable,Ankle,,Limited Participation in Practice,2016-11-04T11:14:26Z
2016,REG,NO,9,00-0032765,WR,Michael Thomas,Michael,Thomas,,,,Ankle,,Limited Participation in Practice,2016-11-04T12:26:40Z
2016,REG,NO,9,00-0027025,C,Max Unger,Max,Unger,,,,Shoulder,,Limited Participation in Practice,2016-11-04T12:26:10Z
2016,REG,NO,9,00-0030060,S,Kenny Vaccaro,Kenny,Vaccaro,,,,Knee,,Limited Participation in Practice,2016-11-04T12:26:10Z
2016,REG,NO,9,00-0026857,LB,Dannell Ellerbe,Dannell,Ellerbe,Quadricep,,Out,Quadricep,,Did Not Participate In Practice,2016-11-04T12:28:14Z
2016,REG,NO,9,00-0032804,RB,Daniel Lasco,Daniel,Lasco,Hamstring,,Out,Hamstring,,Did Not Participate In Practice,2016-11-04T12:28:08Z
2016,REG,NO,9,00-0027011,LB,James Laurinaitis,James,Laurinaitis,Quadricep,,Out,Quadricep,,Did Not Participate In Practice,2016-11-04T12:27:58Z
2016,REG,NO,9,00-0032102,LB,Stephone Anthony,Stephone,Anthony,Hamstring,,Questionable,Hamstring,,Limited Participation in Practice,2016-11-04T12:27:21Z
2016,REG,NO,9,00-0030067,T,Terron Armstead,Terron,Armstead,Knee,,Questionable,Knee,,Limited Participation in Practice,2016-11-04T12:27:11Z
2016,REG,NO,9,00-0031474,CB,Delvin Breaux,Delvin,Breaux,Fibula,,Questionable,Fibula,,Limited Participation in Practice,2016-11-04T12:27:11Z
2016,REG,NO,9,00-0033021,WR,Jake Lampman,Jake,Lampman,Knee,,Questionable,Knee,,Limited Participation in Practice,2016-11-04T12:27:11Z
2016,REG,NO,9,00-0028767,CB,Sterling Moore,Sterling,Moore,Abdomen,,Questionable,Abdomen,,Limited Participation in Practice,2016-11-04T12:27:11Z
2016,REG,NYG,9,00-0031235,WR,Odell Beckham,Odell,Beckham,,,,Hip,,Limited Participation in Practice,2016-11-04T10:50:47Z
2016,REG,NYG,9,00-0025503,LS,Zak DeOssie,Zak,DeOssie,,,,Ankle,,Limited Participation in Practice,2016-11-04T10:50:47Z
2016,REG,NYG,9,00-0033083,S,Darian Thompson,Darian,Thompson,Foot,,Out,Foot,,Did Not Participate In Practice,2016-11-04T10:51:29Z
2016,REG,NYG,9,00-0030776,DE,Kerry Wynn,Kerry,Wynn,Concussion,,Out,Concussion,,Did Not Participate In Practice,2016-11-04T10:51:37Z
2016,REG,NYG,9,00-0031070,S,Nat Berhe,Nat,Berhe,Concussion,,Questionable,Concussion,,Limited Participation in Practice,2016-11-04T10:51:09Z
2016,REG,NYG,9,00-0030586,QB,Ryan Nassib,Ryan,Nassib,right Elbow,,Questionable,right Elbow,,Limited Participation in Practice,2016-11-04T10:51:09Z
2016,REG,NYG,9,00-0027768,T,Marshall Newhouse,Marshall,Newhouse,Calf,,Questionable,Calf,,Limited Participation in Practice,2016-11-04T10:51:09Z
2016,REG,NYG,9,00-0029384,RB,Bobby Rainey,Bobby,Rainey,Calf,,Questionable,Calf,,Limited Participation in Practice,2016-11-04T10:51:09Z
2016,REG,NYJ,9,00-0031023,WR,Quincy Enunwa,Quincy,Enunwa,,,,Ankle,Knee,Full Participation in Practice,2016-11-04T11:14:31Z
2016,REG,NYJ,9,00-0026184,RB,Matt Forte,Matt,Forte,,,,Knee,,Full Participation in Practice,2016-11-04T11:14:31Z
2016,REG,NYJ,9,00-0024334,WR,Brandon Marshall,Brandon,Marshall,,,,Foot,,Full Participation in Practice,2016-11-04T11:14:31Z
2016,REG,NYJ,9,00-0032959,WR,Charone Peake,Charone,Peake,,,,Ankle,,Full Participation in Practice,2016-11-04T11:14:31Z
2016,REG,NYJ,9,00-0031418,TE,Austin Seferian-Jenkins,Austin,Seferian-Jenkins,,,,Ankle,,Full Participation in Practice,2016-11-04T11:14:31Z
2016,REG,NYJ,9,00-0028075,CB,Buster Skrine,Buster,Skrine,,,,Knee,,Full Participation in Practice,2016-11-04T11:14:47Z
2016,REG,NYJ,9,00-0027978,LB,Bruce Carter,Bruce,Carter,Quadricep,,Out,Quadricep,,Did Not Participate In Practice,2016-11-04T11:14:54Z
2016,REG,NYJ,9,00-0026298,TE,Kellen Davis,Kellen,Davis,Elbow,,Out,Elbow,,Did Not Participate In Practice,2016-11-04T11:15:00Z
2016,REG,NYJ,9,00-0033147,LB,Darron Lee,Darron,Lee,Ankle,,Out,Ankle,,Did Not Participate In Practice,2016-11-04T11:15:12Z
2016,REG,NYJ,9,00-0024244,C,Nick Mangold,Nick,Mangold,Ankle,,Doubtful,Ankle,,Did Not Participate In Practice,2016-11-04T11:15:17Z
2016,REG,NYJ,9,00-0031031,T,Brent Qvale,Brent,Qvale,Neck,,Doubtful,Neck,,Did Not Participate In Practice,2016-11-04T11:15:26Z
2016,REG,NYJ,9,00-0026152,T,Ryan Clady,Ryan,Clady,Shoulder,,Questionable,Shoulder,,Did Not Participate In Practice,2016-11-04T11:14:49Z
2016,REG,NYJ,9,00-0026290,T,Breno Giacomini,Breno,Giacomini,Shoulder,,Questionable,Shoulder,,Limited Participation in Practice,2016-11-04T11:14:49Z
2016,REG,NYJ,9,00-0032420,T,Brandon Shell,Brandon,Shell,Shoulder,,Questionable,Shoulder,,Limited Participation in Practice,2016-11-04T11:38:24Z
2016,REG,NYJ,9,00-0027968,DE,Muhammad Wilkerson,Muhammad,Wilkerson,Ankle,,Questionable,Ankle,,Limited Participation in Practice,2016-11-04T11:14:49Z
2016,REG,OAK,9,00-0023894,T,Donald Penn,Donald,Penn,,,,Not Injury Related,,Did Not Participate In Practice,2016-11-02T15:44:03Z
2016,REG,OAK,9,00-0030515,DT,Stacy McGee,Stacy,McGee,Ankle,,Out,Ankle,,Did Not Participate In Practice,2016-11-04T12:31:56Z
2016,REG,OAK,9,00-0032899,G,Vadal Alexander,Vadal,Alexander,Ankle,,Questionable,Ankle,,Limited Participation in Practice,2016-11-04T12:31:43Z
2016,REG,OAK,9,00-0031544,WR,Amari Cooper,Amari,Cooper,Back,,Questionable,Back,,Limited Participation in Practice,2016-11-04T12:31:43Z
2016,REG,OAK,9,00-0027993,C,Rodney Hudson,Rodney,Hudson,Knee,,Questionable,Knee,,Limited Participation in Practice,2016-11-04T12:31:43Z
2016,REG,OAK,9,00-0028063,RB,Taiwan Jones,Taiwan,Jones,Knee,,Questionable,Knee,,Limited Participation in Practice,2016-11-04T12:31:43Z
2016,REG,OAK,9,00-0029492,RB,Jamize Olawale,Jamize,Olawale,Ankle,,Questionable,Ankle,,Limited Participation in Practice,2016-11-04T12:31:43Z
2016,REG,OAK,9,00-0029259,G,Kelechi Osemele,Kelechi,Osemele,Knee,,Questionable,Knee,,Limited Participation in Practice,2016-11-04T12:31:43Z
2016,REG,OAK,9,00-0027037,CB,Sean Smith,Sean,Smith,Shoulder,,Questionable,Shoulder,,Limited Participation in Practice,2016-11-04T12:31:43Z
2016,REG,OAK,9,00-0030579,T,Menelik Watson,Menelik,Watson,Calf,,Questionable,Calf,,Limited Participation in Practice,2016-11-04T12:31:43Z
2016,REG,PHI,9,00-0027744,CB,Nolan Carroll,Nolan,Carroll,,,,Hamstring,,Full Participation in Practice,2016-11-04T11:14:34Z
2016,REG,PHI,9,00-0027378,S,Chris Maragos,Chris,Maragos,,,,Hamstring,,Full Participation in Practice,2016-11-04T11:14:34Z
2016,REG,PHI,9,00-0027864,RB,Ryan Mathews,Ryan,Mathews,,,,Tooth,,Full Participation in Practice,2016-11-03T13:10:24Z
2016,REG,PHI,9,00-0025506,G,Allen Barbre,Allen,Barbre,Hamstring,,Out,Hamstring,,Did Not Participate In Practice,2016-11-04T11:15:44Z
2016,REG,PHI,9,00-0032437,LB,Kamu Grugier-Hill,Kamu,Grugier-Hill,Hamstring,,Out,Hamstring,,Did Not Participate In Practice,2016-11-04T11:15:55Z
2016,REG,PHI,9,00-0031179,DT,Taylor Hart,Taylor,Hart,Ankle,,Questionable,Ankle,,Limited Participation in Practice,2016-11-04T11:15:32Z
2016,REG,PHI,9,00-0030507,DT,Bennie Logan,Bennie,Logan,Groin,,Questionable,Groin,,Limited Participation in Practice,2016-11-04T11:15:32Z
2016,REG,PIT,9,00-0029678,G,David DeCastro,David,DeCastro,,,,Not Injury Related,,Did Not Participate In Practice,2016-11-02T12:47:01Z
2016,REG,PIT,9,00-0027793,WR,Antonio Brown,Antonio,Brown,,,,Hip,,Full Participation in Practice,2016-11-04T10:13:11Z
2016,REG,PIT,9,00-0028001,T,Marcus Gilbert,Marcus,Gilbert,,,,Ankle,,Full Participation in Practice,2016-11-04T10:13:11Z
2016,REG,PIT,9,00-0027969,DE,Cameron Heyward,Cameron,Heyward,,,,Hamstring,,Full Participation in Practice,2016-11-04T10:13:11Z
2016,REG,PIT,9,00-0030412,S,Shamarko Thomas,Shamarko,Thomas,,,,Groin,,Full Participation in Practice,2016-11-04T10:13:11Z
2016,REG,PIT,9,00-0030460,WR,Markus Wheaton,Markus,Wheaton,,,,Shoulder,,Full Participation in Practice,2016-11-04T10:13:11Z
2016,REG,PIT,9,00-0026247,C,Cody Wallace,Cody,Wallace,Knee,,Out,Knee,,Did Not Participate In Practice,2016-11-04T10:14:56Z
2016,REG,PIT,9,00-0025557,CB,William Gay,William,Gay,Foot,,Questionable,Foot,,Did Not Participate In Practice,2016-11-04T10:14:41Z
2016,REG,PIT,9,00-0022924,QB,Ben Roethlisberger,Ben,Roethlisberger,Knee,,Questionable,Knee,,Limited Participation in Practice,2016-11-04T10:14:41Z
2016,REG,PIT,9,00-0024242,RB,DeAngelo Williams,DeAngelo,Williams,Knee,,Questionable,Knee,,Limited Participation in Practice,2016-11-04T10:14:41Z
2016,REG,SD,9,00-0032895,LB,Jatavis Brown,Jatavis,Brown,Knee,,Out,Knee,,Did Not Participate In Practice,2016-11-04T13:26:27Z
2016,REG,SD,9,00-0033090,TE,Hunter Henry,Hunter,Henry,Knee,,Out,Knee,,Did Not Participate In Practice,2016-11-04T13:26:36Z
2016,REG,SD,9,00-0032106,CB,Craig Mager,Craig,Mager,Concussion,,Out,Concussion,,Did Not Participate In Practice,2016-11-04T13:26:43Z
2016,REG,SD,9,00-0032103,LB,Denzel Perryman,Denzel,Perryman,Hamstring,,Doubtful,Hamstring,,Did Not Participate In Practice,2016-11-04T13:26:55Z
2016,REG,SD,9,00-0030312,S,Jahleel Addae,Jahleel,Addae,Collarbone,,Doubtful,Collarbone,,Limited Participation in Practice,2016-11-04T13:27:15Z
2016,REG,SD,9,00-0031258,LB,Jeremiah Attaochu,Jeremiah,Attaochu,Ankle,,Doubtful,Ankle,,Limited Participation in Practice,2016-11-04T13:27:22Z
2016,REG,SD,9,00-0029269,WR,Travis Benjamin,Travis,Benjamin,Knee,,Questionable,Knee,,Full Participation in Practice,2016-11-04T13:26:13Z
2016,REG,SD,9,00-0032160,WR,Tyrell Williams,Tyrell,Williams,Knee,,Questionable,Knee,,Full Participation in Practice,2016-11-04T13:26:13Z
2016,REG,SEA,9,00-0028092,CB,Richard Sherman,Richard,Sherman,,,,Not Injury Related,,Did Not Participate In Practice,2016-11-05T14:19:25Z
2016,REG,SEA,9,00-0026232,DE,Cliff Avril,Cliff,Avril,,,,Groin,,Full Participation in Practice,2016-11-05T14:18:37Z
2016,REG,SEA,9,00-0027696,TE,Jimmy Graham,Jimmy,Graham,,,,Knee,,Full Participation in Practice,2016-11-05T14:19:03Z
2016,REG,SEA,9,00-0024102,DT,Tony McDaniel,Tony,McDaniel,,,,Ankle,,Full Participation in Practice,2016-11-05T14:18:37Z
2016,REG,SEA,9,00-0031308,LB,Kevin Pierre-Louis,Kevin,Pierre-Louis,,,,Ankle,,Full Participation in Practice,2016-11-05T14:18:37Z
2016,REG,SEA,9,00-0029263,QB,Russell Wilson,Russell,Wilson,,,,Knee,Pectoral,Full Participation in Practice,2016-11-05T14:18:37Z
2016,REG,SEA,9,00-0026618,DE,Michael Bennett,Michael,Bennett,Knee,,Out,Knee,,Did Not Participate In Practice,2016-11-05T13:05:18Z
2016,REG,SEA,9,00-0027733,S,Kam Chancellor,Kam,Chancellor,Groin,,Out,Groin,,Did Not Participate In Practice,2016-11-05T13:05:40Z
2016,REG,SEA,9,00-0032465,CB,DeAndre Elliott,DeAndre,Elliott,Hamstring,,Out,Hamstring,,Did Not Participate In Practice,2016-11-05T13:06:02Z
2016,REG,SEA,9,00-0031897,RB,Thomas Rawls,Thomas,Rawls,Fibula,,Out,Fibula,,Did Not Participate In Practice,2016-11-05T13:04:50Z
2016,REG,SEA,9,00-0030089,TE,Luke Willson,Luke,Willson,Knee,,Out,Knee,,Did Not Participate In Practice,2016-11-05T13:05:05Z
2016,REG,SEA,9,00-0029091,T,Bradley Sowell,Bradley,Sowell,Knee,,Questionable,Knee,,Limited Participation in Practice,2016-11-05T13:06:15Z
2016,REG,SF,9,00-0032164,DT,Arik Armstead,Arik,Armstead,,,,Shoulder,,Full Participation in Practice,2016-11-04T12:19:28Z
2016,REG,SF,9,00-0027658,G,Zane Beadles,Zane,Beadles,,,,Ankle,Knee,Full Participation in Practice,2016-11-04T12:19:28Z
2016,REG,SF,9,00-0028292,LB,Nick Bellore,Nick,Bellore,,,,Shoulder,,Full Participation in Practice,2016-11-04T12:19:41Z
2016,REG,SF,9,00-0032413,DT,Ronald Blair,Ronald,Blair,,,,Ankle,,Full Participation in Practice,2016-11-04T12:19:28Z
2016,REG,SF,9,00-0030088,DT,Quinton Dial,Quinton,Dial,,,,Knee,,Full Participation in Practice,2016-11-04T12:19:28Z
2016,REG,SF,9,00-0026145,DT,Glenn Dorsey,Glenn,Dorsey,,,,Knee,,Full Participation in Practice,2016-11-04T12:19:56Z
2016,REG,SF,9,00-0030993,LB,Aaron Lynch,Aaron,Lynch,Ankle,,Out,Ankle,,Did Not Participate In Practice,2016-11-04T12:20:42Z
2016,REG,SF,9,00-0032410,CB,Rashard Robinson,Rashard,Robinson,Knee,,Out,Knee,,Did Not Participate In Practice,2016-11-04T12:20:48Z
2016,REG,SF,9,00-0031045,RB,Carlos Hyde,Carlos,Hyde,Shoulder,,Questionable,Shoulder,,Limited Participation in Practice,2016-11-04T12:20:22Z
2016,REG,TB,9,00-0029613,RB,Doug Martin,Doug,Martin,Hamstring,,Out,Hamstring,,Did Not Participate In Practice,2016-11-02T10:37:10Z
2016,REG,TB,9,00-0028083,RB,Jacquizz Rodgers,Jacquizz,Rodgers,Foot,,Out,Foot,,Did Not Participate In Practice,2016-11-02T10:37:23Z
2016,REG,TB,9,00-0026964,DT,Clinton McDonald,Clinton,McDonald,Hamstring,,Out,Hamstring,,Limited Participation in Practice,2016-11-02T10:37:15Z
2016,REG,TB,9,00-0030147,WR,Russell Shepard,Russell,Shepard,Hip,,Doubtful,Hip,,Limited Participation in Practice,2016-11-02T10:37:27Z
2016,REG,TB,9,00-0030386,DE,William Gholston,William,Gholston,Biceps,,Questionable,Biceps,,Full Participation in Practice,2016-11-02T10:37:06Z
2016,REG,TEN,9,00-0030789,RB,Antonio Andrews,Antonio,Andrews,,,,Not Injury Related,,Did Not Participate In Practice,2016-11-04T13:29:52Z
2016,REG,TEN,9,00-0027737,CB,Perrish Cox,Perrish,Cox,,,,Concussion,,Full Participation in Practice,2016-11-04T13:29:12Z
2016,REG,TEN,9,00-0028009,RB,DeMarco Murray,DeMarco,Murray,,,,Foot,,Full Participation in Practice,2016-11-04T13:29:12Z
2016,REG,TEN,9,00-0032043,G,Quinton Spain,Quinton,Spain,Knee,,Out,Knee,,Did Not Participate In Practice,2016-11-04T13:30:28Z
2016,REG,TEN,9,00-0024389,TE,Delanie Walker,Delanie,Walker,Groin,,Questionable,Groin,,Did Not Participate In Practice,2016-11-04T13:29:57Z
2016,REG,TEN,9,00-0027067,S,Rashad Johnson,Rashad,Johnson,Neck,,Questionable,Neck,,Limited Participation in Practice,2016-11-04T13:29:57Z
2016,REG,TEN,9,00-0032799,LB,Aaron Wallace,Aaron,Wallace,Shoulder,,Questionable,Shoulder,,Limited Participation in Practice,2016-11-04T13:29:57Z
2016,REG,ARI,10,00-0029530,CB,Justin Bethel,Justin,Bethel,,,,Foot,,Full Participation in Practice,2016-11-11T12:07:38Z
2016,REG,ARI,10,00-0031051,WR,John Brown,John,Brown,,,,Hamstring,,Full Participation in Practice,2016-11-11T12:07:46Z
2016,REG,ARI,10,00-0029738,TE,Darren Fells,Darren,Fells,,,,Ankle,,Full Participation in Practice,2016-11-11T12:07:51Z
2016,REG,ARI,10,00-0021429,QB,Carson Palmer,Carson,Palmer,,,,Not Injury Related,,Full Participation in Practice,2016-11-11T12:07:38Z
2016,REG,ARI,10,00-0031265,DT,Ed Stinson,Ed,Stinson,,,,Toe,,Full Participation in Practice,2016-11-11T12:07:58Z
2016,REG,ARI,10,00-0022921,WR,Larry Fitzgerald,Larry,Fitzgerald,,,,Ankle,,Limited Participation in Practice,2016-11-11T12:07:38Z
2016,REG,ARI,10,00-0030459,S,Tyrann Mathieu,Tyrann,Mathieu,Shoulder,,Out,Shoulder,,Did Not Participate In Practice,2016-11-11T12:08:56Z
2016,REG,ARI,10,00-0030487,CB,Tharold Simon,Tharold,Simon,Ankle,,Out,Ankle,,Did Not Participate In Practice,2016-11-11T12:08:49Z
2016,REG,ARI,10,00-0030503,LB,Alex Okafor,Alex,Okafor,Calf,,Questionable,Calf,,Limited Participation in Practice,2016-11-11T12:08:24Z
2016,REG,ATL,10,00-0021146,DE,Dwight Freeney,Dwight,Freeney,,,,Quadricep,,Full Participation in Practice,2016-11-11T11:29:31Z
2016,REG,ATL,10,00-0032058,RB,Tevin Coleman,Tevin,Coleman,Hamstring,,Out,Hamstring,,Did Not Participate In Practice,2016-11-11T11:29:41Z
2016,REG,ATL,10,00-0026267,TE,Jacob Tamme,Jacob,Tamme,Shoulder,,Out,Shoulder,,Did Not Participate In Practice,2016-11-11T11:29:46Z
2016,REG,ATL,10,00-0030562,CB,Desmond Trufant,Desmond,Trufant,Shoulder,,Out,Shoulder,,Did Not Participate In Practice,2016-11-11T11:29:51Z
2016,REG,BAL,10,00-0032386,LB,Kamalei Correa,Kamalei,Correa,Thigh,,Out,Thigh,,Did Not Participate In Practice,2016-11-09T12:21:09Z
2016,REG,BAL,10,00-0024341,LB,Elvis Dumervil,Elvis,Dumervil,Foot,,Out,Foot,,Did Not Participate In Practice,2016-11-09T12:21:19Z
2016,REG,BAL,10,00-0030992,TE,Crockett Gillmore,Crockett,Gillmore,Thigh,,Out,Thigh,,Did Not Participate In Practice,2016-11-09T12:21:26Z
2016,REG,BAL,10,00-0028027,CB,Shareece Wright,Shareece,Wright,Thigh,,Out,Thigh,,Did Not Participate In Practice,2016-11-09T12:21:43Z
2016,REG,BAL,10,00-0025473,G,Marshal Yanda,Marshal,Yanda,Shoulder,,Doubtful,Shoulder,,Did Not Participate In Practice,2016-11-09T12:21:50Z
2016,REG,BAL,10,00-0032411,RB,Kenneth Dixon,Kenneth,Dixon,Chest,,Questionable,Chest,,Full Participation in Practice,2016-11-09T12:21:03Z
2016,REG,CAR,10,00-0032994,LB,Jeremy Cash,Jeremy,Cash,,,,Illness,,Full Participation in Practice,2016-11-11T10:57:27Z
2016,REG,CAR,10,00-0026153,RB,Jonathan Stewart,Jonathan,Stewart,,,,Not Injury Related,,Full Participation in Practice,2016-11-11T10:58:07Z
2016,REG,CAR,10,00-0028128,S,Colin Jones,Colin,Jones,Concussion,,Out,Concussion,,Did Not Participate In Practice,2016-11-11T10:58:44Z
2016,REG,CAR,10,00-0026999,T,Michael Oher,Michael,Oher,Concussion,,Out,Concussion,,Did Not Participate In Practice,2016-11-11T10:58:54Z
2016,REG,CAR,10,00-0025446,C,Ryan Kalil,Ryan,Kalil,Shoulder,,Questionable,Shoulder,,Did Not Participate In Practice,2016-11-11T10:58:30Z
2016,REG,CAR,10,00-0027236,DT,Kyle Love,Kyle,Love,Knee,,Questionable,Knee,,Full Participation in Practice,2016-11-11T10:58:30Z
2016,REG,CAR,10,00-0032967,DT,Vernon Butler,Vernon,Butler,Ankle,,Questionable,Ankle,,Limited Participation in Practice,2016-11-11T10:58:30Z
2016,REG,CAR,10,00-0029268,C,Gino Gradkowski,Gino,Gradkowski,Knee,,Questionable,Knee,,Limited Participation in Practice,2016-11-11T10:58:30Z
2016,REG,CAR,10,00-0031550,LB,Shaq Thompson,Shaq,Thompson,Knee,,Questionable,Knee,,Limited Participation in Practice,2016-11-11T10:58:30Z
2016,REG,CHI,10,00-0031057,RB,Ka'Deem Carey,Ka'Deem,Carey,,,,Illness,,Full Participation in Practice,2016-11-11T12:02:10Z
2016,REG,CHI,10,00-0030441,G,Kyle Long,Kyle,Long,,,,Tricep,,Full Participation in Practice,2016-11-11T12:02:10Z
2016,REG,CHI,10,00-0026275,G,Josh Sitton,Josh,Sitton,,,,Ankle,,Full Participation in Practice,2016-11-11T12:02:10Z
2016,REG,CHI,10,00-0032776,CB,Deiondre' Hall,Deiondre',Hall,Ankle,,Out,Ankle,,Did Not Participate In Practice,2016-11-11T12:02:45Z
2016,REG,CHI,10,00-0027573,DE,Mitch Unrein,Mitch,Unrein,Back,,Questionable,Back,,Did Not Participate In Practice,2016-11-11T12:02:31Z
2016,REG,CHI,10,00-0031904,CB,Bryce Callahan,Bryce,Callahan,Hamstring,,Questionable,Hamstring,,Limited Participation in Practice,2016-11-11T12:02:31Z
2016,REG,CHI,10,00-0031551,DT,Eddie Goldman,Eddie,Goldman,Ankle,,Questionable,Ankle,,Limited Participation in Practice,2016-11-11T12:02:31Z
2016,REG,CHI,10,00-0028103,LB,Pernell McPhee,Pernell,McPhee,Knee,,Questionable,Knee,,Limited Participation in Practice,2016-11-11T12:02:31Z
2016,REG,CHI,10,00-0026180,CB,Tracy Porter,Tracy,Porter,Knee,,Questionable,Knee,,Limited Participation in Practice,2016-11-11T12:02:31Z
2016,REG,CHI,10,00-0026182,WR,Eddie Royal,Eddie,Royal,Toe,,Questionable,Toe,,Limited Participation in Practice,2016-11-11T12:02:31Z
2016,REG,CIN,10,00-0024338,DT,Domata Peko,Domata,Peko,,,,Not Injury Related,,Did Not Participate In Practice,2016-11-10T12:45:28Z
2016,REG,CIN,10,00-0028912,LB,Vontaze Burfict,Vontaze,Burfict,,,,Thigh,,Full Participation in Practice,2016-11-12T10:13:43Z
2016,REG,CIN,10,00-0026217,DT,Pat Sims,Pat,Sims,,,,Ribs,,Full Participation in Practice,2016-11-12T10:14:12Z
2016,REG,CIN,10,00-0027014,LB,Rey Maualuga,Rey,Maualuga,Fibula,,Out,Fibula,,Did Not Participate In Practice,2016-11-12T10:15:16Z
2016,REG,CIN,10,00-0027044,DE,Michael Johnson,Michael,Johnson,Calf,,Questionable,Calf,,Full Participation in Practice,2016-11-12T10:14:47Z
2016,REG,CIN,10,00-0031291,WR,James Wright,James,Wright,Hamstring,,Questionable,Hamstring,,Full Participation in Practice,2016-11-12T10:14:47Z
2016,REG,CLE,10,00-0027860,CB,Joe Haden,Joe,Haden,,,,Groin,,Full Participation in Practice,2016-11-09T10:57:40Z
2016,REG,CLE,10,00-0033079,WR,Ricardo Louis,Ricardo,Louis,,,,Hamstring,,Full Participation in Practice,2016-11-09T10:57:40Z
2016,REG,CLE,10,00-0030697,DT,Jamie Meder,Jamie,Meder,,,,Knee,,Full Participation in Practice,2016-11-09T10:57:40Z
2016,REG,CLE,10,00-0033129,DE,Carl Nassib,Carl,Nassib,,,,Eye,,Full Participation in Practice,2016-11-09T10:57:40Z
2016,REG,CLE,10,00-0028825,WR,Terrelle Pryor,Terrelle,Pryor,,,,Hamstring,,Full Participation in Practice,2016-11-09T10:57:52Z
2016,REG,CLE,10,00-0025390,T,Joe Thomas,Joe,Thomas,,,,Knee,,Full Participation in Practice,2016-11-09T10:58:00Z
2016,REG,CLE,10,00-0030484,CB,Jamar Taylor,Jamar,Taylor,Groin,,Out,Groin,,Did Not Participate In Practice,2016-11-09T10:58:23Z
2016,REG,DAL,10,00-0027416,S,Barry Church,Barry,Church,Forearm,,Out,Forearm,,Did Not Participate In Practice,2016-11-11T11:45:44Z
2016,REG,DAL,10,00-0029676,CB,Morris Claiborne,Morris,Claiborne,Groin,,Out,Groin,,Did Not Participate In Practice,2016-11-11T11:45:51Z
2016,REG,DAL,10,00-0032204,T,Chaz Green,Chaz,Green,Foot,Back,Questionable,Foot,Back,Did Not Participate In Practice,2016-11-11T11:45:37Z
2016,REG,DAL,10,00-0027902,WR,Dez Bryant,Dez,Bryant,Knee,,Questionable,Knee,,Full Participation in Practice,2016-11-11T11:45:37Z
2016,REG,DAL,10,00-0029053,DE,Ryan Davis,Ryan,Davis,Hamstring,,Questionable,Hamstring,,Full Participation in Practice,2016-11-11T11:45:37Z
2016,REG,DAL,10,00-0029010,G,Ronald Leary,Ronald,Leary,Concussion,,Questionable,Concussion,,Full Participation in Practice,2016-11-11T11:45:37Z
2016,REG,DAL,10,00-0021678,QB,Tony Romo,Tony,Romo,Back,,Questionable,Back,,Full Participation in Practice,2016-11-11T11:45:37Z
2016,REG,DAL,10,00-0031411,DE,Demarcus Lawrence,Demarcus,Lawrence,Back,Shoulder,Questionable,Back,Shoulder,Limited Participation in Practice,2016-11-11T11:45:37Z
2016,REG,DAL,10,00-0027947,T,Tyron Smith,Tyron,Smith,Back,Hip,Questionable,Back,Hip,Limited Participation in Practice,2016-11-11T11:45:37Z
2016,REG,DEN,10,00-0032972,RB,Devontae Booker,Devontae,Booker,,,,Shoulder,,Full Participation in Practice,2016-11-11T11:06:01Z
2016,REG,DEN,10,00-0028224,CB,Chris Harris,Chris,Harris,,,,Not Injury Related,,Full Participation in Practice,2016-11-11T11:06:01Z
2016,REG,DEN,10,00-0032956,RB,Andy Janovich,Andy,Janovich,,,,Hand,,Full Participation in Practice,2016-11-11T11:06:01Z
2016,REG,DEN,10,00-0029620,LB,Brandon Marshall,Brandon,Marshall,,,,Hamstring,,Full Participation in Practice,2016-11-11T11:06:20Z
2016,REG,DEN,10,00-0027859,T,Russell Okung,Russell,Okung,,,,Not Injury Related,,Full Participation in Practice,2016-11-11T11:06:01Z
2016,REG,DEN,10,00-0031349,C,Matt Paradis,Matt,Paradis,,,,Hip,,Full Participation in Practice,2016-11-11T11:06:27Z
2016,REG,DEN,10,00-0032156,QB,Trevor Siemian,Trevor,Siemian,,,,left Shoulder,,Full Participation in Practice,2016-11-11T11:06:01Z
2016,REG,DEN,10,00-0031697,WR,Jordan Taylor,Jordan,Taylor,,,,Shoulder,,Full Participation in Practice,2016-11-11T11:06:01Z
2016,REG,DEN,10,00-0027653,S,T.J. Ward,T.J.,Ward,,,,Illness,Hamstring,Full Participation in Practice,2016-11-11T11:06:33Z
2016,REG,DEN,10,00-0023445,LB,DeMarcus Ware,DeMarcus,Ware,,,,Forearm,,Full Participation in Practice,2016-11-11T11:06:01Z
2016,REG,DEN,10,00-0030523,CB,Kayvon Webster,Kayvon,Webster,,,,Hamstring,,Full Participation in Practice,2016-11-11T11:06:40Z
2016,REG,DEN,10,00-0030577,DT,Sylvester Williams,Sylvester,Williams,,,,Ankle,,Full Participation in Practice,2016-11-11T11:06:01Z
2016,REG,DEN,10,00-0029303,DE,Billy Winn,Billy,Winn,,,,Ankle,,Full Participation in Practice,2016-11-11T11:06:01Z
2016,REG,DEN,10,00-0026160,CB,Aqib Talib,Aqib,Talib,Back,,Out,Back,,Did Not Participate In Practice,2016-11-11T11:07:29Z
2016,REG,DEN,10,00-0029586,DE,Derek Wolfe,Derek,Wolfe,Elbow,,Out,Elbow,,Did Not Participate In Practice,2016-11-11T11:07:20Z
2016,REG,GB,10,00-0026292,DT,Letroy Guion,Letroy,Guion,,,,Not Injury Related,,Full Participation in Practice,2016-11-11T12:52:09Z
2016,REG,GB,10,00-0028002,WR,Randall Cobb,Randall,Cobb,,,,Hamstring,,Limited Participation in Practice,2016-11-11T12:52:09Z
2016,REG,GB,10,00-0027078,G,T.J. Lang,T.J.,Lang,,,,Hip,,Limited Participation in Practice,2016-11-11T12:52:09Z
2016,REG,GB,10,00-0031937,CB,Quinten Rollins,Quinten,Rollins,,,,Groin,,Limited Participation in Practice,2016-11-11T12:52:09Z
2016,REG,GB,10,00-0027002,LB,Clay Matthews,Clay,Matthews,Hamstring,,Out,Hamstring,,Did Not Participate In Practice,2016-11-11T12:52:54Z
2016,REG,GB,10,00-0030076,C,J.C. Tretter,J.C.,Tretter,Knee,,Out,Knee,,Did Not Participate In Practice,2016-11-11T12:53:14Z
2016,REG,GB,10,00-0032251,CB,Damarious Randall,Damarious,Randall,Groin,,Out,Groin,,Limited Participation in Practice,2016-11-11T12:53:01Z
2016,REG,GB,10,00-0027061,TE,Jared Cook,Jared,Cook,Ankle,,Doubtful,Ankle,,Limited Participation in Practice,2016-11-11T12:52:34Z
2016,REG,GB,10,00-0030090,S,Micah Hyde,Micah,Hyde,Shoulder,,Questionable,Shoulder,,Limited Participation in Practice,2016-11-11T12:52:23Z
2016,REG,GB,10,00-0027791,RB,James Starks,James,Starks,Knee,,Questionable,Knee,,Limited Participation in Practice,2016-11-11T12:52:23Z
2016,REG,HOU,10,00-0031075,RB,Alfred Blue,Alfred,Blue,,,,Ribs,,Full Participation in Practice,2016-11-11T12:18:55Z
2016,REG,HOU,10,00-0031138,LB,Max Bullough,Max,Bullough,,,,Hamstring,,Full Participation in Practice,2016-11-11T12:19:07Z
2016,REG,HOU,10,00-0031364,LB,Jadeveon Clowney,Jadeveon,Clowney,,,,Elbow,,Full Participation in Practice,2016-11-11T12:18:55Z
2016,REG,HOU,10,00-0031619,DE,Christian Covington,Christian,Covington,,,,Foot,,Full Participation in Practice,2016-11-11T12:18:55Z
2016,REG,HOU,10,00-0026257,S,Quintin Demps,Quintin,Demps,,,,Calf,,Full Participation in Practice,2016-11-11T12:18:55Z
2016,REG,HOU,10,00-0029615,RB,Lamar Miller,Lamar,Miller,,,,Shoulder,,Full Participation in Practice,2016-11-11T12:19:16Z
2016,REG,HOU,10,00-0031098,S,Lonnie Ballentine,Lonnie,Ballentine,"groin, knee, ankle",,Out,"groin, knee, ankle",,Did Not Participate In Practice,2016-11-11T12:21:01Z
2016,REG,HOU,10,00-0031560,WR,Jaelen Strong,Jaelen,Strong,Ankle,,Out,Ankle,,Did Not Participate In Practice,2016-11-11T12:21:08Z
2016,REG,HOU,10,00-0029510,RB,Jonathan Grimes,Jonathan,Grimes,Illness,,Questionable,Illness,,Did Not Participate In Practice,2016-11-11T12:20:56Z
2016,REG,HOU,10,00-0031491,LB,Brian Peters,Brian,Peters,Quadricep,,Questionable,Quadricep,,Did Not Participate In Practice,2016-11-11T12:20:56Z
2016,REG,HOU,10,00-0022712,DT,Vince Wilfork,Vince,Wilfork,Groin,,Questionable,Groin,,Did Not Participate In Practice,2016-11-11T12:20:56Z
2016,REG,HOU,10,00-0030228,CB,A.J. Bouye,A.J.,Bouye,Ankle,,Questionable,Ankle,,Limited Participation in Practice,2016-11-11T12:20:56Z
2016,REG,HOU,10,00-0033127,WR,Will Fuller,Will,Fuller,Knee,,Questionable,Knee,,Limited Participation in Practice,2016-11-11T12:20:56Z
2016,REG,JAX,10,00-0027878,DE,Jared Odrick,Jared,Odrick,,,,Not Injury Related,,Did Not Participate In Practice,2016-11-11T13:29:29Z
2016,REG,JAX,10,00-0029316,T,Kelvin Beachum,Kelvin,Beachum,,,,Knee,,Full Participation in Practice,2016-11-11T13:28:01Z
2016,REG,JAX,10,00-0030538,S,Johnathan Cyprien,Johnathan,Cyprien,,,,Lower Leg,,Full Participation in Practice,2016-11-11T13:26:43Z
2016,REG,JAX,10,00-0032968,LB,Myles Jack,Myles,Jack,,,,Hip,,Full Participation in Practice,2016-11-11T13:27:20Z
2016,REG,JAX,10,00-0031369,G,Brandon Linder,Brandon,Linder,,,,Hand,,Full Participation in Practice,2016-11-11T13:27:43Z
2016,REG,JAX,10,00-0026839,T,Jermey Parnell,Jermey,Parnell,,,,Knee,,Full Participation in Practice,2016-11-11T13:29:49Z
2016,REG,JAX,10,00-0027595,WR,Bryan Walters,Bryan,Walters,Concussion,,Out,Concussion,,Did Not Participate In Practice,2016-11-11T13:31:14Z
2016,REG,JAX,10,00-0031264,DE,Chris Smith,Chris,Smith,Eye,,Questionable,Eye,,Did Not Participate In Practice,2016-11-11T13:30:26Z
2016,REG,JAX,10,00-0030458,LB,Arthur Brown,Arthur,Brown,Ankle,,Questionable,Ankle,,Limited Participation in Practice,2016-11-11T13:30:26Z
2016,REG,JAX,10,00-0028924,S,Tashaun Gipson,Tashaun,Gipson,Hamstring,,Questionable,Hamstring,,Limited Participation in Practice,2016-11-11T13:30:26Z
2016,REG,JAX,10,00-0030821,WR,Allen Hurns,Allen,Hurns,Concussion,,Questionable,Concussion,,Limited Participation in Practice,2016-11-11T13:30:26Z
2016,REG,KC,10,00-0024235,LB,Tamba Hali,Tamba,Hali,,,,Knee,,Did Not Participate In Practice,2016-11-11T12:33:50Z
2016,REG,KC,10,00-0032128,WR,Chris Conley,Chris,Conley,,,,Quadricep,,Full Participation in Practice,2016-11-11T12:34:33Z
2016,REG,KC,10,00-0029567,QB,Nick Foles,Nick,Foles,,,,right Elbow,,Full Participation in Practice,2016-11-11T12:34:02Z
2016,REG,KC,10,00-0023436,QB,Alex Smith,Alex,Smith,,,,Head,Ear,Full Participation in Practice,2016-11-11T12:33:43Z
2016,REG,KC,10,00-0030414,RB,Spencer Ware,Spencer,Ware,,,,Concussion,,Full Participation in Practice,2016-11-11T12:33:43Z
2016,REG,KC,10,00-0029277,DE,Jaye Howard,Jaye,Howard,Hip,,Out,Hip,,Did Not Participate In Practice,2016-11-11T12:35:55Z
2016,REG,KC,10,00-0026995,WR,Jeremy Maclin,Jeremy,Maclin,Groin,,Out,Groin,,Did Not Participate In Practice,2016-11-11T12:36:33Z
2016,REG,KC,10,00-0028008,LB,Justin Houston,Justin,Houston,Knee,,Out,Knee,,Limited Participation in Practice,2016-11-11T12:36:07Z
2016,REG,KC,10,00-0032788,CB,D.J. White,D.J.,White,Hand,,Doubtful,Hand,,Limited Participation in Practice,2016-11-11T12:36:00Z
2016,REG,KC,10,00-0023449,LB,Derrick Johnson,Derrick,Johnson,Hamstring,,Questionable,Hamstring,,Limited Participation in Practice,2016-11-11T12:35:13Z
2016,REG,LA,10,00-0032685,WR,Nelson Spruce,Nelson,Spruce,Calf,,Out,Calf,,Did Not Participate In Practice,2016-11-11T12:39:25Z
2016,REG,LA,10,00-0031814,DE,Matt Longacre,Matt,Longacre,Hip,,Questionable,Hip,,Did Not Participate In Practice,2016-11-11T12:39:17Z
2016,REG,LA,10,00-0029630,DT,Michael Brockers,Michael,Brockers,Groin,,Questionable,Groin,,Full Participation in Practice,2016-11-11T12:39:17Z
2016,REG,LA,10,00-0032241,RB,Todd Gurley,Todd,Gurley,Thigh,,Questionable,Thigh,,Full Participation in Practice,2016-11-11T12:39:17Z
2016,REG,LA,10,00-0029690,CB,Trumaine Johnson,Trumaine,Johnson,Ankle,,Questionable,Ankle,,Full Participation in Practice,2016-11-11T12:39:17Z
2016,REG,LA,10,00-0031389,CB,Lamarcus Joyner,Lamarcus,Joyner,Back,,Questionable,Back,,Full Participation in Practice,2016-11-11T12:39:17Z
2016,REG,MIA,10,00-0033050,CB,Xavien Howard,Xavien,Howard,Knee,,Out,Knee,,Did Not Participate In Practice,2016-11-11T12:23:11Z
2016,REG,MIA,10,00-0028564,S,Isa Abdul-Quddus,Isa,Abdul-Quddus,Ankle,,Questionable,Ankle,,Full Participation in Practice,2016-11-11T12:22:55Z
2016,REG,MIA,10,00-0025512,T,Jermon Bushrod,Jermon,Bushrod,Shoulder,,Questionable,Shoulder,,Full Participation in Practice,2016-11-11T12:22:55Z
2016,REG,MIA,10,00-0033060,WR,Leonte Carroo,Leonte,Carroo,Knee,,Questionable,Knee,,Full Participation in Practice,2016-11-11T12:22:55Z
2016,REG,MIA,10,00-0028018,CB,Chris Culliver,Chris,Culliver,Knee,,Questionable,Knee,,Full Participation in Practice,2016-11-11T12:22:55Z
2016,REG,MIA,10,00-0029878,TE,MarQueis Gray,MarQueis,Gray,Ankle,,Questionable,Ankle,,Full Participation in Practice,2016-11-11T12:22:55Z
2016,REG,MIA,10,00-0030384,LB,Jelani Jenkins,Jelani,Jenkins,Hand,,Questionable,Hand,,Full Participation in Practice,2016-11-11T12:22:55Z
2016,REG,MIA,10,00-0030422,TE,Dion Sims,Dion,Sims,Concussion,,Questionable,Concussion,,Full Participation in Practice,2016-11-11T12:22:55Z
2016,REG,MIA,10,00-0030887,G,Anthony Steen,Anthony,Steen,Neck,,Questionable,Neck,,Full Participation in Practice,2016-11-11T12:22:55Z
2016,REG,MIA,10,00-0031382,WR,Jarvis Landry,Jarvis,Landry,Shoulder,,Questionable,Shoulder,,Limited Participation in Practice,2016-11-11T12:22:55Z
2016,REG,MIA,10,00-0030085,WR,Kenny Stills,Kenny,Stills,Calf,,Questionable,Calf,,Limited Participation in Practice,2016-11-11T12:22:55Z
2016,REG,MIN,10,00-0031256,LB,Anthony Barr,Anthony,Barr,,,,Ankle,,Full Participation in Practice,2016-11-11T11:25:36Z
2016,REG,MIN,10,00-0026762,G,Alex Boone,Alex,Boone,,,,Concussion,,Full Participation in Practice,2016-11-11T11:25:36Z
2016,REG,MIN,10,00-0029578,LB,Audie Cole,Audie,Cole,,,,Hand,,Full Participation in Practice,2016-11-11T11:25:36Z
2016,REG,MIN,10,00-0029683,RB,Ronnie Hillman,Ronnie,Hillman,,,,Heel,,Full Participation in Practice,2016-11-11T11:25:36Z
2016,REG,MIN,10,00-0031554,LB,Eric Kendricks,Eric,Kendricks,,,,Concussion,,Full Participation in Practice,2016-11-11T11:25:36Z
2016,REG,MIN,10,00-0031376,RB,Jerick McKinnon,Jerick,McKinnon,,,,Ankle,,Full Participation in Practice,2016-11-11T11:25:36Z
2016,REG,MIN,10,00-0027914,S,Andrew Sendejo,Andrew,Sendejo,,,,Ankle,,Full Participation in Practice,2016-11-11T11:25:36Z
2016,REG,MIN,10,00-0030574,DT,Sharrif Floyd,Sharrif,Floyd,Knee,,Out,Knee,,Did Not Participate In Practice,2016-11-11T11:26:36Z
2016,REG,MIN,10,00-0027547,CB,Marcus Sherels,Marcus,Sherels,Ankle,,Out,Ankle,,Did Not Participate In Practice,2016-11-11T11:26:26Z
2016,REG,MIN,10,00-0027885,DT,Linval Joseph,Linval,Joseph,Shoulder,,Questionable,Shoulder,,Limited Participation in Practice,2016-11-11T11:26:03Z
2016,REG,MIN,10,00-0030937,G,Zac Kerin,Zac,Kerin,Hand,,Questionable,Hand,,Limited Participation in Practice,2016-11-11T11:26:03Z
2016,REG,MIN,10,00-0026944,CB,Captain Munnerlyn,Captain,Munnerlyn,Ankle,,Questionable,Ankle,,Limited Participation in Practice,2016-11-11T11:26:03Z
2016,REG,MIN,10,00-0032951,WR,Laquon Treadwell,Laquon,Treadwell,Hamstring,,Questionable,Hamstring,,Limited Participation in Practice,2016-11-11T11:26:03Z
2016,REG,NE,10,00-0026142,DE,Chris Long,Chris,Long,,,,Not Injury Related,,Did Not Participate In Practice,2016-11-11T13:15:08Z
2016,REG,NE,10,00-0028237,WR,Chris Hogan,Chris,Hogan,Back,,Questionable,Back,,Did Not Participate In Practice,2016-11-11T13:15:12Z
2016,REG,NE,10,00-0026201,TE,Martellus Bennett,Martellus,Bennett,Ankle,,Questionable,Ankle,,Limited Participation in Practice,2016-11-11T13:15:12Z
2016,REG,NE,10,00-0025420,DT,Alan Branch,Alan,Branch,Back,,Questionable,Back,,Limited Participation in Practice,2016-11-11T13:15:12Z
2016,REG,NE,10,00-0027150,WR,Julian Edelman,Julian,Edelman,Foot,,Questionable,Foot,,Limited Participation in Practice,2016-11-11T13:15:12Z
2016,REG,NO,10,00-0024424,T,Zach Strief,Zach,Strief,,,,Not Injury Related,,Full Participation in Practice,2016-11-11T12:37:12Z
2016,REG,NO,10,00-0032102,LB,Stephone Anthony,Stephone,Anthony,Hamstring,,Out,Hamstring,,Did Not Participate In Practice,2016-11-11T12:37:38Z
2016,REG,NO,10,00-0030392,LB,Michael Mauti,Michael,Mauti,Illness,,Out,Illness,,Did Not Participate In Practice,2016-11-11T12:37:59Z
2016,REG,NO,10,00-0030067,T,Terron Armstead,Terron,Armstead,Knee,,Questionable,Knee,,Did Not Participate In Practice,2016-11-11T12:37:28Z
2016,REG,NO,10,00-0032804,RB,Daniel Lasco,Daniel,Lasco,Hamstring,,Questionable,Hamstring,,Did Not Participate In Practice,2016-11-11T12:38:17Z
2016,REG,NO,10,00-0026857,LB,Dannell Ellerbe,Dannell,Ellerbe,Quadricep,,Questionable,Quadricep,,Limited Participation in Practice,2016-11-11T12:37:28Z
2016,REG,NYG,10,00-0030586,QB,Ryan Nassib,Ryan,Nassib,,,,right Elbow,,Full Participation in Practice,2016-11-12T10:09:42Z
2016,REG,NYG,10,00-0030585,G,Justin Pugh,Justin,Pugh,Knee,,Out,Knee,,Did Not Participate In Practice,2016-11-12T10:10:48Z
2016,REG,NYG,10,00-0027265,WR,Victor Cruz,Victor,Cruz,Ankle,,Questionable,Ankle,,Did Not Participate In Practice,2016-11-12T10:10:37Z
2016,REG,NYG,10,00-0030776,DE,Kerry Wynn,Kerry,Wynn,Concussion,,Questionable,Concussion,,Full Participation in Practice,2016-11-12T10:10:26Z
2016,REG,NYG,10,00-0032637,S,Andrew Adams,Andrew,Adams,Shoulder,,Questionable,Shoulder,,Limited Participation in Practice,2016-11-12T10:10:26Z
2016,REG,NYG,10,00-0026832,LB,Jonathan Casillas,Jonathan,Casillas,Calf,,Questionable,Calf,,Limited Participation in Practice,2016-11-12T10:10:26Z
2016,REG,NYJ,10,00-0026184,RB,Matt Forte,Matt,Forte,,,,Knee,,Full Participation in Practice,2016-11-11T11:52:44Z
2016,REG,NYJ,10,00-0026290,T,Breno Giacomini,Breno,Giacomini,,,,Shoulder,,Full Participation in Practice,2016-11-11T11:53:15Z
2016,REG,NYJ,10,00-0033147,LB,Darron Lee,Darron,Lee,,,,Ankle,,Full Participation in Practice,2016-11-11T11:53:04Z
2016,REG,NYJ,10,00-0031733,CB,Nick Marshall,Nick,Marshall,,,,Illness,,Full Participation in Practice,2016-11-11T11:52:44Z
2016,REG,NYJ,10,00-0024334,WR,Brandon Marshall,Brandon,Marshall,,,,Foot,,Full Participation in Practice,2016-11-11T11:52:55Z
2016,REG,NYJ,10,00-0031031,T,Brent Qvale,Brent,Qvale,,,,Neck,,Full Participation in Practice,2016-11-11T11:52:44Z
2016,REG,NYJ,10,00-0031934,WR,Devin Smith,Devin,Smith,,,,Knee,,Full Participation in Practice,2016-11-11T11:52:44Z
2016,REG,NYJ,10,00-0027968,DE,Muhammad Wilkerson,Muhammad,Wilkerson,,,,Ankle,,Full Participation in Practice,2016-11-11T11:52:51Z
2016,REG,NYJ,10,00-0027978,LB,Bruce Carter,Bruce,Carter,Quadricep,,Out,Quadricep,,Did Not Participate In Practice,2016-11-11T11:53:23Z
2016,REG,NYJ,10,00-0026298,TE,Kellen Davis,Kellen,Davis,Elbow,,Out,Elbow,,Did Not Participate In Practice,2016-11-11T11:53:28Z
2016,REG,NYJ,10,00-0024244,C,Nick Mangold,Nick,Mangold,Ankle,,Out,Ankle,,Did Not Participate In Practice,2016-11-11T11:53:41Z
2016,REG,NYJ,10,00-0030160,LB,Josh Martin,Josh,Martin,Concussion,,Out,Concussion,,Did Not Participate In Practice,2016-11-11T11:53:55Z
2016,REG,NYJ,10,00-0031151,CB,Marcus Williams,Marcus,Williams,Ankle,,Out,Ankle,,Did Not Participate In Practice,2016-11-11T11:54:05Z
2016,REG,NYJ,10,00-0023682,QB,Ryan Fitzpatrick,Ryan,Fitzpatrick,Knee,,Questionable,Knee,,Limited Participation in Practice,2016-11-11T11:53:17Z
2016,REG,NYJ,10,00-0032420,T,Brandon Shell,Brandon,Shell,Shoulder,,Questionable,Shoulder,,Limited Participation in Practice,2016-11-11T11:53:17Z
2016,REG,NYJ,10,00-0028075,CB,Buster Skrine,Buster,Skrine,Knee,,Questionable,Knee,,Limited Participation in Practice,2016-11-11T11:53:17Z
2016,REG,PHI,10,00-0029679,G,Brandon Brooks,Brandon,Brooks,,,,Illness,,Did Not Participate In Practice,2016-11-11T12:15:24Z
2016,REG,PHI,10,00-0025506,G,Allen Barbre,Allen,Barbre,Hamstring,,Out,Hamstring,,Did Not Participate In Practice,2016-11-11T12:21:00Z
2016,REG,PHI,10,00-0031338,S,Terrence Brooks,Terrence,Brooks,Hamstring,,Out,Hamstring,,Did Not Participate In Practice,2016-11-11T12:21:05Z
2016,REG,PHI,10,00-0032437,LB,Kamu Grugier-Hill,Kamu,Grugier-Hill,Hamstring,,Doubtful,Hamstring,,Limited Participation in Practice,2016-11-11T12:21:15Z
2016,REG,PHI,10,00-0030710,TE,Trey Burton,Trey,Burton,Hamstring,,Questionable,Hamstring,,Full Participation in Practice,2016-11-11T12:20:25Z
2016,REG,PHI,10,00-0031179,DT,Taylor Hart,Taylor,Hart,Ankle,,Questionable,Ankle,,Full Participation in Practice,2016-11-11T12:20:25Z
2016,REG,PHI,10,00-0030507,DT,Bennie Logan,Bennie,Logan,Groin,,Questionable,Groin,,Full Participation in Practice,2016-11-11T12:20:25Z
2016,REG,PHI,10,00-0025549,TE,Brent Celek,Brent,Celek,Rib,,Questionable,Rib,,Limited Participation in Practice,2016-11-11T12:20:25Z
2016,REG,PHI,10,00-0026151,CB,Leodis McKelvin,Leodis,McKelvin,Hamstring,,Questionable,Hamstring,,Limited Participation in Practice,2016-11-11T12:20:25Z
2016,REG,PIT,10,00-0032166,WR,Sammie Coates,Sammie,Coates,,,,Finger,,Full Participation in Practice,2016-11-11T10:47:08Z
2016,REG,PIT,10,00-0027870,C,Maurkice Pouncey,Maurkice,Pouncey,,,,Thumb,,Full Participation in Practice,2016-11-11T10:47:22Z
2016,REG,PIT,10,00-0022924,QB,Ben Roethlisberger,Ben,Roethlisberger,,,,Knee,,Full Participation in Practice,2016-11-11T10:47:08Z
2016,REG,PIT,10,00-0030023,S,Jordan Dangerfield,Jordan,Dangerfield,Groin,,Out,Groin,,Did Not Participate In Practice,2016-11-11T10:49:38Z
2016,REG,PIT,10,00-0026983,WR,Darrius Heyward-Bey,Darrius,Heyward-Bey,Foot,,Out,Foot,,Did Not Participate In Practice,2016-11-11T10:49:42Z
2016,REG,PIT,10,00-0030460,WR,Markus Wheaton,Markus,Wheaton,Shoulder,,Out,Shoulder,,Did Not Participate In Practice,2016-11-11T10:49:47Z
2016,REG,PIT,10,00-0024242,RB,DeAngelo Williams,DeAngelo,Williams,Knee,,Out,Knee,,Did Not Participate In Practice,2016-11-11T10:49:53Z
2016,REG,SD,10,00-0031258,LB,Jeremiah Attaochu,Jeremiah,Attaochu,,,,Ankle,,Full Participation in Practice,2016-11-11T14:11:29Z
2016,REG,SD,10,00-0021547,TE,Antonio Gates,Antonio,Gates,,,,Knee,,Full Participation in Practice,2016-11-11T14:11:29Z
2016,REG,SD,10,00-0032896,P,Drew Kaser,Drew,Kaser,,,,Illness,,Full Participation in Practice,2016-11-11T14:13:07Z
2016,REG,SD,10,00-0026500,C,Matt Slauson,Matt,Slauson,,,,Biceps,,Full Participation in Practice,2016-11-11T14:11:29Z
2016,REG,SD,10,00-0030148,DT,Damion Square,Damion,Square,,,,Illness,,Full Participation in Practice,2016-11-11T14:11:29Z
2016,REG,SD,10,00-0032895,LB,Jatavis Brown,Jatavis,Brown,Knee,,Out,Knee,,Did Not Participate In Practice,2016-11-11T14:14:08Z
2016,REG,SD,10,00-0030691,WR,Jeremy Butler,Jeremy,Butler,Ankle,,Out,Ankle,,Did Not Participate In Practice,2016-11-11T14:14:21Z
2016,REG,SD,10,00-0032103,LB,Denzel Perryman,Denzel,Perryman,Hamstring,,Out,Hamstring,,Did Not Participate In Practice,2016-11-11T14:14:31Z
2016,REG,SD,10,00-0029269,WR,Travis Benjamin,Travis,Benjamin,Knee,,Doubtful,Knee,,Did Not Participate In Practice,2016-11-11T14:15:01Z
2016,REG,SD,10,00-0030312,S,Jahleel Addae,Jahleel,Addae,Collarbone,,Doubtful,Collarbone,,Limited Participation in Practice,2016-11-11T14:14:52Z
2016,REG,SD,10,00-0027984,G,Orlando Franklin,Orlando,Franklin,Concussion,,Questionable,Concussion,,Full Participation in Practice,2016-11-11T14:13:28Z
2016,REG,SD,10,00-0033090,TE,Hunter Henry,Hunter,Henry,Knee,,Questionable,Knee,,Full Participation in Practice,2016-11-11T14:13:28Z
2016,REG,SD,10,00-0032106,CB,Craig Mager,Craig,Mager,Concussion,,Questionable,Concussion,,Full Participation in Practice,2016-11-11T14:13:28Z
2016,REG,SD,10,00-0032160,WR,Tyrell Williams,Tyrell,Williams,Knee,,Questionable,Knee,,Limited Participation in Practice,2016-11-11T14:13:28Z
2016,REG,SEA,10,00-0028092,CB,Richard Sherman,Richard,Sherman,,,,Not Injury Related,,Did Not Participate In Practice,2016-11-11T14:26:48Z
2016,REG,SEA,10,00-0027733,S,Kam Chancellor,Kam,Chancellor,,,,Groin,,Full Participation in Practice,2016-11-11T14:26:04Z
2016,REG,SEA,10,00-0027696,TE,Jimmy Graham,Jimmy,Graham,,,,Knee,,Full Participation in Practice,2016-11-11T14:26:12Z
2016,REG,SEA,10,00-0031175,DE,Cassius Marsh,Cassius,Marsh,,,,Ankle,,Full Participation in Practice,2016-11-11T14:26:04Z
2016,REG,SEA,10,00-0029263,QB,Russell Wilson,Russell,Wilson,,,,Knee,,Full Participation in Practice,2016-11-11T14:26:04Z
2016,REG,SEA,10,00-0026618,DE,Michael Bennett,Michael,Bennett,Knee,,Out,Knee,,Did Not Participate In Practice,2016-11-11T12:54:36Z
2016,REG,SEA,10,00-0031897,RB,Thomas Rawls,Thomas,Rawls,Fibula,,Out,Fibula,,Full Participation in Practice,2016-11-11T12:54:53Z
2016,REG,SEA,10,00-0032465,CB,DeAndre Elliott,DeAndre,Elliott,Hamstring,,Questionable,Hamstring,,Full Participation in Practice,2016-11-11T12:55:36Z
2016,REG,SEA,10,00-0029091,T,Bradley Sowell,Bradley,Sowell,Knee,,Questionable,Knee,,Full Participation in Practice,2016-11-11T12:55:18Z
2016,REG,SEA,10,00-0030089,TE,Luke Willson,Luke,Willson,Knee,,Questionable,Knee,,Full Participation in Practice,2016-11-11T12:55:04Z
2016,REG,SEA,10,00-0030432,RB,Christine Michael,Christine,Michael,Hamstring,,Questionable,Hamstring,,Limited Participation in Practice,2016-11-11T14:27:11Z
2016,REG,SF,10,00-0027658,G,Zane Beadles,Zane,Beadles,,,,Ankle,Knee,Full Participation in Practice,2016-11-11T12:19:38Z
2016,REG,SF,10,00-0028292,LB,Nick Bellore,Nick,Bellore,,,,Shoulder,,Full Participation in Practice,2016-11-11T12:19:47Z
2016,REG,SF,10,00-0030088,DT,Quinton Dial,Quinton,Dial,,,,Knee,Neck,Full Participation in Practice,2016-11-11T12:19:54Z
2016,REG,SF,10,00-0026145,DT,Glenn Dorsey,Glenn,Dorsey,,,,Knee,,Full Participation in Practice,2016-11-11T12:20:00Z
2016,REG,SF,10,00-0028101,C,Daniel Kilgore,Daniel,Kilgore,,,,Hamstring,,Full Participation in Practice,2016-11-11T12:20:06Z
2016,REG,SF,10,00-0030548,S,Eric Reid,Eric,Reid,,,,Knee,,Full Participation in Practice,2016-11-11T12:20:13Z
2016,REG,SF,10,00-0030993,LB,Aaron Lynch,Aaron,Lynch,Ankle,,Out,Ankle,,Did Not Participate In Practice,2016-11-11T12:20:52Z
2016,REG,SF,10,00-0031045,RB,Carlos Hyde,Carlos,Hyde,Shoulder,,Questionable,Shoulder,,Limited Participation in Practice,2016-11-11T12:20:27Z
2016,REG,SF,10,00-0032410,CB,Rashard Robinson,Rashard,Robinson,Knee,,Questionable,Knee,,Limited Participation in Practice,2016-11-11T12:20:27Z
2016,REG,SF,10,00-0027996,WR,Torrey Smith,Torrey,Smith,Back,,Questionable,Back,,Limited Participation in Practice,2016-11-11T12:20:27Z
2016,REG,TB,10,00-0031408,WR,Mike Evans,Mike,Evans,,,,Concussion,,Full Participation in Practice,2016-11-11T11:29:23Z
2016,REG,TB,10,00-0031503,QB,Jameis Winston,Jameis,Winston,,,,Knee,,Full Participation in Practice,2016-11-11T11:29:23Z
2016,REG,TB,10,00-0031182,T,Kevin Pamphile,Kevin,Pamphile,Concussion,,Out,Concussion,,Did Not Participate In Practice,2016-11-11T11:29:42Z
2016,REG,TB,10,00-0028083,RB,Jacquizz Rodgers,Jacquizz,Rodgers,Foot,,Out,Foot,,Did Not Participate In Practice,2016-11-11T11:30:00Z
2016,REG,TB,10,00-0030147,WR,Russell Shepard,Russell,Shepard,Hip,,Out,Hip,,Did Not Participate In Practice,2016-11-11T11:30:11Z
2016,REG,TB,10,00-0027717,C,Joe Hawley,Joe,Hawley,Knee,,Doubtful,Knee,,Limited Participation in Practice,2016-11-11T11:29:53Z
2016,REG,TB,10,00-0029613,RB,Doug Martin,Doug,Martin,Hamstring,,Questionable,Hamstring,,Full Participation in Practice,2016-11-11T11:29:31Z
2016,REG,TB,10,00-0026964,DT,Clinton McDonald,Clinton,McDonald,Hamstring,,Questionable,Hamstring,,Full Participation in Practice,2016-11-11T11:29:31Z
2016,REG,TEN,10,00-0033057,T,Jack Conklin,Jack,Conklin,,,,Elbow,,Full Participation in Practice,2016-11-11T11:44:49Z
2016,REG,TEN,10,00-0032764,RB,Derrick Henry,Derrick,Henry,,,,Calf,,Full Participation in Practice,2016-11-11T11:44:54Z
2016,REG,TEN,10,00-0027067,S,Rashad Johnson,Rashad,Johnson,,,,Neck,,Full Participation in Practice,2016-11-11T11:44:43Z
2016,REG,TEN,10,00-0028009,RB,DeMarco Murray,DeMarco,Murray,,,,Toe,,Full Participation in Practice,2016-11-11T11:45:04Z
2016,REG,TEN,10,00-0032043,G,Quinton Spain,Quinton,Spain,,,,Knee,,Full Participation in Practice,2016-11-11T11:44:43Z
2016,REG,TEN,10,00-0024389,TE,Delanie Walker,Delanie,Walker,,,,Groin,,Full Participation in Practice,2016-11-11T11:44:43Z
2016,REG,TEN,10,00-0032799,LB,Aaron Wallace,Aaron,Wallace,Shoulder,,Questionable,Shoulder,,Full Participation in Practice,2016-11-11T11:45:11Z
2016,REG,WAS,10,00-0026512,DE,Chris Baker,Chris,Baker,,,,Toe,,Full Participation in Practice,2016-11-11T11:26:14Z
2016,REG,WAS,10,00-0032053,G,Brandon Scherff,Brandon,Scherff,,,,Shoulder,,Full Participation in Practice,2016-11-11T11:26:14Z
2016,REG,WAS,10,00-0026189,WR,DeSean Jackson,DeSean,Jackson,Shoulder,,Doubtful,Shoulder,,Did Not Participate In Practice,2016-11-11T11:26:26Z
2016,REG,WAS,10,00-0028942,S,Duke Ihenacho,Duke,Ihenacho,Concussion,,Questionable,Concussion,,Full Participation in Practice,2016-11-11T11:26:17Z
2016,REG,WAS,10,00-0024330,S,Will Blackmon,Will,Blackmon,Thumb,,Questionable,Thumb,,Limited Participation in Practice,2016-11-11T11:26:17Z
2016,REG,WAS,10,00-0031330,T,Morgan Moses,Morgan,Moses,Ankle,,Questionable,Ankle,,Limited Participation in Practice,2016-11-11T11:26:17Z
2016,REG,ARI,11,00-0029770,LB,Joplo Bartu,Joplo,Bartu,,,,Hamstring,,Full Participation in Practice,2016-11-18T12:41:37Z
2016,REG,ARI,11,00-0029530,CB,Justin Bethel,Justin,Bethel,,,,Foot,Wrist,Full Participation in Practice,2016-11-18T12:41:37Z
2016,REG,ARI,11,00-0022921,WR,Larry Fitzgerald,Larry,Fitzgerald,,,,Knee,Ankle,Full Participation in Practice,2016-11-18T12:41:37Z
2016,REG,ARI,11,00-0029585,LB,Chandler Jones,Chandler,Jones,,,,Not Injury Related,,Full Participation in Practice,2016-11-18T12:41:37Z
2016,REG,ARI,11,00-0030503,LB,Alex Okafor,Alex,Okafor,,,,Knee,Calf,Full Participation in Practice,2016-11-18T12:42:12Z
2016,REG,ARI,11,00-0021429,QB,Carson Palmer,Carson,Palmer,,,,Not Injury Related,,Full Participation in Practice,2016-11-18T12:41:37Z
2016,REG,ARI,11,00-0032769,CB,Brandon Williams,Brandon,Williams,,,,Finger,,Full Participation in Practice,2016-11-18T12:41:37Z
2016,REG,ARI,11,00-0031707,LB,Gabe Martin,Gabe,Martin,,,,Hamstring,Knee,Limited Participation in Practice,2016-11-17T13:17:56Z
2016,REG,ARI,11,00-0027686,DT,Corey Peters,Corey,Peters,Foot,,Doubtful,Foot,,Did Not Participate In Practice,2016-11-18T12:43:20Z
2016,REG,ARI,11,00-0031366,S,Deone Bucannon,Deone,Bucannon,Ankle,,Questionable,Ankle,,Limited Participation in Practice,2016-11-18T12:42:49Z
2016,REG,ARI,11,00-0030459,S,Tyrann Mathieu,Tyrann,Mathieu,Shoulder,,Questionable,Shoulder,,Limited Participation in Practice,2016-11-18T12:42:49Z
2016,REG,ARI,11,00-0030487,CB,Tharold Simon,Tharold,Simon,Ankle,,Questionable,Ankle,,Limited Participation in Practice,2016-11-18T12:42:49Z
2016,REG,BAL,11,00-0022161,LB,Terrell Suggs,Terrell,Suggs,,,,Not Injury Related,,Did Not Participate In Practice,2016-11-17T12:44:29Z
2016,REG,BAL,11,00-0026223,C,Jeremy Zuttah,Jeremy,Zuttah,,,,Not Injury Related,,Did Not Participate In Practice,2016-11-17T12:44:40Z
2016,REG,BAL,11,00-0030992,TE,Crockett Gillmore,Crockett,Gillmore,Thigh,,Out,Thigh,,Did Not Participate In Practice,2016-11-18T11:47:54Z
2016,REG,BAL,11,00-0032407,T,Alex Lewis,Alex,Lewis,Ankle,,Out,Ankle,,Did Not Participate In Practice,2016-11-18T11:48:01Z
2016,REG,BAL,11,00-0031066,RB,Lorenzo Taliaferro,Lorenzo,Taliaferro,Thigh,,Doubtful,Thigh,,Did Not Participate In Practice,2016-11-18T11:48:18Z
2016,REG,BAL,11,00-0024341,LB,Elvis Dumervil,Elvis,Dumervil,Foot,,Doubtful,Foot,,Limited Participation in Practice,2016-11-18T11:48:55Z
2016,REG,BAL,11,00-0027965,CB,Jimmy Smith,Jimmy,Smith,Back,,Doubtful,Back,,Limited Participation in Practice,2016-11-18T11:48:26Z
2016,REG,BAL,11,00-0031170,DT,Timmy Jernigan,Timmy,Jernigan,Shoulder,,Questionable,Shoulder,,Did Not Participate In Practice,2016-11-18T11:47:34Z
2016,REG,BAL,11,00-0032386,LB,Kamalei Correa,Kamalei,Correa,Thigh,,Questionable,Thigh,,Full Participation in Practice,2016-11-18T11:47:34Z
2016,REG,BAL,11,00-0031296,LB,C.J. Mosley,C.J.,Mosley,Thigh,,Questionable,Thigh,,Full Participation in Practice,2016-11-18T11:47:34Z
2016,REG,BAL,11,00-0028027,CB,Shareece Wright,Shareece,Wright,Thigh,,Questionable,Thigh,,Full Participation in Practice,2016-11-18T11:47:34Z
2016,REG,BAL,11,00-0025473,G,Marshal Yanda,Marshal,Yanda,Shoulder,,Questionable,Shoulder,,Full Participation in Practice,2016-11-18T11:47:34Z
2016,REG,BUF,11,00-0033098,QB,Cardale Jones,Cardale,Jones,,,,Illness,,Did Not Participate In Practice,2016-11-17T11:52:48Z
2016,REG,BUF,11,00-0027057,WR,Brandon Tate,Brandon,Tate,,,,Concussion,,Full Participation in Practice,2016-11-18T09:46:40Z
2016,REG,BUF,11,00-0028707,DT,Corbin Bryant,Corbin,Bryant,Shoulder,,Out,Shoulder,,Did Not Participate In Practice,2016-11-18T09:47:12Z
2016,REG,BUF,11,00-0027941,DT,Marcell Dareus,Marcell,Dareus,Groin,,Questionable,Groin,,Limited Participation in Practice,2016-11-18T09:47:04Z
2016,REG,BUF,11,00-0027881,LB,Jerry Hughes,Jerry,Hughes,Hand,,Questionable,Hand,,Limited Participation in Practice,2016-11-18T09:47:04Z
2016,REG,BUF,11,00-0030521,WR,Justin Hunter,Justin,Hunter,Groin,,Questionable,Groin,,Limited Participation in Practice,2016-11-18T09:47:04Z
2016,REG,BUF,11,00-0031268,WR,Walter Powell,Walter,Powell,Hip,,Questionable,Hip,,Limited Participation in Practice,2016-11-18T09:47:04Z
2016,REG,BUF,11,00-0030431,WR,Robert Woods,Robert,Woods,Foot,,Questionable,Foot,,Limited Participation in Practice,2016-11-18T09:47:04Z
2016,REG,CAR,11,00-0027675,TE,Ed Dickson,Ed,Dickson,,,,Calf,,Full Participation in Practice,2016-11-16T11:04:37Z
2016,REG,CAR,11,00-0026153,RB,Jonathan Stewart,Jonathan,Stewart,,,,Not Injury Related,,Full Participation in Practice,2016-11-16T11:04:49Z
2016,REG,CAR,11,00-0031550,LB,Shaq Thompson,Shaq,Thompson,,,,Knee,,Full Participation in Practice,2016-11-16T11:04:37Z
2016,REG,CAR,11,00-0030463,LB,A.J. Klein,A.J.,Klein,Concussion,,Out,Concussion,,Did Not Participate In Practice,2016-11-16T11:08:19Z
2016,REG,CAR,11,00-0026999,T,Michael Oher,Michael,Oher,Concussion,,Out,Concussion,,Did Not Participate In Practice,2016-11-16T11:08:25Z
2016,REG,CAR,11,00-0028128,S,Colin Jones,Colin,Jones,Concussion,,Out,Concussion,,Full Participation in Practice,2016-11-16T11:05:38Z
2016,REG,CAR,11,00-0029268,C,Gino Gradkowski,Gino,Gradkowski,Knee,,Questionable,Knee,,Did Not Participate In Practice,2016-11-16T11:05:30Z
2016,REG,CAR,11,00-0025446,C,Ryan Kalil,Ryan,Kalil,Shoulder,,Questionable,Shoulder,,Full Participation in Practice,2016-11-16T11:05:30Z
2016,REG,CHI,11,00-0029202,T,Mike Adams,Mike,Adams,,,,Illness,,Full Participation in Practice,2016-11-18T11:07:21Z
2016,REG,CHI,11,00-0032776,CB,Deiondre' Hall,Deiondre',Hall,Ankle,,Doubtful,Ankle,,Did Not Participate In Practice,2016-11-18T11:07:44Z
2016,REG,CHI,11,00-0029528,T,Bobby Massie,Bobby,Massie,Concussion,,Doubtful,Concussion,,Did Not Participate In Practice,2016-11-18T11:07:53Z
2016,REG,CHI,11,00-0027573,DE,Mitch Unrein,Mitch,Unrein,Back,,Doubtful,Back,,Did Not Participate In Practice,2016-11-18T11:08:00Z
2016,REG,CHI,11,00-0031904,CB,Bryce Callahan,Bryce,Callahan,Hamstring,,Questionable,Hamstring,,Limited Participation in Practice,2016-11-18T11:07:33Z
2016,REG,CHI,11,00-0031551,DT,Eddie Goldman,Eddie,Goldman,Ankle,,Questionable,Ankle,,Limited Participation in Practice,2016-11-18T11:07:33Z
2016,REG,CHI,11,00-0028103,LB,Pernell McPhee,Pernell,McPhee,Knee,,Questionable,Knee,,Limited Participation in Practice,2016-11-18T11:07:33Z
2016,REG,CHI,11,00-0026180,CB,Tracy Porter,Tracy,Porter,Knee,,Questionable,Knee,,Limited Participation in Practice,2016-11-18T11:07:33Z
2016,REG,CHI,11,00-0026182,WR,Eddie Royal,Eddie,Royal,Toe,,Questionable,Toe,,Limited Participation in Practice,2016-11-18T11:07:33Z
2016,REG,CHI,11,00-0026275,G,Josh Sitton,Josh,Sitton,Ankle,,Questionable,Ankle,,Limited Participation in Practice,2016-11-18T11:07:33Z
2016,REG,CHI,11,00-0030047,WR,Marquess Wilson,Marquess,Wilson,Foot,,Questionable,Foot,,Limited Participation in Practice,2016-11-18T11:07:33Z
2016,REG,CHI,11,00-0027808,LB,Willie Young,Willie,Young,Ankle,,Questionable,Ankle,,Limited Participation in Practice,2016-11-18T11:07:33Z
2016,REG,CIN,11,00-0028039,G,Clint Boling,Clint,Boling,,,,Shoulder,,Full Participation in Practice,2016-11-18T09:24:29Z
2016,REG,CIN,11,00-0027973,QB,Andy Dalton,Andy,Dalton,,,,right Shoulder,,Full Participation in Practice,2016-11-18T09:24:29Z
2016,REG,CIN,11,00-0030549,TE,Tyler Eifert,Tyler,Eifert,,,,Knee,,Full Participation in Practice,2016-11-18T09:24:29Z
2016,REG,CIN,11,00-0029215,S,George Iloka,George,Iloka,,,,Shin,,Full Participation in Practice,2016-11-18T09:24:29Z
2016,REG,CIN,11,00-0027044,DE,Michael Johnson,Michael,Johnson,,,,Calf,,Full Participation in Practice,2016-11-18T09:24:29Z
2016,REG,CIN,11,00-0027681,WR,Brandon LaFell,Brandon,LaFell,,,,Knee,,Full Participation in Practice,2016-11-18T09:24:29Z
2016,REG,CIN,11,00-0027014,LB,Rey Maualuga,Rey,Maualuga,,,,Fibula,,Full Participation in Practice,2016-11-18T09:24:29Z
2016,REG,CIN,11,00-0031291,WR,James Wright,James,Wright,,,,Hamstring,,Full Participation in Practice,2016-11-18T09:24:29Z
2016,REG,CIN,11,00-0032134,TE,C.J. Uzomah,C.J.,Uzomah,Calf,,Doubtful,Calf,,Did Not Participate In Practice,2016-11-18T09:24:50Z
2016,REG,CIN,11,00-0026105,DE,Wallace Gilberry,Wallace,Gilberry,Calf,,Questionable,Calf,,Full Participation in Practice,2016-11-18T09:25:06Z
2016,REG,CLE,11,00-0027860,CB,Joe Haden,Joe,Haden,,,,Groin,,Full Participation in Practice,2016-11-18T10:34:35Z
2016,REG,CLE,11,00-0027918,WR,Andrew Hawkins,Andrew,Hawkins,,,,Finger,,Full Participation in Practice,2016-11-18T10:34:26Z
2016,REG,CLE,11,00-0032143,DT,Danny Shelton,Danny,Shelton,,,,Wrist,,Full Participation in Practice,2016-11-18T10:34:26Z
2016,REG,CLE,11,00-0030484,CB,Jamar Taylor,Jamar,Taylor,,,,Groin,,Full Participation in Practice,2016-11-18T10:34:44Z
2016,REG,CLE,11,00-0031533,TE,Randall Telfer,Randall,Telfer,,,,Thumb,,Full Participation in Practice,2016-11-18T10:34:26Z
2016,REG,CLE,11,00-0025390,T,Joe Thomas,Joe,Thomas,,,,Knee,,Full Participation in Practice,2016-11-18T10:34:54Z
2016,REG,CLE,11,00-0024061,CB,Tramon Williams,Tramon,Williams,Knee,,Questionable,Knee,,Did Not Participate In Practice,2016-11-18T10:35:35Z
2016,REG,DAL,11,00-0027416,S,Barry Church,Barry,Church,Forearm,,Out,Forearm,,Did Not Participate In Practice,2016-11-18T11:38:38Z
2016,REG,DAL,11,00-0029676,CB,Morris Claiborne,Morris,Claiborne,Groin,,Out,Groin,,Did Not Participate In Practice,2016-11-18T11:38:47Z
2016,REG,DAL,11,00-0021678,QB,Tony Romo,Tony,Romo,Back,,Questionable,Back,,Full Participation in Practice,2016-11-18T11:38:26Z
2016,REG,DAL,11,00-0027902,WR,Dez Bryant,Dez,Bryant,Back,,Questionable,Back,,Limited Participation in Practice,2016-11-18T11:38:26Z
2016,REG,DAL,11,00-0032204,T,Chaz Green,Chaz,Green,Foot,Back,Questionable,Foot,Back,Limited Participation in Practice,2016-11-18T11:38:26Z
2016,REG,DAL,11,00-0031411,DE,Demarcus Lawrence,Demarcus,Lawrence,Back,,Questionable,Back,,Limited Participation in Practice,2016-11-18T11:38:26Z
2016,REG,DAL,11,00-0027947,T,Tyron Smith,Tyron,Smith,Back,Hip,Questionable,Back,Hip,Limited Participation in Practice,2016-11-18T11:38:26Z
2016,REG,DET,11,00-0032552,CB,Adairius Barnes,Adairius,Barnes,,,,Illness,,Full Participation in Practice,2016-11-18T13:01:17Z
2016,REG,DET,11,00-0029672,T,Riley Reiff,Riley,Reiff,,,,Illness,,Full Participation in Practice,2016-11-18T13:01:17Z
2016,REG,DET,11,00-0030062,CB,Darius Slay,Darius,Slay,,,,Hamstring,,Full Participation in Practice,2016-11-18T13:01:17Z
2016,REG,DET,11,00-0027050,LB,DeAndre Levy,DeAndre,Levy,Knee,,Doubtful,Knee,,Limited Participation in Practice,2016-11-18T13:01:38Z
2016,REG,DET,11,00-0030059,DE,Ezekiel Ansah,Ezekiel,Ansah,Ankle,,Questionable,Ankle,,Limited Participation in Practice,2016-11-18T13:01:21Z
2016,REG,DET,11,00-0030107,RB,Theo Riddick,Theo,Riddick,Ankle,,Questionable,Ankle,,Limited Participation in Practice,2016-11-18T13:01:21Z
2016,REG,GB,11,00-0030090,S,Micah Hyde,Micah,Hyde,,,,Shoulder,,Full Participation in Practice,2016-11-18T12:54:43Z
2016,REG,GB,11,00-0032200,WR,Ty Montgomery,Ty,Montgomery,,,,Illness,,Full Participation in Practice,2016-11-18T12:54:43Z
2016,REG,GB,11,00-0030074,T,David Bakhtiari,David,Bakhtiari,,,,Knee,,Limited Participation in Practice,2016-11-18T12:54:43Z
2016,REG,GB,11,00-0028002,WR,Randall Cobb,Randall,Cobb,,,,Hamstring,,Limited Participation in Practice,2016-11-18T12:54:43Z
2016,REG,GB,11,00-0031937,CB,Quinten Rollins,Quinten,Rollins,,,,Groin,,Limited Participation in Practice,2016-11-18T12:54:43Z
2016,REG,GB,11,00-0027078,G,T.J. Lang,T.J.,Lang,Foot,,Out,Foot,,Did Not Participate In Practice,2016-11-18T12:55:11Z
2016,REG,GB,11,00-0032251,CB,Damarious Randall,Damarious,Randall,Groin,,Out,Groin,,Did Not Participate In Practice,2016-11-18T12:55:27Z
2016,REG,GB,11,00-0031578,LB,Jake Ryan,Jake,Ryan,Ankle,,Out,Ankle,,Did Not Participate In Practice,2016-11-18T12:55:40Z
2016,REG,GB,11,00-0030076,C,J.C. Tretter,J.C.,Tretter,Knee,,Out,Knee,,Did Not Participate In Practice,2016-11-18T12:55:45Z
2016,REG,GB,11,00-0027061,TE,Jared Cook,Jared,Cook,Ankle,,Questionable,Ankle,,Full Participation in Practice,2016-11-18T12:54:46Z
2016,REG,GB,11,00-0027002,LB,Clay Matthews,Clay,Matthews,Hamstring,,Questionable,Hamstring,,Limited Participation in Practice,2016-11-18T12:54:46Z
2016,REG,HOU,11,00-0030083,G,Oday Aboushi,Oday,Aboushi,,,,Shoulder,,Full Participation in Practice,2016-11-19T11:40:27Z
2016,REG,HOU,11,00-0030228,CB,A.J. Bouye,A.J.,Bouye,,,,Ankle,,Full Participation in Practice,2016-11-19T11:40:27Z
2016,REG,HOU,11,00-0026166,T,Duane Brown,Duane,Brown,,,,Knee,,Full Participation in Practice,2016-11-19T11:40:34Z
2016,REG,HOU,11,00-0025900,T,Chris Clark,Chris,Clark,,,,Hip,,Full Participation in Practice,2016-11-19T11:40:38Z
2016,REG,HOU,11,00-0031302,TE,C.J. Fiedorowicz,C.J.,Fiedorowicz,,,,Neck,,Full Participation in Practice,2016-11-19T11:40:27Z
2016,REG,HOU,11,00-0031491,LB,Brian Peters,Brian,Peters,,,,Quadricep,,Full Participation in Practice,2016-11-19T11:40:27Z
2016,REG,HOU,11,00-0029520,S,Eddie Pleasant,Eddie,Pleasant,,,,Neck,,Full Participation in Practice,2016-11-19T11:40:27Z
2016,REG,HOU,11,00-0030442,LB,John Simon,John,Simon,,,,Shoulder,,Full Participation in Practice,2016-11-19T11:40:27Z
2016,REG,HOU,11,00-0031410,G,Xavier Su'a-Filo,Xavier,Su'a-Filo,,,,Finger,,Full Participation in Practice,2016-11-19T11:40:27Z
2016,REG,HOU,11,00-0031364,DE,Jadeveon Clowney,Jadeveon,Clowney,,,,Wrist,,Limited Participation in Practice,2016-11-19T11:40:27Z
2016,REG,HOU,11,00-0029615,RB,Lamar Miller,Lamar,Miller,,,,Ankle,,Limited Participation in Practice,2016-11-19T11:40:27Z
2016,REG,HOU,11,00-0031075,RB,Alfred Blue,Alfred,Blue,Calf,,Out,Calf,,Did Not Participate In Practice,2016-11-19T11:41:16Z
2016,REG,HOU,11,00-0029510,RB,Jonathan Grimes,Jonathan,Grimes,Illness,,Out,Illness,,Did Not Participate In Practice,2016-11-19T11:41:23Z
2016,REG,HOU,11,00-0031560,WR,Jaelen Strong,Jaelen,Strong,Ankle,,Out,Ankle,,Did Not Participate In Practice,2016-11-19T11:41:28Z
2016,REG,HOU,11,00-0031085,RB,Jay Prosch,Jay,Prosch,Hamstring,,Questionable,Hamstring,,Full Participation in Practice,2016-11-19T11:41:07Z
2016,REG,HOU,11,00-0033127,WR,Will Fuller,Will,Fuller,Knee,,Questionable,Knee,,Limited Participation in Practice,2016-11-19T11:41:07Z
2016,REG,HOU,11,00-0022712,DT,Vince Wilfork,Vince,Wilfork,Groin,,Questionable,Groin,,Limited Participation in Practice,2016-11-19T11:41:07Z
2016,REG,IND,11,00-0026307,LB,Erik Walden,Erik,Walden,,,,Not Injury Related,,Did Not Participate In Practice,2016-11-18T12:43:41Z
2016,REG,IND,11,00-0022247,S,Mike Adams,Mike,Adams,,,,Groin,,Full Participation in Practice,2016-11-18T12:33:59Z
2016,REG,IND,11,00-0032269,DT,Henry Anderson,Henry,Anderson,,,,Knee,,Full Participation in Practice,2016-11-18T12:33:59Z
2016,REG,IND,11,00-0028100,LB,Chris Carter,Chris,Carter,,,,Hamstring,,Full Participation in Practice,2016-11-18T12:33:59Z
2016,REG,IND,11,00-0027001,CB,Vontae Davis,Vontae,Davis,,,,Not Injury Related,,Full Participation in Practice,2016-11-18T12:33:59Z
2016,REG,IND,11,00-0031632,T,Denzelle Good,Denzelle,Good,,,,Illness,,Full Participation in Practice,2016-11-18T12:33:59Z
2016,REG,IND,11,00-0023500,RB,Frank Gore,Frank,Gore,,,,Not Injury Related,,Full Participation in Practice,2016-11-18T12:33:59Z
2016,REG,IND,11,00-0024249,LB,D'Qwell Jackson,D'Qwell,Jackson,,,,Not Injury Related,,Full Participation in Practice,2016-11-18T12:35:58Z
2016,REG,IND,11,00-0029668,QB,Andrew Luck,Andrew,Luck,,,,Right Shoulder,,Full Participation in Practice,2016-11-18T12:36:31Z
2016,REG,IND,11,00-0022059,LB,Robert Mathis,Robert,Mathis,,,,Not Injury Related,,Full Participation in Practice,2016-11-18T12:33:59Z
2016,REG,IND,11,00-0031046,G,Jack Mewhort,Jack,Mewhort,,,,Tricep,,Full Participation in Practice,2016-11-18T12:33:59Z
2016,REG,IND,11,00-0026408,T,Joe Reitz,Joe,Reitz,,,,Concussion,,Full Participation in Practice,2016-11-18T12:33:59Z
2016,REG,IND,11,00-0026206,DE,Kendall Langford,Kendall,Langford,Knee,,Out,Knee,,Did Not Participate In Practice,2016-11-18T12:44:44Z
2016,REG,IND,11,00-0027882,CB,Patrick Robinson,Patrick,Robinson,Groin,,Doubtful,Groin,,Did Not Participate In Practice,2016-11-18T12:44:54Z
2016,REG,IND,11,00-0027756,DT,Arthur Jones,Arthur,Jones,Illness,,Questionable,Illness,,Did Not Participate In Practice,2016-11-18T12:44:30Z
2016,REG,JAX,11,00-0029316,T,Kelvin Beachum,Kelvin,Beachum,,,,Knee,,Full Participation in Practice,2016-11-18T08:29:05Z
2016,REG,JAX,11,00-0032052,DE,Dante Fowler,Dante,Fowler,,,,Shoulder,,Full Participation in Practice,2016-11-18T08:28:56Z
2016,REG,JAX,11,00-0031309,LB,Telvin Smith,Telvin,Smith,,,,Not Injury Related,,Full Participation in Practice,2016-11-18T08:29:16Z
2016,REG,JAX,11,00-0031264,DE,Chris Smith,Chris,Smith,Eye,,Out,Eye,,Did Not Participate In Practice,2016-11-18T08:30:25Z
2016,REG,JAX,11,00-0026725,LB,Dan Skuta,Dan,Skuta,Back,,Questionable,Back,,Did Not Participate In Practice,2016-11-18T08:29:54Z
2016,REG,JAX,11,00-0032120,TE,Neal Sterling,Neal,Sterling,Foot,,Questionable,Foot,,Limited Participation in Practice,2016-11-18T08:29:54Z
2016,REG,JAX,11,00-0027595,WR,Bryan Walters,Bryan,Walters,Concussion,,Questionable,Concussion,,Limited Participation in Practice,2016-11-18T08:29:54Z
2016,REG,KC,11,00-0031950,LB,D.J. Alexander,D.J.,Alexander,,,,Neck,,Full Participation in Practice,2016-11-18T12:56:19Z
2016,REG,KC,11,00-0032788,CB,D.J. White,D.J.,White,,,,Hand,,Full Participation in Practice,2016-11-18T12:56:19Z
2016,REG,KC,11,00-0024235,LB,Tamba Hali,Tamba,Hali,,,,Knee,,Limited Participation in Practice,2016-11-18T12:57:44Z
2016,REG,KC,11,00-0026995,WR,Jeremy Maclin,Jeremy,Maclin,Groin,,Out,Groin,,Did Not Participate In Practice,2016-11-18T12:59:28Z
2016,REG,KC,11,00-0029277,DE,Jaye Howard,Jaye,Howard,Hip,,Doubtful,Hip,,Did Not Participate In Practice,2016-11-18T12:59:18Z
2016,REG,KC,11,00-0032165,CB,Marcus Peters,Marcus,Peters,Hip,,Questionable,Hip,,Did Not Participate In Practice,2016-11-18T12:59:02Z
2016,REG,KC,11,00-0029688,DT,Dontari Poe,Dontari,Poe,Knee,,Questionable,Knee,,Did Not Participate In Practice,2016-11-18T12:59:02Z
2016,REG,KC,11,00-0030615,LS,James Winchester,James,Winchester,Not Injury Related,,Questionable,Not Injury Related,,Did Not Participate In Practice,2016-11-18T12:59:02Z
2016,REG,KC,11,00-0031015,CB,Phillip Gaines,Phillip,Gaines,Neck,,Questionable,Neck,,Limited Participation in Practice,2016-11-18T12:59:02Z
2016,REG,KC,11,00-0028008,LB,Justin Houston,Justin,Houston,Knee,,Questionable,Knee,,Limited Participation in Practice,2016-11-18T12:59:02Z
2016,REG,KC,11,00-0023449,LB,Derrick Johnson,Derrick,Johnson,Hamstring,,Questionable,Hamstring,,Limited Participation in Practice,2016-11-18T12:59:02Z
2016,REG,LA,11,00-0029690,CB,Trumaine Johnson,Trumaine,Johnson,,,,Illness,,Did Not Participate In Practice,2016-11-18T13:25:44Z
2016,REG,LA,11,00-0032685,WR,Nelson Spruce,Nelson,Spruce,,,,Calf,,Did Not Participate In Practice,2016-11-17T14:54:26Z
2016,REG,LA,11,00-0028274,C,Tim Barnes,Tim,Barnes,Foot,,Questionable,Foot,,Did Not Participate In Practice,2016-11-18T13:35:11Z
2016,REG,LA,11,00-0031389,CB,Lamarcus Joyner,Lamarcus,Joyner,Ankle,,Questionable,Ankle,,Full Participation in Practice,2016-11-18T13:35:11Z
2016,REG,LA,11,00-0027952,DE,Robert Quinn,Robert,Quinn,Illness,,Questionable,Illness,,Full Participation in Practice,2016-11-18T13:35:11Z
2016,REG,LA,11,00-0027787,DE,Eugene Sims,Eugene,Sims,Concussion,,Questionable,Concussion,,Full Participation in Practice,2016-11-18T13:35:11Z
2016,REG,LA,11,00-0032241,RB,Todd Gurley,Todd,Gurley,Thigh,,Questionable,Thigh,,Limited Participation in Practice,2016-11-18T13:35:11Z
2016,REG,MIA,11,00-0026155,T,Branden Albert,Branden,Albert,Wrist,,Out,Wrist,,Did Not Participate In Practice,2016-11-18T12:32:51Z
2016,REG,MIA,11,00-0033050,CB,Xavien Howard,Xavien,Howard,Knee,,Out,Knee,,Did Not Participate In Practice,2016-11-18T12:33:06Z
2016,REG,MIA,11,00-0027953,C,Mike Pouncey,Mike,Pouncey,Hip,,Doubtful,Hip,,Did Not Participate In Practice,2016-11-18T12:33:44Z
2016,REG,MIA,11,00-0030384,LB,Jelani Jenkins,Jelani,Jenkins,Knee,Hand,Doubtful,Knee,Hand,Limited Participation in Practice,2016-11-18T12:33:23Z
2016,REG,MIA,11,00-0028564,S,Isa Abdul-Quddus,Isa,Abdul-Quddus,Ankle,,Questionable,Ankle,,Full Participation in Practice,2016-11-18T12:32:33Z
2016,REG,MIA,11,00-0025512,T,Jermon Bushrod,Jermon,Bushrod,Shoulder,,Questionable,Shoulder,,Full Participation in Practice,2016-11-18T12:32:33Z
2016,REG,MIA,11,00-0031719,LB,Mike Hull,Mike,Hull,Knee,,Questionable,Knee,,Full Participation in Practice,2016-11-18T12:32:33Z
2016,REG,MIA,11,00-0031382,WR,Jarvis Landry,Jarvis,Landry,Shoulder,,Questionable,Shoulder,,Full Participation in Practice,2016-11-18T12:32:33Z
2016,REG,MIA,11,00-0030887,G,Anthony Steen,Anthony,Steen,Neck,,Questionable,Neck,,Full Participation in Practice,2016-11-18T12:32:33Z
2016,REG,MIA,11,00-0030085,WR,Kenny Stills,Kenny,Stills,Calf,,Questionable,Calf,,Full Participation in Practice,2016-11-18T12:32:33Z
2016,REG,MIA,11,00-0026194,DE,Jason Jones,Jason,Jones,Knee,,Questionable,Knee,,Limited Participation in Practice,2016-11-18T12:32:33Z
2016,REG,MIA,11,00-0023750,DE,Mario Williams,Mario,Williams,Ankle,,Questionable,Ankle,,Limited Participation in Practice,2016-11-18T12:32:33Z
2016,REG,MIN,11,00-0032389,CB,Mackensie Alexander,Mackensie,Alexander,,,,Shoulder,,Full Participation in Practice,2016-11-18T11:43:50Z
2016,REG,MIN,11,00-0028198,RB,Matt Asiata,Matt,Asiata,,,,Shoulder,,Full Participation in Practice,2016-11-18T11:43:50Z
2016,REG,MIN,11,00-0029578,LB,Audie Cole,Audie,Cole,,,,Hand,,Full Participation in Practice,2016-11-18T11:43:50Z
2016,REG,MIN,11,00-0027885,DT,Linval Joseph,Linval,Joseph,,,,Shoulder,,Full Participation in Practice,2016-11-18T11:43:50Z
2016,REG,MIN,11,00-0022045,CB,Terence Newman,Terence,Newman,,,,Illness,,Full Participation in Practice,2016-11-18T11:44:23Z
2016,REG,MIN,11,00-0030575,CB,Xavier Rhodes,Xavier,Rhodes,,,,Concussion,,Full Participation in Practice,2016-11-18T11:44:33Z
2016,REG,MIN,11,00-0027914,S,Andrew Sendejo,Andrew,Sendejo,,,,Ankle,,Full Participation in Practice,2016-11-18T11:43:50Z
2016,REG,MIN,11,00-0032951,WR,Laquon Treadwell,Laquon,Treadwell,,,,Hamstring,,Full Participation in Practice,2016-11-18T11:43:50Z
2016,REG,MIN,11,00-0030937,G,Zac Kerin,Zac,Kerin,,,,Hand,,Limited Participation in Practice,2016-11-18T11:43:50Z
2016,REG,MIN,11,00-0030574,DT,Sharrif Floyd,Sharrif,Floyd,Knee,,Out,Knee,,Did Not Participate In Practice,2016-11-18T11:45:12Z
2016,REG,MIN,11,00-0031554,LB,Eric Kendricks,Eric,Kendricks,Hip,,Questionable,Hip,,Full Participation in Practice,2016-11-18T11:44:59Z
2016,REG,MIN,11,00-0026944,CB,Captain Munnerlyn,Captain,Munnerlyn,Ankle,,Questionable,Ankle,,Full Participation in Practice,2016-11-18T11:44:59Z
2016,REG,MIN,11,00-0027547,CB,Marcus Sherels,Marcus,Sherels,Ankle,,Questionable,Ankle,,Full Participation in Practice,2016-11-18T11:45:20Z
2016,REG,NE,11,00-0027955,T,Nate Solder,Nate,Solder,,,,Not Injury Related,,Did Not Participate In Practice,2016-11-17T13:38:04Z
2016,REG,NE,11,00-0025420,DT,Alan Branch,Alan,Branch,,,,Back,,Limited Participation in Practice,2016-11-17T13:37:17Z
2016,REG,NE,11,00-0027656,TE,Rob Gronkowski,Rob,Gronkowski,Chest,,Out,Chest,,Did Not Participate In Practice,2016-11-18T12:44:33Z
2016,REG,NE,11,00-0028237,WR,Chris Hogan,Chris,Hogan,Back,,Out,Back,,Limited Participation in Practice,2016-11-18T12:44:04Z
2016,REG,NE,11,00-0026201,TE,Martellus Bennett,Martellus,Bennett,Ankle,,Questionable,Ankle,,Limited Participation in Practice,2016-11-18T12:43:09Z
2016,REG,NE,11,00-0027150,WR,Julian Edelman,Julian,Edelman,Foot,,Questionable,Foot,,Limited Participation in Practice,2016-11-18T12:43:35Z
2016,REG,NO,11,00-0032102,LB,Stephone Anthony,Stephone,Anthony,,,,Hamstring,,Limited Participation in Practice,2016-11-16T12:12:37Z
2016,REG,NO,11,00-0026857,LB,Dannell Ellerbe,Dannell,Ellerbe,,,,Quadricep,,Limited Participation in Practice,2016-11-16T12:12:37Z
2016,REG,NO,11,00-0027114,P,Thomas Morstead,Thomas,Morstead,,,,left Ankle,,Limited Participation in Practice,2016-11-16T12:12:37Z
2016,REG,NO,11,00-0033051,DE,David Onyemata,David,Onyemata,,,,Knee,,Limited Participation in Practice,2016-11-16T12:12:37Z
2016,REG,NO,11,00-0030067,T,Terron Armstead,Terron,Armstead,Knee,Quadricep,Out,Knee,Quadricep,Did Not Participate In Practice,2016-11-16T12:14:10Z
2016,REG,NO,11,00-0032804,RB,Daniel Lasco,Daniel,Lasco,Hamstring,,Out,Hamstring,,Did Not Participate In Practice,2016-11-16T12:13:59Z
2016,REG,NO,11,00-0031474,CB,Delvin Breaux,Delvin,Breaux,Fibula,,Questionable,Fibula,,Did Not Participate In Practice,2016-11-16T12:13:49Z
2016,REG,NO,11,00-0029205,RB,Travaris Cadet,Travaris,Cadet,Toe,,Questionable,Toe,,Did Not Participate In Practice,2016-11-16T12:13:49Z
2016,REG,NYG,11,00-0027265,WR,Victor Cruz,Victor,Cruz,,,,Ankle,,Limited Participation in Practice,2016-11-18T11:42:54Z
2016,REG,NYG,11,00-0028114,WR,Dwayne Harris,Dwayne,Harris,,,,Toe,,Limited Participation in Practice,2016-11-18T11:42:54Z
2016,REG,NYG,11,00-0031489,C,Brett Jones,Brett,Jones,Calf,,Out,Calf,,Did Not Participate In Practice,2016-11-18T11:43:25Z
2016,REG,NYG,11,00-0030585,G,Justin Pugh,Justin,Pugh,Knee,,Out,Knee,,Did Not Participate In Practice,2016-11-18T11:43:34Z
2016,REG,NYG,11,00-0030860,RB,Orleans Darkwa,Orleans,Darkwa,Lower Leg,,Questionable,Lower Leg,,Did Not Participate In Practice,2016-11-18T11:43:06Z
2016,REG,NYG,11,00-0029139,G,Adam Gettis,Adam,Gettis,Calf,,Questionable,Calf,,Limited Participation in Practice,2016-11-18T11:43:06Z
2016,REG,OAK,11,00-0031544,WR,Amari Cooper,Amari,Cooper,Back,,Questionable,Back,,Limited Participation in Practice,2016-11-19T12:26:31Z
2016,REG,OAK,11,00-0027993,C,Rodney Hudson,Rodney,Hudson,Knee,,Questionable,Knee,,Limited Participation in Practice,2016-11-19T12:26:31Z
2016,REG,OAK,11,00-0030515,DT,Stacy McGee,Stacy,McGee,Ankle,,Questionable,Ankle,,Limited Participation in Practice,2016-11-19T12:26:31Z
2016,REG,OAK,11,00-0030513,RB,Latavius Murray,Latavius,Murray,Ankle,,Questionable,Ankle,,Limited Participation in Practice,2016-11-19T12:26:31Z
2016,REG,OAK,11,00-0029259,G,Kelechi Osemele,Kelechi,Osemele,Knee,,Questionable,Knee,,Limited Participation in Practice,2016-11-19T12:26:31Z
2016,REG,OAK,11,00-0027037,CB,Sean Smith,Sean,Smith,Shoulder,,Questionable,Shoulder,,Limited Participation in Practice,2016-11-19T12:26:31Z
2016,REG,PHI,11,00-0025506,G,Allen Barbre,Allen,Barbre,,,,Hamstring,,Full Participation in Practice,2016-11-18T09:57:12Z
2016,REG,PHI,11,00-0027744,CB,Nolan Carroll,Nolan,Carroll,,,,Concussion,,Full Participation in Practice,2016-11-18T09:57:12Z
2016,REG,PHI,11,00-0032437,LB,Kamu Grugier-Hill,Kamu,Grugier-Hill,,,,Hamstring,,Full Participation in Practice,2016-11-18T09:57:12Z
2016,REG,PHI,11,00-0026151,CB,Leodis McKelvin,Leodis,McKelvin,,,,Hamstring,,Full Participation in Practice,2016-11-18T09:57:12Z
2016,REG,PHI,11,00-0031338,S,Terrence Brooks,Terrence,Brooks,Hamstring,,Out,Hamstring,,Did Not Participate In Practice,2016-11-18T09:57:44Z
2016,REG,PHI,11,00-0030061,TE,Zach Ertz,Zach,Ertz,Hamstring,,Questionable,Hamstring,,Full Participation in Practice,2016-11-18T09:57:35Z
2016,REG,PHI,11,00-0031299,WR,Jordan Matthews,Jordan,Matthews,Back,,Questionable,Back,,Full Participation in Practice,2016-11-18T09:57:35Z
2016,REG,PIT,11,00-0032166,WR,Sammie Coates,Sammie,Coates,,,,Finger,,Full Participation in Practice,2016-11-18T10:10:46Z
2016,REG,PIT,11,00-0029275,TE,Ladarius Green,Ladarius,Green,,,,Knee,,Full Participation in Practice,2016-11-18T10:10:46Z
2016,REG,PIT,11,00-0027870,C,Maurkice Pouncey,Maurkice,Pouncey,,,,Finger,,Full Participation in Practice,2016-11-18T10:10:46Z
2016,REG,PIT,11,00-0027969,DE,Cameron Heyward,Cameron,Heyward,Pectoral,,Out,Pectoral,,Did Not Participate In Practice,2016-11-18T10:19:40Z
2016,REG,PIT,11,00-0026983,WR,Darrius Heyward-Bey,Darrius,Heyward-Bey,Foot,,Out,Foot,,Did Not Participate In Practice,2016-11-18T10:19:44Z
2016,REG,PIT,11,00-0030412,S,Shamarko Thomas,Shamarko,Thomas,Groin,,Out,Groin,,Did Not Participate In Practice,2016-11-18T10:19:54Z
2016,REG,PIT,11,00-0030460,WR,Markus Wheaton,Markus,Wheaton,Shoulder,,Out,Shoulder,,Did Not Participate In Practice,2016-11-18T10:19:58Z
2016,REG,PIT,11,00-0024242,RB,DeAngelo Williams,DeAngelo,Williams,Knee,,Out,Knee,,Did Not Participate In Practice,2016-11-18T10:20:03Z
2016,REG,PIT,11,00-0030023,S,Jordan Dangerfield,Jordan,Dangerfield,Groin,,Questionable,Groin,,Full Participation in Practice,2016-11-18T10:19:20Z
2016,REG,PIT,11,00-0031035,TE,Xavier Grimble,Xavier,Grimble,Quadricep,,Questionable,Quadricep,,Limited Participation in Practice,2016-11-18T10:19:20Z
2016,REG,SEA,11,00-0028092,CB,Richard Sherman,Richard,Sherman,,,,Not Injury Related,,Did Not Participate In Practice,2016-11-18T14:52:54Z
2016,REG,SEA,11,00-0027866,S,Earl Thomas,Earl,Thomas,,,,Not Injury Related,,Did Not Participate In Practice,2016-11-17T16:18:07Z
2016,REG,SEA,11,00-0027696,TE,Jimmy Graham,Jimmy,Graham,,,,Knee,,Full Participation in Practice,2016-11-18T14:52:37Z
2016,REG,SEA,11,00-0031897,RB,Thomas Rawls,Thomas,Rawls,,,,Fibula,,Full Participation in Practice,2016-11-18T14:52:37Z
2016,REG,SEA,11,00-0029091,T,Bradley Sowell,Bradley,Sowell,,,,Knee,,Full Participation in Practice,2016-11-18T14:52:37Z
2016,REG,SEA,11,00-0030089,TE,Luke Willson,Luke,Willson,,,,Knee,,Full Participation in Practice,2016-11-18T14:52:37Z
2016,REG,SEA,11,00-0029263,QB,Russell Wilson,Russell,Wilson,,,,Knee,,Full Participation in Practice,2016-11-18T14:52:37Z
2016,REG,SEA,11,00-0026618,DE,Michael Bennett,Michael,Bennett,Knee,,Out,Knee,,Did Not Participate In Practice,2016-11-18T13:06:49Z
2016,REG,SEA,11,00-0031308,LB,Kevin Pierre-Louis,Kevin,Pierre-Louis,Hamstring,,Out,Hamstring,,Did Not Participate In Practice,2016-11-18T13:07:09Z
2016,REG,SF,11,00-0027658,G,Zane Beadles,Zane,Beadles,,,,Ankle,Knee,Full Participation in Practice,2016-11-18T12:47:12Z
2016,REG,SF,11,00-0027375,CB,Tramaine Brock,Tramaine,Brock,,,,Hamstring,,Full Participation in Practice,2016-11-18T12:47:12Z
2016,REG,SF,11,00-0030088,DT,Quinton Dial,Quinton,Dial,,,,Knee,Neck,Full Participation in Practice,2016-11-18T12:47:26Z
2016,REG,SF,11,00-0026145,DT,Glenn Dorsey,Glenn,Dorsey,,,,Knee,,Full Participation in Practice,2016-11-18T12:47:33Z
2016,REG,SF,11,00-0032060,LB,Eli Harold,Eli,Harold,,,,Toe,,Full Participation in Practice,2016-11-18T12:47:39Z
2016,REG,SF,11,00-0031045,RB,Carlos Hyde,Carlos,Hyde,,,,Shoulder,,Full Participation in Practice,2016-11-18T12:47:12Z
2016,REG,SF,11,00-0028101,C,Daniel Kilgore,Daniel,Kilgore,,,,Hamstring,Calf,Full Participation in Practice,2016-11-18T12:47:12Z
2016,REG,SF,11,00-0030548,S,Eric Reid,Eric,Reid,,,,Knee,,Full Participation in Practice,2016-11-18T12:47:12Z
2016,REG,SF,11,00-0030993,LB,Aaron Lynch,Aaron,Lynch,Ankle,,Out,Ankle,,Limited Participation in Practice,2016-11-18T12:48:56Z
2016,REG,SF,11,00-0032410,CB,Rashard Robinson,Rashard,Robinson,Knee,,Questionable,Knee,,Limited Participation in Practice,2016-11-18T12:48:21Z
2016,REG,SF,11,00-0027996,WR,Torrey Smith,Torrey,Smith,Shoulder,,Questionable,Shoulder,,Limited Participation in Practice,2016-11-18T12:48:21Z
2016,REG,TB,11,00-0031182,T,Kevin Pamphile,Kevin,Pamphile,Concussion,,Out,Concussion,,Did Not Participate In Practice,2016-11-18T12:55:51Z
2016,REG,TB,11,00-0028083,RB,Jacquizz Rodgers,Jacquizz,Rodgers,Foot,,Out,Foot,,Did Not Participate In Practice,2016-11-18T12:55:56Z
2016,REG,TB,11,00-0026784,C,Evan Smith,Evan,Smith,Knee,,Out,Knee,,Did Not Participate In Practice,2016-11-18T12:56:02Z
2016,REG,TB,11,00-0027717,C,Joe Hawley,Joe,Hawley,Knee,,Questionable,Knee,,Full Participation in Practice,2016-11-18T12:55:46Z
2016,REG,TB,11,00-0030147,WR,Russell Shepard,Russell,Shepard,Hip,,Questionable,Hip,,Full Participation in Practice,2016-11-18T12:55:46Z
2016,REG,TB,11,00-0028042,TE,Luke Stocker,Luke,Stocker,Ankle,,Questionable,Ankle,,Full Participation in Practice,2016-11-18T12:55:46Z
2016,REG,TEN,11,00-0028009,RB,DeMarco Murray,DeMarco,Murray,,,,Foot,,Full Participation in Practice,2016-11-18T10:58:33Z
2016,REG,WAS,11,00-0024330,S,Will Blackmon,Will,Blackmon,,,,Thumb,,Full Participation in Practice,2016-11-18T12:10:48Z
2016,REG,WAS,11,00-0032369,DE,Anthony Lanier,Anthony,Lanier,,,,Thigh,,Full Participation in Practice,2016-11-18T12:10:48Z
2016,REG,WAS,11,00-0030096,T,Vinston Painter,Vinston,Painter,,,,Not Injury Related,,Full Participation in Practice,2016-11-18T12:11:01Z
2016,REG,WAS,11,00-0026714,LS,Nick Sundberg,Nick,Sundberg,Back,,Questionable,Back,,Did Not Participate In Practice,2016-11-18T12:11:04Z
2016,REG,WAS,11,00-0026189,WR,DeSean Jackson,DeSean,Jackson,Shoulder,,Questionable,Shoulder,,Full Participation in Practice,2016-11-18T12:11:04Z
2016,REG,WAS,11,00-0031330,T,Morgan Moses,Morgan,Moses,Ankle,,Questionable,Ankle,,Full Participation in Practice,2016-11-18T12:11:04Z
2016,REG,ARI,12,00-0031366,S,Deone Bucannon,Deone,Bucannon,,,,Ankle,,Full Participation in Practice,2016-11-25T12:04:53Z
2016,REG,ARI,12,00-0022921,WR,Larry Fitzgerald,Larry,Fitzgerald,,,,Not Injury Related,,Full Participation in Practice,2016-11-25T12:04:53Z
2016,REG,ARI,12,00-0021429,QB,Carson Palmer,Carson,Palmer,,,,Not Injury Related,,Full Participation in Practice,2016-11-25T12:04:53Z
2016,REG,ARI,12,00-0027943,CB,Patrick Peterson,Patrick,Peterson,,,,Illness,,Full Participation in Practice,2016-11-25T12:05:29Z
2016,REG,ARI,12,00-0030487,CB,Tharold Simon,Tharold,Simon,,,,Ankle,,Full Participation in Practice,2016-11-25T12:04:53Z
2016,REG,ARI,12,00-0031713,DT,Xavier Williams,Xavier,Williams,,,,Ankle,,Full Participation in Practice,2016-11-25T12:04:53Z
2016,REG,ARI,12,00-0032127,LB,Markus Golden,Markus,Golden,,,,Ankle,,Limited Participation in Practice,2016-11-25T12:04:53Z
2016,REG,ARI,12,00-0027869,G,Mike Iupati,Mike,Iupati,,,,Ankle,,Limited Participation in Practice,2016-11-25T12:04:53Z
2016,REG,ARI,12,00-0030382,LB,Kevin Minter,Kevin,Minter,,,,Knee,,Limited Participation in Practice,2016-11-25T12:04:53Z
2016,REG,ARI,12,00-0029638,WR,Michael Floyd,Michael,Floyd,Hamstring,,Questionable,Hamstring,,Did Not Participate In Practice,2016-11-25T12:06:23Z
2016,REG,ARI,12,00-0030504,G,Earl Watford,Earl,Watford,Shoulder,,Questionable,Shoulder,,Full Participation in Practice,2016-11-25T12:06:23Z
2016,REG,ARI,12,00-0029530,CB,Justin Bethel,Justin,Bethel,Foot,Knee,Questionable,Foot,Knee,Limited Participation in Practice,2016-11-25T12:06:23Z
2016,REG,ARI,12,00-0031397,S,Christian Bryant,Christian,Bryant,Groin,,Questionable,Groin,,Limited Participation in Practice,2016-11-25T12:06:23Z
2016,REG,ARI,12,00-0029336,WR,Brittan Golden,Brittan,Golden,Groin,,Questionable,Groin,,Limited Participation in Practice,2016-11-25T12:06:23Z
2016,REG,ARI,12,00-0030459,S,Tyrann Mathieu,Tyrann,Mathieu,Shoulder,,Questionable,Shoulder,,Limited Participation in Practice,2016-11-25T12:06:23Z
2016,REG,ARI,12,00-0027686,DT,Corey Peters,Corey,Peters,Foot,,Questionable,Foot,,Limited Participation in Practice,2016-11-25T12:06:23Z
2016,REG,ARI,12,00-0031265,DT,Ed Stinson,Ed,Stinson,Hip,,Questionable,Hip,,Limited Participation in Practice,2016-11-25T12:06:23Z
2016,REG,ATL,12,00-0032058,RB,Tevin Coleman,Tevin,Coleman,,,,Hamstring,,Full Participation in Practice,2016-11-25T09:01:10Z
2016,REG,ATL,12,00-0021146,DE,Dwight Freeney,Dwight,Freeney,,,,Not Injury Related,,Full Participation in Practice,2016-11-25T09:01:10Z
2016,REG,ATL,12,00-0030427,S,Kemal Ishmael,Kemal,Ishmael,,,,Hamstring,,Full Participation in Practice,2016-11-25T09:01:23Z
2016,REG,ATL,12,00-0027944,WR,Julio Jones,Julio,Jones,,,,Shoulder,,Full Participation in Practice,2016-11-25T09:01:10Z
2016,REG,ATL,12,00-0031228,WR,Taylor Gabriel,Taylor,Gabriel,,,,Hamstring,,Limited Participation in Practice,2016-11-25T09:01:39Z
2016,REG,ATL,12,00-0028130,P,Matt Bosher,Matt,Bosher,right Hamstring,,Questionable,right Hamstring,,Limited Participation in Practice,2016-11-25T09:01:52Z
2016,REG,ATL,12,00-0030562,CB,Desmond Trufant,Desmond,Trufant,Shoulder,,Questionable,Shoulder,,Limited Participation in Practice,2016-11-25T09:01:52Z
2016,REG,BAL,12,00-0022161,LB,Terrell Suggs,Terrell,Suggs,,,,Not Injury Related,,Did Not Participate In Practice,2016-11-24T11:02:33Z
2016,REG,BAL,12,00-0026223,C,Jeremy Zuttah,Jeremy,Zuttah,,,,Not Injury Related,,Did Not Participate In Practice,2016-11-24T11:02:44Z
2016,REG,BAL,12,00-0032407,T,Alex Lewis,Alex,Lewis,Ankle,,Out,Ankle,,Did Not Participate In Practice,2016-11-25T10:55:03Z
2016,REG,BAL,12,00-0031066,RB,Lorenzo Taliaferro,Lorenzo,Taliaferro,Thigh,,Out,Thigh,,Did Not Participate In Practice,2016-11-25T10:55:23Z
2016,REG,BAL,12,00-0030992,TE,Crockett Gillmore,Crockett,Gillmore,Thigh,,Doubtful,Thigh,,Did Not Participate In Practice,2016-11-25T10:54:56Z
2016,REG,BAL,12,00-0027965,CB,Jimmy Smith,Jimmy,Smith,Back,,Doubtful,Back,,Did Not Participate In Practice,2016-11-25T10:55:11Z
2016,REG,BAL,12,00-0024341,LB,Elvis Dumervil,Elvis,Dumervil,Foot,,Questionable,Foot,,Full Participation in Practice,2016-11-25T10:54:19Z
2016,REG,BAL,12,00-0031170,DT,Timmy Jernigan,Timmy,Jernigan,Shoulder,,Questionable,Shoulder,,Full Participation in Practice,2016-11-25T10:54:19Z
2016,REG,BAL,12,00-0030511,DT,Brandon Williams,Brandon,Williams,Back,Hand,Questionable,Back,Hand,Full Participation in Practice,2016-11-25T10:54:19Z
2016,REG,BAL,12,00-0025473,G,Marshal Yanda,Marshal,Yanda,Shoulder,,Questionable,Shoulder,,Full Participation in Practice,2016-11-25T10:54:19Z
2016,REG,BUF,12,00-0027881,LB,Jerry Hughes,Jerry,Hughes,,,,Hand,,Full Participation in Practice,2016-11-25T10:35:33Z
2016,REG,BUF,12,00-0033096,DE,Shaq Lawson,Shaq,Lawson,,,,Thumb,,Full Participation in Practice,2016-11-25T10:35:20Z
2016,REG,BUF,12,00-0028118,QB,Tyrod Taylor,Tyrod,Taylor,,,,right Shoulder,,Full Participation in Practice,2016-11-25T10:35:20Z
2016,REG,BUF,12,00-0029575,S,Robert Blanton,Robert,Blanton,Foot,,Out,Foot,,Did Not Participate In Practice,2016-11-25T10:35:52Z
2016,REG,BUF,12,00-0030433,RB,Mike Gillislee,Mike,Gillislee,Hamstring,,Out,Hamstring,,Did Not Participate In Practice,2016-11-25T10:35:59Z
2016,REG,BUF,12,00-0030431,WR,Robert Woods,Robert,Woods,Knee,,Out,Knee,,Did Not Participate In Practice,2016-11-25T10:36:10Z
2016,REG,BUF,12,00-0028707,DT,Corbin Bryant,Corbin,Bryant,Shoulder,,Doubtful,Shoulder,,Limited Participation in Practice,2016-11-25T10:35:44Z
2016,REG,BUF,12,00-0026998,WR,Percy Harvin,Percy,Harvin,Illness,,Questionable,Illness,,Did Not Participate In Practice,2016-11-25T10:35:38Z
2016,REG,BUF,12,00-0031029,T,Seantrel Henderson,Seantrel,Henderson,Not Injury Related,,Questionable,Not Injury Related,,Did Not Participate In Practice,2016-11-25T10:35:38Z
2016,REG,BUF,12,00-0023259,LB,Lorenzo Alexander,Lorenzo,Alexander,Ankle,,Questionable,Ankle,,Limited Participation in Practice,2016-11-25T10:35:38Z
2016,REG,BUF,12,00-0028112,TE,Charles Clay,Charles,Clay,Knee,,Questionable,Knee,,Limited Participation in Practice,2016-11-25T10:35:38Z
2016,REG,BUF,12,00-0029561,T,Cordy Glenn,Cordy,Glenn,Back,,Questionable,Back,,Limited Participation in Practice,2016-11-25T10:35:38Z
2016,REG,BUF,12,00-0027029,RB,LeSean McCoy,LeSean,McCoy,Thumb,,Questionable,Thumb,,Limited Participation in Practice,2016-11-25T10:35:38Z
2016,REG,BUF,12,00-0031325,WR,Sammy Watkins,Sammy,Watkins,Foot,,Questionable,Foot,,Limited Participation in Practice,2016-11-25T10:35:38Z
2016,REG,CAR,12,00-0026999,T,Michael Oher,Michael,Oher,,,,Concussion,,Did Not Participate In Practice,2016-11-24T10:18:09Z
2016,REG,CAR,12,00-0025418,TE,Greg Olsen,Greg,Olsen,,,,Not Injury Related,,Did Not Participate In Practice,2016-11-25T10:51:29Z
2016,REG,CAR,12,00-0032973,CB,Zack Sanchez,Zack,Sanchez,,,,Groin,,Did Not Participate In Practice,2016-11-24T10:18:51Z
2016,REG,CAR,12,00-0030714,T,Donald Hawkins,Donald,Hawkins,,,,Illness,,Full Participation in Practice,2016-11-24T10:18:34Z
2016,REG,CAR,12,00-0028339,DE,Mario Addison,Mario,Addison,Foot,,Out,Foot,,Did Not Participate In Practice,2016-11-25T10:52:05Z
2016,REG,CAR,12,00-0025446,C,Ryan Kalil,Ryan,Kalil,Shoulder,,Out,Shoulder,,Did Not Participate In Practice,2016-11-25T10:52:15Z
2016,REG,CAR,12,00-0029248,LB,Luke Kuechly,Luke,Kuechly,Concussion,,Out,Concussion,,Did Not Participate In Practice,2016-11-25T10:52:27Z
2016,REG,CAR,12,00-0029268,C,Gino Gradkowski,Gino,Gradkowski,Knee,,Questionable,Knee,,Full Participation in Practice,2016-11-25T10:52:00Z
2016,REG,CAR,12,00-0028128,S,Colin Jones,Colin,Jones,Concussion,,Questionable,Concussion,,Full Participation in Practice,2016-11-25T10:52:00Z
2016,REG,CAR,12,00-0030463,LB,A.J. Klein,A.J.,Klein,Concussion,,Questionable,Concussion,,Full Participation in Practice,2016-11-25T10:52:00Z
2016,REG,CAR,12,00-0031261,S,Tre Boston,Tre,Boston,Ankle,,Questionable,Ankle,,Limited Participation in Practice,2016-11-25T10:52:00Z
2016,REG,CAR,12,00-0029087,CB,Leonard Johnson,Leonard,Johnson,Chest,,Questionable,Chest,,Limited Participation in Practice,2016-11-25T10:52:00Z
2016,REG,CHI,12,00-0029202,T,Mike Adams,Mike,Adams,,,,Biceps,,Full Participation in Practice,2016-11-25T12:23:12Z
2016,REG,CHI,12,00-0031551,DT,Eddie Goldman,Eddie,Goldman,,,,Ankle,,Full Participation in Practice,2016-11-25T12:23:23Z
2016,REG,CHI,12,00-0030275,CB,Demontre Hurst,Demontre,Hurst,,,,Knee,,Full Participation in Practice,2016-11-25T12:23:29Z
2016,REG,CHI,12,00-0031569,RB,Jeremy Langford,Jeremy,Langford,,,,Illness,,Full Participation in Practice,2016-11-25T12:22:55Z
2016,REG,CHI,12,00-0032581,CB,Cre'von LeBlanc,Cre'von,LeBlanc,,,,Concussion,,Full Participation in Practice,2016-11-25T12:23:40Z
2016,REG,CHI,12,00-0029528,T,Bobby Massie,Bobby,Massie,,,,Concussion,,Full Participation in Practice,2016-11-25T12:23:51Z
2016,REG,CHI,12,00-0027743,CB,Sherrick McManis,Sherrick,McManis,,,,Neck,,Full Participation in Practice,2016-11-25T12:23:59Z
2016,REG,CHI,12,00-0028103,LB,Pernell McPhee,Pernell,McPhee,,,,Knee,,Full Participation in Practice,2016-11-25T12:24:07Z
2016,REG,CHI,12,00-0026180,CB,Tracy Porter,Tracy,Porter,,,,Knee,,Full Participation in Practice,2016-11-25T12:24:22Z
2016,REG,CHI,12,00-0030047,WR,Marquess Wilson,Marquess,Wilson,,,,Foot,,Full Participation in Practice,2016-11-25T12:24:38Z
2016,REG,CHI,12,00-0027808,LB,Willie Young,Willie,Young,,,,Foot,,Full Participation in Practice,2016-11-25T12:24:47Z
2016,REG,CHI,12,00-0033072,LB,Leonard Floyd,Leonard,Floyd,Concussion,,Out,Concussion,,Did Not Participate In Practice,2016-11-25T12:25:12Z
2016,REG,CHI,12,00-0024226,QB,Jay Cutler,Jay,Cutler,right Shoulder,,Doubtful,right Shoulder,,Did Not Participate In Practice,2016-11-25T12:25:26Z
2016,REG,CHI,12,00-0026275,G,Josh Sitton,Josh,Sitton,Ankle,,Doubtful,Ankle,,Did Not Participate In Practice,2016-11-25T12:26:13Z
2016,REG,CHI,12,00-0026182,WR,Eddie Royal,Eddie,Royal,Toe,,Questionable,Toe,,Did Not Participate In Practice,2016-11-25T12:24:53Z
2016,REG,CHI,12,00-0032776,CB,Deiondre' Hall,Deiondre',Hall,Ankle,,Questionable,Ankle,,Limited Participation in Practice,2016-11-25T12:24:53Z
2016,REG,CHI,12,00-0031130,LB,Christian Jones,Christian,Jones,Ankle,Back,Questionable,Ankle,Back,Limited Participation in Practice,2016-11-25T12:24:53Z
2016,REG,CHI,12,00-0027573,DE,Mitch Unrein,Mitch,Unrein,Back,,Questionable,Back,,Limited Participation in Practice,2016-11-25T12:24:53Z
2016,REG,CIN,12,00-0024270,T,Andrew Whitworth,Andrew,Whitworth,,,,Not Injury Related,,Did Not Participate In Practice,2016-11-24T13:14:10Z
2016,REG,CIN,12,00-0028039,G,Clint Boling,Clint,Boling,,,,Shoulder,,Full Participation in Practice,2016-11-25T09:46:22Z
2016,REG,CIN,12,00-0027973,QB,Andy Dalton,Andy,Dalton,,,,right Shoulder,,Full Participation in Practice,2016-11-25T09:43:00Z
2016,REG,CIN,12,00-0030780,TE,Ryan Hewitt,Ryan,Hewitt,,,,Foot,,Full Participation in Practice,2016-11-25T09:46:33Z
2016,REG,CIN,12,00-0029560,CB,Dre Kirkpatrick,Dre,Kirkpatrick,,,,Knee,,Full Participation in Practice,2016-11-25T09:46:41Z
2016,REG,CIN,12,00-0027681,WR,Brandon LaFell,Brandon,LaFell,,,,Knee,,Full Participation in Practice,2016-11-25T09:43:00Z
2016,REG,CIN,12,00-0031291,WR,James Wright,James,Wright,,,,Hamstring,,Full Participation in Practice,2016-11-25T09:46:51Z
2016,REG,CIN,12,00-0032168,CB,Josh Shaw,Josh,Shaw,,,,Hip,,Limited Participation in Practice,2016-11-25T09:46:14Z
2016,REG,CIN,12,00-0027942,WR,A.J. Green,A.J.,Green,Hamstring,,Out,Hamstring,,Did Not Participate In Practice,2016-11-25T09:43:21Z
2016,REG,CIN,12,00-0032134,TE,C.J. Uzomah,C.J.,Uzomah,Calf,,Doubtful,Calf,,Did Not Participate In Practice,2016-11-25T09:43:38Z
2016,REG,CIN,12,00-0030471,S,Shawn Williams,Shawn,Williams,Hamstring,,Doubtful,Hamstring,,Did Not Participate In Practice,2016-11-25T09:43:59Z
2016,REG,CIN,12,00-0032069,S,Derron Smith,Derron,Smith,Thigh,,Questionable,Thigh,,Did Not Participate In Practice,2016-11-25T09:44:20Z
2016,REG,CIN,12,00-0025630,LS,Clark Harris,Clark,Harris,Groin,,Questionable,Groin,,Limited Participation in Practice,2016-11-25T09:44:46Z
2016,REG,CLE,12,00-0027860,CB,Joe Haden,Joe,Haden,,,,Groin,,Full Participation in Practice,2016-11-25T10:42:49Z
2016,REG,CLE,12,00-0027918,WR,Andrew Hawkins,Andrew,Hawkins,,,,Finger,,Full Participation in Practice,2016-11-25T10:42:40Z
2016,REG,CLE,12,00-0033125,LB,Joe Schobert,Joe,Schobert,,,,Finger,,Full Participation in Practice,2016-11-25T10:42:40Z
2016,REG,CLE,12,00-0030484,CB,Jamar Taylor,Jamar,Taylor,,,,Groin,,Full Participation in Practice,2016-11-25T10:43:11Z
2016,REG,CLE,12,00-0031533,TE,Randall Telfer,Randall,Telfer,,,,Thumb,,Full Participation in Practice,2016-11-25T10:42:40Z
2016,REG,CLE,12,00-0025390,T,Joe Thomas,Joe,Thomas,,,,Knee,,Full Participation in Practice,2016-11-25T10:43:21Z
2016,REG,CLE,12,00-0033104,QB,Cody Kessler,Cody,Kessler,Concussion,,Out,Concussion,,Did Not Participate In Practice,2016-11-25T10:43:43Z
2016,REG,CLE,12,00-0031312,S,Ed Reynolds,Ed,Reynolds,Knee,,Questionable,Knee,,Limited Participation in Practice,2016-11-25T10:43:30Z
2016,REG,CLE,12,00-0024061,CB,Tramon Williams,Tramon,Williams,Knee,,Questionable,Knee,,Limited Participation in Practice,2016-11-25T10:43:30Z
2016,REG,DAL,12,00-0030544,TE,Gavin Escobar,Gavin,Escobar,,,,Not Injury Related,,Did Not Participate In Practice,2016-11-21T15:12:27Z
2016,REG,DAL,12,00-0028664,P,Chris Jones,Chris,Jones,,,,Not Injury Related,,Did Not Participate In Practice,2016-11-21T15:12:38Z
2016,REG,DAL,12,00-0027416,S,Barry Church,Barry,Church,Forearm,,Out,Forearm,,Did Not Participate In Practice,2016-11-23T11:15:50Z
2016,REG,DAL,12,00-0029676,CB,Morris Claiborne,Morris,Claiborne,Groin,,Out,Groin,,Did Not Participate In Practice,2016-11-23T11:15:55Z
2016,REG,DAL,12,00-0032204,T,Chaz Green,Chaz,Green,Foot,Back,Questionable,Foot,Back,Did Not Participate In Practice,2016-11-23T11:15:41Z
2016,REG,DAL,12,00-0027902,WR,Dez Bryant,Dez,Bryant,Back,,Questionable,Back,,Full Participation in Practice,2016-11-23T11:15:41Z
2016,REG,DAL,12,00-0031411,DE,Demarcus Lawrence,Demarcus,Lawrence,Back,,Questionable,Back,,Limited Participation in Practice,2016-11-23T11:15:41Z
2016,REG,DAL,12,00-0028003,DT,Terrell McClain,Terrell,McClain,Thigh,,Questionable,Thigh,,Limited Participation in Practice,2016-11-23T11:15:41Z
2016,REG,DAL,12,00-0027947,T,Tyron Smith,Tyron,Smith,Back,Hip,Questionable,Back,Hip,Limited Participation in Practice,2016-11-23T11:15:41Z
2016,REG,DEN,12,00-0032956,RB,Andy Janovich,Andy,Janovich,,,,Hand,,Full Participation in Practice,2016-11-25T11:46:34Z
2016,REG,DEN,12,00-0031349,C,Matt Paradis,Matt,Paradis,,,,Hips,,Full Participation in Practice,2016-11-25T11:46:43Z
2016,REG,DEN,12,00-0032156,QB,Trevor Siemian,Trevor,Siemian,,,,left Shoulder,,Full Participation in Practice,2016-11-25T11:46:34Z
2016,REG,DEN,12,00-0026160,CB,Aqib Talib,Aqib,Talib,,,,Low Back,,Full Participation in Practice,2016-11-25T11:46:48Z
2016,REG,DEN,12,00-0027653,S,T.J. Ward,T.J.,Ward,,,,Hamstring,,Full Participation in Practice,2016-11-25T11:46:51Z
2016,REG,DEN,12,00-0029303,DE,Billy Winn,Billy,Winn,,,,Hip,,Full Participation in Practice,2016-11-25T11:46:34Z
2016,REG,DEN,12,00-0029586,DE,Derek Wolfe,Derek,Wolfe,,,,Elbow,,Full Participation in Practice,2016-11-25T11:46:57Z
2016,REG,DEN,12,00-0030957,LS,Casey Kreiter,Casey,Kreiter,Calf,,Out,Calf,,Did Not Participate In Practice,2016-11-25T11:47:12Z
2016,REG,DET,12,00-0030059,DE,Ezekiel Ansah,Ezekiel,Ansah,Ankle,,Questionable,Ankle,,Limited Participation in Practice,2016-11-23T12:55:19Z
2016,REG,DET,12,00-0027124,S,Don Carey,Don,Carey,Hamstring,,Questionable,Hamstring,,Limited Participation in Practice,2016-11-23T12:55:19Z
2016,REG,DET,12,00-0032395,C,Graham Glasgow,Graham,Glasgow,Ankle,,Questionable,Ankle,,Limited Participation in Practice,2016-11-23T12:55:19Z
2016,REG,DET,12,00-0027050,LB,DeAndre Levy,DeAndre,Levy,Knee,,Questionable,Knee,,Limited Participation in Practice,2016-11-23T12:55:19Z
2016,REG,DET,12,00-0030107,RB,Theo Riddick,Theo,Riddick,Ankle,,Questionable,Ankle,,Limited Participation in Practice,2016-11-23T12:55:19Z
2016,REG,DET,12,00-0031172,DT,Khyri Thornton,Khyri,Thornton,Foot,,Questionable,Foot,,Limited Participation in Practice,2016-11-23T12:55:19Z
2016,REG,GB,12,00-0032628,S,Kentrell Brice,Kentrell,Brice,,,,Back,,Full Participation in Practice,2016-11-26T12:34:37Z
2016,REG,GB,12,00-0030090,S,Micah Hyde,Micah,Hyde,,,,Shoulder,,Limited Participation in Practice,2016-11-26T12:34:37Z
2016,REG,GB,12,00-0032955,LB,Kyler Fackrell,Kyler,Fackrell,Hamstring,,Out,Hamstring,,Did Not Participate In Practice,2016-11-26T12:35:06Z
2016,REG,GB,12,00-0031080,CB,Demetri Goodson,Demetri,Goodson,Knee,,Out,Knee,,Did Not Participate In Practice,2016-11-26T12:35:14Z
2016,REG,GB,12,00-0027078,G,T.J. Lang,T.J.,Lang,Foot,,Out,Foot,,Did Not Participate In Practice,2016-11-26T12:35:23Z
2016,REG,GB,12,00-0032408,LB,Blake Martinez,Blake,Martinez,Knee,,Out,Knee,,Did Not Participate In Practice,2016-11-26T12:35:30Z
2016,REG,GB,12,00-0030076,C,J.C. Tretter,J.C.,Tretter,Knee,,Out,Knee,,Did Not Participate In Practice,2016-11-26T12:35:40Z
2016,REG,GB,12,00-0029187,T,Don Barclay,Don,Barclay,Shoulder,,Questionable,Shoulder,,Limited Participation in Practice,2016-11-26T12:34:46Z
2016,REG,GB,12,00-0032251,CB,Damarious Randall,Damarious,Randall,Groin,,Questionable,Groin,,Limited Participation in Practice,2016-11-26T12:34:46Z
2016,REG,GB,12,00-0031578,LB,Jake Ryan,Jake,Ryan,Ankle,,Questionable,Ankle,,Limited Participation in Practice,2016-11-26T12:34:46Z
2016,REG,HOU,12,00-0030228,CB,A.J. Bouye,A.J.,Bouye,,,,Ankle,,Full Participation in Practice,2016-11-25T13:24:37Z
2016,REG,HOU,12,00-0026166,T,Duane Brown,Duane,Brown,,,,Knee,,Full Participation in Practice,2016-11-25T13:24:42Z
2016,REG,HOU,12,00-0031138,LB,Max Bullough,Max,Bullough,,,,Elbow,,Full Participation in Practice,2016-11-25T13:24:48Z
2016,REG,HOU,12,00-0025900,T,Chris Clark,Chris,Clark,,,,Hip,,Full Participation in Practice,2016-11-25T13:24:54Z
2016,REG,HOU,12,00-0031302,TE,C.J. Fiedorowicz,C.J.,Fiedorowicz,,,,Shoulder,,Full Participation in Practice,2016-11-25T13:25:00Z
2016,REG,HOU,12,00-0033127,WR,Will Fuller,Will,Fuller,,,,Knee,,Full Participation in Practice,2016-11-25T13:25:06Z
2016,REG,HOU,12,00-0030108,TE,Ryan Griffin,Ryan,Griffin,,,,Neck,,Full Participation in Practice,2016-11-25T13:25:11Z
2016,REG,HOU,12,00-0029510,RB,Jonathan Grimes,Jonathan,Grimes,,,,Illness,,Full Participation in Practice,2016-11-25T13:24:26Z
2016,REG,HOU,12,00-0031410,G,Xavier Su'a-Filo,Xavier,Su'a-Filo,,,,Finger,,Full Participation in Practice,2016-11-25T13:24:26Z
2016,REG,HOU,12,00-0031364,DE,Jadeveon Clowney,Jadeveon,Clowney,,,,Elbow,Wrist,Limited Participation in Practice,2016-11-25T13:24:26Z
2016,REG,HOU,12,00-0029615,RB,Lamar Miller,Lamar,Miller,,,,Ankle,Ribs,Limited Participation in Practice,2016-11-25T13:24:26Z
2016,REG,HOU,12,00-0022712,DT,Vince Wilfork,Vince,Wilfork,,,,Groin,,Limited Participation in Practice,2016-11-25T13:24:26Z
2016,REG,HOU,12,00-0031075,RB,Alfred Blue,Alfred,Blue,Calf,,Out,Calf,,Did Not Participate In Practice,2016-11-25T13:25:24Z
2016,REG,HOU,12,00-0032404,RB,Tyler Ervin,Tyler,Ervin,Ribs,,Out,Ribs,,Did Not Participate In Practice,2016-11-25T13:25:35Z
2016,REG,HOU,12,00-0030442,LB,John Simon,John,Simon,Chest,,Out,Chest,,Did Not Participate In Practice,2016-11-25T13:25:43Z
2016,REG,HOU,12,00-0031560,WR,Jaelen Strong,Jaelen,Strong,Ankle,,Out,Ankle,,Did Not Participate In Practice,2016-11-25T13:25:47Z
2016,REG,HOU,12,00-0031085,RB,Jay Prosch,Jay,Prosch,Hamstring,,Questionable,Hamstring,,Limited Participation in Practice,2016-11-25T13:53:15Z
2016,REG,IND,12,00-0032829,CB,Frankie Williams,Frankie,Williams,,,,Non-Football Injury,,Did Not Participate In Practice,2016-11-22T12:28:07Z
2016,REG,IND,12,00-0027756,DT,Arthur Jones,Arthur,Jones,,,,Knee,Ankle,Full Participation in Practice,2016-11-23T12:12:07Z
2016,REG,IND,12,00-0022059,LB,Robert Mathis,Robert,Mathis,,,,Not Injury Related,,Full Participation in Practice,2016-11-23T12:12:07Z
2016,REG,IND,12,00-0029901,CB,Rashaan Melvin,Rashaan,Melvin,,,,Back,,Full Participation in Practice,2016-11-23T12:12:07Z
2016,REG,IND,12,00-0027882,CB,Patrick Robinson,Patrick,Robinson,,,,Groin,,Full Participation in Practice,2016-11-23T12:12:07Z
2016,REG,IND,12,00-0031571,S,Clayton Geathers,Clayton,Geathers,Concussion,,Out,Concussion,,Did Not Participate In Practice,2016-11-23T12:14:33Z
2016,REG,IND,12,00-0029668,QB,Andrew Luck,Andrew,Luck,Concussion,,Out,Concussion,,Did Not Participate In Practice,2016-11-23T12:14:40Z
2016,REG,IND,12,00-0027001,CB,Vontae Davis,Vontae,Davis,Ankle,,Questionable,Ankle,,Limited Participation in Practice,2016-11-23T12:12:28Z
2016,REG,IND,12,00-0031339,WR,Donte Moncrief,Donte,Moncrief,Hamstring,,Questionable,Hamstring,,Limited Participation in Practice,2016-11-23T12:14:50Z
2016,REG,JAX,12,00-0029316,T,Kelvin Beachum,Kelvin,Beachum,,,,Knee,,Full Participation in Practice,2016-11-25T08:33:10Z
2016,REG,JAX,12,00-0031407,QB,Blake Bortles,Blake,Bortles,,,,right Shoulder,,Full Participation in Practice,2016-11-25T08:32:54Z
2016,REG,JAX,12,00-0032052,DE,Dante Fowler,Dante,Fowler,,,,Shoulder,,Full Participation in Practice,2016-11-25T08:32:54Z
2016,REG,JAX,12,00-0027595,WR,Bryan Walters,Bryan,Walters,,,,Concussion,,Full Participation in Practice,2016-11-25T08:32:54Z
2016,REG,JAX,12,00-0027878,DE,Jared Odrick,Jared,Odrick,Shoulder,,Out,Shoulder,,Did Not Participate In Practice,2016-11-25T08:33:56Z
2016,REG,JAX,12,00-0026725,LB,Dan Skuta,Dan,Skuta,Back,,Out,Back,,Did Not Participate In Practice,2016-11-25T08:34:02Z
2016,REG,JAX,12,00-0031264,DE,Chris Smith,Chris,Smith,Eye,,Out,Eye,,Did Not Participate In Practice,2016-11-25T08:34:07Z
2016,REG,JAX,12,00-0028067,TE,Julius Thomas,Julius,Thomas,Back,,Out,Back,,Did Not Participate In Practice,2016-11-25T08:33:48Z
2016,REG,JAX,12,00-0029946,DT,Abry Jones,Abry,Jones,Ankle,,Questionable,Ankle,,Did Not Participate In Practice,2016-11-25T08:33:20Z
2016,REG,JAX,12,00-0032209,RB,T.J. Yeldon,T.J.,Yeldon,Ankle,,Questionable,Ankle,,Did Not Participate In Practice,2016-11-25T08:33:20Z
2016,REG,JAX,12,00-0027654,WR,Arrelious Benn,Arrelious,Benn,Concussion,,Questionable,Concussion,,Full Participation in Practice,2016-11-25T08:33:20Z
2016,REG,JAX,12,00-0031259,CB,Aaron Colvin,Aaron,Colvin,Concussion,,Questionable,Concussion,,Full Participation in Practice,2016-11-25T08:33:20Z
2016,REG,KC,12,00-0024235,LB,Tamba Hali,Tamba,Hali,,,,Knee,,Did Not Participate In Practice,2016-11-25T12:45:00Z
2016,REG,KC,12,00-0030668,RB,Charcandrick West,Charcandrick,West,,,,Concussion,,Full Participation in Practice,2016-11-25T12:44:13Z
2016,REG,KC,12,00-0031297,LB,Dee Ford,Dee,Ford,Hamstring,,Out,Hamstring,,Did Not Participate In Practice,2016-11-25T12:45:31Z
2016,REG,KC,12,00-0029277,DE,Jaye Howard,Jaye,Howard,Hip,,Out,Hip,,Did Not Participate In Practice,2016-11-25T12:45:46Z
2016,REG,KC,12,00-0026995,WR,Jeremy Maclin,Jeremy,Maclin,Groin,,Out,Groin,,Did Not Participate In Practice,2016-11-25T12:45:53Z
2016,REG,KC,12,00-0023449,LB,Derrick Johnson,Derrick,Johnson,Achilles,,Questionable,Achilles,,Did Not Participate In Practice,2016-11-25T12:45:21Z
2016,REG,KC,12,00-0032150,CB,Steven Nelson,Steven,Nelson,Neck,,Questionable,Neck,,Did Not Participate In Practice,2016-11-25T12:45:21Z
2016,REG,KC,12,00-0029688,DT,Dontari Poe,Dontari,Poe,Back,,Questionable,Back,,Did Not Participate In Practice,2016-11-25T12:45:21Z
2016,REG,KC,12,00-0032165,CB,Marcus Peters,Marcus,Peters,Hip,,Questionable,Hip,,Full Participation in Practice,2016-11-25T12:45:21Z
2016,REG,KC,12,00-0029256,DE,Kendall Reyes,Kendall,Reyes,Knee,,Questionable,Knee,,Limited Participation in Practice,2016-11-25T12:45:21Z
2016,REG,LA,12,00-0032241,RB,Todd Gurley,Todd,Gurley,,,,Illness,,Did Not Participate In Practice,2016-11-25T12:31:55Z
2016,REG,LA,12,00-0026243,DE,William Hayes,William,Hayes,,,,Not Injury Related,,Full Participation in Practice,2016-11-25T12:31:34Z
2016,REG,LA,12,00-0028274,C,Tim Barnes,Tim,Barnes,Foot,,Questionable,Foot,,Did Not Participate In Practice,2016-11-25T12:32:11Z
2016,REG,LA,12,00-0030986,DT,Ethan Westbrooks,Ethan,Westbrooks,Thigh,,Questionable,Thigh,,Full Participation in Practice,2016-11-25T12:32:24Z
2016,REG,MIA,12,00-0027953,C,Mike Pouncey,Mike,Pouncey,Hip,,Out,Hip,,Did Not Participate In Practice,2016-11-25T11:57:52Z
2016,REG,MIA,12,00-0026155,T,Branden Albert,Branden,Albert,Wrist,,Doubtful,Wrist,,Did Not Participate In Practice,2016-11-25T11:57:29Z
2016,REG,MIA,12,00-0033050,CB,Xavien Howard,Xavien,Howard,Knee,,Doubtful,Knee,,Limited Participation in Practice,2016-11-25T11:57:37Z
2016,REG,MIA,12,00-0027855,DT,Ndamukong Suh,Ndamukong,Suh,Knee,,Questionable,Knee,,Full Participation in Practice,2016-11-25T11:57:19Z
2016,REG,MIA,12,00-0033118,RB,Kenyan Drake,Kenyan,Drake,Knee,,Questionable,Knee,,Limited Participation in Practice,2016-11-25T11:57:19Z
2016,REG,MIA,12,00-0030384,LB,Jelani Jenkins,Jelani,Jenkins,Knee,Hand,Questionable,Knee,Hand,Limited Participation in Practice,2016-11-25T11:57:19Z
2016,REG,MIA,12,00-0031382,WR,Jarvis Landry,Jarvis,Landry,Shoulder,,Questionable,Shoulder,,Limited Participation in Practice,2016-11-25T11:57:19Z
2016,REG,MIA,12,00-0028368,LB,Spencer Paysinger,Spencer,Paysinger,Neck,,Questionable,Neck,,Limited Participation in Practice,2016-11-25T11:57:19Z
2016,REG,MIA,12,00-0030085,WR,Kenny Stills,Kenny,Stills,Calf,,Questionable,Calf,,Limited Participation in Practice,2016-11-25T11:57:19Z
2016,REG,MIA,12,00-0032380,T,Laremy Tunsil,Laremy,Tunsil,Shoulder,,Questionable,Shoulder,,Limited Participation in Practice,2016-11-25T11:57:19Z
2016,REG,MIA,12,00-0023750,DE,Mario Williams,Mario,Williams,Ankle,,Questionable,Ankle,,Limited Participation in Practice,2016-11-25T11:57:19Z
2016,REG,MIN,12,00-0032389,CB,Mackensie Alexander,Mackensie,Alexander,,,,Shoulder,,Full Participation in Practice,2016-11-23T09:47:04Z
2016,REG,MIN,12,00-0024030,DT,Tom Johnson,Tom,Johnson,,,,Illness,,Full Participation in Practice,2016-11-23T09:47:19Z
2016,REG,MIN,12,00-0027914,S,Andrew Sendejo,Andrew,Sendejo,,,,Illness,,Full Participation in Practice,2016-11-23T09:47:30Z
2016,REG,MIN,12,00-0030574,DT,Sharrif Floyd,Sharrif,Floyd,Knee,,Out,Knee,,Did Not Participate In Practice,2016-11-23T09:48:33Z
2016,REG,MIN,12,00-0027547,CB,Marcus Sherels,Marcus,Sherels,Rib,Ankle,Out,Rib,Ankle,Did Not Participate In Practice,2016-11-23T09:48:09Z
2016,REG,MIN,12,00-0022045,CB,Terence Newman,Terence,Newman,Neck,,Doubtful,Neck,,Did Not Participate In Practice,2016-11-23T09:48:41Z
2016,REG,MIN,12,00-0031588,WR,Stefon Diggs,Stefon,Diggs,Knee,,Questionable,Knee,,Did Not Participate In Practice,2016-11-23T09:47:49Z
2016,REG,MIN,12,00-0031554,LB,Eric Kendricks,Eric,Kendricks,Hip,,Questionable,Hip,,Limited Participation in Practice,2016-11-23T09:47:49Z
2016,REG,MIN,12,00-0026944,CB,Captain Munnerlyn,Captain,Munnerlyn,Ankle,,Questionable,Ankle,,Limited Participation in Practice,2016-11-23T09:47:49Z
2016,REG,MIN,12,00-0029606,S,Harrison Smith,Harrison,Smith,Ankle,,Questionable,Ankle,,Limited Participation in Practice,2016-11-23T09:47:49Z
2016,REG,NE,12,00-0024349,DE,Rob Ninkovich,Rob,Ninkovich,,,,Not Injury Related,,Did Not Participate In Practice,2016-11-25T12:47:42Z
2016,REG,NE,12,00-0026293,WR,Matt Slater,Matt,Slater,Foot,,Out,Foot,,Did Not Participate In Practice,2016-11-25T12:49:22Z
2016,REG,NE,12,00-0032390,CB,Cyrus Jones,Cyrus,Jones,Illness,,Questionable,Illness,,Did Not Participate In Practice,2016-11-25T12:48:57Z
2016,REG,NE,12,00-0026201,TE,Martellus Bennett,Martellus,Bennett,Ankle,Shoulder,Questionable,Ankle,Shoulder,Limited Participation in Practice,2016-11-25T12:48:57Z
2016,REG,NE,12,00-0019596,QB,Tom Brady,Tom,Brady,Knee,,Questionable,Knee,,Limited Participation in Practice,2016-11-25T12:48:57Z
2016,REG,NE,12,00-0027150,WR,Julian Edelman,Julian,Edelman,Foot,,Questionable,Foot,,Limited Participation in Practice,2016-11-25T12:48:57Z
2016,REG,NE,12,00-0027656,TE,Rob Gronkowski,Rob,Gronkowski,Chest,,Questionable,Chest,,Limited Participation in Practice,2016-11-25T12:48:57Z
2016,REG,NE,12,00-0028237,WR,Chris Hogan,Chris,Hogan,Back,,Questionable,Back,,Limited Participation in Practice,2016-11-25T12:48:57Z
2016,REG,NO,12,00-0024278,DE,Darryl Tapp,Darryl,Tapp,,,,Illness,,Did Not Participate In Practice,2016-11-23T15:28:13Z
2016,REG,NO,12,00-0031474,CB,Delvin Breaux,Delvin,Breaux,,,,Fibula,Ankle,Full Participation in Practice,2016-11-25T13:28:47Z
2016,REG,NO,12,00-0026857,LB,Dannell Ellerbe,Dannell,Ellerbe,,,,Quadricep,,Full Participation in Practice,2016-11-25T13:28:47Z
2016,REG,NO,12,00-0032804,RB,Daniel Lasco,Daniel,Lasco,Hamstring,,Out,Hamstring,,Did Not Participate In Practice,2016-11-25T13:29:34Z
2016,REG,NO,12,00-0030067,T,Terron Armstead,Terron,Armstead,Knee,Quadricep,Questionable,Knee,Quadricep,Limited Participation in Practice,2016-11-25T13:29:09Z
2016,REG,NO,12,00-0029205,RB,Travaris Cadet,Travaris,Cadet,Toe,,Questionable,Toe,,Limited Participation in Practice,2016-11-25T13:29:09Z
2016,REG,NO,12,00-0026270,T,Tony Hills,Tony,Hills,Abdomen,,Questionable,Abdomen,,Limited Participation in Practice,2016-11-25T13:29:09Z
2016,REG,NO,12,00-0027966,RB,Mark Ingram,Mark,Ingram,Concussion,,Questionable,Concussion,,Limited Participation in Practice,2016-11-25T13:29:09Z
2016,REG,NO,12,00-0029546,C,Senio Kelemete,Senio,Kelemete,Triceps,,Questionable,Triceps,,Limited Participation in Practice,2016-11-25T13:29:09Z
2016,REG,NO,12,00-0028082,S,Shiloh Keo,Shiloh,Keo,Neck,,Questionable,Neck,,Limited Participation in Practice,2016-11-25T13:29:09Z
2016,REG,NO,12,00-0030217,G,Tim Lelito,Tim,Lelito,Calf,,Questionable,Calf,,Limited Participation in Practice,2016-11-25T13:29:09Z
2016,REG,NO,12,00-0033051,DE,David Onyemata,David,Onyemata,Knee,,Questionable,Knee,,Limited Participation in Practice,2016-11-25T13:29:09Z
2016,REG,NYG,12,00-0028114,WR,Dwayne Harris,Dwayne,Harris,,,,Wrist,,Limited Participation in Practice,2016-11-25T10:48:07Z
2016,REG,NYG,12,00-0031489,C,Brett Jones,Brett,Jones,Calf,,Out,Calf,,Did Not Participate In Practice,2016-11-25T10:49:27Z
2016,REG,NYG,12,00-0027768,T,Marshall Newhouse,Marshall,Newhouse,Knee,,Out,Knee,,Did Not Participate In Practice,2016-11-25T10:49:39Z
2016,REG,NYG,12,00-0030585,G,Justin Pugh,Justin,Pugh,Knee,,Out,Knee,,Did Not Participate In Practice,2016-11-25T10:49:48Z
2016,REG,NYG,12,00-0030860,RB,Orleans Darkwa,Orleans,Darkwa,lower leg,,Questionable,lower leg,,Limited Participation in Practice,2016-11-25T10:49:11Z
2016,REG,NYG,12,00-0029139,G,Adam Gettis,Adam,Gettis,Calf,,Questionable,Calf,,Limited Participation in Practice,2016-11-25T10:49:11Z
2016,REG,NYG,12,00-0032659,WR,Roger Lewis,Roger,Lewis,Concussion,,Questionable,Concussion,,Limited Participation in Practice,2016-11-25T10:49:11Z
2016,REG,NYG,12,00-0027867,DE,Jason Pierre-Paul,Jason,Pierre-Paul,Knee,,Questionable,Knee,,Limited Participation in Practice,2016-11-25T10:49:11Z
2016,REG,NYJ,12,00-0027978,LB,Bruce Carter,Bruce,Carter,,,,Quadricep,,Full Participation in Practice,2016-11-25T12:14:05Z
2016,REG,NYJ,12,00-0031023,WR,Quincy Enunwa,Quincy,Enunwa,,,,Neck,,Full Participation in Practice,2016-11-25T12:14:01Z
2016,REG,NYJ,12,00-0023682,QB,Ryan Fitzpatrick,Ryan,Fitzpatrick,,,,Knee,,Full Participation in Practice,2016-11-25T12:14:01Z
2016,REG,NYJ,12,00-0026184,RB,Matt Forte,Matt,Forte,,,,Knee,,Full Participation in Practice,2016-11-25T12:14:01Z
2016,REG,NYJ,12,00-0026290,T,Breno Giacomini,Breno,Giacomini,,,,Shoulder,,Full Participation in Practice,2016-11-25T12:14:01Z
2016,REG,NYJ,12,00-0024334,WR,Brandon Marshall,Brandon,Marshall,,,,Foot,,Full Participation in Practice,2016-11-25T12:14:17Z
2016,REG,NYJ,12,00-0030160,LB,Josh Martin,Josh,Martin,,,,Concussion,,Full Participation in Practice,2016-11-25T12:14:01Z
2016,REG,NYJ,12,00-0027968,DE,Muhammad Wilkerson,Muhammad,Wilkerson,,,,Ankle,,Full Participation in Practice,2016-11-25T12:14:01Z
2016,REG,NYJ,12,00-0031733,CB,Nick Marshall,Nick,Marshall,Ankle,,Out,Ankle,,Did Not Participate In Practice,2016-11-25T12:16:02Z
2016,REG,NYJ,12,00-0031151,CB,Marcus Williams,Marcus,Williams,Ankle,,Out,Ankle,,Did Not Participate In Practice,2016-11-25T12:16:12Z
2016,REG,NYJ,12,00-0024244,C,Nick Mangold,Nick,Mangold,Ankle,,Questionable,Ankle,,Limited Participation in Practice,2016-11-25T12:15:49Z
2016,REG,NYJ,12,00-0026564,DT,Steve McLendon,Steve,McLendon,Hamstring,,Questionable,Hamstring,,Limited Participation in Practice,2016-11-25T12:16:07Z
2016,REG,OAK,12,00-0033122,LB,Shilique Calhoun,Shilique,Calhoun,Knee,,Out,Knee,,Did Not Participate In Practice,2016-11-25T13:09:07Z
2016,REG,OAK,12,00-0030420,CB,David Amerson,David,Amerson,Knee,,Questionable,Knee,,Limited Participation in Practice,2016-11-25T13:09:00Z
2016,REG,OAK,12,00-0026986,WR,Michael Crabtree,Michael,Crabtree,Ankle,,Questionable,Ankle,,Limited Participation in Practice,2016-11-25T13:09:00Z
2016,REG,OAK,12,00-0027993,C,Rodney Hudson,Rodney,Hudson,Knee,,Questionable,Knee,,Limited Participation in Practice,2016-11-25T13:09:00Z
2016,REG,OAK,12,00-0030515,DT,Stacy McGee,Stacy,McGee,Ankle,,Questionable,Ankle,,Limited Participation in Practice,2016-11-25T13:09:00Z
2016,REG,OAK,12,00-0031347,S,Keith McGill,Keith,McGill,Abdomen,,Questionable,Abdomen,,Limited Participation in Practice,2016-11-25T13:09:00Z
2016,REG,OAK,12,00-0030513,RB,Latavius Murray,Latavius,Murray,Ankle,,Questionable,Ankle,,Limited Participation in Practice,2016-11-25T13:09:00Z
2016,REG,OAK,12,00-0029259,G,Kelechi Osemele,Kelechi,Osemele,Knee,,Questionable,Knee,,Limited Participation in Practice,2016-11-25T13:09:00Z
2016,REG,OAK,12,00-0027704,LB,Perry Riley,Perry,Riley,Hamstring,,Questionable,Hamstring,,Limited Participation in Practice,2016-11-25T13:09:00Z
2016,REG,PHI,12,00-0027022,DE,Connor Barwin,Connor,Barwin,,,,Knee,,Full Participation in Practice,2016-11-26T11:36:00Z
2016,REG,PHI,12,00-0031338,S,Terrence Brooks,Terrence,Brooks,,,,Hamstring,,Full Participation in Practice,2016-11-26T11:36:00Z
2016,REG,PHI,12,00-0026151,CB,Leodis McKelvin,Leodis,McKelvin,,,,Concussion,,Full Participation in Practice,2016-11-26T11:36:00Z
2016,REG,PHI,12,00-0030387,DE,Steven Means,Steven,Means,,,,Illness,,Full Participation in Practice,2016-11-26T11:36:08Z
2016,REG,PHI,12,00-0023564,RB,Darren Sproles,Darren,Sproles,,,,Rib,,Full Participation in Practice,2016-11-26T11:36:00Z
2016,REG,PHI,12,00-0027864,RB,Ryan Mathews,Ryan,Mathews,Knee,,Out,Knee,,Did Not Participate In Practice,2016-11-26T11:36:27Z
2016,REG,PHI,12,00-0032785,T,Halapoulivaati Vaitai,Halapoulivaati,Vaitai,Knee,,Out,Knee,,Did Not Participate In Practice,2016-11-26T11:36:32Z
2016,REG,PIT,12,00-0032166,WR,Sammie Coates,Sammie,Coates,,,,Finger,,Full Participation in Practice,2016-11-23T09:32:57Z
2016,REG,PIT,12,00-0031035,TE,Xavier Grimble,Xavier,Grimble,Quadricep,,Out,Quadricep,,Did Not Participate In Practice,2016-11-23T09:35:55Z
2016,REG,PIT,12,00-0026983,WR,Darrius Heyward-Bey,Darrius,Heyward-Bey,Foot,,Out,Foot,,Did Not Participate In Practice,2016-11-23T09:35:59Z
2016,REG,PIT,12,00-0030412,S,Shamarko Thomas,Shamarko,Thomas,Groin,,Out,Groin,,Did Not Participate In Practice,2016-11-23T09:36:05Z
2016,REG,PIT,12,00-0024242,RB,DeAngelo Williams,DeAngelo,Williams,Knee,,Out,Knee,,Did Not Participate In Practice,2016-11-23T09:36:17Z
2016,REG,PIT,12,00-0030023,S,Jordan Dangerfield,Jordan,Dangerfield,Groin,,Questionable,Groin,,Full Participation in Practice,2016-11-23T09:35:34Z
2016,REG,SD,12,00-0030312,S,Jahleel Addae,Jahleel,Addae,,,,Collarbone,,Full Participation in Practice,2016-11-25T12:13:43Z
2016,REG,SD,12,00-0032103,LB,Denzel Perryman,Denzel,Perryman,,,,Hamstring,,Full Participation in Practice,2016-11-25T12:13:43Z
2016,REG,SD,12,00-0032895,LB,Jatavis Brown,Jatavis,Brown,Knee,,Out,Knee,,Did Not Participate In Practice,2016-11-25T12:14:13Z
2016,REG,SD,12,00-0030832,TE,Asante Cleveland,Asante,Cleveland,Concussion,Knee,Out,Concussion,Knee,Did Not Participate In Practice,2016-11-25T12:14:20Z
2016,REG,SD,12,00-0026175,CB,Brandon Flowers,Brandon,Flowers,Concussion,,Out,Concussion,,Did Not Participate In Practice,2016-11-25T12:14:29Z
2016,REG,SD,12,00-0029269,WR,Travis Benjamin,Travis,Benjamin,Knee,,Questionable,Knee,,Full Participation in Practice,2016-11-25T12:13:55Z
2016,REG,SD,12,00-0030691,WR,Jeremy Butler,Jeremy,Butler,Ankle,,Questionable,Ankle,,Full Participation in Practice,2016-11-25T12:13:55Z
2016,REG,SD,12,00-0030286,LB,Tourek Williams,Tourek,Williams,Hamstring,,Questionable,Hamstring,,Full Participation in Practice,2016-11-25T12:13:55Z
2016,REG,SEA,12,00-0027696,TE,Jimmy Graham,Jimmy,Graham,,,,Knee,,Full Participation in Practice,2016-11-25T14:59:31Z
2016,REG,SEA,12,00-0031308,LB,Kevin Pierre-Louis,Kevin,Pierre-Louis,,,,Hamstring,,Full Participation in Practice,2016-11-25T14:59:31Z
2016,REG,SEA,12,00-0028092,CB,Richard Sherman,Richard,Sherman,,,,Ankle,,Full Participation in Practice,2016-11-25T14:59:31Z
2016,REG,SEA,12,00-0029263,QB,Russell Wilson,Russell,Wilson,,,,Knee,,Full Participation in Practice,2016-11-25T14:59:31Z
2016,REG,SEA,12,00-0026618,DE,Michael Bennett,Michael,Bennett,Knee,,Out,Knee,,Did Not Participate In Practice,2016-11-25T13:49:59Z
2016,REG,SEA,12,00-0033164,RB,Troymaine Pope,Troymaine,Pope,Ankle,,Out,Ankle,,Did Not Participate In Practice,2016-11-25T13:50:24Z
2016,REG,SEA,12,00-0032393,RB,C.J. Prosise,C.J.,Prosise,Shoulder,,Out,Shoulder,,Did Not Participate In Practice,2016-11-25T13:50:12Z
2016,REG,SEA,12,00-0027866,S,Earl Thomas,Earl,Thomas,Hamstring,,Out,Hamstring,,Did Not Participate In Practice,2016-11-25T14:59:18Z
2016,REG,SEA,12,00-0030770,LB,Brock Coyle,Brock,Coyle,Foot,,Doubtful,Foot,,Did Not Participate In Practice,2016-11-25T14:59:10Z
2016,REG,SEA,12,00-0031282,C,Justin Britt,Justin,Britt,Ankle,,Questionable,Ankle,,Did Not Participate In Practice,2016-11-25T13:51:23Z
2016,REG,SEA,12,00-0030069,DE,Damontre Moore,Damontre,Moore,Foot,,Questionable,Foot,,Did Not Participate In Practice,2016-11-25T13:52:24Z
2016,REG,SEA,12,00-0029191,CB,DeShawn Shead,DeShawn,Shead,Hamstring,,Questionable,Hamstring,,Did Not Participate In Practice,2016-11-25T13:52:37Z
2016,REG,SEA,12,00-0032475,WR,Tanner McEvoy,Tanner,McEvoy,Toe,,Questionable,Toe,,Full Participation in Practice,2016-11-25T13:52:11Z
2016,REG,SF,12,00-0027658,G,Zane Beadles,Zane,Beadles,,,,Ankle,Knee,Full Participation in Practice,2016-11-25T10:39:55Z
2016,REG,SF,12,00-0026145,DT,Glenn Dorsey,Glenn,Dorsey,,,,Knee,,Full Participation in Practice,2016-11-25T10:40:06Z
2016,REG,SF,12,00-0032060,LB,Eli Harold,Eli,Harold,,,,Toe,,Full Participation in Practice,2016-11-25T10:40:11Z
2016,REG,SF,12,00-0028101,C,Daniel Kilgore,Daniel,Kilgore,,,,Hamstring,Calf,Full Participation in Practice,2016-11-25T10:40:18Z
2016,REG,SF,12,00-0031020,CB,Keith Reaser,Keith,Reaser,,,,Ankle,Shoulder,Full Participation in Practice,2016-11-25T10:39:55Z
2016,REG,SF,12,00-0032410,CB,Rashard Robinson,Rashard,Robinson,,,,Knee,,Full Participation in Practice,2016-11-25T10:39:55Z
2016,REG,SF,12,00-0032057,S,Jaquiski Tartt,Jaquiski,Tartt,,,,Calf,,Full Participation in Practice,2016-11-25T10:39:55Z
2016,REG,SF,12,00-0030088,DT,Quinton Dial,Quinton,Dial,Knee,Neck,Questionable,Knee,Neck,Limited Participation in Practice,2016-11-25T10:40:41Z
2016,REG,SF,12,00-0030993,LB,Aaron Lynch,Aaron,Lynch,Ankle,,Questionable,Ankle,,Limited Participation in Practice,2016-11-25T10:40:41Z
2016,REG,SF,12,00-0027996,WR,Torrey Smith,Torrey,Smith,Shoulder,,Questionable,Shoulder,,Limited Participation in Practice,2016-11-25T10:40:41Z
2016,REG,SF,12,00-0031298,CB,Jimmie Ward,Jimmie,Ward,Concussion,,Questionable,Concussion,,Limited Participation in Practice,2016-11-25T10:40:41Z
2016,REG,TB,12,00-0031182,T,Kevin Pamphile,Kevin,Pamphile,,,,Concussion,,Full Participation in Practice,2016-11-25T10:55:13Z
2016,REG,TB,12,00-0026784,C,Evan Smith,Evan,Smith,Knee,,Out,Knee,,Did Not Participate In Practice,2016-11-25T10:57:09Z
2016,REG,TB,12,00-0027705,CB,Alterraun Verner,Alterraun,Verner,Not Injury Related,,Questionable,Not Injury Related,,Did Not Participate In Practice,2016-11-25T10:56:59Z
2016,REG,TB,12,00-0024183,CB,Brent Grimes,Brent,Grimes,Quadricep,,Questionable,Quadricep,,Full Participation in Practice,2016-11-25T10:56:59Z
2016,REG,TB,12,00-0028083,RB,Jacquizz Rodgers,Jacquizz,Rodgers,Foot,,Questionable,Foot,,Full Participation in Practice,2016-11-25T10:56:59Z
2016,REG,TB,12,00-0028042,TE,Luke Stocker,Luke,Stocker,Ankle,,Questionable,Ankle,,Full Participation in Practice,2016-11-25T10:56:59Z
2016,REG,TEN,12,00-0031442,T,Taylor Lewan,Taylor,Lewan,,,,Knee,,Full Participation in Practice,2016-11-25T10:28:04Z
2016,REG,TEN,12,00-0026935,CB,Brice McCain,Brice,McCain,,,,Knee,,Full Participation in Practice,2016-11-25T10:27:58Z
2016,REG,TEN,12,00-0028009,RB,DeMarco Murray,DeMarco,Murray,,,,Foot,,Full Participation in Practice,2016-11-25T10:27:58Z
2016,REG,TEN,12,00-0028987,TE,Phillip Supernaw,Phillip,Supernaw,Concussion,,Out,Concussion,,Did Not Participate In Practice,2016-11-25T10:28:43Z
2016,REG,TEN,12,00-0030491,S,Daimion Stafford,Daimion,Stafford,Hamstring,,Questionable,Hamstring,,Limited Participation in Practice,2016-11-25T10:28:31Z
2016,REG,WAS,12,00-0024330,S,Will Blackmon,Will,Blackmon,,,,Thumb,,Full Participation in Practice,2016-11-23T10:41:08Z
2016,REG,WAS,12,00-0031941,WR,Jamison Crowder,Jamison,Crowder,,,,Back,,Full Participation in Practice,2016-11-23T10:41:08Z
2016,REG,WAS,12,00-0031330,T,Morgan Moses,Morgan,Moses,,,,Ankle,,Full Participation in Practice,2016-11-23T10:41:08Z
2016,REG,WAS,12,00-0031935,LB,Preston Smith,Preston,Smith,,,,Back,,Full Participation in Practice,2016-11-23T10:42:30Z
2016,REG,WAS,12,00-0026714,LS,Nick Sundberg,Nick,Sundberg,Back,,Out,Back,,Did Not Participate In Practice,2016-11-23T10:44:00Z
2016,REG,WAS,12,00-0026512,DE,Chris Baker,Chris,Baker,Hamstring,,Questionable,Hamstring,Illness,Full Participation in Practice,2016-11-23T10:43:02Z
2016,REG,WAS,12,00-0026189,WR,DeSean Jackson,DeSean,Jackson,Shoulder,,Questionable,Shoulder,,Full Participation in Practice,2016-11-23T10:42:38Z
2016,REG,WAS,12,00-0029709,T,Ty Nsekhe,Ty,Nsekhe,Ankle,,Questionable,Ankle,,Full Participation in Practice,2016-11-23T10:42:38Z
2016,REG,ARI,13,00-0022921,WR,Larry Fitzgerald,Larry,Fitzgerald,,,,Not Injury Related,,Full Participation in Practice,2016-12-02T12:44:39Z
2016,REG,ARI,13,00-0029638,WR,Michael Floyd,Michael,Floyd,,,,Hamstring,,Full Participation in Practice,2016-12-02T12:44:45Z
2016,REG,ARI,13,00-0032127,LB,Markus Golden,Markus,Golden,,,,Ankle,,Full Participation in Practice,2016-12-02T12:44:52Z
2016,REG,ARI,13,00-0027873,TE,Jermaine Gresham,Jermaine,Gresham,,,,Illness,,Full Participation in Practice,2016-12-02T12:44:39Z
2016,REG,ARI,13,00-0030382,LB,Kevin Minter,Kevin,Minter,,,,Knee,,Full Participation in Practice,2016-12-02T12:44:39Z
2016,REG,ARI,13,00-0021429,QB,Carson Palmer,Carson,Palmer,,,,Not Injury Related,,Full Participation in Practice,2016-12-02T12:44:39Z
2016,REG,ARI,13,00-0027943,CB,Patrick Peterson,Patrick,Peterson,,,,Knee,,Full Participation in Practice,2016-12-02T12:44:58Z
2016,REG,ARI,13,00-0030487,CB,Tharold Simon,Tharold,Simon,,,,Knee,,Full Participation in Practice,2016-12-02T12:44:39Z
2016,REG,ARI,13,00-0031265,DT,Ed Stinson,Ed,Stinson,,,,Hip,,Full Participation in Practice,2016-12-02T12:44:39Z
2016,REG,ARI,13,00-0031713,DT,Xavier Williams,Xavier,Williams,,,,Illness,,Full Participation in Practice,2016-12-02T12:45:21Z
2016,REG,ARI,13,00-0029530,CB,Justin Bethel,Justin,Bethel,,,,Foot,Knee,Limited Participation in Practice,2016-12-02T12:44:39Z
2016,REG,ARI,13,00-0027686,DT,Corey Peters,Corey,Peters,,,,Foot,,Limited Participation in Practice,2016-12-02T12:44:39Z
2016,REG,ARI,13,00-0030459,S,Tyrann Mathieu,Tyrann,Mathieu,Shoulder,,Doubtful,Shoulder,,Did Not Participate In Practice,2016-12-02T12:46:13Z
2016,REG,ARI,13,00-0031051,WR,John Brown,John,Brown,Illness,,Questionable,Illness,,Limited Participation in Practice,2016-12-02T12:45:50Z
2016,REG,ATL,13,00-0028130,P,Matt Bosher,Matt,Bosher,,,,right Hamstring,,Full Participation in Practice,2016-12-02T12:11:13Z
2016,REG,ATL,13,00-0021146,DE,Dwight Freeney,Dwight,Freeney,,,,Not Injury Related,,Full Participation in Practice,2016-12-02T12:10:52Z
2016,REG,ATL,13,00-0027958,DE,Adrian Clayborn,Adrian,Clayborn,Knee,,Out,Knee,,Did Not Participate In Practice,2016-12-02T12:11:27Z
2016,REG,ATL,13,00-0029792,LB,Paul Worrilow,Paul,Worrilow,Illness,,Questionable,Illness,,Did Not Participate In Practice,2016-12-02T12:11:55Z
2016,REG,BAL,13,00-0022161,LB,Terrell Suggs,Terrell,Suggs,,,,Not Injury Related,,Full Participation in Practice,2016-12-02T12:14:05Z
2016,REG,BAL,13,00-0025473,G,Marshal Yanda,Marshal,Yanda,,,,Shoulder,,Full Participation in Practice,2016-12-02T12:13:32Z
2016,REG,BAL,13,00-0026223,C,Jeremy Zuttah,Jeremy,Zuttah,,,,Not Injury Related,,Full Participation in Practice,2016-12-02T12:14:15Z
2016,REG,BAL,13,00-0030992,TE,Crockett Gillmore,Crockett,Gillmore,Thigh,,Out,Thigh,,Did Not Participate In Practice,2016-12-02T12:14:36Z
2016,REG,BAL,13,00-0032407,T,Alex Lewis,Alex,Lewis,Ankle,,Out,Ankle,,Did Not Participate In Practice,2016-12-02T12:14:41Z
2016,REG,BAL,13,00-0031066,RB,Lorenzo Taliaferro,Lorenzo,Taliaferro,Thigh,,Out,Thigh,,Did Not Participate In Practice,2016-12-02T12:14:46Z
2016,REG,BAL,13,00-0031577,RB,Javorius Allen,Javorius,Allen,non football injury,,Doubtful,non football injury,,Did Not Participate In Practice,2016-12-02T12:14:51Z
2016,REG,BAL,13,00-0028497,WR,Kamar Aiken,Kamar,Aiken,Thigh,,Questionable,Thigh,,Full Participation in Practice,2016-12-02T12:14:25Z
2016,REG,BAL,13,00-0027965,CB,Jimmy Smith,Jimmy,Smith,Back,,Questionable,Back,,Full Participation in Practice,2016-12-02T12:14:25Z
2016,REG,BUF,13,00-0029566,LB,Zach Brown,Zach,Brown,,,,Hand,,Full Participation in Practice,2016-12-02T09:55:58Z
2016,REG,BUF,13,00-0031171,LB,Preston Brown,Preston,Brown,,,,Wrist,,Full Participation in Practice,2016-12-02T09:56:10Z
2016,REG,BUF,13,00-0028118,QB,Tyrod Taylor,Tyrod,Taylor,,,,Groin,,Full Participation in Practice,2016-12-02T09:55:58Z
2016,REG,BUF,13,00-0032195,CB,Ronald Darby,Ronald,Darby,Concussion,,Out,Concussion,,Did Not Participate In Practice,2016-12-02T09:56:19Z
2016,REG,BUF,13,00-0026998,WR,Percy Harvin,Percy,Harvin,Illness,,Out,Illness,,Did Not Participate In Practice,2016-12-02T09:56:23Z
2016,REG,BUF,13,00-0030431,WR,Robert Woods,Robert,Woods,Knee,,Out,Knee,,Did Not Participate In Practice,2016-12-02T09:56:32Z
2016,REG,BUF,13,00-0023259,LB,Lorenzo Alexander,Lorenzo,Alexander,Ankle,,Questionable,Ankle,,Limited Participation in Practice,2016-12-02T09:56:13Z
2016,REG,BUF,13,00-0027232,S,Sergio Brown,Sergio,Brown,Hamstring,,Questionable,Hamstring,,Limited Participation in Practice,2016-12-02T09:56:13Z
2016,REG,BUF,13,00-0028112,TE,Charles Clay,Charles,Clay,Knee,,Questionable,Knee,,Limited Participation in Practice,2016-12-02T09:56:13Z
2016,REG,BUF,13,00-0027941,DT,Marcell Dareus,Marcell,Dareus,Abdomen,,Questionable,Abdomen,,Limited Participation in Practice,2016-12-02T09:56:13Z
2016,REG,BUF,13,00-0030433,RB,Mike Gillislee,Mike,Gillislee,Hamstring,,Questionable,Hamstring,,Limited Participation in Practice,2016-12-02T09:56:13Z
2016,REG,BUF,13,00-0029561,T,Cordy Glenn,Cordy,Glenn,Back,,Questionable,Back,,Limited Participation in Practice,2016-12-02T09:56:13Z
2016,REG,BUF,13,00-0030068,WR,Marquise Goodwin,Marquise,Goodwin,Wrist,,Questionable,Wrist,,Limited Participation in Practice,2016-12-02T09:56:13Z
2016,REG,BUF,13,00-0025753,S,James Ihedigbo,James,Ihedigbo,Ankle,,Questionable,Ankle,,Limited Participation in Practice,2016-12-02T09:56:13Z
2016,REG,BUF,13,00-0023516,G,Richie Incognito,Richie,Incognito,Neck,,Questionable,Neck,,Limited Participation in Practice,2016-12-02T09:56:13Z
2016,REG,BUF,13,00-0032149,G,John Miller,John,Miller,Shoulder,,Questionable,Shoulder,,Limited Participation in Practice,2016-12-02T09:56:13Z
2016,REG,BUF,13,00-0031325,WR,Sammy Watkins,Sammy,Watkins,Foot,,Questionable,Foot,,Limited Participation in Practice,2016-12-02T09:56:13Z
2016,REG,CAR,13,00-0031359,WR,Kelvin Benjamin,Kelvin,Benjamin,,,,Shoulder,,Full Participation in Practice,2016-12-02T13:40:50Z
2016,REG,CAR,13,00-0031118,WR,Corey Brown,Corey,Brown,,,,Shoulder,,Full Participation in Practice,2016-12-02T13:40:21Z
2016,REG,CAR,13,00-0031843,DE,Ryan Delaire,Ryan,Delaire,,,,Knee,,Full Participation in Practice,2016-12-02T13:40:21Z
2016,REG,CAR,13,00-0025396,WR,Ted Ginn,Ted,Ginn,,,,Not Injury Related,,Full Participation in Practice,2016-12-02T13:40:21Z
2016,REG,CAR,13,00-0025470,DE,Charles Johnson,Charles,Johnson,,,,Not Injury Related,,Full Participation in Practice,2016-12-02T13:40:21Z
2016,REG,CAR,13,00-0030448,DT,Kawann Short,Kawann,Short,,,,Back,,Full Participation in Practice,2016-12-02T13:40:21Z
2016,REG,CAR,13,00-0026153,RB,Jonathan Stewart,Jonathan,Stewart,,,,Not Injury Related,,Full Participation in Practice,2016-12-02T13:41:00Z
2016,REG,CAR,13,00-0028339,DE,Mario Addison,Mario,Addison,Foot,,Out,Foot,,Did Not Participate In Practice,2016-12-02T13:41:23Z
2016,REG,CAR,13,00-0027835,S,Kurt Coleman,Kurt,Coleman,Concussion,,Out,Concussion,,Did Not Participate In Practice,2016-12-02T13:41:36Z
2016,REG,CAR,13,00-0029248,LB,Luke Kuechly,Luke,Kuechly,Concussion,,Out,Concussion,,Did Not Participate In Practice,2016-12-02T13:41:50Z
2016,REG,CAR,13,00-0031567,T,Daryl Williams,Daryl,Williams,Ankle,,Out,Ankle,,Did Not Participate In Practice,2016-12-02T13:42:01Z
2016,REG,CHI,13,00-0026180,CB,Tracy Porter,Tracy,Porter,,,,Knee,,Full Participation in Practice,2016-12-02T12:18:48Z
2016,REG,CHI,13,00-0027573,DE,Mitch Unrein,Mitch,Unrein,,,,Back,,Full Participation in Practice,2016-12-02T12:18:48Z
2016,REG,CHI,13,00-0024226,QB,Jay Cutler,Jay,Cutler,right Shoulder,,Out,right Shoulder,,Did Not Participate In Practice,2016-12-02T12:19:34Z
2016,REG,CHI,13,00-0026182,WR,Eddie Royal,Eddie,Royal,Toe,,Questionable,Toe,,Did Not Participate In Practice,2016-12-02T12:19:25Z
2016,REG,CHI,13,00-0027808,LB,Willie Young,Willie,Young,Knee,,Questionable,Knee,,Did Not Participate In Practice,2016-12-02T12:19:25Z
2016,REG,CHI,13,00-0031584,S,Adrian Amos,Adrian,Amos,Foot,,Questionable,Foot,,Limited Participation in Practice,2016-12-02T12:19:25Z
2016,REG,CHI,13,00-0033072,LB,Leonard Floyd,Leonard,Floyd,Concussion,,Questionable,Concussion,,Limited Participation in Practice,2016-12-02T12:19:25Z
2016,REG,CHI,13,00-0032776,CB,Deiondre' Hall,Deiondre',Hall,Ankle,,Questionable,Ankle,,Limited Participation in Practice,2016-12-02T12:19:25Z
2016,REG,CHI,13,00-0026275,G,Josh Sitton,Josh,Sitton,Ankle,,Questionable,Ankle,,Limited Participation in Practice,2016-12-02T12:19:25Z
2016,REG,CIN,13,00-0024270,T,Andrew Whitworth,Andrew,Whitworth,,,,Not Injury Related,,Did Not Participate In Practice,2016-11-30T12:48:29Z
2016,REG,CIN,13,00-0028039,G,Clint Boling,Clint,Boling,,,,Shoulder,,Full Participation in Practice,2016-12-02T09:50:12Z
2016,REG,CIN,13,00-0027662,DE,Carlos Dunlap,Carlos,Dunlap,,,,Thigh,,Full Participation in Practice,2016-12-02T09:50:12Z
2016,REG,CIN,13,00-0030780,TE,Ryan Hewitt,Ryan,Hewitt,,,,Foot,,Full Participation in Practice,2016-12-02T09:52:40Z
2016,REG,CIN,13,00-0032214,TE,Tyler Kroft,Tyler,Kroft,,,,Concussion,,Full Participation in Practice,2016-12-02T09:50:12Z
2016,REG,CIN,13,00-0027681,WR,Brandon LaFell,Brandon,LaFell,,,,Knee,,Full Participation in Practice,2016-12-02T09:50:12Z
2016,REG,CIN,13,00-0031288,QB,AJ McCarron,AJ,McCarron,,,,Neck,,Full Participation in Practice,2016-12-02T09:50:12Z
2016,REG,CIN,13,00-0030471,S,Shawn Williams,Shawn,Williams,,,,Hamstring,,Full Participation in Practice,2016-12-02T09:52:56Z
2016,REG,CIN,13,00-0031291,WR,James Wright,James,Wright,,,,Hamstring,,Full Participation in Practice,2016-12-02T09:53:03Z
2016,REG,CIN,13,00-0026105,DE,Wallace Gilberry,Wallace,Gilberry,Calf,,Out,Calf,,Did Not Participate In Practice,2016-12-02T09:50:43Z
2016,REG,CIN,13,00-0027942,WR,A.J. Green,A.J.,Green,Hamstring,,Out,Hamstring,,Did Not Participate In Practice,2016-12-02T09:51:02Z
2016,REG,CIN,13,00-0032069,S,Derron Smith,Derron,Smith,Thigh,,Out,Thigh,,Did Not Participate In Practice,2016-12-02T09:51:25Z
2016,REG,CIN,13,00-0032134,TE,C.J. Uzomah,C.J.,Uzomah,Calf,,Doubtful,Calf,,Did Not Participate In Practice,2016-12-02T09:52:08Z
2016,REG,CIN,13,00-0025630,LS,Clark Harris,Clark,Harris,Groin,,Doubtful,Groin,,Limited Participation in Practice,2016-12-02T09:51:51Z
2016,REG,DAL,13,00-0029676,CB,Morris Claiborne,Morris,Claiborne,Groin,,Out,Groin,,Did Not Participate In Practice,2016-11-30T09:28:01Z
2016,REG,DAL,13,00-0025435,LB,Justin Durant,Justin,Durant,Hamstring,,Out,Hamstring,,Did Not Participate In Practice,2016-11-30T09:28:07Z
2016,REG,DAL,13,00-0032204,T,Chaz Green,Chaz,Green,Back,,Out,Back,,Did Not Participate In Practice,2016-11-30T09:28:16Z
2016,REG,DAL,13,00-0030543,S,J.J. Wilcox,J.J.,Wilcox,Thigh,,Out,Thigh,,Did Not Participate In Practice,2016-11-30T09:28:24Z
2016,REG,DAL,13,00-0031997,DE,David Irving,David,Irving,Illness,,Questionable,Illness,,Full Participation in Practice,2016-11-30T09:27:45Z
2016,REG,DAL,13,00-0027663,LB,Sean Lee,Sean,Lee,Illness,,Questionable,Illness,,Full Participation in Practice,2016-11-30T09:27:45Z
2016,REG,DAL,13,00-0027416,S,Barry Church,Barry,Church,Forearm,,Questionable,Forearm,,Limited Participation in Practice,2016-11-30T09:27:53Z
2016,REG,DAL,13,00-0029627,DE,Jack Crawford,Jack,Crawford,Foot,,Questionable,Foot,,Limited Participation in Practice,2016-11-30T09:27:45Z
2016,REG,DAL,13,00-0031411,DE,Demarcus Lawrence,Demarcus,Lawrence,Back,,Questionable,Back,,Limited Participation in Practice,2016-11-30T09:27:45Z
2016,REG,DAL,13,00-0028003,DT,Terrell McClain,Terrell,McClain,Thigh,,Questionable,Thigh,,Limited Participation in Practice,2016-11-30T09:27:45Z
2016,REG,DAL,13,00-0027947,T,Tyron Smith,Tyron,Smith,Back,Hip,Questionable,Back,Hip,Limited Participation in Practice,2016-11-30T09:27:45Z
2016,REG,DEN,13,00-0032972,RB,Devontae Booker,Devontae,Booker,,,,Ankle,,Full Participation in Practice,2016-12-02T11:25:51Z
2016,REG,DEN,13,00-0031609,TE,A.J. Derby,A.J.,Derby,,,,Abdomen,,Full Participation in Practice,2016-12-02T11:25:51Z
2016,REG,DEN,13,00-0027859,T,Russell Okung,Russell,Okung,,,,Not Injury Related,,Full Participation in Practice,2016-12-02T11:25:51Z
2016,REG,DEN,13,00-0031349,C,Matt Paradis,Matt,Paradis,,,,Hips,,Full Participation in Practice,2016-12-02T11:26:01Z
2016,REG,DEN,13,00-0027685,WR,Emmanuel Sanders,Emmanuel,Sanders,,,,Thumb,,Full Participation in Practice,2016-12-02T11:25:51Z
2016,REG,DEN,13,00-0026160,CB,Aqib Talib,Aqib,Talib,,,,Back,,Full Participation in Practice,2016-12-02T11:25:51Z
2016,REG,DEN,13,00-0032956,RB,Andy Janovich,Andy,Janovich,Ankle,,Out,Ankle,,Did Not Participate In Practice,2016-12-02T11:26:13Z
2016,REG,DEN,13,00-0030957,LS,Casey Kreiter,Casey,Kreiter,Calf,,Out,Calf,,Did Not Participate In Practice,2016-12-02T11:26:21Z
2016,REG,DEN,13,00-0032156,QB,Trevor Siemian,Trevor,Siemian,Foot,,Out,Foot,,Did Not Participate In Practice,2016-12-02T11:26:30Z
2016,REG,DEN,13,00-0030670,WR,Bennie Fowler,Bennie,Fowler,Knee,,Out,Knee,,Limited Participation in Practice,2016-12-02T11:26:10Z
2016,REG,DET,13,00-0030059,DE,Ezekiel Ansah,Ezekiel,Ansah,Ankle,,Questionable,Ankle,,Full Participation in Practice,2016-12-02T12:31:54Z
2016,REG,DET,13,00-0027124,S,Don Carey,Don,Carey,Hamstring,,Questionable,Hamstring,,Limited Participation in Practice,2016-12-02T12:31:54Z
2016,REG,DET,13,00-0029293,WR,Marvin Jones,Marvin,Jones,Thigh,,Questionable,Thigh,,Limited Participation in Practice,2016-12-02T12:31:54Z
2016,REG,DET,13,00-0027050,LB,DeAndre Levy,DeAndre,Levy,Knee,,Questionable,Knee,,Limited Participation in Practice,2016-12-02T12:31:54Z
2016,REG,DET,13,00-0030107,RB,Theo Riddick,Theo,Riddick,Ankle,,Questionable,Ankle,,Limited Participation in Practice,2016-12-02T12:31:54Z
2016,REG,DET,13,00-0029212,LB,Tahir Whitehead,Tahir,Whitehead,Knee,,Questionable,Knee,,Limited Participation in Practice,2016-12-02T12:31:54Z
2016,REG,GB,13,00-0029187,T,Don Barclay,Don,Barclay,,,,Shoulder,,Full Participation in Practice,2016-12-02T12:34:04Z
2016,REG,GB,13,00-0030752,LB,Jayrone Elliott,Jayrone,Elliott,,,,Hamstring,,Full Participation in Practice,2016-12-02T12:34:04Z
2016,REG,GB,13,00-0031829,CB,Ladarius Gunter,Ladarius,Gunter,,,,Back,,Full Participation in Practice,2016-12-02T12:34:12Z
2016,REG,GB,13,00-0032251,CB,Damarious Randall,Damarious,Randall,,,,Groin,,Limited Participation in Practice,2016-12-02T12:34:04Z
2016,REG,GB,13,00-0032955,LB,Kyler Fackrell,Kyler,Fackrell,Hamstring,,Out,Hamstring,,Did Not Participate In Practice,2016-12-02T12:34:27Z
2016,REG,GB,13,00-0031080,CB,Demetri Goodson,Demetri,Goodson,Knee,,Out,Knee,,Did Not Participate In Practice,2016-12-02T12:34:36Z
2016,REG,GB,13,00-0027078,G,T.J. Lang,T.J.,Lang,Foot,,Doubtful,Foot,,Did Not Participate In Practice,2016-12-02T12:34:57Z
2016,REG,GB,13,00-0030076,C,J.C. Tretter,J.C.,Tretter,Knee,,Doubtful,Knee,,Did Not Participate In Practice,2016-12-02T12:35:05Z
2016,REG,GB,13,00-0032408,LB,Blake Martinez,Blake,Martinez,Knee,,Questionable,Knee,,Limited Participation in Practice,2016-12-02T12:34:14Z
2016,REG,GB,13,00-0027002,LB,Clay Matthews,Clay,Matthews,Shoulder,,Questionable,Shoulder,,Limited Participation in Practice,2016-12-02T12:34:14Z
2016,REG,GB,13,00-0023459,QB,Aaron Rodgers,Aaron,Rodgers,Hamstring,,Questionable,Hamstring,,Limited Participation in Practice,2016-12-02T12:34:14Z
2016,REG,GB,13,00-0031578,LB,Jake Ryan,Jake,Ryan,Ankle,,Questionable,Ankle,,Limited Participation in Practice,2016-12-02T12:34:14Z
2016,REG,HOU,13,00-0030228,CB,A.J. Bouye,A.J.,Bouye,,,,Ankle,,Full Participation in Practice,2016-12-02T12:29:00Z
2016,REG,HOU,13,00-0031138,LB,Max Bullough,Max,Bullough,,,,Elbow,,Full Participation in Practice,2016-12-02T12:29:00Z
2016,REG,HOU,13,00-0025900,T,Chris Clark,Chris,Clark,,,,Shoulder,Hip,Full Participation in Practice,2016-12-02T12:29:00Z
2016,REG,HOU,13,00-0031302,TE,C.J. Fiedorowicz,C.J.,Fiedorowicz,,,,Shoulder,,Full Participation in Practice,2016-12-02T12:29:11Z
2016,REG,HOU,13,00-0033127,WR,Will Fuller,Will,Fuller,,,,Knee,,Full Participation in Practice,2016-12-02T12:29:00Z
2016,REG,HOU,13,00-0030108,TE,Ryan Griffin,Ryan,Griffin,,,,Neck,,Full Participation in Practice,2016-12-02T12:29:00Z
2016,REG,HOU,13,00-0027872,CB,Kareem Jackson,Kareem,Jackson,,,,Hamstring,,Full Participation in Practice,2016-12-02T12:29:17Z
2016,REG,HOU,13,00-0024239,CB,Johnathan Joseph,Johnathan,Joseph,,,,Shin,,Full Participation in Practice,2016-12-02T12:29:22Z
2016,REG,HOU,13,00-0022793,DE,Antonio Smith,Antonio,Smith,,,,Hip,,Full Participation in Practice,2016-12-02T12:29:00Z
2016,REG,HOU,13,00-0029615,RB,Lamar Miller,Lamar,Miller,,,,Ankle,Ribs,Limited Participation in Practice,2016-12-02T12:29:00Z
2016,REG,HOU,13,00-0031085,RB,Jay Prosch,Jay,Prosch,,,,Hamstring,,Limited Participation in Practice,2016-12-02T12:29:00Z
2016,REG,HOU,13,00-0032424,DT,D.J. Reader,D.J.,Reader,,,,Shoulder,,Limited Participation in Practice,2016-12-02T12:29:00Z
2016,REG,HOU,13,00-0022712,DT,Vince Wilfork,Vince,Wilfork,,,,Groin,,Limited Participation in Practice,2016-12-02T12:29:00Z
2016,REG,HOU,13,00-0032404,RB,Tyler Ervin,Tyler,Ervin,Ribs,,Out,Ribs,,Did Not Participate In Practice,2016-12-02T12:29:46Z
2016,REG,HOU,13,00-0030442,LB,John Simon,John,Simon,Chest,,Out,Chest,,Did Not Participate In Practice,2016-12-02T12:30:07Z
2016,REG,HOU,13,00-0031560,WR,Jaelen Strong,Jaelen,Strong,Ankle,,Out,Ankle,,Did Not Participate In Practice,2016-12-02T12:30:13Z
2016,REG,HOU,13,00-0031087,S,Andre Hal,Andre,Hal,Illness,,Questionable,Illness,,Did Not Participate In Practice,2016-12-02T12:29:24Z
2016,REG,HOU,13,00-0031075,RB,Alfred Blue,Alfred,Blue,Calf,,Questionable,Calf,,Limited Participation in Practice,2016-12-02T12:29:24Z
2016,REG,HOU,13,00-0031364,DE,Jadeveon Clowney,Jadeveon,Clowney,Elbow,Wrist,Questionable,Elbow,Wrist,Limited Participation in Practice,2016-12-02T12:29:24Z
2016,REG,HOU,13,00-0026991,LB,Brian Cushing,Brian,Cushing,Back,,Questionable,Back,,Limited Participation in Practice,2016-12-02T12:29:24Z
2016,REG,IND,13,00-0027001,CB,Vontae Davis,Vontae,Davis,,,,Groin,,Full Participation in Practice,2016-12-03T10:16:21Z
2016,REG,IND,13,00-0032383,C,Ryan Kelly,Ryan,Kelly,,,,Shoulder,,Full Participation in Practice,2016-12-03T10:16:21Z
2016,REG,IND,13,00-0029668,QB,Andrew Luck,Andrew,Luck,,,,Right Shoulder,Concussion,Full Participation in Practice,2016-12-03T10:16:21Z
2016,REG,IND,13,00-0032353,CB,Chris Milton,Chris,Milton,,,,Foot,,Full Participation in Practice,2016-12-03T10:16:21Z
2016,REG,IND,13,00-0031571,S,Clayton Geathers,Clayton,Geathers,Neck,,Out,Concussion,Neck,Did Not Participate In Practice,2016-12-03T10:30:41Z
2016,REG,IND,13,00-0022059,LB,Robert Mathis,Robert,Mathis,Bicep,,Out,Bicep,,Did Not Participate In Practice,2016-12-03T10:20:39Z
2016,REG,IND,13,00-0027882,CB,Patrick Robinson,Patrick,Robinson,Groin,,Out,Groin,,Did Not Participate In Practice,2016-12-03T10:20:46Z
2016,REG,IND,13,00-0031632,T,Denzelle Good,Denzelle,Good,Shoulder,,Questionable,Shoulder,,Full Participation in Practice,2016-12-03T10:52:36Z
2016,REG,IND,13,00-0029608,WR,T.Y. Hilton,T.Y.,Hilton,Back,,Questionable,Back,,Full Participation in Practice,2016-12-03T10:17:50Z
2016,REG,IND,13,00-0032402,DT,Hassan Ridgeway,Hassan,Ridgeway,Back,,Questionable,Back,,Full Participation in Practice,2016-12-03T10:17:50Z
2016,REG,JAX,13,00-0032052,DE,Dante Fowler,Dante,Fowler,,,,Not Injury Related,,Did Not Participate In Practice,2016-12-02T09:34:20Z
2016,REG,JAX,13,00-0029316,T,Kelvin Beachum,Kelvin,Beachum,,,,Knee,,Full Participation in Practice,2016-12-02T09:34:05Z
2016,REG,JAX,13,00-0031407,QB,Blake Bortles,Blake,Bortles,,,,right Shoulder,,Full Participation in Practice,2016-12-02T09:34:05Z
2016,REG,JAX,13,00-0029568,DT,Malik Jackson,Malik,Jackson,,,,Back,,Full Participation in Practice,2016-12-02T09:34:36Z
2016,REG,JAX,13,00-0029946,DT,Abry Jones,Abry,Jones,,,,Ankle,,Full Participation in Practice,2016-12-02T09:34:44Z
2016,REG,JAX,13,00-0031369,G,Brandon Linder,Brandon,Linder,,,,Ankle,,Full Participation in Practice,2016-12-02T09:34:05Z
2016,REG,JAX,13,00-0026725,LB,Dan Skuta,Dan,Skuta,,,,Back,,Full Participation in Practice,2016-12-02T09:34:05Z
2016,REG,JAX,13,00-0031264,DE,Chris Smith,Chris,Smith,,,,Eye,,Full Participation in Practice,2016-12-02T09:34:05Z
2016,REG,JAX,13,00-0028846,S,Peyton Thompson,Peyton,Thompson,,,,Ankle,,Full Participation in Practice,2016-12-02T09:35:00Z
2016,REG,JAX,13,00-0032209,RB,T.J. Yeldon,T.J.,Yeldon,,,,Ankle,,Limited Participation in Practice,2016-12-02T09:34:05Z
2016,REG,JAX,13,00-0032170,WR,Rashad Greene,Rashad,Greene,Achilles,,Out,Achilles,,Did Not Participate In Practice,2016-12-02T09:35:43Z
2016,REG,JAX,13,00-0030821,WR,Allen Hurns,Allen,Hurns,Hamstring,,Out,Hamstring,,Did Not Participate In Practice,2016-12-02T09:35:53Z
2016,REG,JAX,13,00-0027531,RB,Chris Ivory,Chris,Ivory,Hamstring,,Out,Hamstring,,Did Not Participate In Practice,2016-12-02T09:36:07Z
2016,REG,JAX,13,00-0027878,DE,Jared Odrick,Jared,Odrick,Shoulder,,Out,Shoulder,,Did Not Participate In Practice,2016-12-02T09:36:18Z
2016,REG,JAX,13,00-0028067,TE,Julius Thomas,Julius,Thomas,Back,,Doubtful,Back,,Did Not Participate In Practice,2016-12-02T09:35:31Z
2016,REG,JAX,13,00-0033123,DE,Yannick Ngakoue,Yannick,Ngakoue,Ankle,,Questionable,Ankle,,Limited Participation in Practice,2016-12-02T09:35:16Z
2016,REG,KC,13,00-0024235,LB,Tamba Hali,Tamba,Hali,,,,Knee,,Did Not Participate In Practice,2016-12-02T12:02:24Z
2016,REG,KC,13,00-0029277,DE,Jaye Howard,Jaye,Howard,,,,Hip,,Did Not Participate In Practice,2016-11-30T13:56:51Z
2016,REG,KC,13,00-0032128,WR,Chris Conley,Chris,Conley,,,,Achilles,,Full Participation in Practice,2016-12-02T12:03:03Z
2016,REG,KC,13,00-0023449,LB,Derrick Johnson,Derrick,Johnson,,,,Achilles,,Full Participation in Practice,2016-11-30T14:04:37Z
2016,REG,KC,13,00-0030506,TE,Travis Kelce,Travis,Kelce,,,,Shoulder,,Full Participation in Practice,2016-11-30T14:04:49Z
2016,REG,KC,13,00-0032150,CB,Steven Nelson,Steven,Nelson,,,,Neck,,Full Participation in Practice,2016-12-02T12:00:26Z
2016,REG,KC,13,00-0029253,T,Mitchell Schwartz,Mitchell,Schwartz,,,,Ankle,,Full Participation in Practice,2016-12-02T12:02:53Z
2016,REG,KC,13,00-0023436,QB,Alex Smith,Alex,Smith,,,,Chest,,Full Participation in Practice,2016-11-30T14:05:18Z
2016,REG,KC,13,00-0029688,DT,Dontari Poe,Dontari,Poe,Back,,Questionable,Back,,Did Not Participate In Practice,2016-12-02T12:03:31Z
2016,REG,KC,13,00-0031297,LB,Dee Ford,Dee,Ford,Hamstring,,Questionable,Hamstring,,Limited Participation in Practice,2016-12-02T12:03:31Z
2016,REG,KC,13,00-0028008,LB,Justin Houston,Justin,Houston,Shoulder,,Questionable,Shoulder,,Limited Participation in Practice,2016-12-02T12:03:31Z
2016,REG,KC,13,00-0026995,WR,Jeremy Maclin,Jeremy,Maclin,Groin,,Questionable,Groin,,Limited Participation in Practice,2016-12-02T12:03:31Z
2016,REG,KC,13,00-0029256,DE,Kendall Reyes,Kendall,Reyes,Knee,,Questionable,Knee,,Limited Participation in Practice,2016-12-02T12:03:31Z
2016,REG,LA,13,00-0030525,WR,Tavon Austin,Tavon,Austin,Chest,,Doubtful,Chest,,Did Not Participate In Practice,2016-12-02T12:12:56Z
2016,REG,LA,13,00-0027952,DE,Robert Quinn,Robert,Quinn,Concussion,,Questionable,Concussion,,Did Not Participate In Practice,2016-12-02T12:12:51Z
2016,REG,LA,13,00-0028274,C,Tim Barnes,Tim,Barnes,Foot,,Questionable,Foot,,Limited Participation in Practice,2016-12-02T12:12:51Z
2016,REG,LA,13,00-0032246,T,Andrew Donnal,Andrew,Donnal,Hip,,Questionable,Hip,,Limited Participation in Practice,2016-12-02T12:12:51Z
2016,REG,LA,13,00-0027648,T,Rodger Saffold,Rodger,Saffold,Hand,,Questionable,Hand,,Limited Participation in Practice,2016-12-02T12:12:51Z
2016,REG,MIA,13,00-0027953,C,Mike Pouncey,Mike,Pouncey,Hip,,Out,Hip,,Did Not Participate In Practice,2016-12-02T11:50:27Z
2016,REG,MIA,13,00-0033050,CB,Xavien Howard,Xavien,Howard,Knee,,Doubtful,Knee,,Limited Participation in Practice,2016-12-02T11:50:20Z
2016,REG,MIA,13,00-0031547,WR,DeVante Parker,DeVante,Parker,Back,,Questionable,Back,,Did Not Participate In Practice,2016-12-02T11:50:11Z
2016,REG,MIA,13,00-0026155,T,Branden Albert,Branden,Albert,Wrist,,Questionable,Wrist,,Full Participation in Practice,2016-12-02T11:50:11Z
2016,REG,MIA,13,00-0025512,T,Jermon Bushrod,Jermon,Bushrod,Calf,,Questionable,Calf,,Full Participation in Practice,2016-12-02T11:50:11Z
2016,REG,MIA,13,00-0033118,RB,Kenyan Drake,Kenyan,Drake,Knee,,Questionable,Knee,,Full Participation in Practice,2016-12-02T11:50:11Z
2016,REG,MIA,13,00-0032380,T,Laremy Tunsil,Laremy,Tunsil,Shoulder,,Questionable,Shoulder,,Full Participation in Practice,2016-12-02T11:50:11Z
2016,REG,MIA,13,00-0030401,LB,Kiko Alonso,Kiko,Alonso,Hamstring,,Questionable,Hamstring,,Limited Participation in Practice,2016-12-02T11:50:11Z
2016,REG,MIA,13,00-0030384,LB,Jelani Jenkins,Jelani,Jenkins,Knee,Hand,Questionable,Knee,Hand,Limited Participation in Practice,2016-12-02T11:50:11Z
2016,REG,MIA,13,00-0027684,DT,Earl Mitchell,Earl,Mitchell,Back,,Questionable,Back,,Limited Participation in Practice,2016-12-02T11:50:11Z
2016,REG,MIN,13,00-0024232,LB,Chad Greenway,Chad,Greenway,,,,Not Injury Related,,Did Not Participate In Practice,2016-11-28T11:08:42Z
2016,REG,MIN,13,00-0027854,QB,Sam Bradford,Sam,Bradford,,,,Ankle,,Full Participation in Practice,2016-11-30T08:58:11Z
2016,REG,MIN,13,00-0027701,DE,Everson Griffen,Everson,Griffen,,,,Shoulder,,Full Participation in Practice,2016-11-30T08:58:39Z
2016,REG,MIN,13,00-0031554,LB,Eric Kendricks,Eric,Kendricks,,,,Hip,,Full Participation in Practice,2016-11-30T08:58:27Z
2016,REG,MIN,13,00-0026944,CB,Captain Munnerlyn,Captain,Munnerlyn,,,,Ankle,,Full Participation in Practice,2016-11-30T08:58:00Z
2016,REG,MIN,13,00-0030923,T,Jeremiah Sirles,Jeremiah,Sirles,,,,Hip,,Full Participation in Practice,2016-11-30T08:57:40Z
2016,REG,MIN,13,00-0029606,S,Harrison Smith,Harrison,Smith,,,,Ankle,,Full Participation in Practice,2016-11-30T08:57:49Z
2016,REG,MIN,13,00-0030035,WR,Adam Thielen,Adam,Thielen,,,,Shoulder,,Full Participation in Practice,2016-11-30T08:57:40Z
2016,REG,MIN,13,00-0023639,C,Joe Berger,Joe,Berger,Concussion,,Out,Concussion,,Did Not Participate In Practice,2016-11-30T08:59:28Z
2016,REG,MIN,13,00-0030574,DT,Sharrif Floyd,Sharrif,Floyd,Knee,,Out,Knee,,Did Not Participate In Practice,2016-11-30T08:59:59Z
2016,REG,MIN,13,00-0027547,CB,Marcus Sherels,Marcus,Sherels,Rib,,Out,Rib,,Did Not Participate In Practice,2016-11-30T08:59:20Z
2016,REG,MIN,13,00-0032389,CB,Mackensie Alexander,Mackensie,Alexander,Groin,,Doubtful,Groin,,Limited Participation in Practice,2016-11-30T08:59:09Z
2016,REG,MIN,13,00-0031588,WR,Stefon Diggs,Stefon,Diggs,Knee,,Questionable,Knee,,Full Participation in Practice,2016-11-30T08:59:00Z
2016,REG,MIN,13,00-0022045,CB,Terence Newman,Terence,Newman,Neck,,Questionable,Neck,,Full Participation in Practice,2016-11-30T08:59:00Z
2016,REG,NE,13,00-0027656,TE,Rob Gronkowski,Rob,Gronkowski,Back,,Out,Back,,Did Not Participate In Practice,2016-12-02T13:12:37Z
2016,REG,NE,13,00-0031559,S,Jordan Richards,Jordan,Richards,Knee,,Out,Knee,,Did Not Participate In Practice,2016-12-02T13:13:05Z
2016,REG,NE,13,00-0032578,DT,Woodrow Hamilton,Woodrow,Hamilton,Illness,,Questionable,Illness,,Did Not Participate In Practice,2016-12-02T13:11:41Z
2016,REG,NE,13,00-0026293,WR,Matt Slater,Matt,Slater,Foot,,Questionable,Foot,,Did Not Participate In Practice,2016-12-02T13:11:41Z
2016,REG,NE,13,00-0026201,TE,Martellus Bennett,Martellus,Bennett,Ankle,Shoulder,Questionable,Ankle,Shoulder,Limited Participation in Practice,2016-12-02T13:11:41Z
2016,REG,NE,13,00-0019596,QB,Tom Brady,Tom,Brady,Knee,,Questionable,Knee,,Limited Participation in Practice,2016-12-02T13:11:41Z
2016,REG,NE,13,00-0029570,S,Nate Ebner,Nate,Ebner,Concussion,,Questionable,Concussion,,Limited Participation in Practice,2016-12-02T13:11:41Z
2016,REG,NE,13,00-0027150,WR,Julian Edelman,Julian,Edelman,Foot,,Questionable,Foot,,Limited Participation in Practice,2016-12-02T13:11:41Z
2016,REG,NE,13,00-0031566,DE,Trey Flowers,Trey,Flowers,Shin,,Questionable,Shin,,Limited Participation in Practice,2016-12-02T13:11:41Z
2016,REG,NE,13,00-0028237,WR,Chris Hogan,Chris,Hogan,Back,,Questionable,Back,,Limited Participation in Practice,2016-12-02T13:11:41Z
2016,REG,NE,13,00-0032442,LB,Elandon Roberts,Elandon,Roberts,Jaw,,Questionable,Jaw,,Limited Participation in Practice,2016-12-02T13:11:41Z
2016,REG,NO,13,00-0029546,C,Senio Kelemete,Senio,Kelemete,,,,Hip,,Full Participation in Practice,2016-12-02T12:59:57Z
2016,REG,NO,13,00-0027139,TE,John Phillips,John,Phillips,,,,Ankle,,Full Participation in Practice,2016-12-02T13:00:02Z
2016,REG,NO,13,00-0024424,T,Zach Strief,Zach,Strief,,,,Knee,,Full Participation in Practice,2016-12-02T13:00:10Z
2016,REG,NO,13,00-0030067,T,Terron Armstead,Terron,Armstead,Knee,Quadricep,Out,Knee,Quadricep,Did Not Participate In Practice,2016-12-02T13:00:31Z
2016,REG,NO,13,00-0032804,RB,Daniel Lasco,Daniel,Lasco,Hamstring,,Out,Hamstring,,Did Not Participate In Practice,2016-12-02T13:00:44Z
2016,REG,NO,13,00-0027966,RB,Mark Ingram,Mark,Ingram,Toe,,Questionable,Toe,,Limited Participation in Practice,2016-12-02T13:00:18Z
2016,REG,NYG,13,00-0028114,WR,Dwayne Harris,Dwayne,Harris,,,,Wrist,,Full Participation in Practice,2016-12-02T11:01:26Z
2016,REG,NYG,13,00-0031070,S,Nat Berhe,Nat,Berhe,Concussion,,Out,Concussion,,Did Not Participate In Practice,2016-12-02T11:01:49Z
2016,REG,NYG,13,00-0028620,LB,Mark Herzlich,Mark,Herzlich,Concussion,,Out,Concussion,,Did Not Participate In Practice,2016-12-02T11:01:59Z
2016,REG,NYG,13,00-0031562,DE,Owamagbe Odighizuwa,Owamagbe,Odighizuwa,Knee,,Out,Knee,,Did Not Participate In Practice,2016-12-02T11:02:13Z
2016,REG,NYG,13,00-0030585,G,Justin Pugh,Justin,Pugh,Knee,,Out,Knee,,Limited Participation in Practice,2016-12-02T11:02:25Z
2016,REG,NYG,13,00-0031489,C,Brett Jones,Brett,Jones,Calf,,Questionable,Calf,,Limited Participation in Practice,2016-12-02T11:01:40Z
2016,REG,NYG,13,00-0027768,T,Marshall Newhouse,Marshall,Newhouse,Knee,,Questionable,Knee,,Limited Participation in Practice,2016-12-02T11:01:40Z
2016,REG,NYJ,13,00-0029601,TE,Brandon Bostick,Brandon,Bostick,,,,Wrist,,Full Participation in Practice,2016-12-03T11:04:19Z
2016,REG,NYJ,13,00-0023682,QB,Ryan Fitzpatrick,Ryan,Fitzpatrick,,,,Knee,,Full Participation in Practice,2016-12-03T11:04:19Z
2016,REG,NYJ,13,00-0026184,RB,Matt Forte,Matt,Forte,,,,Knee,,Full Participation in Practice,2016-12-03T11:04:19Z
2016,REG,NYJ,13,00-0024244,C,Nick Mangold,Nick,Mangold,,,,Ankle,,Full Participation in Practice,2016-12-03T11:04:19Z
2016,REG,NYJ,13,00-0031733,CB,Nick Marshall,Nick,Marshall,,,,Ankle,,Full Participation in Practice,2016-12-03T11:04:55Z
2016,REG,NYJ,13,00-0024334,WR,Brandon Marshall,Brandon,Marshall,,,,Foot,Knee,Full Participation in Practice,2016-12-03T11:04:39Z
2016,REG,NYJ,13,00-0026493,LS,Tanner Purdum,Tanner,Purdum,,,,Finger,,Full Participation in Practice,2016-12-03T11:04:19Z
2016,REG,NYJ,13,00-0031934,WR,Devin Smith,Devin,Smith,,,,Illness,,Full Participation in Practice,2016-12-03T11:04:47Z
2016,REG,NYJ,13,00-0032694,WR,Jalin Marshall,Jalin,Marshall,Concussion,,Out,Concussion,,Did Not Participate In Practice,2016-12-03T11:05:20Z
2016,REG,NYJ,13,00-0026564,DT,Steve McLendon,Steve,McLendon,Hamstring,,Out,Hamstring,,Did Not Participate In Practice,2016-12-03T11:05:37Z
2016,REG,NYJ,13,00-0031343,S,Calvin Pryor,Calvin,Pryor,Concussion,,Out,Concussion,,Did Not Participate In Practice,2016-12-03T11:05:42Z
2016,REG,NYJ,13,00-0031564,LB,Lorenzo Mauldin,Lorenzo,Mauldin,Ankle,,Doubtful,Ankle,,Did Not Participate In Practice,2016-12-03T11:05:32Z
2016,REG,NYJ,13,00-0027968,DE,Muhammad Wilkerson,Muhammad,Wilkerson,Ankle,,Questionable,Ankle,,Did Not Participate In Practice,2016-12-03T11:05:01Z
2016,REG,NYJ,13,00-0027978,LB,Bruce Carter,Bruce,Carter,Quadricep,,Questionable,Quadricep,,Limited Participation in Practice,2016-12-03T11:05:01Z
2016,REG,NYJ,13,00-0026290,T,Breno Giacomini,Breno,Giacomini,Back,Shoulder,Questionable,Back,Shoulder,Limited Participation in Practice,2016-12-03T11:05:01Z
2016,REG,NYJ,13,00-0031151,CB,Marcus Williams,Marcus,Williams,Ankle,,Questionable,Ankle,,Limited Participation in Practice,2016-12-03T11:05:01Z
2016,REG,OAK,13,00-0031280,QB,Derek Carr,Derek,Carr,,,,right Finger,,Full Participation in Practice,2016-12-02T12:38:16Z
2016,REG,OAK,13,00-0033122,LB,Shilique Calhoun,Shilique,Calhoun,Knee,,Out,Knee,,Did Not Participate In Practice,2016-12-02T12:38:37Z
2016,REG,OAK,13,00-0030572,CB,D.J. Hayden,D.J.,Hayden,Hamstring,,Out,Hamstring,,Did Not Participate In Practice,2016-12-02T12:39:12Z
2016,REG,OAK,13,00-0032938,DT,Darius Latham,Darius,Latham,Ankle,,Out,Ankle,,Did Not Participate In Practice,2016-12-02T12:39:20Z
2016,REG,OAK,13,00-0030515,DT,Stacy McGee,Stacy,McGee,Ankle,,Out,Ankle,,Did Not Participate In Practice,2016-12-02T12:39:26Z
2016,REG,OAK,13,00-0030420,CB,David Amerson,David,Amerson,Knee,,Questionable,Knee,,Limited Participation in Practice,2016-12-02T12:38:27Z
2016,REG,OAK,13,00-0026986,WR,Michael Crabtree,Michael,Crabtree,Ankle,,Questionable,Ankle,,Limited Participation in Practice,2016-12-02T12:38:27Z
2016,REG,OAK,13,00-0027993,C,Rodney Hudson,Rodney,Hudson,Knee,,Questionable,Knee,,Limited Participation in Practice,2016-12-02T12:38:27Z
2016,REG,OAK,13,00-0030513,RB,Latavius Murray,Latavius,Murray,Ankle,,Questionable,Ankle,,Limited Participation in Practice,2016-12-02T12:38:27Z
2016,REG,OAK,13,00-0029259,G,Kelechi Osemele,Kelechi,Osemele,Knee,,Questionable,Knee,,Limited Participation in Practice,2016-12-02T12:38:27Z
2016,REG,OAK,13,00-0027704,LB,Perry Riley,Perry,Riley,Hamstring,,Questionable,Hamstring,,Limited Participation in Practice,2016-12-02T12:38:27Z
2016,REG,OAK,13,00-0028180,LB,Malcolm Smith,Malcolm,Smith,Hamstring,,Questionable,Hamstring,,Limited Participation in Practice,2016-12-02T12:38:27Z
2016,REG,PHI,13,00-0030149,G,Matt Tobin,Matt,Tobin,,,,Not Injury Related,,Did Not Participate In Practice,2016-12-01T11:19:50Z
2016,REG,PHI,13,00-0029679,G,Brandon Brooks,Brandon,Brooks,,,,Illness,,Full Participation in Practice,2016-11-30T12:03:32Z
2016,REG,PHI,13,00-0031371,DE,Marcus Smith,Marcus,Smith,,,,Shoulder,,Full Participation in Practice,2016-12-02T11:14:55Z
2016,REG,PHI,13,00-0027864,RB,Ryan Mathews,Ryan,Mathews,Knee,,Out,Knee,,Did Not Participate In Practice,2016-12-02T11:16:03Z
2016,REG,PHI,13,00-0032785,T,Halapoulivaati Vaitai,Halapoulivaati,Vaitai,Knee,,Out,Knee,,Did Not Participate In Practice,2016-12-02T11:16:28Z
2016,REG,PHI,13,00-0031299,WR,Jordan Matthews,Jordan,Matthews,Ankle,,Questionable,Ankle,,Did Not Participate In Practice,2016-12-02T11:16:20Z
2016,REG,PIT,13,00-0027793,WR,Antonio Brown,Antonio,Brown,,,,Not Injury Related,,Did Not Participate In Practice,2016-11-30T12:27:39Z
2016,REG,PIT,13,00-0029678,G,David DeCastro,David,DeCastro,,,,Illness,,Full Participation in Practice,2016-12-02T10:21:51Z
2016,REG,PIT,13,00-0031035,TE,Xavier Grimble,Xavier,Grimble,,,,Quadricep,,Full Participation in Practice,2016-12-02T10:21:46Z
2016,REG,PIT,13,00-0030412,S,Shamarko Thomas,Shamarko,Thomas,,,,Groin,,Full Participation in Practice,2016-12-02T10:21:46Z
2016,REG,PIT,13,00-0026983,WR,Darrius Heyward-Bey,Darrius,Heyward-Bey,Foot,,Out,Foot,,Did Not Participate In Practice,2016-12-02T10:22:24Z
2016,REG,PIT,13,00-0024242,RB,DeAngelo Williams,DeAngelo,Williams,Knee,,Out,Knee,,Did Not Participate In Practice,2016-12-02T10:22:31Z
2016,REG,SD,13,00-0030505,G,D.J. Fluker,D.J.,Fluker,,,,Shoulder,,Did Not Participate In Practice,2016-12-02T13:03:22Z
2016,REG,SD,13,00-0026253,S,Dwight Lowery,Dwight,Lowery,,,,Hand,,Full Participation in Practice,2016-12-02T13:02:49Z
2016,REG,SD,13,00-0031258,LB,Jeremiah Attaochu,Jeremiah,Attaochu,Foot,,Out,Foot,,Did Not Participate In Practice,2016-12-02T13:04:10Z
2016,REG,SD,13,00-0032895,LB,Jatavis Brown,Jatavis,Brown,Knee,,Out,Knee,,Did Not Participate In Practice,2016-12-02T13:04:17Z
2016,REG,SD,13,00-0026175,CB,Brandon Flowers,Brandon,Flowers,Concussion,,Out,Concussion,,Did Not Participate In Practice,2016-12-02T13:04:24Z
2016,REG,SD,13,00-0030832,TE,Asante Cleveland,Asante,Cleveland,Concussion,Knee,Questionable,Concussion,Knee,Full Participation in Practice,2016-12-02T13:04:01Z
2016,REG,SD,13,00-0030921,DT,Tenny Palepoi,Tenny,Palepoi,Shoulder,,Questionable,Shoulder,,Full Participation in Practice,2016-12-02T13:04:01Z
2016,REG,SD,13,00-0032160,WR,Tyrell Williams,Tyrell,Williams,Shoulder,,Questionable,Shoulder,,Limited Participation in Practice,2016-12-02T13:04:01Z
2016,REG,SEA,13,00-0028092,CB,Richard Sherman,Richard,Sherman,,,,Not Injury Related,,Did Not Participate In Practice,2016-12-02T15:53:01Z
2016,REG,SEA,13,00-0031282,C,Justin Britt,Justin,Britt,,,,Ankle,,Full Participation in Practice,2016-12-02T15:51:54Z
2016,REG,SEA,13,00-0027696,TE,Jimmy Graham,Jimmy,Graham,,,,Knee,,Full Participation in Practice,2016-12-02T15:51:54Z
2016,REG,SEA,13,00-0024102,DT,Tony McDaniel,Tony,McDaniel,,,,Illness,,Full Participation in Practice,2016-12-02T15:52:15Z
2016,REG,SEA,13,00-0029191,CB,DeShawn Shead,DeShawn,Shead,,,,Hamstring,,Full Participation in Practice,2016-12-02T15:52:37Z
2016,REG,SEA,13,00-0027866,S,Earl Thomas,Earl,Thomas,,,,Hamstring,,Full Participation in Practice,2016-12-02T15:51:54Z
2016,REG,SEA,13,00-0030770,LB,Brock Coyle,Brock,Coyle,Foot,,Out,Foot,,Did Not Participate In Practice,2016-12-02T12:54:51Z
2016,REG,SEA,13,00-0032393,RB,C.J. Prosise,C.J.,Prosise,Shoulder,,Out,Shoulder,,Did Not Participate In Practice,2016-12-02T12:54:22Z
2016,REG,SEA,13,00-0031257,WR,Paul Richardson,Paul,Richardson,Hamstring,,Out,Hamstring,,Did Not Participate In Practice,2016-12-02T12:54:37Z
2016,REG,SEA,13,00-0031313,LB,Jordan Tripp,Jordan,Tripp,Thigh,,Out,Thigh,,Did Not Participate In Practice,2016-12-02T12:55:15Z
2016,REG,SEA,13,00-0033164,RB,Troymaine Pope,Troymaine,Pope,Ankle,,Questionable,Ankle,,Full Participation in Practice,2016-12-02T12:57:16Z
2016,REG,SEA,13,00-0026618,DE,Michael Bennett,Michael,Bennett,Knee,,Questionable,Knee,,Limited Participation in Practice,2016-12-02T12:56:33Z
2016,REG,SEA,13,00-0030069,DE,Damontre Moore,Damontre,Moore,Foot,,Questionable,Foot,,Limited Participation in Practice,2016-12-02T12:57:01Z
2016,REG,SEA,13,00-0030089,TE,Luke Willson,Luke,Willson,Knee,,Questionable,Knee,,Limited Participation in Practice,2016-12-02T12:55:39Z
2016,REG,SF,13,00-0027658,G,Zane Beadles,Zane,Beadles,,,,Ankle,Knee,Full Participation in Practice,2016-12-02T11:54:36Z
2016,REG,SF,13,00-0032413,DT,Ronald Blair,Ronald,Blair,,,,Hamstring,,Full Participation in Practice,2016-12-02T11:54:44Z
2016,REG,SF,13,00-0030088,DT,Quinton Dial,Quinton,Dial,,,,Knee,Neck,Full Participation in Practice,2016-12-02T11:54:54Z
2016,REG,SF,13,00-0026145,DT,Glenn Dorsey,Glenn,Dorsey,,,,Knee,,Full Participation in Practice,2016-12-02T11:55:01Z
2016,REG,SF,13,00-0032060,LB,Eli Harold,Eli,Harold,,,,Toe,,Full Participation in Practice,2016-12-02T11:55:07Z
2016,REG,SF,13,00-0028101,C,Daniel Kilgore,Daniel,Kilgore,,,,Hamstring,Calf,Full Participation in Practice,2016-12-02T11:54:36Z
2016,REG,SF,13,00-0032410,CB,Rashard Robinson,Rashard,Robinson,,,,Knee,,Full Participation in Practice,2016-12-02T11:54:36Z
2016,REG,SF,13,00-0027996,WR,Torrey Smith,Torrey,Smith,,,,Shoulder,,Full Participation in Practice,2016-12-02T11:54:36Z
2016,REG,SF,13,00-0030993,LB,Aaron Lynch,Aaron,Lynch,Ankle,,Questionable,Ankle,,Limited Participation in Practice,2016-12-02T11:55:47Z
2016,REG,SF,13,00-0030450,WR,Quinton Patton,Quinton,Patton,Concussion,,Questionable,Concussion,,Limited Participation in Practice,2016-12-02T11:55:59Z
2016,REG,TB,13,00-0031408,WR,Mike Evans,Mike,Evans,,,,Not Injury Related,,Full Participation in Practice,2016-12-02T11:22:19Z
2016,REG,TB,13,00-0028031,S,Chris Conte,Chris,Conte,Chest,,Out,Chest,,Did Not Participate In Practice,2016-12-02T11:22:49Z
2016,REG,TB,13,00-0026784,C,Evan Smith,Evan,Smith,Knee,,Out,Knee,,Did Not Participate In Practice,2016-12-02T11:22:57Z
2016,REG,TB,13,00-0027135,TE,Brandon Myers,Brandon,Myers,Hip,,Questionable,Hip,,Full Participation in Practice,2016-12-02T11:22:41Z
2016,REG,TB,13,00-0028083,RB,Jacquizz Rodgers,Jacquizz,Rodgers,Foot,,Questionable,Foot,,Full Participation in Practice,2016-12-02T11:22:41Z
2016,REG,TB,13,00-0032772,S,Ryan Smith,Ryan,Smith,Shoulder,,Questionable,Shoulder,,Full Participation in Practice,2016-12-02T11:22:41Z
2016,REG,TB,13,00-0027856,DT,Gerald McCoy,Gerald,McCoy,Foot,,Questionable,Foot,,Limited Participation in Practice,2016-12-02T11:22:41Z
2016,REG,WAS,13,00-0024330,S,Will Blackmon,Will,Blackmon,,,,Thumb,,Full Participation in Practice,2016-12-02T10:53:43Z
2016,REG,WAS,13,00-0026189,WR,DeSean Jackson,DeSean,Jackson,,,,Shoulder,,Full Participation in Practice,2016-12-02T10:53:43Z
2016,REG,WAS,13,00-0032369,DE,Anthony Lanier,Anthony,Lanier,Shin,,Out,Shin,,Did Not Participate In Practice,2016-12-02T10:54:29Z
2016,REG,WAS,13,00-0030472,TE,Jordan Reed,Jordan,Reed,Shoulder,,Out,Shoulder,,Did Not Participate In Practice,2016-12-02T10:54:33Z
2016,REG,WAS,13,00-0030033,LB,Terence Garvin,Terence,Garvin,Shoulder,,Questionable,Shoulder,,Full Participation in Practice,2016-12-02T10:54:19Z
2016,REG,WAS,13,00-0026502,DE,Ricky Jean Francois,Ricky,Jean Francois,Knee,,Questionable,Knee,,Full Participation in Practice,2016-12-02T10:54:19Z
2016,REG,WAS,13,00-0031300,LB,Trent Murphy,Trent,Murphy,Ankle,,Questionable,Ankle,,Full Participation in Practice,2016-12-02T10:54:19Z
2016,REG,WAS,13,00-0026714,LS,Nick Sundberg,Nick,Sundberg,Back,,Questionable,Back,,Full Participation in Practice,2016-12-02T10:54:19Z
2016,REG,WAS,13,00-0030404,RB,Chris Thompson,Chris,Thompson,Illness,,Questionable,Illness,,Full Participation in Practice,2016-12-02T10:54:19Z
2016,REG,WAS,13,00-0031052,CB,Bashaud Breeland,Bashaud,Breeland,Ankle,,Questionable,Ankle,,Limited Participation in Practice,2016-12-02T10:54:19Z
2016,REG,WAS,13,00-0029709,T,Ty Nsekhe,Ty,Nsekhe,Ankle,,Questionable,Ankle,,Limited Participation in Practice,2016-12-02T10:54:19Z
2016,REG,WAS,13,00-0032053,G,Brandon Scherff,Brandon,Scherff,Ankle,,Questionable,Ankle,,Limited Participation in Practice,2016-12-02T10:54:19Z
2016,REG,ARI,14,00-0029530,CB,Justin Bethel,Justin,Bethel,,,,Foot,Knee,Full Participation in Practice,2016-12-09T12:12:12Z
2016,REG,ARI,14,00-0022921,WR,Larry Fitzgerald,Larry,Fitzgerald,,,,Not Injury Related,,Full Participation in Practice,2016-12-09T12:12:05Z
2016,REG,ARI,14,00-0021429,QB,Carson Palmer,Carson,Palmer,,,,Not Injury Related,,Full Participation in Practice,2016-12-09T12:12:05Z
2016,REG,ARI,14,00-0027686,DT,Corey Peters,Corey,Peters,,,,Foot,,Full Participation in Practice,2016-12-09T12:12:05Z
2016,REG,ARI,14,00-0027943,CB,Patrick Peterson,Patrick,Peterson,,,,Knee,,Full Participation in Practice,2016-12-09T12:12:05Z
2016,REG,ARI,14,00-0024306,DT,Frostee Rucker,Frostee,Rucker,,,,Not Injury Related,,Full Participation in Practice,2016-12-09T12:12:05Z
2016,REG,ARI,14,00-0030459,S,Tyrann Mathieu,Tyrann,Mathieu,Shoulder,,Out,Shoulder,,Did Not Participate In Practice,2016-12-09T12:13:21Z
2016,REG,ARI,14,00-0031051,WR,John Brown,John,Brown,Illness,,Questionable,Illness,,Limited Participation in Practice,2016-12-09T12:12:57Z
2016,REG,ARI,14,00-0032127,LB,Markus Golden,Markus,Golden,Hamstring,,Questionable,Hamstring,,Limited Participation in Practice,2016-12-09T12:12:57Z
2016,REG,ARI,14,00-0032761,DT,Robert Nkemdiche,Robert,Nkemdiche,Elbow,,Questionable,Elbow,,Limited Participation in Practice,2016-12-09T12:12:57Z
2016,REG,ARI,14,00-0030487,CB,Tharold Simon,Tharold,Simon,Ankle,,Questionable,Ankle,,Limited Participation in Practice,2016-12-09T12:12:57Z
2016,REG,ATL,14,00-0029144,T,Tom Compton,Tom,Compton,,,,Knee,,Full Participation in Practice,2016-12-09T10:24:02Z
2016,REG,ATL,14,00-0021146,DE,Dwight Freeney,Dwight,Freeney,,,,Not Injury Related,,Full Participation in Practice,2016-12-09T10:24:02Z
2016,REG,ATL,14,00-0027958,DE,Adrian Clayborn,Adrian,Clayborn,Knee,,Out,Knee,,Did Not Participate In Practice,2016-12-09T10:24:50Z
2016,REG,ATL,14,00-0029632,WR,Mohamed Sanu,Mohamed,Sanu,Groin,,Out,Groin,,Did Not Participate In Practice,2016-12-09T10:24:59Z
2016,REG,ATL,14,00-0027944,WR,Julio Jones,Julio,Jones,Toe,,Questionable,Toe,,Did Not Participate In Practice,2016-12-09T10:24:43Z
2016,REG,ATL,14,00-0031680,S,Robenson Therezie,Robenson,Therezie,Ankle,,Questionable,Ankle,,Did Not Participate In Practice,2016-12-09T10:24:43Z
2016,REG,ATL,14,00-0031279,T,Jake Matthews,Jake,Matthews,Knee,,Questionable,Knee,,Limited Participation in Practice,2016-12-09T10:24:43Z
2016,REG,BAL,14,00-0022161,LB,Terrell Suggs,Terrell,Suggs,,,,Not Injury Related,,Did Not Participate In Practice,2016-12-09T13:28:27Z
2016,REG,BAL,14,00-0026223,C,Jeremy Zuttah,Jeremy,Zuttah,,,,Not Injury Related,,Did Not Participate In Practice,2016-12-09T13:28:37Z
2016,REG,BAL,14,00-0030992,TE,Crockett Gillmore,Crockett,Gillmore,Thigh,,Out,Thigh,,Did Not Participate In Practice,2016-12-10T13:18:37Z
2016,REG,BAL,14,00-0031066,RB,Lorenzo Taliaferro,Lorenzo,Taliaferro,Thigh,,Out,Thigh,,Did Not Participate In Practice,2016-12-10T13:18:45Z
2016,REG,BAL,14,00-0032407,T,Alex Lewis,Alex,Lewis,Ankle,,Doubtful,Ankle,,Limited Participation in Practice,2016-12-10T13:18:57Z
2016,REG,BAL,14,00-0025473,G,Marshal Yanda,Marshal,Yanda,Shoulder,,Questionable,Shoulder,,Full Participation in Practice,2016-12-10T13:18:19Z
2016,REG,BUF,14,00-0023259,LB,Lorenzo Alexander,Lorenzo,Alexander,,,,Not Injury Related,,Did Not Participate In Practice,2016-12-07T12:14:21Z
2016,REG,BUF,14,00-0027668,LB,Brandon Spikes,Brandon,Spikes,,,,Illness,,Did Not Participate In Practice,2016-12-09T10:36:54Z
2016,REG,BUF,14,00-0032195,CB,Ronald Darby,Ronald,Darby,,,,Concussion,,Full Participation in Practice,2016-12-09T10:36:41Z
2016,REG,BUF,14,00-0028118,QB,Tyrod Taylor,Tyrod,Taylor,,,,Groin,,Full Participation in Practice,2016-12-09T10:36:41Z
2016,REG,BUF,14,00-0029799,LB,Lerentee McCray,Lerentee,McCray,Concussion,,Out,Concussion,,Did Not Participate In Practice,2016-12-09T10:37:26Z
2016,REG,BUF,14,00-0024348,DT,Kyle Williams,Kyle,Williams,Back,,Questionable,Back,,Did Not Participate In Practice,2016-12-09T10:37:18Z
2016,REG,BUF,14,00-0028112,TE,Charles Clay,Charles,Clay,Knee,,Questionable,Knee,,Limited Participation in Practice,2016-12-09T10:37:18Z
2016,REG,BUF,14,00-0029561,T,Cordy Glenn,Cordy,Glenn,Back,,Questionable,Back,,Limited Participation in Practice,2016-12-09T10:37:18Z
2016,REG,BUF,14,00-0031325,WR,Sammy Watkins,Sammy,Watkins,Foot,,Questionable,Foot,,Limited Participation in Practice,2016-12-09T10:37:18Z
2016,REG,BUF,14,00-0030431,WR,Robert Woods,Robert,Woods,Knee,,Questionable,Knee,,Limited Participation in Practice,2016-12-09T10:37:18Z
2016,REG,CAR,14,00-0026153,RB,Jonathan Stewart,Jonathan,Stewart,,,,Not Injury Related,,Full Participation in Practice,2016-12-09T11:52:38Z
2016,REG,CAR,14,00-0025470,DE,Charles Johnson,Charles,Johnson,Hamstring,,Out,Hamstring,,Did Not Participate In Practice,2016-12-09T11:54:04Z
2016,REG,CAR,14,00-0031596,LB,David Mayo,David,Mayo,Concussion,,Out,Concussion,,Did Not Participate In Practice,2016-12-09T11:54:19Z
2016,REG,CAR,14,00-0031567,T,Daryl Williams,Daryl,Williams,Ankle,,Out,Ankle,,Did Not Participate In Practice,2016-12-09T11:54:34Z
2016,REG,CAR,14,00-0028339,DE,Mario Addison,Mario,Addison,Foot,,Questionable,Foot,,Full Participation in Practice,2016-12-09T11:53:54Z
2016,REG,CAR,14,00-0027835,S,Kurt Coleman,Kurt,Coleman,Concussion,,Questionable,Concussion,,Full Participation in Practice,2016-12-09T11:53:54Z
2016,REG,CAR,14,00-0029248,LB,Luke Kuechly,Luke,Kuechly,Concussion,,Questionable,Concussion,,Full Participation in Practice,2016-12-09T11:53:54Z
2016,REG,CAR,14,00-0032891,CB,Daryl Worley,Daryl,Worley,Concussion,,Questionable,Concussion,,Full Participation in Practice,2016-12-09T11:53:54Z
2016,REG,CHI,14,00-0031584,S,Adrian Amos,Adrian,Amos,,,,Foot,,Full Participation in Practice,2016-12-09T11:04:45Z
2016,REG,CHI,14,00-0032776,CB,Deiondre' Hall,Deiondre',Hall,,,,Ankle,,Full Participation in Practice,2016-12-09T11:04:45Z
2016,REG,CHI,14,00-0028103,LB,Pernell McPhee,Pernell,McPhee,,,,Knee,,Full Participation in Practice,2016-12-09T11:04:45Z
2016,REG,CHI,14,00-0026180,CB,Tracy Porter,Tracy,Porter,,,,Knee,,Full Participation in Practice,2016-12-09T11:04:45Z
2016,REG,CHI,14,00-0027808,LB,Willie Young,Willie,Young,,,,Knee,,Full Participation in Practice,2016-12-09T11:04:53Z
2016,REG,CHI,14,00-0029202,T,Mike Adams,Mike,Adams,Back,,Doubtful,Back,,Did Not Participate In Practice,2016-12-09T11:06:25Z
2016,REG,CHI,14,00-0026182,WR,Eddie Royal,Eddie,Royal,Toe,,Doubtful,Toe,,Did Not Participate In Practice,2016-12-09T11:06:35Z
2016,REG,CHI,14,00-0031902,LB,Jonathan Anderson,Jonathan,Anderson,Hamstring,,Questionable,Hamstring,,Limited Participation in Practice,2016-12-09T11:05:53Z
2016,REG,CHI,14,00-0030469,CB,Johnthan Banks,Johnthan,Banks,Ankle,,Questionable,Ankle,,Limited Participation in Practice,2016-12-09T11:05:53Z
2016,REG,CHI,14,00-0029319,WR,Josh Bellamy,Josh,Bellamy,Shoulder,,Questionable,Shoulder,,Limited Participation in Practice,2016-12-09T11:05:53Z
2016,REG,CHI,14,00-0030047,WR,Marquess Wilson,Marquess,Wilson,Groin,,Questionable,Groin,,Limited Participation in Practice,2016-12-09T11:05:53Z
2016,REG,CIN,14,00-0031306,C,Russell Bodine,Russell,Bodine,,,,Illness,,Did Not Participate In Practice,2016-12-07T12:18:51Z
2016,REG,CIN,14,00-0029560,CB,Dre Kirkpatrick,Dre,Kirkpatrick,,,,Illness,,Did Not Participate In Practice,2016-12-08T10:27:17Z
2016,REG,CIN,14,00-0024338,DT,Domata Peko,Domata,Peko,,,,Not Injury Related,,Did Not Participate In Practice,2016-12-07T12:19:53Z
2016,REG,CIN,14,00-0028039,G,Clint Boling,Clint,Boling,,,,Shoulder,,Full Participation in Practice,2016-12-09T10:00:33Z
2016,REG,CIN,14,00-0032196,T,Jake Fisher,Jake,Fisher,,,,Knee,,Full Participation in Practice,2016-12-09T09:59:04Z
2016,REG,CIN,14,00-0029215,S,George Iloka,George,Iloka,,,,Groin,,Full Participation in Practice,2016-12-09T10:05:58Z
2016,REG,CIN,14,00-0027681,WR,Brandon LaFell,Brandon,LaFell,,,,Knee,,Full Participation in Practice,2016-12-09T09:59:04Z
2016,REG,CIN,14,00-0026105,DE,Wallace Gilberry,Wallace,Gilberry,Calf,,Out,Calf,,Did Not Participate In Practice,2016-12-09T10:07:34Z
2016,REG,CIN,14,00-0027942,WR,A.J. Green,A.J.,Green,Hamstring,,Out,Hamstring,,Did Not Participate In Practice,2016-12-09T10:08:12Z
2016,REG,CIN,14,00-0032069,S,Derron Smith,Derron,Smith,Thigh,,Out,Thigh,,Did Not Participate In Practice,2016-12-09T10:09:20Z
2016,REG,CIN,14,00-0032134,TE,C.J. Uzomah,C.J.,Uzomah,Calf,,Out,Calf,,Did Not Participate In Practice,2016-12-09T10:09:29Z
2016,REG,CIN,14,00-0031291,WR,James Wright,James,Wright,Knee,,Out,Knee,,Did Not Participate In Practice,2016-12-09T10:09:36Z
2016,REG,CIN,14,00-0025630,LS,Clark Harris,Clark,Harris,Groin,,Questionable,Groin,,Full Participation in Practice,2016-12-09T10:07:15Z
2016,REG,CLE,14,00-0032983,LB,Dominique Alexander,Dominique,Alexander,,,,Groin,,Full Participation in Practice,2016-12-09T10:33:18Z
2016,REG,CLE,14,00-0033080,TE,Seth DeValve,Seth,DeValve,,,,Hamstring,,Full Participation in Practice,2016-12-09T10:33:18Z
2016,REG,CLE,14,00-0027860,CB,Joe Haden,Joe,Haden,,,,Groin,,Full Participation in Practice,2016-12-09T10:33:28Z
2016,REG,CLE,14,00-0027918,WR,Andrew Hawkins,Andrew,Hawkins,,,,Finger,,Full Participation in Practice,2016-12-09T10:33:18Z
2016,REG,CLE,14,00-0032257,RB,Duke Johnson,Duke,Johnson,,,,Ankle,,Full Participation in Practice,2016-12-09T10:33:18Z
2016,REG,CLE,14,00-0033104,QB,Cody Kessler,Cody,Kessler,,,,Concussion,,Full Participation in Practice,2016-12-09T10:33:18Z
2016,REG,CLE,14,00-0031533,TE,Randall Telfer,Randall,Telfer,,,,Thumb,,Full Participation in Practice,2016-12-09T10:33:39Z
2016,REG,CLE,14,00-0025390,T,Joe Thomas,Joe,Thomas,,,,Knee,,Full Participation in Practice,2016-12-09T10:33:48Z
2016,REG,CLE,14,00-0024061,CB,Tramon Williams,Tramon,Williams,,,,Knee,,Full Participation in Practice,2016-12-09T10:33:18Z
2016,REG,CLE,14,00-0030484,CB,Jamar Taylor,Jamar,Taylor,,,,Groin,,Limited Participation in Practice,2016-12-09T10:33:18Z
2016,REG,DAL,14,00-0029676,CB,Morris Claiborne,Morris,Claiborne,Groin,,Out,Groin,,Did Not Participate In Practice,2016-12-09T11:56:18Z
2016,REG,DAL,14,00-0032204,T,Chaz Green,Chaz,Green,Back,,Out,Back,,Did Not Participate In Practice,2016-12-09T11:56:33Z
2016,REG,DAL,14,00-0030543,S,J.J. Wilcox,J.J.,Wilcox,Thigh,,Out,Thigh,,Did Not Participate In Practice,2016-12-09T11:56:40Z
2016,REG,DAL,14,00-0031411,DE,Demarcus Lawrence,Demarcus,Lawrence,Back,,Questionable,Back,,Did Not Participate In Practice,2016-12-09T11:56:12Z
2016,REG,DAL,14,00-0027416,S,Barry Church,Barry,Church,Forearm,,Questionable,Forearm,,Full Participation in Practice,2016-12-09T11:56:12Z
2016,REG,DAL,14,00-0029627,DE,Jack Crawford,Jack,Crawford,Foot,,Questionable,Foot,,Limited Participation in Practice,2016-12-09T11:56:12Z
2016,REG,DAL,14,00-0025435,LB,Justin Durant,Justin,Durant,Hamstring,,Questionable,Hamstring,,Limited Participation in Practice,2016-12-09T11:56:12Z
2016,REG,DAL,14,00-0026283,CB,Orlando Scandrick,Orlando,Scandrick,Foot,Not Injury Related,Questionable,Foot,Not Injury Related,Limited Participation in Practice,2016-12-09T11:56:12Z
2016,REG,DAL,14,00-0027947,T,Tyron Smith,Tyron,Smith,Back,,Questionable,Back,,Limited Participation in Practice,2016-12-09T11:56:12Z
2016,REG,DEN,14,00-0031609,TE,A.J. Derby,A.J.,Derby,,,,Groin,,Full Participation in Practice,2016-12-09T11:53:08Z
2016,REG,DEN,14,00-0027940,LB,Von Miller,Von,Miller,,,,Elbow,,Full Participation in Practice,2016-12-09T11:53:08Z
2016,REG,DEN,14,00-0031349,C,Matt Paradis,Matt,Paradis,,,,Hips,,Full Participation in Practice,2016-12-09T11:53:14Z
2016,REG,DEN,14,00-0026160,CB,Aqib Talib,Aqib,Talib,,,,Back,,Full Participation in Practice,2016-12-09T11:53:08Z
2016,REG,DEN,14,00-0023445,LB,DeMarcus Ware,DeMarcus,Ware,,,,Neck,,Full Participation in Practice,2016-12-09T11:53:08Z
2016,REG,DEN,14,00-0030957,LS,Casey Kreiter,Casey,Kreiter,Calf,,Out,Calf,,Did Not Participate In Practice,2016-12-09T11:53:25Z
2016,REG,DEN,14,00-0029620,LB,Brandon Marshall,Brandon,Marshall,Hamstring,,Out,Hamstring,,Did Not Participate In Practice,2016-12-09T11:53:30Z
2016,REG,DEN,14,00-0030670,WR,Bennie Fowler,Bennie,Fowler,Knee,,Questionable,Knee,,Limited Participation in Practice,2016-12-09T11:53:15Z
2016,REG,DEN,14,00-0032156,QB,Trevor Siemian,Trevor,Siemian,Foot,,Questionable,Foot,,Limited Participation in Practice,2016-12-09T11:53:15Z
2016,REG,DET,14,00-0031284,C,Travis Swanson,Travis,Swanson,Concussion,,Out,Concussion,,Did Not Participate In Practice,2016-12-09T12:59:14Z
2016,REG,DET,14,00-0030059,DE,Ezekiel Ansah,Ezekiel,Ansah,Ankle,,Questionable,Ankle,,Limited Participation in Practice,2016-12-09T12:59:09Z
2016,REG,DET,14,00-0027124,S,Don Carey,Don,Carey,Hamstring,,Questionable,Hamstring,,Limited Participation in Practice,2016-12-09T12:59:09Z
2016,REG,DET,14,00-0031387,TE,Eric Ebron,Eric,Ebron,Knee,,Questionable,Knee,,Limited Participation in Practice,2016-12-09T12:59:09Z
2016,REG,DET,14,00-0029293,WR,Marvin Jones,Marvin,Jones,Quadricep,,Questionable,Quadricep,,Limited Participation in Practice,2016-12-09T12:59:09Z
2016,REG,DET,14,00-0027050,LB,DeAndre Levy,DeAndre,Levy,Knee,,Questionable,Knee,,Limited Participation in Practice,2016-12-09T12:59:09Z
2016,REG,DET,14,00-0030107,RB,Theo Riddick,Theo,Riddick,Wrist,,Questionable,Wrist,,Limited Participation in Practice,2016-12-09T12:59:09Z
2016,REG,DET,14,00-0032450,RB,Dwayne Washington,Dwayne,Washington,Ankle,,Questionable,Ankle,,Limited Participation in Practice,2016-12-09T12:59:09Z
2016,REG,DET,14,00-0029212,LB,Tahir Whitehead,Tahir,Whitehead,Knee,,Questionable,Knee,,Limited Participation in Practice,2016-12-09T12:59:09Z
2016,REG,GB,14,00-0026292,DT,Letroy Guion,Letroy,Guion,,,,Shoulder,,Full Participation in Practice,2016-12-09T13:06:33Z
2016,REG,GB,14,00-0021140,LB,Julius Peppers,Julius,Peppers,,,,Not Injury Related,,Full Participation in Practice,2016-12-09T13:06:47Z
2016,REG,GB,14,00-0023459,QB,Aaron Rodgers,Aaron,Rodgers,,,,Hamstring,,Limited Participation in Practice,2016-12-09T13:06:09Z
2016,REG,GB,14,00-0031578,LB,Jake Ryan,Jake,Ryan,,,,Ankle,,Limited Participation in Practice,2016-12-09T13:06:09Z
2016,REG,GB,14,00-0032955,LB,Kyler Fackrell,Kyler,Fackrell,Hamstring,,Out,Hamstring,,Did Not Participate In Practice,2016-12-09T13:07:52Z
2016,REG,GB,14,00-0029408,LB,Nick Perry,Nick,Perry,Hand,,Out,Hand,,Did Not Participate In Practice,2016-12-09T13:08:12Z
2016,REG,GB,14,00-0031829,CB,Ladarius Gunter,Ladarius,Gunter,Illness,,Questionable,Illness,,Limited Participation in Practice,2016-12-09T13:06:52Z
2016,REG,GB,14,00-0027078,G,T.J. Lang,T.J.,Lang,Foot,,Questionable,Foot,,Limited Participation in Practice,2016-12-09T13:06:52Z
2016,REG,GB,14,00-0032408,LB,Blake Martinez,Blake,Martinez,Knee,,Questionable,Knee,,Limited Participation in Practice,2016-12-09T13:06:52Z
2016,REG,GB,14,00-0027002,LB,Clay Matthews,Clay,Matthews,Shoulder,,Questionable,Shoulder,,Limited Participation in Practice,2016-12-09T13:06:52Z
2016,REG,GB,14,00-0032251,CB,Damarious Randall,Damarious,Randall,Groin,Illness,Questionable,Groin,Illness,Limited Participation in Practice,2016-12-09T13:06:52Z
2016,REG,GB,14,00-0030076,C,J.C. Tretter,J.C.,Tretter,Knee,,Questionable,Knee,,Limited Participation in Practice,2016-12-09T13:06:52Z
2016,REG,HOU,14,00-0031619,DE,Christian Covington,Christian,Covington,,,,Thigh,,Full Participation in Practice,2016-12-09T12:19:20Z
2016,REG,HOU,14,00-0033127,WR,Will Fuller,Will,Fuller,,,,Hip,,Full Participation in Practice,2016-12-09T12:19:20Z
2016,REG,HOU,14,00-0031553,LB,Benardrick McKinney,Benardrick,McKinney,,,,Thigh,,Full Participation in Practice,2016-12-09T12:19:20Z
2016,REG,HOU,14,00-0032424,DT,D.J. Reader,D.J.,Reader,,,,Shoulder,,Full Participation in Practice,2016-12-09T12:19:20Z
2016,REG,HOU,14,00-0031410,G,Xavier Su'a-Filo,Xavier,Su'a-Filo,,,,Finger,,Full Participation in Practice,2016-12-09T12:19:20Z
2016,REG,HOU,14,00-0022712,DT,Vince Wilfork,Vince,Wilfork,,,,Groin,,Full Participation in Practice,2016-12-09T12:21:29Z
2016,REG,HOU,14,00-0027872,CB,Kareem Jackson,Kareem,Jackson,,,,Hamstring,,Limited Participation in Practice,2016-12-09T12:19:37Z
2016,REG,HOU,14,00-0029615,RB,Lamar Miller,Lamar,Miller,,,,Ankle,Ribs,Limited Participation in Practice,2016-12-09T12:19:20Z
2016,REG,HOU,14,00-0032404,RB,Tyler Ervin,Tyler,Ervin,Ribs,,Out,Ribs,,Did Not Participate In Practice,2016-12-09T12:21:56Z
2016,REG,HOU,14,00-0033069,WR,Braxton Miller,Braxton,Miller,Shoulder,,Out,Shoulder,,Did Not Participate In Practice,2016-12-09T12:22:11Z
2016,REG,HOU,14,00-0031064,QB,Tom Savage,Tom,Savage,right Elbow,,Out,right Elbow,,Did Not Participate In Practice,2016-12-09T12:22:22Z
2016,REG,HOU,14,00-0030442,LB,John Simon,John,Simon,Chest,,Out,Chest,,Did Not Participate In Practice,2016-12-09T12:22:30Z
2016,REG,HOU,14,00-0031560,WR,Jaelen Strong,Jaelen,Strong,Ankle,,Out,Ankle,,Did Not Participate In Practice,2016-12-09T12:22:36Z
2016,REG,HOU,14,00-0024239,CB,Johnathan Joseph,Johnathan,Joseph,Ribs,,Questionable,Ribs,,Did Not Participate In Practice,2016-12-09T12:21:40Z
2016,REG,HOU,14,00-0031364,DE,Jadeveon Clowney,Jadeveon,Clowney,Elbow,Wrist,Questionable,Elbow,Wrist,Limited Participation in Practice,2016-12-09T12:21:40Z
2016,REG,HOU,14,00-0026991,LB,Brian Cushing,Brian,Cushing,Back,Ankle,Questionable,Back,Ankle,Limited Participation in Practice,2016-12-09T12:21:40Z
2016,REG,IND,14,00-0027017,CB,Darius Butler,Darius,Butler,,,,Hamstring,,Did Not Participate In Practice,2016-12-09T12:43:20Z
2016,REG,IND,14,00-0029608,WR,T.Y. Hilton,T.Y.,Hilton,,,,Back,,Did Not Participate In Practice,2016-12-09T12:43:44Z
2016,REG,IND,14,00-0026307,LB,Erik Walden,Erik,Walden,,,,Not Injury Related,,Did Not Participate In Practice,2016-12-09T12:44:06Z
2016,REG,IND,14,00-0023500,RB,Frank Gore,Frank,Gore,,,,Not Injury Related,,Full Participation in Practice,2016-12-09T12:40:59Z
2016,REG,IND,14,00-0029668,QB,Andrew Luck,Andrew,Luck,,,,Right Shoulder,,Limited Participation in Practice,2016-12-09T12:40:59Z
2016,REG,IND,14,00-0031571,S,Clayton Geathers,Clayton,Geathers,Neck,,Out,Neck,,Did Not Participate In Practice,2016-12-09T12:47:21Z
2016,REG,IND,14,00-0031632,T,Denzelle Good,Denzelle,Good,Concussion,,Out,Concussion,,Did Not Participate In Practice,2016-12-09T12:47:30Z
2016,REG,IND,14,00-0031105,DT,Zach Kerr,Zach,Kerr,Concussion,,Out,Concussion,,Did Not Participate In Practice,2016-12-09T12:47:39Z
2016,REG,IND,14,00-0022059,LB,Robert Mathis,Robert,Mathis,Bicep,,Out,Bicep,,Did Not Participate In Practice,2016-12-09T12:47:49Z
2016,REG,IND,14,00-0027882,CB,Patrick Robinson,Patrick,Robinson,Groin,,Out,Groin,,Did Not Participate In Practice,2016-12-09T12:47:58Z
2016,REG,IND,14,00-0032361,LB,Curt Maggitt,Curt,Maggitt,Concussion,,Questionable,Concussion,,Full Participation in Practice,2016-12-09T12:48:11Z
2016,REG,JAX,14,00-0029316,T,Kelvin Beachum,Kelvin,Beachum,,,,Knee,,Full Participation in Practice,2016-12-09T11:39:53Z
2016,REG,JAX,14,00-0031407,QB,Blake Bortles,Blake,Bortles,,,,right Shoulder,,Full Participation in Practice,2016-12-09T11:39:44Z
2016,REG,JAX,14,00-0032052,DE,Dante Fowler,Dante,Fowler,,,,Shoulder,,Full Participation in Practice,2016-12-09T11:39:44Z
2016,REG,JAX,14,00-0033123,DE,Yannick Ngakoue,Yannick,Ngakoue,,,,Ankle,,Full Participation in Practice,2016-12-09T11:39:44Z
2016,REG,JAX,14,00-0032120,WR,Neal Sterling,Neal,Sterling,,,,Hip,,Full Participation in Practice,2016-12-09T11:39:44Z
2016,REG,JAX,14,00-0032209,RB,T.J. Yeldon,T.J.,Yeldon,,,,Ankle,,Full Participation in Practice,2016-12-09T11:39:44Z
2016,REG,JAX,14,00-0030821,WR,Allen Hurns,Allen,Hurns,Hamstring,,Out,Hamstring,,Did Not Participate In Practice,2016-12-09T11:40:43Z
2016,REG,JAX,14,00-0027878,DE,Jared Odrick,Jared,Odrick,Shoulder,,Out,Shoulder,,Did Not Participate In Practice,2016-12-09T11:41:16Z
2016,REG,JAX,14,00-0030547,RB,Denard Robinson,Denard,Robinson,Ankle,,Out,Ankle,,Did Not Participate In Practice,2016-12-09T11:41:30Z
2016,REG,JAX,14,00-0028067,TE,Julius Thomas,Julius,Thomas,Back,,Out,Back,,Did Not Participate In Practice,2016-12-09T11:41:56Z
2016,REG,JAX,14,00-0028846,S,Peyton Thompson,Peyton,Thompson,Ankle,,Out,Ankle,,Did Not Participate In Practice,2016-12-09T11:42:09Z
2016,REG,JAX,14,00-0031369,G,Brandon Linder,Brandon,Linder,Ankle,,Questionable,Ankle,,Did Not Participate In Practice,2016-12-09T11:40:07Z
2016,REG,JAX,14,00-0027531,RB,Chris Ivory,Chris,Ivory,Hamstring,,Questionable,Hamstring,,Limited Participation in Practice,2016-12-09T11:40:58Z
2016,REG,JAX,14,00-0026725,LB,Dan Skuta,Dan,Skuta,Elbow,,Questionable,Elbow,,Limited Participation in Practice,2016-12-09T11:40:07Z
2016,REG,KC,14,00-0031015,CB,Phillip Gaines,Phillip,Gaines,,,,Knee,,Full Participation in Practice,2016-12-07T12:28:27Z
2016,REG,KC,14,00-0024235,LB,Tamba Hali,Tamba,Hali,,,,Knee,,Full Participation in Practice,2016-12-07T12:28:31Z
2016,REG,KC,14,00-0026995,WR,Jeremy Maclin,Jeremy,Maclin,,,,Groin,,Full Participation in Practice,2016-12-07T12:28:27Z
2016,REG,KC,14,00-0029688,DT,Dontari Poe,Dontari,Poe,Back,,Questionable,Back,,Full Participation in Practice,2016-12-07T12:28:34Z
2016,REG,KC,14,00-0029256,DE,Kendall Reyes,Kendall,Reyes,Knee,,Questionable,Knee,,Full Participation in Practice,2016-12-07T12:28:34Z
2016,REG,LA,14,00-0030525,WR,Tavon Austin,Tavon,Austin,,,,Chest,,Full Participation in Practice,2016-12-09T13:25:50Z
2016,REG,LA,14,00-0033106,QB,Jared Goff,Jared,Goff,,,,Illness,,Full Participation in Practice,2016-12-09T13:25:50Z
2016,REG,LA,14,00-0027648,T,Rodger Saffold,Rodger,Saffold,,,,Hand,,Full Participation in Practice,2016-12-09T13:25:50Z
2016,REG,LA,14,00-0029795,RB,Benny Cunningham,Benny,Cunningham,Neck,,Doubtful,Neck,,Did Not Participate In Practice,2016-12-09T13:26:32Z
2016,REG,LA,14,00-0031394,CB,E.J. Gaines,E.J.,Gaines,Thigh,,Questionable,Thigh,,Did Not Participate In Practice,2016-12-09T13:26:10Z
2016,REG,LA,14,00-0027952,DE,Robert Quinn,Robert,Quinn,Concussion,,Questionable,Concussion,,Full Participation in Practice,2016-12-09T13:26:10Z
2016,REG,MIA,14,00-0031382,WR,Jarvis Landry,Jarvis,Landry,,,,Not Injury Related,,Full Participation in Practice,2016-12-09T12:14:15Z
2016,REG,MIA,14,00-0027953,C,Mike Pouncey,Mike,Pouncey,Hip,,Out,Hip,,Did Not Participate In Practice,2016-12-09T12:25:24Z
2016,REG,MIA,14,00-0030401,LB,Kiko Alonso,Kiko,Alonso,Hand,Hamstring,Doubtful,Hand,Hamstring,Did Not Participate In Practice,2016-12-09T12:24:36Z
2016,REG,MIA,14,00-0030384,LB,Jelani Jenkins,Jelani,Jenkins,Knee,Hand,Doubtful,Knee,Hand,Did Not Participate In Practice,2016-12-09T12:24:49Z
2016,REG,MIA,14,00-0023750,DE,Mario Williams,Mario,Williams,Ankle,,Doubtful,Ankle,,Did Not Participate In Practice,2016-12-09T12:25:33Z
2016,REG,MIA,14,00-0026155,T,Branden Albert,Branden,Albert,Wrist,,Questionable,Wrist,,Full Participation in Practice,2016-12-09T12:24:22Z
2016,REG,MIA,14,00-0033118,RB,Kenyan Drake,Kenyan,Drake,Knee,,Questionable,Knee,,Full Participation in Practice,2016-12-09T12:24:22Z
2016,REG,MIA,14,00-0027684,DT,Earl Mitchell,Earl,Mitchell,Back,,Questionable,Back,,Full Participation in Practice,2016-12-09T12:24:22Z
2016,REG,MIA,14,00-0031547,WR,DeVante Parker,DeVante,Parker,Back,,Questionable,Back,,Full Participation in Practice,2016-12-09T12:24:22Z
2016,REG,MIA,14,00-0028368,LB,Spencer Paysinger,Spencer,Paysinger,Ankle,,Questionable,Ankle,,Full Participation in Practice,2016-12-09T12:24:22Z
2016,REG,MIA,14,00-0030887,G,Anthony Steen,Anthony,Steen,Shoulder,Foot,Questionable,Shoulder,Foot,Full Participation in Practice,2016-12-09T12:24:22Z
2016,REG,MIA,14,00-0027053,C,Kraig Urbik,Kraig,Urbik,Knee,,Questionable,Knee,,Full Participation in Practice,2016-12-09T12:24:22Z
2016,REG,MIA,14,00-0028564,S,Isa Abdul-Quddus,Isa,Abdul-Quddus,Neck,,Questionable,Neck,,Limited Participation in Practice,2016-12-09T12:24:22Z
2016,REG,MIA,14,00-0033050,CB,Xavien Howard,Xavien,Howard,Knee,,Questionable,Knee,,Limited Participation in Practice,2016-12-09T12:24:22Z
2016,REG,MIA,14,00-0025708,QB,Matt Moore,Matt,Moore,right Shoulder,,Questionable,right Shoulder,,Limited Participation in Practice,2016-12-09T12:24:22Z
2016,REG,MIN,14,00-0031588,WR,Stefon Diggs,Stefon,Diggs,,,,Knee,,Full Participation in Practice,2016-12-09T11:18:50Z
2016,REG,MIN,14,00-0027701,DE,Everson Griffen,Everson,Griffen,,,,Hip,,Full Participation in Practice,2016-12-09T11:18:59Z
2016,REG,MIN,14,00-0024030,DT,Tom Johnson,Tom,Johnson,,,,Toe,,Full Participation in Practice,2016-12-09T11:19:13Z
2016,REG,MIN,14,00-0026944,CB,Captain Munnerlyn,Captain,Munnerlyn,,,,Ankle,,Full Participation in Practice,2016-12-09T11:18:50Z
2016,REG,MIN,14,00-0023639,C,Joe Berger,Joe,Berger,Concussion,,Out,Concussion,,Did Not Participate In Practice,2016-12-09T11:20:04Z
2016,REG,MIN,14,00-0030574,DT,Sharrif Floyd,Sharrif,Floyd,Knee,,Out,Knee,,Did Not Participate In Practice,2016-12-09T11:20:10Z
2016,REG,MIN,14,00-0029606,S,Harrison Smith,Harrison,Smith,Ankle,,Out,Ankle,,Did Not Participate In Practice,2016-12-09T11:20:17Z
2016,REG,MIN,14,00-0031624,LB,Edmond Robinson,Edmond,Robinson,Hamstring,,Questionable,Hamstring,,Limited Participation in Practice,2016-12-09T11:19:56Z
2016,REG,MIN,14,00-0027547,CB,Marcus Sherels,Marcus,Sherels,Rib,,Questionable,Rib,,Limited Participation in Practice,2016-12-09T11:19:56Z
2016,REG,NE,14,00-0026035,WR,Danny Amendola,Danny,Amendola,Ankle,,Out,Ankle,,Did Not Participate In Practice,2016-12-10T12:57:34Z
2016,REG,NE,14,00-0026201,TE,Martellus Bennett,Martellus,Bennett,Ankle,Shoulder,Questionable,Ankle,Shoulder,Limited Participation in Practice,2016-12-10T12:57:25Z
2016,REG,NE,14,00-0031559,S,Jordan Richards,Jordan,Richards,Knee,,Questionable,Knee,,Limited Participation in Practice,2016-12-10T12:57:25Z
2016,REG,NE,14,00-0032442,LB,Elandon Roberts,Elandon,Roberts,Hamstring,,Questionable,Hamstring,,Limited Participation in Practice,2016-12-10T12:57:25Z
2016,REG,NE,14,00-0031555,CB,Eric Rowe,Eric,Rowe,Hamstring,,Questionable,Hamstring,,Limited Participation in Practice,2016-12-10T12:57:25Z
2016,REG,NE,14,00-0026293,WR,Matt Slater,Matt,Slater,Foot,,Questionable,Foot,,Limited Participation in Practice,2016-12-10T12:57:25Z
2016,REG,NO,14,00-0030216,TE,Josh Hill,Josh,Hill,,,,Fibula,,Did Not Participate In Practice,2016-12-08T12:54:15Z
2016,REG,NO,14,00-0024424,T,Zach Strief,Zach,Strief,,,,Elbow,,Full Participation in Practice,2016-12-09T12:37:48Z
2016,REG,NO,14,00-0028082,S,Shiloh Keo,Shiloh,Keo,Hamstring,,Questionable,Hamstring,,Did Not Participate In Practice,2016-12-09T12:39:35Z
2016,REG,NO,14,00-0028834,LB,Craig Robertson,Craig,Robertson,Shoulder,,Questionable,Shoulder,,Did Not Participate In Practice,2016-12-09T12:39:35Z
2016,REG,NO,14,00-0027025,C,Max Unger,Max,Unger,Foot,,Questionable,Foot,,Did Not Participate In Practice,2016-12-09T12:39:35Z
2016,REG,NO,14,00-0030067,T,Terron Armstead,Terron,Armstead,Quadricep,Knee,Questionable,Quadricep,Knee,Limited Participation in Practice,2016-12-09T12:39:35Z
2016,REG,NO,14,00-0027966,RB,Mark Ingram,Mark,Ingram,Toe,Knee,Questionable,Toe,Knee,Limited Participation in Practice,2016-12-09T12:39:35Z
2016,REG,NO,14,00-0029546,G,Senio Kelemete,Senio,Kelemete,Hip,,Questionable,Hip,,Limited Participation in Practice,2016-12-09T12:39:35Z
2016,REG,NO,14,00-0032804,RB,Daniel Lasco,Daniel,Lasco,Hamstring,,Questionable,Hamstring,,Limited Participation in Practice,2016-12-09T12:39:35Z
2016,REG,NO,14,00-0032765,WR,Michael Thomas,Michael,Thomas,Foot,,Questionable,Foot,,Limited Participation in Practice,2016-12-09T12:39:35Z
2016,REG,NYG,14,00-0028838,TE,Larry Donnell,Larry,Donnell,,,,Illness,,Full Participation in Practice,2016-12-09T11:16:35Z
2016,REG,NYG,14,00-0031070,S,Nat Berhe,Nat,Berhe,Concussion,,Out,Concussion,,Did Not Participate In Practice,2016-12-09T11:17:00Z
2016,REG,NYG,14,00-0028620,LB,Mark Herzlich,Mark,Herzlich,Concussion,,Out,Concussion,,Did Not Participate In Practice,2016-12-09T11:17:14Z
2016,REG,NYG,14,00-0027867,DE,Jason Pierre-Paul,Jason,Pierre-Paul,Core Muscle,,Out,Core Muscle,,Did Not Participate In Practice,2016-12-09T11:17:22Z
2016,REG,NYG,14,00-0030063,DT,Johnathan Hankins,Johnathan,Hankins,Quadricep,,Questionable,Quadricep,,Limited Participation in Practice,2016-12-09T11:16:51Z
2016,REG,NYG,14,00-0028114,WR,Dwayne Harris,Dwayne,Harris,Ankle,,Questionable,Ankle,,Limited Participation in Practice,2016-12-09T11:16:51Z
2016,REG,NYG,14,00-0031562,DE,Owamagbe Odighizuwa,Owamagbe,Odighizuwa,Knee,,Questionable,Knee,,Limited Participation in Practice,2016-12-09T11:16:51Z
2016,REG,NYG,14,00-0030585,G,Justin Pugh,Justin,Pugh,Knee,,Questionable,Knee,,Limited Participation in Practice,2016-12-09T11:16:51Z
2016,REG,NYG,14,00-0029529,CB,Coty Sensabaugh,Coty,Sensabaugh,Ribs,,Questionable,Ribs,,Limited Participation in Practice,2016-12-09T11:16:51Z
2016,REG,NYJ,14,00-0024244,C,Nick Mangold,Nick,Mangold,,,,Ankle,,Did Not Participate In Practice,2016-12-07T13:46:48Z
2016,REG,NYJ,14,00-0029061,LB,Julian Stanford,Julian,Stanford,,,,Ankle,,Did Not Participate In Practice,2016-12-07T13:43:55Z
2016,REG,NYJ,14,00-0026184,RB,Matt Forte,Matt,Forte,,,,Knee,Foot,Full Participation in Practice,2016-12-09T11:03:25Z
2016,REG,NYJ,14,00-0031733,CB,Nick Marshall,Nick,Marshall,,,,Ankle,,Full Participation in Practice,2016-12-09T11:03:25Z
2016,REG,NYJ,14,00-0024334,WR,Brandon Marshall,Brandon,Marshall,,,,Knee,Foot,Full Participation in Practice,2016-12-09T11:03:25Z
2016,REG,NYJ,14,00-0031343,S,Calvin Pryor,Calvin,Pryor,,,,Concussion,,Full Participation in Practice,2016-12-09T11:03:57Z
2016,REG,NYJ,14,00-0031933,DE,Leonard Williams,Leonard,Williams,,,,Illness,,Full Participation in Practice,2016-12-09T11:03:25Z
2016,REG,NYJ,14,00-0031151,CB,Marcus Williams,Marcus,Williams,,,,Ankle,,Full Participation in Practice,2016-12-09T11:03:25Z
2016,REG,NYJ,14,00-0029553,S,Antonio Allen,Antonio,Allen,Concussion,,Out,Concussion,,Did Not Participate In Practice,2016-12-09T11:04:09Z
2016,REG,NYJ,14,00-0026290,T,Breno Giacomini,Breno,Giacomini,Back,Calf Shoulder,Out,Back,Calf Shoulder,Did Not Participate In Practice,2016-12-09T11:04:21Z
2016,REG,NYJ,14,00-0032694,WR,Jalin Marshall,Jalin,Marshall,Concussion,,Out,Concussion,,Did Not Participate In Practice,2016-12-09T11:04:30Z
2016,REG,NYJ,14,00-0031564,LB,Lorenzo Mauldin,Lorenzo,Mauldin,Ankle,,Out,Ankle,,Did Not Participate In Practice,2016-12-09T11:04:38Z
2016,REG,NYJ,14,00-0026564,DT,Steve McLendon,Steve,McLendon,Hamstring,,Out,Hamstring,,Did Not Participate In Practice,2016-12-09T11:04:44Z
2016,REG,NYJ,14,00-0030348,RB,Khiry Robinson,Khiry,Robinson,Lower Leg,,Out,Lower Leg,,Did Not Participate In Practice,2016-12-09T11:04:51Z
2016,REG,NYJ,14,00-0027968,DE,Muhammad Wilkerson,Muhammad,Wilkerson,Ankle,,Questionable,Ankle,,Limited Participation in Practice,2016-12-09T11:04:01Z
2016,REG,OAK,14,00-0033122,LB,Shilique Calhoun,Shilique,Calhoun,Knee,,Out,Knee,,Did Not Participate In Practice,2016-12-07T12:26:32Z
2016,REG,OAK,14,00-0032888,S,Karl Joseph,Karl,Joseph,Toe,,Out,Toe,,Did Not Participate In Practice,2016-12-07T12:26:42Z
2016,REG,OAK,14,00-0030515,DT,Stacy McGee,Stacy,McGee,Ankle,,Out,Ankle,,Did Not Participate In Practice,2016-12-07T12:26:53Z
2016,REG,OAK,14,00-0033056,LB,Cory James,Cory,James,Shoulder,,Questionable,Shoulder,,Limited Participation in Practice,2016-12-07T12:26:24Z
2016,REG,OAK,14,00-0032938,DT,Darius Latham,Darius,Latham,Ankle,,Questionable,Ankle,,Limited Participation in Practice,2016-12-07T12:26:24Z
2016,REG,OAK,14,00-0029259,G,Kelechi Osemele,Kelechi,Osemele,Knee,,Questionable,Knee,,Limited Participation in Practice,2016-12-07T12:26:24Z
2016,REG,PHI,14,00-0032785,T,Halapoulivaati Vaitai,Halapoulivaati,Vaitai,Knee,,Out,Knee,,Did Not Participate In Practice,2016-12-09T12:40:49Z
2016,REG,PHI,14,00-0032218,WR,Dorial Green-Beckham,Dorial,Green-Beckham,Abdomen,,Questionable,Abdomen,,Did Not Participate In Practice,2016-12-09T12:40:37Z
2016,REG,PHI,14,00-0027864,RB,Ryan Mathews,Ryan,Mathews,Knee,,Questionable,Knee,,Full Participation in Practice,2016-12-09T12:40:37Z
2016,REG,PHI,14,00-0031299,WR,Jordan Matthews,Jordan,Matthews,Ankle,,Questionable,Ankle,,Full Participation in Practice,2016-12-09T12:40:37Z
2016,REG,PIT,14,00-0029275,TE,Ladarius Green,Ladarius,Green,,,,Not Injury Related,,Did Not Participate In Practice,2016-12-08T12:27:28Z
2016,REG,PIT,14,00-0020712,LB,James Harrison,James,Harrison,,,,Illness,,Did Not Participate In Practice,2016-12-09T10:30:11Z
2016,REG,PIT,14,00-0031266,QB,Zach Mettenberger,Zach,Mettenberger,,,,Illness,,Did Not Participate In Practice,2016-12-08T12:25:50Z
2016,REG,PIT,14,00-0022924,QB,Ben Roethlisberger,Ben,Roethlisberger,,,,Not Injury Related,,Limited Participation in Practice,2016-12-07T12:40:44Z
2016,REG,PIT,14,00-0026983,WR,Darrius Heyward-Bey,Darrius,Heyward-Bey,Foot,,Out,Foot,,Did Not Participate In Practice,2016-12-09T10:33:09Z
2016,REG,PIT,14,00-0030412,S,Shamarko Thomas,Shamarko,Thomas,Concussion,,Out,Concussion,,Did Not Participate In Practice,2016-12-09T10:32:57Z
2016,REG,PIT,14,00-0033109,DT,Javon Hargrave,Javon,Hargrave,Concussion,,Doubtful,Concussion,,Did Not Participate In Practice,2016-12-09T10:33:20Z
2016,REG,PIT,14,00-0026561,G,Ramon Foster,Ramon,Foster,Chest,,Questionable,Chest,,Did Not Participate In Practice,2016-12-09T10:30:46Z
2016,REG,PIT,14,00-0031136,K,Chris Boswell,Chris,Boswell,Abdomen,,Questionable,Abdomen,,Full Participation in Practice,2016-12-09T10:30:56Z
2016,REG,PIT,14,00-0024242,RB,DeAngelo Williams,DeAngelo,Williams,Knee,,Questionable,Knee,,Limited Participation in Practice,2016-12-09T10:30:46Z
2016,REG,SD,14,00-0033156,DE,Joey Bosa,Joey,Bosa,,,,Knee,,Full Participation in Practice,2016-12-09T12:22:00Z
2016,REG,SD,14,00-0028411,WR,Dontrelle Inman,Dontrelle,Inman,,,,Ankle,,Full Participation in Practice,2016-12-09T12:22:00Z
2016,REG,SD,14,00-0026253,S,Dwight Lowery,Dwight,Lowery,,,,Hand,,Full Participation in Practice,2016-12-09T12:22:00Z
2016,REG,SD,14,00-0032160,WR,Tyrell Williams,Tyrell,Williams,,,,Shoulder,,Full Participation in Practice,2016-12-09T12:22:00Z
2016,REG,SD,14,00-0026175,CB,Brandon Flowers,Brandon,Flowers,Concussion,,Out,Concussion,,Did Not Participate In Practice,2016-12-09T12:23:08Z
2016,REG,SD,14,00-0032895,LB,Jatavis Brown,Jatavis,Brown,Knee,,Questionable,Knee,,Limited Participation in Practice,2016-12-09T12:22:46Z
2016,REG,SD,14,00-0027984,G,Orlando Franklin,Orlando,Franklin,Knee,,Questionable,Knee,,Limited Participation in Practice,2016-12-09T12:22:46Z
2016,REG,SEA,14,00-0026618,DE,Michael Bennett,Michael,Bennett,,,,Knee,Not Injury Related,Did Not Participate In Practice,2016-12-09T14:45:15Z
2016,REG,SEA,14,00-0028092,CB,Richard Sherman,Richard,Sherman,,,,Not Injury Related,,Did Not Participate In Practice,2016-12-09T14:45:55Z
2016,REG,SEA,14,00-0027696,TE,Jimmy Graham,Jimmy,Graham,,,,Not Injury Related,,Full Participation in Practice,2016-12-09T14:45:00Z
2016,REG,SEA,14,00-0031257,WR,Paul Richardson,Paul,Richardson,,,,Hamstring,,Full Participation in Practice,2016-12-09T14:45:42Z
2016,REG,SEA,14,00-0026330,DT,Ahtyba Rubin,Ahtyba,Rubin,,,,Not Injury Related,,Full Participation in Practice,2016-12-09T14:45:00Z
2016,REG,SEA,14,00-0029793,TE,Brandon Williams,Brandon,Williams,,,,Knee,,Full Participation in Practice,2016-12-09T14:45:00Z
2016,REG,SEA,14,00-0030089,TE,Luke Willson,Luke,Willson,,,,Knee,,Full Participation in Practice,2016-12-09T14:45:00Z
2016,REG,SEA,14,00-0030770,LB,Brock Coyle,Brock,Coyle,Foot,,Out,Foot,,Did Not Participate In Practice,2016-12-09T13:05:58Z
2016,REG,SEA,14,00-0030069,DE,Damontre Moore,Damontre,Moore,Foot,,Out,Foot,,Did Not Participate In Practice,2016-12-09T13:06:12Z
2016,REG,SEA,14,00-0032393,RB,C.J. Prosise,C.J.,Prosise,Shoulder,,Out,Shoulder,,Did Not Participate In Practice,2016-12-09T13:05:28Z
2016,REG,SEA,14,00-0027905,RB,Will Tukuafu,Will,Tukuafu,Concussion,,Out,Concussion,,Did Not Participate In Practice,2016-12-09T13:05:43Z
2016,REG,SEA,14,00-0028443,LB,Michael Morgan,Michael,Morgan,Hip,,Questionable,Hip,,Full Participation in Practice,2016-12-09T13:06:42Z
2016,REG,SF,14,00-0032413,DT,Ronald Blair,Ronald,Blair,,,,Hamstring,,Full Participation in Practice,2016-12-09T11:12:03Z
2016,REG,SF,14,00-0026145,DT,Glenn Dorsey,Glenn,Dorsey,,,,Knee,,Full Participation in Practice,2016-12-09T11:12:15Z
2016,REG,SF,14,00-0028202,RB,Shaun Draughn,Shaun,Draughn,,,,Ribs,,Full Participation in Practice,2016-12-09T11:12:22Z
2016,REG,SF,14,00-0032060,LB,Eli Harold,Eli,Harold,,,,Toe,,Full Participation in Practice,2016-12-09T11:12:29Z
2016,REG,SF,14,00-0028101,C,Daniel Kilgore,Daniel,Kilgore,,,,Hamstring,,Full Participation in Practice,2016-12-09T11:12:03Z
2016,REG,SF,14,00-0025415,T,Joe Staley,Joe,Staley,Hamstring,,Doubtful,Hamstring,,Did Not Participate In Practice,2016-12-09T11:13:57Z
2016,REG,SF,14,00-0030088,DT,Quinton Dial,Quinton,Dial,Elbow,,Questionable,Elbow,,Limited Participation in Practice,2016-12-09T11:13:35Z
2016,REG,SF,14,00-0030993,LB,Aaron Lynch,Aaron,Lynch,Ankle,,Questionable,Ankle,,Limited Participation in Practice,2016-12-09T11:13:35Z
2016,REG,TB,14,00-0027705,CB,Alterraun Verner,Alterraun,Verner,,,,Not Injury Related,,Full Participation in Practice,2016-12-09T12:09:24Z
2016,REG,TB,14,00-0028031,S,Chris Conte,Chris,Conte,Chest,,Out,Chest,,Did Not Participate In Practice,2016-12-09T12:09:44Z
2016,REG,TB,14,00-0026814,T,Demar Dotson,Demar,Dotson,Concussion,,Out,Concussion,,Did Not Participate In Practice,2016-12-09T12:09:50Z
2016,REG,TB,14,00-0028042,TE,Luke Stocker,Luke,Stocker,Ankle,,Out,Ankle,,Did Not Participate In Practice,2016-12-09T12:10:05Z
2016,REG,TB,14,00-0032009,WR,Adam Humphries,Adam,Humphries,Concussion,,Out,Concussion,,Full Participation in Practice,2016-12-09T12:09:54Z
2016,REG,TB,14,00-0026784,C,Evan Smith,Evan,Smith,Knee,,Questionable,Knee,,Full Participation in Practice,2016-12-09T12:09:36Z
2016,REG,TB,14,00-0027856,DT,Gerald McCoy,Gerald,McCoy,Foot,,Questionable,Foot,,Limited Participation in Practice,2016-12-09T12:09:36Z
2016,REG,TEN,14,00-0032107,DE,Angelo Blackson,Angelo,Blackson,,,,Illness,,Did Not Participate In Practice,2016-12-09T11:13:27Z
2016,REG,TEN,14,00-0028015,DT,Jurrell Casey,Jurrell,Casey,Foot,,Questionable,Foot,,Did Not Participate In Practice,2016-12-09T11:13:31Z
2016,REG,WAS,14,00-0031052,CB,Bashaud Breeland,Bashaud,Breeland,,,,Ankle,,Full Participation in Practice,2016-12-09T10:42:18Z
2016,REG,WAS,14,00-0031941,WR,Jamison Crowder,Jamison,Crowder,,,,Hip,,Full Participation in Practice,2016-12-09T10:42:18Z
2016,REG,WAS,14,00-0024223,S,Donte Whitner,Donte,Whitner,,,,Illness,,Full Participation in Practice,2016-12-09T10:43:03Z
2016,REG,WAS,14,00-0024330,S,Will Blackmon,Will,Blackmon,Concussion,Thumb,Out,Concussion,Thumb,Did Not Participate In Practice,2016-12-09T10:43:48Z
2016,REG,WAS,14,00-0032369,DE,Anthony Lanier,Anthony,Lanier,Shin,,Out,Shin,,Did Not Participate In Practice,2016-12-09T10:44:16Z
2016,REG,WAS,14,00-0031047,C,Spencer Long,Spencer,Long,Concussion,Stinger,Out,Concussion,Stinger,Did Not Participate In Practice,2016-12-09T10:44:20Z
2016,REG,WAS,14,00-0027694,G,Shawn Lauvao,Shawn,Lauvao,Groin,,Questionable,Groin,,Did Not Participate In Practice,2016-12-09T10:43:42Z
2016,REG,WAS,14,00-0029709,T,Ty Nsekhe,Ty,Nsekhe,Ankle,,Questionable,Ankle,,Did Not Participate In Practice,2016-12-09T10:43:42Z
2016,REG,WAS,14,00-0029119,TE,Derek Carrier,Derek,Carrier,Knee,,Questionable,Knee,,Full Participation in Practice,2016-12-09T10:43:42Z
2016,REG,WAS,14,00-0029869,LB,Will Compton,Will,Compton,Hip,,Questionable,Hip,,Full Participation in Practice,2016-12-09T10:43:42Z
2016,REG,WAS,14,00-0030472,TE,Jordan Reed,Jordan,Reed,Shoulder,,Questionable,Shoulder,,Full Participation in Practice,2016-12-09T10:43:42Z
2016,REG,WAS,14,00-0032053,G,Brandon Scherff,Brandon,Scherff,Ankle,,Questionable,Ankle,,Full Participation in Practice,2016-12-09T10:43:42Z
2016,REG,WAS,14,00-0031935,LB,Preston Smith,Preston,Smith,Groin,,Questionable,Groin,,Full Participation in Practice,2016-12-09T10:43:42Z
2016,REG,WAS,14,00-0026512,DE,Chris Baker,Chris,Baker,Ankle,,Questionable,Ankle,,Limited Participation in Practice,2016-12-09T10:43:42Z
2016,REG,WAS,14,00-0026502,DE,Ricky Jean Francois,Ricky,Jean Francois,Foot,Knee,Questionable,Foot,Knee,Limited Participation in Practice,2016-12-09T10:43:42Z
2016,REG,ARI,15,00-0029530,CB,Justin Bethel,Justin,Bethel,,,,Foot,Knee,Full Participation in Practice,2016-12-16T12:48:15Z
2016,REG,ARI,15,00-0022921,WR,Larry Fitzgerald,Larry,Fitzgerald,,,,Not Injury Related,,Full Participation in Practice,2016-12-16T12:48:15Z
2016,REG,ARI,15,00-0032127,LB,Markus Golden,Markus,Golden,,,,Hamstring,Biceps,Full Participation in Practice,2016-12-16T12:48:28Z
2016,REG,ARI,15,00-0030294,S,Tony Jefferson,Tony,Jefferson,,,,Shoulder,,Full Participation in Practice,2016-12-16T12:48:35Z
2016,REG,ARI,15,00-0030459,S,Tyrann Mathieu,Tyrann,Mathieu,,,,Shoulder,,Full Participation in Practice,2016-12-16T12:48:39Z
2016,REG,ARI,15,00-0032112,WR,J.J. Nelson,J.J.,Nelson,,,,Knee,,Full Participation in Practice,2016-12-16T12:48:43Z
2016,REG,ARI,15,00-0032761,DT,Robert Nkemdiche,Robert,Nkemdiche,,,,Elbow,,Full Participation in Practice,2016-12-16T12:48:15Z
2016,REG,ARI,15,00-0021429,QB,Carson Palmer,Carson,Palmer,,,,Not Injury Related,,Full Participation in Practice,2016-12-16T12:48:15Z
2016,REG,ARI,15,00-0027943,CB,Patrick Peterson,Patrick,Peterson,,,,Illness,,Full Participation in Practice,2016-12-16T12:48:49Z
2016,REG,ARI,15,00-0032222,T,D.J. Humphries,D.J.,Humphries,Concussion,,Out,Concussion,,Did Not Participate In Practice,2016-12-16T12:49:28Z
2016,REG,ARI,15,00-0031051,WR,John Brown,John,Brown,Illness,,Questionable,Illness,,Limited Participation in Practice,2016-12-16T12:49:12Z
2016,REG,ARI,15,00-0030127,CB,Marcus Cooper,Marcus,Cooper,Back,,Questionable,Back,,Limited Participation in Practice,2016-12-16T12:49:12Z
2016,REG,ARI,15,00-0027873,TE,Jermaine Gresham,Jermaine,Gresham,Knee,,Questionable,Knee,,Limited Participation in Practice,2016-12-16T12:49:12Z
2016,REG,ATL,15,00-0030427,S,Kemal Ishmael,Kemal,Ishmael,,,,Shoulder,,Did Not Participate In Practice,2016-12-15T11:01:07Z
2016,REG,ATL,15,00-0032401,LB,De'Vondre Campbell,De'Vondre,Campbell,,,,Ribs,,Full Participation in Practice,2016-12-16T12:02:41Z
2016,REG,ATL,15,00-0021146,DE,Dwight Freeney,Dwight,Freeney,,,,Not Injury Related,,Full Participation in Practice,2016-12-16T12:02:41Z
2016,REG,ATL,15,00-0031279,T,Jake Matthews,Jake,Matthews,,,,Knee,,Full Participation in Practice,2016-12-16T12:02:41Z
2016,REG,ATL,15,00-0029632,WR,Mohamed Sanu,Mohamed,Sanu,,,,Groin,,Full Participation in Practice,2016-12-16T12:02:51Z
2016,REG,ATL,15,00-0027958,DE,Adrian Clayborn,Adrian,Clayborn,Knee,,Out,Knee,,Did Not Participate In Practice,2016-12-16T12:03:05Z
2016,REG,ATL,15,00-0031552,CB,Jalen Collins,Jalen,Collins,Knee,,Out,Knee,,Did Not Participate In Practice,2016-12-16T12:03:10Z
2016,REG,ATL,15,00-0027944,WR,Julio Jones,Julio,Jones,Toe,,Out,Toe,,Did Not Participate In Practice,2016-12-16T12:03:18Z
2016,REG,ATL,15,00-0031680,S,Robenson Therezie,Robenson,Therezie,Ankle,,Out,Ankle,,Did Not Participate In Practice,2016-12-16T12:03:29Z
2016,REG,ATL,15,00-0029848,WR,Nick Williams,Nick,Williams,Concussion,,Out,Concussion,,Did Not Participate In Practice,2016-12-16T12:03:34Z
2016,REG,BAL,15,00-0022161,LB,Terrell Suggs,Terrell,Suggs,,,,Not Injury Related,,Did Not Participate In Practice,2016-12-14T15:38:54Z
2016,REG,BAL,15,00-0026223,C,Jeremy Zuttah,Jeremy,Zuttah,,,,Not Injury Related,,Did Not Participate In Practice,2016-12-15T12:43:08Z
2016,REG,BAL,15,00-0027965,CB,Jimmy Smith,Jimmy,Smith,Ankle,,Out,Ankle,,Did Not Participate In Practice,2016-12-16T11:44:45Z
2016,REG,BAL,15,00-0030992,TE,Crockett Gillmore,Crockett,Gillmore,Thigh,,Questionable,Thigh,,Full Participation in Practice,2016-12-16T11:44:32Z
2016,REG,BAL,15,00-0027539,LB,Anthony Levine,Anthony,Levine,Toe,,Questionable,Toe,,Full Participation in Practice,2016-12-16T11:44:32Z
2016,REG,BAL,15,00-0032407,T,Alex Lewis,Alex,Lewis,Ankle,,Questionable,Ankle,,Full Participation in Practice,2016-12-16T11:44:32Z
2016,REG,BAL,15,00-0027064,CB,Jerraud Powers,Jerraud,Powers,Concussion,,Questionable,Concussion,,Limited Participation in Practice,2016-12-16T11:44:32Z
2016,REG,BUF,15,00-0023259,LB,Lorenzo Alexander,Lorenzo,Alexander,,,,Not Injury Related,,Did Not Participate In Practice,2016-12-14T11:43:34Z
2016,REG,BUF,15,00-0027881,LB,Jerry Hughes,Jerry,Hughes,,,,Ankle,,Did Not Participate In Practice,2016-12-15T11:04:25Z
2016,REG,BUF,15,00-0033096,DE,Shaq Lawson,Shaq,Lawson,,,,Knee,,Full Participation in Practice,2016-12-16T09:24:07Z
2016,REG,BUF,15,00-0028118,QB,Tyrod Taylor,Tyrod,Taylor,,,,Groin,,Full Participation in Practice,2016-12-16T09:24:07Z
2016,REG,BUF,15,00-0029799,LB,Lerentee McCray,Lerentee,McCray,Concussion,,Out,Concussion,,Did Not Participate In Practice,2016-12-16T09:24:41Z
2016,REG,BUF,15,00-0029561,T,Cordy Glenn,Cordy,Glenn,Back,,Doubtful,Back,,Did Not Participate In Practice,2016-12-16T09:24:26Z
2016,REG,BUF,15,00-0029566,LB,Zach Brown,Zach,Brown,Ankle,,Questionable,Ankle,,Limited Participation in Practice,2016-12-16T09:24:20Z
2016,REG,BUF,15,00-0028112,TE,Charles Clay,Charles,Clay,Knee,,Questionable,Knee,,Limited Participation in Practice,2016-12-16T09:24:20Z
2016,REG,BUF,15,00-0031325,WR,Sammy Watkins,Sammy,Watkins,Foot,,Questionable,Foot,,Limited Participation in Practice,2016-12-16T09:24:20Z
2016,REG,BUF,15,00-0024348,DT,Kyle Williams,Kyle,Williams,Back,,Questionable,Back,,Limited Participation in Practice,2016-12-16T09:24:20Z
2016,REG,CAR,15,00-0026858,K,Graham Gano,Graham,Gano,,,,left Ankle,,Full Participation in Practice,2016-12-17T10:18:52Z
2016,REG,CAR,15,00-0025396,WR,Ted Ginn,Ted,Ginn,,,,Not Injury Related,,Full Participation in Practice,2016-12-17T10:19:06Z
2016,REG,CAR,15,00-0026153,RB,Jonathan Stewart,Jonathan,Stewart,,,,Not Injury Related,,Full Participation in Practice,2016-12-17T10:18:52Z
2016,REG,CAR,15,00-0025470,DE,Charles Johnson,Charles,Johnson,Hamstring,,Out,Hamstring,,Did Not Participate In Practice,2016-12-17T10:19:57Z
2016,REG,CAR,15,00-0031567,T,Daryl Williams,Daryl,Williams,Ankle,,Out,Ankle,,Did Not Participate In Practice,2016-12-17T10:20:09Z
2016,REG,CAR,15,00-0031359,WR,Kelvin Benjamin,Kelvin,Benjamin,Back,,Questionable,Back,,Full Participation in Practice,2016-12-17T10:19:47Z
2016,REG,CAR,15,00-0029248,LB,Luke Kuechly,Luke,Kuechly,Concussion,,Questionable,Concussion,,Full Participation in Practice,2016-12-17T10:19:47Z
2016,REG,CAR,15,00-0031596,LB,David Mayo,David,Mayo,Concussion,,Questionable,Concussion,,Full Participation in Practice,2016-12-17T10:19:47Z
2016,REG,CAR,15,00-0027939,QB,Cam Newton,Cam,Newton,right Shoulder,,Questionable,right Shoulder,,Full Participation in Practice,2016-12-17T10:19:47Z
2016,REG,CHI,15,00-0027743,CB,Sherrick McManis,Sherrick,McManis,,,,Illness,,Full Participation in Practice,2016-12-16T11:59:40Z
2016,REG,CHI,15,00-0026180,CB,Tracy Porter,Tracy,Porter,,,,Knee,,Full Participation in Practice,2016-12-16T11:59:40Z
2016,REG,CHI,15,00-0026275,G,Josh Sitton,Josh,Sitton,,,,Not Injury Related,,Limited Participation in Practice,2016-12-15T13:15:12Z
2016,REG,CHI,15,00-0026182,WR,Eddie Royal,Eddie,Royal,Toe,,Out,Toe,,Did Not Participate In Practice,2016-12-16T12:00:45Z
2016,REG,CHI,15,00-0030047,WR,Marquess Wilson,Marquess,Wilson,Groin,Foot,Out,Groin,Foot,Did Not Participate In Practice,2016-12-16T12:00:52Z
2016,REG,CHI,15,00-0031551,DT,Eddie Goldman,Eddie,Goldman,Ankle,,Questionable,Ankle,,Did Not Participate In Practice,2016-12-16T12:00:31Z
2016,REG,CHI,15,00-0030469,CB,Johnthan Banks,Johnthan,Banks,Ankle,,Questionable,Ankle,,Limited Participation in Practice,2016-12-16T12:00:31Z
2016,REG,CHI,15,00-0031904,CB,Bryce Callahan,Bryce,Callahan,Knee,,Questionable,Knee,,Limited Participation in Practice,2016-12-16T12:00:31Z
2016,REG,CIN,15,00-0030449,DE,Margus Hunt,Margus,Hunt,,,,Not Injury Related,,Did Not Participate In Practice,2016-12-15T11:07:15Z
2016,REG,CIN,15,00-0028039,G,Clint Boling,Clint,Boling,,,,Shoulder,,Full Participation in Practice,2016-12-16T09:49:30Z
2016,REG,CIN,15,00-0027662,DE,Carlos Dunlap,Carlos,Dunlap,,,,Neck,,Full Participation in Practice,2016-12-16T09:47:22Z
2016,REG,CIN,15,00-0023441,CB,Adam Jones,Adam,Jones,,,,Ankle,,Full Participation in Practice,2016-12-16T09:47:22Z
2016,REG,CIN,15,00-0027681,WR,Brandon LaFell,Brandon,LaFell,,,,Knee,,Full Participation in Practice,2016-12-16T09:47:22Z
2016,REG,CIN,15,00-0026105,DE,Wallace Gilberry,Wallace,Gilberry,Calf,,Doubtful,Calf,,Did Not Participate In Practice,2016-12-16T09:47:43Z
2016,REG,CIN,15,00-0027942,WR,A.J. Green,A.J.,Green,Hamstring,,Doubtful,Hamstring,,Limited Participation in Practice,2016-12-16T09:47:57Z
2016,REG,CIN,15,00-0025630,LS,Clark Harris,Clark,Harris,Groin,,Questionable,Groin,,Full Participation in Practice,2016-12-16T09:48:16Z
2016,REG,CIN,15,00-0032069,S,Derron Smith,Derron,Smith,Thigh,,Questionable,Thigh,,Full Participation in Practice,2016-12-16T09:48:33Z
2016,REG,CIN,15,00-0032134,TE,C.J. Uzomah,C.J.,Uzomah,Calf,,Questionable,Calf,,Full Participation in Practice,2016-12-16T09:48:47Z
2016,REG,CIN,15,00-0031291,WR,James Wright,James,Wright,Knee,,Questionable,Knee,,Full Participation in Practice,2016-12-16T09:49:05Z
2016,REG,CLE,15,00-0027860,CB,Joe Haden,Joe,Haden,,,,Groin,,Full Participation in Practice,2016-12-16T10:22:35Z
2016,REG,CLE,15,00-0027918,WR,Andrew Hawkins,Andrew,Hawkins,,,,Finger,,Full Participation in Practice,2016-12-16T10:22:27Z
2016,REG,CLE,15,00-0032257,RB,Duke Johnson,Duke,Johnson,,,,Ankle,,Full Participation in Practice,2016-12-16T10:22:27Z
2016,REG,CLE,15,00-0033079,WR,Ricardo Louis,Ricardo,Louis,,,,Thumb,,Full Participation in Practice,2016-12-16T10:22:27Z
2016,REG,CLE,15,00-0030697,DT,Jamie Meder,Jamie,Meder,,,,Thigh,,Full Participation in Practice,2016-12-16T10:22:44Z
2016,REG,CLE,15,00-0031533,TE,Randall Telfer,Randall,Telfer,,,,Thumb,,Full Participation in Practice,2016-12-16T10:22:27Z
2016,REG,CLE,15,00-0025390,T,Joe Thomas,Joe,Thomas,,,,Knee,,Full Participation in Practice,2016-12-16T10:22:53Z
2016,REG,CLE,15,00-0030484,CB,Jamar Taylor,Jamar,Taylor,,,,Groin,,Limited Participation in Practice,2016-12-16T10:22:27Z
2016,REG,CLE,15,00-0032983,LB,Dominique Alexander,Dominique,Alexander,Abdomen,Groin,Questionable,Abdomen,Groin,Limited Participation in Practice,2016-12-16T10:23:25Z
2016,REG,DAL,15,00-0029676,CB,Morris Claiborne,Morris,Claiborne,Groin,,Out,Groin,,Did Not Participate In Practice,2016-12-16T12:01:49Z
2016,REG,DAL,15,00-0032204,T,Chaz Green,Chaz,Green,Back,,Out,Back,,Did Not Participate In Practice,2016-12-16T12:02:00Z
2016,REG,DAL,15,00-0031411,DE,Demarcus Lawrence,Demarcus,Lawrence,Back,,Out,Back,,Did Not Participate In Practice,2016-12-16T12:02:49Z
2016,REG,DAL,15,00-0028424,DT,Cedric Thornton,Cedric,Thornton,Ankle,,Questionable,Ankle,,Did Not Participate In Practice,2016-12-16T12:01:40Z
2016,REG,DAL,15,00-0027416,S,Barry Church,Barry,Church,Forearm,,Questionable,Forearm,,Full Participation in Practice,2016-12-16T12:01:40Z
2016,REG,DAL,15,00-0023298,LS,L.P. Ladouceur,L.P.,Ladouceur,Knee,,Questionable,Knee,,Full Participation in Practice,2016-12-16T12:01:40Z
2016,REG,DAL,15,00-0026283,CB,Orlando Scandrick,Orlando,Scandrick,Foot,Not Injury Related,Questionable,Foot,Not Injury Related,Full Participation in Practice,2016-12-16T12:01:40Z
2016,REG,DAL,15,00-0027902,WR,Dez Bryant,Dez,Bryant,Back,,Questionable,Back,,Limited Participation in Practice,2016-12-16T12:01:40Z
2016,REG,DAL,15,00-0029627,DE,Jack Crawford,Jack,Crawford,Foot,,Questionable,Foot,,Limited Participation in Practice,2016-12-16T12:01:40Z
2016,REG,DAL,15,00-0029010,G,Ronald Leary,Ronald,Leary,Back,,Questionable,Back,,Limited Participation in Practice,2016-12-16T12:01:40Z
2016,REG,DAL,15,00-0027663,LB,Sean Lee,Sean,Lee,Knee,,Questionable,Knee,,Limited Participation in Practice,2016-12-16T12:01:40Z
2016,REG,DAL,15,00-0027947,T,Tyron Smith,Tyron,Smith,Back,Knee,Questionable,Back,Knee,Limited Participation in Practice,2016-12-16T12:01:40Z
2016,REG,DAL,15,00-0030543,S,J.J. Wilcox,J.J.,Wilcox,Thigh,,Questionable,Thigh,,Limited Participation in Practice,2016-12-16T12:01:40Z
2016,REG,DEN,15,00-0031609,TE,A.J. Derby,A.J.,Derby,,,,Groin,,Full Participation in Practice,2016-12-16T11:55:19Z
2016,REG,DEN,15,00-0030670,WR,Bennie Fowler,Bennie,Fowler,,,,Knee,,Full Participation in Practice,2016-12-16T11:55:19Z
2016,REG,DEN,15,00-0031350,LB,Corey Nelson,Corey,Nelson,,,,Finger,,Full Participation in Practice,2016-12-16T11:55:19Z
2016,REG,DEN,15,00-0027859,T,Russell Okung,Russell,Okung,,,,Not Injury Related,,Full Participation in Practice,2016-12-16T11:55:19Z
2016,REG,DEN,15,00-0031349,C,Matt Paradis,Matt,Paradis,,,,Hips,,Full Participation in Practice,2016-12-16T11:55:35Z
2016,REG,DEN,15,00-0032156,QB,Trevor Siemian,Trevor,Siemian,,,,Foot,,Full Participation in Practice,2016-12-16T11:55:19Z
2016,REG,DEN,15,00-0026160,CB,Aqib Talib,Aqib,Talib,,,,Back,,Full Participation in Practice,2016-12-16T11:55:19Z
2016,REG,DEN,15,00-0023445,LB,DeMarcus Ware,DeMarcus,Ware,,,,Thigh,,Full Participation in Practice,2016-12-16T11:55:19Z
2016,REG,DEN,15,00-0030957,LS,Casey Kreiter,Casey,Kreiter,Calf,,Out,Calf,,Did Not Participate In Practice,2016-12-16T11:56:02Z
2016,REG,DEN,15,00-0029620,LB,Brandon Marshall,Brandon,Marshall,Hamstring,,Out,Hamstring,,Did Not Participate In Practice,2016-12-16T11:55:53Z
2016,REG,DEN,15,00-0031427,LB,Todd Davis,Todd,Davis,Rib Cage,,Questionable,Rib Cage,,Limited Participation in Practice,2016-12-16T11:55:40Z
2016,REG,DET,15,00-0026498,QB,Matthew Stafford,Matthew,Stafford,,,,right Finger,,Full Participation in Practice,2016-12-16T12:55:58Z
2016,REG,DET,15,00-0031284,C,Travis Swanson,Travis,Swanson,Concussion,,Out,Concussion,,Did Not Participate In Practice,2016-12-16T12:56:23Z
2016,REG,DET,15,00-0030107,RB,Theo Riddick,Theo,Riddick,Wrist,,Doubtful,Wrist,,Did Not Participate In Practice,2016-12-16T12:56:16Z
2016,REG,DET,15,00-0030059,DE,Ezekiel Ansah,Ezekiel,Ansah,Shoulder,,Questionable,Shoulder,,Limited Participation in Practice,2016-12-16T12:56:08Z
2016,REG,DET,15,00-0031387,TE,Eric Ebron,Eric,Ebron,Knee,,Questionable,Knee,,Limited Participation in Practice,2016-12-16T12:56:08Z
2016,REG,DET,15,00-0027050,LB,DeAndre Levy,DeAndre,Levy,Knee,,Questionable,Knee,,Limited Participation in Practice,2016-12-16T12:56:08Z
2016,REG,DET,15,00-0030062,CB,Darius Slay,Darius,Slay,Hamstring,,Questionable,Hamstring,,Limited Participation in Practice,2016-12-16T12:56:08Z
2016,REG,DET,15,00-0031665,RB,Zach Zenner,Zach,Zenner,Concussion,,Questionable,Concussion,,Limited Participation in Practice,2016-12-16T12:56:08Z
2016,REG,GB,15,00-0027061,TE,Jared Cook,Jared,Cook,,,,Chest,,Full Participation in Practice,2016-12-16T12:17:43Z
2016,REG,GB,15,00-0029284,DT,Mike Daniels,Mike,Daniels,,,,Shoulder,,Limited Participation in Practice,2016-12-16T12:17:43Z
2016,REG,GB,15,00-0027078,G,T.J. Lang,T.J.,Lang,,,,Foot,Illness,Limited Participation in Practice,2016-12-16T12:17:54Z
2016,REG,GB,15,00-0027002,LB,Clay Matthews,Clay,Matthews,,,,Shoulder,,Limited Participation in Practice,2016-12-16T12:17:43Z
2016,REG,GB,15,00-0032200,RB,Ty Montgomery,Ty,Montgomery,,,,Shoulder,,Limited Participation in Practice,2016-12-16T12:17:43Z
2016,REG,GB,15,00-0021140,LB,Julius Peppers,Julius,Peppers,,,,Not Injury Related,,Limited Participation in Practice,2016-12-16T12:17:43Z
2016,REG,GB,15,00-0029408,LB,Nick Perry,Nick,Perry,Hand,,Doubtful,Hand,,Did Not Participate In Practice,2016-12-16T12:18:47Z
2016,REG,GB,15,00-0027791,RB,James Starks,James,Starks,Concussion,,Doubtful,Concussion,,Did Not Participate In Practice,2016-12-16T12:18:56Z
2016,REG,GB,15,00-0023459,QB,Aaron Rodgers,Aaron,Rodgers,Calf,,Questionable,Calf,,Did Not Participate In Practice,2016-12-16T12:18:07Z
2016,REG,GB,15,00-0028002,WR,Randall Cobb,Randall,Cobb,Ankle,,Questionable,Ankle,,Limited Participation in Practice,2016-12-16T12:18:07Z
2016,REG,GB,15,00-0032955,LB,Kyler Fackrell,Kyler,Fackrell,Hamstring,,Questionable,Hamstring,,Limited Participation in Practice,2016-12-16T12:18:07Z
2016,REG,GB,15,00-0032408,LB,Blake Martinez,Blake,Martinez,Knee,,Questionable,Knee,,Limited Participation in Practice,2016-12-16T12:18:07Z
2016,REG,GB,15,00-0030432,RB,Christine Michael,Christine,Michael,Illness,,Questionable,Illness,,Limited Participation in Practice,2016-12-16T12:18:07Z
2016,REG,GB,15,00-0032251,CB,Damarious Randall,Damarious,Randall,Groin,,Questionable,Groin,,Limited Participation in Practice,2016-12-16T12:18:07Z
2016,REG,GB,15,00-0031612,RB,Aaron Ripkowski,Aaron,Ripkowski,Back,,Questionable,Back,,Limited Participation in Practice,2016-12-16T12:18:07Z
2016,REG,GB,15,00-0030076,C,J.C. Tretter,J.C.,Tretter,Knee,,Questionable,Knee,,Limited Participation in Practice,2016-12-16T12:18:07Z
2016,REG,HOU,15,00-0027872,CB,Kareem Jackson,Kareem,Jackson,,,,Hamstring,,Full Participation in Practice,2016-12-16T12:42:05Z
2016,REG,HOU,15,00-0029682,QB,Brock Osweiler,Brock,Osweiler,,,,Thigh,,Full Participation in Practice,2016-12-16T12:42:05Z
2016,REG,HOU,15,00-0031064,QB,Tom Savage,Tom,Savage,,,,right Elbow,,Full Participation in Practice,2016-12-16T12:42:05Z
2016,REG,HOU,15,00-0022793,DE,Antonio Smith,Antonio,Smith,,,,Foot,,Full Participation in Practice,2016-12-16T12:42:05Z
2016,REG,HOU,15,00-0031410,G,Xavier Su'a-Filo,Xavier,Su'a-Filo,,,,Finger,,Full Participation in Practice,2016-12-16T12:42:05Z
2016,REG,HOU,15,00-0025900,T,Chris Clark,Chris,Clark,,,,Ankle,,Limited Participation in Practice,2016-12-16T12:42:05Z
2016,REG,HOU,15,00-0031364,DE,Jadeveon Clowney,Jadeveon,Clowney,,,,Elbow,Wrist,Limited Participation in Practice,2016-12-16T12:42:05Z
2016,REG,HOU,15,00-0026991,LB,Brian Cushing,Brian,Cushing,,,,Back,Ankle,Limited Participation in Practice,2016-12-16T12:42:05Z
2016,REG,HOU,15,00-0030564,WR,DeAndre Hopkins,DeAndre,Hopkins,,,,Hamstring,,Limited Participation in Practice,2016-12-16T12:42:05Z
2016,REG,HOU,15,00-0031553,LB,Benardrick McKinney,Benardrick,McKinney,,,,Wrist,,Limited Participation in Practice,2016-12-16T12:42:05Z
2016,REG,HOU,15,00-0029615,RB,Lamar Miller,Lamar,Miller,,,,Ankle,Ribs,Limited Participation in Practice,2016-12-16T12:42:05Z
2016,REG,HOU,15,00-0029524,G,Jeff Allen,Jeff,Allen,Concussion,,Out,Concussion,,Did Not Participate In Practice,2016-12-16T12:43:23Z
2016,REG,HOU,15,00-0031302,TE,C.J. Fiedorowicz,C.J.,Fiedorowicz,Concussion,,Out,Concussion,,Did Not Participate In Practice,2016-12-16T12:43:29Z
2016,REG,HOU,15,00-0030395,S,Don Jones,Don,Jones,Illness,,Out,Illness,,Did Not Participate In Practice,2016-12-16T12:43:35Z
2016,REG,HOU,15,00-0030442,LB,John Simon,John,Simon,Chest,,Out,Chest,,Did Not Participate In Practice,2016-12-16T12:43:40Z
2016,REG,HOU,15,00-0029643,LB,Whitney Mercilus,Whitney,Mercilus,Back,,Questionable,Back,,Did Not Participate In Practice,2016-12-16T12:43:17Z
2016,REG,HOU,15,00-0032404,RB,Tyler Ervin,Tyler,Ervin,Ribs,,Questionable,Ribs,,Limited Participation in Practice,2016-12-16T12:43:17Z
2016,REG,HOU,15,00-0024239,CB,Johnathan Joseph,Johnathan,Joseph,Ribs,,Questionable,Ribs,,Limited Participation in Practice,2016-12-16T12:43:17Z
2016,REG,IND,15,00-0026307,LB,Erik Walden,Erik,Walden,,,,Not Injury Related,,Did Not Participate In Practice,2016-12-16T10:43:06Z
2016,REG,IND,15,00-0022247,S,Mike Adams,Mike,Adams,,,,Not Injury Related,,Full Participation in Practice,2016-12-16T10:40:04Z
2016,REG,IND,15,00-0027001,CB,Vontae Davis,Vontae,Davis,,,,Not Injury Related,,Full Participation in Practice,2016-12-16T10:40:04Z
2016,REG,IND,15,00-0023500,RB,Frank Gore,Frank,Gore,,,,Not Injury Related,,Full Participation in Practice,2016-12-16T10:40:04Z
2016,REG,IND,15,00-0029608,WR,T.Y. Hilton,T.Y.,Hilton,,,,Back,,Full Participation in Practice,2016-12-16T10:41:44Z
2016,REG,IND,15,00-0029668,QB,Andrew Luck,Andrew,Luck,,,,right Shoulder,right Elbow,Full Participation in Practice,2016-12-16T10:42:15Z
2016,REG,IND,15,00-0022059,LB,Robert Mathis,Robert,Mathis,,,,Bicep,,Full Participation in Practice,2016-12-16T10:40:04Z
2016,REG,IND,15,00-0031632,T,Denzelle Good,Denzelle,Good,Concussion,,Out,Concussion,,Did Not Participate In Practice,2016-12-16T10:43:26Z
2016,REG,IND,15,00-0027756,DT,Arthur Jones,Arthur,Jones,Groin,,Out,Groin,,Did Not Participate In Practice,2016-12-16T10:43:44Z
2016,REG,IND,15,00-0031339,WR,Donte Moncrief,Donte,Moncrief,Hamstring,,Out,Hamstring,,Did Not Participate In Practice,2016-12-16T10:43:57Z
2016,REG,IND,15,00-0026408,T,Joe Reitz,Joe,Reitz,Back,,Out,Back,,Did Not Participate In Practice,2016-12-16T10:44:06Z
2016,REG,IND,15,00-0033059,S,T.J. Green,T.J.,Green,Ankle,,Questionable,Ankle,,Did Not Participate In Practice,2016-12-16T10:40:15Z
2016,REG,IND,15,00-0029689,TE,Dwayne Allen,Dwayne,Allen,Hip,,Questionable,Hip,,Full Participation in Practice,2016-12-16T10:40:15Z
2016,REG,IND,15,00-0032208,WR,Phillip Dorsett,Phillip,Dorsett,Groin,,Questionable,Groin,,Full Participation in Practice,2016-12-16T10:40:15Z
2016,REG,IND,15,00-0031105,DT,Zach Kerr,Zach,Kerr,Concussion,,Questionable,Concussion,,Full Participation in Practice,2016-12-16T10:43:49Z
2016,REG,JAX,15,00-0032968,LB,Myles Jack,Myles,Jack,,,,Illness,,Did Not Participate In Practice,2016-12-16T08:24:41Z
2016,REG,JAX,15,00-0029316,T,Kelvin Beachum,Kelvin,Beachum,,,,Knee,,Full Participation in Practice,2016-12-16T08:25:00Z
2016,REG,JAX,15,00-0031407,QB,Blake Bortles,Blake,Bortles,,,,right Shoulder,,Full Participation in Practice,2016-12-16T08:24:24Z
2016,REG,JAX,15,00-0030538,S,Johnathan Cyprien,Johnathan,Cyprien,,,,Shoulder,,Full Participation in Practice,2016-12-16T08:25:06Z
2016,REG,JAX,15,00-0032052,DE,Dante Fowler,Dante,Fowler,,,,Shoulder,,Full Participation in Practice,2016-12-16T08:24:24Z
2016,REG,JAX,15,00-0027531,RB,Chris Ivory,Chris,Ivory,,,,Hamstring,,Full Participation in Practice,2016-12-16T08:25:14Z
2016,REG,JAX,15,00-0029946,DT,Abry Jones,Abry,Jones,,,,Knee,,Full Participation in Practice,2016-12-16T08:24:24Z
2016,REG,JAX,15,00-0032139,TE,Ben Koyack,Ben,Koyack,,,,Knee,,Full Participation in Practice,2016-12-16T08:25:23Z
2016,REG,JAX,15,00-0031369,G,Brandon Linder,Brandon,Linder,,,,Ankle,,Full Participation in Practice,2016-12-16T08:25:30Z
2016,REG,JAX,15,00-0033123,DE,Yannick Ngakoue,Yannick,Ngakoue,,,,Ankle,,Full Participation in Practice,2016-12-16T08:25:35Z
2016,REG,JAX,15,00-0025421,LB,Paul Posluszny,Paul,Posluszny,,,,Neck,Shoulder,Full Participation in Practice,2016-12-16T08:24:24Z
2016,REG,JAX,15,00-0028846,S,Peyton Thompson,Peyton,Thompson,,,,Ankle,,Full Participation in Practice,2016-12-16T08:24:24Z
2016,REG,JAX,15,00-0029568,DT,Malik Jackson,Malik,Jackson,,,,Knee,,Limited Participation in Practice,2016-12-16T08:24:24Z
2016,REG,JAX,15,00-0030821,WR,Allen Hurns,Allen,Hurns,Hamstring,,Out,Hamstring,,Did Not Participate In Practice,2016-12-16T08:26:13Z
2016,REG,JAX,15,00-0031734,G,Chris Reed,Chris,Reed,Toe,,Out,Toe,,Did Not Participate In Practice,2016-12-16T08:26:01Z
2016,REG,JAX,15,00-0030547,RB,Denard Robinson,Denard,Robinson,Ankle,,Out,Ankle,,Did Not Participate In Practice,2016-12-16T08:26:27Z
2016,REG,JAX,15,00-0031684,WR,Shane Wynn,Shane,Wynn,Hamstring,,Questionable,Hamstring,,Limited Participation in Practice,2016-12-16T08:25:51Z
2016,REG,KC,15,00-0024235,LB,Tamba Hali,Tamba,Hali,,,,Knee,,Did Not Participate In Practice,2016-12-16T13:02:31Z
2016,REG,KC,15,00-0031957,DE,Rakeem Nunez-Roches,Rakeem,Nunez-Roches,,,,Back,,Full Participation in Practice,2016-12-16T13:02:21Z
2016,REG,KC,15,00-0031015,CB,Phillip Gaines,Phillip,Gaines,Knee,,Out,Knee,,Did Not Participate In Practice,2016-12-16T13:02:54Z
2016,REG,KC,15,00-0023449,LB,Derrick Johnson,Derrick,Johnson,Achilles,,Out,Achilles,,Did Not Participate In Practice,2016-12-16T13:03:09Z
2016,REG,KC,15,00-0028008,LB,Justin Houston,Justin,Houston,Illness,Knee,Questionable,Illness,Knee,Limited Participation in Practice,2016-12-16T13:03:02Z
2016,REG,KC,15,00-0029256,DE,Kendall Reyes,Kendall,Reyes,Wrist,,Questionable,Wrist,,Limited Participation in Practice,2016-12-16T13:02:47Z
2016,REG,LA,15,00-0028958,TE,Cory Harkey,Cory,Harkey,,,,Tricep,,Did Not Participate In Practice,2016-12-12T16:53:35Z
2016,REG,LA,15,00-0029640,WR,Brian Quick,Brian,Quick,,,,Shoulder,,Full Participation in Practice,2016-12-14T12:14:14Z
2016,REG,LA,15,00-0031393,S,Maurice Alexander,Maurice,Alexander,Concussion,,Out,Concussion,,Did Not Participate In Practice,2016-12-14T12:15:22Z
2016,REG,LA,15,00-0029795,RB,Benny Cunningham,Benny,Cunningham,Neck,,Out,Neck,,Did Not Participate In Practice,2016-12-14T12:15:32Z
2016,REG,LA,15,00-0031394,CB,E.J. Gaines,E.J.,Gaines,Thigh,,Doubtful,Thigh,,Did Not Participate In Practice,2016-12-14T12:15:43Z
2016,REG,LA,15,00-0027952,DE,Robert Quinn,Robert,Quinn,Concussion,,Doubtful,Concussion,,Did Not Participate In Practice,2016-12-14T12:15:55Z
2016,REG,LA,15,00-0031814,DE,Matt Longacre,Matt,Longacre,Heel,,Questionable,Heel,,Full Participation in Practice,2016-12-14T12:15:15Z
2016,REG,MIA,15,00-0031382,WR,Jarvis Landry,Jarvis,Landry,,,,Not Injury Related,,Did Not Participate In Practice,2016-12-16T08:08:09Z
2016,REG,MIA,15,00-0029701,QB,Ryan Tannehill,Ryan,Tannehill,Knee,,Out,Knee,,Did Not Participate In Practice,2016-12-16T08:08:24Z
2016,REG,MIA,15,00-0028564,S,Isa Abdul-Quddus,Isa,Abdul-Quddus,Neck,,Questionable,Neck,,Full Participation in Practice,2016-12-16T08:08:12Z
2016,REG,MIA,15,00-0026155,T,Branden Albert,Branden,Albert,Wrist,,Questionable,Wrist,,Full Participation in Practice,2016-12-16T08:08:12Z
2016,REG,MIA,15,00-0025512,T,Jermon Bushrod,Jermon,Bushrod,Shoulder,,Questionable,Shoulder,,Full Participation in Practice,2016-12-16T08:08:12Z
2016,REG,MIA,15,00-0031587,CB,Bobby McCain,Bobby,McCain,Hand,,Questionable,Hand,,Full Participation in Practice,2016-12-16T08:08:12Z
2016,REG,MIA,15,00-0028368,LB,Spencer Paysinger,Spencer,Paysinger,Thigh,,Questionable,Thigh,,Full Participation in Practice,2016-12-16T08:08:12Z
2016,REG,MIA,15,00-0030887,G,Anthony Steen,Anthony,Steen,Toe,,Questionable,Toe,,Full Participation in Practice,2016-12-16T08:08:12Z
2016,REG,MIA,15,00-0030401,LB,Kiko Alonso,Kiko,Alonso,Hamstring,Hand,Questionable,Hamstring,Hand,Limited Participation in Practice,2016-12-16T08:08:12Z
2016,REG,MIA,15,00-0030384,LB,Jelani Jenkins,Jelani,Jenkins,Knee,Hand,Questionable,Knee,Hand,Limited Participation in Practice,2016-12-16T08:08:12Z
2016,REG,MIA,15,00-0023750,DE,Mario Williams,Mario,Williams,Ankle,,Questionable,Ankle,,Limited Participation in Practice,2016-12-16T08:08:12Z
2016,REG,MIN,15,00-0027854,QB,Sam Bradford,Sam,Bradford,,,,right Shoulder,,Full Participation in Practice,2016-12-16T10:39:44Z
2016,REG,MIN,15,00-0031588,WR,Stefon Diggs,Stefon,Diggs,,,,Knee,,Full Participation in Practice,2016-12-16T10:40:19Z
2016,REG,MIN,15,00-0027701,DE,Everson Griffen,Everson,Griffen,,,,Hip,,Full Participation in Practice,2016-12-16T10:39:59Z
2016,REG,MIN,15,00-0031624,LB,Edmond Robinson,Edmond,Robinson,,,,Hamstring,,Full Participation in Practice,2016-12-16T10:39:34Z
2016,REG,MIN,15,00-0027547,CB,Marcus Sherels,Marcus,Sherels,,,,Rib,,Full Participation in Practice,2016-12-16T10:40:31Z
2016,REG,MIN,15,00-0030923,T,Jeremiah Sirles,Jeremiah,Sirles,,,,Ankle,,Full Participation in Practice,2016-12-16T10:39:52Z
2016,REG,MIN,15,00-0028495,DE,Justin Trattou,Justin,Trattou,,,,Forehead,,Full Participation in Practice,2016-12-16T10:40:54Z
2016,REG,MIN,15,00-0028110,G,Brandon Fusco,Brandon,Fusco,Concussion,,Out,Concussion,,Did Not Participate In Practice,2016-12-16T10:41:43Z
2016,REG,MIN,15,00-0029606,S,Harrison Smith,Harrison,Smith,Ankle,,Out,Ankle,,Did Not Participate In Practice,2016-12-16T10:41:51Z
2016,REG,MIN,15,00-0032951,WR,Laquon Treadwell,Laquon,Treadwell,Ankle,,Out,Ankle,,Did Not Participate In Practice,2016-12-16T10:42:05Z
2016,REG,MIN,15,00-0031546,CB,Trae Waynes,Trae,Waynes,Concussion,,Out,Concussion,,Did Not Participate In Practice,2016-12-16T10:42:13Z
2016,REG,MIN,15,00-0028198,RB,Matt Asiata,Matt,Asiata,Ankle,,Questionable,Ankle,,Did Not Participate In Practice,2016-12-16T10:41:21Z
2016,REG,MIN,15,00-0032389,CB,Mackensie Alexander,Mackensie,Alexander,Abdomen,,Questionable,Abdomen,,Full Participation in Practice,2016-12-16T10:41:21Z
2016,REG,MIN,15,00-0023639,C,Joe Berger,Joe,Berger,Concussion,,Questionable,Concussion,,Full Participation in Practice,2016-12-16T10:41:21Z
2016,REG,NE,15,00-0026035,WR,Danny Amendola,Danny,Amendola,Ankle,,Out,Ankle,,Did Not Participate In Practice,2016-12-16T10:55:20Z
2016,REG,NE,15,00-0026201,TE,Martellus Bennett,Martellus,Bennett,Ankle,Shoulder,Questionable,Ankle,Shoulder,Limited Participation in Practice,2016-12-16T10:55:09Z
2016,REG,NE,15,00-0031218,CB,Malcolm Butler,Malcolm,Butler,Hip,,Questionable,Hip,,Limited Participation in Practice,2016-12-16T10:55:09Z
2016,REG,NE,15,00-0029669,LB,Dont'a Hightower,Dont'a,Hightower,Knee,,Questionable,Knee,,Limited Participation in Practice,2016-12-16T10:55:09Z
2016,REG,NE,15,00-0031559,S,Jordan Richards,Jordan,Richards,Knee,,Questionable,Knee,,Limited Participation in Practice,2016-12-16T10:55:09Z
2016,REG,NE,15,00-0032442,LB,Elandon Roberts,Elandon,Roberts,Hamstring,,Questionable,Hamstring,,Limited Participation in Practice,2016-12-16T10:55:09Z
2016,REG,NE,15,00-0031555,CB,Eric Rowe,Eric,Rowe,Hamstring,,Questionable,Hamstring,,Limited Participation in Practice,2016-12-16T10:55:09Z
2016,REG,NE,15,00-0026293,WR,Matt Slater,Matt,Slater,Foot,,Questionable,Foot,,Limited Participation in Practice,2016-12-16T10:55:09Z
2016,REG,NO,15,00-0022999,RB,John Kuhn,John,Kuhn,,,,Groin,,Full Participation in Practice,2016-12-16T12:50:42Z
2016,REG,NO,15,00-0032765,WR,Michael Thomas,Michael,Thomas,,,,Foot,,Full Participation in Practice,2016-12-16T12:50:32Z
2016,REG,NO,15,00-0020531,QB,Drew Brees,Drew,Brees,,,,Not Injury Related,,Limited Participation in Practice,2016-12-14T14:12:06Z
2016,REG,NO,15,00-0027966,RB,Mark Ingram,Mark,Ingram,,,,Toe,Knee,Limited Participation in Practice,2016-12-16T12:50:11Z
2016,REG,NO,15,00-0032102,LB,Stephone Anthony,Stephone,Anthony,Knee,,Out,Knee,,Did Not Participate In Practice,2016-12-16T12:51:13Z
2016,REG,NO,15,00-0031474,CB,Delvin Breaux,Delvin,Breaux,Shoulder,,Out,Shoulder,,Did Not Participate In Practice,2016-12-16T12:51:20Z
2016,REG,NO,15,00-0028082,S,Shiloh Keo,Shiloh,Keo,Hamstring,,Questionable,Hamstring,,Limited Participation in Practice,2016-12-16T12:51:07Z
2016,REG,NO,15,00-0032804,RB,Daniel Lasco,Daniel,Lasco,Hamstring,Knee,Questionable,Hamstring,Knee,Limited Participation in Practice,2016-12-16T12:51:07Z
2016,REG,NO,15,00-0028834,LB,Craig Robertson,Craig,Robertson,Shoulder,,Questionable,Shoulder,,Limited Participation in Practice,2016-12-16T12:51:07Z
2016,REG,NO,15,00-0027025,C,Max Unger,Max,Unger,Foot,,Questionable,Foot,,Limited Participation in Practice,2016-12-16T12:51:07Z
2016,REG,NYG,15,00-0025503,LS,Zak DeOssie,Zak,DeOssie,,,,Hamstring,,Limited Participation in Practice,2016-12-16T10:57:06Z
2016,REG,NYG,15,00-0030063,DT,Johnathan Hankins,Johnathan,Hankins,,,,Shoulder,,Limited Participation in Practice,2016-12-16T10:57:06Z
2016,REG,NYG,15,00-0028620,LB,Mark Herzlich,Mark,Herzlich,,,,Concussion,,Limited Participation in Practice,2016-12-16T10:57:06Z
2016,REG,NYG,15,00-0031562,DE,Owamagbe Odighizuwa,Owamagbe,Odighizuwa,,,,Knee,,Limited Participation in Practice,2016-12-16T10:57:06Z
2016,REG,NYG,15,00-0030585,G,Justin Pugh,Justin,Pugh,,,,Knee,,Limited Participation in Practice,2016-12-16T10:57:06Z
2016,REG,NYG,15,00-0027867,DE,Jason Pierre-Paul,Jason,Pierre-Paul,Core Muscle,,Out,Core Muscle,,Did Not Participate In Practice,2016-12-16T10:57:57Z
2016,REG,NYG,15,00-0031070,S,Nat Berhe,Nat,Berhe,Concussion,,Questionable,Concussion,,Limited Participation in Practice,2016-12-16T10:57:20Z
2016,REG,NYG,15,00-0029545,LB,Keenan Robinson,Keenan,Robinson,Shoulder,,Questionable,Shoulder,,Limited Participation in Practice,2016-12-16T10:57:20Z
2016,REG,NYG,15,00-0027994,RB,Shane Vereen,Shane,Vereen,Concussion,,Questionable,Concussion,,Limited Participation in Practice,2016-12-16T10:57:20Z
2016,REG,NYJ,15,00-0032694,WR,Jalin Marshall,Jalin,Marshall,,,,Concussion,,Full Participation in Practice,2016-12-16T09:45:36Z
2016,REG,NYJ,15,00-0030109,LB,Mike Catapano,Mike,Catapano,Knee,,Out,Knee,,Did Not Participate In Practice,2016-12-16T09:45:54Z
2016,REG,NYJ,15,00-0031564,LB,Lorenzo Mauldin,Lorenzo,Mauldin,Ankle,,Out,Ankle,,Did Not Participate In Practice,2016-12-16T09:45:45Z
2016,REG,NYJ,15,00-0026564,DT,Steve McLendon,Steve,McLendon,Hamstring,,Out,Hamstring,,Did Not Participate In Practice,2016-12-16T09:46:01Z
2016,REG,NYJ,15,00-0028075,CB,Buster Skrine,Buster,Skrine,Concussion,,Out,Concussion,,Did Not Participate In Practice,2016-12-16T09:46:21Z
2016,REG,NYJ,15,00-0031031,T,Brent Qvale,Brent,Qvale,Hamstring,,Doubtful,Hamstring,,Did Not Participate In Practice,2016-12-16T09:46:07Z
2016,REG,NYJ,15,00-0030348,RB,Khiry Robinson,Khiry,Robinson,Lower Leg,,Doubtful,Lower Leg,,Did Not Participate In Practice,2016-12-16T09:46:13Z
2016,REG,NYJ,15,00-0029601,TE,Brandon Bostick,Brandon,Bostick,Ankle,,Questionable,Ankle,,Limited Participation in Practice,2016-12-16T09:45:37Z
2016,REG,NYJ,15,00-0031023,WR,Quincy Enunwa,Quincy,Enunwa,Ribs,,Questionable,Ribs,,Limited Participation in Practice,2016-12-16T09:45:37Z
2016,REG,NYJ,15,00-0026184,RB,Matt Forte,Matt,Forte,Knee,,Questionable,Knee,,Limited Participation in Practice,2016-12-16T09:45:37Z
2016,REG,NYJ,15,00-0024334,WR,Brandon Marshall,Brandon,Marshall,Knee,Foot Back,Questionable,Knee,Foot Back,Limited Participation in Practice,2016-12-16T09:45:37Z
2016,REG,NYJ,15,00-0027968,DE,Muhammad Wilkerson,Muhammad,Wilkerson,Ankle,,Questionable,Ankle,,Limited Participation in Practice,2016-12-16T09:45:37Z
2016,REG,OAK,15,00-0031280,QB,Derek Carr,Derek,Carr,,,,right Finger,,Full Participation in Practice,2016-12-16T12:36:06Z
2016,REG,OAK,15,00-0033122,LB,Shilique Calhoun,Shilique,Calhoun,Knee,,Out,Knee,,Did Not Participate In Practice,2016-12-16T12:37:04Z
2016,REG,OAK,15,00-0032888,S,Karl Joseph,Karl,Joseph,Toe,,Out,Toe,,Did Not Participate In Practice,2016-12-16T12:37:50Z
2016,REG,OAK,15,00-0030515,DT,Stacy McGee,Stacy,McGee,Ankle,,Out,Ankle,,Did Not Participate In Practice,2016-12-16T12:37:59Z
2016,REG,OAK,15,00-0031544,WR,Amari Cooper,Amari,Cooper,Shoulder,,Questionable,Shoulder,,Limited Participation in Practice,2016-12-16T12:36:08Z
2016,REG,OAK,15,00-0026986,WR,Michael Crabtree,Michael,Crabtree,Finger,,Questionable,Finger,,Limited Participation in Practice,2016-12-16T12:36:08Z
2016,REG,OAK,15,00-0032938,DE,Darius Latham,Darius,Latham,Ankle,,Questionable,Ankle,,Limited Participation in Practice,2016-12-16T12:36:08Z
2016,REG,OAK,15,00-0029259,G,Kelechi Osemele,Kelechi,Osemele,Knee,,Questionable,Knee,,Limited Participation in Practice,2016-12-16T12:36:08Z
2016,REG,OAK,15,00-0027704,LB,Perry Riley,Perry,Riley,Hamstring,,Questionable,Hamstring,,Limited Participation in Practice,2016-12-16T12:36:08Z
2016,REG,OAK,15,00-0028180,LB,Malcolm Smith,Malcolm,Smith,Hamstring,,Questionable,Hamstring,,Limited Participation in Practice,2016-12-16T12:36:08Z
2016,REG,PHI,15,00-0029679,G,Brandon Brooks,Brandon,Brooks,,,,Illness,,Full Participation in Practice,2016-12-16T11:14:39Z
2016,REG,PHI,15,00-0023564,RB,Darren Sproles,Darren,Sproles,Concussion,,Out,Concussion,,Did Not Participate In Practice,2016-12-16T11:15:41Z
2016,REG,PHI,15,00-0032785,T,Halapoulivaati Vaitai,Halapoulivaati,Vaitai,Knee,,Out,Knee,,Did Not Participate In Practice,2016-12-16T11:15:48Z
2016,REG,PHI,15,00-0025506,G,Allen Barbre,Allen,Barbre,Hamstring,,Questionable,Hamstring,,Did Not Participate In Practice,2016-12-16T11:15:15Z
2016,REG,PHI,15,00-0025549,TE,Brent Celek,Brent,Celek,Stinger,,Questionable,Stinger,,Full Participation in Practice,2016-12-16T11:15:15Z
2016,REG,PHI,15,00-0032218,WR,Dorial Green-Beckham,Dorial,Green-Beckham,Abdomen,,Questionable,Abdomen,,Full Participation in Practice,2016-12-16T11:15:15Z
2016,REG,PHI,15,00-0032437,LB,Kamu Grugier-Hill,Kamu,Grugier-Hill,Illness,,Questionable,Illness,,Full Participation in Practice,2016-12-16T11:15:15Z
2016,REG,PHI,15,00-0031299,WR,Jordan Matthews,Jordan,Matthews,Ankle,,Questionable,Ankle,,Full Participation in Practice,2016-12-16T11:15:15Z
2016,REG,PIT,15,00-0027870,C,Maurkice Pouncey,Maurkice,Pouncey,,,,Not Injury Related,,Did Not Participate In Practice,2016-12-14T12:31:48Z
2016,REG,PIT,15,00-0022924,QB,Ben Roethlisberger,Ben,Roethlisberger,,,,Not Injury Related,,Did Not Participate In Practice,2016-12-14T12:31:28Z
2016,REG,PIT,15,00-0031779,C,B.J. Finney,B.J.,Finney,,,,Concussion,,Full Participation in Practice,2016-12-16T10:32:21Z
2016,REG,PIT,15,00-0026561,G,Ramon Foster,Ramon,Foster,,,,Chest,,Full Participation in Practice,2016-12-16T10:32:21Z
2016,REG,PIT,15,00-0028001,T,Marcus Gilbert,Marcus,Gilbert,,,,Ankle,,Full Participation in Practice,2016-12-16T10:32:21Z
2016,REG,PIT,15,00-0033109,DT,Javon Hargrave,Javon,Hargrave,,,,Concussion,,Full Participation in Practice,2016-12-16T10:32:21Z
2016,REG,PIT,15,00-0024242,RB,DeAngelo Williams,DeAngelo,Williams,,,,Knee,,Full Participation in Practice,2016-12-16T10:32:27Z
2016,REG,PIT,15,00-0026983,WR,Darrius Heyward-Bey,Darrius,Heyward-Bey,Foot,,Out,Foot,,Did Not Participate In Practice,2016-12-16T10:32:45Z
2016,REG,PIT,15,00-0030412,S,Shamarko Thomas,Shamarko,Thomas,Concussion,,Out,Concussion,,Did Not Participate In Practice,2016-12-16T10:32:52Z
2016,REG,SD,15,00-0033156,DE,Joey Bosa,Joey,Bosa,,,,Neck,,Full Participation in Practice,2016-12-16T12:03:32Z
2016,REG,SD,15,00-0032895,LB,Jatavis Brown,Jatavis,Brown,,,,Knee,,Full Participation in Practice,2016-12-16T12:03:32Z
2016,REG,SD,15,00-0026253,S,Dwight Lowery,Dwight,Lowery,,,,Hand,,Full Participation in Practice,2016-12-16T12:03:32Z
2016,REG,SD,15,00-0032322,S,Dexter McCoil,Dexter,McCoil,,,,Ankle,,Full Participation in Practice,2016-12-16T12:03:32Z
2016,REG,SD,15,00-0032160,WR,Tyrell Williams,Tyrell,Williams,,,,Shoulder,,Full Participation in Practice,2016-12-16T12:03:32Z
2016,REG,SD,15,00-0032144,RB,Melvin Gordon,Melvin,Gordon,Hip,Knee,Out,Hip,Knee,Did Not Participate In Practice,2016-12-16T12:04:11Z
2016,REG,SD,15,00-0032106,CB,Craig Mager,Craig,Mager,Shoulder,,Doubtful,Shoulder,,Did Not Participate In Practice,2016-12-16T12:04:18Z
2016,REG,SD,15,00-0027984,G,Orlando Franklin,Orlando,Franklin,Rib,,Questionable,Rib,,Full Participation in Practice,2016-12-16T12:04:00Z
2016,REG,SD,15,00-0030691,WR,Jeremy Butler,Jeremy,Butler,Ankle,,Questionable,Ankle,,Limited Participation in Practice,2016-12-16T12:04:00Z
2016,REG,SEA,15,00-0033164,RB,Troymaine Pope,Troymaine,Pope,,,,Ankle,,Did Not Participate In Practice,2016-12-12T15:44:40Z
2016,REG,SEA,15,00-0027905,RB,Will Tukuafu,Will,Tukuafu,,,,Concussion,,Did Not Participate In Practice,2016-12-12T15:44:13Z
2016,REG,SEA,15,00-0027696,TE,Jimmy Graham,Jimmy,Graham,,,,Not Injury Related,,Full Participation in Practice,2016-12-14T13:17:31Z
2016,REG,SEA,15,00-0030069,DE,Damontre Moore,Damontre,Moore,Foot,,Out,Foot,,Did Not Participate In Practice,2016-12-14T13:20:16Z
2016,REG,SEA,15,00-0032393,RB,C.J. Prosise,C.J.,Prosise,Shoulder,,Out,Shoulder,,Did Not Participate In Practice,2016-12-14T13:20:20Z
2016,REG,SEA,15,00-0030650,LB,Dewey McDonald,Dewey,McDonald,Illness,Illness,Questionable,Illness,Illness,Did Not Participate In Practice,2016-12-14T13:20:05Z
2016,REG,SEA,15,00-0030770,LB,Brock Coyle,Brock,Coyle,Foot,,Questionable,Foot,,Full Participation in Practice,2016-12-14T13:20:05Z
2016,REG,SF,15,00-0032441,WR,Aaron Burbridge,Aaron,Burbridge,,,,Hamstring,,Full Participation in Practice,2016-12-16T10:30:40Z
2016,REG,SF,15,00-0030088,DT,Quinton Dial,Quinton,Dial,,,,Elbow,,Full Participation in Practice,2016-12-16T10:30:32Z
2016,REG,SF,15,00-0026145,DT,Glenn Dorsey,Glenn,Dorsey,,,,Knee,,Full Participation in Practice,2016-12-16T10:30:47Z
2016,REG,SF,15,00-0028202,RB,Shaun Draughn,Shaun,Draughn,,,,Ribs,,Full Participation in Practice,2016-12-16T10:30:32Z
2016,REG,SF,15,00-0032060,LB,Eli Harold,Eli,Harold,,,,Toe,,Full Participation in Practice,2016-12-16T10:30:32Z
2016,REG,SF,15,00-0027974,QB,Colin Kaepernick,Colin,Kaepernick,,,,Neck,,Full Participation in Practice,2016-12-16T10:30:32Z
2016,REG,SF,15,00-0030993,LB,Aaron Lynch,Aaron,Lynch,,,,Ankle,,Full Participation in Practice,2016-12-16T10:30:32Z
2016,REG,SF,15,00-0027996,WR,Torrey Smith,Torrey,Smith,Concussion,,Out,Concussion,,Did Not Participate In Practice,2016-12-16T10:31:23Z
2016,REG,SF,15,00-0025415,T,Joe Staley,Joe,Staley,Hamstring,,Doubtful,Hamstring,,Did Not Participate In Practice,2016-12-16T10:31:33Z
2016,REG,TB,15,00-0032009,WR,Adam Humphries,Adam,Humphries,,,,Concussion,,Full Participation in Practice,2016-12-16T12:00:00Z
2016,REG,TB,15,00-0026814,T,Demar Dotson,Demar,Dotson,Concussion,,Out,Concussion,,Did Not Participate In Practice,2016-12-16T12:00:34Z
2016,REG,TB,15,00-0028031,S,Chris Conte,Chris,Conte,Chest,,Questionable,Chest,,Full Participation in Practice,2016-12-16T12:00:16Z
2016,REG,TB,15,00-0027856,DT,Gerald McCoy,Gerald,McCoy,Foot,,Questionable,Foot,,Full Participation in Practice,2016-12-16T12:00:16Z
2016,REG,TB,15,00-0028256,DT,Sealver Siliga,Sealver,Siliga,Calf,,Questionable,Calf,,Full Participation in Practice,2016-12-16T12:00:16Z
2016,REG,TB,15,00-0028042,TE,Luke Stocker,Luke,Stocker,Ankle,,Questionable,Ankle,,Full Participation in Practice,2016-12-16T12:00:16Z
2016,REG,TB,15,00-0029562,LB,Lavonte David,Lavonte,David,Hamstring,,Questionable,Hamstring,,Limited Participation in Practice,2016-12-16T12:00:16Z
2016,REG,TEN,15,00-0029594,LB,Sean Spence,Sean,Spence,Ankle,,Out,Ankle,,Did Not Participate In Practice,2016-12-16T10:40:31Z
2016,REG,TEN,15,00-0030517,LB,David Bass,David,Bass,Groin,,Questionable,Groin,,Full Participation in Practice,2016-12-16T10:40:20Z
2016,REG,TEN,15,00-0028080,DT,Karl Klug,Karl,Klug,Achilles,,Questionable,Achilles,,Full Participation in Practice,2016-12-16T10:40:20Z
2016,REG,TEN,15,00-0028015,DT,Jurrell Casey,Jurrell,Casey,Foot,,Questionable,Foot,,Limited Participation in Practice,2016-12-16T10:40:20Z
2016,REG,WAS,15,00-0031939,RB,Matt Jones,Matt,Jones,,,,Illness,,Full Participation in Practice,2016-12-17T10:36:19Z
2016,REG,WAS,15,00-0027688,QB,Colt McCoy,Colt,McCoy,,,,right Elbow,,Full Participation in Practice,2016-12-17T10:36:29Z
2016,REG,WAS,15,00-0032053,G,Brandon Scherff,Brandon,Scherff,,,,Ankle,,Full Participation in Practice,2016-12-17T10:36:19Z
2016,REG,WAS,15,00-0030140,P,Tress Way,Tress,Way,,,,left Ankle,,Full Participation in Practice,2016-12-17T10:37:17Z
2016,REG,WAS,15,00-0032767,S,Su'a Cravens,Su'a,Cravens,Upper Arm,Illness,Out,Upper Arm,Illness,Did Not Participate In Practice,2016-12-17T10:38:10Z
2016,REG,WAS,15,00-0029869,LB,Will Compton,Will,Compton,Knee,,Doubtful,Knee,,Did Not Participate In Practice,2016-12-17T10:38:24Z
2016,REG,WAS,15,00-0026327,C,John Sullivan,John,Sullivan,Illness,,Questionable,Illness,,Did Not Participate In Practice,2016-12-17T10:37:48Z
2016,REG,WAS,15,00-0024330,S,Will Blackmon,Will,Blackmon,Concussion,Thumb,Questionable,Concussion,Thumb,Full Participation in Practice,2016-12-17T10:37:48Z
2016,REG,WAS,15,00-0032048,RB,Mack Brown,Mack,Brown,Concussion,,Questionable,Concussion,,Full Participation in Practice,2016-12-17T10:37:48Z
2016,REG,WAS,15,00-0027694,G,Shawn Lauvao,Shawn,Lauvao,Groin,,Questionable,Groin,,Full Participation in Practice,2016-12-17T10:37:48Z
2016,REG,WAS,15,00-0031047,C,Spencer Long,Spencer,Long,Concussion,Stinger,Questionable,Concussion,Stinger,Full Participation in Practice,2016-12-17T10:37:48Z
2016,REG,WAS,15,00-0026512,DE,Chris Baker,Chris,Baker,Ankle,,Questionable,Ankle,,Limited Participation in Practice,2016-12-17T10:37:48Z
2016,REG,WAS,15,00-0027954,LB,Ryan Kerrigan,Ryan,Kerrigan,Knee,,Questionable,Knee,,Limited Participation in Practice,2016-12-17T10:37:48Z
2016,REG,WAS,15,00-0029709,T,Ty Nsekhe,Ty,Nsekhe,Ankle,,Questionable,Ankle,,Limited Participation in Practice,2016-12-17T10:37:48Z
2016,REG,WAS,15,00-0030472,TE,Jordan Reed,Jordan,Reed,Shoulder,Illness,Questionable,Shoulder,Illness,Limited Participation in Practice,2016-12-17T10:37:48Z
2016,REG,WAS,15,00-0031945,LB,Martrell Spaight,Martrell,Spaight,Shoulder,,Questionable,Shoulder,,Limited Participation in Practice,2016-12-17T10:37:48Z
2016,REG,ARI,16,00-0029530,CB,Justin Bethel,Justin,Bethel,,,,Foot,,Full Participation in Practice,2016-12-23T11:10:39Z
2016,REG,ARI,16,00-0030459,S,Tyrann Mathieu,Tyrann,Mathieu,,,,Shoulder,,Limited Participation in Practice,2016-12-22T12:49:38Z
2016,REG,ARI,16,00-0030127,CB,Marcus Cooper,Marcus,Cooper,Back,Calf,Out,Back,Calf,Did Not Participate In Practice,2016-12-23T11:11:33Z
2016,REG,ARI,16,00-0032222,T,D.J. Humphries,D.J.,Humphries,Concussion,,Out,Concussion,,Did Not Participate In Practice,2016-12-23T11:11:41Z
2016,REG,ARI,16,00-0031051,WR,John Brown,John,Brown,Illness,,Questionable,Illness,,Limited Participation in Practice,2016-12-23T11:11:17Z
2016,REG,ARI,16,00-0032769,CB,Brandon Williams,Brandon,Williams,Back,,Questionable,Back,,Limited Participation in Practice,2016-12-23T11:11:17Z
2016,REG,ATL,16,00-0027958,DE,Adrian Clayborn,Adrian,Clayborn,,,,Knee,,Full Participation in Practice,2016-12-23T07:32:50Z
2016,REG,ATL,16,00-0031552,CB,Jalen Collins,Jalen,Collins,,,,Knee,,Full Participation in Practice,2016-12-23T07:32:44Z
2016,REG,ATL,16,00-0021146,DE,Dwight Freeney,Dwight,Freeney,,,,Not Injury Related,,Full Participation in Practice,2016-12-23T07:32:44Z
2016,REG,ATL,16,00-0031228,WR,Taylor Gabriel,Taylor,Gabriel,,,,Shoulder,,Full Participation in Practice,2016-12-23T07:32:44Z
2016,REG,ATL,16,00-0027944,WR,Julio Jones,Julio,Jones,,,,Toe,,Full Participation in Practice,2016-12-23T07:32:57Z
2016,REG,ATL,16,00-0031680,S,Robenson Therezie,Robenson,Therezie,,,,Ankle,,Full Participation in Practice,2016-12-21T11:39:23Z
2016,REG,ATL,16,00-0029848,WR,Nick Williams,Nick,Williams,,,,Concussion,,Full Participation in Practice,2016-12-23T07:32:44Z
2016,REG,ATL,16,00-0032401,DT,De'Vondre Campbell,De'Vondre,Campbell,Concussion,,Out,Concussion,,Did Not Participate In Practice,2016-12-23T07:33:05Z
2016,REG,ATL,16,00-0032392,TE,Austin Hooper,Austin,Hooper,Knee,,Out,Knee,,Did Not Participate In Practice,2016-12-23T07:33:14Z
2016,REG,BAL,16,00-0022161,LB,Terrell Suggs,Terrell,Suggs,,,,Not Injury Related,,Did Not Participate In Practice,2016-12-22T12:46:23Z
2016,REG,BAL,16,00-0026223,C,Jeremy Zuttah,Jeremy,Zuttah,,,,Not Injury Related,,Did Not Participate In Practice,2016-12-22T12:46:30Z
2016,REG,BAL,16,00-0025473,G,Marshal Yanda,Marshal,Yanda,,,,Not Injury Related,,Full Participation in Practice,2016-12-22T12:45:57Z
2016,REG,BAL,16,00-0032386,LB,Kamalei Correa,Kamalei,Correa,Ribs,,Out,Ribs,,Did Not Participate In Practice,2016-12-23T11:50:25Z
2016,REG,BAL,16,00-0027965,CB,Jimmy Smith,Jimmy,Smith,Ankle,,Out,Ankle,,Did Not Participate In Practice,2016-12-23T11:50:33Z
2016,REG,BAL,16,00-0032407,T,Alex Lewis,Alex,Lewis,Ankle,,Questionable,Ankle,,Full Participation in Practice,2016-12-23T11:50:15Z
2016,REG,BAL,16,00-0020337,WR,Steve Smith,Steve,Smith,Thigh,,Questionable,Thigh,,Full Participation in Practice,2016-12-23T11:50:15Z
2016,REG,BAL,16,00-0031177,DE,Brent Urban,Brent,Urban,Illness,,Questionable,Illness,,Full Participation in Practice,2016-12-23T11:50:15Z
2016,REG,BAL,16,00-0027539,LB,Anthony Levine,Anthony,Levine,Toe,,Questionable,Toe,,Limited Participation in Practice,2016-12-23T11:50:15Z
2016,REG,BUF,16,00-0030046,T,Jordan Mills,Jordan,Mills,,,,Illness,,Did Not Participate In Practice,2016-12-21T11:18:28Z
2016,REG,BUF,16,00-0027881,LB,Jerry Hughes,Jerry,Hughes,,,,Hamstring,,Full Participation in Practice,2016-12-23T08:33:01Z
2016,REG,BUF,16,00-0033096,DE,Shaq Lawson,Shaq,Lawson,,,,Foot,,Full Participation in Practice,2016-12-23T08:33:01Z
2016,REG,BUF,16,00-0027029,RB,LeSean McCoy,LeSean,McCoy,,,,Knee,,Full Participation in Practice,2016-12-23T08:33:01Z
2016,REG,BUF,16,00-0028118,QB,Tyrod Taylor,Tyrod,Taylor,,,,Groin,,Full Participation in Practice,2016-12-23T08:33:01Z
2016,REG,BUF,16,00-0029799,LB,Lerentee McCray,Lerentee,McCray,Concussion,,Out,Concussion,,Did Not Participate In Practice,2016-12-23T08:33:30Z
2016,REG,BUF,16,00-0029561,T,Cordy Glenn,Cordy,Glenn,Back,,Doubtful,Back,,Did Not Participate In Practice,2016-12-23T08:33:35Z
2016,REG,BUF,16,00-0031171,LB,Preston Brown,Preston,Brown,Foot,,Questionable,Foot,,Limited Participation in Practice,2016-12-23T08:33:22Z
2016,REG,BUF,16,00-0028112,TE,Charles Clay,Charles,Clay,Knee,,Questionable,Knee,,Limited Participation in Practice,2016-12-23T08:33:22Z
2016,REG,BUF,16,00-0026286,RB,Jerome Felton,Jerome,Felton,Foot,,Questionable,Foot,,Limited Participation in Practice,2016-12-23T08:33:22Z
2016,REG,BUF,16,00-0032149,G,John Miller,John,Miller,Hip,,Questionable,Hip,,Limited Participation in Practice,2016-12-23T08:33:22Z
2016,REG,BUF,16,00-0031325,WR,Sammy Watkins,Sammy,Watkins,Foot,,Questionable,Foot,,Limited Participation in Practice,2016-12-23T08:33:22Z
2016,REG,BUF,16,00-0024348,DT,Kyle Williams,Kyle,Williams,Back,,Questionable,Back,,Limited Participation in Practice,2016-12-23T08:33:22Z
2016,REG,BUF,16,00-0029257,DT,Jerel Worthy,Jerel,Worthy,Shoulder,,Questionable,Shoulder,,Limited Participation in Practice,2016-12-23T08:33:22Z
2016,REG,CAR,16,00-0028339,DE,Mario Addison,Mario,Addison,,,,Foot,,Full Participation in Practice,2016-12-23T09:05:10Z
2016,REG,CAR,16,00-0031359,WR,Kelvin Benjamin,Kelvin,Benjamin,,,,Back,,Full Participation in Practice,2016-12-23T09:05:04Z
2016,REG,CAR,16,00-0031261,S,Tre Boston,Tre,Boston,,,,Finger,,Full Participation in Practice,2016-12-23T09:05:04Z
2016,REG,CAR,16,00-0026858,K,Graham Gano,Graham,Gano,,,,left Ankle,,Full Participation in Practice,2016-12-23T09:05:04Z
2016,REG,CAR,16,00-0025470,DE,Charles Johnson,Charles,Johnson,,,,Hamstring,,Full Participation in Practice,2016-12-23T09:05:17Z
2016,REG,CAR,16,00-0027939,QB,Cam Newton,Cam,Newton,,,,right Shoulder,,Full Participation in Practice,2016-12-23T09:05:04Z
2016,REG,CAR,16,00-0025418,TE,Greg Olsen,Greg,Olsen,,,,Elbow,,Full Participation in Practice,2016-12-23T09:05:23Z
2016,REG,CAR,16,00-0026153,RB,Jonathan Stewart,Jonathan,Stewart,,,,Not Injury Related,,Full Participation in Practice,2016-12-23T09:05:28Z
2016,REG,CAR,16,00-0031567,T,Daryl Williams,Daryl,Williams,,,,Ankle,,Full Participation in Practice,2016-12-23T09:05:04Z
2016,REG,CAR,16,00-0031843,DE,Ryan Delaire,Ryan,Delaire,Knee,,Out,Knee,,Did Not Participate In Practice,2016-12-23T09:05:55Z
2016,REG,CHI,16,00-0030469,CB,Johnthan Banks,Johnthan,Banks,,,,Ankle,,Full Participation in Practice,2016-12-23T10:42:12Z
2016,REG,CHI,16,00-0029319,WR,Josh Bellamy,Josh,Bellamy,,,,Shoulder,,Full Participation in Practice,2016-12-23T10:42:12Z
2016,REG,CHI,16,00-0029657,DE,Akiem Hicks,Akiem,Hicks,,,,Quadricep,,Full Participation in Practice,2016-12-23T10:43:35Z
2016,REG,CHI,16,00-0029528,T,Bobby Massie,Bobby,Massie,,,,Toe,,Full Participation in Practice,2016-12-23T10:43:49Z
2016,REG,CHI,16,00-0028103,LB,Pernell McPhee,Pernell,McPhee,,,,Knee,,Full Participation in Practice,2016-12-23T10:42:12Z
2016,REG,CHI,16,00-0026180,CB,Tracy Porter,Tracy,Porter,,,,Knee,,Full Participation in Practice,2016-12-23T10:42:12Z
2016,REG,CHI,16,00-0026275,G,Josh Sitton,Josh,Sitton,,,,Ankle,,Full Participation in Practice,2016-12-23T10:42:12Z
2016,REG,CHI,16,00-0029388,WR,Deonte Thompson,Deonte,Thompson,,,,Rib,,Full Participation in Practice,2016-12-23T10:44:00Z
2016,REG,CHI,16,00-0031551,DT,Eddie Goldman,Eddie,Goldman,Ankle,,Out,Ankle,,Did Not Participate In Practice,2016-12-23T10:44:46Z
2016,REG,CHI,16,00-0030094,G,Eric Kush,Eric,Kush,Concussion,,Out,Concussion,,Did Not Participate In Practice,2016-12-23T10:44:56Z
2016,REG,CHI,16,00-0031904,CB,Bryce Callahan,Bryce,Callahan,Knee,,Questionable,Knee,,Limited Participation in Practice,2016-12-23T10:44:03Z
2016,REG,CHI,16,00-0031057,RB,Ka'Deem Carey,Ka'Deem,Carey,Shoulder,,Questionable,Shoulder,,Limited Participation in Practice,2016-12-23T10:44:03Z
2016,REG,CHI,16,00-0031076,QB,David Fales,David,Fales,right Thumb,,Questionable,right Thumb,,Limited Participation in Practice,2016-12-23T10:44:03Z
2016,REG,CHI,16,00-0032581,CB,Cre'von LeBlanc,Cre'von,LeBlanc,Knee,,Questionable,Knee,,Limited Participation in Practice,2016-12-23T10:44:03Z
2016,REG,CHI,16,00-0030048,DE,Cornelius Washington,Cornelius,Washington,Back,,Questionable,Back,,Limited Participation in Practice,2016-12-23T10:44:03Z
2016,REG,CHI,16,00-0027808,LB,Willie Young,Willie,Young,Knee,,Questionable,Knee,,Limited Participation in Practice,2016-12-23T10:44:03Z
2016,REG,CIN,16,00-0032543,WR,Alex Erickson,Alex,Erickson,,,,Not Injury Related,,Did Not Participate In Practice,2016-12-21T10:49:42Z
2016,REG,CIN,16,00-0026105,DE,Wallace Gilberry,Wallace,Gilberry,,,,Calf,,Full Participation in Practice,2016-12-23T10:03:50Z
2016,REG,CIN,16,00-0027245,LB,Vincent Rey,Vincent,Rey,,,,Hamstring,,Full Participation in Practice,2016-12-23T10:05:32Z
2016,REG,CIN,16,00-0026217,DT,Pat Sims,Pat,Sims,,,,Hip,,Full Participation in Practice,2016-12-23T10:05:45Z
2016,REG,CIN,16,00-0031291,WR,James Wright,James,Wright,,,,Knee,,Full Participation in Practice,2016-12-23T10:06:10Z
2016,REG,CIN,16,00-0028039,G,Clint Boling,Clint,Boling,Shoulder,,Out,Shoulder,,Did Not Participate In Practice,2016-12-23T10:07:29Z
2016,REG,CIN,16,00-0028912,LB,Vontaze Burfict,Vontaze,Burfict,Knee,Concussion,Out,Knee,Concussion,Did Not Participate In Practice,2016-12-23T10:07:43Z
2016,REG,CIN,16,00-0030549,TE,Tyler Eifert,Tyler,Eifert,Back,,Out,Back,,Did Not Participate In Practice,2016-12-23T10:08:33Z
2016,REG,CIN,16,00-0032214,TE,Tyler Kroft,Tyler,Kroft,Knee,Ankle,Out,Knee,Ankle,Did Not Participate In Practice,2016-12-23T10:08:46Z
2016,REG,CIN,16,00-0027942,WR,A.J. Green,A.J.,Green,Hamstring,,Questionable,Hamstring,,Full Participation in Practice,2016-12-23T10:07:15Z
2016,REG,CIN,16,00-0031301,RB,Jeremy Hill,Jeremy,Hill,Knee,,Questionable,Knee,,Full Participation in Practice,2016-12-23T10:07:15Z
2016,REG,CIN,16,00-0027044,DE,Michael Johnson,Michael,Johnson,Shoulder,,Questionable,Shoulder,,Full Participation in Practice,2016-12-23T10:07:15Z
2016,REG,CLE,16,00-0033080,TE,Seth DeValve,Seth,DeValve,,,,Hip,,Full Participation in Practice,2016-12-23T10:34:24Z
2016,REG,CLE,16,00-0027860,CB,Joe Haden,Joe,Haden,,,,Groin,,Full Participation in Practice,2016-12-23T10:34:24Z
2016,REG,CLE,16,00-0027918,WR,Andrew Hawkins,Andrew,Hawkins,,,,Finger,,Full Participation in Practice,2016-12-23T10:34:24Z
2016,REG,CLE,16,00-0029008,LS,Charley Hughlett,Charley,Hughlett,,,,Hamstring,,Full Participation in Practice,2016-12-23T10:34:49Z
2016,REG,CLE,16,00-0033079,WR,Ricardo Louis,Ricardo,Louis,,,,Thumb,,Full Participation in Practice,2016-12-23T10:34:24Z
2016,REG,CLE,16,00-0027991,DE,Stephen Paea,Stephen,Paea,,,,Knee,,Full Participation in Practice,2016-12-23T10:34:59Z
2016,REG,CLE,16,00-0028825,WR,Terrelle Pryor,Terrelle,Pryor,,,,Finger,,Full Participation in Practice,2016-12-23T10:35:07Z
2016,REG,CLE,16,00-0025390,T,Joe Thomas,Joe,Thomas,,,,Knee,,Full Participation in Practice,2016-12-23T10:35:16Z
2016,REG,CLE,16,00-0030484,CB,Jamar Taylor,Jamar,Taylor,,,,Groin,,Limited Participation in Practice,2016-12-23T10:34:24Z
2016,REG,CLE,16,00-0032983,LB,Dominique Alexander,Dominique,Alexander,Abdomen,Groin,Questionable,Abdomen,Groin,Limited Participation in Practice,2016-12-23T10:35:56Z
2016,REG,CLE,16,00-0031533,TE,Randall Telfer,Randall,Telfer,Ankle,Knee,Questionable,Ankle,Knee,Limited Participation in Practice,2016-12-23T10:36:28Z
2016,REG,DAL,16,00-0026898,QB,Mark Sanchez,Mark,Sanchez,,,,Not Injury Related,,Full Participation in Practice,2016-12-24T11:39:08Z
2016,REG,DAL,16,00-0029676,CB,Morris Claiborne,Morris,Claiborne,Groin,,Out,Groin,,Did Not Participate In Practice,2016-12-24T11:39:28Z
2016,REG,DAL,16,00-0025435,LB,Justin Durant,Justin,Durant,Elbow,,Out,Elbow,,Did Not Participate In Practice,2016-12-24T11:39:35Z
2016,REG,DAL,16,00-0031411,DE,Demarcus Lawrence,Demarcus,Lawrence,Back,,Out,Back,,Did Not Participate In Practice,2016-12-24T11:39:41Z
2016,REG,DAL,16,00-0028424,DT,Cedric Thornton,Cedric,Thornton,Ankle,,Out,Ankle,,Did Not Participate In Practice,2016-12-24T11:39:52Z
2016,REG,DAL,16,00-0029641,DT,Tyrone Crawford,Tyrone,Crawford,Shoulder,Hamstring,Doubtful,Shoulder,Hamstring,Did Not Participate In Practice,2016-12-24T11:40:36Z
2016,REG,DAL,16,00-0027947,T,Tyron Smith,Tyron,Smith,Back,Knee,Questionable,Back,Knee,Did Not Participate In Practice,2016-12-24T11:39:15Z
2016,REG,DAL,16,00-0027902,WR,Dez Bryant,Dez,Bryant,Back,,Questionable,Back,,Full Participation in Practice,2016-12-24T11:39:15Z
2016,REG,DAL,16,00-0027416,S,Barry Church,Barry,Church,Forearm,,Questionable,Forearm,,Full Participation in Practice,2016-12-24T11:39:15Z
2016,REG,DAL,16,00-0029627,DE,Jack Crawford,Jack,Crawford,Foot,,Questionable,Foot,,Full Participation in Practice,2016-12-24T11:39:15Z
2016,REG,DAL,16,00-0029010,G,Ronald Leary,Ronald,Leary,Back,,Questionable,Back,,Full Participation in Practice,2016-12-24T11:39:15Z
2016,REG,DAL,16,00-0030543,S,J.J. Wilcox,J.J.,Wilcox,Thigh,,Questionable,Thigh,,Full Participation in Practice,2016-12-24T11:39:15Z
2016,REG,DAL,16,00-0027663,LB,Sean Lee,Sean,Lee,Knee,,Questionable,Knee,,Limited Participation in Practice,2016-12-24T11:39:15Z
2016,REG,DEN,16,00-0029417,DE,Jared Crick,Jared,Crick,,,,Rib Cage,,Full Participation in Practice,2016-12-23T11:30:39Z
2016,REG,DEN,16,00-0031427,LB,Todd Davis,Todd,Davis,,,,Rib Cage,,Full Participation in Practice,2016-12-23T11:30:35Z
2016,REG,DEN,16,00-0030670,WR,Bennie Fowler,Bennie,Fowler,,,,Knee,,Full Participation in Practice,2016-12-23T11:30:35Z
2016,REG,DEN,16,00-0028224,CB,Chris Harris,Chris,Harris,,,,Not Injury Related,,Full Participation in Practice,2016-12-23T11:30:35Z
2016,REG,DEN,16,00-0031344,WR,Cody Latimer,Cody,Latimer,,,,Shoulder,,Full Participation in Practice,2016-12-23T11:30:35Z
2016,REG,DEN,16,00-0027940,LB,Von Miller,Von,Miller,,,,Not Injury Related,,Full Participation in Practice,2016-12-23T11:30:35Z
2016,REG,DEN,16,00-0027859,T,Russell Okung,Russell,Okung,,,,Not Injury Related,,Full Participation in Practice,2016-12-23T11:30:35Z
2016,REG,DEN,16,00-0031349,C,Matt Paradis,Matt,Paradis,,,,Hips,,Full Participation in Practice,2016-12-23T11:30:48Z
2016,REG,DEN,16,00-0027685,WR,Emmanuel Sanders,Emmanuel,Sanders,,,,Not Injury Related,,Full Participation in Practice,2016-12-23T11:30:35Z
2016,REG,DEN,16,00-0032156,QB,Trevor Siemian,Trevor,Siemian,,,,Foot,Hip,Full Participation in Practice,2016-12-23T11:30:35Z
2016,REG,DEN,16,00-0027256,S,Darian Stewart,Darian,Stewart,,,,Not Injury Related,,Full Participation in Practice,2016-12-23T11:30:35Z
2016,REG,DEN,16,00-0026160,CB,Aqib Talib,Aqib,Talib,,,,Not Injury Related,,Full Participation in Practice,2016-12-23T11:30:35Z
2016,REG,DEN,16,00-0027874,WR,Demaryius Thomas,Demaryius,Thomas,,,,Not Injury Related,,Full Participation in Practice,2016-12-23T11:30:35Z
2016,REG,DEN,16,00-0023445,LB,DeMarcus Ware,DeMarcus,Ware,,,,Neck,,Full Participation in Practice,2016-12-23T11:30:55Z
2016,REG,DEN,16,00-0031609,TE,A.J. Derby,A.J.,Derby,Concussion,,Out,Concussion,,Did Not Participate In Practice,2016-12-23T11:32:40Z
2016,REG,DEN,16,00-0028142,TE,Virgil Green,Virgil,Green,Concussion,,Out,Concussion,,Did Not Participate In Practice,2016-12-23T11:32:46Z
2016,REG,DEN,16,00-0029620,LB,Brandon Marshall,Brandon,Marshall,Hamstring,,Out,Hamstring,,Did Not Participate In Practice,2016-12-23T11:32:52Z
2016,REG,DEN,16,00-0027653,S,T.J. Ward,T.J.,Ward,Concussion,,Out,Concussion,,Did Not Participate In Practice,2016-12-23T11:33:07Z
2016,REG,DEN,16,00-0029586,DE,Derek Wolfe,Derek,Wolfe,Neck,,Questionable,Neck,,Did Not Participate In Practice,2016-12-23T11:32:33Z
2016,REG,DET,16,00-0030059,DE,Ezekiel Ansah,Ezekiel,Ansah,,,,Shoulder,,Full Participation in Practice,2016-12-24T11:45:09Z
2016,REG,DET,16,00-0027195,S,Rafael Bush,Rafael,Bush,,,,Back,,Full Participation in Practice,2016-12-24T11:45:01Z
2016,REG,DET,16,00-0024227,DT,Haloti Ngata,Haloti,Ngata,,,,Quadricep,,Full Participation in Practice,2016-12-24T11:45:01Z
2016,REG,DET,16,00-0026498,QB,Matthew Stafford,Matthew,Stafford,,,,right Finger,,Full Participation in Practice,2016-12-24T11:45:01Z
2016,REG,DET,16,00-0031172,DT,Khyri Thornton,Khyri,Thornton,,,,Illness,,Full Participation in Practice,2016-12-24T11:45:01Z
2016,REG,DET,16,00-0031284,C,Travis Swanson,Travis,Swanson,Concussion,,Out,Concussion,,Did Not Participate In Practice,2016-12-24T11:45:40Z
2016,REG,DET,16,00-0030107,RB,Theo Riddick,Theo,Riddick,Wrist,,Doubtful,Wrist,,Did Not Participate In Practice,2016-12-24T11:45:28Z
2016,REG,DET,16,00-0030062,CB,Darius Slay,Darius,Slay,Hamstring,,Doubtful,Hamstring,,Did Not Participate In Practice,2016-12-24T11:45:32Z
2016,REG,DET,16,00-0027050,LB,DeAndre Levy,DeAndre,Levy,Knee,,Questionable,Knee,,Limited Participation in Practice,2016-12-24T11:45:19Z
2016,REG,GB,16,00-0027002,LB,Clay Matthews,Clay,Matthews,,,,Shoulder,,Full Participation in Practice,2016-12-23T12:02:48Z
2016,REG,GB,16,00-0023459,QB,Aaron Rodgers,Aaron,Rodgers,,,,Calf,,Full Participation in Practice,2016-12-23T12:02:48Z
2016,REG,GB,16,00-0030273,G,Lane Taylor,Lane,Taylor,,,,Hip,,Full Participation in Practice,2016-12-23T12:02:48Z
2016,REG,GB,16,00-0027078,G,T.J. Lang,T.J.,Lang,,,,Foot,Back,Limited Participation in Practice,2016-12-23T12:02:48Z
2016,REG,GB,16,00-0030752,LB,Jayrone Elliott,Jayrone,Elliott,Hand,,Out,Hand,,Did Not Participate In Practice,2016-12-23T12:03:26Z
2016,REG,GB,16,00-0027791,RB,James Starks,James,Starks,Concussion,,Out,Concussion,,Did Not Participate In Practice,2016-12-23T12:04:17Z
2016,REG,GB,16,00-0028002,WR,Randall Cobb,Randall,Cobb,Ankle,,Questionable,Ankle,,Limited Participation in Practice,2016-12-23T12:03:10Z
2016,REG,GB,16,00-0029408,LB,Nick Perry,Nick,Perry,Hand,,Questionable,Hand,,Limited Participation in Practice,2016-12-23T12:03:10Z
2016,REG,GB,16,00-0032251,CB,Damarious Randall,Damarious,Randall,Shoulder,,Questionable,Shoulder,,Limited Participation in Practice,2016-12-23T12:03:10Z
2016,REG,GB,16,00-0030076,C,J.C. Tretter,J.C.,Tretter,Knee,,Questionable,Knee,,Limited Participation in Practice,2016-12-23T12:03:10Z
2016,REG,HOU,16,00-0029524,G,Jeff Allen,Jeff,Allen,,,,Concussion,,Full Participation in Practice,2016-12-23T10:56:16Z
2016,REG,HOU,16,00-0025900,T,Chris Clark,Chris,Clark,,,,Ankle,,Full Participation in Practice,2016-12-23T10:56:16Z
2016,REG,HOU,16,00-0031302,TE,C.J. Fiedorowicz,C.J.,Fiedorowicz,,,,Concussion,,Full Participation in Practice,2016-12-23T10:56:16Z
2016,REG,HOU,16,00-0030108,TE,Ryan Griffin,Ryan,Griffin,,,,Hamstring,,Full Participation in Practice,2016-12-23T10:56:16Z
2016,REG,HOU,16,00-0027872,CB,Kareem Jackson,Kareem,Jackson,,,,Hamstring,,Full Participation in Practice,2016-12-23T10:56:16Z
2016,REG,HOU,16,00-0030395,S,Don Jones,Don,Jones,,,,Illness,,Full Participation in Practice,2016-12-23T10:56:16Z
2016,REG,HOU,16,00-0031553,LB,Benardrick McKinney,Benardrick,McKinney,,,,Wrist,,Full Participation in Practice,2016-12-23T10:56:16Z
2016,REG,HOU,16,00-0029643,LB,Whitney Mercilus,Whitney,Mercilus,,,,Back,,Full Participation in Practice,2016-12-23T10:56:25Z
2016,REG,HOU,16,00-0031491,LB,Brian Peters,Brian,Peters,,,,Quadricep,,Full Participation in Practice,2016-12-23T10:56:16Z
2016,REG,HOU,16,00-0030442,LB,John Simon,John,Simon,,,,Chest,,Full Participation in Practice,2016-12-23T10:56:30Z
2016,REG,HOU,16,00-0031410,G,Xavier Su'a-Filo,Xavier,Su'a-Filo,,,,Finger,,Full Participation in Practice,2016-12-23T10:56:16Z
2016,REG,HOU,16,00-0031364,DE,Jadeveon Clowney,Jadeveon,Clowney,,,,Elbow,Wrist,Limited Participation in Practice,2016-12-23T10:56:16Z
2016,REG,HOU,16,00-0026991,LB,Brian Cushing,Brian,Cushing,,,,Ankle,,Limited Participation in Practice,2016-12-23T10:56:16Z
2016,REG,HOU,16,00-0023096,K,Nick Novak,Nick,Novak,,,,Oblique,Back,Limited Participation in Practice,2016-12-23T10:56:16Z
2016,REG,HOU,16,00-0029615,RB,Lamar Miller,Lamar,Miller,Ankle,,Questionable,Ankle,,Did Not Participate In Practice,2016-12-23T10:56:35Z
2016,REG,HOU,16,00-0024239,CB,Johnathan Joseph,Johnathan,Joseph,Ribs,,Questionable,Ribs,,Limited Participation in Practice,2016-12-23T10:56:35Z
2016,REG,IND,16,00-0022247,S,Mike Adams,Mike,Adams,,,,Not Injury Related,,Full Participation in Practice,2016-12-23T09:22:30Z
2016,REG,IND,16,00-0027001,CB,Vontae Davis,Vontae,Davis,,,,Not Injury Related,,Full Participation in Practice,2016-12-23T09:22:30Z
2016,REG,IND,16,00-0031632,T,Denzelle Good,Denzelle,Good,,,,Concussion,,Full Participation in Practice,2016-12-23T09:22:30Z
2016,REG,IND,16,00-0023500,RB,Frank Gore,Frank,Gore,,,,Not Injury Related,,Full Participation in Practice,2016-12-23T09:22:30Z
2016,REG,IND,16,00-0029668,QB,Andrew Luck,Andrew,Luck,,,,right Shoulder,right Thumb,Full Participation in Practice,2016-12-23T09:22:30Z
2016,REG,IND,16,00-0022059,LB,Robert Mathis,Robert,Mathis,,,,Not Injury Related,,Full Participation in Practice,2016-12-23T09:22:30Z
2016,REG,IND,16,00-0031339,WR,Donte Moncrief,Donte,Moncrief,,,,Hamstring,,Full Participation in Practice,2016-12-23T09:22:30Z
2016,REG,IND,16,00-0026307,LB,Erik Walden,Erik,Walden,,,,Not Injury Related,,Full Participation in Practice,2016-12-23T09:24:15Z
2016,REG,IND,16,00-0028100,LB,Chris Carter,Chris,Carter,Shoulder,,Out,Shoulder,,Did Not Participate In Practice,2016-12-23T09:28:09Z
2016,REG,IND,16,00-0029901,CB,Rashaan Melvin,Rashaan,Melvin,Knee,,Questionable,Knee,,Full Participation in Practice,2016-12-23T09:28:02Z
2016,REG,IND,16,00-0026408,T,Joe Reitz,Joe,Reitz,Back,,Questionable,Back,,Full Participation in Practice,2016-12-23T09:28:02Z
2016,REG,JAX,16,00-0031259,CB,Aaron Colvin,Aaron,Colvin,,,,Ankle,,Did Not Participate In Practice,2016-12-22T11:02:41Z
2016,REG,JAX,16,00-0031734,G,Chris Reed,Chris,Reed,,,,Toe,,Did Not Participate In Practice,2016-12-22T11:02:41Z
2016,REG,JAX,16,00-0029316,T,Kelvin Beachum,Kelvin,Beachum,,,,Knee,,Full Participation in Practice,2016-12-23T13:06:22Z
2016,REG,JAX,16,00-0031407,QB,Blake Bortles,Blake,Bortles,,,,right Shoulder,,Full Participation in Practice,2016-12-23T13:06:00Z
2016,REG,JAX,16,00-0032052,DE,Dante Fowler,Dante,Fowler,,,,Hip,,Full Participation in Practice,2016-12-23T13:06:00Z
2016,REG,JAX,16,00-0032139,TE,Ben Koyack,Ben,Koyack,,,,Knee,,Full Participation in Practice,2016-12-23T13:06:30Z
2016,REG,JAX,16,00-0033055,CB,Jalen Ramsey,Jalen,Ramsey,,,,Knee,,Full Participation in Practice,2016-12-23T13:06:39Z
2016,REG,JAX,16,00-0030829,T,Josh Wells,Josh,Wells,,,,Clavicle,,Full Participation in Practice,2016-12-23T13:06:53Z
2016,REG,JAX,16,00-0027654,WR,Arrelious Benn,Arrelious,Benn,Concussion,,Out,Concussion,,Did Not Participate In Practice,2016-12-23T13:07:32Z
2016,REG,JAX,16,00-0030072,DT,Jordan Hill,Jordan,Hill,Calf,,Out,Calf,,Did Not Participate In Practice,2016-12-23T13:07:36Z
2016,REG,JAX,16,00-0030821,WR,Allen Hurns,Allen,Hurns,Hamstring,,Out,Hamstring,,Did Not Participate In Practice,2016-12-23T13:07:42Z
2016,REG,JAX,16,00-0030281,LB,Sean Porter,Sean,Porter,Hamstring,,Out,Hamstring,,Did Not Participate In Practice,2016-12-23T13:07:46Z
2016,REG,JAX,16,00-0030547,RB,Denard Robinson,Denard,Robinson,Ankle,,Out,Ankle,,Did Not Participate In Practice,2016-12-23T13:07:51Z
2016,REG,JAX,16,00-0032120,WR,Neal Sterling,Neal,Sterling,Concussion,,Out,Concussion,,Did Not Participate In Practice,2016-12-23T13:07:56Z
2016,REG,KC,16,00-0024235,LB,Tamba Hali,Tamba,Hali,,,,Knee,,Did Not Participate In Practice,2016-12-23T12:27:04Z
2016,REG,KC,16,00-0030155,TE,Demetrius Harris,Demetrius,Harris,,,,Foot,,Full Participation in Practice,2016-12-23T12:27:09Z
2016,REG,KC,16,00-0029256,DE,Kendall Reyes,Kendall,Reyes,,,,Wrist,,Full Participation in Practice,2016-12-23T12:27:16Z
2016,REG,KC,16,00-0031015,CB,Phillip Gaines,Phillip,Gaines,Knee,,Out,Knee,,Did Not Participate In Practice,2016-12-23T12:27:31Z
2016,REG,KC,16,00-0028008,LB,Justin Houston,Justin,Houston,Knee,,Questionable,Knee,,Did Not Participate In Practice,2016-12-23T12:27:40Z
2016,REG,LA,16,00-0027006,WR,Kenny Britt,Kenny,Britt,,,,Shoulder,,Full Participation in Practice,2016-12-23T11:39:31Z
2016,REG,LA,16,00-0031394,CB,E.J. Gaines,E.J.,Gaines,,,,Thigh,,Full Participation in Practice,2016-12-23T11:39:31Z
2016,REG,LA,16,00-0033106,QB,Jared Goff,Jared,Goff,,,,Concussion,,Full Participation in Practice,2016-12-23T11:39:31Z
2016,REG,LA,16,00-0032676,CB,Michael Jordan,Michael,Jordan,,,,Concussion,,Full Participation in Practice,2016-12-23T11:39:31Z
2016,REG,LA,16,00-0031389,CB,Lamarcus Joyner,Lamarcus,Joyner,Ankle,,Doubtful,Ankle,,Did Not Participate In Practice,2016-12-23T11:40:40Z
2016,REG,LA,16,00-0033114,WR,Mike Thomas,Mike,Thomas,Hip,,Doubtful,Hip,,Did Not Participate In Practice,2016-12-23T11:40:53Z
2016,REG,LA,16,00-0031393,S,Maurice Alexander,Maurice,Alexander,Concussion,,Doubtful,Concussion,,Limited Participation in Practice,2016-12-23T11:40:27Z
2016,REG,LA,16,00-0031818,WR,Bradley Marquez,Bradley,Marquez,Knee,,Questionable,Knee,,Limited Participation in Practice,2016-12-23T11:40:17Z
2016,REG,MIA,16,00-0029701,QB,Ryan Tannehill,Ryan,Tannehill,Knee,,Out,Knee,,Did Not Participate In Practice,2016-12-23T08:10:40Z
2016,REG,MIA,16,00-0030384,LB,Jelani Jenkins,Jelani,Jenkins,Knee,Hand,Doubtful,Knee,Hand,Did Not Participate In Practice,2016-12-23T08:10:18Z
2016,REG,MIA,16,00-0028111,CB,Byron Maxwell,Byron,Maxwell,Ankle,,Doubtful,Ankle,,Did Not Participate In Practice,2016-12-23T08:10:33Z
2016,REG,MIA,16,00-0028564,S,Isa Abdul-Quddus,Isa,Abdul-Quddus,Ankle,,Questionable,Ankle,,Full Participation in Practice,2016-12-23T08:10:01Z
2016,REG,MIA,16,00-0030401,LB,Kiko Alonso,Kiko,Alonso,Hamstring,Hand,Questionable,Hamstring,Hand,Full Participation in Practice,2016-12-23T08:10:01Z
2016,REG,MIA,16,00-0025512,T,Jermon Bushrod,Jermon,Bushrod,Shoulder,,Questionable,Shoulder,,Full Participation in Practice,2016-12-23T08:10:01Z
2016,REG,MIA,16,00-0031587,CB,Bobby McCain,Bobby,McCain,Knee,Hand,Questionable,Knee,Hand,Full Participation in Practice,2016-12-23T08:10:01Z
2016,REG,MIA,16,00-0023750,DE,Mario Williams,Mario,Williams,Ankle,,Questionable,Ankle,,Full Participation in Practice,2016-12-23T08:10:01Z
2016,REG,MIN,16,00-0032389,CB,Mackensie Alexander,Mackensie,Alexander,,,,Abdomen,,Full Participation in Practice,2016-12-22T10:53:34Z
2016,REG,MIN,16,00-0030113,WR,Charles Johnson,Charles,Johnson,,,,Knee,,Full Participation in Practice,2016-12-23T08:57:59Z
2016,REG,MIN,16,00-0027547,CB,Marcus Sherels,Marcus,Sherels,,,,Rib,,Full Participation in Practice,2016-12-23T08:57:59Z
2016,REG,MIN,16,00-0030923,T,Jeremiah Sirles,Jeremiah,Sirles,,,,Ankle,,Full Participation in Practice,2016-12-23T08:57:59Z
2016,REG,MIN,16,00-0031546,CB,Trae Waynes,Trae,Waynes,,,,Concussion,,Full Participation in Practice,2016-12-23T08:57:59Z
2016,REG,MIN,16,00-0028110,G,Brandon Fusco,Brandon,Fusco,Concussion,,Out,Concussion,,Did Not Participate In Practice,2016-12-23T08:59:12Z
2016,REG,MIN,16,00-0029931,RB,Zach Line,Zach,Line,Concussion,,Out,Concussion,,Did Not Participate In Practice,2016-12-23T08:59:32Z
2016,REG,MIN,16,00-0025394,RB,Adrian Peterson,Adrian,Peterson,Knee,Groin,Out,Knee,Groin,Did Not Participate In Practice,2016-12-23T08:59:05Z
2016,REG,MIN,16,00-0032951,WR,Laquon Treadwell,Laquon,Treadwell,Ankle,,Out,Ankle,,Did Not Participate In Practice,2016-12-23T08:59:00Z
2016,REG,MIN,16,00-0031588,WR,Stefon Diggs,Stefon,Diggs,Hip,,Questionable,Hip,,Full Participation in Practice,2016-12-23T08:58:48Z
2016,REG,MIN,16,00-0029606,S,Harrison Smith,Harrison,Smith,Ankle,,Questionable,Ankle,,Full Participation in Practice,2016-12-23T08:58:48Z
2016,REG,NE,16,00-0026035,WR,Danny Amendola,Danny,Amendola,Ankle,,Out,Ankle,,Did Not Participate In Practice,2016-12-23T13:51:58Z
2016,REG,NE,16,00-0026201,TE,Martellus Bennett,Martellus,Bennett,Ankle,Shoulder,Questionable,Ankle,Shoulder,Limited Participation in Practice,2016-12-23T13:51:52Z
2016,REG,NE,16,00-0019596,QB,Tom Brady,Tom,Brady,Thigh,,Questionable,Thigh,,Limited Participation in Practice,2016-12-23T13:51:52Z
2016,REG,NE,16,00-0029669,LB,Dont'a Hightower,Dont'a,Hightower,Knee,,Questionable,Knee,,Limited Participation in Practice,2016-12-23T13:51:52Z
2016,REG,NE,16,00-0031559,S,Jordan Richards,Jordan,Richards,Knee,,Questionable,Knee,,Limited Participation in Practice,2016-12-23T13:51:52Z
2016,REG,NE,16,00-0026293,WR,Matt Slater,Matt,Slater,Foot,,Questionable,Foot,,Limited Participation in Practice,2016-12-23T13:51:52Z
2016,REG,NO,16,00-0031474,CB,Delvin Breaux,Delvin,Breaux,Shoulder,,Out,Shoulder,,Did Not Participate In Practice,2016-12-23T12:55:15Z
2016,REG,NO,16,00-0026857,LB,Dannell Ellerbe,Dannell,Ellerbe,Foot,,Questionable,Foot,,Limited Participation in Practice,2016-12-23T12:55:06Z
2016,REG,NO,16,00-0022999,RB,John Kuhn,John,Kuhn,Hip,,Questionable,Hip,,Limited Participation in Practice,2016-12-23T12:55:06Z
2016,REG,NO,16,00-0028834,LB,Craig Robertson,Craig,Robertson,Shoulder,,Questionable,Shoulder,,Limited Participation in Practice,2016-12-23T12:55:06Z
2016,REG,NO,16,00-0027025,C,Max Unger,Max,Unger,Foot,,Questionable,Foot,,Limited Participation in Practice,2016-12-23T12:55:06Z
2016,REG,NYG,16,00-0030586,QB,Ryan Nassib,Ryan,Nassib,,,,right Elbow,,Did Not Participate In Practice,2016-12-19T13:02:41Z
2016,REG,NYG,16,00-0027994,RB,Shane Vereen,Shane,Vereen,,,,Triceps,,Did Not Participate In Practice,2016-12-19T12:57:23Z
2016,REG,NYG,16,00-0031562,DE,Owamagbe Odighizuwa,Owamagbe,Odighizuwa,,,,Knee,,Full Participation in Practice,2016-12-21T11:25:26Z
2016,REG,NYG,16,00-0027036,T,Will Beatty,Will,Beatty,,,,Lower Leg,,Limited Participation in Practice,2016-12-21T11:25:26Z
2016,REG,NYG,16,00-0025503,LS,Zak DeOssie,Zak,DeOssie,,,,Hamstring,,Limited Participation in Practice,2016-12-21T11:25:26Z
2016,REG,NYG,16,00-0027768,T,Marshall Newhouse,Marshall,Newhouse,,,,Shoulder,,Limited Participation in Practice,2016-12-21T11:25:26Z
2016,REG,NYG,16,00-0029545,LB,Keenan Robinson,Keenan,Robinson,,,,Shoulder,,Limited Participation in Practice,2016-12-21T11:25:26Z
2016,REG,NYG,16,00-0027867,DE,Jason Pierre-Paul,Jason,Pierre-Paul,Core Muscle,,Out,Core Muscle,,Did Not Participate In Practice,2016-12-21T11:26:29Z
2016,REG,NYG,16,00-0031070,S,Nat Berhe,Nat,Berhe,Concussion,,Out,Concussion,,Limited Participation in Practice,2016-12-21T11:26:12Z
2016,REG,NYG,16,00-0026832,LB,Jonathan Casillas,Jonathan,Casillas,Knee,,Questionable,Knee,,Limited Participation in Practice,2016-12-21T11:26:01Z
2016,REG,NYG,16,00-0029681,CB,Janoris Jenkins,Janoris,Jenkins,Back,,Questionable,Back,,Limited Participation in Practice,2016-12-21T11:26:01Z
2016,REG,NYJ,16,00-0029601,TE,Brandon Bostick,Brandon,Bostick,,,,Ankle,,Full Participation in Practice,2016-12-23T09:06:15Z
2016,REG,NYJ,16,00-0031733,CB,Nick Marshall,Nick,Marshall,,,,Illness,,Full Participation in Practice,2016-12-23T09:06:15Z
2016,REG,NYJ,16,00-0031568,QB,Bryce Petty,Bryce,Petty,,,,Chest,,Full Participation in Practice,2016-12-23T09:06:15Z
2016,REG,NYJ,16,00-0031031,T,Brent Qvale,Brent,Qvale,,,,Hamstring,,Full Participation in Practice,2016-12-23T09:06:15Z
2016,REG,NYJ,16,00-0028075,CB,Buster Skrine,Buster,Skrine,,,,Concussion,,Full Participation in Practice,2016-12-23T09:06:15Z
2016,REG,NYJ,16,00-0031933,DE,Leonard Williams,Leonard,Williams,,,,Chest,,Full Participation in Practice,2016-12-23T09:06:15Z
2016,REG,NYJ,16,00-0031564,LB,Lorenzo Mauldin,Lorenzo,Mauldin,Ankle,,Out,Ankle,,Did Not Participate In Practice,2016-12-23T09:06:34Z
2016,REG,NYJ,16,00-0026564,DT,Steve McLendon,Steve,McLendon,Hamstring,,Out,Hamstring,,Did Not Participate In Practice,2016-12-23T09:06:42Z
2016,REG,NYJ,16,00-0026184,RB,Matt Forte,Matt,Forte,Knee,Shoulder,Doubtful,Knee,Shoulder,Did Not Participate In Practice,2016-12-23T09:06:54Z
2016,REG,NYJ,16,00-0024334,WR,Brandon Marshall,Brandon,Marshall,Shoulder,Back,Questionable,Shoulder,Back,Limited Participation in Practice,2016-12-23T09:06:20Z
2016,REG,NYJ,16,00-0030348,RB,Khiry Robinson,Khiry,Robinson,Lower Leg,,Questionable,Lower Leg,,Limited Participation in Practice,2016-12-23T09:06:20Z
2016,REG,NYJ,16,00-0027968,DE,Muhammad Wilkerson,Muhammad,Wilkerson,Ankle,,Questionable,Ankle,,Limited Participation in Practice,2016-12-23T09:06:20Z
2016,REG,OAK,16,00-0031280,QB,Derek Carr,Derek,Carr,,,,right Finger,,Full Participation in Practice,2016-12-23T11:58:23Z
2016,REG,OAK,16,00-0033122,LB,Shilique Calhoun,Shilique,Calhoun,Knee,,Out,Knee,,Did Not Participate In Practice,2016-12-23T11:58:46Z
2016,REG,OAK,16,00-0032888,S,Karl Joseph,Karl,Joseph,Toe,,Out,Toe,,Did Not Participate In Practice,2016-12-23T11:58:54Z
2016,REG,OAK,16,00-0030515,DT,Stacy McGee,Stacy,McGee,Ankle,,Out,Ankle,,Did Not Participate In Practice,2016-12-23T11:59:07Z
2016,REG,OAK,16,00-0031544,WR,Amari Cooper,Amari,Cooper,Shoulder,,Questionable,Shoulder,,Limited Participation in Practice,2016-12-23T11:58:37Z
2016,REG,OAK,16,00-0026986,WR,Michael Crabtree,Michael,Crabtree,Finger,,Questionable,Finger,,Limited Participation in Practice,2016-12-23T11:58:37Z
2016,REG,OAK,16,00-0029259,G,Kelechi Osemele,Kelechi,Osemele,Ankle,,Questionable,Ankle,,Limited Participation in Practice,2016-12-23T11:58:37Z
2016,REG,OAK,16,00-0027704,LB,Perry Riley,Perry,Riley,Hamstring,,Questionable,Hamstring,,Limited Participation in Practice,2016-12-23T11:58:37Z
2016,REG,OAK,16,00-0028180,LB,Malcolm Smith,Malcolm,Smith,Hamstring,,Questionable,Hamstring,,Limited Participation in Practice,2016-12-23T11:58:37Z
2016,REG,OAK,16,00-0027877,DT,Dan Williams,Dan,Williams,Foot,,Questionable,Foot,,Limited Participation in Practice,2016-12-23T12:00:07Z
2016,REG,PHI,16,00-0030465,RB,Kenjon Barner,Kenjon,Barner,,,,Hamstring,,Did Not Participate In Practice,2016-12-20T11:59:35Z
2016,REG,PHI,16,00-0025549,TE,Brent Celek,Brent,Celek,,,,Stinger,,Full Participation in Practice,2016-12-21T10:36:07Z
2016,REG,PHI,16,00-0023564,RB,Darren Sproles,Darren,Sproles,,,,Concussion,,Full Participation in Practice,2016-12-21T10:36:07Z
2016,REG,PHI,16,00-0025506,G,Allen Barbre,Allen,Barbre,Hamstring,,Questionable,Hamstring,,Full Participation in Practice,2016-12-21T10:36:26Z
2016,REG,PHI,16,00-0031299,WR,Jordan Matthews,Jordan,Matthews,Ankle,,Questionable,Ankle,,Full Participation in Practice,2016-12-21T10:36:26Z
2016,REG,PHI,16,00-0032954,G,Isaac Seumalo,Isaac,Seumalo,Ankle,,Questionable,Ankle,,Full Participation in Practice,2016-12-21T10:36:26Z
2016,REG,PHI,16,00-0032785,T,Halapoulivaati Vaitai,Halapoulivaati,Vaitai,Knee,,Questionable,Knee,,Full Participation in Practice,2016-12-21T10:36:26Z
2016,REG,PIT,16,00-0028001,T,Marcus Gilbert,Marcus,Gilbert,,,,Not Injury Related,,Did Not Participate In Practice,2016-12-21T12:39:56Z
2016,REG,PIT,16,00-0031438,CB,Justin Gilbert,Justin,Gilbert,,,,Illness,,Did Not Participate In Practice,2016-12-23T10:19:24Z
2016,REG,PIT,16,00-0022924,QB,Ben Roethlisberger,Ben,Roethlisberger,,,,Not Injury Related,,Did Not Participate In Practice,2016-12-21T12:39:50Z
2016,REG,PIT,16,00-0024242,RB,DeAngelo Williams,DeAngelo,Williams,,,,Knee,,Full Participation in Practice,2016-12-23T10:19:24Z
2016,REG,PIT,16,00-0030412,S,Shamarko Thomas,Shamarko,Thomas,Concussion,,Out,Concussion,,Did Not Participate In Practice,2016-12-23T10:20:09Z
2016,REG,PIT,16,00-0032166,WR,Sammie Coates,Sammie,Coates,Hamstring,,Doubtful,Hamstring,,Did Not Participate In Practice,2016-12-23T10:19:51Z
2016,REG,PIT,16,00-0029275,TE,Ladarius Green,Ladarius,Green,Concussion,,Doubtful,Concussion,,Did Not Participate In Practice,2016-12-23T10:20:02Z
2016,REG,PIT,16,00-0031412,DE,Stephon Tuitt,Stephon,Tuitt,Knee,,Questionable,Knee,,Did Not Participate In Practice,2016-12-23T10:19:30Z
2016,REG,PIT,16,00-0031956,LB,Anthony Chickillo,Anthony,Chickillo,Ankle,,Questionable,Ankle,,Full Participation in Practice,2016-12-23T10:19:30Z
2016,REG,PIT,16,00-0026983,WR,Darrius Heyward-Bey,Darrius,Heyward-Bey,Foot,,Questionable,Foot,,Full Participation in Practice,2016-12-23T10:19:30Z
2016,REG,PIT,16,00-0027829,DE,Ricardo Mathews,Ricardo,Mathews,Ankle,,Questionable,Ankle,,Full Participation in Practice,2016-12-23T10:19:30Z
2016,REG,SD,16,00-0030148,DT,Damion Square,Damion,Square,,,,Biceps,,Full Participation in Practice,2016-12-23T13:11:34Z
2016,REG,SD,16,00-0032160,WR,Tyrell Williams,Tyrell,Williams,,,,Shoulder,,Full Participation in Practice,2016-12-23T13:11:34Z
2016,REG,SD,16,00-0032144,RB,Melvin Gordon,Melvin,Gordon,Hip,Knee,Out,Hip,Knee,Did Not Participate In Practice,2016-12-23T13:12:35Z
2016,REG,SD,16,00-0032106,CB,Craig Mager,Craig,Mager,Shoulder,,Doubtful,Shoulder,,Did Not Participate In Practice,2016-12-23T13:12:29Z
2016,REG,SD,16,00-0030691,WR,Jeremy Butler,Jeremy,Butler,Ankle,,Questionable,Ankle,,Full Participation in Practice,2016-12-23T13:12:09Z
2016,REG,SD,16,00-0026370,T,King Dunlap,King,Dunlap,Knee,,Questionable,Knee,,Limited Participation in Practice,2016-12-23T13:12:09Z
2016,REG,SD,16,00-0027984,G,Orlando Franklin,Orlando,Franklin,Illness,,Questionable,Illness,,Limited Participation in Practice,2016-12-23T13:12:09Z
2016,REG,SEA,16,00-0026618,DE,Michael Bennett,Michael,Bennett,,,,Neck,,Full Participation in Practice,2016-12-23T13:08:24Z
2016,REG,SEA,16,00-0030770,LB,Brock Coyle,Brock,Coyle,,,,Foot,,Full Participation in Practice,2016-12-23T13:08:24Z
2016,REG,SEA,16,00-0023742,P,Jon Ryan,Jon,Ryan,,,,Concussion,,Full Participation in Practice,2016-12-23T13:08:24Z
2016,REG,SEA,16,00-0028092,CB,Richard Sherman,Richard,Sherman,,,,Not Injury Related,,Full Participation in Practice,2016-12-23T13:08:39Z
2016,REG,SEA,16,00-0032393,RB,C.J. Prosise,C.J.,Prosise,Shoulder,,Out,Shoulder,,Did Not Participate In Practice,2016-12-23T13:09:03Z
2016,REG,SF,16,00-0027996,WR,Torrey Smith,Torrey,Smith,,,,Concussion,,Did Not Participate In Practice,2016-12-22T12:23:28Z
2016,REG,SF,16,00-0032378,DT,DeForest Buckner,DeForest,Buckner,,,,Hip,,Full Participation in Practice,2016-12-23T12:32:22Z
2016,REG,SF,16,00-0032441,WR,Aaron Burbridge,Aaron,Burbridge,,,,Hamstring,,Full Participation in Practice,2016-12-23T12:32:22Z
2016,REG,SF,16,00-0030088,DT,Quinton Dial,Quinton,Dial,,,,Elbow,,Full Participation in Practice,2016-12-23T12:32:22Z
2016,REG,SF,16,00-0028202,RB,Shaun Draughn,Shaun,Draughn,,,,Ribs,,Full Participation in Practice,2016-12-23T12:32:22Z
2016,REG,SF,16,00-0032060,LB,Eli Harold,Eli,Harold,,,,Toe,,Full Participation in Practice,2016-12-23T12:32:22Z
2016,REG,SF,16,00-0025415,T,Joe Staley,Joe,Staley,Hamstring,,Doubtful,Hamstring,,Did Not Participate In Practice,2016-12-23T12:34:23Z
2016,REG,SF,16,00-0031061,CB,Dontae Johnson,Dontae,Johnson,Groin,,Doubtful,Groin,,Limited Participation in Practice,2016-12-23T12:34:13Z
2016,REG,SF,16,00-0026145,DT,Glenn Dorsey,Glenn,Dorsey,Knee,Ribs,Questionable,Knee,Ribs,Limited Participation in Practice,2016-12-23T12:33:43Z
2016,REG,SF,16,00-0031337,C,Marcus Martin,Marcus,Martin,Ankle,,Questionable,Ankle,,Limited Participation in Practice,2016-12-23T12:33:43Z
2016,REG,TB,16,00-0026994,DE,Robert Ayers,Robert,Ayers,,,,Illness,,Full Participation in Practice,2016-12-23T10:01:42Z
2016,REG,TB,16,00-0026157,T,Gosder Cherilus,Gosder,Cherilus,Groin,Ankle,Out,Groin,Ankle,Did Not Participate In Practice,2016-12-23T10:01:52Z
2016,REG,TB,16,00-0026814,T,Demar Dotson,Demar,Dotson,Concussion,,Out,Concussion,,Did Not Participate In Practice,2016-12-23T10:02:00Z
2016,REG,TB,16,00-0030386,DE,William Gholston,William,Gholston,Elbow,,Out,Elbow,,Did Not Participate In Practice,2016-12-23T10:02:05Z
2016,REG,TB,16,00-0027856,DT,Gerald McCoy,Gerald,McCoy,Foot,,Questionable,Foot,,Full Participation in Practice,2016-12-23T10:01:44Z
2016,REG,TEN,16,00-0028080,DT,Karl Klug,Karl,Klug,,,,Achilles,,Did Not Participate In Practice,2016-12-21T12:25:45Z
2016,REG,TEN,16,00-0027868,LB,Derrick Morgan,Derrick,Morgan,,,,Ankle,,Full Participation in Practice,2016-12-23T09:43:50Z
2016,REG,TEN,16,00-0028038,S,Da'Norris Searcy,Da'Norris,Searcy,,,,Concussion,,Full Participation in Practice,2016-12-23T09:43:50Z
2016,REG,TEN,16,00-0028987,TE,Phillip Supernaw,Phillip,Supernaw,,,,Concussion,,Full Participation in Practice,2016-12-23T09:43:50Z
2016,REG,TEN,16,00-0027136,CB,Jason McCourty,Jason,McCourty,Chest,,Out,Chest,,Did Not Participate In Practice,2016-12-23T09:44:34Z
2016,REG,TEN,16,00-0029594,LB,Sean Spence,Sean,Spence,Ankle,,Questionable,Ankle,,Limited Participation in Practice,2016-12-23T09:44:27Z
2016,REG,WAS,16,00-0031052,CB,Bashaud Breeland,Bashaud,Breeland,,,,Illness,,Full Participation in Practice,2016-12-23T08:34:31Z
2016,REG,WAS,16,00-0029709,T,Ty Nsekhe,Ty,Nsekhe,,,,Ankle,,Full Participation in Practice,2016-12-23T08:34:09Z
2016,REG,WAS,16,00-0032053,G,Brandon Scherff,Brandon,Scherff,,,,Ankle,,Full Participation in Practice,2016-12-23T08:34:09Z
2016,REG,WAS,16,00-0032767,S,Su'a Cravens,Su'a,Cravens,Upper Arm,,Out,Upper Arm,,Did Not Participate In Practice,2016-12-23T08:35:27Z
2016,REG,WAS,16,00-0032007,CB,Quinton Dunbar,Quinton,Dunbar,Concussion,,Out,Concussion,,Did Not Participate In Practice,2016-12-23T08:35:31Z
2016,REG,WAS,16,00-0027688,QB,Colt McCoy,Colt,McCoy,Illness,,Questionable,Illness,,Did Not Participate In Practice,2016-12-23T08:35:09Z
2016,REG,WAS,16,00-0030472,TE,Jordan Reed,Jordan,Reed,Shoulder,,Questionable,Shoulder,,Did Not Participate In Practice,2016-12-23T08:35:09Z
2016,REG,WAS,16,00-0030033,LB,Terence Garvin,Terence,Garvin,Illness,,Questionable,Illness,,Full Participation in Practice,2016-12-23T08:35:09Z
2016,REG,WAS,16,00-0026512,DE,Chris Baker,Chris,Baker,Ankle,,Questionable,Ankle,,Limited Participation in Practice,2016-12-23T08:35:09Z
2016,REG,WAS,16,00-0029869,LB,Will Compton,Will,Compton,Knee,,Questionable,Knee,,Limited Participation in Practice,2016-12-23T08:35:09Z
2016,REG,WAS,16,00-0027954,LB,Ryan Kerrigan,Ryan,Kerrigan,Elbow,,Questionable,Elbow,,Limited Participation in Practice,2016-12-23T08:35:09Z
2016,REG,WAS,16,00-0031945,LB,Martrell Spaight,Martrell,Spaight,Shoulder,,Questionable,Shoulder,,Limited Participation in Practice,2016-12-23T08:35:09Z
2016,REG,ARI,17,00-0029530,CB,Justin Bethel,Justin,Bethel,,,,Foot,,Full Participation in Practice,2016-12-30T12:30:02Z
2016,REG,ARI,17,00-0022921,WR,Larry Fitzgerald,Larry,Fitzgerald,,,,Not Injury Related,,Full Participation in Practice,2016-12-30T12:30:02Z
2016,REG,ARI,17,00-0021429,QB,Carson Palmer,Carson,Palmer,,,,Not Injury Related,,Full Participation in Practice,2016-12-30T12:30:02Z
2016,REG,ARI,17,00-0024306,DT,Frostee Rucker,Frostee,Rucker,,,,Not Injury Related,,Full Participation in Practice,2016-12-30T12:30:02Z
2016,REG,ARI,17,00-0031265,DT,Ed Stinson,Ed,Stinson,,,,Illness,,Full Participation in Practice,2016-12-30T12:30:02Z
2016,REG,ARI,17,00-0032222,T,D.J. Humphries,D.J.,Humphries,Concussion,,Out,Concussion,,Did Not Participate In Practice,2016-12-30T12:31:23Z
2016,REG,ARI,17,00-0032761,DT,Robert Nkemdiche,Robert,Nkemdiche,Ankle,,Questionable,Ankle,,Did Not Participate In Practice,2016-12-30T12:31:01Z
2016,REG,ARI,17,00-0031051,WR,John Brown,John,Brown,Illness,,Questionable,Illness,,Limited Participation in Practice,2016-12-30T12:31:01Z
2016,REG,ARI,17,00-0030127,CB,Marcus Cooper,Marcus,Cooper,Back,Calf,Questionable,Back,Calf,Limited Participation in Practice,2016-12-30T12:31:01Z
2016,REG,ARI,17,00-0030529,LB,Sio Moore,Sio,Moore,Ankle,,Questionable,Ankle,,Limited Participation in Practice,2016-12-30T12:31:01Z
2016,REG,ATL,17,00-0030528,CB,Robert Alford,Robert,Alford,,,,Toe,,Full Participation in Practice,2016-12-30T12:22:38Z
2016,REG,ATL,17,00-0032401,LB,De'Vondre Campbell,De'Vondre,Campbell,,,,Concussion,,Full Participation in Practice,2016-12-30T12:22:25Z
2016,REG,ATL,17,00-0021146,DE,Dwight Freeney,Dwight,Freeney,,,,Not Injury Related,,Full Participation in Practice,2016-12-30T12:22:25Z
2016,REG,ATL,17,00-0027944,WR,Julio Jones,Julio,Jones,,,,Toe,,Full Participation in Practice,2016-12-30T12:22:46Z
2016,REG,ATL,17,00-0027027,G,Andy Levitre,Andy,Levitre,,,,Hip,,Full Participation in Practice,2016-12-30T12:22:51Z
2016,REG,ATL,17,00-0032382,S,Keanu Neal,Keanu,Neal,,,,Ankle,,Full Participation in Practice,2016-12-30T12:22:55Z
2016,REG,ATL,17,00-0032599,TE,Joshua Perkins,Joshua,Perkins,,,,Neck,,Full Participation in Practice,2016-12-30T12:22:25Z
2016,REG,ATL,17,00-0032392,TE,Austin Hooper,Austin,Hooper,Knee,,Out,Knee,,Did Not Participate In Practice,2016-12-30T12:23:17Z
2016,REG,ATL,17,00-0031228,WR,Taylor Gabriel,Taylor,Gabriel,Foot,,Out,Foot,,Limited Participation in Practice,2016-12-30T12:23:12Z
2016,REG,BAL,17,00-0027965,CB,Jimmy Smith,Jimmy,Smith,,,,Ankle,,Did Not Participate In Practice,2016-12-29T11:41:52Z
2016,REG,BAL,17,00-0025473,G,Marshal Yanda,Marshal,Yanda,,,,Not Injury Related,,Full Participation in Practice,2016-12-30T11:21:20Z
2016,REG,BAL,17,00-0026223,C,Jeremy Zuttah,Jeremy,Zuttah,,,,Not Injury Related,,Full Participation in Practice,2016-12-30T11:21:28Z
2016,REG,BAL,17,00-0030700,LB,Zach Orr,Zach,Orr,Neck,,Out,Neck,,Did Not Participate In Practice,2016-12-30T11:21:54Z
2016,REG,BAL,17,00-0029893,T,Rick Wagner,Rick,Wagner,Concussion,,Out,Concussion,,Did Not Participate In Practice,2016-12-30T11:22:02Z
2016,REG,BAL,17,00-0032407,T,Alex Lewis,Alex,Lewis,Ankle,,Questionable,Ankle,,Full Participation in Practice,2016-12-30T11:21:43Z
2016,REG,BUF,17,00-0023259,LB,Lorenzo Alexander,Lorenzo,Alexander,,,,Not Injury Related,,Did Not Participate In Practice,2016-12-28T11:50:48Z
2016,REG,BUF,17,00-0027029,RB,LeSean McCoy,LeSean,McCoy,,,,Illness,,Did Not Participate In Practice,2016-12-28T11:50:34Z
2016,REG,BUF,17,00-0032117,TE,Nick O'Leary,Nick,O'Leary,,,,Illness,,Did Not Participate In Practice,2016-12-28T11:50:20Z
2016,REG,BUF,17,00-0027881,LB,Jerry Hughes,Jerry,Hughes,,,,Hamstring,,Full Participation in Practice,2016-12-30T09:43:34Z
2016,REG,BUF,17,00-0029799,LB,Lerentee McCray,Lerentee,McCray,,,,Concussion,,Full Participation in Practice,2016-12-30T09:43:34Z
2016,REG,BUF,17,00-0028118,QB,Tyrod Taylor,Tyrod,Taylor,,,,Groin,,Full Participation in Practice,2016-12-30T09:46:19Z
2016,REG,BUF,17,00-0029542,CB,Stephon Gilmore,Stephon,Gilmore,Concussion,,Out,Concussion,,Did Not Participate In Practice,2016-12-30T09:44:32Z
2016,REG,BUF,17,00-0029561,T,Cordy Glenn,Cordy,Glenn,Back,,Out,Back,,Did Not Participate In Practice,2016-12-30T09:44:22Z
2016,REG,BUF,17,00-0029566,LB,Zach Brown,Zach,Brown,Illness,,Questionable,Illness,,Did Not Participate In Practice,2016-12-30T09:44:08Z
2016,REG,BUF,17,00-0031171,LB,Preston Brown,Preston,Brown,Foot,,Questionable,Foot,,Limited Participation in Practice,2016-12-30T09:44:08Z
2016,REG,BUF,17,00-0028112,TE,Charles Clay,Charles,Clay,Knee,,Questionable,Knee,,Limited Participation in Practice,2016-12-30T09:44:08Z
2016,REG,BUF,17,00-0032149,G,John Miller,John,Miller,Hip,,Questionable,Hip,,Limited Participation in Practice,2016-12-30T09:44:08Z
2016,REG,BUF,17,00-0031325,WR,Sammy Watkins,Sammy,Watkins,Foot,,Questionable,Foot,,Limited Participation in Practice,2016-12-30T09:44:08Z
2016,REG,BUF,17,00-0024348,DT,Kyle Williams,Kyle,Williams,Back,,Questionable,Back,,Limited Participation in Practice,2016-12-30T09:44:08Z
2016,REG,CAR,17,00-0032055,WR,Devin Funchess,Devin,Funchess,,,,Knee,,Did Not Participate In Practice,2016-12-29T10:00:18Z
2016,REG,CAR,17,00-0028339,DE,Mario Addison,Mario,Addison,,,,Foot,,Full Participation in Practice,2016-12-30T10:58:34Z
2016,REG,CAR,17,00-0026858,K,Graham Gano,Graham,Gano,,,,left Ankle,,Full Participation in Practice,2016-12-30T10:58:34Z
2016,REG,CAR,17,00-0023645,QB,Derek Anderson,Derek,Anderson,Illness,,Out,Illness,,Did Not Participate In Practice,2016-12-30T10:59:48Z
2016,REG,CAR,17,00-0025470,DE,Charles Johnson,Charles,Johnson,Foot,,Out,Foot,,Did Not Participate In Practice,2016-12-30T10:59:53Z
2016,REG,CAR,17,00-0027939,QB,Cam Newton,Cam,Newton,right Shoulder,,Questionable,right Shoulder,,Full Participation in Practice,2016-12-30T10:59:41Z
2016,REG,CAR,17,00-0025418,TE,Greg Olsen,Greg,Olsen,Elbow,,Questionable,Elbow,,Full Participation in Practice,2016-12-30T10:59:41Z
2016,REG,CAR,17,00-0026153,RB,Jonathan Stewart,Jonathan,Stewart,Foot,,Questionable,Foot,,Full Participation in Practice,2016-12-30T10:59:41Z
2016,REG,CHI,17,00-0032482,RB,Bralon Addison,Bralon,Addison,,,,Illness,,Full Participation in Practice,2016-12-30T11:03:39Z
2016,REG,CHI,17,00-0032098,TE,Daniel Brown,Daniel,Brown,,,,Shoulder,,Full Participation in Practice,2016-12-30T11:03:11Z
2016,REG,CHI,17,00-0029137,WR,Alshon Jeffery,Alshon,Jeffery,,,,Illness,,Full Participation in Practice,2016-12-30T11:03:45Z
2016,REG,CHI,17,00-0030094,G,Eric Kush,Eric,Kush,,,,Concussion,,Full Participation in Practice,2016-12-30T11:03:11Z
2016,REG,CHI,17,00-0033072,LB,Leonard Floyd,Leonard,Floyd,Concussion,,Doubtful,Concussion,,Did Not Participate In Practice,2016-12-30T11:04:48Z
2016,REG,CHI,17,00-0028103,LB,Pernell McPhee,Pernell,McPhee,Shoulder,,Questionable,Shoulder,,Did Not Participate In Practice,2016-12-30T11:04:16Z
2016,REG,CHI,17,00-0032774,S,Deon Bush,Deon,Bush,Ankle,,Questionable,Ankle,,Limited Participation in Practice,2016-12-30T11:04:16Z
2016,REG,CHI,17,00-0031904,CB,Bryce Callahan,Bryce,Callahan,Hamstring,Knee,Questionable,Hamstring,Knee,Limited Participation in Practice,2016-12-30T11:04:16Z
2016,REG,CHI,17,00-0031076,QB,David Fales,David,Fales,right Thumb,,Questionable,right Thumb,,Limited Participation in Practice,2016-12-30T11:04:16Z
2016,REG,CHI,17,00-0032581,CB,Cre'von LeBlanc,Cre'von,LeBlanc,Knee,,Questionable,Knee,,Limited Participation in Practice,2016-12-30T11:04:16Z
2016,REG,CHI,17,00-0029528,T,Bobby Massie,Bobby,Massie,Toe,,Questionable,Toe,,Limited Participation in Practice,2016-12-30T11:04:16Z
2016,REG,CHI,17,00-0026180,CB,Tracy Porter,Tracy,Porter,Knee,Shoulder,Questionable,Knee,Shoulder,Limited Participation in Practice,2016-12-30T11:04:16Z
2016,REG,CHI,17,00-0027808,LB,Willie Young,Willie,Young,Knee,,Questionable,Knee,,Limited Participation in Practice,2016-12-30T11:04:16Z
2016,REG,CIN,17,00-0031304,DE,Will Clarke,Will,Clarke,,,,Ribs,,Full Participation in Practice,2016-12-30T10:44:29Z
2016,REG,CIN,17,00-0023441,CB,Adam Jones,Adam,Jones,,,,Ankle,,Full Participation in Practice,2016-12-30T10:44:39Z
2016,REG,CIN,17,00-0027245,LB,Vincent Rey,Vincent,Rey,,,,Hamstring,,Full Participation in Practice,2016-12-30T10:44:47Z
2016,REG,CIN,17,00-0032168,CB,Josh Shaw,Josh,Shaw,,,,Knee,,Full Participation in Practice,2016-12-30T11:19:11Z
2016,REG,CIN,17,00-0024270,T,Andrew Whitworth,Andrew,Whitworth,,,,Biceps,,Full Participation in Practice,2016-12-30T10:44:55Z
2016,REG,CIN,17,00-0030471,S,Shawn Williams,Shawn,Williams,,,,Rib,,Full Participation in Practice,2016-12-30T10:45:04Z
2016,REG,CIN,17,00-0027942,WR,A.J. Green,A.J.,Green,Hamstring,,Out,Hamstring,,Did Not Participate In Practice,2016-12-30T10:41:22Z
2016,REG,CIN,17,00-0032233,T,Cedric Ogbuehi,Cedric,Ogbuehi,Shoulder,,Out,Shoulder,,Did Not Participate In Practice,2016-12-30T10:41:35Z
2016,REG,CIN,17,00-0028912,LB,Vontaze Burfict,Vontaze,Burfict,Knee,Concussion,Doubtful,Knee,Concussion,Did Not Participate In Practice,2016-12-30T10:42:03Z
2016,REG,CIN,17,00-0032214,TE,Tyler Kroft,Tyler,Kroft,Knee,Ankle,Doubtful,Knee,Ankle,Did Not Participate In Practice,2016-12-30T10:42:32Z
2016,REG,CIN,17,00-0031301,RB,Jeremy Hill,Jeremy,Hill,Knee,,Questionable,Knee,,Limited Participation in Practice,2016-12-30T10:43:21Z
2016,REG,CLE,17,00-0029665,QB,Robert Griffin,Robert,Griffin,,,,Concussion,,Full Participation in Practice,2016-12-30T09:28:44Z
2016,REG,CLE,17,00-0027918,WR,Andrew Hawkins,Andrew,Hawkins,,,,Finger,Knee,Full Participation in Practice,2016-12-30T09:28:44Z
2016,REG,CLE,17,00-0033079,WR,Ricardo Louis,Ricardo,Louis,,,,Thumb,,Full Participation in Practice,2016-12-30T09:28:44Z
2016,REG,CLE,17,00-0028825,WR,Terrelle Pryor,Terrelle,Pryor,,,,Finger,,Full Participation in Practice,2016-12-30T09:28:44Z
2016,REG,CLE,17,00-0025390,T,Joe Thomas,Joe,Thomas,,,,Knee,,Full Participation in Practice,2016-12-30T09:28:59Z
2016,REG,CLE,17,00-0032983,LB,Dominique Alexander,Dominique,Alexander,,,,Abdomen,Groin,Limited Participation in Practice,2016-12-30T09:28:44Z
2016,REG,CLE,17,00-0029008,LS,Charley Hughlett,Charley,Hughlett,,,,Hamstring,,Limited Participation in Practice,2016-12-30T09:28:44Z
2016,REG,CLE,17,00-0030484,CB,Jamar Taylor,Jamar,Taylor,,,,Groin,,Limited Participation in Practice,2016-12-30T09:28:44Z
2016,REG,CLE,17,00-0031533,TE,Randall Telfer,Randall,Telfer,,,,Ankle,Thumb,Limited Participation in Practice,2016-12-30T09:28:44Z
2016,REG,CLE,17,00-0032978,CB,Trey Caldwell,Trey,Caldwell,Hamstring,,Out,Hamstring,,Did Not Participate In Practice,2016-12-30T09:29:42Z
2016,REG,CLE,17,00-0029310,LB,Cam Johnson,Cam,Johnson,Groin,,Questionable,Groin,,Did Not Participate In Practice,2016-12-30T09:31:04Z
2016,REG,CLE,17,00-0027860,CB,Joe Haden,Joe,Haden,Neck,Groin,Questionable,Neck,Groin,Limited Participation in Practice,2016-12-30T09:30:17Z
2016,REG,CLE,17,00-0032257,RB,Duke Johnson,Duke,Johnson,Ankle,,Questionable,Ankle,,Limited Participation in Practice,2016-12-30T09:30:38Z
2016,REG,DAL,17,00-0030542,WR,Terrance Williams,Terrance,Williams,,,,Not Injury Related,,Did Not Participate In Practice,2016-12-30T11:47:14Z
2016,REG,DAL,17,00-0029676,CB,Morris Claiborne,Morris,Claiborne,Groin,,Out,Groin,,Did Not Participate In Practice,2016-12-30T11:49:43Z
2016,REG,DAL,17,00-0029641,DT,Tyrone Crawford,Tyrone,Crawford,Shoulder,Hamstring,Out,Shoulder,Hamstring,Did Not Participate In Practice,2016-12-30T11:49:49Z
2016,REG,DAL,17,00-0025435,LB,Justin Durant,Justin,Durant,Elbow,,Out,Elbow,,Did Not Participate In Practice,2016-12-30T11:49:56Z
2016,REG,DAL,17,00-0031411,DE,Demarcus Lawrence,Demarcus,Lawrence,Back,,Out,Back,,Did Not Participate In Practice,2016-12-30T11:50:03Z
2016,REG,DAL,17,00-0028003,DT,Terrell McClain,Terrell,McClain,Ankle,,Out,Ankle,,Did Not Participate In Practice,2016-12-30T11:50:12Z
2016,REG,DAL,17,00-0027947,T,Tyron Smith,Tyron,Smith,Knee,,Out,Knee,,Did Not Participate In Practice,2016-12-30T11:50:18Z
2016,REG,DAL,17,00-0028424,DT,Cedric Thornton,Cedric,Thornton,Ankle,,Out,Ankle,,Did Not Participate In Practice,2016-12-30T11:50:25Z
2016,REG,DAL,17,00-0033047,CB,Anthony Brown,Anthony,Brown,Concussion,,Questionable,Concussion,,Did Not Participate In Practice,2016-12-30T11:49:36Z
2016,REG,DAL,17,00-0029010,G,Ronald Leary,Ronald,Leary,Back,,Questionable,Back,,Did Not Participate In Practice,2016-12-30T11:49:36Z
2016,REG,DAL,17,00-0026144,RB,Darren McFadden,Darren,McFadden,Illness,,Questionable,Illness,,Did Not Participate In Practice,2016-12-30T11:49:36Z
2016,REG,DAL,17,00-0032197,DE,Randy Gregory,Randy,Gregory,Abdomen,,Questionable,Abdomen,,Full Participation in Practice,2016-12-30T11:49:36Z
2016,REG,DAL,17,00-0029627,DE,Jack Crawford,Jack,Crawford,Foot,,Questionable,Foot,,Limited Participation in Practice,2016-12-30T11:49:36Z
2016,REG,DAL,17,00-0027663,LB,Sean Lee,Sean,Lee,Knee,,Questionable,Knee,,Limited Participation in Practice,2016-12-30T11:49:36Z
2016,REG,DEN,17,00-0031101,LB,Shaquil Barrett,Shaquil,Barrett,,,,Ankle,,Full Participation in Practice,2016-12-30T11:48:46Z
2016,REG,DEN,17,00-0030670,WR,Bennie Fowler,Bennie,Fowler,,,,Knee,,Full Participation in Practice,2016-12-30T11:48:32Z
2016,REG,DEN,17,00-0028142,TE,Virgil Green,Virgil,Green,,,,Concussion,,Full Participation in Practice,2016-12-30T11:48:40Z
2016,REG,DEN,17,00-0031349,C,Matt Paradis,Matt,Paradis,,,,Hips,,Full Participation in Practice,2016-12-30T11:49:07Z
2016,REG,DEN,17,00-0032156,QB,Trevor Siemian,Trevor,Siemian,,,,Foot,,Full Participation in Practice,2016-12-30T11:48:32Z
2016,REG,DEN,17,00-0030577,DT,Sylvester Williams,Sylvester,Williams,,,,Shoulder,,Full Participation in Practice,2016-12-30T11:48:53Z
2016,REG,DEN,17,00-0031609,TE,A.J. Derby,A.J.,Derby,Concussion,,Out,Concussion,,Did Not Participate In Practice,2016-12-30T11:49:26Z
2016,REG,DEN,17,00-0027653,S,T.J. Ward,T.J.,Ward,Concussion,,Out,Concussion,,Did Not Participate In Practice,2016-12-30T11:49:40Z
2016,REG,DEN,17,00-0023445,LB,DeMarcus Ware,DeMarcus,Ware,Back,,Out,Back,,Did Not Participate In Practice,2016-12-30T11:50:18Z
2016,REG,DEN,17,00-0030523,CB,Kayvon Webster,Kayvon,Webster,Concussion,,Out,Concussion,,Did Not Participate In Practice,2016-12-30T11:50:08Z
2016,REG,DEN,17,00-0029586,DE,Derek Wolfe,Derek,Wolfe,Neck,,Out,Neck,,Did Not Participate In Practice,2016-12-30T11:50:04Z
2016,REG,DEN,17,00-0029620,LB,Brandon Marshall,Brandon,Marshall,Hamstring,,Questionable,Hamstring,,Limited Participation in Practice,2016-12-30T11:49:20Z
2016,REG,DET,17,00-0032399,S,Miles Killebrew,Miles,Killebrew,,,,Eye,,Full Participation in Practice,2016-12-30T12:56:21Z
2016,REG,DET,17,00-0026498,QB,Matthew Stafford,Matthew,Stafford,,,,right Finger,,Full Participation in Practice,2016-12-30T12:56:21Z
2016,REG,DET,17,00-0030107,RB,Theo Riddick,Theo,Riddick,Wrist,,Out,Wrist,,Did Not Participate In Practice,2016-12-30T12:56:35Z
2016,REG,DET,17,00-0031284,C,Travis Swanson,Travis,Swanson,Concussion,,Doubtful,Concussion,,Limited Participation in Practice,2016-12-30T12:56:47Z
2016,REG,DET,17,00-0027050,LB,DeAndre Levy,DeAndre,Levy,Knee,,Questionable,Knee,,Limited Participation in Practice,2016-12-30T12:56:26Z
2016,REG,DET,17,00-0027691,WR,Andre Roberts,Andre,Roberts,Shoulder,,Questionable,Shoulder,,Limited Participation in Practice,2016-12-30T12:56:26Z
2016,REG,DET,17,00-0030062,CB,Darius Slay,Darius,Slay,Hamstring,,Questionable,Hamstring,,Limited Participation in Practice,2016-12-30T12:56:26Z
2016,REG,GB,17,00-0031829,CB,Ladarius Gunter,Ladarius,Gunter,,,,Elbow,,Full Participation in Practice,2016-12-30T11:37:05Z
2016,REG,GB,17,00-0027002,LB,Clay Matthews,Clay,Matthews,,,,Shoulder,,Full Participation in Practice,2016-12-30T11:37:05Z
2016,REG,GB,17,00-0030432,RB,Christine Michael,Christine,Michael,,,,Not Injury Related,,Full Participation in Practice,2016-12-30T11:37:05Z
2016,REG,GB,17,00-0021140,LB,Julius Peppers,Julius,Peppers,,,,Not Injury Related,,Full Participation in Practice,2016-12-30T11:37:17Z
2016,REG,GB,17,00-0029408,LB,Nick Perry,Nick,Perry,,,,Hand,,Full Participation in Practice,2016-12-30T11:37:05Z
2016,REG,GB,17,00-0023459,QB,Aaron Rodgers,Aaron,Rodgers,,,,Calf,,Full Participation in Practice,2016-12-30T11:37:05Z
2016,REG,GB,17,00-0027875,T,Bryan Bulaga,Bryan,Bulaga,,,,Shoulder,,Limited Participation in Practice,2016-12-30T11:37:05Z
2016,REG,GB,17,00-0027078,G,T.J. Lang,T.J.,Lang,,,,Foot,,Limited Participation in Practice,2016-12-30T11:37:05Z
2016,REG,GB,17,00-0027791,RB,James Starks,James,Starks,Concussion,,Out,Concussion,,Did Not Participate In Practice,2016-12-30T11:38:02Z
2016,REG,GB,17,00-0028002,WR,Randall Cobb,Randall,Cobb,Ankle,,Questionable,Ankle,,Did Not Participate In Practice,2016-12-30T11:37:22Z
2016,REG,GB,17,00-0030752,LB,Jayrone Elliott,Jayrone,Elliott,Hand,,Questionable,Hand,,Limited Participation in Practice,2016-12-30T11:37:22Z
2016,REG,GB,17,00-0032251,CB,Damarious Randall,Damarious,Randall,Shoulder,,Questionable,Shoulder,,Limited Participation in Practice,2016-12-30T11:37:22Z
2016,REG,GB,17,00-0030761,LB,Joe Thomas,Joe,Thomas,Back,,Questionable,Back,,Limited Participation in Practice,2016-12-30T11:37:22Z
2016,REG,GB,17,00-0030076,C,J.C. Tretter,J.C.,Tretter,Knee,,Questionable,Knee,,Limited Participation in Practice,2016-12-30T11:37:22Z
2016,REG,HOU,17,00-0029524,G,Jeff Allen,Jeff,Allen,,,,Not Injury Related,,Full Participation in Practice,2016-12-30T12:02:40Z
2016,REG,HOU,17,00-0026257,S,Quintin Demps,Quintin,Demps,,,,Achilles,,Full Participation in Practice,2016-12-30T12:02:57Z
2016,REG,HOU,17,00-0031302,TE,C.J. Fiedorowicz,C.J.,Fiedorowicz,,,,Thigh,,Full Participation in Practice,2016-12-30T12:02:33Z
2016,REG,HOU,17,00-0031553,LB,Benardrick McKinney,Benardrick,McKinney,,,,Wrist,,Full Participation in Practice,2016-12-30T12:02:33Z
2016,REG,HOU,17,00-0031064,QB,Tom Savage,Tom,Savage,,,,Knee,,Full Participation in Practice,2016-12-30T12:02:33Z
2016,REG,HOU,17,00-0027872,CB,Kareem Jackson,Kareem,Jackson,,,,Neck,,Limited Participation in Practice,2016-12-30T12:02:33Z
2016,REG,HOU,17,00-0023096,K,Nick Novak,Nick,Novak,,,,Oblique,,Limited Participation in Practice,2016-12-30T12:02:33Z
2016,REG,HOU,17,00-0031364,DE,Jadeveon Clowney,Jadeveon,Clowney,Elbow,Wrist,Out,Elbow,Wrist,Did Not Participate In Practice,2016-12-30T12:03:52Z
2016,REG,HOU,17,00-0029615,RB,Lamar Miller,Lamar,Miller,Ankle,,Out,Ankle,,Did Not Participate In Practice,2016-12-30T12:04:06Z
2016,REG,HOU,17,00-0031085,RB,Jay Prosch,Jay,Prosch,Ankle,Knee,Out,Ankle,Knee,Did Not Participate In Practice,2016-12-30T12:04:14Z
2016,REG,HOU,17,00-0030442,LB,John Simon,John,Simon,Chest,,Out,Chest,,Did Not Participate In Practice,2016-12-30T12:04:22Z
2016,REG,HOU,17,00-0024239,CB,Johnathan Joseph,Johnathan,Joseph,Ribs / Shoulder / Illness,,Questionable,Ribs / Shoulder / Illness,,Did Not Participate In Practice,2016-12-30T12:03:46Z
2016,REG,HOU,17,00-0026991,LB,Brian Cushing,Brian,Cushing,Ankle,,Questionable,Ankle,,Limited Participation in Practice,2016-12-30T12:03:46Z
2016,REG,IND,17,00-0026307,LB,Erik Walden,Erik,Walden,,,,Not Injury Related,,Did Not Participate In Practice,2016-12-30T12:18:59Z
2016,REG,IND,17,00-0022247,S,Mike Adams,Mike,Adams,,,,Not Injury Related,,Full Participation in Practice,2016-12-30T12:17:14Z
2016,REG,IND,17,00-0027001,CB,Vontae Davis,Vontae,Davis,,,,Not Injury Related,,Full Participation in Practice,2016-12-30T12:17:14Z
2016,REG,IND,17,00-0023500,RB,Frank Gore,Frank,Gore,,,,Not Injury Related,,Full Participation in Practice,2016-12-30T12:17:14Z
2016,REG,IND,17,00-0029668,QB,Andrew Luck,Andrew,Luck,,,,right Shoulder,,Full Participation in Practice,2016-12-30T12:18:17Z
2016,REG,IND,17,00-0022059,LB,Robert Mathis,Robert,Mathis,,,,Not Injury Related,,Full Participation in Practice,2016-12-30T12:17:14Z
2016,REG,IND,17,00-0027017,CB,Darius Butler,Darius,Butler,Concussion,,Out,Concussion,,Did Not Participate In Practice,2016-12-30T12:19:18Z
2016,REG,IND,17,00-0031339,WR,Donte Moncrief,Donte,Moncrief,Shoulder,,Doubtful,Shoulder,,Did Not Participate In Practice,2016-12-30T12:19:36Z
2016,REG,IND,17,00-0028100,LB,Chris Carter,Chris,Carter,Shoulder,,Questionable,Shoulder,,Full Participation in Practice,2016-12-30T12:19:08Z
2016,REG,IND,17,00-0029901,CB,Rashaan Melvin,Rashaan,Melvin,Knee,,Questionable,Knee,,Limited Participation in Practice,2016-12-30T12:19:08Z
2016,REG,JAX,17,00-0032052,DE,Dante Fowler,Dante,Fowler,,,,Not Injury Related,,Did Not Participate In Practice,2016-12-30T09:06:17Z
2016,REG,JAX,17,00-0027654,WR,Arrelious Benn,Arrelious,Benn,,,,Concussion,,Full Participation in Practice,2016-12-30T09:06:07Z
2016,REG,JAX,17,00-0031407,QB,Blake Bortles,Blake,Bortles,,,,right Wrist,right Shoulder,Full Participation in Practice,2016-12-30T09:06:07Z
2016,REG,JAX,17,00-0029568,DT,Malik Jackson,Malik,Jackson,,,,Illness,,Full Participation in Practice,2016-12-30T09:06:07Z
2016,REG,JAX,17,00-0029316,T,Kelvin Beachum,Kelvin,Beachum,,,,Knee,,Limited Participation in Practice,2016-12-30T09:06:07Z
2016,REG,JAX,17,00-0031191,C,Luke Bowanko,Luke,Bowanko,,,,Hip,,Limited Participation in Practice,2016-12-30T09:06:07Z
2016,REG,JAX,17,00-0032864,TE,Alex Ellis,Alex,Ellis,,,,Knee,,Limited Participation in Practice,2016-12-30T09:06:07Z
2016,REG,JAX,17,00-0032139,TE,Ben Koyack,Ben,Koyack,,,,Knee,,Limited Participation in Practice,2016-12-30T09:06:07Z
2016,REG,JAX,17,00-0030547,RB,Denard Robinson,Denard,Robinson,,,,Ankle,,Limited Participation in Practice,2016-12-30T09:06:07Z
2016,REG,JAX,17,00-0030072,DT,Jordan Hill,Jordan,Hill,Calf,,Out,Calf,,Did Not Participate In Practice,2016-12-30T09:07:32Z
2016,REG,JAX,17,00-0030821,WR,Allen Hurns,Allen,Hurns,Hamstring,,Questionable,Hamstring,,Did Not Participate In Practice,2016-12-30T09:06:39Z
2016,REG,JAX,17,00-0032120,WR,Neal Sterling,Neal,Sterling,Concussion,,Questionable,Concussion,,Did Not Participate In Practice,2016-12-30T09:07:19Z
2016,REG,JAX,17,00-0027531,RB,Chris Ivory,Chris,Ivory,Hamstring,,Questionable,Hamstring,,Limited Participation in Practice,2016-12-30T09:06:55Z
2016,REG,JAX,17,00-0031431,WR,Marqise Lee,Marqise,Lee,Hip,,Questionable,Hip,,Limited Participation in Practice,2016-12-30T09:07:07Z
2016,REG,KC,17,00-0024235,LB,Tamba Hali,Tamba,Hali,,,,Knee,,Did Not Participate In Practice,2016-12-30T12:02:28Z
2016,REG,KC,17,00-0032128,WR,Chris Conley,Chris,Conley,,,,Ankle,,Full Participation in Practice,2016-12-30T12:02:23Z
2016,REG,KC,17,00-0028008,LB,Justin Houston,Justin,Houston,Knee,,Out,Knee,,Did Not Participate In Practice,2016-12-30T12:02:41Z
2016,REG,KC,17,00-0031015,CB,Phillip Gaines,Phillip,Gaines,Knee,,Questionable,Knee,,Limited Participation in Practice,2016-12-30T12:02:30Z
2016,REG,KC,17,00-0030414,RB,Spencer Ware,Spencer,Ware,Rib,,Questionable,Rib,,Limited Participation in Practice,2016-12-30T12:02:30Z
2016,REG,LA,17,00-0031393,S,Maurice Alexander,Maurice,Alexander,,,,Concussion,,Full Participation in Practice,2016-12-30T12:56:58Z
2016,REG,LA,17,00-0027006,WR,Kenny Britt,Kenny,Britt,Shoulder,,Doubtful,Shoulder,,Did Not Participate In Practice,2016-12-30T12:57:18Z
2016,REG,LA,17,00-0032242,T,Rob Havenstein,Rob,Havenstein,Ankle,,Doubtful,Ankle,,Did Not Participate In Practice,2016-12-30T12:57:23Z
2016,REG,LA,17,00-0031389,CB,Lamarcus Joyner,Lamarcus,Joyner,Ankle,,Doubtful,Ankle,,Did Not Participate In Practice,2016-12-30T12:57:27Z
2016,REG,LA,17,00-0033114,WR,Mike Thomas,Mike,Thomas,Hip,,Questionable,Hip,,Full Participation in Practice,2016-12-30T12:57:07Z
2016,REG,MIA,17,00-0029701,QB,Ryan Tannehill,Ryan,Tannehill,Knee,,Out,Knee,,Did Not Participate In Practice,2016-12-30T12:01:23Z
2016,REG,MIA,17,00-0030384,LB,Jelani Jenkins,Jelani,Jenkins,Knee,,Doubtful,Knee,,Did Not Participate In Practice,2016-12-30T12:01:02Z
2016,REG,MIA,17,00-0028111,CB,Byron Maxwell,Byron,Maxwell,Ankle,,Doubtful,Ankle,,Did Not Participate In Practice,2016-12-30T12:01:11Z
2016,REG,MIA,17,00-0031590,RB,Jay Ajayi,Jay,Ajayi,Shoulder,,Questionable,Shoulder,,Full Participation in Practice,2016-12-30T11:59:41Z
2016,REG,MIA,17,00-0028368,LB,Spencer Paysinger,Spencer,Paysinger,Knee,,Questionable,Knee,,Full Participation in Practice,2016-12-30T11:59:41Z
2016,REG,MIA,17,00-0023750,DE,Mario Williams,Mario,Williams,Ankle,,Questionable,Ankle,,Full Participation in Practice,2016-12-30T11:59:41Z
2016,REG,MIN,17,00-0023639,C,Joe Berger,Joe,Berger,,,,Elbow,,Full Participation in Practice,2016-12-30T11:23:58Z
2016,REG,MIN,17,00-0028110,G,Brandon Fusco,Brandon,Fusco,,,,Concussion,,Full Participation in Practice,2016-12-30T11:24:25Z
2016,REG,MIN,17,00-0029931,RB,Zach Line,Zach,Line,,,,Concussion,,Full Participation in Practice,2016-12-30T11:24:18Z
2016,REG,MIN,17,00-0029606,S,Harrison Smith,Harrison,Smith,,,,Ankle,,Full Participation in Practice,2016-12-30T11:24:09Z
2016,REG,MIN,17,00-0025394,RB,Adrian Peterson,Adrian,Peterson,Knee,Groin,Out,Knee,Groin,Did Not Participate In Practice,2016-12-30T11:25:50Z
2016,REG,MIN,17,00-0027914,S,Andrew Sendejo,Andrew,Sendejo,Knee,,Out,Knee,,Did Not Participate In Practice,2016-12-30T11:26:24Z
2016,REG,MIN,17,00-0026762,G,Alex Boone,Alex,Boone,Back,,Doubtful,Back,,Did Not Participate In Practice,2016-12-30T11:25:45Z
2016,REG,MIN,17,00-0031588,WR,Stefon Diggs,Stefon,Diggs,Hip,,Doubtful,Hip,,Did Not Participate In Practice,2016-12-30T11:26:14Z
2016,REG,MIN,17,00-0032951,WR,Laquon Treadwell,Laquon,Treadwell,Ankle,,Doubtful,Ankle,,Did Not Participate In Practice,2016-12-30T11:26:02Z
2016,REG,MIN,17,00-0030113,WR,Charles Johnson,Charles,Johnson,Knee,,Questionable,Knee,,Limited Participation in Practice,2016-12-30T11:25:29Z
2016,REG,NE,17,00-0028087,RB,Dion Lewis,Dion,Lewis,,,,Illness,,Did Not Participate In Practice,2016-12-28T12:54:51Z
2016,REG,NE,17,00-0026035,WR,Danny Amendola,Danny,Amendola,Ankle,,Out,Ankle,,Did Not Participate In Practice,2016-12-30T12:43:49Z
2016,REG,NE,17,00-0032390,CB,Cyrus Jones,Cyrus,Jones,Knee,,Out,Knee,,Did Not Participate In Practice,2016-12-30T12:44:05Z
2016,REG,NE,17,00-0032400,WR,Malcolm Mitchell,Malcolm,Mitchell,Knee,,Doubtful,Knee,,Did Not Participate In Practice,2016-12-30T12:44:15Z
2016,REG,NE,17,00-0026201,TE,Martellus Bennett,Martellus,Bennett,Ankle,Shoulder,Questionable,Ankle,Shoulder,Limited Participation in Practice,2016-12-30T12:43:38Z
2016,REG,NE,17,00-0019596,QB,Tom Brady,Tom,Brady,Thigh,,Questionable,Thigh,,Limited Participation in Practice,2016-12-30T12:43:38Z
2016,REG,NE,17,00-0029669,LB,Dont'a Hightower,Dont'a,Hightower,Knee,,Questionable,Knee,,Limited Participation in Practice,2016-12-30T12:43:38Z
2016,REG,NE,17,00-0026293,WR,Matt Slater,Matt,Slater,Foot,,Questionable,Foot,,Limited Participation in Practice,2016-12-30T12:43:38Z
2016,REG,NO,17,00-0022999,RB,John Kuhn,John,Kuhn,,,,Hip,,Limited Participation in Practice,2016-12-30T13:09:14Z
2016,REG,NO,17,00-0027025,C,Max Unger,Max,Unger,,,,Foot,,Limited Participation in Practice,2016-12-30T13:09:14Z
2016,REG,NO,17,00-0032875,CB,Ken Crawley,Ken,Crawley,Knee,,Out,Knee,,Did Not Participate In Practice,2016-12-30T13:09:29Z
2016,REG,NO,17,00-0026857,LB,Dannell Ellerbe,Dannell,Ellerbe,Foot,,Questionable,Foot,,Limited Participation in Practice,2016-12-30T13:09:20Z
2016,REG,NO,17,00-0028834,LB,Craig Robertson,Craig,Robertson,Shoulder,,Questionable,Shoulder,,Limited Participation in Practice,2016-12-30T13:09:20Z
2016,REG,NYG,17,00-0032004,TE,Will Tye,Will,Tye,,,,Illness,,Full Participation in Practice,2016-12-30T10:46:50Z
2016,REG,NYG,17,00-0027867,DE,Jason Pierre-Paul,Jason,Pierre-Paul,Core Muscle,,Out,Core Muscle,,Did Not Participate In Practice,2016-12-30T10:47:46Z
2016,REG,NYG,17,00-0031070,S,Nat Berhe,Nat,Berhe,Concussion,,Out,Concussion,,Limited Participation in Practice,2016-12-30T10:47:32Z
2016,REG,NYG,17,00-0032429,TE,Jerell Adams,Jerell,Adams,Shoulder,,Questionable,Shoulder,,Limited Participation in Practice,2016-12-30T10:47:21Z
2016,REG,NYG,17,00-0033121,LB,B.J. Goodson,B.J.,Goodson,Concussion,,Questionable,Concussion,,Limited Participation in Practice,2016-12-30T10:47:21Z
2016,REG,NYG,17,00-0029681,CB,Janoris Jenkins,Janoris,Jenkins,Back,,Questionable,Back,,Limited Participation in Practice,2016-12-30T10:47:21Z
2016,REG,NYG,17,00-0029529,CB,Coty Sensabaugh,Coty,Sensabaugh,Ankle,,Questionable,Ankle,,Limited Participation in Practice,2016-12-30T10:47:21Z
2016,REG,NYJ,17,00-0032844,RB,Brandon Burks,Brandon,Burks,,,,Illness,,Full Participation in Practice,2016-12-30T11:54:20Z
2016,REG,NYJ,17,00-0033147,LB,Darron Lee,Darron,Lee,,,,Illness,,Full Participation in Practice,2016-12-30T11:54:20Z
2016,REG,NYJ,17,00-0031031,T,Brent Qvale,Brent,Qvale,,,,Hamstring,,Full Participation in Practice,2016-12-30T11:54:20Z
2016,REG,NYJ,17,00-0026184,RB,Matt Forte,Matt,Forte,Knee,,Out,Knee,,Did Not Participate In Practice,2016-12-30T11:56:02Z
2016,REG,NYJ,17,00-0031564,LB,Lorenzo Mauldin,Lorenzo,Mauldin,Ankle,,Out,Ankle,,Did Not Participate In Practice,2016-12-30T11:55:50Z
2016,REG,NYJ,17,00-0026564,DT,Steve McLendon,Steve,McLendon,Hamstring,,Out,Hamstring,,Did Not Participate In Practice,2016-12-30T11:55:54Z
2016,REG,NYJ,17,00-0031418,TE,Austin Seferian-Jenkins,Austin,Seferian-Jenkins,Hamstring,,Out,Hamstring,,Did Not Participate In Practice,2016-12-30T11:56:08Z
2016,REG,NYJ,17,00-0031733,CB,Nick Marshall,Nick,Marshall,Hamstring,,Doubtful,Hamstring,,Did Not Participate In Practice,2016-12-30T11:55:47Z
2016,REG,NYJ,17,00-0032688,WR,Robby Anderson,Robby,Anderson,Hamstring,,Questionable,Hamstring,,Did Not Participate In Practice,2016-12-30T11:55:30Z
2016,REG,NYJ,17,00-0032403,CB,Juston Burris,Juston,Burris,Knee,,Questionable,Knee,,Limited Participation in Practice,2016-12-30T11:55:30Z
2016,REG,NYJ,17,00-0024334,WR,Brandon Marshall,Brandon,Marshall,Hip,Shoulder,Questionable,Hip,Shoulder,Limited Participation in Practice,2016-12-30T11:55:30Z
2016,REG,NYJ,17,00-0028064,RB,Bilal Powell,Bilal,Powell,Knee,,Questionable,Knee,,Limited Participation in Practice,2016-12-30T11:55:30Z
2016,REG,NYJ,17,00-0030573,DT,Sheldon Richardson,Sheldon,Richardson,Back,,Questionable,Back,,Limited Participation in Practice,2016-12-30T11:55:30Z
2016,REG,NYJ,17,00-0032593,RB,Brandon Wilds,Brandon,Wilds,Hamstring,,Questionable,Hamstring,,Limited Participation in Practice,2016-12-30T11:55:30Z
2016,REG,NYJ,17,00-0027968,DE,Muhammad Wilkerson,Muhammad,Wilkerson,Ankle,Knee,Questionable,Ankle,Knee,Limited Participation in Practice,2016-12-30T11:55:30Z
2016,REG,OAK,17,00-0031280,QB,Derek Carr,Derek,Carr,Ankle,,Out,Ankle,,Did Not Participate In Practice,2016-12-30T12:56:06Z
2016,REG,OAK,17,00-0027297,T,Austin Howard,Austin,Howard,Shoulder,,Out,Shoulder,,Did Not Participate In Practice,2016-12-30T12:56:14Z
2016,REG,OAK,17,00-0032888,S,Karl Joseph,Karl,Joseph,Toe,,Doubtful,Toe,,Limited Participation in Practice,2016-12-30T12:56:22Z
2016,REG,OAK,17,00-0031544,WR,Amari Cooper,Amari,Cooper,Shoulder,,Questionable,Shoulder,,Limited Participation in Practice,2016-12-30T12:55:57Z
2016,REG,OAK,17,00-0026986,WR,Michael Crabtree,Michael,Crabtree,Ankle,,Questionable,Ankle,,Limited Participation in Practice,2016-12-30T12:55:57Z
2016,REG,OAK,17,00-0028263,WR,Andre Holmes,Andre,Holmes,Shoulder,,Questionable,Shoulder,,Limited Participation in Practice,2016-12-30T12:55:57Z
2016,REG,OAK,17,00-0030515,DT,Stacy McGee,Stacy,McGee,Groin,,Questionable,Groin,,Limited Participation in Practice,2016-12-30T12:55:57Z
2016,REG,OAK,17,00-0029259,G,Kelechi Osemele,Kelechi,Osemele,Ankle,,Questionable,Ankle,,Limited Participation in Practice,2016-12-30T12:55:57Z
2016,REG,OAK,17,00-0033025,RB,Jalen Richard,Jalen,Richard,Shoulder,,Questionable,Shoulder,,Limited Participation in Practice,2016-12-30T12:55:57Z
2016,REG,OAK,17,00-0027704,LB,Perry Riley,Perry,Riley,Hamstring,,Questionable,Hamstring,,Limited Participation in Practice,2016-12-30T12:55:57Z
2016,REG,OAK,17,00-0028180,LB,Malcolm Smith,Malcolm,Smith,Hamstring,,Questionable,Hamstring,,Limited Participation in Practice,2016-12-30T12:55:57Z
2016,REG,PHI,17,00-0027865,DE,Brandon Graham,Brandon,Graham,,,,Not Injury Related,,Did Not Participate In Practice,2016-12-30T11:50:16Z
2016,REG,PHI,17,00-0032785,T,Halapoulivaati Vaitai,Halapoulivaati,Vaitai,,,,Knee,,Full Participation in Practice,2016-12-30T11:49:55Z
2016,REG,PHI,17,00-0031173,S,Jaylen Watkins,Jaylen,Watkins,,,,Concussion,,Full Participation in Practice,2016-12-30T11:49:55Z
2016,REG,PHI,17,00-0025506,G,Allen Barbre,Allen,Barbre,Hamstring,,Doubtful,Hamstring,,Limited Participation in Practice,2016-12-30T11:54:41Z
2016,REG,PHI,17,00-0032129,LB,Jordan Hicks,Jordan,Hicks,Ankle,,Questionable,Ankle,,Full Participation in Practice,2016-12-30T11:53:59Z
2016,REG,PHI,17,00-0032954,G,Isaac Seumalo,Isaac,Seumalo,Ankle,,Questionable,Ankle,,Full Participation in Practice,2016-12-30T11:53:59Z
2016,REG,PHI,17,00-0029409,LB,Mychal Kendricks,Mychal,Kendricks,Quadricep,,Questionable,Quadricep,,Limited Participation in Practice,2016-12-30T11:53:59Z
2016,REG,PHI,17,00-0031299,WR,Jordan Matthews,Jordan,Matthews,Ankle,,Questionable,Ankle,,Limited Participation in Practice,2016-12-30T11:53:59Z
2016,REG,PIT,17,00-0028001,T,Marcus Gilbert,Marcus,Gilbert,,,,Not Injury Related,,Did Not Participate In Practice,2016-12-28T12:47:47Z
2016,REG,PIT,17,00-0022924,QB,Ben Roethlisberger,Ben,Roethlisberger,,,,Not Injury Related,,Did Not Participate In Practice,2016-12-28T12:47:54Z
2016,REG,PIT,17,00-0027829,DE,Ricardo Mathews,Ricardo,Mathews,,,,Ankle,,Full Participation in Practice,2016-12-30T10:27:46Z
2016,REG,PIT,17,00-0027023,S,Michael Mitchell,Michael,Mitchell,,,,Not Injury Related,,Full Participation in Practice,2016-12-30T10:30:46Z
2016,REG,PIT,17,00-0031365,LB,Ryan Shazier,Ryan,Shazier,,,,Illness,,Full Participation in Practice,2016-12-30T10:28:09Z
2016,REG,PIT,17,00-0032166,WR,Sammie Coates,Sammie,Coates,,,,Hamstring,,Limited Participation in Practice,2016-12-30T10:26:30Z
2016,REG,PIT,17,00-0028954,S,Robert Golden,Robert,Golden,Ankle,,Out,Ankle,,Did Not Participate In Practice,2016-12-30T10:28:46Z
2016,REG,PIT,17,00-0029275,TE,Ladarius Green,Ladarius,Green,Concussion,,Out,Concussion,,Did Not Participate In Practice,2016-12-30T10:28:52Z
2016,REG,PIT,17,00-0031412,DE,Stephon Tuitt,Stephon,Tuitt,Knee,,Out,Knee,,Did Not Participate In Practice,2016-12-30T10:28:58Z
2016,REG,PIT,17,00-0031956,LB,Anthony Chickillo,Anthony,Chickillo,Ankle,,Questionable,Ankle,,Did Not Participate In Practice,2016-12-30T10:28:19Z
2016,REG,PIT,17,00-0031035,TE,Xavier Grimble,Xavier,Grimble,Ribs,,Questionable,Ribs,,Limited Participation in Practice,2016-12-30T10:28:19Z
2016,REG,SD,17,00-0032144,RB,Melvin Gordon,Melvin,Gordon,Hip,Knee,Out,Hip,Knee,Did Not Participate In Practice,2016-12-30T12:09:14Z
2016,REG,SD,17,00-0032106,CB,Craig Mager,Craig,Mager,Shoulder,,Out,Shoulder,,Did Not Participate In Practice,2016-12-30T12:09:35Z
2016,REG,SD,17,00-0026370,T,King Dunlap,King,Dunlap,Knee,,Doubtful,Knee,,Did Not Participate In Practice,2016-12-30T12:09:24Z
2016,REG,SD,17,00-0032103,LB,Denzel Perryman,Denzel,Perryman,Knee,,Questionable,Knee,,Did Not Participate In Practice,2016-12-30T12:09:03Z
2016,REG,SD,17,00-0026500,C,Matt Slauson,Matt,Slauson,Foot,,Questionable,Foot,,Did Not Participate In Practice,2016-12-30T12:09:03Z
2016,REG,SD,17,00-0030691,WR,Jeremy Butler,Jeremy,Butler,Ankle,,Questionable,Ankle,,Limited Participation in Practice,2016-12-30T12:09:03Z
2016,REG,SD,17,00-0027984,G,Orlando Franklin,Orlando,Franklin,Shoulder,,Questionable,Shoulder,,Limited Participation in Practice,2016-12-30T12:09:03Z
2016,REG,SEA,17,00-0026618,DE,Michael Bennett,Michael,Bennett,,,,Not Injury Related,,Did Not Participate In Practice,2016-12-30T14:52:30Z
2016,REG,SEA,17,00-0028092,CB,Richard Sherman,Richard,Sherman,,,,Not Injury Related,,Did Not Participate In Practice,2016-12-30T14:52:20Z
2016,REG,SEA,17,00-0027733,S,Kam Chancellor,Kam,Chancellor,,,,Ankle,,Full Participation in Practice,2016-12-30T14:52:10Z
2016,REG,SEA,17,00-0027696,TE,Jimmy Graham,Jimmy,Graham,,,,Not Injury Related,,Full Participation in Practice,2016-12-30T14:52:10Z
2016,REG,SEA,17,00-0031897,RB,Thomas Rawls,Thomas,Rawls,,,,Shoulder,,Full Participation in Practice,2016-12-30T14:52:10Z
2016,REG,SEA,17,00-0032393,RB,C.J. Prosise,C.J.,Prosise,Shoulder,,Out,Shoulder,,Did Not Participate In Practice,2016-12-30T12:51:33Z
2016,REG,SF,17,00-0030088,DT,Quinton Dial,Quinton,Dial,,,,Elbow,,Full Participation in Practice,2016-12-30T12:25:29Z
2016,REG,SF,17,00-0026145,DT,Glenn Dorsey,Glenn,Dorsey,,,,Knee,Ribs,Full Participation in Practice,2016-12-30T12:25:29Z
2016,REG,SF,17,00-0028202,RB,Shaun Draughn,Shaun,Draughn,,,,Ribs,,Full Participation in Practice,2016-12-30T12:25:29Z
2016,REG,SF,17,00-0032060,LB,Eli Harold,Eli,Harold,,,,Toe,,Full Participation in Practice,2016-12-30T12:25:29Z
2016,REG,SF,17,00-0031337,C,Marcus Martin,Marcus,Martin,Ankle,,Out,Ankle,,Did Not Participate In Practice,2016-12-30T12:33:56Z
2016,REG,SF,17,00-0029661,G,Andrew Tiller,Andrew,Tiller,Ankle,,Out,Ankle,,Did Not Participate In Practice,2016-12-30T12:34:28Z
2016,REG,SF,17,00-0031061,CB,Dontae Johnson,Dontae,Johnson,Groin,,Questionable,Groin,,Limited Participation in Practice,2016-12-30T12:26:40Z
2016,REG,SF,17,00-0032410,CB,Rashard Robinson,Rashard,Robinson,Hamstring,,Questionable,Hamstring,,Limited Participation in Practice,2016-12-30T12:26:40Z
2016,REG,SF,17,00-0025415,T,Joe Staley,Joe,Staley,Hamstring,,Questionable,Hamstring,,Limited Participation in Practice,2016-12-30T12:26:40Z
2016,REG,TB,17,00-0029613,RB,Doug Martin,Doug,Martin,,,,Not Injury Related,,Did Not Participate In Practice,2016-12-28T12:30:21Z
2016,REG,TB,17,00-0026814,T,Demar Dotson,Demar,Dotson,,,,Concussion,,Full Participation in Practice,2016-12-29T11:56:08Z
2016,REG,TB,17,00-0030386,DE,William Gholston,William,Gholston,Elbow,,Out,Elbow,,Did Not Participate In Practice,2016-12-30T10:46:09Z
2016,REG,TB,17,00-0026157,T,Gosder Cherilus,Gosder,Cherilus,Groin,Ankle,Questionable,Groin,Ankle,Full Participation in Practice,2016-12-30T10:46:04Z
2016,REG,TB,17,00-0032758,CB,Vernon Hargreaves,Vernon,Hargreaves,Abdomen,,Questionable,Abdomen,,Limited Participation in Practice,2016-12-30T10:46:16Z
2016,REG,TEN,17,00-0029134,LS,Beau Brinkley,Beau,Brinkley,,,,Illness,,Did Not Participate In Practice,2016-12-30T12:16:14Z
2016,REG,TEN,17,00-0031042,TE,Jace Amaro,Jace,Amaro,,,,Quadricep,,Full Participation in Practice,2016-12-30T12:15:29Z
2016,REG,TEN,17,00-0032783,CB,LeShaun Sims,LeShaun,Sims,,,,Concussion,,Full Participation in Practice,2016-12-30T12:15:29Z
2016,REG,TEN,17,00-0032271,CB,D'Joun Smith,D'Joun,Smith,,,,Illness,,Full Participation in Practice,2016-12-30T12:15:39Z
2016,REG,TEN,17,00-0029594,LB,Sean Spence,Sean,Spence,,,,Illness,,Full Participation in Practice,2016-12-30T12:15:29Z
2016,REG,TEN,17,00-0027136,CB,Jason McCourty,Jason,McCourty,Chest,,Questionable,Chest,,Limited Participation in Practice,2016-12-30T12:16:26Z
2016,REG,WAS,17,00-0024223,S,Donte Whitner,Donte,Whitner,,,,Quadricep,,Did Not Participate In Practice,2016-12-28T10:50:10Z
2016,REG,WAS,17,00-0031052,CB,Bashaud Breeland,Bashaud,Breeland,,,,Ankle,,Full Participation in Practice,2016-12-30T10:59:27Z
2016,REG,WAS,17,00-0026189,WR,DeSean Jackson,DeSean,Jackson,,,,Jaw,,Full Participation in Practice,2016-12-30T10:59:27Z
2016,REG,WAS,17,00-0032767,S,Su'a Cravens,Su'a,Cravens,Upper Arm,,Out,Upper Arm,,Did Not Participate In Practice,2016-12-30T10:59:57Z
2016,REG,WAS,17,00-0030096,T,Vinston Painter,Vinston,Painter,Calf,,Out,Calf,,Did Not Participate In Practice,2016-12-30T11:00:07Z
2016,REG,WAS,17,00-0032007,CB,Quinton Dunbar,Quinton,Dunbar,Concussion,,Out,Concussion,,Limited Participation in Practice,2016-12-30T11:00:02Z
2016,REG,WAS,17,00-0027954,LB,Ryan Kerrigan,Ryan,Kerrigan,Elbow,,Questionable,Elbow,,Full Participation in Practice,2016-12-30T10:59:42Z
2016,REG,WAS,17,00-0026512,DE,Chris Baker,Chris,Baker,Ankle,,Questionable,Ankle,,Limited Participation in Practice,2016-12-30T10:59:42Z
2016,REG,WAS,17,00-0029869,LB,Will Compton,Will,Compton,Knee,,Questionable,Knee,,Limited Participation in Practice,2016-12-30T10:59:42Z
2016,REG,WAS,17,00-0032371,RB,Rob Kelley,Rob,Kelley,Knee,,Questionable,Knee,,Limited Participation in Practice,2016-12-30T10:59:42Z
2016,REG,WAS,17,00-0031047,G,Spencer Long,Spencer,Long,Ankle,,Questionable,Ankle,,Limited Participation in Practice,2016-12-30T10:59:42Z
2016,REG,WAS,17,00-0031300,LB,Trent Murphy,Trent,Murphy,Foot,,Questionable,Foot,,Limited Participation in Practice,2016-12-30T10:59:42Z
2016,REG,WAS,17,00-0030472,TE,Jordan Reed,Jordan,Reed,Shoulder,,Questionable,Shoulder,,Limited Participation in Practice,2016-12-30T10:59:42Z
2016,REG,WAS,17,00-0031945,LB,Martrell Spaight,Martrell,Spaight,Shoulder,,Questionable,Shoulder,,Limited Participation in Practice,2016-12-30T10:59:42Z
2016,WC,DET,18,00-0027050,LB,DeAndre Levy,DeAndre,Levy,Knee,,Questionable,Knee,,Limited Participation in Practice,2017-01-06T10:39:22Z
2016,WC,DET,18,00-0029672,T,Riley Reiff,Riley,Reiff,Hip,,Questionable,Hip,,Limited Participation in Practice,2017-01-06T10:39:22Z
2016,WC,DET,18,00-0027691,WR,Andre Roberts,Andre,Roberts,Shoulder,,Questionable,Shoulder,,Limited Participation in Practice,2017-01-06T10:39:22Z
2016,WC,DET,18,00-0031284,C,Travis Swanson,Travis,Swanson,Concussion,,Questionable,Concussion,,Limited Participation in Practice,2017-01-06T10:39:22Z
2016,WC,GB,18,00-0027002,LB,Clay Matthews,Clay,Matthews,,,,Shoulder,,Full Participation in Practice,2017-01-06T12:05:13Z
2016,WC,GB,18,00-0021140,LB,Julius Peppers,Julius,Peppers,,,,Not Injury Related,,Full Participation in Practice,2017-01-06T12:05:23Z
2016,WC,GB,18,00-0031612,RB,Aaron Ripkowski,Aaron,Ripkowski,,,,Hamstring,,Full Participation in Practice,2017-01-06T12:05:13Z
2016,WC,GB,18,00-0032766,T,Jason Spriggs,Jason,Spriggs,,,,Shoulder,,Full Participation in Practice,2017-01-06T12:05:32Z
2016,WC,GB,18,00-0027078,G,T.J. Lang,T.J.,Lang,,,,Foot,,Limited Participation in Practice,2017-01-06T12:05:13Z
2016,WC,GB,18,00-0031937,CB,Quinten Rollins,Quinten,Rollins,Neck,Concussion,Out,Neck,Concussion,Did Not Participate In Practice,2017-01-06T12:06:26Z
2016,WC,GB,18,00-0027791,RB,James Starks,James,Starks,Concussion,,Out,Concussion,,Did Not Participate In Practice,2017-01-06T12:06:35Z
2016,WC,GB,18,00-0032251,CB,Damarious Randall,Damarious,Randall,Knee,,Questionable,Knee,,Full Participation in Practice,2017-01-06T12:05:47Z
2016,WC,GB,18,00-0030761,LB,Joe Thomas,Joe,Thomas,Back,,Questionable,Back,,Full Participation in Practice,2017-01-06T12:05:47Z
2016,WC,GB,18,00-0030076,C,J.C. Tretter,J.C.,Tretter,Knee,,Questionable,Knee,,Full Participation in Practice,2017-01-06T12:05:47Z
2016,WC,GB,18,00-0027875,T,Bryan Bulaga,Bryan,Bulaga,Abdomen,,Questionable,Abdomen,,Limited Participation in Practice,2017-01-06T12:05:47Z
2016,WC,GB,18,00-0028002,WR,Randall Cobb,Randall,Cobb,Ankle,,Questionable,Ankle,,Limited Participation in Practice,2017-01-06T12:05:47Z
2016,WC,GB,18,00-0030752,LB,Jayrone Elliott,Jayrone,Elliott,Hand,,Questionable,Hand,,Limited Participation in Practice,2017-01-06T12:05:47Z
2016,WC,GB,18,00-0029408,LB,Nick Perry,Nick,Perry,Hand,,Questionable,Hand,,Limited Participation in Practice,2017-01-06T12:05:47Z
2016,WC,HOU,18,00-0029524,G,Jeff Allen,Jeff,Allen,,,,Ankle,,Full Participation in Practice,2017-01-06T10:43:49Z
2016,WC,HOU,18,00-0030228,CB,A.J. Bouye,A.J.,Bouye,,,,Groin,,Full Participation in Practice,2017-01-06T10:43:49Z
2016,WC,HOU,18,00-0025900,T,Chris Clark,Chris,Clark,,,,Ankle,,Full Participation in Practice,2017-01-06T10:43:49Z
2016,WC,HOU,18,00-0031364,DE,Jadeveon Clowney,Jadeveon,Clowney,,,,Elbow,Wrist,Full Participation in Practice,2017-01-06T10:43:49Z
2016,WC,HOU,18,00-0026991,LB,Brian Cushing,Brian,Cushing,,,,Ankle,,Full Participation in Practice,2017-01-06T10:43:49Z
2016,WC,HOU,18,00-0026257,S,Quintin Demps,Quintin,Demps,,,,Hamstring,,Full Participation in Practice,2017-01-06T10:43:59Z
2016,WC,HOU,18,00-0030108,TE,Ryan Griffin,Ryan,Griffin,,,,Quadricep,,Full Participation in Practice,2017-01-06T10:43:49Z
2016,WC,HOU,18,00-0031087,S,Andre Hal,Andre,Hal,,,,Calf,,Full Participation in Practice,2017-01-06T10:43:49Z
2016,WC,HOU,18,00-0027872,CB,Kareem Jackson,Kareem,Jackson,,,,Neck,,Full Participation in Practice,2017-01-06T10:43:49Z
2016,WC,HOU,18,00-0030395,S,Don Jones,Don,Jones,,,,Elbow,,Full Participation in Practice,2017-01-06T10:43:49Z
2016,WC,HOU,18,00-0024239,CB,Johnathan Joseph,Johnathan,Joseph,,,,Ribs,Shoulder,Full Participation in Practice,2017-01-06T10:43:49Z
2016,WC,HOU,18,00-0029615,RB,Lamar Miller,Lamar,Miller,,,,Ankle,,Full Participation in Practice,2017-01-06T10:43:49Z
2016,WC,HOU,18,00-0023096,K,Nick Novak,Nick,Novak,,,,Shoulder,,Full Participation in Practice,2017-01-06T10:43:49Z
2016,WC,HOU,18,00-0031085,RB,Jay Prosch,Jay,Prosch,,,,Ankle,Knee,Full Participation in Practice,2017-01-06T10:44:07Z
2016,WC,HOU,18,00-0031064,QB,Tom Savage,Tom,Savage,Concussion,,Out,Concussion,,Did Not Participate In Practice,2017-01-06T10:44:30Z
2016,WC,HOU,18,00-0030442,LB,John Simon,John,Simon,Chest,,Out,Chest,,Did Not Participate In Practice,2017-01-06T10:44:34Z
2016,WC,MIA,18,00-0029701,QB,Ryan Tannehill,Ryan,Tannehill,Knee,,Out,Knee,,Limited Participation in Practice,2017-01-06T12:32:40Z
2016,WC,MIA,18,00-0028111,CB,Byron Maxwell,Byron,Maxwell,Ankle,,Doubtful,Ankle,,Did Not Participate In Practice,2017-01-06T12:32:30Z
2016,WC,MIA,18,00-0031594,CB,Tony Lippett,Tony,Lippett,Thigh,,Questionable,Thigh,,Full Participation in Practice,2017-01-06T12:32:19Z
2016,WC,MIA,18,00-0027053,C,Kraig Urbik,Kraig,Urbik,Knee,,Questionable,Knee,,Full Participation in Practice,2017-01-06T12:32:19Z
2016,WC,MIA,18,00-0030384,LB,Jelani Jenkins,Jelani,Jenkins,Knee,,Questionable,Knee,,Limited Participation in Practice,2017-01-06T12:32:19Z
2016,WC,MIA,18,00-0030289,S,Bacarri Rambo,Bacarri,Rambo,Chest,,Questionable,Chest,,Limited Participation in Practice,2017-01-06T12:32:19Z
2016,WC,NYG,18,00-0031622,G,Bobby Hart,Bobby,Hart,,,,Forearm,,Full Participation in Practice,2017-01-06T10:43:34Z
2016,WC,NYG,18,00-0032429,TE,Jerell Adams,Jerell,Adams,,,,Shoulder,,Limited Participation in Practice,2017-01-06T10:43:34Z
2016,WC,NYG,18,00-0031070,S,Nat Berhe,Nat,Berhe,,,,Concussion,,Limited Participation in Practice,2017-01-06T10:43:34Z
2016,WC,NYG,18,00-0029681,CB,Janoris Jenkins,Janoris,Jenkins,,,,Back,,Limited Participation in Practice,2017-01-06T10:43:34Z
2016,WC,NYG,18,00-0029529,CB,Coty Sensabaugh,Coty,Sensabaugh,,,,Ankle,,Limited Participation in Practice,2017-01-06T10:43:34Z
2016,WC,NYG,18,00-0031562,DE,Owamagbe Odighizuwa,Owamagbe,Odighizuwa,Hamstring,,Doubtful,Hamstring,,Did Not Participate In Practice,2017-01-06T10:44:17Z
2016,WC,NYG,18,00-0027867,DE,Jason Pierre-Paul,Jason,Pierre-Paul,Core Muscle,,Questionable,Core Muscle,,Did Not Participate In Practice,2017-01-06T10:43:47Z
2016,WC,OAK,18,00-0027297,T,Austin Howard,Austin,Howard,,,,Shoulder,,Full Participation in Practice,2017-01-06T13:11:47Z
2016,WC,OAK,18,00-0030515,DT,Stacy McGee,Stacy,McGee,,,,Groin,,Full Participation in Practice,2017-01-06T13:11:47Z
2016,WC,OAK,18,00-0027652,S,Nate Allen,Nate,Allen,Concussion,,Out,Concussion,,Did Not Participate In Practice,2017-01-06T13:11:58Z
2016,WC,OAK,18,00-0031280,QB,Derek Carr,Derek,Carr,Ankle,,Out,Ankle,,Did Not Participate In Practice,2017-01-06T13:12:14Z
2016,WC,OAK,18,00-0023894,T,Donald Penn,Donald,Penn,Knee,,Out,Knee,,Did Not Participate In Practice,2017-01-06T13:13:16Z
2016,WC,OAK,18,00-0031544,WR,Amari Cooper,Amari,Cooper,Shoulder,,Questionable,Shoulder,,Limited Participation in Practice,2017-01-06T13:12:19Z
2016,WC,OAK,18,00-0026986,WR,Michael Crabtree,Michael,Crabtree,Ankle,,Questionable,Ankle,,Limited Participation in Practice,2017-01-06T13:11:49Z
2016,WC,OAK,18,00-0028263,WR,Andre Holmes,Andre,Holmes,Shoulder,,Questionable,Shoulder,,Limited Participation in Practice,2017-01-06T13:11:49Z
2016,WC,OAK,18,00-0032888,S,Karl Joseph,Karl,Joseph,Toe,,Questionable,Toe,,Limited Participation in Practice,2017-01-06T13:11:49Z
2016,WC,OAK,18,00-0030419,QB,Matthew McGloin,Matthew,McGloin,left Shoulder,,Questionable,left Shoulder,,Limited Participation in Practice,2017-01-06T13:11:49Z
2016,WC,OAK,18,00-0029259,G,Kelechi Osemele,Kelechi,Osemele,Ankle,,Questionable,Ankle,,Limited Participation in Practice,2017-01-06T13:11:49Z
2016,WC,OAK,18,00-0028180,LB,Malcolm Smith,Malcolm,Smith,Hamstring,,Questionable,Hamstring,,Limited Participation in Practice,2017-01-06T13:11:49Z
2016,WC,PIT,18,00-0024242,RB,DeAngelo Williams,DeAngelo,Williams,,,,Not Injury Related,,Did Not Participate In Practice,2017-01-04T12:34:07Z
2016,WC,PIT,18,00-0032166,WR,Sammie Coates,Sammie,Coates,,,,Hamstring,,Full Participation in Practice,2017-01-06T11:06:23Z
2016,WC,PIT,18,00-0031438,CB,Justin Gilbert,Justin,Gilbert,,,,Shoulder,,Full Participation in Practice,2017-01-06T11:06:23Z
2016,WC,PIT,18,00-0031035,TE,Xavier Grimble,Xavier,Grimble,,,,Ribs,,Full Participation in Practice,2017-01-06T11:06:23Z
2016,WC,PIT,18,00-0032529,DE,Johnny Maxey,Johnny,Maxey,,,,Ankle,,Full Participation in Practice,2017-01-06T11:07:48Z
2016,WC,PIT,18,00-0031412,DE,Stephon Tuitt,Stephon,Tuitt,,,,Knee,,Full Participation in Practice,2017-01-06T11:06:23Z
2016,WC,PIT,18,00-0031956,LB,Anthony Chickillo,Anthony,Chickillo,Ankle,,Out,Ankle,,Did Not Participate In Practice,2017-01-06T11:09:12Z
2016,WC,PIT,18,00-0027829,DE,Ricardo Mathews,Ricardo,Mathews,Ankle,,Out,Ankle,,Did Not Participate In Practice,2017-01-06T11:09:19Z
2016,WC,PIT,18,00-0029275,TE,Ladarius Green,Ladarius,Green,Concussion,,Questionable,Concussion,,Did Not Participate In Practice,2017-01-06T11:08:46Z
2016,WC,PIT,18,00-0030434,LB,Vince Williams,Vince,Williams,Shoulder,,Questionable,Shoulder,,Full Participation in Practice,2017-01-06T11:08:46Z
2016,WC,PIT,18,00-0028954,S,Robert Golden,Robert,Golden,Ankle,,Questionable,Ankle,,Limited Participation in Practice,2017-01-06T11:08:46Z
2016,WC,SEA,18,00-0026618,DE,Michael Bennett,Michael,Bennett,,,,Not Injury Related,,Full Participation in Practice,2017-01-06T11:58:34Z
2016,WC,SEA,18,00-0027696,TE,Jimmy Graham,Jimmy,Graham,,,,Not Injury Related,,Full Participation in Practice,2017-01-06T11:58:34Z
2016,WC,SEA,18,00-0028092,CB,Richard Sherman,Richard,Sherman,,,,Not Injury Related,,Full Participation in Practice,2017-01-06T11:58:42Z
2016,WC,SEA,18,00-0024102,DT,Tony McDaniel,Tony,McDaniel,Concussion,,Out,Concussion,,Did Not Participate In Practice,2017-01-06T12:52:58Z
2016,WC,SEA,18,00-0032393,RB,C.J. Prosise,C.J.,Prosise,Shoulder,,Out,Shoulder,,Did Not Participate In Practice,2017-01-06T12:53:05Z
2016,DIV,ATL,19,00-0030528,CB,Robert Alford,Robert,Alford,,,,Knee,,Full Participation in Practice,2017-01-13T07:39:34Z
2016,DIV,ATL,19,00-0032240,LB,Vic Beasley,Vic,Beasley,,,,Shoulder,,Full Participation in Practice,2017-01-13T07:39:34Z
2016,DIV,ATL,19,00-0031228,WR,Taylor Gabriel,Taylor,Gabriel,,,,Knee,,Full Participation in Practice,2017-01-13T07:39:34Z
2016,DIV,ATL,19,00-0032392,TE,Austin Hooper,Austin,Hooper,,,,Knee,,Full Participation in Practice,2017-01-13T07:39:34Z
2016,DIV,ATL,19,00-0027944,WR,Julio Jones,Julio,Jones,,,,Toe,,Full Participation in Practice,2017-01-13T07:39:34Z
2016,DIV,DAL,19,00-0029676,CB,Morris Claiborne,Morris,Claiborne,Groin,,Questionable,Groin,,Full Participation in Practice,2017-01-13T12:09:04Z
2016,DIV,DAL,19,00-0029641,DT,Tyrone Crawford,Tyrone,Crawford,Shoulder,,Questionable,Shoulder,,Limited Participation in Practice,2017-01-13T12:09:04Z
2016,DIV,DAL,19,00-0025435,LB,Justin Durant,Justin,Durant,Elbow,,Questionable,Elbow,,Limited Participation in Practice,2017-01-13T12:09:04Z
2016,DIV,DAL,19,00-0031411,DE,Demarcus Lawrence,Demarcus,Lawrence,Back,,Questionable,Back,,Limited Participation in Practice,2017-01-13T12:09:04Z
2016,DIV,DAL,19,00-0028003,DT,Terrell McClain,Terrell,McClain,Ankle,,Questionable,Ankle,,Limited Participation in Practice,2017-01-13T12:09:04Z
2016,DIV,DAL,19,00-0027947,T,Tyron Smith,Tyron,Smith,Knee,,Questionable,Knee,,Limited Participation in Practice,2017-01-13T12:09:04Z
2016,DIV,DAL,19,00-0028424,DT,Cedric Thornton,Cedric,Thornton,Ankle,,Questionable,Ankle,,Limited Participation in Practice,2017-01-13T12:09:04Z
2016,DIV,GB,19,00-0028002,WR,Randall Cobb,Randall,Cobb,,,,Ankle,,Full Participation in Practice,2017-01-13T12:14:36Z
2016,DIV,GB,19,00-0032408,LB,Blake Martinez,Blake,Martinez,,,,Knee,,Full Participation in Practice,2017-01-13T12:14:36Z
2016,DIV,GB,19,00-0027002,LB,Clay Matthews,Clay,Matthews,,,,Shoulder,,Full Participation in Practice,2017-01-13T12:14:36Z
2016,DIV,GB,19,00-0021140,LB,Julius Peppers,Julius,Peppers,,,,Not Injury Related,,Full Participation in Practice,2017-01-13T12:14:36Z
2016,DIV,GB,19,00-0029408,LB,Nick Perry,Nick,Perry,,,,Hand,,Full Participation in Practice,2017-01-13T12:14:36Z
2016,DIV,GB,19,00-0027078,G,T.J. Lang,T.J.,Lang,,,,Foot,,Limited Participation in Practice,2017-01-13T12:14:36Z
2016,DIV,GB,19,00-0026176,WR,Jordy Nelson,Jordy,Nelson,Ribs,,Out,Ribs,,Did Not Participate In Practice,2017-01-13T12:15:21Z
2016,DIV,GB,19,00-0027791,RB,James Starks,James,Starks,Concussion,,Out,Concussion,,Did Not Participate In Practice,2017-01-13T12:15:45Z
2016,DIV,GB,19,00-0030076,C,J.C. Tretter,J.C.,Tretter,Knee,,Out,Knee,,Did Not Participate In Practice,2017-01-13T12:15:50Z
2016,DIV,GB,19,00-0030752,LB,Jayrone Elliott,Jayrone,Elliott,Hand,,Questionable,Hand,,Full Participation in Practice,2017-01-13T12:14:58Z
2016,DIV,GB,19,00-0031001,WR,Jeff Janis,Jeff,Janis,Quadricep,,Questionable,Quadricep,,Limited Participation in Practice,2017-01-13T12:14:58Z
2016,DIV,GB,19,00-0031937,CB,Quinten Rollins,Quinten,Rollins,Neck,Concussion,Questionable,Neck,Concussion,Limited Participation in Practice,2017-01-13T12:14:58Z
2016,DIV,HOU,19,00-0029524,G,Jeff Allen,Jeff,Allen,,,,Ankle,,Full Participation in Practice,2017-01-13T08:32:50Z
2016,DIV,HOU,19,00-0025900,T,Chris Clark,Chris,Clark,,,,Ankle,,Full Participation in Practice,2017-01-13T08:32:50Z
2016,DIV,HOU,19,00-0031364,DE,Jadeveon Clowney,Jadeveon,Clowney,,,,Elbow,Wrist,Full Participation in Practice,2017-01-13T08:32:50Z
2016,DIV,HOU,19,00-0026991,LB,Brian Cushing,Brian,Cushing,,,,Ankle,,Full Participation in Practice,2017-01-13T08:32:50Z
2016,DIV,HOU,19,00-0030108,TE,Ryan Griffin,Ryan,Griffin,,,,Quadricep,,Full Participation in Practice,2017-01-13T08:32:50Z
2016,DIV,HOU,19,00-0031087,S,Andre Hal,Andre,Hal,,,,Foot,,Full Participation in Practice,2017-01-13T08:32:50Z
2016,DIV,HOU,19,00-0024239,CB,Johnathan Joseph,Johnathan,Joseph,,,,Calf,,Full Participation in Practice,2017-01-13T08:32:50Z
2016,DIV,HOU,19,00-0029643,LB,Whitney Mercilus,Whitney,Mercilus,,,,Knee,,Full Participation in Practice,2017-01-13T08:32:50Z
2016,DIV,HOU,19,00-0031491,LB,Brian Peters,Brian,Peters,,,,Foot,,Full Participation in Practice,2017-01-13T08:32:50Z
2016,DIV,HOU,19,00-0031064,QB,Tom Savage,Tom,Savage,,,,Concussion,,Full Participation in Practice,2017-01-13T08:32:50Z
2016,DIV,HOU,19,00-0030228,CB,A.J. Bouye,A.J.,Bouye,,,,Groin,,Limited Participation in Practice,2017-01-13T08:32:50Z
2016,DIV,HOU,19,00-0030564,WR,DeAndre Hopkins,DeAndre,Hopkins,,,,Knee,,Limited Participation in Practice,2017-01-13T08:32:50Z
2016,DIV,HOU,19,00-0026257,S,Quintin Demps,Quintin,Demps,Hamstring,,Questionable,Hamstring,,Limited Participation in Practice,2017-01-13T08:32:55Z
2016,DIV,HOU,19,00-0030442,LB,John Simon,John,Simon,Chest,,Questionable,Chest,,Limited Participation in Practice,2017-01-13T08:32:55Z
2016,DIV,KC,19,00-0024235,LB,Tamba Hali,Tamba,Hali,,,,Knee,,Did Not Participate In Practice,2017-01-13T12:36:34Z
2016,DIV,KC,19,00-0027858,S,Eric Berry,Eric,Berry,,,,Achilles,,Full Participation in Practice,2017-01-13T12:36:14Z
2016,DIV,KC,19,00-0030414,RB,Spencer Ware,Spencer,Ware,,,,Rib,,Full Participation in Practice,2017-01-13T12:36:14Z
2016,DIV,KC,19,00-0028008,LB,Justin Houston,Justin,Houston,,,,Knee,,Limited Participation in Practice,2017-01-13T12:36:39Z
2016,DIV,NE,19,00-0027325,RB,LeGarrette Blount,LeGarrette,Blount,,,,Illness,,Did Not Participate In Practice,2017-01-12T13:21:31Z
2016,DIV,NE,19,00-0026035,WR,Danny Amendola,Danny,Amendola,,,,Ankle,,Full Participation in Practice,2017-01-13T12:18:27Z
2016,DIV,NE,19,00-0032400,WR,Malcolm Mitchell,Malcolm,Mitchell,Knee,,Questionable,Knee,,Limited Participation in Practice,2017-01-13T12:18:35Z
2016,DIV,PIT,19,00-0030496,RB,Le'Veon Bell,Le'Veon,Bell,,,,Not Injury Related,,Did Not Participate In Practice,2017-01-11T12:34:50Z
2016,DIV,PIT,19,00-0033053,S,Sean Davis,Sean,Davis,,,,Shoulder,,Full Participation in Practice,2017-01-13T10:25:07Z
2016,DIV,PIT,19,00-0032146,LB,Bud Dupree,Bud,Dupree,,,,Shin,,Full Participation in Practice,2017-01-13T10:25:26Z
2016,DIV,PIT,19,00-0028954,S,Robert Golden,Robert,Golden,,,,Ankle,,Full Participation in Practice,2017-01-13T10:25:07Z
2016,DIV,PIT,19,00-0022924,QB,Ben Roethlisberger,Ben,Roethlisberger,,,,Foot,,Full Participation in Practice,2017-01-13T10:25:07Z
2016,DIV,PIT,19,00-0031412,DE,Stephon Tuitt,Stephon,Tuitt,,,,Ankle,,Full Participation in Practice,2017-01-13T10:25:07Z
2016,DIV,PIT,19,00-0030434,LB,Vince Williams,Vince,Williams,,,,Shoulder,,Full Participation in Practice,2017-01-13T10:25:07Z
2016,DIV,PIT,19,00-0031956,LB,Anthony Chickillo,Anthony,Chickillo,Ankle,,Out,Ankle,,Did Not Participate In Practice,2017-01-13T10:26:22Z
2016,DIV,PIT,19,00-0029275,TE,Ladarius Green,Ladarius,Green,Concussion,,Doubtful,Concussion,,Did Not Participate In Practice,2017-01-13T10:26:34Z
2016,DIV,PIT,19,00-0027829,DE,Ricardo Mathews,Ricardo,Mathews,Ankle,,Questionable,Ankle,,Limited Participation in Practice,2017-01-13T10:26:15Z
2016,DIV,PIT,19,00-0031332,RB,Fitzgerald Toussaint,Fitzgerald,Toussaint,Concussion,,Questionable,Concussion,,Limited Participation in Practice,2017-01-13T10:26:48Z
2016,DIV,SEA,19,00-0027696,TE,Jimmy Graham,Jimmy,Graham,,,,Not Injury Related,,Full Participation in Practice,2017-01-13T09:03:05Z
2016,DIV,SEA,19,00-0028441,S,Jeron Johnson,Jeron,Johnson,,,,Knee,,Full Participation in Practice,2017-01-13T09:03:05Z
2016,DIV,SEA,19,00-0024102,DT,Tony McDaniel,Tony,McDaniel,,,,Concussion,,Full Participation in Practice,2017-01-13T09:03:05Z
2016,DIV,SEA,19,00-0031897,RB,Thomas Rawls,Thomas,Rawls,,,,Not Injury Related,,Full Participation in Practice,2017-01-13T09:03:05Z
2016,DIV,SEA,19,00-0031257,WR,Paul Richardson,Paul,Richardson,,,,Foot,,Full Participation in Practice,2017-01-13T09:03:05Z
2016,DIV,SEA,19,00-0028092,CB,Richard Sherman,Richard,Sherman,,,,Not Injury Related,,Full Participation in Practice,2017-01-13T09:03:19Z
2016,DIV,SEA,19,00-0032393,RB,C.J. Prosise,C.J.,Prosise,Shoulder,,Questionable,Shoulder,,Full Participation in Practice,2017-01-13T09:07:42Z
2016,CON,ATL,20,00-0023494,DT,Jonathan Babineaux,Jonathan,Babineaux,,,,Shoulder,,Full Participation in Practice,2017-01-20T12:07:54Z
2016,CON,ATL,20,00-0031228,WR,Taylor Gabriel,Taylor,Gabriel,,,,Foot,,Full Participation in Practice,2017-01-20T12:08:25Z
2016,CON,ATL,20,00-0032382,S,Keanu Neal,Keanu,Neal,,,,Foot,,Full Participation in Practice,2017-01-20T12:06:47Z
2016,CON,ATL,20,00-0027944,WR,Julio Jones,Julio,Jones,,,,Toe,,Limited Participation in Practice,2017-01-20T12:08:51Z
2016,CON,GB,20,00-0025580,K,Mason Crosby,Mason,Crosby,,,,Illness,,Full Participation in Practice,2017-01-20T12:57:20Z
2016,CON,GB,20,00-0030752,LB,Jayrone Elliott,Jayrone,Elliott,,,,Hand,,Full Participation in Practice,2017-01-20T12:57:20Z
2016,CON,GB,20,00-0031001,WR,Jeff Janis,Jeff,Janis,,,,Quadricep,,Full Participation in Practice,2017-01-20T12:57:20Z
2016,CON,GB,20,00-0027002,LB,Clay Matthews,Clay,Matthews,,,,Shoulder,,Full Participation in Practice,2017-01-20T12:57:20Z
2016,CON,GB,20,00-0021140,LB,Julius Peppers,Julius,Peppers,,,,Not Injury Related,,Full Participation in Practice,2017-01-20T12:57:20Z
2016,CON,GB,20,00-0029408,LB,Nick Perry,Nick,Perry,,,,Hand,,Full Participation in Practice,2017-01-20T12:57:20Z
2016,CON,GB,20,00-0027078,G,T.J. Lang,T.J.,Lang,,,,Foot,,Limited Participation in Practice,2017-01-20T12:57:20Z
2016,CON,GB,20,00-0027791,RB,James Starks,James,Starks,Concussion,,Out,Concussion,,Did Not Participate In Practice,2017-01-20T12:58:41Z
2016,CON,GB,20,00-0030076,C,J.C. Tretter,J.C.,Tretter,Knee,,Out,Knee,,Did Not Participate In Practice,2017-01-20T12:58:46Z
2016,CON,GB,20,00-0031381,WR,Davante Adams,Davante,Adams,Ankle,,Questionable,Ankle,,Did Not Participate In Practice,2017-01-20T12:58:03Z
2016,CON,GB,20,00-0032626,WR,Geronimo Allison,Geronimo,Allison,Hamstring,,Questionable,Hamstring,,Did Not Participate In Practice,2017-01-20T12:58:03Z
2016,CON,GB,20,00-0026176,WR,Jordy Nelson,Jordy,Nelson,Ribs,Illness,Questionable,Ribs,Illness,Did Not Participate In Practice,2017-01-20T12:58:03Z
2016,CON,GB,20,00-0027676,S,Morgan Burnett,Morgan,Burnett,Quadricep,,Questionable,Quadricep,,Limited Participation in Practice,2017-01-20T12:58:03Z
2016,CON,GB,20,00-0031937,CB,Quinten Rollins,Quinten,Rollins,Neck,Concussion,Questionable,Neck,Concussion,Limited Participation in Practice,2017-01-20T12:58:03Z
2016,CON,NE,20,00-0026035,WR,Danny Amendola,Danny,Amendola,Ankle,,Questionable,Ankle,,Limited Participation in Practice,2017-01-20T12:55:54Z
2016,CON,NE,20,00-0026201,TE,Martellus Bennett,Martellus,Bennett,Knee,,Questionable,Knee,,Limited Participation in Practice,2017-01-20T12:55:54Z
2016,CON,NE,20,00-0029239,RB,Brandon Bolden,Brandon,Bolden,Knee,,Questionable,Knee,,Limited Participation in Practice,2017-01-20T12:55:54Z
2016,CON,NE,20,00-0029669,LB,Dont'a Hightower,Dont'a,Hightower,Knee,,Questionable,Knee,,Limited Participation in Practice,2017-01-20T12:55:54Z
2016,CON,NE,20,00-0028237,WR,Chris Hogan,Chris,Hogan,Thigh,,Questionable,Thigh,,Limited Participation in Practice,2017-01-20T12:55:54Z
2016,CON,NE,20,00-0032400,WR,Malcolm Mitchell,Malcolm,Mitchell,Knee,,Questionable,Knee,,Limited Participation in Practice,2017-01-20T12:55:54Z
2016,CON,NE,20,00-0027975,DE,Jabaal Sheard,Jabaal,Sheard,Knee,,Questionable,Knee,,Limited Participation in Practice,2017-01-20T12:55:54Z
2016,CON,PIT,20,00-0022924,QB,Ben Roethlisberger,Ben,Roethlisberger,,,,Not Injury Related,,Did Not Participate In Practice,2017-01-18T12:46:21Z
2016,CON,PIT,20,00-0030496,RB,Le'Veon Bell,Le'Veon,Bell,,,,Not Injury Related,,Full Participation in Practice,2017-01-20T11:36:53Z
2016,CON,PIT,20,00-0031136,K,Chris Boswell,Chris,Boswell,,,,Illness,,Full Participation in Practice,2017-01-20T11:36:45Z
2016,CON,PIT,20,00-0031956,LB,Anthony Chickillo,Anthony,Chickillo,,,,Ankle,,Full Participation in Practice,2017-01-20T11:36:45Z
2016,CON,PIT,20,00-0033053,S,Sean Davis,Sean,Davis,,,,Shoulder,,Full Participation in Practice,2017-01-20T11:36:45Z
2016,CON,PIT,20,00-0031779,C,B.J. Finney,B.J.,Finney,,,,Illness,,Full Participation in Practice,2017-01-20T11:36:45Z
2016,CON,PIT,20,00-0026983,WR,Darrius Heyward-Bey,Darrius,Heyward-Bey,,,,Illness,,Full Participation in Practice,2017-01-20T11:36:45Z
2016,CON,PIT,20,00-0027829,DE,Ricardo Mathews,Ricardo,Mathews,,,,Ankle,,Full Participation in Practice,2017-01-20T11:36:45Z
2016,CON,PIT,20,00-0031266,QB,Zach Mettenberger,Zach,Mettenberger,,,,Illness,,Full Participation in Practice,2017-01-20T11:36:45Z
2016,CON,PIT,20,00-0030434,LB,Vince Williams,Vince,Williams,,,,Shoulder,,Full Participation in Practice,2017-01-20T11:37:03Z
2016,CON,PIT,20,00-0027023,S,Michael Mitchell,Michael,Mitchell,,,,Not Injury Related,,Limited Participation in Practice,2017-01-18T12:46:33Z
2016,CON,PIT,20,00-0020712,LB,James Harrison,James,Harrison,Shoulder,Triceps,Questionable,Shoulder,Triceps,Full Participation in Practice,2017-01-20T11:40:56Z
2016,CON,PIT,20,00-0031332,RB,Fitzgerald Toussaint,Fitzgerald,Toussaint,Concussion,,Questionable,Concussion,,Full Participation in Practice,2017-01-20T11:40:56Z
2016,CON,PIT,20,00-0029275,TE,Ladarius Green,Ladarius,Green,Concussion,Illness,Questionable,Concussion,Illness,Limited Participation in Practice,2017-01-20T11:40:56Z
2016,SB,ATL,21,00-0021146,DE,Dwight Freeney,Dwight,Freeney,,,,Calf,,Limited Participation in Practice,2017-02-03T13:28:07Z
2016,SB,ATL,21,00-0027944,WR,Julio Jones,Julio,Jones,,,,Toe,,Limited Participation in Practice,2017-02-03T13:28:03Z
2016,SB,ATL,21,00-0026997,C,Alex Mack,Alex,Mack,,,,Fibula,,Limited Participation in Practice,2017-02-03T13:28:03Z
2016,SB,NE,21,00-0026201,TE,Martellus Bennett,Martellus,Bennett,Knee,,Questionable,Knee,,Limited Participation in Practice,2017-02-03T13:04:04Z
2016,SB,NE,21,00-0025420,DT,Alan Branch,Alan,Branch,Toe,,Questionable,Toe,,Limited Participation in Practice,2017-02-03T13:04:04Z
2016,SB,NE,21,00-0029570,S,Nate Ebner,Nate,Ebner,Concussion,,Questionable,Concussion,,Limited Participation in Practice,2017-02-03T13:04:04Z
2016,SB,NE,21,00-0029669,LB,Dont'a Hightower,Dont'a,Hightower,Shoulder,,Questionable,Shoulder,,Limited Participation in Practice,2017-02-03T13:04:04Z
2016,SB,NE,21,00-0028237,WR,Chris Hogan,Chris,Hogan,Thigh,,Questionable,Thigh,,Limited Participation in Practice,2017-02-03T13:04:04Z
2016,SB,NE,21,00-0032400,WR,Malcolm Mitchell,Malcolm,Mitchell,Knee,,Questionable,Knee,,Limited Participation in Practice,2017-02-03T13:04:04Z
2016,SB,NE,21,00-0032396,DT,Vincent Valentine,Vincent,Valentine,Back,,Questionable,Back,,Limited Participation in Practice,2017-02-03T13:04:04Z
