season,game_type,team,week,gsis_id,position,full_name,first_name,last_name,report_primary_injury,report_secondary_injury,report_status,practice_primary_injury,practice_secondary_injury,practice_status,date_modified
2019,REG,ARI,1,00-0022161,LB,Terrell Suggs,Terrell,Suggs,,,,Not Injury Related,,Did Not Participate In Practice,2019-09-06T13:36:21Z
2019,REG,ARI,1,00-0035536,G,Lamont Gaillard,Lamont,Gaillard,Knee,,Out,Knee,,Did Not Participate In Practice,2019-09-06T13:36:43Z
2019,REG,ARI,1,00-0028001,T,Marcus Gilbert,Marcus,Gilbert,Knee,,Out,Knee,,Did Not Participate In Practice,2019-09-06T13:36:51Z
2019,REG,ARI,1,00-0033875,LB,Haason Reddick,Haason,Reddick,Knee,,Questionable,Knee,,Limited Participation in Practice,2019-09-06T13:36:32Z
2019,REG,ARI,1,00-0034490,LB,Ezekiel Turner,Ezekiel,Turner,Hand,,Questionable,Hand,,Limited Participation in Practice,2019-09-06T13:36:32Z
2019,REG,ATL,1,00-0027944,WR,Julio Jones,Julio,Jones,,,,Not Injury Related,,Limited Participation in Practice,2019-09-05T13:28:12Z
2019,REG,ATL,1,00-0034140,T,Matt Gono,Matt,Gono,Back,,Out,Back,,Did Not Participate In Practice,2019-09-06T10:50:29Z
2019,REG,BAL,1,00-0035662,WR,Marquise Brown,Marquise,Brown,Foot,,Questionable,Foot,,Did Not Participate In Practice,2019-09-06T11:17:05Z
2019,REG,BAL,1,00-0026280,CB,Brandon Carr,Brandon,Carr,Hip,,Questionable,Hip,,Full Participation in Practice,2019-09-06T11:17:05Z
2019,REG,BAL,1,00-0032390,CB,Cyrus Jones,Cyrus,Jones,Finger,,Questionable,Finger,,Full Participation in Practice,2019-09-06T11:17:05Z
2019,REG,BAL,1,00-0033376,RB,Patrick Ricard,Patrick,Ricard,Foot,,Questionable,Foot,,Full Participation in Practice,2019-09-06T11:17:05Z
2019,REG,BUF,1,00-0027691,WR,Andre Roberts,Andre,Roberts,Quadricep,,Out,Quadricep,,Did Not Participate In Practice,2019-09-06T12:20:37Z
2019,REG,BUF,1,00-0032214,TE,Tyler Kroft,Tyler,Kroft,Foot,,Doubtful,Foot,,Limited Participation in Practice,2019-09-06T12:20:42Z
2019,REG,CAR,1,00-0031362,G,Trai Turner,Trai,Turner,,,,Groin,,Full Participation in Practice,2019-09-06T11:14:10Z
2019,REG,CAR,1,00-0029193,DE,Bruce Irvin,Bruce,Irvin,Hamstring,,Out,Hamstring,,Did Not Participate In Practice,2019-09-06T11:14:21Z
2019,REG,CAR,1,00-0035694,T,Greg Little,Greg,Little,Concussion,,Out,Concussion,,Did Not Participate In Practice,2019-09-06T11:14:25Z
2019,REG,CHI,1,00-0030710,TE,Trey Burton,Trey,Burton,Groin,,Questionable,Groin,,Limited Participation in Practice,2019-09-04T09:56:48Z
2019,REG,CHI,1,00-0033631,T,Rashaad Coward,Rashaad,Coward,Elbow,,Questionable,Elbow,,Limited Participation in Practice,2019-09-04T09:56:48Z
2019,REG,CHI,1,00-0034387,DT,Bilal Nichols,Bilal,Nichols,Knee,,Questionable,Knee,,Limited Participation in Practice,2019-09-04T09:56:48Z
2019,REG,CIN,1,00-0034394,DT,Andrew Brown,Andrew,Brown,,,,Quadricep,,Full Participation in Practice,2019-09-06T12:05:39Z
2019,REG,CIN,1,00-0032807,S,Clayton Fejedelem,Clayton,Fejedelem,,,,Ankle,,Full Participation in Practice,2019-09-06T12:05:39Z
2019,REG,CIN,1,00-0029560,CB,Dre Kirkpatrick,Dre,Kirkpatrick,,,,Achilles,,Full Participation in Practice,2019-09-06T12:05:39Z
2019,REG,CIN,1,00-0033460,WR,John Ross,John,Ross,,,,Hamstring,,Full Participation in Practice,2019-09-06T12:05:39Z
2019,REG,CIN,1,00-0029561,T,Cordy Glenn,Cordy,Glenn,Concussion,,Out,Concussion,,Did Not Participate In Practice,2019-09-06T12:07:04Z
2019,REG,CIN,1,00-0027942,WR,A.J. Green,A.J.,Green,Ankle,,Out,Ankle,,Did Not Participate In Practice,2019-09-06T12:07:12Z
2019,REG,CIN,1,00-0035291,RB,Trayveon Williams,Trayveon,Williams,Foot,,Out,Foot,,Did Not Participate In Practice,2019-09-06T12:07:19Z
2019,REG,CIN,1,00-0034686,WR,Auden Tate,Auden,Tate,Knee,,Doubtful,Knee,,Limited Participation in Practice,2019-09-06T12:07:28Z
2019,REG,CLE,1,00-0031235,WR,Odell Beckham,Odell,Beckham,,,,Hip,,Full Participation in Practice,2019-09-06T11:46:29Z
2019,REG,CLE,1,00-0033501,DT,Devaroe Lawrence,Devaroe,Lawrence,,,,Shoulder,,Full Participation in Practice,2019-09-06T11:46:29Z
2019,REG,CLE,1,00-0035646,LB,Sione Takitaki,Sione,Takitaki,Hamstring,,Questionable,Hamstring,,Limited Participation in Practice,2019-09-06T11:46:57Z
2019,REG,DAL,1,00-0027663,LB,Sean Lee,Sean,Lee,,,,Knee,Not Injury Related,Did Not Participate In Practice,2019-09-06T12:00:03Z
2019,REG,DAL,1,00-0031544,WR,Amari Cooper,Amari,Cooper,,,,Foot,,Full Participation in Practice,2019-09-06T11:59:51Z
2019,REG,DAL,1,00-0029641,DE,Tyrone Crawford,Tyrone,Crawford,,,,Hip,,Full Participation in Practice,2019-09-06T11:59:51Z
2019,REG,DAL,1,00-0033658,TE,Blake Jarwin,Blake,Jarwin,,,,Foot,,Full Participation in Practice,2019-09-06T11:59:51Z
2019,REG,DAL,1,00-0032239,CB,Byron Jones,Byron,Jones,,,,Hip,,Full Participation in Practice,2019-09-06T11:59:51Z
2019,REG,DAL,1,00-0031411,DE,Demarcus Lawrence,Demarcus,Lawrence,,,,Shoulder,,Full Participation in Practice,2019-09-06T11:59:51Z
2019,REG,DAL,1,00-0034383,TE,Dalton Schultz,Dalton,Schultz,,,,Ankle,,Full Participation in Practice,2019-09-06T11:59:51Z
2019,REG,DAL,1,00-0027947,T,Tyron Smith,Tyron,Smith,,,,Back,,Full Participation in Practice,2019-09-06T11:59:51Z
2019,REG,DAL,1,00-0031402,G,Zack Martin,Zack,Martin,,,,Back,,Limited Participation in Practice,2019-09-06T11:59:51Z
2019,REG,DAL,1,00-0035413,LB,Luke Gifford,Luke,Gifford,Ankle,,Out,Ankle,,Did Not Participate In Practice,2019-09-06T12:00:29Z
2019,REG,DAL,1,00-0033083,S,Darian Thompson,Darian,Thompson,Ankle,,Out,Ankle,,Did Not Participate In Practice,2019-09-06T12:01:59Z
2019,REG,DAL,1,00-0035301,S,Donovan Wilson,Donovan,Wilson,Ankle,,Out,Ankle,,Did Not Participate In Practice,2019-09-06T12:02:12Z
2019,REG,DEN,1,00-0034111,S,Trey Marshall,Trey,Marshall,,,,Neck,,Full Participation in Practice,2019-09-07T12:24:12Z
2019,REG,DEN,1,00-0034393,TE,Troy Fumagalli,Troy,Fumagalli,,,,Illness,,Limited Participation in Practice,2019-09-07T12:24:22Z
2019,REG,DEN,1,00-0032956,RB,Andy Janovich,Andy,Janovich,Pectoral,,Out,Pectoral,,Did Not Participate In Practice,2019-09-07T12:24:36Z
2019,REG,DEN,1,00-0033659,LB,Joseph Jones,Joseph,Jones,Tricep,,Out,Tricep,,Did Not Participate In Practice,2019-09-07T12:24:45Z
2019,REG,DEN,1,00-0031427,LB,Todd Davis,Todd,Davis,Calf,,Doubtful,Calf,,Did Not Participate In Practice,2019-09-07T12:24:29Z
2019,REG,DEN,1,00-0031904,CB,Bryce Callahan,Bryce,Callahan,Foot,,Questionable,Foot,,Limited Participation in Practice,2019-09-07T12:24:23Z
2019,REG,DET,1,00-0031566,DE,Trey Flowers,Trey,Flowers,,,,Shoulder,,Full Participation in Practice,2019-09-06T13:00:10Z
2019,REG,DET,1,00-0034371,DE,Da'Shawn Hand,Da'Shawn,Hand,Elbow,,Out,Elbow,,Limited Participation in Practice,2019-09-07T10:55:25Z
2019,REG,DET,1,00-0033539,LB,Jarrad Davis,Jarrad,Davis,Ankle,,Questionable,Ankle,,Limited Participation in Practice,2019-09-06T13:03:50Z
2019,REG,DET,1,00-0029901,CB,Rashaan Melvin,Rashaan,Melvin,Knee,,Questionable,Knee,,Limited Participation in Practice,2019-09-06T13:04:52Z
2019,REG,DET,1,00-0034345,C,Frank Ragnow,Frank,Ragnow,Ankle,,Questionable,Ankle,,Limited Participation in Practice,2019-09-06T13:06:41Z
2019,REG,GB,1,00-0035671,TE,Jace Sternberger,Jace,Sternberger,,,,Ankle,,Did Not Participate In Practice,2019-09-03T12:54:29Z
2019,REG,GB,1,00-0033929,DT,Montravius Adams,Montravius,Adams,,,,Groin,,Full Participation in Practice,2019-09-04T10:01:16Z
2019,REG,GB,1,00-0033438,DE,Fadol Brown,Fadol,Brown,,,,Calf,,Full Participation in Practice,2019-09-04T10:01:16Z
2019,REG,GB,1,00-0027875,T,Bryan Bulaga,Bryan,Bulaga,,,,Not Injury Related,,Full Participation in Practice,2019-09-04T10:01:16Z
2019,REG,GB,1,00-0033120,DT,Kenny Clark,Kenny,Clark,,,,Ankle,,Full Participation in Practice,2019-09-04T10:01:16Z
2019,REG,GB,1,00-0027696,TE,Jimmy Graham,Jimmy,Graham,,,,Finger,,Full Participation in Practice,2019-09-04T10:01:16Z
2019,REG,GB,1,00-0034751,CB,Josh Jackson,Josh,Jackson,,,,Achilles,,Full Participation in Practice,2019-09-04T10:01:16Z
2019,REG,GB,1,00-0033293,RB,Aaron Jones,Aaron,Jones,,,,Hamstring,,Full Participation in Practice,2019-09-04T10:01:16Z
2019,REG,GB,1,00-0034185,DT,Tyler Lancaster,Tyler,Lancaster,,,,Ankle,,Full Participation in Practice,2019-09-04T10:01:16Z
2019,REG,GB,1,00-0034186,T,Alex Light,Alex,Light,,,,Wrist,,Full Participation in Practice,2019-09-04T10:01:16Z
2019,REG,GB,1,00-0034269,G,Cole Madison,Cole,Madison,,,,Ankle,,Full Participation in Practice,2019-09-04T10:01:16Z
2019,REG,GB,1,00-0032408,LB,Blake Martinez,Blake,Martinez,,,,Back,,Full Participation in Practice,2019-09-04T10:01:16Z
2019,REG,GB,1,00-0033124,S,Will Redmond,Will,Redmond,,,,Ankle,,Full Participation in Practice,2019-09-04T10:01:16Z
2019,REG,GB,1,00-0032794,RB,Dan Vitale,Dan,Vitale,,,,Calf,,Full Participation in Practice,2019-09-04T10:01:16Z
2019,REG,GB,1,00-0033948,RB,Jamaal Williams,Jamaal,Williams,,,,Hamstring,,Full Participation in Practice,2019-09-04T10:01:16Z
2019,REG,GB,1,00-0033524,CB,Kevin King,Kevin,King,,,,Hamstring,,Limited Participation in Practice,2019-09-04T10:01:16Z
2019,REG,GB,1,00-0024061,CB,Tramon Williams,Tramon,Williams,,,,Knee,,Limited Participation in Practice,2019-09-04T10:01:16Z
2019,REG,GB,1,00-0034754,LB,Oren Burks,Oren,Burks,Chest,,Out,Chest,,Did Not Participate In Practice,2019-09-04T10:01:55Z
2019,REG,GB,1,00-0035181,WR,Darrius Shepherd,Darrius,Shepherd,Hamstring,,Out,Hamstring,,Did Not Participate In Practice,2019-09-04T10:02:30Z
2019,REG,GB,1,00-0034990,CB,Ka'dar Hollman,Ka'dar,Hollman,Neck,,Questionable,Neck,,Limited Participation in Practice,2019-09-04T10:01:34Z
2019,REG,HOU,1,00-0030997,G,Zach Fulton,Zach,Fulton,,,,Toe,,Full Participation in Practice,2019-09-07T11:51:32Z
2019,REG,HOU,1,00-0034361,S,Justin Reid,Justin,Reid,,,,Shoulder,,Full Participation in Practice,2019-09-07T11:51:32Z
2019,REG,HOU,1,00-0033563,DE,Carlos Watkins,Carlos,Watkins,,,,Non-Football Injury,,Full Participation in Practice,2019-09-07T11:51:32Z
2019,REG,HOU,1,00-0035234,T,Tytus Howard,Tytus,Howard,Finger,,Questionable,Finger,,Full Participation in Practice,2019-09-07T11:52:08Z
2019,REG,HOU,1,00-0034366,WR,Keke Coutee,Keke,Coutee,Ankle,,Questionable,Ankle,,Limited Participation in Practice,2019-09-07T11:51:52Z
2019,REG,HOU,1,00-0031923,C,Greg Mancz,Greg,Mancz,Ankle,,Questionable,Ankle,,Limited Participation in Practice,2019-09-07T11:52:26Z
2019,REG,IND,1,00-0027960,T,Anthony Castonzo,Anthony,Castonzo,,,,Not Injury Related,,Did Not Participate In Practice,2019-09-06T12:21:18Z
2019,REG,IND,1,00-0029608,WR,T.Y. Hilton,T.Y.,Hilton,,,,Not Injury Related,,Did Not Participate In Practice,2019-09-06T12:21:29Z
2019,REG,IND,1,00-0028008,DE,Justin Houston,Justin,Houston,,,,Not Injury Related,,Did Not Participate In Practice,2019-09-06T12:21:45Z
2019,REG,IND,1,00-0032055,WR,Devin Funchess,Devin,Funchess,,,,Back,,Full Participation in Practice,2019-09-06T12:20:12Z
2019,REG,IND,1,00-0031571,S,Clayton Geathers,Clayton,Geathers,,,,Not Injury Related,,Full Participation in Practice,2019-09-06T12:20:23Z
2019,REG,IND,1,00-0033393,CB,Kenny Moore,Kenny,Moore,,,,Thumb,,Full Participation in Practice,2019-09-06T12:20:30Z
2019,REG,IND,1,00-0027975,DE,Jabaal Sheard,Jabaal,Sheard,Knee,,Out,Knee,,Did Not Participate In Practice,2019-09-06T12:23:47Z
2019,REG,IND,1,00-0032975,RB,Jonathan Williams,Jonathan,Williams,Rib,,Out,Rib,,Did Not Participate In Practice,2019-09-06T12:23:57Z
2019,REG,IND,1,00-0034354,DE,Kemoko Turay,Kemoko,Turay,Neck,,Questionable,Neck,,Did Not Participate In Practice,2019-09-06T12:23:10Z
2019,REG,IND,1,00-0034400,RB,Jordan Wilkins,Jordan,Wilkins,Ankle,,Questionable,Ankle,,Full Participation in Practice,2019-09-06T12:23:10Z
2019,REG,JAX,1,00-0031950,LB,D.J. Alexander,D.J.,Alexander,,,,Hamstring,,Full Participation in Practice,2019-09-06T10:51:07Z
2019,REG,JAX,1,00-0029567,QB,Nick Foles,Nick,Foles,,,,Abdomen,,Full Participation in Practice,2019-09-06T10:51:07Z
2019,REG,JAX,1,00-0031431,WR,Marqise Lee,Marqise,Lee,,,,Knee,,Full Participation in Practice,2019-09-06T10:51:07Z
2019,REG,JAX,1,00-0029799,DE,Lerentee McCray,Lerentee,McCray,,,,Ankle,,Full Participation in Practice,2019-09-06T10:51:07Z
2019,REG,JAX,1,00-0035680,LB,Quincy Williams,Quincy,Williams,,,,Knee,,Full Participation in Practice,2019-09-06T10:51:07Z
2019,REG,JAX,1,00-0032233,T,Cedric Ogbuehi,Cedric,Ogbuehi,Hamstring,,Out,Hamstring,,Did Not Participate In Practice,2019-09-06T10:52:42Z
2019,REG,JAX,1,00-0035249,TE,Josh Oliver,Josh,Oliver,Hamstring,,Out,Hamstring,,Did Not Participate In Practice,2019-09-06T10:52:50Z
2019,REG,JAX,1,00-0033889,T,Cam Robinson,Cam,Robinson,Knees,,Doubtful,Knees,,Did Not Participate In Practice,2019-09-06T10:52:34Z
2019,REG,JAX,1,00-0027941,DT,Marcell Dareus,Marcell,Dareus,Elbow,,Questionable,Elbow,,Limited Participation in Practice,2019-09-06T10:51:47Z
2019,REG,KC,1,00-0030459,S,Tyrann Mathieu,Tyrann,Mathieu,,,,Shoulder,,Full Participation in Practice,2019-09-06T12:41:57Z
2019,REG,KC,1,00-0034680,S,Armani Watts,Armani,Watts,,,,Shoulder,,Full Participation in Practice,2019-09-06T12:41:57Z
2019,REG,KC,1,00-0034301,RB,Darrel Williams,Darrel,Williams,,,,Shoulder,,Full Participation in Practice,2019-09-06T12:41:57Z
2019,REG,KC,1,00-0034319,TE,Deon Yelder,Deon,Yelder,,,,Ankle,,Full Participation in Practice,2019-09-06T12:41:57Z
2019,REG,KC,1,00-0032797,S,Jordan Lucas,Jordan,Lucas,Back,,Questionable,Back,,Did Not Participate In Practice,2019-09-06T12:44:57Z
2019,REG,KC,1,00-0031713,DT,Xavier Williams,Xavier,Williams,Illness,,Questionable,Illness,,Did Not Participate In Practice,2019-09-06T12:44:57Z
2019,REG,LA,1,00-0024270,T,Andrew Whitworth,Andrew,Whitworth,,,,Not Injury Related,,Full Participation in Practice,2019-09-06T12:29:41Z
2019,REG,LAC,1,00-0033588,DE,Isaac Rochell,Isaac,Rochell,,,,Ribs,,Full Participation in Practice,2019-09-06T12:42:37Z
2019,REG,LAC,1,00-0032916,CB,Trevor Williams,Trevor,Williams,Quadricep,,Out,Quadricep,,Did Not Participate In Practice,2019-09-06T12:51:12Z
2019,REG,LAC,1,00-0032895,LB,Jatavis Brown,Jatavis,Brown,Ankle,,Doubtful,Ankle,,Did Not Participate In Practice,2019-09-06T12:48:29Z
2019,REG,LAC,1,00-0031953,WR,Geremy Davis,Geremy,Davis,Hamstring,,Doubtful,Hamstring,,Did Not Participate In Practice,2019-09-06T12:48:47Z
2019,REG,LAC,1,00-0035437,S,Roderic Teamer,Roderic,Teamer,Hamstring,,Doubtful,Hamstring,,Did Not Participate In Practice,2019-09-06T12:50:32Z
2019,REG,LAC,1,00-0034084,K,Michael Badgley,Michael,Badgley,right Groin,,Doubtful,right Groin,,Limited Participation in Practice,2019-09-07T13:14:34Z
2019,REG,LAC,1,00-0035262,LB,Drue Tranquill,Drue,Tranquill,Back,,Questionable,Back,,Full Participation in Practice,2019-09-06T12:48:10Z
2019,REG,LAC,1,00-0032103,LB,Denzel Perryman,Denzel,Perryman,Ankle,,Questionable,Ankle,,Limited Participation in Practice,2019-09-06T12:48:10Z
2019,REG,MIA,1,00-0030070,DT,John Jenkins,John,Jenkins,,,,Illness,,Limited Participation in Practice,2019-09-04T11:33:27Z
2019,REG,MIA,1,00-0035272,LB,Andrew Van Ginkel,Andrew,Van Ginkel,,,,Foot,,Limited Participation in Practice,2019-09-05T11:47:45Z
2019,REG,MIA,1,00-0034588,DE,Trent Harris,Trent,Harris,Foot,,Questionable,Foot,,Did Not Participate In Practice,2019-09-06T10:43:22Z
2019,REG,MIA,1,00-0033880,DE,Charles Harris,Charles,Harris,Wrist,,Questionable,Wrist,,Full Participation in Practice,2019-09-06T10:43:22Z
2019,REG,MIA,1,00-0029065,CB,Johnson Bademosi,Johnson,Bademosi,Hip,,Questionable,Hip,,Limited Participation in Practice,2019-09-06T10:43:22Z
2019,REG,MIA,1,00-0033960,G,Danny Isidora,Danny,Isidora,Hamstring,,Questionable,Hamstring,,Limited Participation in Practice,2019-09-06T10:43:22Z
2019,REG,MIA,1,00-0031587,CB,Bobby McCain,Bobby,McCain,Shoulder,,Questionable,Shoulder,,Limited Participation in Practice,2019-09-06T10:43:22Z
2019,REG,MIA,1,00-0030669,WR,Albert Wilson,Albert,Wilson,Hip,Calf,Questionable,Hip,Calf,Limited Participation in Practice,2019-09-06T10:43:22Z
2019,REG,MIN,1,00-0032389,CB,Mackensie Alexander,Mackensie,Alexander,,,,Hamstring,,Full Participation in Practice,2019-09-06T11:49:32Z
2019,REG,MIN,1,00-0032422,LB,Kentrell Brothers,Kentrell,Brothers,,,,Wrist,,Full Participation in Practice,2019-09-06T11:49:32Z
2019,REG,MIN,1,00-0027701,DE,Everson Griffen,Everson,Griffen,,,,Elbow,,Full Participation in Practice,2019-09-06T11:49:32Z
2019,REG,MIN,1,00-0027885,DT,Linval Joseph,Linval,Joseph,,,,Shoulder,,Full Participation in Practice,2019-09-06T11:49:32Z
2019,REG,MIN,1,00-0034158,T,Brian O'Neill,Brian,O'Neill,,,,Elbow,,Full Participation in Practice,2019-09-06T11:49:32Z
2019,REG,MIN,1,00-0034843,CB,Mike Hughes,Mike,Hughes,Knee,,Out,Knee,,Limited Participation in Practice,2019-09-06T11:50:07Z
2019,REG,MIN,1,00-0034270,TE,Tyler Conklin,Tyler,Conklin,Ribs,,Questionable,Ribs,,Limited Participation in Practice,2019-09-06T11:49:52Z
2019,REG,MIN,1,00-0031588,WR,Stefon Diggs,Stefon,Diggs,Hamstring,,Questionable,Hamstring,,Limited Participation in Practice,2019-09-06T11:49:52Z
2019,REG,NE,1,00-0031744,TE,Matt LaCosse,Matt,LaCosse,Ankle,,Questionable,Ankle,,Limited Participation in Practice,2019-09-06T12:55:57Z
2019,REG,NE,1,00-0033900,S,Obi Melifonwu,Obi,Melifonwu,Ankle,,Questionable,Ankle,,Limited Participation in Practice,2019-09-06T12:55:57Z
2019,REG,NE,1,00-0027874,WR,Demaryius Thomas,Demaryius,Thomas,Hamstring,,Questionable,Hamstring,,Limited Participation in Practice,2019-09-06T12:55:57Z
2019,REG,NO,1,00-0033914,LB,Alex Anzalone,Alex,Anzalone,,,,Shoulder,,Full Participation in Practice,2019-09-07T12:15:47Z
2019,REG,NO,1,00-0029931,RB,Zach Line,Zach,Line,,,,Knee,,Full Participation in Practice,2019-09-07T12:15:47Z
2019,REG,NO,1,00-0032450,RB,Dwayne Washington,Dwayne,Washington,,,,Ankle,Concussion,Full Participation in Practice,2019-09-07T12:15:47Z
2019,REG,NO,1,00-0032265,DE,Mario Edwards,Mario,Edwards,Hamstring,,Out,Hamstring,,Did Not Participate In Practice,2019-09-07T12:15:59Z
2019,REG,NO,1,00-0032759,DT,Sheldon Rankins,Sheldon,Rankins,Achilles,,Out,Achilles,,Limited Participation in Practice,2019-09-07T12:16:19Z
2019,REG,NO,1,00-0028834,LB,Craig Robertson,Craig,Robertson,Hamstring,,Questionable,Hamstring,,Limited Participation in Practice,2019-09-07T12:15:53Z
2019,REG,NYG,1,00-0032933,CB,Antonio Hamilton,Antonio,Hamilton,,,,Adductor,,Full Participation in Practice,2019-09-06T09:50:02Z
2019,REG,NYG,1,00-0029164,G,Mike Remmers,Mike,Remmers,,,,Illness,Back,Full Participation in Practice,2019-09-06T09:50:12Z
2019,REG,NYG,1,00-0029629,LB,Nathan Stupar,Nathan,Stupar,,,,Concussion,,Full Participation in Practice,2019-09-05T12:08:57Z
2019,REG,NYG,1,00-0034795,TE,Garrett Dickerson,Garrett,Dickerson,Quadricep,,Out,Quadricep,,Did Not Participate In Practice,2019-09-06T09:50:28Z
2019,REG,NYG,1,00-0035535,WR,Darius Slayton,Darius,Slayton,Hamstring,,Out,Hamstring,,Did Not Participate In Practice,2019-09-06T09:50:54Z
2019,REG,NYJ,1,00-0034805,DE,John Franklin-Myers,John,Franklin-Myers,,,,Foot,,Full Participation in Practice,2019-09-06T13:08:47Z
2019,REG,NYJ,1,00-0033568,CB,Nate Hairston,Nate,Hairston,,,,Hip,,Full Participation in Practice,2019-09-06T13:08:47Z
2019,REG,NYJ,1,00-0031188,CB,Bennett Jackson,Bennett,Jackson,,,,Shoulder,,Full Participation in Practice,2019-09-06T13:08:47Z
2019,REG,NYJ,1,00-0034302,LB,Frankie Luvu,Frankie,Luvu,,,,Hand,,Full Participation in Practice,2019-09-06T13:08:47Z
2019,REG,NYJ,1,00-0026564,DT,Steve McLendon,Steve,McLendon,,,,Wrist,,Full Participation in Practice,2019-09-06T13:08:47Z
2019,REG,NYJ,1,00-0030170,S,Rontez Miles,Rontez,Miles,,,,Hip,,Full Participation in Practice,2019-09-06T13:08:47Z
2019,REG,NYJ,1,00-0029259,G,Kelechi Osemele,Kelechi,Osemele,,,,Chest,,Full Participation in Practice,2019-09-06T13:08:47Z
2019,REG,NYJ,1,00-0032420,T,Brandon Shell,Brandon,Shell,,,,Knee,,Full Participation in Practice,2019-09-06T13:08:47Z
2019,REG,NYJ,1,00-0030066,G,Brian Winters,Brian,Winters,,,,Shoulder,,Full Participation in Practice,2019-09-06T13:08:47Z
2019,REG,NYJ,1,00-0032688,WR,Robby Anderson,Robby,Anderson,Calf,,Questionable,Calf,,Limited Participation in Practice,2019-09-06T13:08:50Z
2019,REG,NYJ,1,00-0034419,WR,Braxton Berrios,Braxton,Berrios,Hamstring,,Questionable,Hamstring,,Limited Participation in Practice,2019-09-06T13:08:50Z
2019,REG,NYJ,1,00-0029690,CB,Trumaine Johnson,Trumaine,Johnson,Hamstring,,Questionable,Hamstring,,Limited Participation in Practice,2019-09-06T13:08:50Z
2019,REG,OAK,1,00-0027793,WR,Antonio Brown,Antonio,Brown,,,,Not Injury Related,,Did Not Participate In Practice,2019-09-05T13:50:15Z
2019,REG,OAK,1,00-0031367,G,Gabe Jackson,Gabe,Jackson,Knee,,Out,Knee,,Did Not Participate In Practice,2019-09-07T11:59:41Z
2019,REG,OAK,1,00-0027956,DT,Corey Liuget,Corey,Liuget,Knee,,Questionable,Knee,,Limited Participation in Practice,2019-09-07T11:59:34Z
2019,REG,OAK,1,00-0033445,LB,Nicholas Morrow,Nicholas,Morrow,Ankle,,Questionable,Ankle,,Limited Participation in Practice,2019-09-07T11:59:34Z
2019,REG,OAK,1,00-0032112,WR,J.J. Nelson,J.J.,Nelson,Ankle,,Questionable,Ankle,,Limited Participation in Practice,2019-09-07T11:59:34Z
2019,REG,PHI,1,00-0033876,DE,Derek Barnett,Derek,Barnett,,,,Shoulder,,Full Participation in Practice,2019-09-06T12:18:37Z
2019,REG,PHI,1,00-0029679,G,Brandon Brooks,Brandon,Brooks,,,,Achilles,,Full Participation in Practice,2019-09-06T12:18:42Z
2019,REG,PHI,1,00-0033792,S,Rudy Ford,Rudy,Ford,,,,Achilles,,Full Participation in Practice,2019-09-06T12:18:31Z
2019,REG,PHI,1,00-0029137,WR,Alshon Jeffery,Alshon,Jeffery,,,,Biceps,,Full Participation in Practice,2019-09-06T12:18:54Z
2019,REG,PHI,1,00-0028129,C,Jason Kelce,Jason,Kelce,,,,Not Injury Related,,Full Participation in Practice,2019-09-06T12:18:31Z
2019,REG,PHI,1,00-0032437,LB,Kamu Grugier-Hill,Kamu,Grugier-Hill,Knee,,Out,Knee,,Did Not Participate In Practice,2019-09-06T12:19:55Z
2019,REG,PHI,1,00-0034429,T,Jordan Mailata,Jordan,Mailata,Back,,Out,Back,,Did Not Participate In Practice,2019-09-06T12:20:02Z
2019,REG,PHI,1,00-0032792,QB,Nate Sudfeld,Nate,Sudfeld,left Wrist,,Out,left Wrist,,Did Not Participate In Practice,2019-09-06T12:20:08Z
2019,REG,PIT,1,00-0029670,LB,Mark Barron,Mark,Barron,,,,Not Injury Related,,Full Participation in Practice,2019-09-06T11:32:26Z
2019,REG,PIT,1,00-0033053,S,Sean Davis,Sean,Davis,Ankle,,Doubtful,Ankle,,Did Not Participate In Practice,2019-09-06T11:32:50Z
2019,REG,SEA,1,00-0035139,S,Marquise Blair,Marquise,Blair,,,,Back,,Full Participation in Practice,2019-09-06T14:37:40Z
2019,REG,SEA,1,00-0026166,T,Duane Brown,Duane,Brown,,,,Knee,,Full Participation in Practice,2019-09-06T14:37:47Z
2019,REG,SEA,1,00-0030300,WR,Jaron Brown,Jaron,Brown,,,,Toe,,Full Participation in Practice,2019-09-06T14:37:53Z
2019,REG,SEA,1,00-0032466,T,George Fant,George,Fant,,,,Ankle,,Full Participation in Practice,2019-09-06T14:38:09Z
2019,REG,SEA,1,00-0034755,LB,Shaquem Griffin,Shaquem,Griffin,,,,Knee,,Full Participation in Practice,2019-09-06T14:37:40Z
2019,REG,SEA,1,00-0035640,WR,DK Metcalf,DK,Metcalf,,,,Knee,,Full Participation in Practice,2019-09-06T14:37:40Z
2019,REG,SEA,1,00-0031364,DE,Jadeveon Clowney,Jadeveon,Clowney,,,,Not Injury Related,,Limited Participation in Practice,2019-09-06T14:37:40Z
2019,REG,SEA,1,00-0032443,C,Joey Hunt,Joey,Hunt,Ankle,,Out,Ankle,,Did Not Participate In Practice,2019-09-06T12:58:10Z
2019,REG,SEA,1,00-0033589,WR,David Moore,David,Moore,Shoulder,,Out,Shoulder,,Did Not Participate In Practice,2019-09-06T12:58:35Z
2019,REG,SEA,1,00-0035636,DE,L.J. Collier,L.J.,Collier,Ankle,,Out,Ankle,,Limited Participation in Practice,2019-09-06T12:58:21Z
2019,REG,SEA,1,00-0030059,DE,Ezekiel Ansah,Ezekiel,Ansah,Shoulder,,Questionable,Shoulder,,Limited Participation in Practice,2019-09-06T14:38:26Z
2019,REG,SEA,1,00-0027869,G,Mike Iupati,Mike,Iupati,Foot,,Questionable,Foot,,Limited Participation in Practice,2019-09-06T12:58:59Z
2019,REG,SF,1,00-0031297,DE,Dee Ford,Dee,Ford,,,,Knee,,Full Participation in Practice,2019-09-06T13:21:30Z
2019,REG,SF,1,00-0034860,WR,Dante Pettis,Dante,Pettis,,,,Groin,,Full Participation in Practice,2019-09-06T13:21:30Z
2019,REG,SF,1,00-0025415,T,Joe Staley,Joe,Staley,,,,Not Injury Related,,Full Participation in Practice,2019-09-06T13:21:30Z
2019,REG,SF,1,00-0034971,WR,Jalen Hurd,Jalen,Hurd,Back,,Out,Back,,Did Not Participate In Practice,2019-09-06T13:22:06Z
2019,REG,SF,1,00-0033292,WR,Trent Taylor,Trent,Taylor,Foot,,Out,Foot,,Did Not Participate In Practice,2019-09-06T13:22:40Z
2019,REG,SF,1,00-0031298,CB,Jimmie Ward,Jimmie,Ward,Hand,,Out,Hand,,Did Not Participate In Practice,2019-09-06T13:22:48Z
2019,REG,SF,1,00-0035717,DE,Nick Bosa,Nick,Bosa,Ankle,,Questionable,Ankle,,Limited Participation in Practice,2019-09-06T13:21:54Z
2019,REG,SF,1,00-0031238,C,Weston Richburg,Weston,Richburg,Knee,,Questionable,Knee,,Limited Participation in Practice,2019-09-06T13:21:54Z
2019,REG,SF,1,00-0031334,CB,Jason Verrett,Jason,Verrett,Ankle,,Questionable,Ankle,,Limited Participation in Practice,2019-09-06T13:21:54Z
2019,REG,SF,1,00-0031253,CB,K'Waun Williams,K'Waun,Williams,Knee,,Questionable,Knee,,Limited Participation in Practice,2019-09-06T13:21:54Z
2019,REG,TB,1,00-0033421,TE,Antony Auclair,Antony,Auclair,,,,Calf,,Full Participation in Practice,2019-09-06T11:14:43Z
2019,REG,TB,1,00-0032789,LB,Devante Bond,Devante,Bond,,,,Hamstring,,Full Participation in Practice,2019-09-06T11:14:49Z
2019,REG,TB,1,00-0031273,TE,Cameron Brate,Cameron,Brate,,,,Calf,,Full Participation in Practice,2019-09-06T11:14:43Z
2019,REG,TB,1,00-0029562,LB,Lavonte David,Lavonte,David,,,,Calf,,Full Participation in Practice,2019-09-06T11:14:43Z
2019,REG,TB,1,00-0035681,S,Mike Edwards,Mike,Edwards,,,,Hamstring,,Full Participation in Practice,2019-09-06T11:14:43Z
2019,REG,TB,1,00-0034612,LB,Demone Harris,Demone,Harris,,,,Illness,,Full Participation in Practice,2019-09-06T11:14:43Z
2019,REG,TB,1,00-0035254,LB,Anthony Nelson,Anthony,Nelson,,,,Knee,,Full Participation in Practice,2019-09-06T11:14:43Z
2019,REG,TB,1,00-0034773,DT,Vita Vea,Vita,Vea,,,,Knee,,Full Participation in Practice,2019-09-06T11:14:43Z
2019,REG,TB,1,00-0033898,S,Justin Evans,Justin,Evans,Achilles,,Out,Achilles,,Did Not Participate In Practice,2019-09-06T11:15:40Z
2019,REG,TB,1,00-0027948,QB,Blaine Gabbert,Blaine,Gabbert,left Shoulder,,Out,left Shoulder,,Did Not Participate In Practice,2019-09-06T11:15:48Z
2019,REG,TB,1,00-0035707,LB,Devin White,Devin,White,Illness,,Questionable,,,"
    ",2019-09-07T07:21:47Z
2019,REG,TB,1,00-0031408,WR,Mike Evans,Mike,Evans,Illness,,Questionable,Illness,,Did Not Participate In Practice,2019-09-06T11:15:26Z
2019,REG,TEN,1,00-0033057,T,Jack Conklin,Jack,Conklin,,,,Knee,,Full Participation in Practice,2019-09-06T11:17:44Z
2019,REG,TEN,1,00-0032633,LB,Reggie Gilbert,Reggie,Gilbert,Knee,,Out,Knee,,Did Not Participate In Practice,2019-09-06T11:18:15Z
2019,REG,TEN,1,00-0031182,G,Kevin Pamphile,Kevin,Pamphile,Knee,,Questionable,Knee,,Did Not Participate In Practice,2019-09-06T11:17:57Z
2019,REG,WAS,1,00-0034336,LB,Shaun Dion Hamilton,Shaun Dion,Hamilton,,,,Chest,,Full Participation in Practice,2019-09-06T11:39:22Z
2019,REG,WAS,1,00-0031257,WR,Paul Richardson,Paul,Richardson,,,,Quadricep,,Full Participation in Practice,2019-09-06T11:39:01Z
2019,REG,WAS,1,00-0027688,QB,Colt McCoy,Colt,McCoy,Fibula,,Out,Fibula,,Did Not Participate In Practice,2019-09-06T11:41:13Z
2019,REG,WAS,1,00-0033918,CB,Fabian Moreau,Fabian,Moreau,Ankle,,Out,Ankle,,Did Not Participate In Practice,2019-09-06T11:41:29Z
2019,REG,WAS,1,00-0033962,DE,Caleb Brantley,Caleb,Brantley,Foot,,Questionable,Foot,,Full Participation in Practice,2019-09-06T11:40:26Z
2019,REG,WAS,1,00-0032751,LB,Cassanova McKinzy,Cassanova,McKinzy,Concussion,,Questionable,Concussion,,Full Participation in Practice,2019-09-06T11:41:21Z
2019,REG,WAS,1,00-0030472,TE,Jordan Reed,Jordan,Reed,Concussion,,Questionable,Concussion,,Limited Participation in Practice,2019-09-06T11:40:14Z
2019,REG,ARI,2,00-0022161,LB,Terrell Suggs,Terrell,Suggs,,,,Not Injury Related,,Did Not Participate In Practice,2019-09-13T13:17:58Z
2019,REG,ARI,2,00-0028112,TE,Charles Clay,Charles,Clay,,,,Not Injury Related,,Full Participation in Practice,2019-09-13T13:17:29Z
2019,REG,ARI,2,00-0022921,WR,Larry Fitzgerald,Larry,Fitzgerald,,,,Not Injury Related,,Full Participation in Practice,2019-09-13T13:17:29Z
2019,REG,ARI,2,00-0033875,LB,Haason Reddick,Haason,Reddick,,,,Knee,,Full Participation in Practice,2019-09-13T13:17:29Z
2019,REG,ARI,2,00-0034490,LB,Ezekiel Turner,Ezekiel,Turner,,,,Hand,,Full Participation in Practice,2019-09-13T13:17:29Z
2019,REG,ARI,2,00-0035536,G,Lamont Gaillard,Lamont,Gaillard,Knee,,Out,Knee,,Did Not Participate In Practice,2019-09-13T13:18:45Z
2019,REG,ARI,2,00-0033093,DE,Jonathan Bullard,Jonathan,Bullard,Hamstring,,Questionable,Hamstring,,Did Not Participate In Practice,2019-09-13T13:18:17Z
2019,REG,ATL,2,00-0030465,RB,Kenjon Barner,Kenjon,Barner,,,,Ankle,,Full Participation in Practice,2019-09-13T12:22:12Z
2019,REG,ATL,2,00-0032432,G,Wes Schweitzer,Wes,Schweitzer,,,,Shoulder,,Full Participation in Practice,2019-09-13T12:22:17Z
2019,REG,ATL,2,00-0034363,DT,Deadrin Senat,Deadrin,Senat,,,,Back,,Full Participation in Practice,2019-09-12T13:15:47Z
2019,REG,ATL,2,00-0034140,T,Matt Gono,Matt,Gono,Back,,Out,Back,,Limited Participation in Practice,2019-09-13T12:24:20Z
2019,REG,ATL,2,00-0034411,WR,Russell Gage,Russell,Gage,Head,Hamstring,Questionable,Concussion,Hamstring,Limited Participation in Practice,2019-09-13T12:24:45Z
2019,REG,BAL,2,00-0028103,LB,Pernell McPhee,Pernell,McPhee,,,,Not Injury Related,,Did Not Participate In Practice,2019-09-13T13:26:22Z
2019,REG,BAL,2,00-0026280,CB,Brandon Carr,Brandon,Carr,,,,Not Injury Related,,Full Participation in Practice,2019-09-12T14:23:50Z
2019,REG,BAL,2,00-0032398,WR,Chris Moore,Chris,Moore,,,,Illness,,Full Participation in Practice,2019-09-12T14:24:05Z
2019,REG,BAL,2,00-0027965,CB,Jimmy Smith,Jimmy,Smith,Knee,,Out,Knee,,Did Not Participate In Practice,2019-09-13T13:27:03Z
2019,REG,BAL,2,00-0034753,TE,Mark Andrews,Mark,Andrews,Foot,,Questionable,Foot,,Did Not Participate In Practice,2019-09-13T13:26:33Z
2019,REG,BAL,2,00-0035662,WR,Marquise Brown,Marquise,Brown,Hip,,Questionable,Hip,,Did Not Participate In Practice,2019-09-13T13:26:33Z
2019,REG,BAL,2,00-0033283,LB,Tyus Bowser,Tyus,Bowser,Groin,,Questionable,Groin,,Full Participation in Practice,2019-09-13T13:26:33Z
2019,REG,BAL,2,00-0027966,RB,Mark Ingram,Mark,Ingram,Shoulder,,Questionable,Shoulder,,Full Participation in Practice,2019-09-13T13:26:33Z
2019,REG,BAL,2,00-0033281,CB,Marlon Humphrey,Marlon,Humphrey,Back,,Questionable,Back,,Limited Participation in Practice,2019-09-13T13:26:33Z
2019,REG,BUF,2,00-0023259,LB,Lorenzo Alexander,Lorenzo,Alexander,,,,Not injury related -- resting veteran,,Full Participation in Practice,2019-09-13T10:17:43Z
2019,REG,BUF,2,00-0029000,WR,Cole Beasley,Cole,Beasley,,,,Illness,,Full Participation in Practice,2019-09-13T10:18:11Z
2019,REG,BUF,2,00-0031051,WR,John Brown,John,Brown,,,,Not injury related -- resting veteran,,Full Participation in Practice,2019-09-13T10:17:43Z
2019,REG,BUF,2,00-0023500,RB,Frank Gore,Frank,Gore,,,,Not injury related -- resting veteran,,Full Participation in Practice,2019-09-13T10:18:04Z
2019,REG,BUF,2,00-0029709,T,Ty Nsekhe,Ty,Nsekhe,,,,Not injury related -- resting veteran,,Full Participation in Practice,2019-09-13T10:17:43Z
2019,REG,BUF,2,00-0031557,DT,Jordan Phillips,Jordan,Phillips,,,,Illness,,Full Participation in Practice,2019-09-13T10:17:43Z
2019,REG,BUF,2,00-0034514,CB,Levi Wallace,Levi,Wallace,,,,Ankle,,Full Participation in Practice,2019-09-13T10:18:16Z
2019,REG,BUF,2,00-0034376,CB,Taron Johnson,Taron,Johnson,Hamstring,,Out,Hamstring,,Did Not Participate In Practice,2019-09-13T10:18:49Z
2019,REG,BUF,2,00-0027691,WR,Andre Roberts,Andre,Roberts,Quadricep,,Out,Quadricep,,Did Not Participate In Practice,2019-09-13T10:18:43Z
2019,REG,BUF,2,00-0032214,TE,Tyler Kroft,Tyler,Kroft,Foot,,Questionable,Foot,,Limited Participation in Practice,2019-09-13T10:18:33Z
2019,REG,CAR,2,00-0035694,T,Greg Little,Greg,Little,,,,Concussion,,Full Participation in Practice,2019-09-11T09:31:01Z
2019,REG,CAR,2,00-0033280,RB,Christian McCaffrey,Christian,McCaffrey,,,,Not Injury Related,,Full Participation in Practice,2019-09-11T09:31:49Z
2019,REG,CAR,2,00-0029193,DE,Bruce Irvin,Bruce,Irvin,Hamstring,,Out,Hamstring,,Did Not Participate In Practice,2019-09-11T09:32:35Z
2019,REG,CAR,2,00-0025418,TE,Greg Olsen,Greg,Olsen,Back,,Questionable,Back,,Full Participation in Practice,2019-09-11T09:32:26Z
2019,REG,CAR,2,00-0034362,S,Rashaan Gaulden,Rashaan,Gaulden,Groin,,Questionable,Groin,,Limited Participation in Practice,2019-09-11T09:32:26Z
2019,REG,CHI,2,00-0033631,T,Rashaad Coward,Rashaad,Coward,,,,Elbow,,Full Participation in Practice,2019-09-13T12:51:05Z
2019,REG,CHI,2,00-0030710,TE,Trey Burton,Trey,Burton,Groin,,Questionable,Groin,,Limited Participation in Practice,2019-09-13T12:52:15Z
2019,REG,CHI,2,00-0031551,DT,Eddie Goldman,Eddie,Goldman,Oblique,,Questionable,Oblique,,Limited Participation in Practice,2019-09-13T12:52:15Z
2019,REG,CHI,2,00-0032773,LB,Nick Kwiatkoski,Nick,Kwiatkoski,Knee,,Questionable,Knee,,Limited Participation in Practice,2019-09-13T12:52:15Z
2019,REG,CHI,2,00-0034387,DT,Bilal Nichols,Bilal,Nichols,Knee,,Questionable,Knee,,Limited Participation in Practice,2019-09-13T12:52:15Z
2019,REG,CIN,2,00-0030549,TE,Tyler Eifert,Tyler,Eifert,,,,Not Injury Related,,Did Not Participate In Practice,2019-09-11T13:02:03Z
2019,REG,CIN,2,00-0034675,S,Jessie Bates,Jessie,Bates,,,,Wrist,,Full Participation in Practice,2019-09-13T10:17:08Z
2019,REG,CIN,2,00-0034686,WR,Auden Tate,Auden,Tate,,,,Knee,,Full Participation in Practice,2019-09-13T10:17:08Z
2019,REG,CIN,2,00-0029561,T,Cordy Glenn,Cordy,Glenn,Concussion,,Out,Concussion,,Did Not Participate In Practice,2019-09-13T10:18:00Z
2019,REG,CIN,2,00-0027942,WR,A.J. Green,A.J.,Green,Ankle,,Out,Ankle,,Did Not Participate In Practice,2019-09-13T10:18:08Z
2019,REG,CIN,2,00-0032807,S,Clayton Fejedelem,Clayton,Fejedelem,Ankle,,Questionable,Ankle,,Limited Participation in Practice,2019-09-13T10:17:49Z
2019,REG,CIN,2,00-0033897,RB,Joe Mixon,Joe,Mixon,Ankle,,Questionable,Ankle,,Limited Participation in Practice,2019-09-13T10:17:49Z
2019,REG,CIN,2,00-0035291,RB,Trayveon Williams,Trayveon,Williams,Foot,,Questionable,Foot,,Limited Participation in Practice,2019-09-13T10:17:49Z
2019,REG,CLE,2,00-0031235,WR,Odell Beckham,Odell,Beckham,,,,Hip,,Full Participation in Practice,2019-09-14T10:48:36Z
2019,REG,CLE,2,00-0033905,DT,Larry Ogunjobi,Larry,Ogunjobi,,,,Shoulder,,Full Participation in Practice,2019-09-14T10:48:36Z
2019,REG,CLE,2,00-0035145,K,Austin Seibert,Austin,Seibert,,,,right Hip,,Full Participation in Practice,2019-09-14T10:49:14Z
2019,REG,CLE,2,00-0034253,RB,Dontrell Hilliard,Dontrell,Hilliard,Concussion,,Out,Concussion,,Did Not Participate In Practice,2019-09-14T10:50:05Z
2019,REG,CLE,2,00-0031921,T,Kendall Lamm,Kendall,Lamm,Knee,,Out,Knee,,Did Not Participate In Practice,2019-09-14T10:50:12Z
2019,REG,CLE,2,00-0031120,LB,Adarius Taylor,Adarius,Taylor,Ankle,,Out,Ankle,,Did Not Participate In Practice,2019-09-14T10:50:41Z
2019,REG,CLE,2,00-0032251,S,Damarious Randall,Damarious,Randall,Hand,Concussion,Out,Hand,Concussion,Full Participation in Practice,2019-09-14T10:50:26Z
2019,REG,CLE,2,00-0031264,DE,Chris Smith,Chris,Smith,Not Injury Related,,Questionable,Not Injury Related,,Full Participation in Practice,2019-09-14T10:49:54Z
2019,REG,CLE,2,00-0031426,G,Joel Bitonio,Joel,Bitonio,Abdomen,,Questionable,Abdomen,,Limited Participation in Practice,2019-09-14T10:49:54Z
2019,REG,CLE,2,00-0032977,WR,Rashard Higgins,Rashard,Higgins,Knee,,Questionable,Knee,,Limited Participation in Practice,2019-09-14T10:49:54Z
2019,REG,CLE,2,00-0025430,QB,Drew Stanton,Drew,Stanton,Knee,,Questionable,Knee,,Limited Participation in Practice,2019-09-14T10:49:54Z
2019,REG,DAL,2,00-0027663,LB,Sean Lee,Sean,Lee,,,,Knee,Not Injury Related,Did Not Participate In Practice,2019-09-13T11:49:59Z
2019,REG,DAL,2,00-0028002,WR,Randall Cobb,Randall,Cobb,,,,Rib,,Full Participation in Practice,2019-09-13T11:49:27Z
2019,REG,DAL,2,00-0031544,WR,Amari Cooper,Amari,Cooper,,,,Foot,,Full Participation in Practice,2019-09-13T11:49:27Z
2019,REG,DAL,2,00-0029641,DE,Tyrone Crawford,Tyrone,Crawford,,,,Hip,,Full Participation in Practice,2019-09-13T11:49:45Z
2019,REG,DAL,2,00-0030196,S,Jeff Heath,Jeff,Heath,,,,Knee,,Full Participation in Practice,2019-09-13T11:49:27Z
2019,REG,DAL,2,00-0033658,TE,Blake Jarwin,Blake,Jarwin,,,,Foot,,Full Participation in Practice,2019-09-13T11:49:27Z
2019,REG,DAL,2,00-0031402,G,Zack Martin,Zack,Martin,,,,Back,,Full Participation in Practice,2019-09-13T11:53:32Z
2019,REG,DAL,2,00-0027947,T,Tyron Smith,Tyron,Smith,,,,Back,,Full Participation in Practice,2019-09-13T11:49:27Z
2019,REG,DAL,2,00-0033083,S,Darian Thompson,Darian,Thompson,,,,Ankle,,Full Participation in Practice,2019-09-13T11:50:12Z
2019,REG,DAL,2,00-0035301,S,Donovan Wilson,Donovan,Wilson,,,,Ankle,,Full Participation in Practice,2019-09-13T11:50:18Z
2019,REG,DAL,2,00-0030525,WR,Tavon Austin,Tavon,Austin,Concussion,,Out,Concussion,,Did Not Participate In Practice,2019-09-13T11:52:21Z
2019,REG,DAL,2,00-0035413,LB,Luke Gifford,Luke,Gifford,Ankle,,Out,Ankle,,Did Not Participate In Practice,2019-09-13T11:53:09Z
2019,REG,DEN,2,00-0029010,G,Ronald Leary,Ronald,Leary,,,,Quadricep,,Limited Participation in Practice,2019-09-13T12:42:15Z
2019,REG,DEN,2,00-0031417,T,Ja'Wuan James,Ja'Wuan,James,Knee,,Out,Knee,,Did Not Participate In Practice,2019-09-13T12:42:25Z
2019,REG,DEN,2,00-0032956,RB,Andy Janovich,Andy,Janovich,Pectoral,,Out,Pectoral,,Did Not Participate In Practice,2019-09-13T12:42:29Z
2019,REG,DEN,2,00-0033659,LB,Joseph Jones,Joseph,Jones,Triceps,,Out,Triceps,,Did Not Participate In Practice,2019-09-13T12:42:33Z
2019,REG,DEN,2,00-0031904,CB,Bryce Callahan,Bryce,Callahan,Foot,,Questionable,Foot,,Limited Participation in Practice,2019-09-13T12:42:19Z
2019,REG,DEN,2,00-0031427,LB,Todd Davis,Todd,Davis,Calf,,Questionable,Calf,,Limited Participation in Practice,2019-09-13T12:42:19Z
2019,REG,DET,2,00-0029901,CB,Rashaan Melvin,Rashaan,Melvin,,,,Knee,,Full Participation in Practice,2019-09-13T11:55:07Z
2019,REG,DET,2,00-0033539,LB,Jarrad Davis,Jarrad,Davis,Ankle,,Questionable,Ankle,,Limited Participation in Practice,2019-09-13T11:55:10Z
2019,REG,DET,2,00-0032381,T,Taylor Decker,Taylor,Decker,Back,,Questionable,Back,,Limited Participation in Practice,2019-09-13T11:55:10Z
2019,REG,DET,2,00-0034371,DE,Da'Shawn Hand,Da'Shawn,Hand,Elbow,,Questionable,Elbow,,Limited Participation in Practice,2019-09-13T11:55:10Z
2019,REG,GB,2,00-0034728,CB,Jaire Alexander,Jaire,Alexander,,,,Knee,,Full Participation in Practice,2019-09-13T11:39:55Z
2019,REG,GB,2,00-0027875,T,Bryan Bulaga,Bryan,Bulaga,,,,Not Injury Related,,Full Participation in Practice,2019-09-13T11:39:46Z
2019,REG,GB,2,00-0034751,CB,Josh Jackson,Josh,Jackson,,,,Achilles,,Full Participation in Practice,2019-09-13T11:39:46Z
2019,REG,GB,2,00-0033524,CB,Kevin King,Kevin,King,,,,Hamstring,Chest,Full Participation in Practice,2019-09-13T11:40:17Z
2019,REG,GB,2,00-0031019,C,Corey Linsley,Corey,Linsley,,,,Elbow,,Full Participation in Practice,2019-09-13T11:39:46Z
2019,REG,GB,2,00-0034269,G,Cole Madison,Cole,Madison,,,,Ankle,,Full Participation in Practice,2019-09-13T11:39:46Z
2019,REG,GB,2,00-0032408,LB,Blake Martinez,Blake,Martinez,,,,Shoulder,,Full Participation in Practice,2019-09-13T11:39:46Z
2019,REG,GB,2,00-0033124,S,Will Redmond,Will,Redmond,,,,Ankle,,Full Participation in Practice,2019-09-13T11:39:46Z
2019,REG,GB,2,00-0034272,WR,Marquez Valdes-Scantling,Marquez,Valdes-Scantling,,,,Shoulder,,Full Participation in Practice,2019-09-13T11:39:46Z
2019,REG,GB,2,00-0033948,RB,Jamaal Williams,Jamaal,Williams,,,,Shoulder,,Full Participation in Practice,2019-09-13T11:39:46Z
2019,REG,GB,2,00-0024061,CB,Tramon Williams,Tramon,Williams,,,,Not Injury Related,,Full Participation in Practice,2019-09-13T11:39:46Z
2019,REG,GB,2,00-0027696,TE,Jimmy Graham,Jimmy,Graham,,,,Finger,,Limited Participation in Practice,2019-09-13T11:39:46Z
2019,REG,GB,2,00-0034754,LB,Oren Burks,Oren,Burks,Chest,,Out,Chest,,Did Not Participate In Practice,2019-09-13T11:40:57Z
2019,REG,GB,2,00-0035181,WR,Darrius Shepherd,Darrius,Shepherd,Hamstring,,Out,Hamstring,,Limited Participation in Practice,2019-09-13T11:41:37Z
2019,REG,GB,2,00-0030074,T,David Bakhtiari,David,Bakhtiari,Back,,Questionable,Back,,Limited Participation in Practice,2019-09-13T11:40:42Z
2019,REG,GB,2,00-0034990,CB,Ka'dar Hollman,Ka'dar,Hollman,Neck,,Questionable,Neck,,Limited Participation in Practice,2019-09-13T11:40:42Z
2019,REG,HOU,2,00-0034366,WR,Keke Coutee,Keke,Coutee,,,,Ankle,,Full Participation in Practice,2019-09-13T12:55:42Z
2019,REG,HOU,2,00-0033127,WR,Will Fuller,Will,Fuller,,,,Not Injury Related,,Full Participation in Practice,2019-09-13T12:55:42Z
2019,REG,HOU,2,00-0028924,S,Tashaun Gipson,Tashaun,Gipson,,,,Wrist,,Full Participation in Practice,2019-09-13T12:55:42Z
2019,REG,HOU,2,00-0035234,T,Tytus Howard,Tytus,Howard,,,,Finger,,Full Participation in Practice,2019-09-13T12:55:42Z
2019,REG,HOU,2,00-0034361,S,Justin Reid,Justin,Reid,,,,Shoulder,,Full Participation in Practice,2019-09-13T12:55:42Z
2019,REG,HOU,2,00-0033537,QB,Deshaun Watson,Deshaun,Watson,,,,Back,,Full Participation in Practice,2019-09-13T12:55:42Z
2019,REG,HOU,2,00-0030564,WR,DeAndre Hopkins,DeAndre,Hopkins,,,,Ribs,,Limited Participation in Practice,2019-09-13T12:55:42Z
2019,REG,HOU,2,00-0028063,RB,Taiwan Jones,Taiwan,Jones,Elbow,Hamstring,Questionable,Elbow,Hamstring,Limited Participation in Practice,2019-09-13T12:56:38Z
2019,REG,HOU,2,00-0029546,G,Senio Kelemete,Senio,Kelemete,Wrist,,Questionable,Wrist,,Limited Participation in Practice,2019-09-13T12:56:51Z
2019,REG,HOU,2,00-0031923,C,Greg Mancz,Greg,Mancz,Ankle,,Questionable,Ankle,,Limited Participation in Practice,2019-09-13T12:57:05Z
2019,REG,IND,2,00-0031254,DT,Denico Autry,Denico,Autry,,,,Not Injury Related,,Did Not Participate In Practice,2019-09-13T12:03:58Z
2019,REG,IND,2,00-0027960,T,Anthony Castonzo,Anthony,Castonzo,,,,Not Injury Related,,Did Not Participate In Practice,2019-09-13T12:04:12Z
2019,REG,IND,2,00-0029608,WR,T.Y. Hilton,T.Y.,Hilton,,,,Not Injury Related,,Did Not Participate In Practice,2019-09-13T12:04:22Z
2019,REG,IND,2,00-0028008,DE,Justin Houston,Justin,Houston,,,,Not Injury Related,,Did Not Participate In Practice,2019-09-13T12:06:05Z
2019,REG,IND,2,00-0034406,WR,Deon Cain,Deon,Cain,,,,Heat Related,,Full Participation in Practice,2019-09-13T12:03:10Z
2019,REG,IND,2,00-0034431,LB,Zaire Franklin,Zaire,Franklin,,,,Hip,,Full Participation in Practice,2019-09-13T12:03:18Z
2019,REG,IND,2,00-0031571,S,Clayton Geathers,Clayton,Geathers,,,,Not Injury Related,,Full Participation in Practice,2019-09-13T12:03:27Z
2019,REG,IND,2,00-0033608,CB,Ryan Lewis,Ryan,Lewis,,,,Heat Related,,Full Participation in Practice,2019-09-13T12:03:34Z
2019,REG,IND,2,00-0027975,DE,Jabaal Sheard,Jabaal,Sheard,Knee,,Out,Knee,,Did Not Participate In Practice,2019-09-13T12:05:28Z
2019,REG,IND,2,00-0032975,RB,Jonathan Williams,Jonathan,Williams,Rib,,Out,Rib,,Limited Participation in Practice,2019-09-13T12:05:43Z
2019,REG,IND,2,00-0034354,DE,Kemoko Turay,Kemoko,Turay,Neck,,Doubtful,Neck,,Did Not Participate In Practice,2019-09-13T12:06:53Z
2019,REG,JAX,2,00-0026190,DE,Calais Campbell,Calais,Campbell,,,,Foot,,Full Participation in Practice,2019-09-13T10:49:31Z
2019,REG,JAX,2,00-0027941,DE,Marcell Dareus,Marcell,Dareus,,,,Elbow,,Full Participation in Practice,2019-09-13T10:49:37Z
2019,REG,JAX,2,00-0034779,S,Ronnie Harrison,Ronnie,Harrison,,,,Ankle,,Full Participation in Practice,2019-09-13T10:49:24Z
2019,REG,JAX,2,00-0035680,LB,Quincy Williams,Quincy,Williams,,,,Knee,,Full Participation in Practice,2019-09-13T10:49:07Z
2019,REG,JAX,2,00-0033123,DE,Yannick Ngakoue,Yannick,Ngakoue,Hamstring,,Out,Hamstring,,Did Not Participate In Practice,2019-09-13T10:50:39Z
2019,REG,JAX,2,00-0032233,T,Cedric Ogbuehi,Cedric,Ogbuehi,Hamstring,,Out,Hamstring,,Did Not Participate In Practice,2019-09-13T10:50:20Z
2019,REG,JAX,2,00-0035249,TE,Josh Oliver,Josh,Oliver,Hamstring,,Out,Hamstring,,Did Not Participate In Practice,2019-09-13T10:50:33Z
2019,REG,JAX,2,00-0031431,WR,Marqise Lee,Marqise,Lee,Knee,,Questionable,Knee,,Did Not Participate In Practice,2019-09-13T10:49:49Z
2019,REG,JAX,2,00-0030228,CB,A.J. Bouye,A.J.,Bouye,Hip,,Questionable,Hip,,Limited Participation in Practice,2019-09-13T10:49:49Z
2019,REG,JAX,2,00-0033889,T,Cam Robinson,Cam,Robinson,Knee,,Questionable,Knee,,Limited Participation in Practice,2019-09-13T10:49:49Z
2019,REG,KC,2,00-0029524,G,Jeff Allen,Jeff,Allen,,,,Thumb,,Full Participation in Practice,2019-09-13T12:47:47Z
2019,REG,KC,2,00-0032210,DE,Frank Clark,Frank,Clark,,,,Neck,,Full Participation in Practice,2019-09-13T12:47:47Z
2019,REG,KC,2,00-0032797,S,Jordan Lucas,Jordan,Lucas,,,,Back,,Full Participation in Practice,2019-09-13T12:47:47Z
2019,REG,KC,2,00-0033873,QB,Patrick Mahomes,Patrick,Mahomes,,,,Ankle,,Full Participation in Practice,2019-09-13T12:47:47Z
2019,REG,KC,2,00-0030459,S,Tyrann Mathieu,Tyrann,Mathieu,,,,Shoulder,,Full Participation in Practice,2019-09-13T12:47:47Z
2019,REG,KC,2,00-0034319,TE,Deon Yelder,Deon,Yelder,,,,Ankle,,Full Participation in Practice,2019-09-13T12:47:47Z
2019,REG,KC,2,00-0033040,WR,Tyreek Hill,Tyreek,Hill,Shoulder,,Out,Shoulder,,Did Not Participate In Practice,2019-09-13T12:48:28Z
2019,REG,KC,2,00-0030584,T,Eric Fisher,Eric,Fisher,Groin,,Questionable,Groin,,Limited Participation in Practice,2019-09-13T12:48:07Z
2019,REG,LA,2,00-0032241,RB,Todd Gurley,Todd,Gurley,,,,Not Injury Related,,Did Not Participate In Practice,2019-09-13T12:49:20Z
2019,REG,LA,2,00-0029630,DE,Michael Brockers,Michael,Brockers,,,,Shoulder,,Full Participation in Practice,2019-09-13T12:48:57Z
2019,REG,LA,2,00-0027002,LB,Clay Matthews,Clay,Matthews,,,,Back,,Full Participation in Practice,2019-09-13T12:49:02Z
2019,REG,LA,2,00-0025424,S,Eric Weddle,Eric,Weddle,,,,Concussion,,Full Participation in Practice,2019-09-13T12:49:06Z
2019,REG,LA,2,00-0024270,T,Andrew Whitworth,Andrew,Whitworth,,,,Not Injury Related,,Full Participation in Practice,2019-09-13T12:49:11Z
2019,REG,LAC,2,00-0033090,TE,Hunter Henry,Hunter,Henry,Knee,,Out,Knee,,Did Not Participate In Practice,2019-09-13T11:31:12Z
2019,REG,LAC,2,00-0033697,CB,Michael Davis,Michael,Davis,Hamstring,,Doubtful,Hamstring,,Did Not Participate In Practice,2019-09-13T11:31:06Z
2019,REG,LAC,2,00-0031953,WR,Geremy Davis,Geremy,Davis,Hamstring,,Questionable,Hamstring,,Full Participation in Practice,2019-09-13T11:30:53Z
2019,REG,LAC,2,00-0033588,DE,Isaac Rochell,Isaac,Rochell,Concussion,,Questionable,Concussion,,Full Participation in Practice,2019-09-13T11:30:53Z
2019,REG,LAC,2,00-0034084,K,Michael Badgley,Michael,Badgley,right Groin,,Questionable,right Groin,,Limited Participation in Practice,2019-09-13T11:30:53Z
2019,REG,LAC,2,00-0032895,LB,Jatavis Brown,Jatavis,Brown,Ankle,,Questionable,Ankle,,Limited Participation in Practice,2019-09-13T11:30:53Z
2019,REG,LAC,2,00-0032103,LB,Denzel Perryman,Denzel,Perryman,Ankle,,Questionable,Ankle,,Limited Participation in Practice,2019-09-13T11:30:53Z
2019,REG,LAC,2,00-0035437,CB,Roderic Teamer,Roderic,Teamer,Hamstring,,Questionable,Hamstring,,Limited Participation in Practice,2019-09-13T11:30:53Z
2019,REG,LAC,2,00-0033536,WR,Mike Williams,Mike,Williams,Knee,,Questionable,Knee,,Limited Participation in Practice,2019-09-13T11:30:53Z
2019,REG,MIA,2,00-0031307,S,Walt Aikens,Walt,Aikens,,,,Shoulder,,Full Participation in Practice,2019-09-11T11:52:50Z
2019,REG,MIA,2,00-0033560,T,Julien Davenport,Julien,Davenport,,,,Knee,,Limited Participation in Practice,2019-09-12T11:29:13Z
2019,REG,MIA,2,00-0035343,DE,Jonathan Ledbetter,Jonathan,Ledbetter,,,,Ankle,,Limited Participation in Practice,2019-09-11T11:54:39Z
2019,REG,MIA,2,00-0027762,S,Reshad Jones,Reshad,Jones,Ankle,,Out,Ankle,,Did Not Participate In Practice,2019-09-13T10:44:36Z
2019,REG,MIA,2,00-0030669,WR,Albert Wilson,Albert,Wilson,Hip,Calf,Out,Hip,Calf,Did Not Participate In Practice,2019-09-13T10:44:55Z
2019,REG,MIA,2,00-0033880,DE,Charles Harris,Charles,Harris,Wrist,,Questionable,Wrist,,Full Participation in Practice,2019-09-13T10:44:13Z
2019,REG,MIA,2,00-0028101,C,Daniel Kilgore,Daniel,Kilgore,Shoulder,,Questionable,Shoulder,,Full Participation in Practice,2019-09-13T10:44:13Z
2019,REG,MIA,2,00-0034588,LB,Trent Harris,Trent,Harris,Foot,,Questionable,Foot,,Limited Participation in Practice,2019-09-13T10:44:13Z
2019,REG,MIA,2,00-0031587,S,Bobby McCain,Bobby,McCain,Shoulder,,Questionable,Shoulder,,Limited Participation in Practice,2019-09-13T10:44:13Z
2019,REG,MIN,2,00-0031256,LB,Anthony Barr,Anthony,Barr,,,,Knee,,Full Participation in Practice,2019-09-13T11:00:48Z
2019,REG,MIN,2,00-0034270,TE,Tyler Conklin,Tyler,Conklin,,,,Ribs,,Full Participation in Practice,2019-09-13T11:00:48Z
2019,REG,MIN,2,00-0027701,DE,Everson Griffen,Everson,Griffen,,,,Elbow,,Full Participation in Practice,2019-09-13T11:00:48Z
2019,REG,MIN,2,00-0031565,DE,Danielle Hunter,Danielle,Hunter,,,,Hamstring,,Full Participation in Practice,2019-09-13T11:00:48Z
2019,REG,MIN,2,00-0032760,WR,Josh Doctson,Josh,Doctson,,,,Hamstring,,Limited Participation in Practice,2019-09-11T13:42:29Z
2019,REG,MIN,2,00-0032389,CB,Mackensie Alexander,Mackensie,Alexander,Elbow,,Out,Elbow,,Did Not Participate In Practice,2019-09-13T11:02:49Z
2019,REG,MIN,2,00-0034843,CB,Mike Hughes,Mike,Hughes,Knee,,Doubtful,Knee,,Full Participation in Practice,2019-09-13T11:03:15Z
2019,REG,MIN,2,00-0035155,CB,Mark Fields,Mark,Fields,Groin,,Questionable,Groin,,Full Participation in Practice,2019-09-13T11:02:40Z
2019,REG,MIN,2,00-0033909,G,Pat Elflein,Pat,Elflein,Knee,,Questionable,Knee,,Limited Participation in Practice,2019-09-13T11:02:40Z
2019,REG,MIN,2,00-0033944,LB,Ben Gedeon,Ben,Gedeon,Groin,,Questionable,Groin,,Limited Participation in Practice,2019-09-13T11:02:40Z
2019,REG,NE,2,00-0029239,RB,Brandon Bolden,Brandon,Bolden,Hamstring,,Out,Hamstring,,Limited Participation in Practice,2019-09-14T09:51:54Z
2019,REG,NE,2,00-0028076,T,Marcus Cannon,Marcus,Cannon,Shoulder,,Questionable,Shoulder,,Limited Participation in Practice,2019-09-13T12:26:32Z
2019,REG,NE,2,00-0031744,TE,Matt LaCosse,Matt,LaCosse,Ankle,,Questionable,Ankle,,Limited Participation in Practice,2019-09-13T12:26:32Z
2019,REG,NO,2,00-0032265,DT,Mario Edwards,Mario,Edwards,,,,Hamstring,,Full Participation in Practice,2019-09-13T12:24:16Z
2019,REG,NO,2,00-0025396,WR,Ted Ginn,Ted,Ginn,,,,Illness,,Full Participation in Practice,2019-09-13T12:24:09Z
2019,REG,NO,2,00-0028834,LB,Craig Robertson,Craig,Robertson,,,,Hamstring,,Full Participation in Practice,2019-09-13T12:24:24Z
2019,REG,NO,2,00-0033894,S,Marcus Williams,Marcus,Williams,,,,Groin,,Full Participation in Practice,2019-09-13T12:24:32Z
2019,REG,NO,2,00-0033888,T,Ryan Ramczyk,Ryan,Ramczyk,,,,Thigh,,Limited Participation in Practice,2019-09-13T12:24:09Z
2019,REG,NO,2,00-0032759,DT,Sheldon Rankins,Sheldon,Rankins,Achilles,,Out,Achilles,,Limited Participation in Practice,2019-09-13T12:24:56Z
2019,REG,NYG,2,00-0031050,LB,Kareem Martin,Kareem,Martin,,,,Knee,,Did Not Participate In Practice,2019-09-11T16:02:50Z
2019,REG,NYG,2,00-0032127,LB,Markus Golden,Markus,Golden,,,,Hip,,Full Participation in Practice,2019-09-13T10:09:21Z
2019,REG,NYG,2,00-0035683,DE,Dexter Lawrence,Dexter,Lawrence,,,,Shoulder,,Full Participation in Practice,2019-09-13T10:09:41Z
2019,REG,NYG,2,00-0029592,G,Kevin Zeitler,Kevin,Zeitler,,,,Shoulder,,Full Participation in Practice,2019-09-13T10:09:21Z
2019,REG,NYG,2,00-0034795,TE,Garrett Dickerson,Garrett,Dickerson,Quadricep,,Out,Quadricep,,Did Not Participate In Practice,2019-09-13T10:09:58Z
2019,REG,NYG,2,00-0032385,WR,Sterling Shepard,Sterling,Shepard,Concussion,,Out,Concussion,,Did Not Participate In Practice,2019-09-13T10:10:12Z
2019,REG,NYG,2,00-0035535,WR,Darius Slayton,Darius,Slayton,Hamstring,,Out,Hamstring,,Did Not Participate In Practice,2019-09-13T10:10:23Z
2019,REG,NYG,2,00-0031344,WR,Cody Latimer,Cody,Latimer,Calf,,Questionable,Calf,,Limited Participation in Practice,2019-09-13T10:09:49Z
2019,REG,NYJ,2,00-0033872,S,Jamal Adams,Jamal,Adams,,,,Hip,,Full Participation in Practice,2019-09-14T12:47:55Z
2019,REG,NYJ,2,00-0032688,WR,Robby Anderson,Robby,Anderson,,,,Calf,,Full Participation in Practice,2019-09-14T12:47:55Z
2019,REG,NYJ,2,00-0034805,DE,John Franklin-Myers,John,Franklin-Myers,,,,Foot,,Full Participation in Practice,2019-09-14T12:48:07Z
2019,REG,NYJ,2,00-0025446,C,Ryan Kalil,Ryan,Kalil,,,,Calf,,Full Participation in Practice,2019-09-14T12:47:55Z
2019,REG,NYJ,2,00-0034302,LB,Frankie Luvu,Frankie,Luvu,,,,Hand,,Full Participation in Practice,2019-09-14T12:47:55Z
2019,REG,NYJ,2,00-0030170,S,Rontez Miles,Rontez,Miles,,,,Hip,,Full Participation in Practice,2019-09-14T12:47:55Z
2019,REG,NYJ,2,00-0034869,QB,Sam Darnold,Sam,Darnold,Illness,,Out,Illness,,Did Not Participate In Practice,2019-09-14T12:48:52Z
2019,REG,NYJ,2,00-0031296,LB,C.J. Mosley,C.J.,Mosley,Groin,,Out,Groin,,Did Not Participate In Practice,2019-09-14T12:49:14Z
2019,REG,NYJ,2,00-0035718,DT,Quinnen Williams,Quinnen,Williams,Ankle,,Out,Ankle,,Did Not Participate In Practice,2019-09-14T12:49:18Z
2019,REG,NYJ,2,00-0027874,WR,Demaryius Thomas,Demaryius,Thomas,Hamstring,,Questionable,Hamstring,,Did Not Participate In Practice,2019-09-14T12:48:42Z
2019,REG,NYJ,2,00-0029316,T,Kelvin Beachum,Kelvin,Beachum,Ankle,,Questionable,Ankle,,Limited Participation in Practice,2019-09-14T12:48:42Z
2019,REG,NYJ,2,00-0030496,RB,Le'Veon Bell,Le'Veon,Bell,Shoulder,,Questionable,Shoulder,,Limited Participation in Practice,2019-09-14T12:48:42Z
2019,REG,NYJ,2,00-0034419,WR,Braxton Berrios,Braxton,Berrios,Hamstring,,Questionable,Hamstring,,Limited Participation in Practice,2019-09-14T12:48:42Z
2019,REG,NYJ,2,00-0032407,G,Alex Lewis,Alex,Lewis,Shoulder,,Questionable,Shoulder,,Limited Participation in Practice,2019-09-14T12:48:42Z
2019,REG,NYJ,2,00-0026564,DT,Steve McLendon,Steve,McLendon,Hip,,Questionable,Hip,,Limited Participation in Practice,2019-09-14T12:48:42Z
2019,REG,NYJ,2,00-0030066,G,Brian Winters,Brian,Winters,Shoulder,,Questionable,Shoulder,,Limited Participation in Practice,2019-09-14T12:48:42Z
2019,REG,OAK,2,00-0035693,S,Johnathan Abram,Johnathan,Abram,,,,Shoulder,,Did Not Participate In Practice,2019-09-12T13:59:35Z
2019,REG,OAK,2,00-0033445,LB,Nicholas Morrow,Nicholas,Morrow,,,,Ankle,,Full Participation in Practice,2019-09-13T12:13:56Z
2019,REG,OAK,2,00-0032160,WR,Tyrell Williams,Tyrell,Williams,,,,Illness,,Limited Participation in Practice,2019-09-13T12:14:14Z
2019,REG,OAK,2,00-0031367,G,Gabe Jackson,Gabe,Jackson,Knee,,Out,Knee,,Did Not Participate In Practice,2019-09-13T12:14:27Z
2019,REG,OAK,2,00-0032112,WR,J.J. Nelson,J.J.,Nelson,Ankle,,Out,Ankle,,Did Not Participate In Practice,2019-09-13T12:14:39Z
2019,REG,OAK,2,00-0035190,P,A.J. Cole,A.J.,Cole,right Foot,,Questionable,,,"
    ",2019-09-13T19:30:24Z
2019,REG,OAK,2,00-0033882,CB,Gareon Conley,Gareon,Conley,Neck,,Questionable,Neck,,Limited Participation in Practice,2019-09-13T12:14:19Z
2019,REG,OAK,2,00-0027956,DT,Corey Liuget,Corey,Liuget,Knee,,Questionable,Knee,,Limited Participation in Practice,2019-09-13T12:14:19Z
2019,REG,PHI,2,00-0033876,DE,Derek Barnett,Derek,Barnett,,,,Shoulder,,Full Participation in Practice,2019-09-13T11:40:50Z
2019,REG,PHI,2,00-0029653,DT,Fletcher Cox,Fletcher,Cox,,,,Toe,,Full Participation in Practice,2019-09-13T11:40:57Z
2019,REG,PHI,2,00-0032437,LB,Kamu Grugier-Hill,Kamu,Grugier-Hill,Knee,,Out,Knee,,Did Not Participate In Practice,2019-09-13T11:43:50Z
2019,REG,PHI,2,00-0034429,T,Jordan Mailata,Jordan,Mailata,Back,,Out,Back,,Did Not Participate In Practice,2019-09-13T11:43:57Z
2019,REG,PHI,2,00-0032792,QB,Nate Sudfeld,Nate,Sudfeld,left Wrist,,Doubtful,left Wrist,,Limited Participation in Practice,2019-09-13T11:44:05Z
2019,REG,PIT,2,00-0033785,T,Zach Banner,Zach,Banner,,,,Illness,,Full Participation in Practice,2019-09-13T12:49:29Z
2019,REG,PIT,2,00-0029670,LB,Mark Barron,Mark,Barron,,,,Not Injury Related,,Full Participation in Practice,2019-09-13T12:49:36Z
2019,REG,PIT,2,00-0033553,RB,James Conner,James,Conner,,,,Illness,,Full Participation in Practice,2019-09-13T12:49:29Z
2019,REG,PIT,2,00-0033053,S,Sean Davis,Sean,Davis,,,,Ankle,,Full Participation in Practice,2019-09-13T12:49:29Z
2019,REG,PIT,2,00-0034858,S,Terrell Edmunds,Terrell,Edmunds,,,,Glute,,Full Participation in Practice,2019-09-13T12:49:29Z
2019,REG,PIT,2,00-0026561,G,Ramon Foster,Ramon,Foster,,,,Not Injury Related,,Full Participation in Practice,2019-09-13T12:49:43Z
2019,REG,PIT,2,00-0022924,QB,Ben Roethlisberger,Ben,Roethlisberger,,,,Not Injury Related,,Full Participation in Practice,2019-09-13T12:49:29Z
2019,REG,PIT,2,00-0033857,WR,JuJu Smith-Schuster,JuJu,Smith-Schuster,,,,Toe,,Full Participation in Practice,2019-09-13T12:49:29Z
2019,REG,PIT,2,00-0033886,LB,T.J. Watt,T.J.,Watt,,,,Hip,,Full Participation in Practice,2019-09-13T12:49:29Z
2019,REG,PIT,2,00-0030741,RB,Roosevelt Nix,Roosevelt,Nix,Knee,,Out,Knee,,Did Not Participate In Practice,2019-09-13T12:50:32Z
2019,REG,PIT,2,00-0027860,CB,Joe Haden,Joe,Haden,Shoulder,,Questionable,Shoulder,,Full Participation in Practice,2019-09-13T12:50:17Z
2019,REG,PIT,2,00-0027870,C,Maurkice Pouncey,Maurkice,Pouncey,Ankle,,Questionable,Ankle,,Full Participation in Practice,2019-09-13T12:50:17Z
2019,REG,SEA,2,00-0035142,S,Ugochukwu Amadi,Ugochukwu,Amadi,,,,Shoulder,,Full Participation in Practice,2019-09-13T14:23:50Z
2019,REG,SEA,2,00-0031282,C,Justin Britt,Justin,Britt,,,,Knee,,Full Participation in Practice,2019-09-13T14:23:50Z
2019,REG,SEA,2,00-0026166,T,Duane Brown,Duane,Brown,,,,Knee,,Full Participation in Practice,2019-09-13T14:23:50Z
2019,REG,SEA,2,00-0031364,DE,Jadeveon Clowney,Jadeveon,Clowney,,,,Not Injury Related,,Full Participation in Practice,2019-09-13T14:23:50Z
2019,REG,SEA,2,00-0035636,DE,L.J. Collier,L.J.,Collier,,,,Ankle,,Full Participation in Practice,2019-09-13T14:23:50Z
2019,REG,SEA,2,00-0034159,TE,Will Dissly,Will,Dissly,,,,Knee,,Full Participation in Practice,2019-09-13T14:23:50Z
2019,REG,SEA,2,00-0032466,T,George Fant,George,Fant,,,,Ankle,,Full Participation in Practice,2019-09-13T14:23:50Z
2019,REG,SEA,2,00-0027869,G,Mike Iupati,Mike,Iupati,,,,Foot,,Full Participation in Practice,2019-09-13T14:23:50Z
2019,REG,SEA,2,00-0032416,DT,Quinton Jefferson,Quinton,Jefferson,,,,Hip,,Full Participation in Practice,2019-09-13T14:24:01Z
2019,REG,SEA,2,00-0032211,WR,Tyler Lockett,Tyler,Lockett,,,,Back,,Full Participation in Practice,2019-09-13T14:24:06Z
2019,REG,SEA,2,00-0033901,C,Ethan Pocic,Ethan,Pocic,,,,Neck,,Full Participation in Practice,2019-09-13T14:24:26Z
2019,REG,SEA,2,00-0032443,C,Joey Hunt,Joey,Hunt,Ankle,,Out,Ankle,,Did Not Participate In Practice,2019-09-13T13:09:14Z
2019,REG,SEA,2,00-0033589,WR,David Moore,David,Moore,Shoulder,,Out,Shoulder,,Limited Participation in Practice,2019-09-13T13:10:10Z
2019,REG,SEA,2,00-0034234,DT,Poona Ford,Poona,Ford,Calf,,Doubtful,Calf,,Did Not Participate In Practice,2019-09-13T13:09:28Z
2019,REG,SEA,2,00-0033554,S,Tedric Thompson,Tedric,Thompson,Hamstring,,Doubtful,Hamstring,,Did Not Participate In Practice,2019-09-13T13:09:40Z
2019,REG,SEA,2,00-0029329,CB,Neiko Thorpe,Neiko,Thorpe,Hamstring,,Doubtful,Hamstring,,Did Not Participate In Practice,2019-09-13T13:09:53Z
2019,REG,SEA,2,00-0030059,DE,Ezekiel Ansah,Ezekiel,Ansah,Shoulder,,Questionable,Shoulder,,Full Participation in Practice,2019-09-13T13:10:20Z
2019,REG,SF,2,00-0031961,LB,Mark Nzeocha,Mark,Nzeocha,,,,Illness,,Full Participation in Practice,2019-09-13T14:36:51Z
2019,REG,SF,2,00-0025415,T,Joe Staley,Joe,Staley,,,,Not Injury Related,,Full Participation in Practice,2019-09-13T14:36:51Z
2019,REG,SF,2,00-0032058,RB,Tevin Coleman,Tevin,Coleman,Ankle,,Out,Ankle,,Did Not Participate In Practice,2019-09-13T14:38:57Z
2019,REG,SF,2,00-0034971,WR,Jalen Hurd,Jalen,Hurd,Back,,Out,Back,,Did Not Participate In Practice,2019-09-13T14:39:15Z
2019,REG,SF,2,00-0033292,WR,Trent Taylor,Trent,Taylor,Foot,,Out,Foot,,Did Not Participate In Practice,2019-09-13T14:39:38Z
2019,REG,SF,2,00-0035717,DE,Nick Bosa,Nick,Bosa,Ankle,,Questionable,Ankle,,Limited Participation in Practice,2019-09-13T14:38:33Z
2019,REG,SF,2,00-0031298,S,Jimmie Ward,Jimmie,Ward,Hand,,Questionable,Hand,,Limited Participation in Practice,2019-09-13T14:40:20Z
2019,REG,TB,2,00-0033898,S,Justin Evans,Justin,Evans,,,,Achilles,,Did Not Participate In Practice,2019-09-09T14:14:33Z
2019,REG,TB,2,00-0033879,TE,O.J. Howard,O.J.,Howard,,,,Ankle,,Full Participation in Practice,2019-09-11T08:56:45Z
2019,REG,TB,2,00-0034816,RB,Ronald Jones,Ronald,Jones,,,,Toe,,Full Participation in Practice,2019-09-11T08:56:45Z
2019,REG,TB,2,00-0031957,DT,Rakeem Nunez-Roches,Rakeem,Nunez-Roches,,,,Finger,,Full Participation in Practice,2019-09-11T08:56:45Z
2019,REG,TB,2,00-0035707,LB,Devin White,Devin,White,,,,Illness,,Full Participation in Practice,2019-09-11T08:56:45Z
2019,REG,TB,2,00-0033434,WR,Bobo Wilson,Bobo,Wilson,,,,Ankle,,Full Participation in Practice,2019-09-11T08:56:45Z
2019,REG,TB,2,00-0027948,QB,Blaine Gabbert,Blaine,Gabbert,left Shoulder,,Out,left Shoulder,,Did Not Participate In Practice,2019-09-11T08:57:02Z
2019,REG,TEN,2,00-0023368,LB,Cameron Wake,Cameron,Wake,,,,Not Injury Related,,Full Participation in Practice,2019-09-13T11:37:22Z
2019,REG,TEN,2,00-0024389,TE,Delanie Walker,Delanie,Walker,,,,Not Injury Related,,Full Participation in Practice,2019-09-13T11:37:22Z
2019,REG,TEN,2,00-0028015,DT,Jurrell Casey,Jurrell,Casey,,,,Hip,,Limited Participation in Practice,2019-09-13T11:37:50Z
2019,REG,TEN,2,00-0032633,LB,Reggie Gilbert,Reggie,Gilbert,Knee,,Out,Knee,,Did Not Participate In Practice,2019-09-13T11:38:06Z
2019,REG,TEN,2,00-0031182,G,Kevin Pamphile,Kevin,Pamphile,Knee,,Out,Knee,,Did Not Participate In Practice,2019-09-13T11:38:13Z
2019,REG,TEN,2,00-0030711,RB,David Fluellen,David,Fluellen,Hamstring,,Questionable,Hamstring,,Limited Participation in Practice,2019-09-13T11:37:57Z
2019,REG,WAS,2,00-0033527,S,Montae Nicholson,Montae,Nicholson,,,,Foot,,Full Participation in Practice,2019-09-13T11:32:46Z
2019,REG,WAS,2,00-0033523,DE,Jonathan Allen,Jonathan,Allen,Knee,,Out,Knee,,Did Not Participate In Practice,2019-09-13T11:33:38Z
2019,REG,WAS,2,00-0033962,DE,Caleb Brantley,Caleb,Brantley,Foot,,Out,Foot,,Did Not Participate In Practice,2019-09-13T11:33:45Z
2019,REG,WAS,2,00-0034358,RB,Derrius Guice,Derrius,Guice,Knee,,Out,Knee,,Did Not Participate In Practice,2019-09-13T11:34:00Z
2019,REG,WAS,2,00-0027688,QB,Colt McCoy,Colt,McCoy,Fibula,,Out,Fibula,,Did Not Participate In Practice,2019-09-13T11:34:08Z
2019,REG,WAS,2,00-0030472,TE,Jordan Reed,Jordan,Reed,Concussion,,Out,Concussion,,Did Not Participate In Practice,2019-09-13T11:34:41Z
2019,REG,WAS,2,00-0033918,CB,Fabian Moreau,Fabian,Moreau,Ankle,,Doubtful,Ankle,,Limited Participation in Practice,2019-09-13T11:34:18Z
2019,REG,WAS,2,00-0032007,CB,Quinton Dunbar,Quinton,Dunbar,Knee,,Questionable,Knee,,Did Not Participate In Practice,2019-09-13T11:33:53Z
2019,REG,ARI,3,00-0022161,LB,Terrell Suggs,Terrell,Suggs,,,,Not Injury Related,,Did Not Participate In Practice,2019-09-20T13:26:33Z
2019,REG,ARI,3,00-0028112,TE,Charles Clay,Charles,Clay,,,,Not Injury Related,,Full Participation in Practice,2019-09-20T13:25:29Z
2019,REG,ARI,3,00-0022921,WR,Larry Fitzgerald,Larry,Fitzgerald,,,,Not Injury Related,,Full Participation in Practice,2019-09-20T13:25:29Z
2019,REG,ARI,3,00-0032129,LB,Jordan Hicks,Jordan,Hicks,,,,Groin,,Full Participation in Practice,2019-09-20T13:25:40Z
2019,REG,ARI,3,00-0032187,RB,David Johnson,David,Johnson,,,,Wrist,,Full Participation in Practice,2019-09-20T13:25:29Z
2019,REG,ARI,3,00-0027686,DT,Corey Peters,Corey,Peters,,,,Knee,,Full Participation in Practice,2019-09-20T13:25:45Z
2019,REG,ARI,3,00-0035536,G,Lamont Gaillard,Lamont,Gaillard,Knee,,Out,Knee,,Did Not Participate In Practice,2019-09-20T13:27:26Z
2019,REG,ARI,3,00-0033093,DE,Jonathan Bullard,Jonathan,Bullard,Hamstring,,Questionable,Hamstring,,Did Not Participate In Practice,2019-09-20T13:26:58Z
2019,REG,ARI,3,00-0034490,LB,Ezekiel Turner,Ezekiel,Turner,Hand,Hamstring,Questionable,Hand,Hamstring,Did Not Participate In Practice,2019-09-20T13:26:58Z
2019,REG,ARI,3,00-0034641,CB,Chris Jones,Chris,Jones,Ankle,,Questionable,Ankle,,Limited Participation in Practice,2019-09-20T13:26:58Z
2019,REG,ATL,3,00-0030465,RB,Kenjon Barner,Kenjon,Barner,,,,Ankle,,Full Participation in Practice,2019-09-20T10:02:24Z
2019,REG,ATL,3,00-0034140,T,Matt Gono,Matt,Gono,,,,Back,,Full Participation in Practice,2019-09-20T10:02:35Z
2019,REG,ATL,3,00-0032382,S,Keanu Neal,Keanu,Neal,,,,Groin,,Full Participation in Practice,2019-09-20T10:02:11Z
2019,REG,ATL,3,00-0028042,TE,Luke Stocker,Luke,Stocker,,,,Foot,,Full Participation in Practice,2019-09-20T10:02:49Z
2019,REG,ATL,3,00-0035235,T,Kaleb McGary,Kaleb,McGary,,,,Knee,,Limited Participation in Practice,2019-09-20T10:03:07Z
2019,REG,ATL,3,00-0028130,P,Matt Bosher,Matt,Bosher,right Groin,,Out,Groin,,Did Not Participate In Practice,2019-09-20T10:24:07Z
2019,REG,BAL,3,00-0035662,WR,Marquise Brown,Marquise,Brown,,,,Not Injury Related,,Did Not Participate In Practice,2019-09-20T12:18:41Z
2019,REG,BAL,3,00-0026280,CB,Brandon Carr,Brandon,Carr,,,,Not Injury Related,,Did Not Participate In Practice,2019-09-20T12:18:54Z
2019,REG,BAL,3,00-0028103,LB,Pernell McPhee,Pernell,McPhee,,,,Not Injury Related,,Did Not Participate In Practice,2019-09-20T12:19:15Z
2019,REG,BAL,3,00-0027866,S,Earl Thomas,Earl,Thomas,,,,Not Injury Related,,Full Participation in Practice,2019-09-20T12:17:50Z
2019,REG,BAL,3,00-0027965,CB,Jimmy Smith,Jimmy,Smith,Knee,,Out,Knee,,Did Not Participate In Practice,2019-09-20T12:20:14Z
2019,REG,BAL,3,00-0030020,S,Brynden Trawick,Brynden,Trawick,Elbow,,Out,Elbow,,Did Not Participate In Practice,2019-09-20T12:20:24Z
2019,REG,BAL,3,00-0033376,DT,Patrick Ricard,Patrick,Ricard,Back,,Questionable,Back,,Full Participation in Practice,2019-09-20T12:19:54Z
2019,REG,BAL,3,00-0034753,TE,Mark Andrews,Mark,Andrews,Foot,,Questionable,Foot,,Limited Participation in Practice,2019-09-20T12:19:54Z
2019,REG,BUF,3,00-0023259,LB,Lorenzo Alexander,Lorenzo,Alexander,,,,Rest,,Did Not Participate In Practice,2019-09-18T11:36:40Z
2019,REG,BUF,3,00-0031051,WR,John Brown,John,Brown,,,,Rest,,Did Not Participate In Practice,2019-09-18T11:36:56Z
2019,REG,BUF,3,00-0023500,RB,Frank Gore,Frank,Gore,,,,Rest,,Did Not Participate In Practice,2019-09-19T11:57:07Z
2019,REG,BUF,3,00-0030455,DT,Star Lotulelei,Star,Lotulelei,,,,Rest,,Did Not Participate In Practice,2019-09-20T10:40:51Z
2019,REG,BUF,3,00-0029709,T,Ty Nsekhe,Ty,Nsekhe,,,,Rest,,Did Not Participate In Practice,2019-09-18T11:37:48Z
2019,REG,BUF,3,00-0027691,WR,Andre Roberts,Andre,Roberts,,,,Quadricep,,Full Participation in Practice,2019-09-20T10:40:25Z
2019,REG,BUF,3,00-0033884,CB,Tre'Davious White,Tre'Davious,White,,,,Neck,,Full Participation in Practice,2019-09-20T10:40:30Z
2019,REG,BUF,3,00-0034376,CB,Taron Johnson,Taron,Johnson,Hamstring,,Out,Hamstring,,Did Not Participate In Practice,2019-09-20T10:41:27Z
2019,REG,BUF,3,00-0032214,TE,Tyler Kroft,Tyler,Kroft,Foot,Ankle,Out,Foot,Ankle,Did Not Participate In Practice,2019-09-20T10:41:33Z
2019,REG,BUF,3,00-0035250,RB,Devin Singletary,Devin,Singletary,Hamstring,,Out,Hamstring,,Did Not Participate In Practice,2019-09-20T10:41:40Z
2019,REG,BUF,3,00-0034539,LB,Corey Thompson,Corey,Thompson,Ankle,,Questionable,Ankle,,Did Not Participate In Practice,2019-09-20T10:41:11Z
2019,REG,CAR,3,00-0034362,S,Rashaan Gaulden,Rashaan,Gaulden,Groin,,Out,Groin,,Did Not Participate In Practice,2019-09-20T12:07:52Z
2019,REG,CAR,3,00-0034026,T,Brandon Greene,Brandon,Greene,Neck,,Out,Neck,,Did Not Participate In Practice,2019-09-20T12:08:01Z
2019,REG,CAR,3,00-0029193,LB,Bruce Irvin,Bruce,Irvin,Hamstring,,Out,Hamstring,,Did Not Participate In Practice,2019-09-20T12:08:10Z
2019,REG,CAR,3,00-0027939,QB,Cam Newton,Cam,Newton,Foot,,Out,Foot,,Did Not Participate In Practice,2019-09-20T12:08:19Z
2019,REG,CAR,3,00-0030448,DE,Kawann Short,Kawann,Short,Shoulder,,Questionable,Shoulder,,Did Not Participate In Practice,2019-09-20T12:07:42Z
2019,REG,CAR,3,00-0025418,TE,Greg Olsen,Greg,Olsen,Back,,Questionable,Back,,Full Participation in Practice,2019-09-20T12:07:42Z
2019,REG,CHI,3,00-0031551,DT,Eddie Goldman,Eddie,Goldman,,,,oblique,,Full Participation in Practice,2019-09-21T11:38:45Z
2019,REG,CHI,3,00-0034387,DT,Bilal Nichols,Bilal,Nichols,Hand,,Out,Hand,,Did Not Participate In Practice,2019-09-21T11:40:22Z
2019,REG,CHI,3,00-0030441,G,Kyle Long,Kyle,Long,Hip,,Questionable,Hip,,Did Not Participate In Practice,2019-09-21T11:39:56Z
2019,REG,CHI,3,00-0030710,TE,Trey Burton,Trey,Burton,Groin,,Questionable,Groin,,Limited Participation in Practice,2019-09-21T11:39:56Z
2019,REG,CHI,3,00-0033784,S,Eddie Jackson,Eddie,Jackson,Shoulder,Knee,Questionable,Shoulder,Knee,Limited Participation in Practice,2019-09-21T11:39:56Z
2019,REG,CHI,3,00-0034173,K,Eddy Pineiro,Eddy,Pineiro,right Knee,,Questionable,right Knee,,Limited Participation in Practice,2019-09-21T11:39:56Z
2019,REG,CIN,3,00-0030549,TE,Tyler Eifert,Tyler,Eifert,,,,Not Injury Related,,Did Not Participate In Practice,2019-09-18T12:58:52Z
2019,REG,CIN,3,00-0032134,TE,C.J. Uzomah,C.J.,Uzomah,,,,Foot,,Full Participation in Practice,2019-09-20T10:17:37Z
2019,REG,CIN,3,00-0033786,DT,Ryan Glasgow,Ryan,Glasgow,Thigh,,Out,Thigh,,Did Not Participate In Practice,2019-09-20T10:18:43Z
2019,REG,CIN,3,00-0029561,T,Cordy Glenn,Cordy,Glenn,Concussion,,Out,Concussion,,Did Not Participate In Practice,2019-09-20T10:18:53Z
2019,REG,CIN,3,00-0027942,WR,A.J. Green,A.J.,Green,Ankle,,Out,Ankle,,Did Not Participate In Practice,2019-09-20T10:19:03Z
2019,REG,CIN,3,00-0030403,CB,B.W. Webb,B.W.,Webb,Forearm,,Out,Forearm,,Did Not Participate In Practice,2019-09-20T10:19:17Z
2019,REG,CIN,3,00-0030776,DE,Kerry Wynn,Kerry,Wynn,Concussion,,Out,Concussion,,Did Not Participate In Practice,2019-09-20T10:19:24Z
2019,REG,CIN,3,00-0033463,DE,Carl Lawson,Carl,Lawson,Hamstring,,Doubtful,Hamstring,,Did Not Participate In Practice,2019-09-20T10:19:36Z
2019,REG,CIN,3,00-0026982,T,Andre Smith,Andre,Smith,Groin,,Questionable,Groin,,Full Participation in Practice,2019-09-20T10:18:31Z
2019,REG,CIN,3,00-0035266,G,Michael Jordan,Michael,Jordan,Knee,,Questionable,Knee,,Limited Participation in Practice,2019-09-20T10:18:31Z
2019,REG,CLE,3,00-0035144,LB,Mack Wilson,Mack,Wilson,,,,Not Injury Related,,Did Not Participate In Practice,2019-09-20T12:27:26Z
2019,REG,CLE,3,00-0031235,WR,Odell Beckham,Odell,Beckham,,,,Hip,,Full Participation in Practice,2019-09-20T12:24:48Z
2019,REG,CLE,3,00-0034253,RB,Dontrell Hilliard,Dontrell,Hilliard,,,,Concussion,,Full Participation in Practice,2019-09-20T12:24:48Z
2019,REG,CLE,3,00-0033905,DT,Larry Ogunjobi,Larry,Ogunjobi,,,,Ankle,,Full Participation in Practice,2019-09-20T12:25:30Z
2019,REG,CLE,3,00-0035145,K,Austin Seibert,Austin,Seibert,,,,right Hip,,Full Participation in Practice,2019-09-20T12:24:48Z
2019,REG,CLE,3,00-0031426,G,Joel Bitonio,Joel,Bitonio,,,,Abdomen,,Limited Participation in Practice,2019-09-20T12:24:48Z
2019,REG,CLE,3,00-0031361,LB,Christian Kirksey,Christian,Kirksey,Chest,,Out,Chest,,Did Not Participate In Practice,2019-09-20T12:29:06Z
2019,REG,CLE,3,00-0031921,T,Kendall Lamm,Kendall,Lamm,Knee,,Out,Knee,,Did Not Participate In Practice,2019-09-20T12:29:24Z
2019,REG,CLE,3,00-0033885,TE,David Njoku,David,Njoku,Concussion,Wrist,Out,Concussion,Wrist,Did Not Participate In Practice,2019-09-20T12:29:31Z
2019,REG,CLE,3,00-0032251,S,Damarious Randall,Damarious,Randall,Concussion,,Out,Concussion,,Did Not Participate In Practice,2019-09-20T12:29:43Z
2019,REG,CLE,3,00-0027676,S,Morgan Burnett,Morgan,Burnett,Quadricep,,Questionable,Quadricep,,Did Not Participate In Practice,2019-09-20T12:28:35Z
2019,REG,CLE,3,00-0029963,T,Christopher Hubbard,Christopher,Hubbard,Foot,,Questionable,Foot,,Did Not Participate In Practice,2019-09-20T12:28:35Z
2019,REG,CLE,3,00-0034977,S,Sheldrick Redwine,Sheldrick,Redwine,Hamstring,,Questionable,Hamstring,,Did Not Participate In Practice,2019-09-20T12:28:35Z
2019,REG,CLE,3,00-0031264,DE,Chris Smith,Chris,Smith,Not Injury Related,,Questionable,Not Injury Related,,Did Not Participate In Practice,2019-09-20T12:30:07Z
2019,REG,CLE,3,00-0034856,CB,Denzel Ward,Denzel,Ward,Hamstring,,Questionable,Hamstring,,Did Not Participate In Practice,2019-09-20T12:28:35Z
2019,REG,CLE,3,00-0035638,CB,Greedy Williams,Greedy,Williams,Hamstring,,Questionable,Hamstring,,Did Not Participate In Practice,2019-09-20T12:28:35Z
2019,REG,CLE,3,00-0032977,WR,Rashard Higgins,Rashard,Higgins,Knee,,Questionable,Knee,,Limited Participation in Practice,2019-09-20T12:28:35Z
2019,REG,CLE,3,00-0031120,LB,Adarius Taylor,Adarius,Taylor,Ankle,,Questionable,Ankle,,Limited Participation in Practice,2019-09-20T12:28:35Z
2019,REG,DAL,3,00-0027663,LB,Sean Lee,Sean,Lee,,,,Knee,Not Injury Related,Did Not Participate In Practice,2019-09-20T11:44:02Z
2019,REG,DAL,3,00-0028002,WR,Randall Cobb,Randall,Cobb,,,,Rib,,Full Participation in Practice,2019-09-20T11:43:53Z
2019,REG,DAL,3,00-0031544,WR,Amari Cooper,Amari,Cooper,,,,Foot,,Full Participation in Practice,2019-09-20T11:43:53Z
2019,REG,DAL,3,00-0030196,S,Jeff Heath,Jeff,Heath,,,,Knee,,Full Participation in Practice,2019-09-20T11:43:53Z
2019,REG,DAL,3,00-0033658,TE,Blake Jarwin,Blake,Jarwin,,,,Foot,,Full Participation in Practice,2019-09-20T11:43:53Z
2019,REG,DAL,3,00-0031402,G,Zack Martin,Zack,Martin,,,,Back,,Full Participation in Practice,2019-09-20T11:43:53Z
2019,REG,DAL,3,00-0034383,TE,Dalton Schultz,Dalton,Schultz,,,,Foot,,Full Participation in Practice,2019-09-20T11:43:53Z
2019,REG,DAL,3,00-0035301,S,Donovan Wilson,Donovan,Wilson,,,,Ankle,,Full Participation in Practice,2019-09-20T11:43:53Z
2019,REG,DAL,3,00-0030525,WR,Tavon Austin,Tavon,Austin,Concussion,,Out,Concussion,,Did Not Participate In Practice,2019-09-20T11:44:12Z
2019,REG,DAL,3,00-0029641,DE,Tyrone Crawford,Tyrone,Crawford,Hip,,Out,Hip,,Did Not Participate In Practice,2019-09-20T11:44:22Z
2019,REG,DAL,3,00-0034764,WR,Michael Gallup,Michael,Gallup,Knee,,Out,Knee,,Did Not Participate In Practice,2019-09-20T11:44:26Z
2019,REG,DAL,3,00-0035413,LB,Luke Gifford,Luke,Gifford,Ankle,,Out,Ankle,,Did Not Participate In Practice,2019-09-20T11:44:33Z
2019,REG,DAL,3,00-0032871,DT,Antwaun Woods,Antwaun,Woods,Knee,,Out,Knee,,Did Not Participate In Practice,2019-09-20T11:44:56Z
2019,REG,DAL,3,00-0033579,S,Xavier Woods,Xavier,Woods,Ankle,,Out,Ankle,,Did Not Participate In Practice,2019-09-20T11:45:02Z
2019,REG,DEN,3,00-0029010,G,Ronald Leary,Ronald,Leary,,,,Not Injury Related,,Full Participation in Practice,2019-09-20T12:17:09Z
2019,REG,DEN,3,00-0034348,WR,Courtland Sutton,Courtland,Sutton,,,,Ribs,,Full Participation in Practice,2019-09-20T12:17:14Z
2019,REG,DEN,3,00-0027685,WR,Emmanuel Sanders,Emmanuel,Sanders,,,,Not Injury Related,,Limited Participation in Practice,2019-09-20T12:17:20Z
2019,REG,DEN,3,00-0031417,T,Ja'Wuan James,Ja'Wuan,James,Knee,,Out,Knee,,Did Not Participate In Practice,2019-09-20T12:17:35Z
2019,REG,DEN,3,00-0032956,RB,Andy Janovich,Andy,Janovich,Pectoral,,Out,Pectoral,,Limited Participation in Practice,2019-09-20T12:17:39Z
2019,REG,DEN,3,00-0033659,LB,Joseph Jones,Joseph,Jones,Triceps,,Out,Triceps,,Limited Participation in Practice,2019-09-20T12:17:43Z
2019,REG,DEN,3,00-0031427,LB,Todd Davis,Todd,Davis,Calf,,Questionable,Calf,,Full Participation in Practice,2019-09-20T12:17:29Z
2019,REG,DEN,3,00-0031904,CB,Bryce Callahan,Bryce,Callahan,Foot,,Questionable,Foot,,Limited Participation in Practice,2019-09-20T12:17:29Z
2019,REG,DET,3,00-0034371,DE,Da'Shawn Hand,Da'Shawn,Hand,Elbow,,Out,Elbow,,Limited Participation in Practice,2019-09-21T12:55:24Z
2019,REG,DET,3,00-0033539,LB,Jarrad Davis,Jarrad,Davis,Ankle,,Questionable,Ankle,,Limited Participation in Practice,2019-09-20T12:00:55Z
2019,REG,DET,3,00-0032381,T,Taylor Decker,Taylor,Decker,Back,,Questionable,Back,,Limited Participation in Practice,2019-09-20T12:00:55Z
2019,REG,DET,3,00-0029901,CB,Rashaan Melvin,Rashaan,Melvin,Knee,,Questionable,Knee,,Limited Participation in Practice,2019-09-20T12:00:55Z
2019,REG,DET,3,00-0035327,S,C.J. Moore,C.J.,Moore,Heel,,Questionable,Heel,,Limited Participation in Practice,2019-09-20T12:00:55Z
2019,REG,GB,3,00-0031381,WR,Davante Adams,Davante,Adams,,,,Not Injury Related,,Did Not Participate In Practice,2019-09-20T13:02:06Z
2019,REG,GB,3,00-0033438,DE,Fadol Brown,Fadol,Brown,,,,Knee,,Full Participation in Practice,2019-09-20T12:59:00Z
2019,REG,GB,3,00-0027875,T,Bryan Bulaga,Bryan,Bulaga,,,,Not Injury Related,,Full Participation in Practice,2019-09-20T12:59:00Z
2019,REG,GB,3,00-0033120,DT,Kenny Clark,Kenny,Clark,,,,Calf,,Full Participation in Practice,2019-09-20T12:59:00Z
2019,REG,GB,3,00-0034990,CB,Ka'dar Hollman,Ka'dar,Hollman,,,,Neck,,Full Participation in Practice,2019-09-20T12:59:00Z
2019,REG,GB,3,00-0033524,CB,Kevin King,Kevin,King,,,,Chest,,Full Participation in Practice,2019-09-20T12:59:00Z
2019,REG,GB,3,00-0033124,S,Will Redmond,Will,Redmond,,,,Ankle,,Full Participation in Practice,2019-09-20T12:59:00Z
2019,REG,GB,3,00-0034968,S,Darnell Savage,Darnell,Savage,,,,Shin,,Full Participation in Practice,2019-09-20T12:59:00Z
2019,REG,GB,3,00-0031576,LB,Za'Darius Smith,Za'Darius,Smith,,,,Ankle,,Full Participation in Practice,2019-09-20T12:59:00Z
2019,REG,GB,3,00-0024061,CB,Tramon Williams,Tramon,Williams,,,,Not Injury Related,,Full Participation in Practice,2019-09-20T12:59:00Z
2019,REG,GB,3,00-0033948,RB,Jamaal Williams,Jamaal,Williams,,,,Ankle,,Full Participation in Practice,2019-09-20T13:03:53Z
2019,REG,GB,3,00-0032408,LB,Blake Martinez,Blake,Martinez,,,,Shoulder,,Limited Participation in Practice,2019-09-20T12:59:00Z
2019,REG,GB,3,00-0034754,LB,Oren Burks,Oren,Burks,Chest,,Out,Chest,,Did Not Participate In Practice,2019-09-20T13:04:37Z
2019,REG,GB,3,00-0030273,G,Lane Taylor,Lane,Taylor,Biceps,,Out,Biceps,,Did Not Participate In Practice,2019-09-20T13:05:32Z
2019,REG,GB,3,00-0033929,DE,Montravius Adams,Montravius,Adams,Shoulder,,Doubtful,Shoulder,,Did Not Participate In Practice,2019-09-20T13:04:21Z
2019,REG,GB,3,00-0032955,LB,Kyler Fackrell,Kyler,Fackrell,Shoulder,,Questionable,Shoulder,,Limited Participation in Practice,2019-09-20T13:04:07Z
2019,REG,GB,3,00-0027696,TE,Jimmy Graham,Jimmy,Graham,Groin,,Questionable,Groin,,Limited Participation in Practice,2019-09-20T13:04:07Z
2019,REG,GB,3,00-0031787,WR,Jake Kumerow,Jake,Kumerow,Shoulder,,Questionable,Shoulder,,Limited Participation in Practice,2019-09-20T13:04:07Z
2019,REG,GB,3,00-0035181,WR,Darrius Shepherd,Darrius,Shepherd,Hamstring,,Questionable,Hamstring,,Limited Participation in Practice,2019-09-20T13:04:07Z
2019,REG,HOU,3,00-0033765,LB,Dylan Cole,Dylan,Cole,,,,Back,,Full Participation in Practice,2019-09-20T12:12:59Z
2019,REG,HOU,3,00-0033127,WR,Will Fuller,Will,Fuller,,,,Not Injury Related,,Full Participation in Practice,2019-09-20T12:12:59Z
2019,REG,HOU,3,00-0028924,S,Tashaun Gipson,Tashaun,Gipson,,,,Wrist,,Full Participation in Practice,2019-09-20T12:12:59Z
2019,REG,HOU,3,00-0030564,WR,DeAndre Hopkins,DeAndre,Hopkins,,,,Ribs,,Full Participation in Practice,2019-09-20T12:12:59Z
2019,REG,HOU,3,00-0031045,RB,Carlos Hyde,Carlos,Hyde,,,,Shoulder,,Full Participation in Practice,2019-09-20T12:12:59Z
2019,REG,HOU,3,00-0031923,C,Greg Mancz,Greg,Mancz,,,,Ankle,,Full Participation in Practice,2019-09-20T12:12:59Z
2019,REG,HOU,3,00-0034594,S,A.J. Moore,A.J.,Moore,,,,Knee,,Full Participation in Practice,2019-09-20T12:12:59Z
2019,REG,HOU,3,00-0034361,S,Justin Reid,Justin,Reid,,,,Shoulder,,Full Participation in Practice,2019-09-20T12:12:59Z
2019,REG,HOU,3,00-0028063,RB,Taiwan Jones,Taiwan,Jones,Hamstring,,Questionable,Hamstring,,Limited Participation in Practice,2019-09-20T12:13:17Z
2019,REG,HOU,3,00-0029546,G,Senio Kelemete,Senio,Kelemete,Wrist,,Questionable,Wrist,,Limited Participation in Practice,2019-09-20T12:13:28Z
2019,REG,HOU,3,00-0032380,T,Laremy Tunsil,Laremy,Tunsil,Ankle,,Questionable,Ankle,,Limited Participation in Practice,2019-09-20T12:13:41Z
2019,REG,IND,3,00-0031254,DT,Denico Autry,Denico,Autry,,,,Ankle,,Did Not Participate In Practice,2019-09-20T12:21:13Z
2019,REG,IND,3,00-0027960,T,Anthony Castonzo,Anthony,Castonzo,,,,Not Injury Related,,Did Not Participate In Practice,2019-09-20T12:21:22Z
2019,REG,IND,3,00-0031571,S,Clayton Geathers,Clayton,Geathers,,,,Not Injury Related,,Did Not Participate In Practice,2019-09-20T12:21:33Z
2019,REG,IND,3,00-0028008,DE,Justin Houston,Justin,Houston,,,,Not Injury Related,,Did Not Participate In Practice,2019-09-20T12:21:45Z
2019,REG,IND,3,00-0033119,QB,Jacoby Brissett,Jacoby,Brissett,,,,Knee,,Full Participation in Practice,2019-09-20T12:20:19Z
2019,REG,IND,3,00-0031331,CB,Pierre Desir,Pierre,Desir,,,,Knee,,Full Participation in Practice,2019-09-20T12:20:31Z
2019,REG,IND,3,00-0033964,DE,Al-Quadin Muhammad,Al-Quadin,Muhammad,,,,Shoulder,,Full Participation in Practice,2019-09-20T12:20:19Z
2019,REG,IND,3,00-0033251,WR,Zach Pascal,Zach,Pascal,,,,Shoulder,,Full Participation in Practice,2019-09-20T12:21:02Z
2019,REG,IND,3,00-0034354,DE,Kemoko Turay,Kemoko,Turay,,,,Neck,,Full Participation in Practice,2019-09-20T12:20:19Z
2019,REG,IND,3,00-0034846,LB,Darius Leonard,Darius,Leonard,Concussion,,Out,Concussion,,Did Not Participate In Practice,2019-09-20T12:22:43Z
2019,REG,IND,3,00-0027975,DE,Jabaal Sheard,Jabaal,Sheard,Knee,,Out,Knee,,Limited Participation in Practice,2019-09-20T12:22:57Z
2019,REG,IND,3,00-0032975,RB,Jonathan Williams,Jonathan,Williams,Rib,,Questionable,Rib,,Full Participation in Practice,2019-09-20T12:22:23Z
2019,REG,IND,3,00-0029608,WR,T.Y. Hilton,T.Y.,Hilton,Quadricep,,Questionable,Quadricep,,Limited Participation in Practice,2019-09-20T12:22:23Z
2019,REG,IND,3,00-0033951,RB,Marlon Mack,Marlon,Mack,Calf,,Questionable,Calf,,Limited Participation in Practice,2019-09-20T12:22:23Z
2019,REG,JAX,3,00-0034777,WR,D.J. Chark,D.J.,Chark,,,,Ankle,,Full Participation in Practice,2019-09-18T12:51:43Z
2019,REG,JAX,3,00-0034779,S,Ronnie Harrison,Ronnie,Harrison,,,,Ankle,,Full Participation in Practice,2019-09-18T12:51:43Z
2019,REG,JAX,3,00-0031431,WR,Marqise Lee,Marqise,Lee,,,,Knee,,Full Participation in Practice,2019-09-18T12:51:43Z
2019,REG,JAX,3,00-0033123,DE,Yannick Ngakoue,Yannick,Ngakoue,,,,Hamstring,,Full Participation in Practice,2019-09-18T12:51:43Z
2019,REG,JAX,3,00-0032233,T,Cedric Ogbuehi,Cedric,Ogbuehi,,,,Hamstring,,Full Participation in Practice,2019-09-18T12:51:43Z
2019,REG,JAX,3,00-0033889,T,Cam Robinson,Cam,Robinson,,,,Knee,,Full Participation in Practice,2019-09-18T12:51:43Z
2019,REG,JAX,3,00-0032128,WR,Chris Conley,Chris,Conley,,,,Hip,,Limited Participation in Practice,2019-09-18T12:51:43Z
2019,REG,JAX,3,00-0031369,C,Brandon Linder,Brandon,Linder,,,,Knee,,Limited Participation in Practice,2019-09-18T12:52:28Z
2019,REG,JAX,3,00-0031950,LB,D.J. Alexander,D.J.,Alexander,Hamstring,,Out,Hamstring,,Did Not Participate In Practice,2019-09-18T12:56:25Z
2019,REG,JAX,3,00-0035249,TE,Josh Oliver,Josh,Oliver,Hamstring,,Out,Hamstring,,Did Not Participate In Practice,2019-09-18T12:56:11Z
2019,REG,JAX,3,00-0030228,CB,A.J. Bouye,A.J.,Bouye,Hip,,Questionable,Hip,,Limited Participation in Practice,2019-09-18T12:55:36Z
2019,REG,JAX,3,00-0029691,CB,Josh Robinson,Josh,Robinson,Foot,,Questionable,Foot,,Limited Participation in Practice,2019-09-18T12:55:36Z
2019,REG,KC,3,00-0031022,G,Laurent Duvernay-Tardif,Laurent,Duvernay-Tardif,,,,Elbow,,Full Participation in Practice,2019-09-20T12:02:41Z
2019,REG,KC,3,00-0032145,T,Cameron Erving,Cameron,Erving,,,,Elbow,,Full Participation in Practice,2019-09-20T12:02:41Z
2019,REG,KC,3,00-0030506,TE,Travis Kelce,Travis,Kelce,,,,Knee,,Full Participation in Practice,2019-09-20T12:02:41Z
2019,REG,KC,3,00-0033873,QB,Patrick Mahomes,Patrick,Mahomes,,,,Ankle,,Full Participation in Practice,2019-09-20T12:02:41Z
2019,REG,KC,3,00-0032775,WR,Demarcus Robinson,Demarcus,Robinson,,,,Elbow,,Full Participation in Practice,2019-09-20T12:02:41Z
2019,REG,KC,3,00-0030584,T,Eric Fisher,Eric,Fisher,Groin,,Out,Groin,,Did Not Participate In Practice,2019-09-20T12:03:09Z
2019,REG,KC,3,00-0033040,WR,Tyreek Hill,Tyreek,Hill,Shoulder,,Out,Shoulder,,Did Not Participate In Practice,2019-09-20T12:03:15Z
2019,REG,KC,3,00-0030874,RB,Damien Williams,Damien,Williams,Knee,,Out,Knee,,Did Not Participate In Practice,2019-09-20T12:03:29Z
2019,REG,KC,3,00-0027029,RB,LeSean McCoy,LeSean,McCoy,Ankle,,Questionable,Ankle,,Full Participation in Practice,2019-09-20T12:03:00Z
2019,REG,LA,3,00-0032241,RB,Todd Gurley,Todd,Gurley,,,,Not Injury Related,,Did Not Participate In Practice,2019-09-20T13:32:16Z
2019,REG,LA,3,00-0031806,RB,Malcolm Brown,Malcolm,Brown,,,,Ankle,,Full Participation in Practice,2019-09-20T13:31:45Z
2019,REG,LA,3,00-0024270,T,Andrew Whitworth,Andrew,Whitworth,,,,Not Injury Related,,Full Participation in Practice,2019-09-20T13:32:07Z
2019,REG,LA,3,00-0033110,TE,Tyler Higbee,Tyler,Higbee,Chest,,Out,Chest,,Did Not Participate In Practice,2019-09-20T13:32:31Z
2019,REG,LA,3,00-0032455,G,Austin Blythe,Austin,Blythe,Ankle,,Questionable,Ankle,,Limited Participation in Practice,2019-09-20T13:32:18Z
2019,REG,LA,3,00-0031388,DT,Aaron Donald,Aaron,Donald,Back,,Questionable,Back,,Limited Participation in Practice,2019-09-20T13:32:18Z
2019,REG,LAC,3,00-0030279,WR,Keenan Allen,Keenan,Allen,,,,Knee,,Full Participation in Practice,2019-09-20T12:30:32Z
2019,REG,LAC,3,00-0032895,LB,Jatavis Brown,Jatavis,Brown,,,,Ankle,,Full Participation in Practice,2019-09-20T12:30:25Z
2019,REG,LAC,3,00-0032103,LB,Denzel Perryman,Denzel,Perryman,,,,Ankle,,Full Participation in Practice,2019-09-20T12:30:25Z
2019,REG,LAC,3,00-0027953,C,Mike Pouncey,Mike,Pouncey,,,,Shoulder,,Full Participation in Practice,2019-09-20T12:30:42Z
2019,REG,LAC,3,00-0035437,CB,Roderic Teamer,Roderic,Teamer,,,,Hamstring,,Full Participation in Practice,2019-09-20T12:30:25Z
2019,REG,LAC,3,00-0033536,WR,Mike Williams,Mike,Williams,,,,Knee,,Full Participation in Practice,2019-09-20T12:30:25Z
2019,REG,LAC,3,00-0033090,TE,Hunter Henry,Hunter,Henry,Knee,,Out,Knee,,Did Not Participate In Practice,2019-09-20T12:31:25Z
2019,REG,LAC,3,00-0033697,CB,Michael Davis,Michael,Davis,Hamstring,,Doubtful,Hamstring,,Did Not Participate In Practice,2019-09-20T12:31:18Z
2019,REG,LAC,3,00-0034084,K,Michael Badgley,Michael,Badgley,right Groin,,Questionable,right Groin,,Full Participation in Practice,2019-09-20T12:31:04Z
2019,REG,MIA,3,00-0034343,QB,Josh Rosen,Josh,Rosen,,,,Knee,,Full Participation in Practice,2019-09-20T11:35:33Z
2019,REG,MIA,3,00-0035318,CB,Ken Webster,Ken,Webster,,,,Illness,,Limited Participation in Practice,2019-09-18T11:47:04Z
2019,REG,MIA,3,00-0027762,S,Reshad Jones,Reshad,Jones,Ankle,,Out,Ankle,,Did Not Participate In Practice,2019-09-20T11:36:10Z
2019,REG,MIA,3,00-0030669,WR,Albert Wilson,Albert,Wilson,Hip,Calf,Out,Hip,Calf,Did Not Participate In Practice,2019-09-20T11:36:30Z
2019,REG,MIA,3,00-0033880,DE,Charles Harris,Charles,Harris,Wrist,,Questionable,Wrist,,Full Participation in Practice,2019-09-20T11:35:54Z
2019,REG,MIA,3,00-0034588,LB,Trent Harris,Trent,Harris,Foot,,Questionable,Foot,,Limited Participation in Practice,2019-09-20T11:35:54Z
2019,REG,MIA,3,00-0031587,S,Bobby McCain,Bobby,McCain,Shoulder,,Questionable,Shoulder,,Limited Participation in Practice,2019-09-20T11:35:54Z
2019,REG,MIN,3,00-0032422,LB,Kentrell Brothers,Kentrell,Brothers,,,,Wrist,Hamstring,Full Participation in Practice,2019-09-20T11:39:14Z
2019,REG,MIN,3,00-0027701,DE,Everson Griffen,Everson,Griffen,,,,Elbow,,Full Participation in Practice,2019-09-20T11:38:34Z
2019,REG,MIN,3,00-0032454,S,Jayron Kearse,Jayron,Kearse,,,,Hip,,Full Participation in Practice,2019-09-20T11:38:34Z
2019,REG,MIN,3,00-0031242,DT,Shamar Stephen,Shamar,Stephen,,,,Knee,,Full Participation in Practice,2019-09-20T11:38:45Z
2019,REG,MIN,3,00-0032389,CB,Mackensie Alexander,Mackensie,Alexander,Elbow,,Out,Elbow,,Did Not Participate In Practice,2019-09-20T11:39:34Z
2019,REG,MIN,3,00-0033909,G,Pat Elflein,Pat,Elflein,Knee,,Questionable,Knee,,Full Participation in Practice,2019-09-20T11:39:27Z
2019,REG,MIN,3,00-0034843,CB,Mike Hughes,Mike,Hughes,Knee,,Questionable,Knee,,Full Participation in Practice,2019-09-20T11:39:27Z
2019,REG,MIN,3,00-0031256,LB,Anthony Barr,Anthony,Barr,Groin,,Questionable,Groin,,Limited Participation in Practice,2019-09-20T11:39:27Z
2019,REG,MIN,3,00-0033944,LB,Ben Gedeon,Ben,Gedeon,Groin,,Questionable,Groin,,Limited Participation in Practice,2019-09-20T11:39:27Z
2019,REG,NE,3,00-0029239,RB,Brandon Bolden,Brandon,Bolden,,,,Hamstring,,Full Participation in Practice,2019-09-20T12:47:58Z
2019,REG,NE,3,00-0019596,QB,Tom Brady,Tom,Brady,,,,Calf,,Full Participation in Practice,2019-09-20T12:49:12Z
2019,REG,NE,3,00-0032779,T,Caleb Benenoch,Caleb,Benenoch,,,,Calf,,Limited Participation in Practice,2019-09-19T13:34:09Z
2019,REG,NE,3,00-0027925,RB,James Develin,James,Develin,Neck,,Out,Neck,,Did Not Participate In Practice,2019-09-20T12:50:02Z
2019,REG,NE,3,00-0029570,S,Nate Ebner,Nate,Ebner,Groin,,Questionable,,,"
    ",2019-09-21T19:08:36Z
2019,REG,NE,3,00-0033122,LB,Shilique Calhoun,Shilique,Calhoun,Not Injury Related,,Questionable,Not Injury Related,,Did Not Participate In Practice,2019-09-20T12:49:14Z
2019,REG,NE,3,00-0031744,TE,Matt LaCosse,Matt,LaCosse,Ankle,,Questionable,Ankle,,Did Not Participate In Practice,2019-09-20T12:49:14Z
2019,REG,NE,3,00-0028076,T,Marcus Cannon,Marcus,Cannon,Shoulder,,Questionable,Shoulder,,Limited Participation in Practice,2019-09-20T12:49:14Z
2019,REG,NE,3,00-0034439,TE,Ryan Izzo,Ryan,Izzo,Calf,,Questionable,Calf,,Limited Participation in Practice,2019-09-20T12:49:14Z
2019,REG,NO,3,00-0025396,WR,Ted Ginn,Ted,Ginn,,,,Thigh,,Full Participation in Practice,2019-09-20T15:00:57Z
2019,REG,NO,3,00-0029931,RB,Zach Line,Zach,Line,,,,Knee,,Full Participation in Practice,2019-09-20T15:01:05Z
2019,REG,NO,3,00-0032203,G,Andrus Peat,Andrus,Peat,,,,Ankle,,Full Participation in Practice,2019-09-20T15:01:21Z
2019,REG,NO,3,00-0020531,QB,Drew Brees,Drew,Brees,right Thumb,,Out,right Thumb,,Did Not Participate In Practice,2019-09-20T15:02:05Z
2019,REG,NO,3,00-0034765,WR,Tre'Quan Smith,Tre'Quan,Smith,Ankle,,Out,Ankle,,Did Not Participate In Practice,2019-09-20T15:02:52Z
2019,REG,NO,3,00-0032759,DT,Sheldon Rankins,Sheldon,Rankins,Achilles,,Out,Achilles,,Limited Participation in Practice,2019-09-20T15:02:25Z
2019,REG,NYG,3,00-0034795,TE,Garrett Dickerson,Garrett,Dickerson,,,,Quadricep,,Full Participation in Practice,2019-09-20T09:44:15Z
2019,REG,NYG,3,00-0034502,CB,Grant Haley,Grant,Haley,,,,Illness,,Full Participation in Practice,2019-09-20T09:44:15Z
2019,REG,NYG,3,00-0032385,WR,Sterling Shepard,Sterling,Shepard,,,,Concussion,,Full Participation in Practice,2019-09-20T09:44:15Z
2019,REG,NYG,3,00-0035535,WR,Darius Slayton,Darius,Slayton,,,,Hamstring,,Full Participation in Practice,2019-09-20T09:44:39Z
2019,REG,NYG,3,00-0029592,G,Kevin Zeitler,Kevin,Zeitler,,,,Shoulder,,Full Participation in Practice,2019-09-20T09:44:15Z
2019,REG,NYG,3,00-0031344,WR,Cody Latimer,Cody,Latimer,Concussion,,Out,Concussion,,Did Not Participate In Practice,2019-09-20T09:45:04Z
2019,REG,NYG,3,00-0030670,WR,Bennie Fowler,Bennie,Fowler,Hamstring,,Questionable,Hamstring,,Limited Participation in Practice,2019-09-20T09:44:50Z
2019,REG,NYJ,3,00-0032200,RB,Ty Montgomery,Ty,Montgomery,,,,Not Injury Related,,Did Not Participate In Practice,2019-09-21T12:56:02Z
2019,REG,NYJ,3,00-0034419,WR,Braxton Berrios,Braxton,Berrios,,,,Hamstring,,Full Participation in Practice,2019-09-20T12:31:04Z
2019,REG,NYJ,3,00-0034805,DE,John Franklin-Myers,John,Franklin-Myers,,,,Foot,,Full Participation in Practice,2019-09-20T12:31:04Z
2019,REG,NYJ,3,00-0033392,LB,Harvey Langi,Harvey,Langi,,,,Knee,,Full Participation in Practice,2019-09-20T12:31:04Z
2019,REG,NYJ,3,00-0032407,G,Alex Lewis,Alex,Lewis,,,,Shoulder,,Full Participation in Practice,2019-09-20T12:31:04Z
2019,REG,NYJ,3,00-0034302,LB,Frankie Luvu,Frankie,Luvu,,,,Hand,,Full Participation in Practice,2019-09-20T12:31:04Z
2019,REG,NYJ,3,00-0033892,S,Marcus Maye,Marcus,Maye,,,,Calf,,Full Participation in Practice,2019-09-20T12:31:04Z
2019,REG,NYJ,3,00-0034869,QB,Sam Darnold,Sam,Darnold,Illness,,Out,Illness,,Did Not Participate In Practice,2019-09-20T12:40:40Z
2019,REG,NYJ,3,00-0032970,LB,Jordan Jenkins,Jordan,Jenkins,Calf,,Out,Calf,,Did Not Participate In Practice,2019-09-20T12:41:14Z
2019,REG,NYJ,3,00-0031296,LB,C.J. Mosley,C.J.,Mosley,Groin,,Doubtful,Groin,,Did Not Participate In Practice,2019-09-20T12:42:22Z
2019,REG,NYJ,3,00-0027874,WR,Demaryius Thomas,Demaryius,Thomas,Hamstring,Knee,Doubtful,Hamstring,Knee,Did Not Participate In Practice,2019-09-20T12:42:47Z
2019,REG,NYJ,3,00-0035718,DT,Quinnen Williams,Quinnen,Williams,Ankle,,Doubtful,Ankle,,Did Not Participate In Practice,2019-09-20T12:42:57Z
2019,REG,NYJ,3,00-0029259,G,Kelechi Osemele,Kelechi,Osemele,Knee,,Questionable,Knee,,Did Not Participate In Practice,2019-09-20T12:39:42Z
2019,REG,NYJ,3,00-0029316,T,Kelvin Beachum,Kelvin,Beachum,Ankle,,Questionable,Ankle,,Limited Participation in Practice,2019-09-20T12:39:59Z
2019,REG,NYJ,3,00-0029319,WR,Josh Bellamy,Josh,Bellamy,Shoulder,,Questionable,Shoulder,,Limited Participation in Practice,2019-09-20T12:40:09Z
2019,REG,NYJ,3,00-0034164,RB,Trenton Cannon,Trenton,Cannon,Ankle,Hamstring,Questionable,Ankle,Hamstring,Limited Participation in Practice,2019-09-20T12:41:26Z
2019,REG,NYJ,3,00-0026564,DT,Steve McLendon,Steve,McLendon,Hip,,Questionable,Hip,,Limited Participation in Practice,2019-09-20T12:41:56Z
2019,REG,NYJ,3,00-0030170,S,Rontez Miles,Rontez,Miles,Hip,,Questionable,Hip,,Limited Participation in Practice,2019-09-20T12:39:42Z
2019,REG,NYJ,3,00-0032596,CB,Brian Poole,Brian,Poole,Groin,,Questionable,Groin,,Limited Participation in Practice,2019-09-20T12:43:31Z
2019,REG,NYJ,3,00-0030066,G,Brian Winters,Brian,Winters,Shoulder,,Questionable,Shoulder,,Limited Participation in Practice,2019-09-20T12:39:42Z
2019,REG,OAK,3,00-0035700,RB,Josh Jacobs,Josh,Jacobs,,,,Hip,,Full Participation in Practice,2019-09-20T12:24:36Z
2019,REG,OAK,3,00-0032112,WR,J.J. Nelson,J.J.,Nelson,,,,Ankle,,Full Participation in Practice,2019-09-20T12:24:14Z
2019,REG,OAK,3,00-0035133,CB,Keisean Nixon,Keisean,Nixon,,,,Illness,,Full Participation in Practice,2019-09-20T12:25:01Z
2019,REG,OAK,3,00-0032042,S,Curtis Riley,Curtis,Riley,,,,Hip,,Full Participation in Practice,2019-09-20T12:24:14Z
2019,REG,OAK,3,00-0032160,WR,Tyrell Williams,Tyrell,Williams,,,,Hip,,Full Participation in Practice,2019-09-20T12:25:11Z
2019,REG,OAK,3,00-0033882,CB,Gareon Conley,Gareon,Conley,,,,Neck,,Limited Participation in Practice,2019-09-20T12:24:14Z
2019,REG,OAK,3,00-0028114,WR,Dwayne Harris,Dwayne,Harris,Ankle,,Out,Ankle,,Did Not Participate In Practice,2019-09-20T12:25:58Z
2019,REG,OAK,3,00-0031367,G,Gabe Jackson,Gabe,Jackson,Knee,,Out,Knee,,Did Not Participate In Practice,2019-09-20T12:26:03Z
2019,REG,OAK,3,00-0032071,T,Trenton Brown,Trenton,Brown,Knee,,Questionable,Knee,,Full Participation in Practice,2019-09-20T12:25:42Z
2019,REG,OAK,3,00-0028912,LB,Vontaze Burfict,Vontaze,Burfict,Shoulder,Knee,Questionable,Shoulder,Knee,Limited Participation in Practice,2019-09-20T12:25:42Z
2019,REG,OAK,3,00-0031632,G,Denzelle Good,Denzelle,Good,Ankle,,Questionable,Ankle,,Limited Participation in Practice,2019-09-20T12:25:42Z
2019,REG,OAK,3,00-0034262,DT,P.J. Hall,P.J.,Hall,Illness,,Questionable,Illness,,Limited Participation in Practice,2019-09-20T12:25:42Z
2019,REG,OAK,3,00-0031389,S,Lamarcus Joyner,Lamarcus,Joyner,Groin,,Questionable,Groin,,Limited Participation in Practice,2019-09-20T12:25:42Z
2019,REG,OAK,3,00-0027956,DT,Corey Liuget,Corey,Liuget,Knee,,Questionable,Knee,,Limited Participation in Practice,2019-09-20T12:25:42Z
2019,REG,PHI,3,00-0033876,DE,Derek Barnett,Derek,Barnett,,,,Shoulder,,Full Participation in Practice,2019-09-20T11:27:52Z
2019,REG,PHI,3,00-0029653,DT,Fletcher Cox,Fletcher,Cox,,,,Toe,,Full Participation in Practice,2019-09-20T11:27:52Z
2019,REG,PHI,3,00-0033577,LB,Nathan Gerry,Nathan,Gerry,,,,Knee,Calf,Full Participation in Practice,2019-09-20T11:27:52Z
2019,REG,PHI,3,00-0030538,S,Johnathan Cyprien,Johnathan,Cyprien,,,,Knee,,Limited Participation in Practice,2019-09-20T11:28:25Z
2019,REG,PHI,3,00-0033792,S,Rudy Ford,Rudy,Ford,,,,Hamstring,,Limited Participation in Practice,2019-09-20T11:27:52Z
2019,REG,PHI,3,00-0033725,RB,Corey Clement,Corey,Clement,Shoulder,,Out,Shoulder,,Did Not Participate In Practice,2019-09-20T11:31:29Z
2019,REG,PHI,3,00-0026189,WR,DeSean Jackson,DeSean,Jackson,Abdomen,,Out,Abdomen,,Did Not Participate In Practice,2019-09-20T11:32:03Z
2019,REG,PHI,3,00-0031170,DT,Timmy Jernigan,Timmy,Jernigan,Foot,,Out,Foot,,Did Not Participate In Practice,2019-09-20T11:32:14Z
2019,REG,PHI,3,00-0034429,T,Jordan Mailata,Jordan,Mailata,Back,,Out,Back,,Did Not Participate In Practice,2019-09-20T11:32:29Z
2019,REG,PHI,3,00-0032437,LB,Kamu Grugier-Hill,Kamu,Grugier-Hill,Knee,,Doubtful,Knee,,Limited Participation in Practice,2019-09-20T11:31:54Z
2019,REG,PHI,3,00-0029137,WR,Alshon Jeffery,Alshon,Jeffery,Calf,,Questionable,Calf,,Did Not Participate In Practice,2019-09-20T11:29:37Z
2019,REG,PHI,3,00-0032792,QB,Nate Sudfeld,Nate,Sudfeld,left Wrist,,Questionable,left Wrist,,Full Participation in Practice,2019-09-20T11:29:37Z
2019,REG,PHI,3,00-0034351,TE,Dallas Goedert,Dallas,Goedert,Calf,,Questionable,Calf,,Limited Participation in Practice,2019-09-20T11:29:37Z
2019,REG,PIT,3,00-0029670,LB,Mark Barron,Mark,Barron,,,,Not Injury Related,,Full Participation in Practice,2019-09-20T12:11:39Z
2019,REG,PIT,3,00-0033553,RB,James Conner,James,Conner,,,,Knee,,Full Participation in Practice,2019-09-20T12:11:33Z
2019,REG,PIT,3,00-0032146,LB,Bud Dupree,Bud,Dupree,,,,Ankle,,Full Participation in Practice,2019-09-20T12:11:45Z
2019,REG,PIT,3,00-0027860,CB,Joe Haden,Joe,Haden,,,,Shoulder,,Full Participation in Practice,2019-09-20T12:11:51Z
2019,REG,PIT,3,00-0030470,TE,Vance McDonald,Vance,McDonald,,,,Back,,Full Participation in Practice,2019-09-20T12:11:33Z
2019,REG,PIT,3,00-0031956,LB,Anthony Chickillo,Anthony,Chickillo,Foot,,Out,Foot,,Did Not Participate In Practice,2019-09-20T12:12:15Z
2019,REG,PIT,3,00-0030741,RB,Roosevelt Nix,Roosevelt,Nix,Knee,,Out,Knee,,Did Not Participate In Practice,2019-09-20T12:12:21Z
2019,REG,PIT,3,00-0030434,LB,Vince Williams,Vince,Williams,Hamstring,,Out,Hamstring,,Did Not Participate In Practice,2019-09-20T12:12:27Z
2019,REG,SEA,3,00-0030059,DE,Ezekiel Ansah,Ezekiel,Ansah,,,,Shoulder,,Full Participation in Practice,2019-09-20T15:52:18Z
2019,REG,SEA,3,00-0026166,T,Duane Brown,Duane,Brown,,,,Not Injury Related,,Full Participation in Practice,2019-09-20T15:52:18Z
2019,REG,SEA,3,00-0030300,WR,Jaron Brown,Jaron,Brown,,,,Toe,,Full Participation in Practice,2019-09-20T15:52:32Z
2019,REG,SEA,3,00-0031364,DE,Jadeveon Clowney,Jadeveon,Clowney,,,,Not Injury Related,,Full Participation in Practice,2019-09-20T15:52:18Z
2019,REG,SEA,3,00-0030505,G,D.J. Fluker,D.J.,Fluker,,,,Ankle,,Full Participation in Practice,2019-09-20T15:52:51Z
2019,REG,SEA,3,00-0034234,DT,Poona Ford,Poona,Ford,,,,Calf,,Full Participation in Practice,2019-09-20T15:52:58Z
2019,REG,SEA,3,00-0032443,C,Joey Hunt,Joey,Hunt,,,,Ankle,,Full Participation in Practice,2019-09-20T15:53:02Z
2019,REG,SEA,3,00-0027869,G,Mike Iupati,Mike,Iupati,,,,Foot,,Full Participation in Practice,2019-09-20T15:52:18Z
2019,REG,SEA,3,00-0032416,DT,Quinton Jefferson,Quinton,Jefferson,,,,Hip,,Full Participation in Practice,2019-09-20T15:53:12Z
2019,REG,SEA,3,00-0032211,WR,Tyler Lockett,Tyler,Lockett,,,,Not Injury Related,,Full Participation in Practice,2019-09-20T15:52:18Z
2019,REG,SEA,3,00-0035640,WR,DK Metcalf,DK,Metcalf,,,,Not Injury Related,,Full Participation in Practice,2019-09-20T15:52:18Z
2019,REG,SEA,3,00-0033589,WR,David Moore,David,Moore,,,,Shoulder,,Full Participation in Practice,2019-09-20T15:52:18Z
2019,REG,SEA,3,00-0028037,LB,K.J. Wright,K.J.,Wright,,,,Not Injury Related,,Full Participation in Practice,2019-09-20T15:52:18Z
2019,REG,SEA,3,00-0033901,G,Ethan Pocic,Ethan,Pocic,Neck,,Doubtful,Neck,,Did Not Participate In Practice,2019-09-20T13:05:16Z
2019,REG,SEA,3,00-0029329,CB,Neiko Thorpe,Neiko,Thorpe,Hamstring,,Doubtful,Hamstring,,Did Not Participate In Practice,2019-09-20T13:05:27Z
2019,REG,SEA,3,00-0034756,CB,Tre Flowers,Tre,Flowers,Ankle,,Questionable,Ankle,,Did Not Participate In Practice,2019-09-20T13:05:54Z
2019,REG,SEA,3,00-0034750,RB,Rashaad Penny,Rashaad,Penny,Hamstring,,Questionable,Hamstring,,Limited Participation in Practice,2019-09-20T15:53:57Z
2019,REG,SEA,3,00-0033554,S,Tedric Thompson,Tedric,Thompson,Hamstring,,Questionable,Hamstring,,Limited Participation in Practice,2019-09-20T13:05:41Z
2019,REG,SF,3,00-0028092,CB,Richard Sherman,Richard,Sherman,,,,Not Injury Related,,Did Not Participate In Practice,2019-09-20T13:18:04Z
2019,REG,SF,3,00-0032058,RB,Tevin Coleman,Tevin,Coleman,Ankle,,Out,Ankle,,Did Not Participate In Practice,2019-09-20T13:20:17Z
2019,REG,SF,3,00-0034971,WR,Jalen Hurd,Jalen,Hurd,Back,,Out,Back,,Did Not Participate In Practice,2019-09-20T13:20:34Z
2019,REG,SF,3,00-0025415,T,Joe Staley,Joe,Staley,Fibula,,Out,Fibula,,Did Not Participate In Practice,2019-09-20T13:20:49Z
2019,REG,SF,3,00-0033292,WR,Trent Taylor,Trent,Taylor,Foot,,Out,Foot,,Did Not Participate In Practice,2019-09-20T13:20:58Z
2019,REG,SF,3,00-0035717,DE,Nick Bosa,Nick,Bosa,Ankle,,Questionable,Ankle,,Limited Participation in Practice,2019-09-20T13:19:57Z
2019,REG,SF,3,00-0031297,DE,Dee Ford,Dee,Ford,Quadricep,,Questionable,Quadricep,,Limited Participation in Practice,2019-09-20T13:19:57Z
2019,REG,SF,3,00-0032057,S,Jaquiski Tartt,Jaquiski,Tartt,Toe,,Questionable,Toe,,Limited Participation in Practice,2019-09-20T13:19:57Z
2019,REG,SF,3,00-0031298,S,Jimmie Ward,Jimmie,Ward,Hand,,Questionable,Hand,,Limited Participation in Practice,2019-09-20T13:19:57Z
2019,REG,TB,3,00-0031101,LB,Shaquil Barrett,Shaquil,Barrett,,,,Groin,Not Injury Related,Did Not Participate In Practice,2019-09-20T11:44:47Z
2019,REG,TB,3,00-0031089,DT,Beau Allen,Beau,Allen,,,,Heat Related,,Full Participation in Practice,2019-09-20T11:44:24Z
2019,REG,TB,3,00-0029895,C,Ryan Jensen,Ryan,Jensen,,,,Shoulder,,Full Participation in Practice,2019-09-20T11:44:24Z
2019,REG,TB,3,00-0033129,LB,Carl Nassib,Carl,Nassib,,,,Calf,,Full Participation in Practice,2019-09-20T11:44:24Z
2019,REG,TB,3,00-0031957,DT,Rakeem Nunez-Roches,Rakeem,Nunez-Roches,,,,Fibula,,Full Participation in Practice,2019-09-20T11:44:24Z
2019,REG,TB,3,00-0032054,WR,Breshad Perriman,Breshad,Perriman,,,,Quadricep,,Full Participation in Practice,2019-09-20T11:44:56Z
2019,REG,TB,3,00-0031503,QB,Jameis Winston,Jameis,Winston,,,,Foot,,Full Participation in Practice,2019-09-20T11:44:24Z
2019,REG,TB,3,00-0032789,LB,Devante Bond,Devante,Bond,Hamstring,,Out,Hamstring,,Did Not Participate In Practice,2019-09-20T11:45:06Z
2019,REG,TB,3,00-0035699,CB,Jamel Dean,Jamel,Dean,Ankle,,Out,Ankle,,Did Not Participate In Practice,2019-09-20T11:45:11Z
2019,REG,TB,3,00-0027948,QB,Blaine Gabbert,Blaine,Gabbert,left Shoulder,,Out,left Shoulder,,Did Not Participate In Practice,2019-09-20T11:45:16Z
2019,REG,TB,3,00-0035707,LB,Devin White,Devin,White,Knee,,Out,Knee,,Did Not Participate In Practice,2019-09-20T11:45:21Z
2019,REG,TEN,3,00-0029794,LB,Daren Bates,Daren,Bates,,,,Groin,,Full Participation in Practice,2019-09-18T10:02:26Z
2019,REG,TEN,3,00-0035676,WR,A.J. Brown,A.J.,Brown,,,,Knee,,Full Participation in Practice,2019-09-18T10:02:26Z
2019,REG,TEN,3,00-0031218,CB,Malcolm Butler,Malcolm,Butler,,,,Hip,,Full Participation in Practice,2019-09-18T10:02:26Z
2019,REG,TEN,3,00-0034389,S,Dane Cruikshank,Dane,Cruikshank,,,,Ankle,,Full Participation in Practice,2019-09-18T10:02:26Z
2019,REG,TEN,3,00-0031575,G,Jamil Douglas,Jamil,Douglas,,,,Knee,,Full Participation in Practice,2019-09-18T10:02:26Z
2019,REG,TEN,3,00-0032633,LB,Reggie Gilbert,Reggie,Gilbert,,,,Knee,,Full Participation in Practice,2019-09-18T10:02:26Z
2019,REG,TEN,3,00-0032268,QB,Marcus Mariota,Marcus,Mariota,,,,Quadricep,,Full Participation in Practice,2019-09-18T10:02:26Z
2019,REG,TEN,3,00-0030711,RB,David Fluellen,David,Fluellen,Hamstring,,Out,Hamstring,,Did Not Participate In Practice,2019-09-18T10:02:52Z
2019,REG,TEN,3,00-0032353,CB,Chris Milton,Chris,Milton,Collarbone,,Out,Collarbone,,Did Not Participate In Practice,2019-09-18T10:03:04Z
2019,REG,TEN,3,00-0031182,G,Kevin Pamphile,Kevin,Pamphile,Knee,,Out,Knee,,Did Not Participate In Practice,2019-09-18T10:03:21Z
2019,REG,TEN,3,00-0025828,LB,Wesley Woodyard,Wesley,Woodyard,Quadricep,,Questionable,Quadricep,,Did Not Participate In Practice,2019-09-18T10:02:37Z
2019,REG,WAS,3,00-0033530,WR,Robert Davis,Robert,Davis,,,,Knee,,Full Participation in Practice,2019-09-21T11:02:20Z
2019,REG,WAS,3,00-0033918,CB,Fabian Moreau,Fabian,Moreau,,,,Ankle,,Full Participation in Practice,2019-09-21T11:02:42Z
2019,REG,WAS,3,00-0031330,T,Morgan Moses,Morgan,Moses,,,,Knee,,Full Participation in Practice,2019-09-21T11:02:02Z
2019,REG,WAS,3,00-0033527,S,Montae Nicholson,Montae,Nicholson,,,,Foot,,Full Participation in Practice,2019-09-21T11:02:50Z
2019,REG,WAS,3,00-0027688,QB,Colt McCoy,Colt,McCoy,Fibula,,Out,Fibula,,Did Not Participate In Practice,2019-09-21T11:04:16Z
2019,REG,WAS,3,00-0032751,LB,Cassanova McKinzy,Cassanova,McKinzy,Hip,,Out,Hip,,Did Not Participate In Practice,2019-09-21T11:04:22Z
2019,REG,WAS,3,00-0030472,TE,Jordan Reed,Jordan,Reed,Concussion,,Out,Concussion,,Did Not Participate In Practice,2019-09-21T11:04:30Z
2019,REG,WAS,3,00-0032007,CB,Quinton Dunbar,Quinton,Dunbar,Knee,,Questionable,Knee,,Did Not Participate In Practice,2019-09-21T11:03:40Z
2019,REG,WAS,3,00-0033523,DE,Jonathan Allen,Jonathan,Allen,Knee,,Questionable,Knee,,Full Participation in Practice,2019-09-21T11:03:40Z
2019,REG,ARI,4,00-0022161,LB,Terrell Suggs,Terrell,Suggs,,,,Not Injury Related,,Did Not Participate In Practice,2019-09-27T13:39:21Z
2019,REG,ARI,4,00-0033093,DE,Jonathan Bullard,Jonathan,Bullard,,,,Hamstring,,Full Participation in Practice,2019-09-27T13:38:55Z
2019,REG,ARI,4,00-0027686,DT,Corey Peters,Corey,Peters,,,,Not Injury Related,,Full Participation in Practice,2019-09-27T13:38:37Z
2019,REG,ARI,4,00-0034490,LB,Ezekiel Turner,Ezekiel,Turner,,,,Hamstring,Hand,Full Participation in Practice,2019-09-27T13:38:49Z
2019,REG,ARI,4,00-0031868,WR,Damiere Byrd,Damiere,Byrd,Hamstring,,Out,Hamstring,,Did Not Participate In Practice,2019-09-27T13:39:57Z
2019,REG,ARI,4,00-0032560,S,Charles Washington,Charles,Washington,Shoulder,,Out,Shoulder,,Did Not Participate In Practice,2019-09-27T13:39:48Z
2019,REG,ARI,4,00-0022824,P,Andy Lee,Andy,Lee,right Hip,,Questionable,right Hip,,Did Not Participate In Practice,2019-09-27T13:39:26Z
2019,REG,ARI,4,00-0035486,DT,Miles Brown,Miles,Brown,Shoulder,,Questionable,Shoulder,,Limited Participation in Practice,2019-09-27T13:39:26Z
2019,REG,ARI,4,00-0035536,G,Lamont Gaillard,Lamont,Gaillard,Knee,,Questionable,Knee,,Limited Participation in Practice,2019-09-27T13:39:26Z
2019,REG,ATL,4,00-0028130,P,Matt Bosher,Matt,Bosher,,,,right Groin,,Full Participation in Practice,2019-09-26T13:02:54Z
2019,REG,ATL,4,00-0032244,G,Jamon Brown,Jamon,Brown,,,,Hand,,Full Participation in Practice,2019-09-25T13:30:08Z
2019,REG,ATL,4,00-0032401,LB,De'Vondre Campbell,De'Vondre,Campbell,,,,Ribs,,Full Participation in Practice,2019-09-26T13:02:40Z
2019,REG,ATL,4,00-0031583,DT,Grady Jarrett,Grady,Jarrett,,,,Toe,,Full Participation in Practice,2019-09-27T11:16:05Z
2019,REG,ATL,4,00-0035235,T,Kaleb McGary,Kaleb,McGary,,,,Knee,,Full Participation in Practice,2019-09-26T13:03:05Z
2019,REG,ATL,4,00-0033540,DE,Takkarist McKinley,Takkarist,McKinley,,,,Knee,,Full Participation in Practice,2019-09-27T11:16:19Z
2019,REG,ATL,4,00-0034837,WR,Calvin Ridley,Calvin,Ridley,,,,Hip,,Full Participation in Practice,2019-09-27T10:17:16Z
2019,REG,ATL,4,00-0034378,RB,Ito Smith,Ito,Smith,,,,Concussion,,Full Participation in Practice,2019-09-27T11:15:52Z
2019,REG,ATL,4,00-0030465,RB,Kenjon Barner,Kenjon,Barner,Concussion,Knee,Out,Concussion,Knee,Did Not Participate In Practice,2019-09-27T11:17:33Z
2019,REG,BAL,4,00-0026280,CB,Brandon Carr,Brandon,Carr,,,,Not Injury Related,,Did Not Participate In Practice,2019-09-27T11:49:09Z
2019,REG,BAL,4,00-0028103,LB,Pernell McPhee,Pernell,McPhee,,,,Not Injury Related,,Did Not Participate In Practice,2019-09-27T11:49:25Z
2019,REG,BAL,4,00-0027866,S,Earl Thomas,Earl,Thomas,,,,Not Injury Related,,Full Participation in Practice,2019-09-27T11:48:58Z
2019,REG,BAL,4,00-0035103,LB,Otaro Alaka,Otaro,Alaka,Hamstring,,Out,Hamstring,,Did Not Participate In Practice,2019-09-27T11:52:17Z
2019,REG,BAL,4,00-0027965,CB,Jimmy Smith,Jimmy,Smith,Knee,,Out,Knee,,Did Not Participate In Practice,2019-09-27T11:52:40Z
2019,REG,BAL,4,00-0030020,S,Brynden Trawick,Brynden,Trawick,Elbow,,Out,Elbow,,Did Not Participate In Practice,2019-09-27T11:52:48Z
2019,REG,BAL,4,00-0034753,TE,Mark Andrews,Mark,Andrews,Foot,,Questionable,Foot,,Limited Participation in Practice,2019-09-27T11:52:11Z
2019,REG,BAL,4,00-0033281,CB,Marlon Humphrey,Marlon,Humphrey,Hamstring,,Questionable,Hamstring,,Limited Participation in Practice,2019-09-27T11:52:11Z
2019,REG,BUF,4,00-0023259,LB,Lorenzo Alexander,Lorenzo,Alexander,,,,Rest,,Did Not Participate In Practice,2019-09-25T12:43:37Z
2019,REG,BUF,4,00-0029000,WR,Cole Beasley,Cole,Beasley,,,,Rest,,Did Not Participate In Practice,2019-09-27T12:18:07Z
2019,REG,BUF,4,00-0031051,WR,John Brown,John,Brown,,,,Rest,,Did Not Participate In Practice,2019-09-25T12:43:51Z
2019,REG,BUF,4,00-0023500,RB,Frank Gore,Frank,Gore,,,,Rest,,Did Not Participate In Practice,2019-09-26T12:52:03Z
2019,REG,BUF,4,00-0027881,DE,Jerry Hughes,Jerry,Hughes,,,,Rest,,Did Not Participate In Practice,2019-09-25T12:44:27Z
2019,REG,BUF,4,00-0029709,T,Ty Nsekhe,Ty,Nsekhe,,,,Rest,,Did Not Participate In Practice,2019-09-25T12:45:33Z
2019,REG,BUF,4,00-0033891,WR,Zay Jones,Zay,Jones,,,,Shoulder,,Full Participation in Practice,2019-09-27T12:19:50Z
2019,REG,BUF,4,00-0033884,CB,Tre'Davious White,Tre'Davious,White,,,,Neck,,Full Participation in Practice,2019-09-27T12:20:15Z
2019,REG,BUF,4,00-0032214,TE,Tyler Kroft,Tyler,Kroft,Ankle,,Out,Ankle,,Did Not Participate In Practice,2019-09-27T12:21:40Z
2019,REG,BUF,4,00-0034539,LB,Corey Thompson,Corey,Thompson,Ankle,,Out,Ankle,,Did Not Participate In Practice,2019-09-27T12:21:56Z
2019,REG,BUF,4,00-0031393,LB,Maurice Alexander,Maurice,Alexander,Knee,,Questionable,Knee,,Did Not Participate In Practice,2019-09-27T12:21:12Z
2019,REG,BUF,4,00-0032151,G,Jon Feliciano,Jon,Feliciano,Neck,,Questionable,Neck,,Full Participation in Practice,2019-09-27T12:21:12Z
2019,REG,BUF,4,00-0033466,WR,Isaiah McKenzie,Isaiah,McKenzie,Ankle,,Questionable,Ankle,,Full Participation in Practice,2019-09-27T12:21:12Z
2019,REG,BUF,4,00-0034510,WR,Robert Foster,Robert,Foster,Groin,,Questionable,Groin,,Limited Participation in Practice,2019-09-27T12:21:12Z
2019,REG,BUF,4,00-0034376,CB,Taron Johnson,Taron,Johnson,Hamstring,,Questionable,Hamstring,,Limited Participation in Practice,2019-09-27T12:21:12Z
2019,REG,BUF,4,00-0031047,C,Spencer Long,Spencer,Long,Ankle,,Questionable,Ankle,,Limited Participation in Practice,2019-09-27T12:21:12Z
2019,REG,BUF,4,00-0035250,RB,Devin Singletary,Devin,Singletary,Hamstring,,Questionable,Hamstring,,Limited Participation in Practice,2019-09-27T12:21:12Z
2019,REG,CAR,4,00-0034362,S,Rashaan Gaulden,Rashaan,Gaulden,,,,Groin,,Full Participation in Practice,2019-09-27T11:31:15Z
2019,REG,CAR,4,00-0027856,DT,Gerald McCoy,Gerald,McCoy,,,,Knee,,Full Participation in Practice,2019-09-27T11:31:38Z
2019,REG,CAR,4,00-0025418,TE,Greg Olsen,Greg,Olsen,,,,Back,,Full Participation in Practice,2019-09-27T11:31:44Z
2019,REG,CAR,4,00-0031550,LB,Shaq Thompson,Shaq,Thompson,,,,Knee,,Full Participation in Practice,2019-09-27T11:31:15Z
2019,REG,CAR,4,00-0027939,QB,Cam Newton,Cam,Newton,Foot,,Out,Foot,,Did Not Participate In Practice,2019-09-27T11:32:26Z
2019,REG,CAR,4,00-0031362,G,Trai Turner,Trai,Turner,Ankle,,Out,Ankle,,Did Not Participate In Practice,2019-09-27T11:32:36Z
2019,REG,CAR,4,00-0034356,CB,Donte Jackson,Donte,Jackson,Groin,,Questionable,Groin,,Did Not Participate In Practice,2019-09-27T11:32:14Z
2019,REG,CAR,4,00-0030448,DE,Kawann Short,Kawann,Short,Shoulder,,Questionable,Shoulder,,Did Not Participate In Practice,2019-09-27T11:32:14Z
2019,REG,CAR,4,00-0034382,LB,Marquis Haynes,Marquis,Haynes,Elbow,,Questionable,Elbow,,Full Participation in Practice,2019-09-27T11:32:14Z
2019,REG,CAR,4,00-0029193,LB,Bruce Irvin,Bruce,Irvin,Hamstring,,Questionable,Hamstring,,Full Participation in Practice,2019-09-27T11:32:14Z
2019,REG,CHI,4,00-0032063,RB,Mike Davis,Mike,Davis,,,,Not Injury Related,,Full Participation in Practice,2019-09-27T11:19:30Z
2019,REG,CHI,4,00-0033784,S,Eddie Jackson,Eddie,Jackson,,,,Shoulder,,Full Participation in Practice,2019-09-27T11:19:38Z
2019,REG,CHI,4,00-0029528,T,Bobby Massie,Bobby,Massie,,,,Illness,,Full Participation in Practice,2019-09-27T11:19:06Z
2019,REG,CHI,4,00-0030578,WR,Cordarrelle Patterson,Cordarrelle,Patterson,,,,Tricep,,Full Participation in Practice,2019-09-27T11:19:06Z
2019,REG,CHI,4,00-0032667,DT,Roy Robertson-Harris,Roy,Robertson-Harris,,,,Glute,,Full Participation in Practice,2019-09-27T11:19:06Z
2019,REG,CHI,4,00-0031228,WR,Taylor Gabriel,Taylor,Gabriel,Concussion,,Out,Concussion,,Did Not Participate In Practice,2019-09-27T11:20:13Z
2019,REG,CHI,4,00-0034387,DT,Bilal Nichols,Bilal,Nichols,Hand,,Out,Hand,,Did Not Participate In Practice,2019-09-27T11:20:23Z
2019,REG,CHI,4,00-0029657,DT,Akiem Hicks,Akiem,Hicks,Knee,,Questionable,Knee,,Did Not Participate In Practice,2019-09-27T11:19:48Z
2019,REG,CHI,4,00-0030441,G,Kyle Long,Kyle,Long,Hip,,Questionable,Hip,,Did Not Participate In Practice,2019-09-27T11:19:48Z
2019,REG,CHI,4,00-0030710,TE,Trey Burton,Trey,Burton,Groin,,Questionable,Groin,,Limited Participation in Practice,2019-09-27T11:19:48Z
2019,REG,CHI,4,00-0034173,K,Eddy Pineiro,Eddy,Pineiro,right Knee,,Questionable,right Knee,,Limited Participation in Practice,2019-09-27T11:19:48Z
2019,REG,CIN,4,00-0034683,CB,Darius Phillips,Darius,Phillips,,,,Knee,,Did Not Participate In Practice,2019-09-27T13:21:47Z
2019,REG,CIN,4,00-0034394,DE,Andrew Brown,Andrew,Brown,,,,cramps,,Full Participation in Practice,2019-09-28T09:37:56Z
2019,REG,CIN,4,00-0027662,DE,Carlos Dunlap,Carlos,Dunlap,,,,Hamstring,,Full Participation in Practice,2019-09-28T09:38:03Z
2019,REG,CIN,4,00-0030549,TE,Tyler Eifert,Tyler,Eifert,,,,Not Injury Related,,Full Participation in Practice,2019-09-28T09:37:30Z
2019,REG,CIN,4,00-0034834,DE,Sam Hubbard,Sam,Hubbard,,,,Ankle,,Full Participation in Practice,2019-09-28T09:38:14Z
2019,REG,CIN,4,00-0035266,G,Michael Jordan,Michael,Jordan,,,,Knee,,Full Participation in Practice,2019-09-28T09:37:30Z
2019,REG,CIN,4,00-0029560,CB,Dre Kirkpatrick,Dre,Kirkpatrick,,,,Illness,,Full Participation in Practice,2019-09-28T09:38:29Z
2019,REG,CIN,4,00-0026982,T,Andre Smith,Andre,Smith,,,,Hamstring,,Full Participation in Practice,2019-09-28T09:38:37Z
2019,REG,CIN,4,00-0030403,CB,B.W. Webb,B.W.,Webb,,,,Forearm,,Full Participation in Practice,2019-09-28T09:38:44Z
2019,REG,CIN,4,00-0030471,S,Shawn Williams,Shawn,Williams,,,,Back,,Full Participation in Practice,2019-09-28T09:38:54Z
2019,REG,CIN,4,00-0033786,DT,Ryan Glasgow,Ryan,Glasgow,Thigh,,Out,Thigh,,Did Not Participate In Practice,2019-09-28T09:41:29Z
2019,REG,CIN,4,00-0029561,T,Cordy Glenn,Cordy,Glenn,Concussion,,Out,Concussion,,Did Not Participate In Practice,2019-09-28T09:41:35Z
2019,REG,CIN,4,00-0027942,WR,A.J. Green,A.J.,Green,Ankle,,Out,Ankle,,Did Not Participate In Practice,2019-09-28T09:41:41Z
2019,REG,CIN,4,00-0030776,DE,Kerry Wynn,Kerry,Wynn,Concussion,,Out,Concussion,,Did Not Participate In Practice,2019-09-28T09:42:12Z
2019,REG,CIN,4,00-0033463,DE,Carl Lawson,Carl,Lawson,Hamstring,,Doubtful,Hamstring,,Did Not Participate In Practice,2019-09-28T09:42:18Z
2019,REG,CLE,4,00-0031235,WR,Odell Beckham,Odell,Beckham,,,,Hip,,Full Participation in Practice,2019-09-27T11:16:10Z
2019,REG,CLE,4,00-0031426,G,Joel Bitonio,Joel,Bitonio,,,,Abdomen,,Full Participation in Practice,2019-09-27T11:16:37Z
2019,REG,CLE,4,00-0029008,LS,Charley Hughlett,Charley,Hughlett,,,,Shoulder,,Full Participation in Practice,2019-09-27T11:16:10Z
2019,REG,CLE,4,00-0033501,DT,Devaroe Lawrence,Devaroe,Lawrence,,,,Not Injury Related,,Full Participation in Practice,2019-09-27T11:16:10Z
2019,REG,CLE,4,00-0032251,S,Damarious Randall,Damarious,Randall,,,,Concussion,,Full Participation in Practice,2019-09-27T11:16:10Z
2019,REG,CLE,4,00-0035145,K,Austin Seibert,Austin,Seibert,,,,right Hip,,Full Participation in Practice,2019-09-27T11:16:10Z
2019,REG,CLE,4,00-0031120,LB,Adarius Taylor,Adarius,Taylor,,,,Ankle,,Full Participation in Practice,2019-09-27T11:16:28Z
2019,REG,CLE,4,00-0031921,T,Kendall Lamm,Kendall,Lamm,Knee,,Out,Knee,,Did Not Participate In Practice,2019-09-27T11:19:43Z
2019,REG,CLE,4,00-0027676,S,Morgan Burnett,Morgan,Burnett,Quadricep,,Questionable,Quadricep,,Did Not Participate In Practice,2019-09-27T11:19:05Z
2019,REG,CLE,4,00-0032977,WR,Rashard Higgins,Rashard,Higgins,Knee,,Questionable,Knee,,Did Not Participate In Practice,2019-09-27T11:19:05Z
2019,REG,CLE,4,00-0034977,S,Sheldrick Redwine,Sheldrick,Redwine,Hamstring,,Questionable,Hamstring,,Did Not Participate In Practice,2019-09-27T11:19:05Z
2019,REG,CLE,4,00-0034856,CB,Denzel Ward,Denzel,Ward,Hamstring,,Questionable,Hamstring,,Did Not Participate In Practice,2019-09-27T11:19:05Z
2019,REG,CLE,4,00-0035638,CB,Greedy Williams,Greedy,Williams,Hamstring,,Questionable,Hamstring,,Did Not Participate In Practice,2019-09-27T11:19:05Z
2019,REG,CLE,4,00-0029963,T,Christopher Hubbard,Christopher,Hubbard,Foot,,Questionable,Foot,,Limited Participation in Practice,2019-09-27T11:19:05Z
2019,REG,DAL,4,00-0027663,LB,Sean Lee,Sean,Lee,,,,Knee,Not Injury Related,Did Not Participate In Practice,2019-09-27T11:54:54Z
2019,REG,DAL,4,00-0030525,WR,Tavon Austin,Tavon,Austin,,,,Concussion,,Full Participation in Practice,2019-09-27T11:54:44Z
2019,REG,DAL,4,00-0033579,S,Xavier Woods,Xavier,Woods,,,,Ankle,,Full Participation in Practice,2019-09-27T11:55:14Z
2019,REG,DAL,4,00-0031544,WR,Amari Cooper,Amari,Cooper,,,,Ankle,,Limited Participation in Practice,2019-09-27T11:54:37Z
2019,REG,DAL,4,00-0033048,S,Kavon Frazier,Kavon,Frazier,,,,Not Injury Related,Achilles,Limited Participation in Practice,2019-09-27T11:54:37Z
2019,REG,DAL,4,00-0031402,G,Zack Martin,Zack,Martin,,,,Back,,Limited Participation in Practice,2019-09-27T11:55:04Z
2019,REG,DAL,4,00-0029641,DE,Tyrone Crawford,Tyrone,Crawford,Hip,,Out,Hip,,Did Not Participate In Practice,2019-09-27T11:57:31Z
2019,REG,DAL,4,00-0034764,WR,Michael Gallup,Michael,Gallup,Knee,,Out,Knee,,Did Not Participate In Practice,2019-09-27T11:57:26Z
2019,REG,DAL,4,00-0032871,DT,Antwaun Woods,Antwaun,Woods,Knee,,Out,Knee,,Did Not Participate In Practice,2019-09-27T11:57:43Z
2019,REG,DAL,4,00-0035413,LB,Luke Gifford,Luke,Gifford,Ankle,,Questionable,Ankle,,Limited Participation in Practice,2019-09-27T11:56:57Z
2019,REG,DEN,4,00-0033538,T,Garett Bolles,Garett,Bolles,,,,Illness,,Full Participation in Practice,2019-09-27T12:30:01Z
2019,REG,DEN,4,00-0034832,LB,Bradley Chubb,Bradley,Chubb,,,,Knee,,Full Participation in Practice,2019-09-27T12:28:49Z
2019,REG,DEN,4,00-0034838,RB,Royce Freeman,Royce,Freeman,,,,Shoulder,,Full Participation in Practice,2019-09-27T12:29:45Z
2019,REG,DEN,4,00-0029010,G,Ronald Leary,Ronald,Leary,,,,Not Injury Related,,Full Participation in Practice,2019-09-27T12:28:49Z
2019,REG,DEN,4,00-0027685,WR,Emmanuel Sanders,Emmanuel,Sanders,,,,Quadricep,,Limited Participation in Practice,2019-09-27T12:28:49Z
2019,REG,DEN,4,00-0031904,CB,Bryce Callahan,Bryce,Callahan,Foot,,Out,Foot,,Did Not Participate In Practice,2019-09-27T12:30:10Z
2019,REG,DEN,4,00-0031417,T,Ja'Wuan James,Ja'Wuan,James,Knee,,Out,Knee,,Did Not Participate In Practice,2019-09-27T12:30:21Z
2019,REG,DEN,4,00-0027872,CB,Kareem Jackson,Kareem,Jackson,Hamstring,,Questionable,Hamstring,,Did Not Participate In Practice,2019-09-27T12:30:03Z
2019,REG,DEN,4,00-0032956,RB,Andy Janovich,Andy,Janovich,Pectoral,,Questionable,Pectoral,,Full Participation in Practice,2019-09-27T12:30:03Z
2019,REG,DEN,4,00-0034368,LB,Josey Jewell,Josey,Jewell,Hamstring,,Questionable,Hamstring,,Limited Participation in Practice,2019-09-27T12:30:03Z
2019,REG,DEN,4,00-0033659,LB,Joseph Jones,Joseph,Jones,Triceps,,Questionable,Triceps,,Limited Participation in Practice,2019-09-27T12:30:03Z
2019,REG,DEN,4,00-0029586,DE,Derek Wolfe,Derek,Wolfe,Ankle,,Questionable,Ankle,,Limited Participation in Practice,2019-09-27T12:30:03Z
2019,REG,DET,4,00-0029901,CB,Rashaan Melvin,Rashaan,Melvin,,,,Knee,,Full Participation in Practice,2019-09-27T12:57:16Z
2019,REG,DET,4,00-0029284,DT,Mike Daniels,Mike,Daniels,Foot,,Out,Foot,,Did Not Participate In Practice,2019-09-27T12:58:52Z
2019,REG,DET,4,00-0026035,WR,Danny Amendola,Danny,Amendola,Chest,,Questionable,Chest,,Limited Participation in Practice,2019-09-27T12:58:43Z
2019,REG,DET,4,00-0034371,DE,Da'Shawn Hand,Da'Shawn,Hand,Elbow,,Questionable,Elbow,,Limited Participation in Practice,2019-09-27T12:58:43Z
2019,REG,DET,4,00-0030062,CB,Darius Slay,Darius,Slay,Hamstring,,Questionable,Hamstring,,Limited Participation in Practice,2019-09-27T12:58:43Z
2019,REG,DET,4,00-0026498,QB,Matthew Stafford,Matthew,Stafford,Hip,,Questionable,Hip,,Limited Participation in Practice,2019-09-27T12:58:43Z
2019,REG,GB,4,00-0027875,T,Bryan Bulaga,Bryan,Bulaga,,,,Shoulder,,Full Participation in Practice,2019-09-25T13:03:47Z
2019,REG,GB,4,00-0033120,DT,Kenny Clark,Kenny,Clark,,,,Knee,,Full Participation in Practice,2019-09-25T13:03:57Z
2019,REG,GB,4,00-0034967,LB,Rashan Gary,Rashan,Gary,,,,Calf,,Full Participation in Practice,2019-09-25T13:03:26Z
2019,REG,GB,4,00-0033293,RB,Aaron Jones,Aaron,Jones,,,,Shoulder,,Full Participation in Practice,2019-09-25T13:03:26Z
2019,REG,GB,4,00-0033524,CB,Kevin King,Kevin,King,,,,Chest,Illness,Full Participation in Practice,2019-09-25T13:03:26Z
2019,REG,GB,4,00-0033124,S,Will Redmond,Will,Redmond,,,,Knee,,Full Participation in Practice,2019-09-25T13:04:04Z
2019,REG,GB,4,00-0035181,WR,Darrius Shepherd,Darrius,Shepherd,,,,Hamstring,,Full Participation in Practice,2019-09-25T13:03:26Z
2019,REG,GB,4,00-0033948,RB,Jamaal Williams,Jamaal,Williams,,,,Neck,,Full Participation in Practice,2019-09-25T13:03:26Z
2019,REG,GB,4,00-0027696,TE,Jimmy Graham,Jimmy,Graham,,,,Groin,Quadricep,Limited Participation in Practice,2019-09-25T13:03:26Z
2019,REG,GB,4,00-0032408,LB,Blake Martinez,Blake,Martinez,,,,Shoulder,,Limited Participation in Practice,2019-09-25T13:03:26Z
2019,REG,GB,4,00-0033929,DE,Montravius Adams,Montravius,Adams,Shoulder,,Out,Shoulder,,Did Not Participate In Practice,2019-09-25T13:05:58Z
2019,REG,GB,4,00-0034754,LB,Oren Burks,Oren,Burks,Chest,,Out,Chest,,Did Not Participate In Practice,2019-09-25T13:04:43Z
2019,REG,GB,4,00-0032955,LB,Kyler Fackrell,Kyler,Fackrell,Shoulder,,Questionable,Shoulder,,Limited Participation in Practice,2019-09-25T13:04:20Z
2019,REG,GB,4,00-0031787,WR,Jake Kumerow,Jake,Kumerow,Shoulder,,Questionable,Shoulder,,Limited Participation in Practice,2019-09-25T13:04:20Z
2019,REG,GB,4,00-0031576,LB,Za'Darius Smith,Za'Darius,Smith,Knee,,Questionable,Knee,,Limited Participation in Practice,2019-09-25T13:04:20Z
2019,REG,HOU,4,00-0032107,DE,Angelo Blackson,Angelo,Blackson,,,,Toe,,Full Participation in Practice,2019-09-27T13:01:10Z
2019,REG,HOU,4,00-0033127,WR,Will Fuller,Will,Fuller,,,,Not Injury Related,,Full Participation in Practice,2019-09-27T13:01:10Z
2019,REG,HOU,4,00-0028924,S,Tashaun Gipson,Tashaun,Gipson,,,,Wrist,Hip,Full Participation in Practice,2019-09-27T13:01:10Z
2019,REG,HOU,4,00-0030564,WR,DeAndre Hopkins,DeAndre,Hopkins,,,,Not Injury Related,,Full Participation in Practice,2019-09-27T13:01:10Z
2019,REG,HOU,4,00-0031045,RB,Carlos Hyde,Carlos,Hyde,,,,Shoulder,,Full Participation in Practice,2019-09-27T13:01:10Z
2019,REG,HOU,4,00-0028063,RB,Taiwan Jones,Taiwan,Jones,,,,Hamstring,,Full Participation in Practice,2019-09-27T13:01:10Z
2019,REG,HOU,4,00-0031923,C,Greg Mancz,Greg,Mancz,,,,Ankle,,Full Participation in Practice,2019-09-27T13:01:10Z
2019,REG,HOU,4,00-0029643,LB,Whitney Mercilus,Whitney,Mercilus,,,,Shoulder,,Full Participation in Practice,2019-09-27T13:01:10Z
2019,REG,HOU,4,00-0034361,S,Justin Reid,Justin,Reid,,,,Shoulder,,Full Participation in Practice,2019-09-27T13:01:10Z
2019,REG,HOU,4,00-0032380,T,Laremy Tunsil,Laremy,Tunsil,,,,Ankle,Toe,Full Participation in Practice,2019-09-27T13:01:10Z
2019,REG,HOU,4,00-0031029,T,Seantrel Henderson,Seantrel,Henderson,Illness,,Out,Illness,,Did Not Participate In Practice,2019-09-27T13:01:23Z
2019,REG,HOU,4,00-0035279,DE,Charles Omenihu,Charles,Omenihu,Knee,,Questionable,Knee,,Limited Participation in Practice,2019-09-27T13:01:50Z
2019,REG,IND,4,00-0031254,DT,Denico Autry,Denico,Autry,,,,Not Injury Related,,Did Not Participate In Practice,2019-09-27T12:44:09Z
2019,REG,IND,4,00-0027960,T,Anthony Castonzo,Anthony,Castonzo,,,,Not Injury Related,,Did Not Participate In Practice,2019-09-27T12:44:19Z
2019,REG,IND,4,00-0031571,S,Clayton Geathers,Clayton,Geathers,,,,Not Injury Related,,Did Not Participate In Practice,2019-09-27T12:44:31Z
2019,REG,IND,4,00-0028008,LB,Justin Houston,Justin,Houston,,,,Not Injury Related,,Did Not Participate In Practice,2019-09-27T12:44:48Z
2019,REG,IND,4,00-0032383,C,Ryan Kelly,Ryan,Kelly,,,,Illness,,Full Participation in Practice,2019-09-27T12:43:56Z
2019,REG,IND,4,00-0032830,S,Rolan Milligan,Rolan,Milligan,,,,Knee,,Full Participation in Practice,2019-09-27T12:43:56Z
2019,REG,IND,4,00-0032975,RB,Jonathan Williams,Jonathan,Williams,,,,Rib,,Full Participation in Practice,2019-09-27T12:43:56Z
2019,REG,IND,4,00-0033877,S,Malik Hooker,Malik,Hooker,Knee,,Out,Knee,,Did Not Participate In Practice,2019-09-27T12:46:06Z
2019,REG,IND,4,00-0034846,LB,Darius Leonard,Darius,Leonard,Concussion,,Out,Concussion,,Did Not Participate In Practice,2019-09-27T12:46:16Z
2019,REG,IND,4,00-0034359,DT,Tyquan Lewis,Tyquan,Lewis,Ankle,,Out,Ankle,,Did Not Participate In Practice,2019-09-27T12:46:21Z
2019,REG,IND,4,00-0029608,WR,T.Y. Hilton,T.Y.,Hilton,Quadricep,,Doubtful,Quadricep,,Did Not Participate In Practice,2019-09-27T12:46:01Z
2019,REG,IND,4,00-0033964,DE,Al-Quadin Muhammad,Al-Quadin,Muhammad,Neck,,Questionable,Neck,,Full Participation in Practice,2019-09-27T12:45:49Z
2019,REG,IND,4,00-0031331,CB,Pierre Desir,Pierre,Desir,Hamstring,,Questionable,Hamstring,,Limited Participation in Practice,2019-09-27T12:45:49Z
2019,REG,IND,4,00-0027975,DE,Jabaal Sheard,Jabaal,Sheard,Knee,,Questionable,Knee,,Limited Participation in Practice,2019-09-27T12:45:49Z
2019,REG,JAX,4,00-0026190,DE,Calais Campbell,Calais,Campbell,,,,Not Injury Related,,Full Participation in Practice,2019-09-27T10:26:11Z
2019,REG,JAX,4,00-0032128,WR,Chris Conley,Chris,Conley,,,,Knee,,Full Participation in Practice,2019-09-27T10:26:34Z
2019,REG,JAX,4,00-0027941,DT,Marcell Dareus,Marcell,Dareus,,,,Not Injury Related,,Full Participation in Practice,2019-09-27T10:26:11Z
2019,REG,JAX,4,00-0032968,LB,Myles Jack,Myles,Jack,,,,Concussion,,Full Participation in Practice,2019-09-27T10:26:11Z
2019,REG,JAX,4,00-0031431,WR,Marqise Lee,Marqise,Lee,,,,Not Injury Related,,Full Participation in Practice,2019-09-27T10:26:21Z
2019,REG,JAX,4,00-0031369,C,Brandon Linder,Brandon,Linder,,,,Not Injury Related,,Full Participation in Practice,2019-09-27T10:26:11Z
2019,REG,JAX,4,00-0029799,DE,Lerentee McCray,Lerentee,McCray,,,,Hamstring,,Full Participation in Practice,2019-09-27T10:26:41Z
2019,REG,JAX,4,00-0033839,WR,Dede Westbrook,Dede,Westbrook,,,,Not Injury Related,,Full Participation in Practice,2019-09-27T10:26:11Z
2019,REG,JAX,4,00-0035680,LB,Quincy Williams,Quincy,Williams,,,,Illness,,Full Participation in Practice,2019-09-27T10:26:48Z
2019,REG,JAX,4,00-0033123,DE,Yannick Ngakoue,Yannick,Ngakoue,,,,Groin,,Limited Participation in Practice,2019-09-27T10:26:58Z
2019,REG,JAX,4,00-0031950,LB,D.J. Alexander,D.J.,Alexander,Hamstring,,Out,Hamstring,,Did Not Participate In Practice,2019-09-27T10:27:33Z
2019,REG,JAX,4,00-0035249,TE,Josh Oliver,Josh,Oliver,Hamstring,,Out,Hamstring,,Did Not Participate In Practice,2019-09-27T10:27:44Z
2019,REG,JAX,4,00-0032141,TE,Geoff Swaim,Geoff,Swaim,Illness,,Questionable,,,"
    ",2019-09-28T15:32:22Z
2019,REG,JAX,4,00-0033055,CB,Jalen Ramsey,Jalen,Ramsey,Not Injury Related,Back,Questionable,Back,Not Injury Related,Did Not Participate In Practice,2019-09-27T10:27:18Z
2019,REG,KC,4,00-0031052,CB,Bashaud Breeland,Bashaud,Breeland,,,,Knee,,Full Participation in Practice,2019-09-27T11:57:35Z
2019,REG,KC,4,00-0033873,QB,Patrick Mahomes,Patrick,Mahomes,,,,Ankle,,Full Participation in Practice,2019-09-27T11:57:35Z
2019,REG,KC,4,00-0027029,RB,LeSean McCoy,LeSean,McCoy,,,,Ankle,,Full Participation in Practice,2019-09-27T11:57:35Z
2019,REG,KC,4,00-0033073,DE,Emmanuel Ogbah,Emmanuel,Ogbah,,,,Shoulder,,Full Participation in Practice,2019-09-27T11:57:35Z
2019,REG,KC,4,00-0034573,CB,Charvarius Ward,Charvarius,Ward,,,,Achilles,,Full Participation in Practice,2019-09-27T11:57:35Z
2019,REG,KC,4,00-0030584,T,Eric Fisher,Eric,Fisher,Groin,,Out,Groin,,Did Not Participate In Practice,2019-09-27T11:58:21Z
2019,REG,KC,4,00-0033040,WR,Tyreek Hill,Tyreek,Hill,Shoulder,,Out,Shoulder,,Did Not Participate In Practice,2019-09-27T11:58:29Z
2019,REG,KC,4,00-0030874,RB,Damien Williams,Damien,Williams,Knee,,Out,Knee,,Did Not Participate In Practice,2019-09-27T11:58:38Z
2019,REG,LA,4,00-0032241,RB,Todd Gurley,Todd,Gurley,,,,Not Injury Related,,Did Not Participate In Practice,2019-09-27T13:05:13Z
2019,REG,LA,4,00-0032455,G,Austin Blythe,Austin,Blythe,,,,Ankle,,Full Participation in Practice,2019-09-27T13:04:49Z
2019,REG,LA,4,00-0029630,DE,Michael Brockers,Michael,Brockers,,,,Illness,,Full Participation in Practice,2019-09-27T13:04:57Z
2019,REG,LA,4,00-0033110,TE,Tyler Higbee,Tyler,Higbee,,,,Chest,,Full Participation in Practice,2019-09-27T13:04:49Z
2019,REG,LA,4,00-0026160,CB,Aqib Talib,Aqib,Talib,,,,Not Injury Related,,Full Participation in Practice,2019-09-27T13:04:49Z
2019,REG,LA,4,00-0024270,T,Andrew Whitworth,Andrew,Whitworth,,,,Not Injury Related,,Full Participation in Practice,2019-09-27T13:05:03Z
2019,REG,LAC,4,00-0033697,CB,Michael Davis,Michael,Davis,,,,Hamstring,,Full Participation in Practice,2019-09-27T11:41:25Z
2019,REG,LAC,4,00-0032103,LB,Denzel Perryman,Denzel,Perryman,,,,Ankle,,Full Participation in Practice,2019-09-27T11:41:25Z
2019,REG,LAC,4,00-0027953,C,Mike Pouncey,Mike,Pouncey,,,,Not Injury Related,,Full Participation in Practice,2019-09-27T11:41:43Z
2019,REG,LAC,4,00-0034084,K,Michael Badgley,Michael,Badgley,right Groin,,Out,right Groin,,Did Not Participate In Practice,2019-09-27T11:42:29Z
2019,REG,LAC,4,00-0028142,TE,Virgil Green,Virgil,Green,Groin,,Out,Groin,,Did Not Participate In Practice,2019-09-27T11:42:49Z
2019,REG,LAC,4,00-0033090,TE,Hunter Henry,Hunter,Henry,Knee,,Out,Knee,,Did Not Participate In Practice,2019-09-27T11:43:00Z
2019,REG,LAC,4,00-0034440,RB,Justin Jackson,Justin,Jackson,Calf,,Out,Calf,,Did Not Participate In Practice,2019-09-27T11:43:08Z
2019,REG,LAC,4,00-0033536,WR,Mike Williams,Mike,Williams,Back,,Out,Back,,Did Not Participate In Practice,2019-09-27T11:43:29Z
2019,REG,LAC,4,00-0029269,WR,Travis Benjamin,Travis,Benjamin,Hip,,Doubtful,Hip,,Did Not Participate In Practice,2019-09-27T11:43:35Z
2019,REG,LAC,4,00-0029261,CB,Casey Hayward,Casey,Hayward,Back,,Questionable,Back,,Limited Participation in Practice,2019-09-27T11:42:21Z
2019,REG,LAC,4,00-0035262,LB,Drue Tranquill,Drue,Tranquill,Ankle,,Questionable,Ankle,,Limited Participation in Practice,2019-09-27T11:42:21Z
2019,REG,MIA,4,00-0034881,LB,James Crawford,James,Crawford,,,,Knee,,Did Not Participate In Practice,2019-09-26T11:34:26Z
2019,REG,MIA,4,00-0033880,DE,Charles Harris,Charles,Harris,,,,Wrist,,Full Participation in Practice,2019-09-27T10:32:58Z
2019,REG,MIA,4,00-0034145,CB,Chris Lammons,Chris,Lammons,,,,Toe,,Full Participation in Practice,2019-09-27T10:32:58Z
2019,REG,MIA,4,00-0034343,QB,Josh Rosen,Josh,Rosen,,,,right Elbow,,Full Participation in Practice,2019-09-27T10:32:58Z
2019,REG,MIA,4,00-0028101,C,Daniel Kilgore,Daniel,Kilgore,,,,Not Injury Related,,Limited Participation in Practice,2019-09-27T10:34:07Z
2019,REG,MIA,4,00-0030821,WR,Allen Hurns,Allen,Hurns,Concussion,,Out,Concussion,,Did Not Participate In Practice,2019-09-27T10:35:36Z
2019,REG,MIA,4,00-0033734,CB,Jamal Perry,Jamal,Perry,Groin,,Out,Groin,,Did Not Participate In Practice,2019-09-27T10:36:15Z
2019,REG,MIA,4,00-0031893,T,Jesse Davis,Jesse,Davis,Elbow,,Questionable,Elbow,,Limited Participation in Practice,2019-09-27T10:35:10Z
2019,REG,MIA,4,00-0034588,LB,Trent Harris,Trent,Harris,Foot,,Questionable,Foot,,Limited Participation in Practice,2019-09-27T10:35:10Z
2019,REG,MIA,4,00-0027762,S,Reshad Jones,Reshad,Jones,Ankle,,Questionable,Ankle,,Limited Participation in Practice,2019-09-27T10:35:10Z
2019,REG,MIA,4,00-0031587,S,Bobby McCain,Bobby,McCain,Hamstring,Shoulder,Questionable,Hamstring,Shoulder,Limited Participation in Practice,2019-09-27T10:35:10Z
2019,REG,MIA,4,00-0030669,WR,Albert Wilson,Albert,Wilson,Hip,Calf,Questionable,Hip,Calf,Limited Participation in Practice,2019-09-27T10:35:10Z
2019,REG,MIN,4,00-0031256,LB,Anthony Barr,Anthony,Barr,,,,Groin,,Full Participation in Practice,2019-09-27T11:10:10Z
2019,REG,MIN,4,00-0033944,LB,Ben Gedeon,Ben,Gedeon,,,,Groin,,Full Participation in Practice,2019-09-27T11:10:10Z
2019,REG,MIN,4,00-0027701,DE,Everson Griffen,Everson,Griffen,,,,Elbow,,Full Participation in Practice,2019-09-27T11:10:10Z
2019,REG,MIN,4,00-0032454,S,Jayron Kearse,Jayron,Kearse,,,,Back,,Full Participation in Practice,2019-09-27T11:10:10Z
2019,REG,MIN,4,00-0031242,DT,Shamar Stephen,Shamar,Stephen,,,,Knee,,Full Participation in Practice,2019-09-27T11:10:10Z
2019,REG,MIN,4,00-0032422,LB,Kentrell Brothers,Kentrell,Brothers,Wrist,Hamstring,Out,Wrist,Hamstring,Did Not Participate In Practice,2019-09-27T11:10:41Z
2019,REG,MIN,4,00-0029992,G,Josh Kline,Josh,Kline,Concussion,,Out,Concussion,,Did Not Participate In Practice,2019-09-27T11:10:54Z
2019,REG,MIN,4,00-0032389,CB,Mackensie Alexander,Mackensie,Alexander,Elbow,,Questionable,Elbow,,Full Participation in Practice,2019-09-27T11:10:31Z
2019,REG,NE,4,00-0028076,T,Marcus Cannon,Marcus,Cannon,,,,Shoulder,,Full Participation in Practice,2019-09-27T13:03:59Z
2019,REG,NE,4,00-0034439,TE,Ryan Izzo,Ryan,Izzo,,,,Calf,,Full Participation in Practice,2019-09-27T13:04:23Z
2019,REG,NE,4,00-0032391,G,Joe Thuney,Joe,Thuney,,,,Shoulder,,Full Participation in Practice,2019-09-27T13:03:59Z
2019,REG,NE,4,00-0019596,QB,Tom Brady,Tom,Brady,,,,Calf,,Limited Participation in Practice,2019-09-25T12:10:15Z
2019,REG,NE,4,00-0027768,T,Marshall Newhouse,Marshall,Newhouse,Illness,,Questionable,Illness,,Did Not Participate In Practice,2019-09-27T13:04:34Z
2019,REG,NE,4,00-0026618,DE,Michael Bennett,Michael,Bennett,Shoulder,,Questionable,Shoulder,,Limited Participation in Practice,2019-09-27T13:04:34Z
2019,REG,NE,4,00-0030288,RB,Rex Burkhead,Rex,Burkhead,Foot,,Questionable,Foot,,Limited Participation in Practice,2019-09-27T13:04:34Z
2019,REG,NE,4,00-0029570,S,Nate Ebner,Nate,Ebner,Groin,,Questionable,Groin,,Limited Participation in Practice,2019-09-27T13:04:34Z
2019,REG,NE,4,00-0027150,WR,Julian Edelman,Julian,Edelman,Chest,,Questionable,Chest,,Limited Participation in Practice,2019-09-27T13:04:34Z
2019,REG,NE,4,00-0029669,LB,Dont'a Hightower,Dont'a,Hightower,Shoulder,,Questionable,Shoulder,,Limited Participation in Practice,2019-09-27T13:04:34Z
2019,REG,NE,4,00-0031744,TE,Matt LaCosse,Matt,LaCosse,Ankle,,Questionable,Ankle,,Limited Participation in Practice,2019-09-27T13:04:34Z
2019,REG,NO,4,00-0027061,TE,Jared Cook,Jared,Cook,,,,Not Injury Related,,Full Participation in Practice,2019-09-27T12:06:57Z
2019,REG,NO,4,00-0027962,DE,Cameron Jordan,Cameron,Jordan,,,,Not Injury Related,,Full Participation in Practice,2019-09-27T12:06:57Z
2019,REG,NO,4,00-0029931,RB,Zach Line,Zach,Line,,,,Knee,,Full Participation in Practice,2019-09-27T12:06:57Z
2019,REG,NO,4,00-0027114,P,Thomas Morstead,Thomas,Morstead,,,,Illness,,Full Participation in Practice,2019-09-27T12:07:07Z
2019,REG,NO,4,00-0030065,G,Larry Warford,Larry,Warford,,,,Shoulder,,Full Participation in Practice,2019-09-27T12:07:17Z
2019,REG,NO,4,00-0030067,T,Terron Armstead,Terron,Armstead,,,,Knee,,Limited Participation in Practice,2019-09-27T12:07:25Z
2019,REG,NO,4,00-0020531,QB,Drew Brees,Drew,Brees,right Thumb,,Out,right Thumb,,Did Not Participate In Practice,2019-09-27T12:07:41Z
2019,REG,NO,4,00-0034436,C,Will Clapp,Will,Clapp,Hand,,Out,Hand,,Did Not Participate In Practice,2019-09-27T12:07:47Z
2019,REG,NO,4,00-0034765,WR,Tre'Quan Smith,Tre'Quan,Smith,Ankle,,Out,Ankle,,Did Not Participate In Practice,2019-09-27T12:08:03Z
2019,REG,NO,4,00-0032759,DT,Sheldon Rankins,Sheldon,Rankins,Achilles,,Questionable,Achilles,,Limited Participation in Practice,2019-09-27T12:07:31Z
2019,REG,NYG,4,00-0030147,WR,Russell Shepard,Russell,Shepard,,,,Foot,,Did Not Participate In Practice,2019-09-26T09:54:04Z
2019,REG,NYG,4,00-0034360,LB,Lorenzo Carter,Lorenzo,Carter,,,,Elbow,,Full Participation in Practice,2019-09-27T10:19:20Z
2019,REG,NYG,4,00-0031344,WR,Cody Latimer,Cody,Latimer,,,,Concussion,,Full Participation in Practice,2019-09-27T10:19:20Z
2019,REG,NYG,4,00-0031914,DE,Olsen Pierre,Olsen,Pierre,,,,Knee,,Full Participation in Practice,2019-09-27T10:19:39Z
2019,REG,NYG,4,00-0030670,WR,Bennie Fowler,Bennie,Fowler,,,,Hamstring,,Limited Participation in Practice,2019-09-27T10:19:20Z
2019,REG,NYG,4,00-0034844,RB,Saquon Barkley,Saquon,Barkley,Ankle,,Out,Ankle,,Did Not Participate In Practice,2019-09-27T10:19:54Z
2019,REG,NYG,4,00-0034500,LB,Tae Davis,Tae,Davis,Concussion,,Out,Concussion,,Did Not Participate In Practice,2019-09-27T10:20:05Z
2019,REG,NYG,4,00-0030527,LB,Alec Ogletree,Alec,Ogletree,Hamstring,,Out,Hamstring,,Did Not Participate In Practice,2019-09-27T10:20:18Z
2019,REG,OAK,4,00-0028912,LB,Vontaze Burfict,Vontaze,Burfict,,,,Elbow,Knee,Full Participation in Practice,2019-09-27T12:20:41Z
2019,REG,OAK,4,00-0030380,DE,Benson Mayowa,Benson,Mayowa,,,,Knee,,Full Participation in Practice,2019-09-27T12:21:10Z
2019,REG,OAK,4,00-0033445,LB,Nicholas Morrow,Nicholas,Morrow,,,,Ankle,,Full Participation in Practice,2019-09-27T12:20:54Z
2019,REG,OAK,4,00-0029647,LB,Kyle Wilber,Kyle,Wilber,,,,Quadricep,,Full Participation in Practice,2019-09-27T12:21:00Z
2019,REG,OAK,4,00-0028114,WR,Dwayne Harris,Dwayne,Harris,Ankle,,Out,Ankle,,Did Not Participate In Practice,2019-09-27T12:21:44Z
2019,REG,OAK,4,00-0031367,G,Gabe Jackson,Gabe,Jackson,Knee,,Out,Knee,,Did Not Participate In Practice,2019-09-27T12:21:49Z
2019,REG,OAK,4,00-0032071,T,Trenton Brown,Trenton,Brown,Ankle,Knee,Questionable,Ankle,Knee,Full Participation in Practice,2019-09-27T12:21:32Z
2019,REG,OAK,4,00-0030011,C,Jordan Devey,Jordan,Devey,Groin,,Questionable,Groin,,Limited Participation in Practice,2019-09-27T12:21:32Z
2019,REG,PHI,4,00-0035246,WR,J.J. Arcega-Whiteside,J.J.,Arcega-Whiteside,,,,Heel,,Full Participation in Practice,2019-09-25T09:15:27Z
2019,REG,PHI,4,00-0033876,DE,Derek Barnett,Derek,Barnett,,,,Ankle,,Full Participation in Practice,2019-09-25T09:15:33Z
2019,REG,PHI,4,00-0035233,T,Andre Dillard,Andre,Dillard,,,,Knee,,Full Participation in Practice,2019-09-25T09:15:27Z
2019,REG,PHI,4,00-0033577,LB,Nathan Gerry,Nathan,Gerry,,,,Calf,Knee,Full Participation in Practice,2019-09-25T09:15:27Z
2019,REG,PHI,4,00-0034351,TE,Dallas Goedert,Dallas,Goedert,,,,Calf,,Full Participation in Practice,2019-09-25T09:15:27Z
2019,REG,PHI,4,00-0032437,LB,Kamu Grugier-Hill,Kamu,Grugier-Hill,,,,Knee,,Full Participation in Practice,2019-09-25T09:15:27Z
2019,REG,PHI,4,00-0029137,WR,Alshon Jeffery,Alshon,Jeffery,,,,Calf,,Full Participation in Practice,2019-09-25T09:15:27Z
2019,REG,PHI,4,00-0032792,QB,Nate Sudfeld,Nate,Sudfeld,,,,left Wrist,,Full Participation in Practice,2019-09-25T09:15:27Z
2019,REG,PHI,4,00-0032195,CB,Ronald Darby,Ronald,Darby,Hamstring,,Out,Hamstring,,Did Not Participate In Practice,2019-09-25T09:16:09Z
2019,REG,PHI,4,00-0026189,WR,DeSean Jackson,DeSean,Jackson,Abdomen,,Out,Abdomen,,Did Not Participate In Practice,2019-09-25T09:16:30Z
2019,REG,PHI,4,00-0031170,DT,Timmy Jernigan,Timmy,Jernigan,Foot,,Out,Foot,,Did Not Participate In Practice,2019-09-25T09:16:41Z
2019,REG,PHI,4,00-0033725,RB,Corey Clement,Corey,Clement,Shoulder,,Questionable,Shoulder,,Full Participation in Practice,2019-09-25T09:15:55Z
2019,REG,PIT,4,00-0029670,LB,Mark Barron,Mark,Barron,,,,Not Injury Related,,Full Participation in Practice,2019-09-28T12:02:27Z
2019,REG,PIT,4,00-0026561,G,Ramon Foster,Ramon,Foster,,,,Not Injury Related,,Full Participation in Practice,2019-09-28T12:02:52Z
2019,REG,PIT,4,00-0027860,CB,Joe Haden,Joe,Haden,,,,Shoulder,,Full Participation in Practice,2019-09-28T12:02:27Z
2019,REG,PIT,4,00-0027870,C,Maurkice Pouncey,Maurkice,Pouncey,,,,Not Injury Related,,Full Participation in Practice,2019-09-28T12:02:27Z
2019,REG,PIT,4,00-0031956,LB,Anthony Chickillo,Anthony,Chickillo,Foot,,Out,Foot,,Did Not Participate In Practice,2019-09-28T12:03:22Z
2019,REG,PIT,4,00-0030741,RB,Roosevelt Nix,Roosevelt,Nix,Knee,,Out,Knee,,Did Not Participate In Practice,2019-09-28T12:03:40Z
2019,REG,PIT,4,00-0030434,LB,Vince Williams,Vince,Williams,Hamstring,,Out,Hamstring,,Did Not Participate In Practice,2019-09-28T12:03:47Z
2019,REG,PIT,4,00-0030470,TE,Vance McDonald,Vance,McDonald,Shoulder,,Doubtful,Shoulder,,Did Not Participate In Practice,2019-09-28T12:03:32Z
2019,REG,PIT,4,00-0030752,LB,Jayrone Elliott,Jayrone,Elliott,Hamstring,,Questionable,Hamstring,,Full Participation in Practice,2019-09-28T12:03:17Z
2019,REG,SEA,4,00-0026166,T,Duane Brown,Duane,Brown,,,,Biceps,,Full Participation in Practice,2019-09-27T15:10:05Z
2019,REG,SEA,4,00-0034756,CB,Tre Flowers,Tre,Flowers,,,,Ankle,,Full Participation in Practice,2019-09-27T15:10:11Z
2019,REG,SEA,4,00-0034234,DT,Poona Ford,Poona,Ford,,,,Calf,,Full Participation in Practice,2019-09-27T15:10:24Z
2019,REG,SEA,4,00-0035594,RB,Travis Homer,Travis,Homer,,,,Quadricep,,Full Participation in Practice,2019-09-27T15:10:41Z
2019,REG,SEA,4,00-0033554,S,Tedric Thompson,Tedric,Thompson,,,,Hamstring,,Full Participation in Practice,2019-09-27T15:11:17Z
2019,REG,SEA,4,00-0032211,WR,Tyler Lockett,Tyler,Lockett,,,,Not Injury Related,,Limited Participation in Practice,2019-09-25T15:56:10Z
2019,REG,SEA,4,00-0035640,WR,DK Metcalf,DK,Metcalf,,,,Not Injury Related,,Limited Participation in Practice,2019-09-25T15:56:20Z
2019,REG,SEA,4,00-0033901,C,Ethan Pocic,Ethan,Pocic,Back,,Doubtful,Back,,Did Not Participate In Practice,2019-09-27T13:02:23Z
2019,REG,SEA,4,00-0030059,DE,Ezekiel Ansah,Ezekiel,Ansah,Back,,Questionable,Back,,Full Participation in Practice,2019-09-27T13:02:50Z
2019,REG,SEA,4,00-0032416,DT,Quinton Jefferson,Quinton,Jefferson,Hip,,Questionable,Hip,,Full Participation in Practice,2019-09-27T13:02:38Z
2019,REG,SEA,4,00-0034750,RB,Rashaad Penny,Rashaad,Penny,Hamstring,,Questionable,Hamstring,,Full Participation in Practice,2019-09-27T13:03:02Z
2019,REG,SEA,4,00-0029329,CB,Neiko Thorpe,Neiko,Thorpe,Hamstring,,Questionable,Hamstring,,Limited Participation in Practice,2019-09-27T13:03:11Z
2019,REG,TB,4,00-0032789,LB,Devante Bond,Devante,Bond,,,,Hamstring,,Full Participation in Practice,2019-09-27T11:28:47Z
2019,REG,TB,4,00-0032054,WR,Breshad Perriman,Breshad,Perriman,,,,Quadricep,,Full Participation in Practice,2019-09-27T11:29:09Z
2019,REG,TB,4,00-0034773,DT,Vita Vea,Vita,Vea,,,,Groin,,Full Participation in Practice,2019-09-27T11:29:15Z
2019,REG,TB,4,00-0035699,CB,Jamel Dean,Jamel,Dean,Ankle,,Out,Ankle,,Did Not Participate In Practice,2019-09-27T11:29:55Z
2019,REG,TB,4,00-0035707,LB,Devin White,Devin,White,Knee,,Out,Knee,,Did Not Participate In Practice,2019-09-27T11:30:12Z
2019,REG,TB,4,00-0026814,T,Demar Dotson,Demar,Dotson,Calf,,Questionable,Calf,,Limited Participation in Practice,2019-09-27T11:29:43Z
2019,REG,TB,4,00-0033921,WR,Chris Godwin,Chris,Godwin,Hip,,Questionable,Hip,,Limited Participation in Practice,2019-09-27T11:29:43Z
2019,REG,TB,4,00-0029895,C,Ryan Jensen,Ryan,Jensen,Back,,Questionable,Back,,Limited Participation in Practice,2019-09-27T11:29:43Z
2019,REG,TEN,4,00-0029794,LB,Daren Bates,Daren,Bates,,,,Ankle,,Full Participation in Practice,2019-09-27T11:31:34Z
2019,REG,TEN,4,00-0034743,LB,Rashaan Evans,Rashaan,Evans,,,,Wrist,,Full Participation in Practice,2019-09-27T11:31:29Z
2019,REG,TEN,4,00-0030711,RB,David Fluellen,David,Fluellen,,,,Hamstring,,Full Participation in Practice,2019-09-27T11:31:29Z
2019,REG,TEN,4,00-0032353,CB,Chris Milton,Chris,Milton,,,,Collarbone,,Full Participation in Practice,2019-09-27T11:31:29Z
2019,REG,TEN,4,00-0024389,TE,Delanie Walker,Delanie,Walker,,,,Knee,,Full Participation in Practice,2019-09-27T11:31:44Z
2019,REG,TEN,4,00-0025828,LB,Wesley Woodyard,Wesley,Woodyard,,,,Quadricep,,Full Participation in Practice,2019-09-27T11:31:29Z
2019,REG,TEN,4,00-0031182,G,Kevin Pamphile,Kevin,Pamphile,Knee,,Out,Knee,,Did Not Participate In Practice,2019-09-27T11:32:03Z
2019,REG,WAS,4,00-0033523,DE,Jonathan Allen,Jonathan,Allen,,,,Knee,,Full Participation in Practice,2019-09-27T11:13:38Z
2019,REG,WAS,4,00-0032007,CB,Quinton Dunbar,Quinton,Dunbar,,,,Knee,,Full Participation in Practice,2019-09-27T11:13:38Z
2019,REG,WAS,4,00-0028986,QB,Case Keenum,Case,Keenum,,,,Foot,,Full Participation in Practice,2019-09-27T11:13:38Z
2019,REG,WAS,4,00-0027688,QB,Colt McCoy,Colt,McCoy,,,,Fibula,,Full Participation in Practice,2019-09-27T11:13:38Z
2019,REG,WAS,4,00-0032751,LB,Cassanova McKinzy,Cassanova,McKinzy,,,,Hip,,Full Participation in Practice,2019-09-27T11:13:38Z
2019,REG,WAS,4,00-0029285,CB,Josh Norman,Josh,Norman,,,,Foot,,Full Participation in Practice,2019-09-27T11:14:08Z
2019,REG,WAS,4,00-0030472,TE,Jordan Reed,Jordan,Reed,Concussion,,Out,Concussion,,Did Not Participate In Practice,2019-09-27T11:15:26Z
2019,REG,WAS,4,00-0033529,C,Chase Roullier,Chase,Roullier,Knee,,Out,Knee,,Did Not Participate In Practice,2019-09-27T11:15:34Z
2019,REG,WAS,4,00-0035659,WR,Terry McLaurin,Terry,McLaurin,Hamstring,,Questionable,Hamstring,,Did Not Participate In Practice,2019-09-27T11:15:20Z
2019,REG,WAS,4,00-0032053,G,Brandon Scherff,Brandon,Scherff,Ankle,,Questionable,Ankle,,Did Not Participate In Practice,2019-09-27T11:15:04Z
2019,REG,ARI,5,00-0033890,S,Budda Baker,Budda,Baker,,,,Thigh,,Full Participation in Practice,2019-10-04T13:22:32Z
2019,REG,ARI,5,00-0028112,TE,Charles Clay,Charles,Clay,,,,Not Injury Related,,Full Participation in Practice,2019-10-04T13:22:32Z
2019,REG,ARI,5,00-0022921,WR,Larry Fitzgerald,Larry,Fitzgerald,,,,Not Injury Related,,Full Participation in Practice,2019-10-04T13:22:32Z
2019,REG,ARI,5,00-0035536,G,Lamont Gaillard,Lamont,Gaillard,,,,Knee,,Full Participation in Practice,2019-10-04T13:22:32Z
2019,REG,ARI,5,00-0027686,DT,Corey Peters,Corey,Peters,,,,Not Injury Related,,Full Participation in Practice,2019-10-04T13:22:32Z
2019,REG,ARI,5,00-0035248,DE,Zach Allen,Zach,Allen,Neck,,Out,Neck,,Did Not Participate In Practice,2019-10-04T13:23:47Z
2019,REG,ARI,5,00-0034473,LB,Dennis Gardeck,Dennis,Gardeck,Ankle,,Out,Ankle,,Did Not Participate In Practice,2019-10-04T13:24:15Z
2019,REG,ARI,5,00-0034775,WR,Christian Kirk,Christian,Kirk,Ankle,,Out,Ankle,,Did Not Participate In Practice,2019-10-04T13:24:28Z
2019,REG,ARI,5,00-0032560,S,Charles Washington,Charles,Washington,Shoulder,,Out,Shoulder,,Did Not Participate In Practice,2019-10-04T13:24:48Z
2019,REG,ARI,5,00-0030046,T,Jordan Mills,Jordan,Mills,Knee,,Out,Knee,,Limited Participation in Practice,2019-10-04T13:24:35Z
2019,REG,ARI,5,00-0031868,WR,Damiere Byrd,Damiere,Byrd,Hamstring,,Questionable,Hamstring,,Did Not Participate In Practice,2019-10-04T13:23:35Z
2019,REG,ARI,5,00-0022161,LB,Terrell Suggs,Terrell,Suggs,Back,,Questionable,Back,,Did Not Participate In Practice,2019-10-04T13:23:35Z
2019,REG,ARI,5,00-0034490,LB,Ezekiel Turner,Ezekiel,Turner,Hand,Hamstring,Questionable,Hand,Hamstring,Did Not Participate In Practice,2019-10-04T13:23:35Z
2019,REG,ARI,5,00-0027375,CB,Tramaine Brock,Tramaine,Brock,Back,,Questionable,Back,,Limited Participation in Practice,2019-10-04T13:23:35Z
2019,REG,ARI,5,00-0022824,P,Andy Lee,Andy,Lee,right Hip,,Questionable,right Hip,,Limited Participation in Practice,2019-10-04T13:23:35Z
2019,REG,ARI,5,00-0030585,G,Justin Pugh,Justin,Pugh,Shoulder,,Questionable,Shoulder,,Limited Participation in Practice,2019-10-04T13:23:35Z
2019,REG,ATL,5,00-0031583,DT,Grady Jarrett,Grady,Jarrett,,,,Elbow,,Full Participation in Practice,2019-10-04T12:53:36Z
2019,REG,ATL,5,00-0032432,C,Wes Schweitzer,Wes,Schweitzer,,,,Shoulder,,Full Participation in Practice,2019-10-04T12:53:29Z
2019,REG,ATL,5,00-0026997,C,Alex Mack,Alex,Mack,,,,Elbow,,Limited Participation in Practice,2019-10-04T12:52:53Z
2019,REG,ATL,5,00-0035235,T,Kaleb McGary,Kaleb,McGary,,,,Knee,,Limited Participation in Practice,2019-10-04T12:52:53Z
2019,REG,ATL,5,00-0030465,RB,Kenjon Barner,Kenjon,Barner,Knee,,Out,Knee,,Did Not Participate In Practice,2019-10-04T12:54:10Z
2019,REG,ATL,5,00-0028130,P,Matt Bosher,Matt,Bosher,right Groin,,Out,right Groin,,Did Not Participate In Practice,2019-10-04T12:54:19Z
2019,REG,ATL,5,00-0032244,G,Jamon Brown,Jamon,Brown,Concussion,,Out,Concussion,,Did Not Participate In Practice,2019-10-04T12:54:27Z
2019,REG,ATL,5,00-0030541,CB,Blidi Wreh-Wilson,Blidi,Wreh-Wilson,Groin,,Out,Groin,,Did Not Participate In Practice,2019-10-04T12:54:39Z
2019,REG,ATL,5,00-0033512,S,Damontae Kazee,Damontae,Kazee,Illness,,Questionable,Illness,,Did Not Participate In Practice,2019-10-04T12:53:59Z
2019,REG,BAL,5,00-0028103,LB,Pernell McPhee,Pernell,McPhee,,,,Not Injury Related,,Did Not Participate In Practice,2019-10-04T11:57:16Z
2019,REG,BAL,5,00-0033376,DT,Patrick Ricard,Patrick,Ricard,,,,Not Injury Related,,Did Not Participate In Practice,2019-10-04T11:57:28Z
2019,REG,BAL,5,00-0034753,TE,Mark Andrews,Mark,Andrews,,,,Foot,,Full Participation in Practice,2019-10-04T11:57:55Z
2019,REG,BAL,5,00-0027866,S,Earl Thomas,Earl,Thomas,,,,Not Injury Related,,Full Participation in Practice,2019-10-04T11:56:40Z
2019,REG,BAL,5,00-0030020,S,Brynden Trawick,Brynden,Trawick,,,,Elbow,,Limited Participation in Practice,2019-10-02T12:47:53Z
2019,REG,BAL,5,00-0027965,CB,Jimmy Smith,Jimmy,Smith,Knee,,Out,Knee,,Did Not Participate In Practice,2019-10-04T11:58:36Z
2019,REG,BAL,5,00-0032575,C,Matt Skura,Matt,Skura,Knee,,Questionable,Knee,,Did Not Participate In Practice,2019-10-04T11:58:21Z
2019,REG,BAL,5,00-0030511,DT,Brandon Williams,Brandon,Williams,Knee,,Questionable,Knee,,Full Participation in Practice,2019-10-04T11:58:21Z
2019,REG,BAL,5,00-0032390,CB,Cyrus Jones,Cyrus,Jones,Foot,,Questionable,Foot,,Limited Participation in Practice,2019-10-04T11:58:21Z
2019,REG,BUF,5,00-0029000,WR,Cole Beasley,Cole,Beasley,,,,Ankle,Rest,Did Not Participate In Practice,2019-10-04T11:39:17Z
2019,REG,BUF,5,00-0023500,RB,Frank Gore,Frank,Gore,,,,Rest,,Did Not Participate In Practice,2019-10-03T12:38:27Z
2019,REG,BUF,5,00-0031047,C,Spencer Long,Spencer,Long,,,,Ankle,,Full Participation in Practice,2019-10-04T11:38:01Z
2019,REG,BUF,5,00-0033884,CB,Tre'Davious White,Tre'Davious,White,,,,Ankle,,Full Participation in Practice,2019-10-04T11:38:01Z
2019,REG,BUF,5,00-0032214,TE,Tyler Kroft,Tyler,Kroft,Ankle,,Out,Ankle,,Did Not Participate In Practice,2019-10-04T11:40:00Z
2019,REG,BUF,5,00-0034539,LB,Corey Thompson,Corey,Thompson,Ankle,,Out,Ankle,,Did Not Participate In Practice,2019-10-04T11:40:09Z
2019,REG,BUF,5,00-0029709,T,Ty Nsekhe,Ty,Nsekhe,Ankle,,Questionable,Ankle,,Did Not Participate In Practice,2019-10-04T11:39:45Z
2019,REG,BUF,5,00-0034857,QB,Josh Allen,Josh,Allen,Concussion,,Questionable,Concussion,,Full Participation in Practice,2019-10-04T11:39:45Z
2019,REG,BUF,5,00-0028581,RB,Patrick DiMarco,Patrick,DiMarco,Concussion,,Questionable,Concussion,,Full Participation in Practice,2019-10-04T11:39:45Z
2019,REG,BUF,5,00-0031870,S,Dean Marlowe,Dean,Marlowe,Concussion,,Questionable,Concussion,,Full Participation in Practice,2019-10-04T11:39:45Z
2019,REG,BUF,5,00-0034510,WR,Robert Foster,Robert,Foster,Groin,,Questionable,Groin,,Limited Participation in Practice,2019-10-04T11:39:45Z
2019,REG,BUF,5,00-0034376,CB,Taron Johnson,Taron,Johnson,Hamstring,,Questionable,Hamstring,,Limited Participation in Practice,2019-10-04T11:39:45Z
2019,REG,BUF,5,00-0035250,RB,Devin Singletary,Devin,Singletary,Hamstring,,Questionable,Hamstring,,Limited Participation in Practice,2019-10-04T11:39:45Z
2019,REG,CAR,5,00-0028339,LB,Mario Addison,Mario,Addison,,,,Not Injury Related,,Did Not Participate In Practice,2019-10-04T10:52:45Z
2019,REG,CAR,5,00-0034382,LB,Marquis Haynes,Marquis,Haynes,,,,Elbow,,Full Participation in Practice,2019-10-04T10:52:29Z
2019,REG,CAR,5,00-0029193,LB,Bruce Irvin,Bruce,Irvin,,,,Hamstring,,Full Participation in Practice,2019-10-04T10:52:29Z
2019,REG,CAR,5,00-0033280,RB,Christian McCaffrey,Christian,McCaffrey,,,,Not Injury Related,,Full Participation in Practice,2019-10-04T10:52:29Z
2019,REG,CAR,5,00-0033282,WR,Curtis Samuel,Curtis,Samuel,,,,Not Injury Related,,Full Participation in Practice,2019-10-04T10:52:29Z
2019,REG,CAR,5,00-0031550,LB,Shaq Thompson,Shaq,Thompson,,,,Hand,,Full Participation in Practice,2019-10-04T10:52:29Z
2019,REG,CAR,5,00-0028237,WR,Chris Hogan,Chris,Hogan,Knee,,Out,Knee,,Did Not Participate In Practice,2019-10-04T10:54:17Z
2019,REG,CAR,5,00-0034356,CB,Donte Jackson,Donte,Jackson,Groin,,Out,Groin,,Did Not Participate In Practice,2019-10-04T10:54:25Z
2019,REG,CAR,5,00-0035694,T,Greg Little,Greg,Little,Concussion,,Out,Concussion,,Did Not Participate In Practice,2019-10-04T10:54:30Z
2019,REG,CAR,5,00-0031484,TE,Chris Manhertz,Chris,Manhertz,Concussion,,Out,Concussion,,Did Not Participate In Practice,2019-10-04T10:54:37Z
2019,REG,CAR,5,00-0027939,QB,Cam Newton,Cam,Newton,Foot,,Out,Foot,,Did Not Participate In Practice,2019-10-04T10:54:48Z
2019,REG,CAR,5,00-0031362,G,Trai Turner,Trai,Turner,Ankle,,Out,Ankle,,Did Not Participate In Practice,2019-10-04T10:55:00Z
2019,REG,CAR,5,00-0027856,DT,Gerald McCoy,Gerald,McCoy,Knee,,Questionable,Knee,,Did Not Participate In Practice,2019-10-04T10:54:06Z
2019,REG,CAR,5,00-0035713,LB,Brian Burns,Brian,Burns,Wrist,,Questionable,Wrist,,Full Participation in Practice,2019-10-04T10:54:06Z
2019,REG,CAR,5,00-0030548,S,Eric Reid,Eric,Reid,Ankle,,Questionable,Ankle,,Limited Participation in Practice,2019-10-04T10:54:06Z
2019,REG,CHI,5,00-0030710,TE,Trey Burton,Trey,Burton,,,,Groin,,Full Participation in Practice,2019-10-04T12:39:47Z
2019,REG,CHI,5,00-0030441,G,Kyle Long,Kyle,Long,,,,Hip,,Full Participation in Practice,2019-10-04T12:40:34Z
2019,REG,CHI,5,00-0034173,K,Eddy Pineiro,Eddy,Pineiro,,,,right Knee,,Full Participation in Practice,2019-10-04T12:39:47Z
2019,REG,CHI,5,00-0034874,LB,Roquan Smith,Roquan,Smith,,,,Not Injury Related,,Full Participation in Practice,2019-10-04T12:39:47Z
2019,REG,CHI,5,00-0031228,WR,Taylor Gabriel,Taylor,Gabriel,Concussion,,Out,Concussion,,Did Not Participate In Practice,2019-10-04T12:42:41Z
2019,REG,CHI,5,00-0027607,G,Ted Larsen,Ted,Larsen,Knee,,Out,Knee,,Did Not Participate In Practice,2019-10-04T12:42:54Z
2019,REG,CHI,5,00-0034387,DT,Bilal Nichols,Bilal,Nichols,Hand,,Out,Hand,,Did Not Participate In Practice,2019-10-04T12:43:06Z
2019,REG,CHI,5,00-0033869,QB,Mitchell Trubisky,Mitchell,Trubisky,left Shoulder,,Out,left Shoulder,,Did Not Participate In Practice,2019-10-04T12:43:19Z
2019,REG,CHI,5,00-0034372,LB,Joel Iyiegbuniwe,Joel,Iyiegbuniwe,Hamstring,,Doubtful,Hamstring,,Did Not Participate In Practice,2019-10-04T12:43:33Z
2019,REG,CHI,5,00-0029657,DT,Akiem Hicks,Akiem,Hicks,Knee,,Questionable,Knee,,Limited Participation in Practice,2019-10-04T12:42:23Z
2019,REG,CIN,5,00-0027662,DE,Carlos Dunlap,Carlos,Dunlap,,,,Knee,,Full Participation in Practice,2019-10-04T10:14:42Z
2019,REG,CIN,5,00-0033786,DT,Ryan Glasgow,Ryan,Glasgow,,,,Thigh,,Full Participation in Practice,2019-10-04T10:14:14Z
2019,REG,CIN,5,00-0033463,DE,Carl Lawson,Carl,Lawson,,,,Hamstring,,Full Participation in Practice,2019-10-04T10:14:14Z
2019,REG,CIN,5,00-0026982,T,Andre Smith,Andre,Smith,,,,Hamstring,,Full Participation in Practice,2019-10-04T10:14:14Z
2019,REG,CIN,5,00-0030403,CB,B.W. Webb,B.W.,Webb,,,,Forearm,,Full Participation in Practice,2019-10-04T10:14:14Z
2019,REG,CIN,5,00-0030471,S,Shawn Williams,Shawn,Williams,,,,Knee,,Full Participation in Practice,2019-10-04T10:14:52Z
2019,REG,CIN,5,00-0029561,T,Cordy Glenn,Cordy,Glenn,Concussion,,Out,Concussion,,Did Not Participate In Practice,2019-10-04T10:15:45Z
2019,REG,CIN,5,00-0027942,WR,A.J. Green,A.J.,Green,Ankle,,Out,Ankle,,Did Not Participate In Practice,2019-10-04T10:15:52Z
2019,REG,CIN,5,00-0033460,WR,John Ross,John,Ross,Sternoclavicular,,Out,Sternoclavicular,,Did Not Participate In Practice,2019-10-04T10:16:02Z
2019,REG,CIN,5,00-0030776,DE,Kerry Wynn,Kerry,Wynn,Concussion,,Out,Concussion,,Did Not Participate In Practice,2019-10-04T10:15:37Z
2019,REG,CLE,5,00-0035177,LB,Willie Harvey,Willie,Harvey,,,,Shoulder,,Did Not Participate In Practice,2019-10-05T10:33:40Z
2019,REG,CLE,5,00-0031235,WR,Odell Beckham,Odell,Beckham,,,,Hip,,Full Participation in Practice,2019-10-05T10:33:40Z
2019,REG,CLE,5,00-0031382,WR,Jarvis Landry,Jarvis,Landry,,,,Concussion,Shoulder,Full Participation in Practice,2019-10-05T10:33:40Z
2019,REG,CLE,5,00-0035145,K,Austin Seibert,Austin,Seibert,,,,right Hip,,Full Participation in Practice,2019-10-05T10:33:40Z
2019,REG,CLE,5,00-0031921,T,Kendall Lamm,Kendall,Lamm,Knee,,Out,Knee,,Did Not Participate In Practice,2019-10-05T10:38:45Z
2019,REG,CLE,5,00-0034856,CB,Denzel Ward,Denzel,Ward,Hamstring,,Questionable,Hamstring,,Did Not Participate In Practice,2019-10-05T10:39:54Z
2019,REG,CLE,5,00-0035638,CB,Greedy Williams,Greedy,Williams,Hamstring,,Questionable,Hamstring,,Did Not Participate In Practice,2019-10-05T10:40:07Z
2019,REG,CLE,5,00-0027676,S,Morgan Burnett,Morgan,Burnett,Quadricep,,Questionable,Quadricep,,Full Participation in Practice,2019-10-05T10:36:07Z
2019,REG,CLE,5,00-0032977,WR,Rashard Higgins,Rashard,Higgins,Knee,,Questionable,Knee,,Full Participation in Practice,2019-10-05T10:37:24Z
2019,REG,CLE,5,00-0029963,T,Christopher Hubbard,Christopher,Hubbard,Foot,,Questionable,Foot,,Full Participation in Practice,2019-10-05T10:37:53Z
2019,REG,CLE,5,00-0034977,S,Sheldrick Redwine,Sheldrick,Redwine,Hamstring,,Questionable,Hamstring,,Full Participation in Practice,2019-10-05T10:39:08Z
2019,REG,DAL,5,00-0027663,LB,Sean Lee,Sean,Lee,,,,Knee,Not Injury Related,Did Not Participate In Practice,2019-10-04T11:49:11Z
2019,REG,DAL,5,00-0031544,WR,Amari Cooper,Amari,Cooper,,,,Ankle,,Full Participation in Practice,2019-10-04T11:48:39Z
2019,REG,DAL,5,00-0035413,LB,Luke Gifford,Luke,Gifford,,,,Ankle,,Full Participation in Practice,2019-10-04T11:48:39Z
2019,REG,DAL,5,00-0028664,P,Chris Jones,Chris,Jones,,,,Back,,Full Participation in Practice,2019-10-04T11:48:39Z
2019,REG,DAL,5,00-0031411,DE,Demarcus Lawrence,Demarcus,Lawrence,,,,Knee,Shoulder,Full Participation in Practice,2019-10-04T11:49:01Z
2019,REG,DAL,5,00-0031402,G,Zack Martin,Zack,Martin,,,,Back,,Full Participation in Practice,2019-10-04T11:49:20Z
2019,REG,DAL,5,00-0033579,S,Xavier Woods,Xavier,Woods,,,,Ankle,,Full Participation in Practice,2019-10-04T11:48:39Z
2019,REG,DAL,5,00-0027947,T,Tyron Smith,Tyron,Smith,Ankle,,Out,Ankle,,Did Not Participate In Practice,2019-10-04T11:50:53Z
2019,REG,DAL,5,00-0031534,T,La'el Collins,La'el,Collins,Back,,Questionable,Back,,Limited Participation in Practice,2019-10-04T11:49:50Z
2019,REG,DAL,5,00-0029641,DE,Tyrone Crawford,Tyrone,Crawford,Hip,,Questionable,Hip,,Limited Participation in Practice,2019-10-04T11:49:50Z
2019,REG,DAL,5,00-0034764,WR,Michael Gallup,Michael,Gallup,Knee,,Questionable,Knee,,Limited Participation in Practice,2019-10-04T11:49:50Z
2019,REG,DAL,5,00-0032871,DT,Antwaun Woods,Antwaun,Woods,Knee,,Questionable,Knee,,Limited Participation in Practice,2019-10-04T11:49:50Z
2019,REG,DEN,5,00-0034744,CB,Duke Dawson,Duke,Dawson,,,,Ankle,,Full Participation in Practice,2019-10-04T12:17:21Z
2019,REG,DEN,5,00-0033659,LB,Joseph Jones,Joseph,Jones,,,,Triceps,,Full Participation in Practice,2019-10-04T12:17:21Z
2019,REG,DEN,5,00-0029010,G,Ronald Leary,Ronald,Leary,,,,Not Injury Related,,Full Participation in Practice,2019-10-04T12:17:21Z
2019,REG,DEN,5,00-0029586,DE,Derek Wolfe,Derek,Wolfe,,,,Ankle,,Full Participation in Practice,2019-10-04T12:17:47Z
2019,REG,DEN,5,00-0027685,WR,Emmanuel Sanders,Emmanuel,Sanders,,,,Quadricep,,Limited Participation in Practice,2019-10-04T12:17:32Z
2019,REG,DEN,5,00-0031904,CB,Bryce Callahan,Bryce,Callahan,Foot,,Out,Foot,,Did Not Participate In Practice,2019-10-04T12:18:24Z
2019,REG,DEN,5,00-0034368,LB,Josey Jewell,Josey,Jewell,Hamstring,,Questionable,Hamstring,,Did Not Participate In Practice,2019-10-04T12:18:19Z
2019,REG,DEN,5,00-0027872,CB,Kareem Jackson,Kareem,Jackson,Hamstring,,Questionable,Hamstring,,Full Participation in Practice,2019-10-04T12:18:19Z
2019,REG,DEN,5,00-0031417,T,Ja'Wuan James,Ja'Wuan,James,Knee,,Questionable,Knee,,Limited Participation in Practice,2019-10-04T12:18:19Z
2019,REG,GB,5,00-0031584,S,Adrian Amos,Adrian,Amos,,,,Biceps,,Full Participation in Practice,2019-10-04T12:26:46Z
2019,REG,GB,5,00-0031787,WR,Jake Kumerow,Jake,Kumerow,,,,Shoulder,,Full Participation in Practice,2019-10-04T12:26:46Z
2019,REG,GB,5,00-0033124,S,Will Redmond,Will,Redmond,,,,Concussion,Shoulder,Full Participation in Practice,2019-10-04T12:27:20Z
2019,REG,GB,5,00-0027696,TE,Jimmy Graham,Jimmy,Graham,,,,Not Injury Related,,Limited Participation in Practice,2019-10-04T12:26:46Z
2019,REG,GB,5,00-0032408,LB,Blake Martinez,Blake,Martinez,,,,Shoulder,Foot,Limited Participation in Practice,2019-10-04T12:27:13Z
2019,REG,GB,5,00-0031381,WR,Davante Adams,Davante,Adams,Toe,,Out,Toe,,Did Not Participate In Practice,2019-10-04T12:27:37Z
2019,REG,GB,5,00-0034540,CB,Tony Brown,Tony,Brown,Hamstring,,Out,Hamstring,,Did Not Participate In Practice,2019-10-04T12:27:53Z
2019,REG,GB,5,00-0033948,RB,Jamaal Williams,Jamaal,Williams,Concussion,,Out,Concussion,,Did Not Participate In Practice,2019-10-04T12:28:33Z
2019,REG,GB,5,00-0033524,CB,Kevin King,Kevin,King,Groin,,Doubtful,Groin,,Did Not Participate In Practice,2019-10-04T12:28:25Z
2019,REG,GB,5,00-0033929,DE,Montravius Adams,Montravius,Adams,Shoulder,,Questionable,Shoulder,,Limited Participation in Practice,2019-10-04T12:27:27Z
2019,REG,GB,5,00-0027875,T,Bryan Bulaga,Bryan,Bulaga,Shoulder,,Questionable,Shoulder,,Limited Participation in Practice,2019-10-04T12:27:27Z
2019,REG,GB,5,00-0034754,LB,Oren Burks,Oren,Burks,Chest,,Questionable,Chest,,Limited Participation in Practice,2019-10-04T12:27:27Z
2019,REG,GB,5,00-0032955,LB,Kyler Fackrell,Kyler,Fackrell,Shoulder,,Questionable,Shoulder,,Limited Participation in Practice,2019-10-04T12:27:27Z
2019,REG,HOU,5,00-0033127,WR,Will Fuller,Will,Fuller,,,,Not Injury Related,,Full Participation in Practice,2019-10-04T13:47:40Z
2019,REG,HOU,5,00-0030997,G,Zach Fulton,Zach,Fulton,,,,Back,,Full Participation in Practice,2019-10-04T13:47:40Z
2019,REG,HOU,5,00-0031029,T,Seantrel Henderson,Seantrel,Henderson,,,,Illness,,Full Participation in Practice,2019-10-04T13:47:40Z
2019,REG,HOU,5,00-0030564,WR,DeAndre Hopkins,DeAndre,Hopkins,,,,Not Injury Related,,Full Participation in Practice,2019-10-04T13:47:40Z
2019,REG,HOU,5,00-0031045,RB,Carlos Hyde,Carlos,Hyde,,,,Shoulder,,Full Participation in Practice,2019-10-04T13:47:40Z
2019,REG,HOU,5,00-0034421,LB,Peter Kalambayi,Peter,Kalambayi,,,,Hand,,Full Participation in Practice,2019-10-04T13:47:40Z
2019,REG,HOU,5,00-0034732,QB,Alex McGough,Alex,McGough,,,,Hamstring,,Full Participation in Practice,2019-10-04T13:47:40Z
2019,REG,HOU,5,00-0035279,DE,Charles Omenihu,Charles,Omenihu,,,,Knee,,Full Participation in Practice,2019-10-04T13:47:40Z
2019,REG,HOU,5,00-0034361,S,Justin Reid,Justin,Reid,,,,Shoulder,,Full Participation in Practice,2019-10-04T13:47:40Z
2019,REG,HOU,5,00-0032380,T,Laremy Tunsil,Laremy,Tunsil,,,,Toe,,Full Participation in Practice,2019-10-04T13:47:40Z
2019,REG,HOU,5,00-0031923,C,Greg Mancz,Greg,Mancz,Concussion,,Out,Concussion,,Did Not Participate In Practice,2019-10-04T13:49:16Z
2019,REG,HOU,5,00-0028924,S,Tashaun Gipson,Tashaun,Gipson,Wrist,Hip,Questionable,Wrist,Hip,Full Participation in Practice,2019-10-04T13:50:10Z
2019,REG,HOU,5,00-0035244,CB,Lonnie Johnson,Lonnie,Johnson,Groin,,Questionable,Groin,,Limited Participation in Practice,2019-10-04T13:49:37Z
2019,REG,HOU,5,00-0030085,WR,Kenny Stills,Kenny,Stills,Hamstring,Ankle,Questionable,Hamstring,Ankle,Limited Participation in Practice,2019-10-04T13:49:51Z
2019,REG,IND,5,00-0031254,DT,Denico Autry,Denico,Autry,,,,Not Injury Related,,Did Not Participate In Practice,2019-10-04T12:22:51Z
2019,REG,IND,5,00-0027960,T,Anthony Castonzo,Anthony,Castonzo,,,,Not Injury Related,,Did Not Participate In Practice,2019-10-04T12:23:17Z
2019,REG,IND,5,00-0028008,DE,Justin Houston,Justin,Houston,,,,Not Injury Related,,Did Not Participate In Practice,2019-10-04T12:23:46Z
2019,REG,IND,5,00-0027975,DE,Jabaal Sheard,Jabaal,Sheard,,,,Not Injury Related,,Full Participation in Practice,2019-10-04T12:22:47Z
2019,REG,IND,5,00-0035639,WR,Parris Campbell,Parris,Campbell,Abdomen,,Out,Abdomen,,Did Not Participate In Practice,2019-10-04T12:18:30Z
2019,REG,IND,5,00-0031571,S,Clayton Geathers,Clayton,Geathers,Concussion,,Out,Concussion,,Did Not Participate In Practice,2019-10-04T12:19:02Z
2019,REG,IND,5,00-0033877,S,Malik Hooker,Malik,Hooker,Knee,,Out,Knee,,Did Not Participate In Practice,2019-10-04T12:20:00Z
2019,REG,IND,5,00-0034359,DT,Tyquan Lewis,Tyquan,Lewis,Ankle,,Out,Ankle,,Did Not Participate In Practice,2019-10-04T12:20:48Z
2019,REG,IND,5,00-0034846,LB,Darius Leonard,Darius,Leonard,Concussion,,Out,Concussion,,Limited Participation in Practice,2019-10-04T12:20:23Z
2019,REG,IND,5,00-0035637,CB,Rock Ya-Sin,Rock,Ya-Sin,Hip,,Questionable,Hip,,Did Not Participate In Practice,2019-10-04T12:21:40Z
2019,REG,IND,5,00-0033951,RB,Marlon Mack,Marlon,Mack,Ankle,,Questionable,Ankle,,Full Participation in Practice,2019-10-04T12:21:09Z
2019,REG,IND,5,00-0033570,LB,Anthony Walker,Anthony,Walker,Shoulder,,Questionable,Shoulder,,Full Participation in Practice,2019-10-04T12:25:34Z
2019,REG,IND,5,00-0029608,WR,T.Y. Hilton,T.Y.,Hilton,Quadricep,,Questionable,Quadricep,,Limited Participation in Practice,2019-10-04T12:19:36Z
2019,REG,IND,5,00-0032830,S,Rolan Milligan,Rolan,Milligan,Knee,,Questionable,Knee,,Limited Participation in Practice,2019-10-04T12:24:51Z
2019,REG,JAX,5,00-0031950,LB,D.J. Alexander,D.J.,Alexander,,,,Hamstring,,Full Participation in Practice,2019-10-04T10:56:44Z
2019,REG,JAX,5,00-0035642,DE,Josh Allen,Josh,Allen,,,,Knee,,Full Participation in Practice,2019-10-04T10:56:49Z
2019,REG,JAX,5,00-0026190,DE,Calais Campbell,Calais,Campbell,,,,Not Injury Related,,Full Participation in Practice,2019-10-04T10:56:58Z
2019,REG,JAX,5,00-0034779,S,Ronnie Harrison,Ronnie,Harrison,,,,Knee,,Full Participation in Practice,2019-10-04T10:56:39Z
2019,REG,JAX,5,00-0031431,WR,Marqise Lee,Marqise,Lee,,,,Not Injury Related,,Full Participation in Practice,2019-10-04T10:57:08Z
2019,REG,JAX,5,00-0031369,C,Brandon Linder,Brandon,Linder,,,,Not Injury Related,,Full Participation in Practice,2019-10-04T10:56:25Z
2019,REG,JAX,5,00-0035289,QB,Gardner Minshew,Gardner,Minshew,,,,Knee,,Full Participation in Practice,2019-10-04T10:56:33Z
2019,REG,JAX,5,00-0033907,DE,Dawuane Smoot,Dawuane,Smoot,,,,Oblique,,Full Participation in Practice,2019-10-04T10:57:03Z
2019,REG,JAX,5,00-0033055,CB,Jalen Ramsey,Jalen,Ramsey,Back,,Out,Back,,Did Not Participate In Practice,2019-10-04T10:57:45Z
2019,REG,JAX,5,00-0035249,TE,Josh Oliver,Josh,Oliver,Hamstring,,Out,Hamstring,,Limited Participation in Practice,2019-10-04T10:57:56Z
2019,REG,JAX,5,00-0030572,CB,D.J. Hayden,D.J.,Hayden,Foot,,Questionable,,,"
    ",2019-10-05T08:36:14Z
2019,REG,JAX,5,00-0029799,DE,Lerentee McCray,Lerentee,McCray,Oblique,,Questionable,Oblique,,Limited Participation in Practice,2019-10-04T10:57:32Z
2019,REG,KC,5,00-0031052,CB,Bashaud Breeland,Bashaud,Breeland,,,,Toe,,Full Participation in Practice,2019-10-04T12:37:56Z
2019,REG,KC,5,00-0033873,QB,Patrick Mahomes,Patrick,Mahomes,,,,Ankle,,Full Participation in Practice,2019-10-04T12:37:56Z
2019,REG,KC,5,00-0027029,RB,LeSean McCoy,LeSean,McCoy,,,,Ankle,,Full Participation in Practice,2019-10-04T12:37:56Z
2019,REG,KC,5,00-0031713,DT,Xavier Williams,Xavier,Williams,,,,Ankle,,Full Participation in Practice,2019-10-04T12:37:56Z
2019,REG,KC,5,00-0033831,G,Andrew Wylie,Andrew,Wylie,,,,Chest,,Full Participation in Practice,2019-10-04T12:37:56Z
2019,REG,KC,5,00-0030584,T,Eric Fisher,Eric,Fisher,Groin,,Out,Groin,,Did Not Participate In Practice,2019-10-04T12:38:35Z
2019,REG,KC,5,00-0034781,LB,Dorian O'Daniel,Dorian,O'Daniel,Hamstring,,Out,Hamstring,,Did Not Participate In Practice,2019-10-04T12:38:27Z
2019,REG,KC,5,00-0033040,WR,Tyreek Hill,Tyreek,Hill,Shoulder,,Out,Shoulder,,Limited Participation in Practice,2019-10-04T12:38:41Z
2019,REG,KC,5,00-0030874,RB,Damien Williams,Damien,Williams,Knee,,Questionable,Knee,,Full Participation in Practice,2019-10-04T12:38:06Z
2019,REG,KC,5,00-0030503,DE,Alex Okafor,Alex,Okafor,Hip,,Questionable,Hip,,Limited Participation in Practice,2019-10-04T12:38:06Z
2019,REG,KC,5,00-0031325,WR,Sammy Watkins,Sammy,Watkins,Shoulder,,Questionable,Shoulder,,Limited Participation in Practice,2019-10-04T12:38:06Z
2019,REG,LA,5,00-0032165,CB,Marcus Peters,Marcus,Peters,,,,Face,,Full Participation in Practice,2019-10-02T12:44:23Z
2019,REG,LA,5,00-0024270,T,Andrew Whitworth,Andrew,Whitworth,,,,Not Injury Related,,Full Participation in Practice,2019-10-02T12:44:31Z
2019,REG,LA,5,00-0032248,LB,Bryce Hager,Bryce,Hager,Shoulder,,Out,Shoulder,,Did Not Participate In Practice,2019-10-02T12:44:44Z
2019,REG,LA,5,00-0035663,S,Taylor Rapp,Taylor,Rapp,Ankle,,Doubtful,Ankle,,Did Not Participate In Practice,2019-10-02T12:44:51Z
2019,REG,LAC,5,00-0029261,CB,Casey Hayward,Casey,Hayward,,,,Back,,Full Participation in Practice,2019-10-04T12:39:11Z
2019,REG,LAC,5,00-0031543,P,Ty Long,Ty,Long,,,,left Foot,,Full Participation in Practice,2019-10-04T12:36:59Z
2019,REG,LAC,5,00-0032103,LB,Denzel Perryman,Denzel,Perryman,,,,Neck,,Full Participation in Practice,2019-10-04T12:36:59Z
2019,REG,LAC,5,00-0027953,C,Mike Pouncey,Mike,Pouncey,,,,Not Injury Related,,Full Participation in Practice,2019-10-04T12:39:42Z
2019,REG,LAC,5,00-0033090,TE,Hunter Henry,Hunter,Henry,Knee,,Out,Knee,,Did Not Participate In Practice,2019-10-04T12:40:53Z
2019,REG,LAC,5,00-0035677,S,Nasir Adderley,Nasir,Adderley,Hamstring,,Doubtful,Hamstring,,Did Not Participate In Practice,2019-10-04T12:40:16Z
2019,REG,LAC,5,00-0034084,K,Michael Badgley,Michael,Badgley,right Groin,,Doubtful,right Groin,,Did Not Participate In Practice,2019-10-04T12:40:23Z
2019,REG,LAC,5,00-0034440,RB,Justin Jackson,Justin,Jackson,Calf,,Doubtful,Calf,,Did Not Participate In Practice,2019-10-04T12:41:10Z
2019,REG,LAC,5,00-0029269,WR,Travis Benjamin,Travis,Benjamin,Hip,,Questionable,Hip,,Full Participation in Practice,2019-10-04T12:40:07Z
2019,REG,LAC,5,00-0028142,TE,Virgil Green,Virgil,Green,Groin,,Questionable,Groin,,Full Participation in Practice,2019-10-04T12:40:07Z
2019,REG,LAC,5,00-0033536,WR,Mike Williams,Mike,Williams,Back,,Questionable,Back,,Full Participation in Practice,2019-10-04T12:40:07Z
2019,REG,LAC,5,00-0023448,LB,Thomas Davis,Thomas,Davis,Groin,,Questionable,Groin,,Limited Participation in Practice,2019-10-04T12:40:07Z
2019,REG,LAC,5,00-0029249,DE,Melvin Ingram,Melvin,Ingram,Hamstring,,Questionable,Hamstring,,Limited Participation in Practice,2019-10-04T12:40:07Z
2019,REG,MIN,5,00-0035588,C,Garrett Bradbury,Garrett,Bradbury,,,,Shoulder,,Full Participation in Practice,2019-10-04T10:36:58Z
2019,REG,MIN,5,00-0031588,WR,Stefon Diggs,Stefon,Diggs,,,,Not Injury Related,,Full Participation in Practice,2019-10-04T10:36:58Z
2019,REG,MIN,5,00-0031799,S,Anthony Harris,Anthony,Harris,,,,Quadricep,,Full Participation in Practice,2019-10-04T10:37:11Z
2019,REG,MIN,5,00-0032454,S,Jayron Kearse,Jayron,Kearse,,,,Back,,Full Participation in Practice,2019-10-04T10:36:58Z
2019,REG,MIN,5,00-0029992,G,Josh Kline,Josh,Kline,,,,Concussion,,Full Participation in Practice,2019-10-04T10:36:58Z
2019,REG,MIN,5,00-0030575,CB,Xavier Rhodes,Xavier,Rhodes,,,,Knee,,Full Participation in Practice,2019-10-04T10:36:58Z
2019,REG,MIN,5,00-0032389,CB,Mackensie Alexander,Mackensie,Alexander,Elbow,Groin,Out,Elbow,Groin,Did Not Participate In Practice,2019-10-04T10:37:27Z
2019,REG,MIN,5,00-0032422,LB,Kentrell Brothers,Kentrell,Brothers,Hamstring,Wrist,Out,Hamstring,Wrist,Limited Participation in Practice,2019-10-04T10:37:33Z
2019,REG,NE,5,00-0026618,DE,Michael Bennett,Michael,Bennett,,,,Shoulder,,Full Participation in Practice,2019-10-04T11:59:38Z
2019,REG,NE,5,00-0029664,WR,Josh Gordon,Josh,Gordon,,,,Knee,,Full Participation in Practice,2019-10-04T12:03:17Z
2019,REG,NE,5,00-0035645,WR,Gunner Olszewski,Gunner,Olszewski,,,,Hamstring,,Limited Participation in Practice,2019-10-02T13:05:04Z
2019,REG,NE,5,00-0030288,RB,Rex Burkhead,Rex,Burkhead,Foot,,Out,Foot,,Limited Participation in Practice,2019-10-05T12:30:12Z
2019,REG,NE,5,00-0027010,S,Patrick Chung,Patrick,Chung,Heel,,Out,Heel,,Limited Participation in Practice,2019-10-05T12:30:46Z
2019,REG,NE,5,00-0029570,S,Nate Ebner,Nate,Ebner,Groin,,Out,Groin,,Limited Participation in Practice,2019-10-05T12:30:01Z
2019,REG,NE,5,00-0027150,WR,Julian Edelman,Julian,Edelman,Chest,,Questionable,Chest,,Limited Participation in Practice,2019-10-04T12:03:25Z
2019,REG,NE,5,00-0029669,LB,Dont'a Hightower,Dont'a,Hightower,Shoulder,,Questionable,Shoulder,,Limited Participation in Practice,2019-10-04T12:03:25Z
2019,REG,NO,5,00-0032939,S,Vonn Bell,Vonn,Bell,,,,Back,,Full Participation in Practice,2019-10-04T12:17:29Z
2019,REG,NO,5,00-0034436,C,Will Clapp,Will,Clapp,,,,Hand,,Full Participation in Practice,2019-10-04T12:17:38Z
2019,REG,NO,5,00-0027962,DE,Cameron Jordan,Cameron,Jordan,,,,Calf,,Full Participation in Practice,2019-10-04T12:17:55Z
2019,REG,NO,5,00-0032203,G,Andrus Peat,Andrus,Peat,,,,Thighs,,Full Participation in Practice,2019-10-04T12:18:01Z
2019,REG,NO,5,00-0034765,WR,Tre'Quan Smith,Tre'Quan,Smith,,,,Ankle,,Full Participation in Practice,2019-10-04T12:18:07Z
2019,REG,NO,5,00-0034116,S,J.T. Gray,J.T.,Gray,,,,Hand,,Limited Participation in Practice,2019-10-04T12:17:48Z
2019,REG,NO,5,00-0020531,QB,Drew Brees,Drew,Brees,right Thumb,,Out,right Thumb,,Did Not Participate In Practice,2019-10-04T12:18:23Z
2019,REG,NO,5,00-0033935,DE,Trey Hendrickson,Trey,Hendrickson,Neck,,Out,Neck,,Did Not Participate In Practice,2019-10-04T12:18:29Z
2019,REG,NYG,5,00-0033950,RB,Wayne Gallman,Wayne,Gallman,,,,Neck,,Full Participation in Practice,2019-10-04T10:11:24Z
2019,REG,NYG,5,00-0027955,T,Nate Solder,Nate,Solder,,,,Neck,,Full Participation in Practice,2019-10-04T10:11:07Z
2019,REG,NYG,5,00-0029592,G,Kevin Zeitler,Kevin,Zeitler,,,,Shoulder,,Full Participation in Practice,2019-10-04T10:11:07Z
2019,REG,NYG,5,00-0030527,LB,Alec Ogletree,Alec,Ogletree,Hamstring,,Out,Hamstring,,Did Not Participate In Practice,2019-10-04T10:12:02Z
2019,REG,NYG,5,00-0034844,RB,Saquon Barkley,Saquon,Barkley,Ankle,,Out,Ankle,,Limited Participation in Practice,2019-10-04T10:11:39Z
2019,REG,NYG,5,00-0034500,LB,Tae Davis,Tae,Davis,Concussion,,Out,Concussion,,Limited Participation in Practice,2019-10-04T10:11:50Z
2019,REG,NYG,5,00-0034360,LB,Lorenzo Carter,Lorenzo,Carter,Neck,,Questionable,Neck,,Limited Participation in Practice,2019-10-04T10:11:31Z
2019,REG,NYJ,5,00-0033917,LB,Tarell Basham,Tarell,Basham,,,,Dehydration,,Full Participation in Practice,2019-10-04T12:34:13Z
2019,REG,NYJ,5,00-0034164,RB,Trenton Cannon,Trenton,Cannon,,,,Hamstring,Ankle,Full Participation in Practice,2019-10-04T12:34:20Z
2019,REG,NYJ,5,00-0032596,CB,Brian Poole,Brian,Poole,,,,Groin,,Full Participation in Practice,2019-10-04T12:34:03Z
2019,REG,NYJ,5,00-0031628,CB,Darryl Roberts,Darryl,Roberts,,,,Ankle,,Full Participation in Practice,2019-10-04T12:34:03Z
2019,REG,NYJ,5,00-0030066,G,Brian Winters,Brian,Winters,,,,Shoulder,,Full Participation in Practice,2019-10-04T12:34:03Z
2019,REG,NYJ,5,00-0032970,LB,Jordan Jenkins,Jordan,Jenkins,Calf,,Out,Calf,,Did Not Participate In Practice,2019-10-04T12:34:49Z
2019,REG,NYJ,5,00-0034869,QB,Sam Darnold,Sam,Darnold,Illness,,Out,Illness,,Limited Participation in Practice,2019-10-04T12:34:43Z
2019,REG,NYJ,5,00-0031296,LB,C.J. Mosley,C.J.,Mosley,Groin,,Doubtful,Groin,,Did Not Participate In Practice,2019-10-04T12:34:57Z
2019,REG,NYJ,5,00-0029259,G,Kelechi Osemele,Kelechi,Osemele,Shoulder,Knee,Doubtful,Shoulder,Knee,Did Not Participate In Practice,2019-10-04T12:35:05Z
2019,REG,NYJ,5,00-0029319,WR,Josh Bellamy,Josh,Bellamy,Shoulder,,Questionable,Shoulder,,Limited Participation in Practice,2019-10-04T12:34:28Z
2019,REG,NYJ,5,00-0032098,TE,Daniel Brown,Daniel,Brown,Ankle,,Questionable,Ankle,,Limited Participation in Practice,2019-10-04T12:34:28Z
2019,REG,NYJ,5,00-0027874,WR,Demaryius Thomas,Demaryius,Thomas,Hamstring,,Questionable,Hamstring,,Limited Participation in Practice,2019-10-04T12:34:28Z
2019,REG,NYJ,5,00-0035718,DT,Quinnen Williams,Quinnen,Williams,Ankle,,Questionable,Ankle,,Limited Participation in Practice,2019-10-04T12:34:28Z
2019,REG,OAK,5,00-0035700,RB,Josh Jacobs,Josh,Jacobs,,,,Elbow,,Full Participation in Practice,2019-10-04T12:45:09Z
2019,REG,OAK,5,00-0031389,S,Lamarcus Joyner,Lamarcus,Joyner,,,,Groin,,Full Participation in Practice,2019-10-04T12:48:47Z
2019,REG,OAK,5,00-0032940,RB,DeAndre Washington,DeAndre,Washington,,,,Ankle,,Full Participation in Practice,2019-10-04T12:45:09Z
2019,REG,OAK,5,00-0031367,G,Gabe Jackson,Gabe,Jackson,Knee,,Out,Knee,,Did Not Participate In Practice,2019-10-04T12:49:55Z
2019,REG,OAK,5,00-0035692,DE,Clelin Ferrell,Clelin,Ferrell,Concussion,,Questionable,Concussion,,Did Not Participate In Practice,2019-10-04T12:48:50Z
2019,REG,OAK,5,00-0023516,G,Richie Incognito,Richie,Incognito,Back,,Questionable,Back,,Did Not Participate In Practice,2019-10-04T12:48:50Z
2019,REG,OAK,5,00-0032112,WR,J.J. Nelson,J.J.,Nelson,Knee,,Questionable,Knee,,Did Not Participate In Practice,2019-10-04T12:48:50Z
2019,REG,OAK,5,00-0032160,WR,Tyrell Williams,Tyrell,Williams,Foot,,Questionable,Foot,,Did Not Participate In Practice,2019-10-04T12:48:50Z
2019,REG,OAK,5,00-0028114,WR,Dwayne Harris,Dwayne,Harris,Ankle,,Questionable,Ankle,,Limited Participation in Practice,2019-10-04T12:48:50Z
2019,REG,PHI,5,00-0033876,DE,Derek Barnett,Derek,Barnett,,,,Groin,,Full Participation in Practice,2019-10-04T11:52:43Z
2019,REG,PHI,5,00-0028129,C,Jason Kelce,Jason,Kelce,,,,Not Injury Related,,Full Participation in Practice,2019-10-04T11:52:35Z
2019,REG,PHI,5,00-0022531,T,Jason Peters,Jason,Peters,,,,Knee,,Limited Participation in Practice,2019-10-04T11:52:35Z
2019,REG,PHI,5,00-0032195,CB,Ronald Darby,Ronald,Darby,Hamstring,,Out,Hamstring,,Did Not Participate In Practice,2019-10-04T11:53:06Z
2019,REG,PHI,5,00-0032864,TE,Alex Ellis,Alex,Ellis,Knee,,Out,Knee,,Did Not Participate In Practice,2019-10-04T11:53:15Z
2019,REG,PHI,5,00-0026189,WR,DeSean Jackson,DeSean,Jackson,Abdomen,,Out,Abdomen,,Did Not Participate In Practice,2019-10-04T11:53:21Z
2019,REG,PHI,5,00-0031170,DT,Timmy Jernigan,Timmy,Jernigan,Foot,,Out,Foot,,Did Not Participate In Practice,2019-10-04T11:53:26Z
2019,REG,PHI,5,00-0034377,CB,Avonte Maddox,Avonte,Maddox,Concussion,Neck,Out,Concussion,Neck,Did Not Participate In Practice,2019-10-04T11:53:38Z
2019,REG,PHI,5,00-0033543,CB,Sidney Jones,Sidney,Jones,Hamstring,,Questionable,Hamstring,,Limited Participation in Practice,2019-10-04T11:52:57Z
2019,REG,PIT,5,00-0029670,LB,Mark Barron,Mark,Barron,,,,Not Injury Related,,Full Participation in Practice,2019-10-04T11:38:54Z
2019,REG,PIT,5,00-0033553,RB,James Conner,James,Conner,,,,Ankle,,Full Participation in Practice,2019-10-04T11:39:18Z
2019,REG,PIT,5,00-0026561,G,Ramon Foster,Ramon,Foster,,,,Not Injury Related,,Full Participation in Practice,2019-10-04T11:39:23Z
2019,REG,PIT,5,00-0027969,DT,Cameron Heyward,Cameron,Heyward,,,,Quadricep,,Full Participation in Practice,2019-10-04T11:38:54Z
2019,REG,PIT,5,00-0027870,C,Maurkice Pouncey,Maurkice,Pouncey,,,,Not Injury Related,,Full Participation in Practice,2019-10-04T11:38:54Z
2019,REG,PIT,5,00-0031956,LB,Anthony Chickillo,Anthony,Chickillo,Foot,,Out,Foot,,Did Not Participate In Practice,2019-10-04T11:40:07Z
2019,REG,PIT,5,00-0030741,RB,Roosevelt Nix,Roosevelt,Nix,Knee,,Out,Knee,,Did Not Participate In Practice,2019-10-04T11:40:27Z
2019,REG,PIT,5,00-0030470,TE,Vance McDonald,Vance,McDonald,Shoulder,,Questionable,Shoulder,,Full Participation in Practice,2019-10-04T11:40:21Z
2019,REG,PIT,5,00-0033857,WR,JuJu Smith-Schuster,JuJu,Smith-Schuster,Toe,,Questionable,Toe,,Full Participation in Practice,2019-10-04T11:39:47Z
2019,REG,PIT,5,00-0030434,LB,Vince Williams,Vince,Williams,Hamstring,,Questionable,Hamstring,,Full Participation in Practice,2019-10-04T11:39:47Z
2019,REG,SEA,5,00-0030059,DE,Ezekiel Ansah,Ezekiel,Ansah,,,,Back,,Full Participation in Practice,2019-10-02T13:40:52Z
2019,REG,SEA,5,00-0027869,G,Mike Iupati,Mike,Iupati,,,,Foot,,Full Participation in Practice,2019-10-02T13:40:52Z
2019,REG,SEA,5,00-0032416,DT,Quinton Jefferson,Quinton,Jefferson,,,,Hip,,Full Participation in Practice,2019-10-02T13:40:52Z
2019,REG,SEA,5,00-0034750,RB,Rashaad Penny,Rashaad,Penny,,,,Hamstring,,Full Participation in Practice,2019-10-02T13:40:52Z
2019,REG,SEA,5,00-0029329,CB,Neiko Thorpe,Neiko,Thorpe,,,,Hamstring,,Full Participation in Practice,2019-10-02T13:40:52Z
2019,REG,SEA,5,00-0026166,T,Duane Brown,Duane,Brown,Biceps,,Questionable,Biceps,,Full Participation in Practice,2019-10-02T13:27:45Z
2019,REG,SEA,5,00-0033901,C,Ethan Pocic,Ethan,Pocic,Back,,Questionable,Back,,Full Participation in Practice,2019-10-02T13:29:00Z
2019,REG,SF,5,00-0025415,T,Joe Staley,Joe,Staley,Fibula,,Out,Fibula,,Did Not Participate In Practice,2019-10-05T13:21:18Z
2019,REG,SF,5,00-0033783,CB,Ahkello Witherspoon,Ahkello,Witherspoon,Foot,,Out,Foot,,Did Not Participate In Practice,2019-10-05T13:21:46Z
2019,REG,SF,5,00-0032058,RB,Tevin Coleman,Tevin,Coleman,Ankle,,Questionable,Ankle,,Limited Participation in Practice,2019-10-05T13:21:06Z
2019,REG,SF,5,00-0031297,DE,Dee Ford,Dee,Ford,Quadricep,,Questionable,Quadricep,,Limited Participation in Practice,2019-10-05T13:21:06Z
2019,REG,TB,5,00-0031101,LB,Shaquil Barrett,Shaquil,Barrett,,,,Groin,,Full Participation in Practice,2019-10-04T11:32:48Z
2019,REG,TB,5,00-0035699,CB,Jamel Dean,Jamel,Dean,,,,Ankle,,Full Participation in Practice,2019-10-04T11:32:39Z
2019,REG,TB,5,00-0033921,WR,Chris Godwin,Chris,Godwin,,,,Hip,,Full Participation in Practice,2019-10-04T11:33:03Z
2019,REG,TB,5,00-0029895,C,Ryan Jensen,Ryan,Jensen,,,,Back,,Full Participation in Practice,2019-10-04T11:33:13Z
2019,REG,TB,5,00-0034773,DT,Vita Vea,Vita,Vea,,,,Neck,,Full Participation in Practice,2019-10-04T11:33:23Z
2019,REG,TB,5,00-0035707,LB,Devin White,Devin,White,,,,Knee,,Full Participation in Practice,2019-10-04T11:32:39Z
2019,REG,TB,5,00-0034415,LB,Jack Cichy,Jack,Cichy,Elbow,,Out,Elbow,,Did Not Participate In Practice,2019-10-04T11:33:47Z
2019,REG,TB,5,00-0032054,WR,Breshad Perriman,Breshad,Perriman,Hamstring,,Out,Hamstring,,Did Not Participate In Practice,2019-10-04T11:34:15Z
2019,REG,TB,5,00-0026814,T,Demar Dotson,Demar,Dotson,Calf,,Questionable,Calf,,Did Not Participate In Practice,2019-10-04T11:33:34Z
2019,REG,TEN,5,00-0029794,LB,Daren Bates,Daren,Bates,,,,Ankle,,Full Participation in Practice,2019-10-04T11:32:43Z
2019,REG,TEN,5,00-0030060,S,Kenny Vaccaro,Kenny,Vaccaro,,,,Groin,,Full Participation in Practice,2019-10-04T11:32:43Z
2019,REG,TEN,5,00-0024389,TE,Delanie Walker,Delanie,Walker,,,,Knee,,Full Participation in Practice,2019-10-04T11:32:43Z
2019,REG,TEN,5,00-0025825,P,Brett Kern,Brett,Kern,,,,right Groin,,Limited Participation in Practice,2019-10-04T11:33:19Z
2019,REG,TEN,5,00-0030711,RB,David Fluellen,David,Fluellen,Knee,,Out,Knee,,Did Not Participate In Practice,2019-10-04T11:33:34Z
2019,REG,TEN,5,00-0031182,G,Kevin Pamphile,Kevin,Pamphile,Knee,,Out,Knee,,Did Not Participate In Practice,2019-10-04T11:33:44Z
2019,REG,TEN,5,00-0023368,LB,Cameron Wake,Cameron,Wake,Hamstring,,Questionable,Hamstring,,Did Not Participate In Practice,2019-10-04T11:33:25Z
2019,REG,WAS,5,00-0032781,DE,Matt Ioannidis,Matt,Ioannidis,,,,Foot,,Full Participation in Practice,2019-10-04T11:11:28Z
2019,REG,WAS,5,00-0034333,DT,Daron Payne,Daron,Payne,,,,Knee,,Full Participation in Practice,2019-10-04T11:11:28Z
2019,REG,WAS,5,00-0024221,TE,Vernon Davis,Vernon,Davis,Concussion,,Out,Concussion,,Did Not Participate In Practice,2019-10-04T11:12:19Z
2019,REG,WAS,5,00-0033532,LB,Josh Harvey-Clemons,Josh,Harvey-Clemons,Hamstring,,Out,Hamstring,,Did Not Participate In Practice,2019-10-04T11:12:25Z
2019,REG,WAS,5,00-0030472,TE,Jordan Reed,Jordan,Reed,Concussion,,Out,Concussion,,Did Not Participate In Practice,2019-10-04T11:12:51Z
2019,REG,WAS,5,00-0032053,G,Brandon Scherff,Brandon,Scherff,Ankle,,Out,Ankle,,Did Not Participate In Practice,2019-10-04T11:13:05Z
2019,REG,WAS,5,00-0029285,CB,Josh Norman,Josh,Norman,Knee,,Questionable,Knee,,Full Participation in Practice,2019-10-04T11:12:12Z
2019,REG,WAS,5,00-0028986,QB,Case Keenum,Case,Keenum,Foot,,Questionable,Foot,,Limited Participation in Practice,2019-10-04T11:12:12Z
2019,REG,WAS,5,00-0035659,WR,Terry McLaurin,Terry,McLaurin,Hamstring,,Questionable,Hamstring,,Limited Participation in Practice,2019-10-04T11:12:12Z
2019,REG,WAS,5,00-0033529,C,Chase Roullier,Chase,Roullier,Knee,,Questionable,Knee,,Limited Participation in Practice,2019-10-04T11:12:12Z
2019,REG,ARI,6,00-0027375,CB,Tramaine Brock,Tramaine,Brock,,,,Shoulder,,Full Participation in Practice,2019-10-11T13:32:11Z
2019,REG,ARI,6,00-0022921,WR,Larry Fitzgerald,Larry,Fitzgerald,,,,Not Injury Related,,Full Participation in Practice,2019-10-11T13:31:41Z
2019,REG,ARI,6,00-0032129,LB,Jordan Hicks,Jordan,Hicks,,,,Not Injury Related,,Full Participation in Practice,2019-10-11T13:32:30Z
2019,REG,ARI,6,00-0027686,DT,Corey Peters,Corey,Peters,,,,Not Injury Related,,Full Participation in Practice,2019-10-11T13:31:41Z
2019,REG,ARI,6,00-0034473,LB,Dennis Gardeck,Dennis,Gardeck,Ankle,,Out,Ankle,,Did Not Participate In Practice,2019-10-11T13:33:40Z
2019,REG,ARI,6,00-0034490,LB,Ezekiel Turner,Ezekiel,Turner,Hamstring,,Out,Hamstring,,Did Not Participate In Practice,2019-10-11T13:33:26Z
2019,REG,ARI,6,00-0032560,S,Charles Washington,Charles,Washington,Shoulder,,Out,Shoulder,,Did Not Participate In Practice,2019-10-11T13:33:16Z
2019,REG,ARI,6,00-0035248,DE,Zach Allen,Zach,Allen,Neck,,Questionable,Neck,,Did Not Participate In Practice,2019-10-11T13:32:48Z
2019,REG,ARI,6,00-0022161,LB,Terrell Suggs,Terrell,Suggs,Back,,Questionable,Back,,Did Not Participate In Practice,2019-10-11T13:32:48Z
2019,REG,ARI,6,00-0031868,WR,Damiere Byrd,Damiere,Byrd,Hamstring,,Questionable,Hamstring,,Limited Participation in Practice,2019-10-11T13:32:48Z
2019,REG,ARI,6,00-0032187,RB,David Johnson,David,Johnson,Back,,Questionable,Back,,Limited Participation in Practice,2019-10-11T13:32:48Z
2019,REG,ARI,6,00-0034775,WR,Christian Kirk,Christian,Kirk,Ankle,,Questionable,Ankle,,Limited Participation in Practice,2019-10-11T13:32:48Z
2019,REG,ARI,6,00-0022824,P,Andy Lee,Andy,Lee,right Hip,,Questionable,right Hip,,Limited Participation in Practice,2019-10-11T13:32:48Z
2019,REG,ARI,6,00-0033875,LB,Haason Reddick,Haason,Reddick,Shoulder,,Questionable,Shoulder,,Limited Participation in Practice,2019-10-11T13:32:48Z
2019,REG,ARI,6,00-0032916,CB,Trevor Williams,Trevor,Williams,Hip,,Questionable,Hip,,Limited Participation in Practice,2019-10-11T13:32:48Z
2019,REG,ATL,6,00-0030465,RB,Kenjon Barner,Kenjon,Barner,,,,Knee,,Full Participation in Practice,2019-10-10T16:13:54Z
2019,REG,ATL,6,00-0032244,G,Jamon Brown,Jamon,Brown,,,,Concussion,,Full Participation in Practice,2019-10-09T17:40:15Z
2019,REG,ATL,6,00-0034411,WR,Russell Gage,Russell,Gage,,,,Hip,,Full Participation in Practice,2019-10-11T13:57:12Z
2019,REG,ATL,6,00-0033512,S,Damontae Kazee,Damontae,Kazee,,,,Concussion,,Full Participation in Practice,2019-10-10T16:14:01Z
2019,REG,ATL,6,00-0026997,C,Alex Mack,Alex,Mack,,,,Elbow,,Full Participation in Practice,2019-10-11T13:57:04Z
2019,REG,ATL,6,00-0031181,S,Ricardo Allen,Ricardo,Allen,,,,Knee,,Limited Participation in Practice,2019-10-11T13:56:52Z
2019,REG,ATL,6,00-0027944,WR,Julio Jones,Julio,Jones,,,,Hip,,Limited Participation in Practice,2019-10-11T13:56:52Z
2019,REG,ATL,6,00-0030562,CB,Desmond Trufant,Desmond,Trufant,Toe,,Out,Toe,,Did Not Participate In Practice,2019-10-11T13:58:21Z
2019,REG,ATL,6,00-0031876,P,Matt Wile,Matt,Wile,right Quadricep,,Out,right Quadricep,,Did Not Participate In Practice,2019-10-11T13:58:50Z
2019,REG,ATL,6,00-0030541,CB,Blidi Wreh-Wilson,Blidi,Wreh-Wilson,Groin,,Out,Groin,,Did Not Participate In Practice,2019-10-11T13:58:40Z
2019,REG,BAL,6,00-0028103,LB,Pernell McPhee,Pernell,McPhee,,,,Not Injury Related,,Did Not Participate In Practice,2019-10-11T10:59:10Z
2019,REG,BAL,6,00-0032438,CB,Maurice Canady,Maurice,Canady,,,,Thigh,,Full Participation in Practice,2019-10-11T10:59:24Z
2019,REG,BAL,6,00-0026280,CB,Brandon Carr,Brandon,Carr,,,,Not Injury Related,,Full Participation in Practice,2019-10-11T10:58:57Z
2019,REG,BAL,6,00-0027966,RB,Mark Ingram,Mark,Ingram,,,,Not Injury Related,,Full Participation in Practice,2019-10-11T10:58:57Z
2019,REG,BAL,6,00-0027866,S,Earl Thomas,Earl,Thomas,,,,Not Injury Related,,Full Participation in Practice,2019-10-11T10:58:57Z
2019,REG,BAL,6,00-0030511,DT,Brandon Williams,Brandon,Williams,,,,Not Injury Related,,Full Participation in Practice,2019-10-11T10:59:33Z
2019,REG,BAL,6,00-0025473,G,Marshal Yanda,Marshal,Yanda,,,,Not Injury Related,,Full Participation in Practice,2019-10-11T10:58:57Z
2019,REG,BAL,6,00-0027965,CB,Jimmy Smith,Jimmy,Smith,Knee,,Out,Knee,,Did Not Participate In Practice,2019-10-11T11:04:18Z
2019,REG,BAL,6,00-0035662,WR,Marquise Brown,Marquise,Brown,Ankle,,Questionable,Ankle,,Did Not Participate In Practice,2019-10-11T11:03:59Z
2019,REG,BAL,6,00-0032573,LB,Patrick Onwuasor,Patrick,Onwuasor,Ankle,,Questionable,Ankle,,Did Not Participate In Practice,2019-10-11T11:03:59Z
2019,REG,BAL,6,00-0034753,TE,Mark Andrews,Mark,Andrews,Shoulder,,Questionable,Shoulder,,Full Participation in Practice,2019-10-11T11:03:59Z
2019,REG,CAR,6,00-0028339,LB,Mario Addison,Mario,Addison,,,,Not Injury Related,,Full Participation in Practice,2019-10-11T07:23:43Z
2019,REG,CAR,6,00-0035713,LB,Brian Burns,Brian,Burns,,,,Wrist,,Full Participation in Practice,2019-10-11T07:23:43Z
2019,REG,CAR,6,00-0033280,RB,Christian McCaffrey,Christian,McCaffrey,,,,Back,,Full Participation in Practice,2019-10-11T07:23:43Z
2019,REG,CAR,6,00-0027856,DT,Gerald McCoy,Gerald,McCoy,,,,Knee,,Full Participation in Practice,2019-10-11T07:23:43Z
2019,REG,CAR,6,00-0034398,CB,Natrell Jamerson,Natrell,Jamerson,Foot,,Out,Foot,,Did Not Participate In Practice,2019-10-11T07:25:24Z
2019,REG,CAR,6,00-0035694,T,Greg Little,Greg,Little,Concussion,,Out,Concussion,,Did Not Participate In Practice,2019-10-11T07:25:33Z
2019,REG,CAR,6,00-0035257,LB,Christian Miller,Christian,Miller,Ankle,,Out,Ankle,,Did Not Participate In Practice,2019-10-11T07:26:03Z
2019,REG,CAR,6,00-0027939,QB,Cam Newton,Cam,Newton,Foot,,Out,Foot,,Did Not Participate In Practice,2019-10-11T07:26:13Z
2019,REG,CAR,6,00-0031362,G,Trai Turner,Trai,Turner,Ankle,,Out,Ankle,,Did Not Participate In Practice,2019-10-11T07:26:22Z
2019,REG,CAR,6,00-0030869,C,Tyler Larsen,Tyler,Larsen,Back,,Questionable,,,"
    ",2019-10-12T01:35:40Z
2019,REG,CAR,6,00-0031484,TE,Chris Manhertz,Chris,Manhertz,Concussion,,Questionable,Concussion,,Full Participation in Practice,2019-10-11T07:25:11Z
2019,REG,CAR,6,00-0035300,G,Dennis Daley,Dennis,Daley,Groin,,Questionable,Groin,,Limited Participation in Practice,2019-10-11T07:25:11Z
2019,REG,CAR,6,00-0034356,CB,Donte Jackson,Donte,Jackson,Groin,,Questionable,Groin,,Limited Participation in Practice,2019-10-11T07:25:11Z
2019,REG,CAR,6,00-0030548,S,Eric Reid,Eric,Reid,Ankle,,Questionable,Ankle,,Limited Participation in Practice,2019-10-11T07:25:11Z
2019,REG,CAR,6,00-0031550,LB,Shaq Thompson,Shaq,Thompson,Ankle,,Questionable,Ankle,,Limited Participation in Practice,2019-10-11T07:25:11Z
2019,REG,CIN,6,00-0029421,K,Randy Bullock,Randy,Bullock,,,,Back,,Full Participation in Practice,2019-10-11T10:16:33Z
2019,REG,CIN,6,00-0032543,WR,Alex Erickson,Alex,Erickson,,,,Concussion,,Full Participation in Practice,2019-10-11T10:16:33Z
2019,REG,CIN,6,00-0035266,G,Michael Jordan,Michael,Jordan,,,,Ankle,,Full Participation in Practice,2019-10-11T10:16:33Z
2019,REG,CIN,6,00-0029560,CB,Dre Kirkpatrick,Dre,Kirkpatrick,,,,Not Injury Related,,Full Participation in Practice,2019-10-11T10:18:09Z
2019,REG,CIN,6,00-0032149,G,John Miller,John,Miller,,,,Groin,,Full Participation in Practice,2019-10-11T10:18:20Z
2019,REG,CIN,6,00-0032892,LB,Nick Vigil,Nick,Vigil,,,,Ankle,,Full Participation in Practice,2019-10-11T10:18:26Z
2019,REG,CIN,6,00-0027662,DE,Carlos Dunlap,Carlos,Dunlap,Knee,,Out,Knee,,Did Not Participate In Practice,2019-10-11T10:20:49Z
2019,REG,CIN,6,00-0033786,DT,Ryan Glasgow,Ryan,Glasgow,Thigh,,Out,Thigh,,Did Not Participate In Practice,2019-10-11T10:20:59Z
2019,REG,CIN,6,00-0026982,T,Andre Smith,Andre,Smith,Ankle,,Out,Ankle,,Did Not Participate In Practice,2019-10-11T10:21:31Z
2019,REG,CIN,6,00-0030776,DE,Kerry Wynn,Kerry,Wynn,Concussion,,Out,Concussion,,Did Not Participate In Practice,2019-10-11T10:21:39Z
2019,REG,CIN,6,00-0029561,T,Cordy Glenn,Cordy,Glenn,Concussion,,Out,Concussion,,Limited Participation in Practice,2019-10-11T10:21:09Z
2019,REG,CIN,6,00-0027942,WR,A.J. Green,A.J.,Green,Ankle,,Out,Ankle,,Limited Participation in Practice,2019-10-11T10:21:16Z
2019,REG,CIN,6,00-0030471,S,Shawn Williams,Shawn,Williams,Thigh,,Questionable,Thigh,,Limited Participation in Practice,2019-10-11T10:20:38Z
2019,REG,CLE,6,00-0031235,WR,Odell Beckham,Odell,Beckham,,,,Hip,,Full Participation in Practice,2019-10-11T12:00:57Z
2019,REG,CLE,6,00-0034251,DT,Daniel Ekuale,Daniel,Ekuale,,,,Knee,,Full Participation in Practice,2019-10-11T12:01:22Z
2019,REG,CLE,6,00-0032977,WR,Rashard Higgins,Rashard,Higgins,,,,Knee,,Full Participation in Practice,2019-10-11T12:00:57Z
2019,REG,CLE,6,00-0031921,T,Kendall Lamm,Kendall,Lamm,Knee,,Questionable,Knee,,Limited Participation in Practice,2019-10-11T12:01:25Z
2019,REG,CLE,6,00-0034856,CB,Denzel Ward,Denzel,Ward,Hamstring,,Questionable,Hamstring,,Limited Participation in Practice,2019-10-11T12:01:25Z
2019,REG,CLE,6,00-0035638,CB,Greedy Williams,Greedy,Williams,Hamstring,,Questionable,Hamstring,,Limited Participation in Practice,2019-10-11T12:01:25Z
2019,REG,DAL,6,00-0027663,LB,Sean Lee,Sean,Lee,,,,Knee,Not Injury Related,Did Not Participate In Practice,2019-10-11T12:02:59Z
2019,REG,DAL,6,00-0030525,WR,Tavon Austin,Tavon,Austin,,,,Shin,,Full Participation in Practice,2019-10-11T12:02:42Z
2019,REG,DAL,6,00-0034764,WR,Michael Gallup,Michael,Gallup,,,,Knee,,Full Participation in Practice,2019-10-11T12:02:42Z
2019,REG,DAL,6,00-0031402,G,Zack Martin,Zack,Martin,,,,Back,,Full Participation in Practice,2019-10-11T12:03:11Z
2019,REG,DAL,6,00-0035261,RB,Tony Pollard,Tony,Pollard,,,,Knee,Ankle,Full Participation in Practice,2019-10-11T12:02:42Z
2019,REG,DAL,6,00-0034674,LB,Leighton Vander Esch,Leighton,Vander Esch,,,,Illness,,Full Participation in Practice,2019-10-11T12:03:27Z
2019,REG,DAL,6,00-0032871,DT,Antwaun Woods,Antwaun,Woods,,,,Knee,,Full Participation in Practice,2019-10-11T12:02:42Z
2019,REG,DAL,6,00-0031544,WR,Amari Cooper,Amari,Cooper,,,,Ankle,Quadricep,Limited Participation in Practice,2019-10-11T12:02:42Z
2019,REG,DAL,6,00-0029641,DE,Tyrone Crawford,Tyrone,Crawford,,,,Hip,,Limited Participation in Practice,2019-10-11T12:02:42Z
2019,REG,DAL,6,00-0028002,WR,Randall Cobb,Randall,Cobb,Hip,Back,Questionable,Hip,Back,Did Not Participate In Practice,2019-10-11T12:03:59Z
2019,REG,DAL,6,00-0031534,T,La'el Collins,La'el,Collins,Knee,,Questionable,Knee,,Did Not Participate In Practice,2019-10-11T12:03:59Z
2019,REG,DAL,6,00-0027947,T,Tyron Smith,Tyron,Smith,Ankle,,Questionable,Ankle,,Did Not Participate In Practice,2019-10-11T12:03:59Z
2019,REG,DEN,6,00-0035591,LB,Justin Hollins,Justin,Hollins,,,,Knee,,Full Participation in Practice,2019-10-11T12:43:25Z
2019,REG,DEN,6,00-0027872,CB,Kareem Jackson,Kareem,Jackson,,,,Hamstring,,Full Participation in Practice,2019-10-11T12:43:25Z
2019,REG,DEN,6,00-0034368,LB,Josey Jewell,Josey,Jewell,,,,Hamstring,,Full Participation in Practice,2019-10-11T12:43:25Z
2019,REG,DEN,6,00-0029890,DT,Mike Purcell,Mike,Purcell,,,,Knee,,Full Participation in Practice,2019-10-11T12:43:25Z
2019,REG,DEN,6,00-0034348,WR,Courtland Sutton,Courtland,Sutton,,,,Lower leg,,Full Participation in Practice,2019-10-11T12:43:25Z
2019,REG,DEN,6,00-0029010,G,Ronald Leary,Ronald,Leary,,,,Not Injury Related,,Limited Participation in Practice,2019-10-11T12:43:40Z
2019,REG,DEN,6,00-0027685,WR,Emmanuel Sanders,Emmanuel,Sanders,,,,Knee,,Limited Participation in Practice,2019-10-11T12:43:32Z
2019,REG,DEN,6,00-0031904,CB,Bryce Callahan,Bryce,Callahan,Foot,,Out,Foot,,Did Not Participate In Practice,2019-10-11T12:43:55Z
2019,REG,DEN,6,00-0034744,CB,Duke Dawson,Duke,Dawson,Foot,,Questionable,Foot,,Limited Participation in Practice,2019-10-11T12:43:51Z
2019,REG,DEN,6,00-0031417,T,Ja'Wuan James,Ja'Wuan,James,Knee,,Questionable,Knee,,Limited Participation in Practice,2019-10-11T12:43:51Z
2019,REG,DEN,6,00-0034111,S,Trey Marshall,Trey,Marshall,Lower leg,,Questionable,Lower leg,,Limited Participation in Practice,2019-10-11T12:43:51Z
2019,REG,DET,6,00-0026498,QB,Matthew Stafford,Matthew,Stafford,,,,Hip,,Full Participation in Practice,2019-10-12T12:58:40Z
2019,REG,DET,6,00-0029284,DT,Mike Daniels,Mike,Daniels,Foot,,Out,Foot,,Did Not Participate In Practice,2019-10-12T12:59:19Z
2019,REG,DET,6,00-0035270,CB,Amani Oruwariye,Amani,Oruwariye,Knee,,Out,Knee,,Did Not Participate In Practice,2019-10-12T12:59:24Z
2019,REG,DET,6,00-0035229,TE,T.J. Hockenson,T.J.,Hockenson,Concussion,,Questionable,Concussion,,Full Participation in Practice,2019-10-12T12:59:08Z
2019,REG,DET,6,00-0026035,WR,Danny Amendola,Danny,Amendola,Chest,,Questionable,Chest,,Limited Participation in Practice,2019-10-12T12:58:48Z
2019,REG,DET,6,00-0031608,S,Quandre Diggs,Quandre,Diggs,Hamstring,,Questionable,Hamstring,,Limited Participation in Practice,2019-10-12T12:58:48Z
2019,REG,DET,6,00-0034371,DE,Da'Shawn Hand,Da'Shawn,Hand,Elbow,,Questionable,Elbow,,Limited Participation in Practice,2019-10-12T12:58:48Z
2019,REG,DET,6,00-0032889,DT,A'Shawn Robinson,A'Shawn,Robinson,Knee,,Questionable,Knee,,Limited Participation in Practice,2019-10-12T12:58:48Z
2019,REG,DET,6,00-0030062,CB,Darius Slay,Darius,Slay,Hamstring,,Questionable,Hamstring,,Limited Participation in Practice,2019-10-12T12:58:48Z
2019,REG,GB,6,00-0033929,DE,Montravius Adams,Montravius,Adams,,,,Shoulder,,Full Participation in Practice,2019-10-12T12:42:16Z
2019,REG,GB,6,00-0034754,LB,Oren Burks,Oren,Burks,,,,Chest,,Full Participation in Practice,2019-10-12T12:42:16Z
2019,REG,GB,6,00-0032955,LB,Kyler Fackrell,Kyler,Fackrell,,,,Shoulder,,Full Participation in Practice,2019-10-12T12:42:16Z
2019,REG,GB,6,00-0031019,C,Corey Linsley,Corey,Linsley,,,,Concussion,,Full Participation in Practice,2019-10-12T12:42:39Z
2019,REG,GB,6,00-0035181,WR,Darrius Shepherd,Darrius,Shepherd,,,,Shoulder,,Full Participation in Practice,2019-10-12T12:42:16Z
2019,REG,GB,6,00-0031576,LB,Za'Darius Smith,Za'Darius,Smith,,,,Knee,,Full Participation in Practice,2019-10-12T12:42:16Z
2019,REG,GB,6,00-0034272,WR,Marquez Valdes-Scantling,Marquez,Valdes-Scantling,,,,Hamstring,Calf,Full Participation in Practice,2019-10-12T12:42:16Z
2019,REG,GB,6,00-0033948,RB,Jamaal Williams,Jamaal,Williams,,,,Concussion,,Full Participation in Practice,2019-10-12T12:42:16Z
2019,REG,GB,6,00-0027875,T,Bryan Bulaga,Bryan,Bulaga,,,,Not Injury Related,,Limited Participation in Practice,2019-10-12T12:42:16Z
2019,REG,GB,6,00-0033120,DT,Kenny Clark,Kenny,Clark,,,,Calf,,Limited Participation in Practice,2019-10-12T12:42:16Z
2019,REG,GB,6,00-0027696,TE,Jimmy Graham,Jimmy,Graham,,,,Not Injury Related,,Limited Participation in Practice,2019-10-12T12:42:16Z
2019,REG,GB,6,00-0033524,CB,Kevin King,Kevin,King,,,,Knee,Groin,Limited Participation in Practice,2019-10-12T12:42:16Z
2019,REG,GB,6,00-0024243,TE,Marcedes Lewis,Marcedes,Lewis,,,,Heel,,Limited Participation in Practice,2019-10-12T12:42:16Z
2019,REG,GB,6,00-0033124,S,Will Redmond,Will,Redmond,,,,Shoulder,,Limited Participation in Practice,2019-10-12T12:42:16Z
2019,REG,GB,6,00-0023459,QB,Aaron Rodgers,Aaron,Rodgers,,,,Knee,,Limited Participation in Practice,2019-10-12T12:42:16Z
2019,REG,GB,6,00-0024061,CB,Tramon Williams,Tramon,Williams,,,,Back,,Limited Participation in Practice,2019-10-12T12:42:16Z
2019,REG,GB,6,00-0031381,WR,Davante Adams,Davante,Adams,Toe,,Out,Toe,,Did Not Participate In Practice,2019-10-12T12:42:50Z
2019,REG,GB,6,00-0034968,S,Darnell Savage,Darnell,Savage,Ankle,,Out,Ankle,,Did Not Participate In Practice,2019-10-12T12:43:03Z
2019,REG,GB,6,00-0033757,TE,Robert Tonyan,Robert,Tonyan,Hip,,Out,Hip,,Did Not Participate In Practice,2019-10-12T12:43:14Z
2019,REG,GB,6,00-0034540,CB,Tony Brown,Tony,Brown,Hamstring,,Doubtful,Hamstring,,Limited Participation in Practice,2019-10-12T12:43:25Z
2019,REG,HOU,6,00-0031045,RB,Carlos Hyde,Carlos,Hyde,,,,Shoulder,Thigh,Full Participation in Practice,2019-10-11T12:19:45Z
2019,REG,HOU,6,00-0034421,LB,Peter Kalambayi,Peter,Kalambayi,,,,Hand,,Full Participation in Practice,2019-10-11T12:19:45Z
2019,REG,HOU,6,00-0034594,S,A.J. Moore,A.J.,Moore,,,,Knee,,Full Participation in Practice,2019-10-11T12:19:45Z
2019,REG,HOU,6,00-0028924,S,Tashaun Gipson,Tashaun,Gipson,,,,Wrist,Hip,Limited Participation in Practice,2019-10-11T12:20:09Z
2019,REG,HOU,6,00-0030564,WR,DeAndre Hopkins,DeAndre,Hopkins,,,,Not Injury Related,Resting Veteran,Limited Participation in Practice,2019-10-09T13:49:57Z
2019,REG,HOU,6,00-0031923,C,Greg Mancz,Greg,Mancz,Concussion,,Out,Concussion,,Did Not Participate In Practice,2019-10-11T12:22:44Z
2019,REG,HOU,6,00-0028063,RB,Taiwan Jones,Taiwan,Jones,Hip,,Questionable,Hip,,Limited Participation in Practice,2019-10-11T12:22:02Z
2019,REG,HOU,6,00-0024239,CB,Johnathan Joseph,Johnathan,Joseph,Hamstring,,Questionable,Hamstring,,Limited Participation in Practice,2019-10-11T12:22:16Z
2019,REG,HOU,6,00-0030085,WR,Kenny Stills,Kenny,Stills,Hamstring,,Questionable,Hamstring,,Limited Participation in Practice,2019-10-11T12:22:28Z
2019,REG,JAX,6,00-0026190,DE,Calais Campbell,Calais,Campbell,,,,Not Injury Related,,Full Participation in Practice,2019-10-11T10:18:54Z
2019,REG,JAX,6,00-0034779,S,Ronnie Harrison,Ronnie,Harrison,,,,Ankle,,Full Participation in Practice,2019-10-11T10:19:26Z
2019,REG,JAX,6,00-0030572,CB,D.J. Hayden,D.J.,Hayden,,,,Foot,,Full Participation in Practice,2019-10-11T10:19:18Z
2019,REG,JAX,6,00-0031431,WR,Marqise Lee,Marqise,Lee,,,,Not Injury Related,,Full Participation in Practice,2019-10-11T10:19:03Z
2019,REG,JAX,6,00-0031369,C,Brandon Linder,Brandon,Linder,,,,Not Injury Related,,Full Participation in Practice,2019-10-11T10:18:54Z
2019,REG,JAX,6,00-0035289,QB,Gardner Minshew,Gardner,Minshew,,,,Groin,,Full Participation in Practice,2019-10-11T10:19:10Z
2019,REG,JAX,6,00-0035249,TE,Josh Oliver,Josh,Oliver,Hamstring,,Out,Hamstring,,Limited Participation in Practice,2019-10-11T10:20:15Z
2019,REG,JAX,6,00-0029799,DE,Lerentee McCray,Lerentee,McCray,Oblique,,Questionable,Oblique,,Full Participation in Practice,2019-10-11T10:20:04Z
2019,REG,JAX,6,00-0033055,CB,Jalen Ramsey,Jalen,Ramsey,Back,,Questionable,Back,,Limited Participation in Practice,2019-10-11T10:19:45Z
2019,REG,KC,6,00-0032145,T,Cameron Erving,Cameron,Erving,,,,Knee,,Full Participation in Practice,2019-10-11T12:41:25Z
2019,REG,KC,6,00-0033873,QB,Patrick Mahomes,Patrick,Mahomes,,,,Ankle,,Full Participation in Practice,2019-10-11T12:41:25Z
2019,REG,KC,6,00-0027029,RB,LeSean McCoy,LeSean,McCoy,,,,Ankle,,Full Participation in Practice,2019-10-11T12:41:25Z
2019,REG,KC,6,00-0030503,DE,Alex Okafor,Alex,Okafor,,,,Hip,,Full Participation in Practice,2019-10-11T12:41:25Z
2019,REG,KC,6,00-0028074,RB,Anthony Sherman,Anthony,Sherman,,,,Shoulder,,Full Participation in Practice,2019-10-11T12:41:25Z
2019,REG,KC,6,00-0030584,T,Eric Fisher,Eric,Fisher,Groin,,Out,Groin,,Did Not Participate In Practice,2019-10-11T12:41:55Z
2019,REG,KC,6,00-0032762,DT,Chris Jones,Chris,Jones,Groin,,Out,Groin,,Did Not Participate In Practice,2019-10-11T12:42:12Z
2019,REG,KC,6,00-0034781,LB,Dorian O'Daniel,Dorian,O'Daniel,Hamstring,,Out,Hamstring,,Did Not Participate In Practice,2019-10-11T12:42:30Z
2019,REG,KC,6,00-0031325,WR,Sammy Watkins,Sammy,Watkins,Hamstring,,Doubtful,Hamstring,,Did Not Participate In Practice,2019-10-11T12:42:50Z
2019,REG,KC,6,00-0033831,G,Andrew Wylie,Andrew,Wylie,Ankle,,Doubtful,Ankle,,Did Not Participate In Practice,2019-10-11T12:42:44Z
2019,REG,KC,6,00-0033040,WR,Tyreek Hill,Tyreek,Hill,Shoulder,,Questionable,Shoulder,,Limited Participation in Practice,2019-10-11T12:41:27Z
2019,REG,KC,6,00-0031348,LB,Anthony Hitchens,Anthony,Hitchens,Groin,,Questionable,Groin,,Limited Participation in Practice,2019-10-11T12:41:27Z
2019,REG,LA,6,00-0031236,WR,Brandin Cooks,Brandin,Cooks,,,,Concussion,,Full Participation in Practice,2019-10-11T13:00:27Z
2019,REG,LA,6,00-0032248,LB,Bryce Hager,Bryce,Hager,,,,Shoulder,,Full Participation in Practice,2019-10-11T13:00:35Z
2019,REG,LA,6,00-0035615,LB,Natrez Patrick,Natrez,Patrick,,,,Hamstring,,Full Participation in Practice,2019-10-11T13:00:42Z
2019,REG,LA,6,00-0035663,S,Taylor Rapp,Taylor,Rapp,,,,Ankle,,Full Participation in Practice,2019-10-11T13:00:47Z
2019,REG,LA,6,00-0027002,LB,Clay Matthews,Clay,Matthews,Jaw,,Out,Jaw,,Did Not Participate In Practice,2019-10-11T13:01:19Z
2019,REG,LA,6,00-0026160,CB,Aqib Talib,Aqib,Talib,Ribs,,Out,Ribs,,Did Not Participate In Practice,2019-10-11T13:01:27Z
2019,REG,LA,6,00-0032241,RB,Todd Gurley,Todd,Gurley,Quadricep,,Doubtful,Quadricep,,Did Not Participate In Practice,2019-10-11T13:01:13Z
2019,REG,LAC,6,00-0023448,LB,Thomas Davis,Thomas,Davis,,,,Not Injury Related,,Full Participation in Practice,2019-10-11T12:37:23Z
2019,REG,LAC,6,00-0029261,CB,Casey Hayward,Casey,Hayward,,,,Back,,Full Participation in Practice,2019-10-11T12:37:03Z
2019,REG,LAC,6,00-0031543,P,Ty Long,Ty,Long,,,,left Foot,,Full Participation in Practice,2019-10-11T12:37:03Z
2019,REG,LAC,6,00-0032103,LB,Denzel Perryman,Denzel,Perryman,,,,Ankle,,Full Participation in Practice,2019-10-11T12:37:03Z
2019,REG,LAC,6,00-0035677,S,Nasir Adderley,Nasir,Adderley,Hamstring,,Doubtful,Hamstring,,Did Not Participate In Practice,2019-10-11T12:38:11Z
2019,REG,LAC,6,00-0034084,K,Michael Badgley,Michael,Badgley,right Groin,,Doubtful,right Groin,,Did Not Participate In Practice,2019-10-11T12:38:19Z
2019,REG,LAC,6,00-0034440,RB,Justin Jackson,Justin,Jackson,Calf,,Doubtful,Calf,,Did Not Participate In Practice,2019-10-11T12:38:38Z
2019,REG,LAC,6,00-0033705,WR,Andre Patton,Andre,Patton,Quadricep,,Doubtful,Quadricep,,Full Participation in Practice,2019-10-12T12:58:54Z
2019,REG,LAC,6,00-0033090,TE,Hunter Henry,Hunter,Henry,Knee,,Questionable,Knee,,Full Participation in Practice,2019-10-11T12:38:03Z
2019,REG,LAC,6,00-0029249,DE,Melvin Ingram,Melvin,Ingram,Hamstring,,Questionable,Hamstring,,Limited Participation in Practice,2019-10-11T12:38:03Z
2019,REG,MIA,6,00-0033880,DE,Charles Harris,Charles,Harris,,,,Wrist,,Full Participation in Practice,2019-10-11T10:30:41Z
2019,REG,MIA,6,00-0028101,C,Daniel Kilgore,Daniel,Kilgore,,,,Knee,,Limited Participation in Practice,2019-10-11T10:31:36Z
2019,REG,MIA,6,00-0034679,RB,Mark Walton,Mark,Walton,,,,Illness,,Limited Participation in Practice,2019-10-09T12:14:37Z
2019,REG,MIA,6,00-0029065,CB,Johnson Bademosi,Johnson,Bademosi,Ankle,,Questionable,Ankle,,Limited Participation in Practice,2019-10-11T10:32:17Z
2019,REG,MIA,6,00-0034799,RB,Kalen Ballage,Kalen,Ballage,Foot,,Questionable,Foot,,Limited Participation in Practice,2019-10-11T10:32:17Z
2019,REG,MIA,6,00-0031893,T,Jesse Davis,Jesse,Davis,Elbow,,Questionable,Elbow,,Limited Participation in Practice,2019-10-11T10:32:17Z
2019,REG,MIA,6,00-0032791,WR,Jakeem Grant,Jakeem,Grant,Hamstring,,Questionable,Hamstring,,Limited Participation in Practice,2019-10-11T10:32:17Z
2019,REG,MIA,6,00-0034588,LB,Trent Harris,Trent,Harris,Foot,,Questionable,Foot,,Limited Participation in Practice,2019-10-11T10:32:17Z
2019,REG,MIA,6,00-0033050,CB,Xavien Howard,Xavien,Howard,Knee,,Questionable,Knee,,Limited Participation in Practice,2019-10-11T10:32:17Z
2019,REG,MIA,6,00-0027762,S,Reshad Jones,Reshad,Jones,Ankle,,Questionable,Ankle,,Limited Participation in Practice,2019-10-11T10:32:17Z
2019,REG,MIA,6,00-0034145,CB,Chris Lammons,Chris,Lammons,Toe,,Questionable,Toe,,Limited Participation in Practice,2019-10-11T10:32:17Z
2019,REG,MIA,6,00-0031587,S,Bobby McCain,Bobby,McCain,Hamstring,Shoulder,Questionable,Hamstring,Shoulder,Limited Participation in Practice,2019-10-11T10:32:17Z
2019,REG,MIA,6,00-0033734,CB,Jamal Perry,Jamal,Perry,Groin,,Questionable,Groin,,Limited Participation in Practice,2019-10-11T10:32:17Z
2019,REG,MIA,6,00-0030669,WR,Albert Wilson,Albert,Wilson,Calf,Hip,Questionable,Calf,Hip,Limited Participation in Practice,2019-10-11T10:32:17Z
2019,REG,MIN,6,00-0032389,CB,Mackensie Alexander,Mackensie,Alexander,,,,Elbow,Groin,Full Participation in Practice,2019-10-11T11:29:16Z
2019,REG,MIN,6,00-0035588,C,Garrett Bradbury,Garrett,Bradbury,,,,Shoulder,,Full Participation in Practice,2019-10-11T11:29:35Z
2019,REG,MIN,6,00-0027885,DT,Linval Joseph,Linval,Joseph,,,,Not Injury Related,,Full Participation in Practice,2019-10-11T11:29:05Z
2019,REG,MIN,6,00-0034970,TE,Irv Smith,Irv,Smith,,,,Quadricep,,Full Participation in Practice,2019-10-11T11:29:05Z
2019,REG,MIN,6,00-0031242,DT,Shamar Stephen,Shamar,Stephen,,,,Knee,,Full Participation in Practice,2019-10-11T11:29:05Z
2019,REG,MIN,6,00-0030035,WR,Adam Thielen,Adam,Thielen,,,,Illness,,Full Participation in Practice,2019-10-11T11:29:26Z
2019,REG,MIN,6,00-0033944,LB,Ben Gedeon,Ben,Gedeon,Concussion,,Out,Concussion,,Did Not Participate In Practice,2019-10-11T11:30:10Z
2019,REG,MIN,6,00-0029992,G,Josh Kline,Josh,Kline,Foot,,Out,Foot,,Did Not Participate In Practice,2019-10-11T11:30:28Z
2019,REG,MIN,6,00-0032422,LB,Kentrell Brothers,Kentrell,Brothers,Hamstring,Wrist,Questionable,Hamstring,Wrist,Limited Participation in Practice,2019-10-11T11:30:00Z
2019,REG,NE,6,00-0032208,WR,Phillip Dorsett,Phillip,Dorsett,Hamstring,,Out,Hamstring,,Did Not Participate In Practice,2019-10-09T12:22:42Z
2019,REG,NE,6,00-0030288,RB,Rex Burkhead,Rex,Burkhead,Foot,,Questionable,Foot,,Limited Participation in Practice,2019-10-09T12:22:12Z
2019,REG,NE,6,00-0033122,LB,Shilique Calhoun,Shilique,Calhoun,Ankle,,Questionable,Ankle,,Limited Participation in Practice,2019-10-09T12:22:12Z
2019,REG,NE,6,00-0027010,S,Patrick Chung,Patrick,Chung,Heel,,Questionable,Heel,,Limited Participation in Practice,2019-10-09T12:22:12Z
2019,REG,NE,6,00-0029570,S,Nate Ebner,Nate,Ebner,Groin,,Questionable,Groin,,Limited Participation in Practice,2019-10-09T12:22:12Z
2019,REG,NE,6,00-0027150,WR,Julian Edelman,Julian,Edelman,Chest,,Questionable,Chest,,Limited Participation in Practice,2019-10-09T12:22:12Z
2019,REG,NE,6,00-0029664,WR,Josh Gordon,Josh,Gordon,Knee,,Questionable,Knee,,Limited Participation in Practice,2019-10-09T12:22:12Z
2019,REG,NO,6,00-0030513,RB,Latavius Murray,Latavius,Murray,,,,Personal,,Did Not Participate In Practice,2019-10-11T12:18:52Z
2019,REG,NO,6,00-0020531,QB,Drew Brees,Drew,Brees,right Thumb,,Out,right Thumb,,Did Not Participate In Practice,2019-10-11T12:19:05Z
2019,REG,NO,6,00-0033935,DE,Trey Hendrickson,Trey,Hendrickson,Neck,,Out,Neck,,Did Not Participate In Practice,2019-10-11T12:19:10Z
2019,REG,NO,6,00-0034765,WR,Tre'Quan Smith,Tre'Quan,Smith,Ankle,,Out,Ankle,,Did Not Participate In Practice,2019-10-11T12:19:21Z
2019,REG,NO,6,00-0033906,RB,Alvin Kamara,Alvin,Kamara,Ankle,,Questionable,Ankle,,Did Not Participate In Practice,2019-10-11T12:18:55Z
2019,REG,NYG,6,00-0034500,LB,Tae Davis,Tae,Davis,,,,Concussion,,Full Participation in Practice,2019-10-09T09:54:27Z
2019,REG,NYG,6,00-0030527,LB,Alec Ogletree,Alec,Ogletree,,,,Hamstring,,Full Participation in Practice,2019-10-09T09:54:27Z
2019,REG,NYG,6,00-0027955,T,Nate Solder,Nate,Solder,,,,Ankle,,Full Participation in Practice,2019-10-09T09:54:27Z
2019,REG,NYG,6,00-0035016,LB,Josiah Tauaefa,Josiah,Tauaefa,,,,Knee,,Full Participation in Practice,2019-10-09T09:54:27Z
2019,REG,NYG,6,00-0033881,TE,Evan Engram,Evan,Engram,Knee,,Out,Knee,,Did Not Participate In Practice,2019-10-09T09:56:47Z
2019,REG,NYG,6,00-0033950,RB,Wayne Gallman,Wayne,Gallman,Concussion,,Out,Concussion,,Did Not Participate In Practice,2019-10-09T09:56:24Z
2019,REG,NYG,6,00-0032385,WR,Sterling Shepard,Sterling,Shepard,Concussion,,Out,Concussion,,Did Not Participate In Practice,2019-10-09T09:57:06Z
2019,REG,NYG,6,00-0034844,RB,Saquon Barkley,Saquon,Barkley,Ankle,,Out,Ankle,,Limited Participation in Practice,2019-10-09T09:56:09Z
2019,REG,NYG,6,00-0034360,LB,Lorenzo Carter,Lorenzo,Carter,Neck,,Questionable,Neck,,Limited Participation in Practice,2019-10-09T09:57:22Z
2019,REG,NYJ,6,00-0032688,WR,Robby Anderson,Robby,Anderson,,,,Back,,Full Participation in Practice,2019-10-11T12:27:43Z
2019,REG,NYJ,6,00-0031941,WR,Jamison Crowder,Jamison,Crowder,,,,Knee,,Full Participation in Practice,2019-10-11T12:28:03Z
2019,REG,NYJ,6,00-0030108,TE,Ryan Griffin,Ryan,Griffin,,,,Finger,Ankle,Full Participation in Practice,2019-10-11T12:27:43Z
2019,REG,NYJ,6,00-0033503,CB,Arthur Maulet,Arthur,Maulet,,,,Thumb,,Full Participation in Practice,2019-10-11T12:27:43Z
2019,REG,NYJ,6,00-0035507,DE,Kyle Phillips,Kyle,Phillips,,,,Hand,,Full Participation in Practice,2019-10-11T12:27:43Z
2019,REG,NYJ,6,00-0035259,TE,Trevon Wesco,Trevon,Wesco,,,,Knee,,Full Participation in Practice,2019-10-11T12:28:15Z
2019,REG,NYJ,6,00-0035718,DT,Quinnen Williams,Quinnen,Williams,,,,Ankle,,Full Participation in Practice,2019-10-11T12:28:28Z
2019,REG,NYJ,6,00-0030066,G,Brian Winters,Brian,Winters,,,,Shoulder,,Full Participation in Practice,2019-10-11T12:27:43Z
2019,REG,NYJ,6,00-0032269,DE,Henry Anderson,Henry,Anderson,Shoulder,,Doubtful,Shoulder,,Did Not Participate In Practice,2019-10-11T12:28:37Z
2019,REG,NYJ,6,00-0034164,RB,Trenton Cannon,Trenton,Cannon,Foot,Ankle,Doubtful,Foot,Ankle,Did Not Participate In Practice,2019-10-11T12:28:48Z
2019,REG,NYJ,6,00-0031296,LB,C.J. Mosley,C.J.,Mosley,Groin,,Doubtful,Groin,,Did Not Participate In Practice,2019-10-11T12:29:14Z
2019,REG,NYJ,6,00-0029259,G,Kelechi Osemele,Kelechi,Osemele,Shoulder,Knee Illness,Doubtful,Shoulder,Knee Illness,Did Not Participate In Practice,2019-10-11T12:29:22Z
2019,REG,NYJ,6,00-0029319,WR,Josh Bellamy,Josh,Bellamy,Shoulder,,Questionable,Shoulder,,Limited Participation in Practice,2019-10-11T12:29:53Z
2019,REG,NYJ,6,00-0033568,CB,Nate Hairston,Nate,Hairston,Knee,,Questionable,Knee,,Limited Participation in Practice,2019-10-11T12:28:29Z
2019,REG,NYJ,6,00-0032970,LB,Jordan Jenkins,Jordan,Jenkins,Calf,,Questionable,Calf,,Limited Participation in Practice,2019-10-11T12:28:29Z
2019,REG,NYJ,6,00-0027874,WR,Demaryius Thomas,Demaryius,Thomas,Hamstring,Knee,Questionable,Hamstring,Knee,Limited Participation in Practice,2019-10-11T12:28:29Z
2019,REG,PHI,6,00-0033543,CB,Sidney Jones,Sidney,Jones,,,,Hamstring,,Full Participation in Practice,2019-10-11T11:12:44Z
2019,REG,PHI,6,00-0028899,S,Rodney McLeod,Rodney,McLeod,,,,Knee,,Full Participation in Practice,2019-10-11T11:12:44Z
2019,REG,PHI,6,00-0026283,CB,Orlando Scandrick,Orlando,Scandrick,,,,Illness,,Full Participation in Practice,2019-10-11T11:12:44Z
2019,REG,PHI,6,00-0031549,WR,Nelson Agholor,Nelson,Agholor,,,,Illness,,Limited Participation in Practice,2019-10-11T11:13:25Z
2019,REG,PHI,6,00-0022531,T,Jason Peters,Jason,Peters,,,,Knee,,Limited Participation in Practice,2019-10-11T11:12:44Z
2019,REG,PHI,6,00-0033725,RB,Corey Clement,Corey,Clement,Shoulder,,Out,Shoulder,,Did Not Participate In Practice,2019-10-11T11:47:53Z
2019,REG,PHI,6,00-0032195,CB,Ronald Darby,Ronald,Darby,Hamstring,,Out,Hamstring,,Did Not Participate In Practice,2019-10-11T11:48:00Z
2019,REG,PHI,6,00-0026189,WR,DeSean Jackson,DeSean,Jackson,Abdomen,,Out,Abdomen,,Did Not Participate In Practice,2019-10-11T11:48:23Z
2019,REG,PHI,6,00-0031170,DT,Timmy Jernigan,Timmy,Jernigan,Foot,,Out,Foot,,Did Not Participate In Practice,2019-10-11T11:48:29Z
2019,REG,PHI,6,00-0034377,CB,Avonte Maddox,Avonte,Maddox,Concussion,Neck,Out,Concussion,Neck,Did Not Participate In Practice,2019-10-11T11:48:36Z
2019,REG,PHI,6,00-0023564,RB,Darren Sproles,Darren,Sproles,Quadricep,,Out,Quadricep,,Did Not Participate In Practice,2019-10-11T11:48:43Z
2019,REG,PIT,6,00-0031956,LB,Anthony Chickillo,Anthony,Chickillo,,,,Foot,,Full Participation in Practice,2019-10-11T12:52:00Z
2019,REG,PIT,6,00-0026561,G,Ramon Foster,Ramon,Foster,,,,Not Injury Related,,Full Participation in Practice,2019-10-11T12:52:39Z
2019,REG,PIT,6,00-0032521,CB,Mike Hilton,Mike,Hilton,,,,Foot,,Full Participation in Practice,2019-10-11T12:52:44Z
2019,REG,PIT,6,00-0035650,CB,Justin Layne,Justin,Layne,,,,Illness,,Full Participation in Practice,2019-10-11T12:52:51Z
2019,REG,PIT,6,00-0030470,TE,Vance McDonald,Vance,McDonald,,,,Shoulder,,Full Participation in Practice,2019-10-11T12:52:56Z
2019,REG,PIT,6,00-0027870,C,Maurkice Pouncey,Maurkice,Pouncey,,,,Not Injury Related,,Full Participation in Practice,2019-10-11T12:52:00Z
2019,REG,PIT,6,00-0029670,LB,Mark Barron,Mark,Barron,Hamstring,,Out,Hamstring,,Did Not Participate In Practice,2019-10-11T12:53:47Z
2019,REG,PIT,6,00-0030741,RB,Roosevelt Nix,Roosevelt,Nix,Knee,,Out,Knee,,Did Not Participate In Practice,2019-10-11T12:53:52Z
2019,REG,PIT,6,00-0034331,RB,Jaylen Samuels,Jaylen,Samuels,Knee,,Out,Knee,,Did Not Participate In Practice,2019-10-11T12:54:10Z
2019,REG,PIT,6,00-0034676,WR,James Washington,James,Washington,Shoulder,,Out,Shoulder,,Did Not Participate In Practice,2019-10-11T12:54:16Z
2019,REG,PIT,6,00-0034771,QB,Mason Rudolph,Mason,Rudolph,Concussion,,Out,Concussion,,Limited Participation in Practice,2019-10-11T12:53:59Z
2019,REG,PIT,6,00-0032150,CB,Steven Nelson,Steven,Nelson,Groin,,Questionable,Groin,,Limited Participation in Practice,2019-10-11T12:53:13Z
2019,REG,SEA,6,00-0033594,RB,Chris Carson,Chris,Carson,,,,Shoulder,,Full Participation in Practice,2019-10-11T14:21:48Z
2019,REG,SEA,6,00-0033024,DE,Branden Jackson,Branden,Jackson,,,,Neck,,Full Participation in Practice,2019-10-11T14:21:41Z
2019,REG,SEA,6,00-0033901,C,Ethan Pocic,Ethan,Pocic,Back,,Out,Back,,Did Not Participate In Practice,2019-10-11T14:22:02Z
2019,REG,SEA,6,00-0026166,T,Duane Brown,Duane,Brown,Biceps,,Doubtful,Biceps,,Did Not Participate In Practice,2019-10-11T13:02:09Z
2019,REG,SEA,6,00-0030505,G,D.J. Fluker,D.J.,Fluker,Hamstring,,Doubtful,Hamstring,,Did Not Participate In Practice,2019-10-11T13:02:19Z
2019,REG,SEA,6,00-0034750,RB,Rashaad Penny,Rashaad,Penny,Hamstring,,Questionable,Hamstring,,Full Participation in Practice,2019-10-11T13:03:14Z
2019,REG,SF,6,00-0030068,WR,Marquise Goodwin,Marquise,Goodwin,,,,Not Injury Related,,Did Not Participate In Practice,2019-10-11T13:45:04Z
2019,REG,SF,6,00-0031297,DE,Dee Ford,Dee,Ford,,,,Quadricep,,Limited Participation in Practice,2019-10-11T13:44:22Z
2019,REG,SF,6,00-0029892,RB,Kyle Juszczyk,Kyle,Juszczyk,Knee,,Out,Knee,,Did Not Participate In Practice,2019-10-11T13:48:05Z
2019,REG,SF,6,00-0034847,T,Mike McGlinchey,Mike,McGlinchey,Knee,,Out,Knee,,Did Not Participate In Practice,2019-10-11T13:47:25Z
2019,REG,SF,6,00-0025415,T,Joe Staley,Joe,Staley,Fibula,,Out,Fibula,,Did Not Participate In Practice,2019-10-11T13:47:33Z
2019,REG,SF,6,00-0033783,CB,Ahkello Witherspoon,Ahkello,Witherspoon,Foot,,Out,Foot,,Did Not Participate In Practice,2019-10-11T13:47:41Z
2019,REG,SF,6,00-0033288,TE,George Kittle,George,Kittle,Groin,,Questionable,Groin,,Limited Participation in Practice,2019-10-11T13:46:44Z
2019,REG,TB,6,00-0033921,WR,Chris Godwin,Chris,Godwin,,,,Hip,,Full Participation in Practice,2019-10-11T12:14:06Z
2019,REG,TB,6,00-0027855,DE,Ndamukong Suh,Ndamukong,Suh,,,,Knee,,Full Participation in Practice,2019-10-11T12:14:06Z
2019,REG,TB,6,00-0030829,T,Josh Wells,Josh,Wells,,,,Not Injury Related,,Full Participation in Practice,2019-10-11T12:14:06Z
2019,REG,TB,6,00-0035468,G,Zack Bailey,Zack,Bailey,Ankle,Foot,Out,Ankle,Foot,Did Not Participate In Practice,2019-10-11T12:16:42Z
2019,REG,TB,6,00-0034678,G,Alex Cappa,Alex,Cappa,Forearm,,Out,Forearm,,Did Not Participate In Practice,2019-10-11T12:16:52Z
2019,REG,TB,6,00-0034415,LB,Jack Cichy,Jack,Cichy,Elbow,,Out,Elbow,,Did Not Participate In Practice,2019-10-11T12:16:59Z
2019,REG,TB,6,00-0026814,T,Demar Dotson,Demar,Dotson,Hamstring,,Out,Hamstring,,Did Not Participate In Practice,2019-10-11T12:17:06Z
2019,REG,TB,6,00-0032054,WR,Breshad Perriman,Breshad,Perriman,Hamstring,,Out,Hamstring,,Did Not Participate In Practice,2019-10-11T12:17:15Z
2019,REG,TB,6,00-0031101,LB,Shaquil Barrett,Shaquil,Barrett,Oblique,,Questionable,Oblique,,Limited Participation in Practice,2019-10-11T12:16:33Z
2019,REG,TB,6,00-0035681,S,Mike Edwards,Mike,Edwards,Hamstring,,Questionable,Hamstring,,Limited Participation in Practice,2019-10-11T12:16:33Z
2019,REG,TB,6,00-0033789,RB,T.J. Logan,T.J.,Logan,Ankle,,Questionable,Ankle,,Limited Participation in Practice,2019-10-11T12:16:33Z
2019,REG,TEN,6,00-0031182,G,Kevin Pamphile,Kevin,Pamphile,,,,Knee,,Full Participation in Practice,2019-10-11T12:45:51Z
2019,REG,TEN,6,00-0024389,TE,Delanie Walker,Delanie,Walker,,,,Knee,,Full Participation in Practice,2019-10-11T12:45:51Z
2019,REG,TEN,6,00-0034659,LB,Sharif Finch,Sharif,Finch,Shoulder,,Out,Shoulder,,Did Not Participate In Practice,2019-10-11T12:46:29Z
2019,REG,TEN,6,00-0023368,LB,Cameron Wake,Cameron,Wake,Hamstring,,Out,Hamstring,,Did Not Participate In Practice,2019-10-11T12:46:42Z
2019,REG,TEN,6,00-0032353,CB,Chris Milton,Chris,Milton,Calf,,Questionable,Calf,,Did Not Participate In Practice,2019-10-11T12:46:23Z
2019,REG,TEN,6,00-0031900,RB,Rod Smith,Rod,Smith,Groin,,Questionable,Groin,,Full Participation in Practice,2019-10-11T12:46:23Z
2019,REG,WAS,6,00-0031462,TE,Jerome Cunningham,Jerome,Cunningham,,,,Concussion,,Full Participation in Practice,2019-10-11T11:14:13Z
2019,REG,WAS,6,00-0032007,CB,Quinton Dunbar,Quinton,Dunbar,,,,Shoulder,,Full Participation in Practice,2019-10-11T11:14:13Z
2019,REG,WAS,6,00-0032781,DE,Matt Ioannidis,Matt,Ioannidis,,,,Foot,,Full Participation in Practice,2019-10-11T11:14:13Z
2019,REG,WAS,6,00-0028986,QB,Case Keenum,Case,Keenum,,,,Foot,,Full Participation in Practice,2019-10-11T11:14:13Z
2019,REG,WAS,6,00-0031330,T,Morgan Moses,Morgan,Moses,,,,Shoulder,,Full Participation in Practice,2019-10-11T11:14:34Z
2019,REG,WAS,6,00-0029285,CB,Josh Norman,Josh,Norman,,,,Hand,,Full Participation in Practice,2019-10-11T11:14:13Z
2019,REG,WAS,6,00-0035274,C,Ross Pierschbacher,Ross,Pierschbacher,,,,Illness,,Full Participation in Practice,2019-10-11T11:14:13Z
2019,REG,WAS,6,00-0033529,C,Chase Roullier,Chase,Roullier,,,,Knee,,Full Participation in Practice,2019-10-11T11:14:13Z
2019,REG,WAS,6,00-0032053,G,Brandon Scherff,Brandon,Scherff,,,,Ankle,,Full Participation in Practice,2019-10-11T11:14:39Z
2019,REG,WAS,6,00-0034276,CB,Simeon Thomas,Simeon,Thomas,,,,Wrist,,Full Participation in Practice,2019-10-11T11:14:13Z
2019,REG,WAS,6,00-0034333,DT,Daron Payne,Daron,Payne,,,,Knee,,Limited Participation in Practice,2019-10-11T11:15:16Z
2019,REG,WAS,6,00-0031844,S,Deshazor Everett,Deshazor,Everett,Ankle,,Out,Ankle,,Did Not Participate In Practice,2019-10-11T11:16:29Z
2019,REG,WAS,6,00-0033532,LB,Josh Harvey-Clemons,Josh,Harvey-Clemons,Hamstring,,Out,Hamstring,,Did Not Participate In Practice,2019-10-11T11:16:34Z
2019,REG,WAS,6,00-0035263,G,Wes Martin,Wes,Martin,Chest,,Out,Chest,,Did Not Participate In Practice,2019-10-11T11:16:44Z
2019,REG,WAS,6,00-0030472,TE,Jordan Reed,Jordan,Reed,Concussion,,Out,Concussion,,Did Not Participate In Practice,2019-10-11T11:17:00Z
2019,REG,WAS,6,00-0024221,TE,Vernon Davis,Vernon,Davis,Concussion,,Out,Concussion,,Limited Participation in Practice,2019-10-11T11:16:23Z
2019,REG,WAS,6,00-0023894,T,Donald Penn,Donald,Penn,Hamstring,,Questionable,Hamstring,,Full Participation in Practice,2019-10-11T11:16:55Z
2019,REG,ARI,7,00-0022161,LB,Terrell Suggs,Terrell,Suggs,,,,Not Injury Related,,Did Not Participate In Practice,2019-10-18T13:15:45Z
2019,REG,ARI,7,00-0029747,S,Chris Banjo,Chris,Banjo,,,,Illness,,Full Participation in Practice,2019-10-18T13:14:24Z
2019,REG,ARI,7,00-0022921,WR,Larry Fitzgerald,Larry,Fitzgerald,,,,Not Injury Related,,Full Participation in Practice,2019-10-18T13:14:16Z
2019,REG,ARI,7,00-0027686,DT,Corey Peters,Corey,Peters,,,,Not Injury Related,,Full Participation in Practice,2019-10-18T13:14:16Z
2019,REG,ARI,7,00-0035248,DE,Zach Allen,Zach,Allen,Neck,,Out,Neck,,Did Not Participate In Practice,2019-10-18T13:16:54Z
2019,REG,ARI,7,00-0032577,RB,D.J. Foster,D.J.,Foster,Hamstring,,Out,Hamstring,,Did Not Participate In Practice,2019-10-18T13:17:00Z
2019,REG,ARI,7,00-0035743,T,Brett Toth,Brett,Toth,Illness,,Out,Illness,,Did Not Participate In Practice,2019-10-18T13:17:06Z
2019,REG,ARI,7,00-0035317,T,Joshua Miles,Joshua,Miles,Illness,,Questionable,Illness,,Full Participation in Practice,2019-10-18T13:16:46Z
2019,REG,ARI,7,00-0034473,LB,Dennis Gardeck,Dennis,Gardeck,Ankle,,Questionable,Ankle,,Limited Participation in Practice,2019-10-18T13:16:46Z
2019,REG,ARI,7,00-0032187,RB,David Johnson,David,Johnson,Ankle,,Questionable,Ankle,,Limited Participation in Practice,2019-10-18T13:16:46Z
2019,REG,ARI,7,00-0031105,DE,Zach Kerr,Zach,Kerr,Ankle,,Questionable,Ankle,,Limited Participation in Practice,2019-10-18T13:16:46Z
2019,REG,ARI,7,00-0034775,WR,Christian Kirk,Christian,Kirk,Ankle,,Questionable,Ankle,,Limited Participation in Practice,2019-10-18T13:16:46Z
2019,REG,ARI,7,00-0022824,P,Andy Lee,Andy,Lee,right Hip,,Questionable,right Hip,,Limited Participation in Practice,2019-10-18T13:16:46Z
2019,REG,ARI,7,00-0034490,LB,Ezekiel Turner,Ezekiel,Turner,Hamstring,,Questionable,Hamstring,,Limited Participation in Practice,2019-10-18T13:16:46Z
2019,REG,ARI,7,00-0032560,S,Charles Washington,Charles,Washington,Shoulder,,Questionable,Shoulder,,Limited Participation in Practice,2019-10-18T13:16:46Z
2019,REG,ARI,7,00-0031558,TE,Maxx Williams,Maxx,Williams,Ankle,,Questionable,Ankle,,Limited Participation in Practice,2019-10-18T13:16:46Z
2019,REG,ATL,7,00-0031181,S,Ricardo Allen,Ricardo,Allen,,,,Knee,,Full Participation in Practice,2019-10-18T11:30:46Z
2019,REG,ATL,7,00-0032244,G,Jamon Brown,Jamon,Brown,,,,Knee,,Full Participation in Practice,2019-10-16T13:26:14Z
2019,REG,ATL,7,00-0027958,DE,Adrian Clayborn,Adrian,Clayborn,,,,Knee,,Full Participation in Practice,2019-10-18T11:30:51Z
2019,REG,ATL,7,00-0033540,DE,Takkarist McKinley,Takkarist,McKinley,,,,Groin,,Full Participation in Practice,2019-10-16T13:26:25Z
2019,REG,ATL,7,00-0030968,RB,Keith Smith,Keith,Smith,,,,Knee,,Full Participation in Practice,2019-10-17T13:02:04Z
2019,REG,ATL,7,00-0030541,CB,Blidi Wreh-Wilson,Blidi,Wreh-Wilson,,,,Groin,,Full Participation in Practice,2019-10-18T11:30:40Z
2019,REG,ATL,7,00-0027963,G,James Carpenter,James,Carpenter,,,,Knee,,Limited Participation in Practice,2019-10-18T11:30:58Z
2019,REG,ATL,7,00-0027944,WR,Julio Jones,Julio,Jones,,,,Hip,,Limited Participation in Practice,2019-10-18T11:30:15Z
2019,REG,ATL,7,00-0030562,CB,Desmond Trufant,Desmond,Trufant,Toe,,Out,Toe,,Did Not Participate In Practice,2019-10-18T11:32:11Z
2019,REG,BAL,7,00-0028103,LB,Pernell McPhee,Pernell,McPhee,,,,Not Injury Related,,Did Not Participate In Practice,2019-10-18T13:19:30Z
2019,REG,BAL,7,00-0026280,CB,Brandon Carr,Brandon,Carr,,,,Not Injury Related,,Full Participation in Practice,2019-10-18T13:15:50Z
2019,REG,BAL,7,00-0027966,RB,Mark Ingram,Mark,Ingram,,,,Not Injury Related,,Full Participation in Practice,2019-10-18T13:15:50Z
2019,REG,BAL,7,00-0027866,S,Earl Thomas,Earl,Thomas,,,,Not Injury Related,,Full Participation in Practice,2019-10-18T13:15:50Z
2019,REG,BAL,7,00-0030511,DT,Brandon Williams,Brandon,Williams,,,,Not Injury Related,,Full Participation in Practice,2019-10-18T13:18:35Z
2019,REG,BAL,7,00-0027965,CB,Jimmy Smith,Jimmy,Smith,Knee,,Doubtful,Knee,,Limited Participation in Practice,2019-10-18T13:24:52Z
2019,REG,BAL,7,00-0034265,CB,Anthony Averett,Anthony,Averett,Ankle,,Questionable,Ankle,,Did Not Participate In Practice,2019-10-18T13:24:02Z
2019,REG,BAL,7,00-0035662,WR,Marquise Brown,Marquise,Brown,Ankle,,Questionable,Ankle,,Did Not Participate In Practice,2019-10-18T13:24:02Z
2019,REG,BAL,7,00-0032438,CB,Maurice Canady,Maurice,Canady,Thigh,,Questionable,Thigh,,Did Not Participate In Practice,2019-10-18T13:24:02Z
2019,REG,BAL,7,00-0032573,LB,Patrick Onwuasor,Patrick,Onwuasor,Ankle,,Questionable,Ankle,,Did Not Participate In Practice,2019-10-18T13:24:02Z
2019,REG,BAL,7,00-0032965,T,Ronnie Stanley,Ronnie,Stanley,Knee,,Questionable,Knee,,Full Participation in Practice,2019-10-18T13:24:02Z
2019,REG,BUF,7,00-0023259,LB,Lorenzo Alexander,Lorenzo,Alexander,,,,Rest,,Full Participation in Practice,2019-10-18T12:06:55Z
2019,REG,BUF,7,00-0034857,QB,Josh Allen,Josh,Allen,,,,right Hand,,Full Participation in Practice,2019-10-18T12:06:55Z
2019,REG,BUF,7,00-0031051,WR,John Brown,John,Brown,,,,Groin,,Full Participation in Practice,2019-10-18T12:07:30Z
2019,REG,BUF,7,00-0035238,T,Cody Ford,Cody,Ford,,,,Concussion,,Full Participation in Practice,2019-10-18T12:06:55Z
2019,REG,BUF,7,00-0034510,WR,Robert Foster,Robert,Foster,,,,Groin,,Full Participation in Practice,2019-10-18T12:06:55Z
2019,REG,BUF,7,00-0023500,RB,Frank Gore,Frank,Gore,,,,Rest,,Full Participation in Practice,2019-10-18T12:07:48Z
2019,REG,BUF,7,00-0032214,TE,Tyler Kroft,Tyler,Kroft,,,,Ankle,,Full Participation in Practice,2019-10-18T12:06:55Z
2019,REG,BUF,7,00-0031936,C,Mitch Morse,Mitch,Morse,,,,Ankle,,Full Participation in Practice,2019-10-18T12:06:55Z
2019,REG,BUF,7,00-0031300,DE,Trent Murphy,Trent,Murphy,,,,Concussion,,Full Participation in Practice,2019-10-18T12:06:55Z
2019,REG,BUF,7,00-0029709,T,Ty Nsekhe,Ty,Nsekhe,,,,Rest,,Full Participation in Practice,2019-10-18T12:06:55Z
2019,REG,BUF,7,00-0035250,RB,Devin Singletary,Devin,Singletary,,,,Hamstring,,Full Participation in Practice,2019-10-18T12:06:55Z
2019,REG,BUF,7,00-0034376,CB,Taron Johnson,Taron,Johnson,Hamstring,,Questionable,Hamstring,,Full Participation in Practice,2019-10-18T12:08:36Z
2019,REG,BUF,7,00-0033571,LB,Matt Milano,Matt,Milano,Hamstring,,Questionable,Hamstring,,Limited Participation in Practice,2019-10-18T12:08:36Z
2019,REG,BUF,7,00-0034539,LB,Corey Thompson,Corey,Thompson,Ankle,,Questionable,Ankle,,Limited Participation in Practice,2019-10-18T12:08:36Z
2019,REG,CHI,7,00-0031228,WR,Taylor Gabriel,Taylor,Gabriel,,,,Concussion,,Full Participation in Practice,2019-10-18T11:40:58Z
2019,REG,CHI,7,00-0034372,LB,Joel Iyiegbuniwe,Joel,Iyiegbuniwe,,,,Hamstring,,Full Participation in Practice,2019-10-18T11:40:58Z
2019,REG,CHI,7,00-0027607,G,Ted Larsen,Ted,Larsen,Knee,,Questionable,Knee,,Full Participation in Practice,2019-10-18T11:41:33Z
2019,REG,CHI,7,00-0033869,QB,Mitchell Trubisky,Mitchell,Trubisky,left Shoulder,,Questionable,left Shoulder,,Full Participation in Practice,2019-10-18T11:41:33Z
2019,REG,CHI,7,00-0034387,DT,Bilal Nichols,Bilal,Nichols,Hand,Knee,Questionable,Hand,Knee,Limited Participation in Practice,2019-10-18T11:41:33Z
2019,REG,CIN,7,00-0027720,DT,Geno Atkins,Geno,Atkins,,,,Not Injury Related,,Full Participation in Practice,2019-10-18T10:28:08Z
2019,REG,CIN,7,00-0030549,TE,Tyler Eifert,Tyler,Eifert,,,,Not Injury Related,,Full Participation in Practice,2019-10-18T10:28:08Z
2019,REG,CIN,7,00-0033786,DT,Ryan Glasgow,Ryan,Glasgow,,,,Thigh,,Full Participation in Practice,2019-10-18T10:28:08Z
2019,REG,CIN,7,00-0030471,S,Shawn Williams,Shawn,Williams,,,,Thigh,,Full Participation in Practice,2019-10-18T10:28:18Z
2019,REG,CIN,7,00-0029561,T,Cordy Glenn,Cordy,Glenn,Not Injury Related,,Out,Not Injury Related,,Did Not Participate In Practice,2019-10-18T10:29:00Z
2019,REG,CIN,7,00-0027942,WR,A.J. Green,A.J.,Green,Ankle,,Out,Ankle,,Did Not Participate In Practice,2019-10-18T10:29:24Z
2019,REG,CIN,7,00-0033107,CB,William Jackson,William,Jackson,Shoulder,,Out,Shoulder,,Did Not Participate In Practice,2019-10-18T10:29:29Z
2019,REG,CIN,7,00-0029560,CB,Dre Kirkpatrick,Dre,Kirkpatrick,Knee,,Out,Knee,,Did Not Participate In Practice,2019-10-18T10:29:36Z
2019,REG,CIN,7,00-0033463,DE,Carl Lawson,Carl,Lawson,Hamstring,,Out,Hamstring,,Did Not Participate In Practice,2019-10-18T10:29:42Z
2019,REG,CIN,7,00-0032149,G,John Miller,John,Miller,Groin,,Out,Groin,,Did Not Participate In Practice,2019-10-18T10:29:53Z
2019,REG,CIN,7,00-0026982,T,Andre Smith,Andre,Smith,Ankle,,Out,Ankle,,Did Not Participate In Practice,2019-10-18T10:29:58Z
2019,REG,CIN,7,00-0027662,DE,Carlos Dunlap,Carlos,Dunlap,Knee,,Doubtful,Knee,,Did Not Participate In Practice,2019-10-18T10:28:51Z
2019,REG,DAL,7,00-0027663,LB,Sean Lee,Sean,Lee,,,,Knee,Not Injury Related,Did Not Participate In Practice,2019-10-18T11:36:40Z
2019,REG,DAL,7,00-0030546,C,Travis Frederick,Travis,Frederick,,,,Not Injury Related,,Full Participation in Practice,2019-10-18T11:35:41Z
2019,REG,DAL,7,00-0035261,RB,Tony Pollard,Tony,Pollard,,,,Knee,,Full Participation in Practice,2019-10-18T11:38:11Z
2019,REG,DAL,7,00-0034764,WR,Michael Gallup,Michael,Gallup,,,,Knee,,Limited Participation in Practice,2019-10-18T11:35:41Z
2019,REG,DAL,7,00-0028664,P,Chris Jones,Chris,Jones,,,,Back,,Limited Participation in Practice,2019-10-18T11:35:41Z
2019,REG,DAL,7,00-0033047,CB,Anthony Brown,Anthony,Brown,Hamstring,,Out,Hamstring,,Did Not Participate In Practice,2019-10-18T11:37:11Z
2019,REG,DAL,7,00-0029278,C,Joe Looney,Joe,Looney,Back,,Questionable,Back,,Did Not Participate In Practice,2019-10-18T11:36:59Z
2019,REG,DAL,7,00-0034373,DE,Dorance Armstrong,Dorance,Armstrong,Neck,,Questionable,Neck,,Limited Participation in Practice,2019-10-18T11:36:59Z
2019,REG,DAL,7,00-0028002,WR,Randall Cobb,Randall,Cobb,Back,,Questionable,Back,,Limited Participation in Practice,2019-10-18T11:36:59Z
2019,REG,DAL,7,00-0031534,T,La'el Collins,La'el,Collins,Knee,,Questionable,Knee,,Limited Participation in Practice,2019-10-18T11:36:59Z
2019,REG,DAL,7,00-0031544,WR,Amari Cooper,Amari,Cooper,Ankle,Quadricep,Questionable,Ankle,Quadricep,Limited Participation in Practice,2019-10-18T11:36:59Z
2019,REG,DAL,7,00-0032239,CB,Byron Jones,Byron,Jones,Hamstring,,Questionable,Hamstring,,Limited Participation in Practice,2019-10-18T11:36:59Z
2019,REG,DAL,7,00-0031402,G,Zack Martin,Zack,Martin,Back,Ankle,Questionable,Back,Ankle,Limited Participation in Practice,2019-10-18T11:36:59Z
2019,REG,DAL,7,00-0027947,T,Tyron Smith,Tyron,Smith,Ankle,,Questionable,Ankle,,Limited Participation in Practice,2019-10-18T11:36:59Z
2019,REG,DEN,7,00-0034744,CB,Duke Dawson,Duke,Dawson,,,,Foot,,Full Participation in Practice,2019-10-16T11:28:08Z
2019,REG,DEN,7,00-0031270,DE,Shelby Harris,Shelby,Harris,,,,Ribs,,Full Participation in Practice,2019-10-16T11:27:52Z
2019,REG,DEN,7,00-0029010,G,Ronald Leary,Ronald,Leary,,,,Shoulder,,Full Participation in Practice,2019-10-16T11:27:52Z
2019,REG,DEN,7,00-0032958,S,Will Parks,Will,Parks,,,,Wrist,,Full Participation in Practice,2019-10-16T11:27:52Z
2019,REG,DEN,7,00-0029890,DT,Mike Purcell,Mike,Purcell,,,,Knee,,Full Participation in Practice,2019-10-16T11:27:52Z
2019,REG,DEN,7,00-0027685,WR,Emmanuel Sanders,Emmanuel,Sanders,,,,Knee,,Full Participation in Practice,2019-10-16T11:27:52Z
2019,REG,DEN,7,00-0029586,DE,Derek Wolfe,Derek,Wolfe,,,,Hip,,Full Participation in Practice,2019-10-16T11:28:02Z
2019,REG,DEN,7,00-0031904,CB,Bryce Callahan,Bryce,Callahan,Foot,,Out,Foot,,Did Not Participate In Practice,2019-10-16T11:28:22Z
2019,REG,DEN,7,00-0031417,T,Ja'Wuan James,Ja'Wuan,James,Knee,,Questionable,Knee,,Limited Participation in Practice,2019-10-16T11:28:09Z
2019,REG,DET,7,00-0032889,DT,A'Shawn Robinson,A'Shawn,Robinson,,,,Knee,,Full Participation in Practice,2019-10-18T11:58:29Z
2019,REG,DET,7,00-0026498,QB,Matthew Stafford,Matthew,Stafford,,,,Hip,,Full Participation in Practice,2019-10-18T11:58:29Z
2019,REG,DET,7,00-0031260,TE,Logan Thomas,Logan,Thomas,,,,Shoulder,,Full Participation in Practice,2019-10-18T11:58:29Z
2019,REG,DET,7,00-0029284,DT,Mike Daniels,Mike,Daniels,Foot,,Out,Foot,,Did Not Participate In Practice,2019-10-18T12:00:09Z
2019,REG,DET,7,00-0035270,CB,Amani Oruwariye,Amani,Oruwariye,Knee,,Out,Knee,,Did Not Participate In Practice,2019-10-18T12:00:13Z
2019,REG,DET,7,00-0034371,DE,Da'Shawn Hand,Da'Shawn,Hand,Elbow,,Questionable,Elbow,,Full Participation in Practice,2019-10-18T11:59:46Z
2019,REG,DET,7,00-0029893,T,Rick Wagner,Rick,Wagner,Knee,,Questionable,Knee,,Full Participation in Practice,2019-10-18T11:59:46Z
2019,REG,DET,7,00-0034433,RB,Nick Bawden,Nick,Bawden,Back,,Questionable,Back,,Limited Participation in Practice,2019-10-18T11:59:46Z
2019,REG,DET,7,00-0031608,S,Quandre Diggs,Quandre,Diggs,Hamstring,,Questionable,Hamstring,,Limited Participation in Practice,2019-10-18T11:59:46Z
2019,REG,DET,7,00-0030062,CB,Darius Slay,Darius,Slay,Hamstring,,Questionable,Hamstring,,Limited Participation in Practice,2019-10-18T11:59:46Z
2019,REG,GB,7,00-0027875,T,Bryan Bulaga,Bryan,Bulaga,,,,Not Injury Related,,Full Participation in Practice,2019-10-18T12:45:14Z
2019,REG,GB,7,00-0034754,LB,Oren Burks,Oren,Burks,,,,Chest,,Full Participation in Practice,2019-10-18T12:44:58Z
2019,REG,GB,7,00-0033293,RB,Aaron Jones,Aaron,Jones,,,,Shoulder,,Full Participation in Practice,2019-10-18T12:44:58Z
2019,REG,GB,7,00-0033524,CB,Kevin King,Kevin,King,,,,Knee,Groin,Full Participation in Practice,2019-10-18T12:45:40Z
2019,REG,GB,7,00-0033124,S,Will Redmond,Will,Redmond,,,,Shoulder,Ankle,Full Participation in Practice,2019-10-18T12:44:58Z
2019,REG,GB,7,00-0031576,LB,Za'Darius Smith,Za'Darius,Smith,,,,Knee,,Full Participation in Practice,2019-10-18T12:44:58Z
2019,REG,GB,7,00-0027696,TE,Jimmy Graham,Jimmy,Graham,,,,Ankle,,Limited Participation in Practice,2019-10-18T12:45:31Z
2019,REG,GB,7,00-0023459,QB,Aaron Rodgers,Aaron,Rodgers,,,,Knee,,Limited Participation in Practice,2019-10-18T12:44:58Z
2019,REG,GB,7,00-0024061,CB,Tramon Williams,Tramon,Williams,,,,Knee,,Limited Participation in Practice,2019-10-18T12:45:53Z
2019,REG,GB,7,00-0031381,WR,Davante Adams,Davante,Adams,Toe,,Out,Toe,,Did Not Participate In Practice,2019-10-18T12:46:27Z
2019,REG,GB,7,00-0034968,S,Darnell Savage,Darnell,Savage,Ankle,,Out,Ankle,,Did Not Participate In Practice,2019-10-18T12:47:36Z
2019,REG,GB,7,00-0032626,WR,Geronimo Allison,Geronimo,Allison,Concussion,Chest,Doubtful,Concussion,Chest,Did Not Participate In Practice,2019-10-18T12:46:42Z
2019,REG,GB,7,00-0033757,TE,Robert Tonyan,Robert,Tonyan,Hip,,Doubtful,Hip,,Did Not Participate In Practice,2019-10-18T12:47:06Z
2019,REG,GB,7,00-0034540,CB,Tony Brown,Tony,Brown,Hamstring,,Questionable,Hamstring,,Limited Participation in Practice,2019-10-18T12:46:20Z
2019,REG,GB,7,00-0033120,DT,Kenny Clark,Kenny,Clark,Calf,Back,Questionable,Calf,Back,Limited Participation in Practice,2019-10-18T12:46:20Z
2019,REG,GB,7,00-0034272,WR,Marquez Valdes-Scantling,Marquez,Valdes-Scantling,Ankle,Knee,Questionable,Ankle,Knee,Limited Participation in Practice,2019-10-18T12:46:20Z
2019,REG,HOU,7,00-0033547,LB,Zach Cunningham,Zach,Cunningham,,,,Knee,,Full Participation in Practice,2019-10-18T13:26:24Z
2019,REG,HOU,7,00-0033127,WR,Will Fuller,Will,Fuller,,,,Calf,Oblique,Full Participation in Practice,2019-10-18T13:26:24Z
2019,REG,HOU,7,00-0030564,WR,DeAndre Hopkins,DeAndre,Hopkins,,,,Ribs,,Full Participation in Practice,2019-10-18T13:26:24Z
2019,REG,HOU,7,00-0031045,RB,Carlos Hyde,Carlos,Hyde,,,,Calf,,Full Participation in Practice,2019-10-18T13:26:24Z
2019,REG,HOU,7,00-0028063,RB,Taiwan Jones,Taiwan,Jones,,,,Hip,,Full Participation in Practice,2019-10-18T13:26:24Z
2019,REG,HOU,7,00-0030085,WR,Kenny Stills,Kenny,Stills,,,,Hamstring,,Full Participation in Practice,2019-10-18T13:26:24Z
2019,REG,HOU,7,00-0035234,T,Tytus Howard,Tytus,Howard,Knee,,Out,Knee,,Did Not Participate In Practice,2019-10-18T13:26:41Z
2019,REG,HOU,7,00-0031923,C,Greg Mancz,Greg,Mancz,Concussion,,Out,Concussion,,Did Not Participate In Practice,2019-10-18T13:26:51Z
2019,REG,HOU,7,00-0028924,S,Tashaun Gipson,Tashaun,Gipson,Hip,Wrist,Questionable,Hip,Wrist,Limited Participation in Practice,2019-10-18T13:27:09Z
2019,REG,HOU,7,00-0024239,CB,Johnathan Joseph,Johnathan,Joseph,Hamstring,,Questionable,Hamstring,,Limited Participation in Practice,2019-10-18T13:27:23Z
2019,REG,HOU,7,00-0031372,CB,Bradley Roby,Bradley,Roby,Hamstring,,Questionable,Hamstring,,Limited Participation in Practice,2019-10-18T13:27:34Z
2019,REG,IND,7,00-0031254,DT,Denico Autry,Denico,Autry,,,,Not Injury Related,,Did Not Participate In Practice,2019-10-18T12:28:29Z
2019,REG,IND,7,00-0027960,T,Anthony Castonzo,Anthony,Castonzo,,,,Not Injury Related,,Did Not Participate In Practice,2019-10-18T12:28:43Z
2019,REG,IND,7,00-0031571,S,Clayton Geathers,Clayton,Geathers,,,,Not Injury Related,,Did Not Participate In Practice,2019-10-18T12:28:51Z
2019,REG,IND,7,00-0029608,WR,T.Y. Hilton,T.Y.,Hilton,,,,Not Injury Related,,Did Not Participate In Practice,2019-10-18T12:29:01Z
2019,REG,IND,7,00-0027975,DE,Jabaal Sheard,Jabaal,Sheard,,,,Not Injury Related,,Did Not Participate In Practice,2019-10-18T12:29:33Z
2019,REG,IND,7,00-0031387,TE,Eric Ebron,Eric,Ebron,,,,Illness,,Full Participation in Practice,2019-10-18T12:29:41Z
2019,REG,IND,7,00-0034431,LB,Zaire Franklin,Zaire,Franklin,,,,Hamstring,,Full Participation in Practice,2019-10-18T12:28:16Z
2019,REG,IND,7,00-0035639,WR,Parris Campbell,Parris,Campbell,Abdomen,,Out,Abdomen,,Did Not Participate In Practice,2019-10-18T12:30:53Z
2019,REG,IND,7,00-0034359,DT,Tyquan Lewis,Tyquan,Lewis,Ankle,,Out,Ankle,,Did Not Participate In Practice,2019-10-18T12:31:27Z
2019,REG,IND,7,00-0033393,CB,Kenny Moore,Kenny,Moore,Knee,,Out,Knee,,Did Not Participate In Practice,2019-10-18T12:31:33Z
2019,REG,IND,7,00-0033877,S,Malik Hooker,Malik,Hooker,Knee,,Doubtful,Knee,,Full Participation in Practice,2019-10-18T12:31:15Z
2019,REG,IND,7,00-0031331,CB,Pierre Desir,Pierre,Desir,Hamstring,,Questionable,Hamstring,,Did Not Participate In Practice,2019-10-18T12:30:43Z
2019,REG,IND,7,00-0028008,DE,Justin Houston,Justin,Houston,Calf,,Questionable,Calf,,Did Not Participate In Practice,2019-10-18T12:30:43Z
2019,REG,IND,7,00-0034342,G,Quenton Nelson,Quenton,Nelson,Hip,,Questionable,Hip,,Did Not Participate In Practice,2019-10-18T12:30:43Z
2019,REG,JAX,7,00-0026190,DE,Calais Campbell,Calais,Campbell,,,,Not Injury Related,,Full Participation in Practice,2019-10-18T10:21:42Z
2019,REG,JAX,7,00-0029764,S,Cody Davis,Cody,Davis,,,,Hamstring,,Full Participation in Practice,2019-10-18T10:21:26Z
2019,REG,JAX,7,00-0031369,C,Brandon Linder,Brandon,Linder,,,,Not Injury Related,,Full Participation in Practice,2019-10-18T10:21:19Z
2019,REG,JAX,7,00-0035249,TE,Josh Oliver,Josh,Oliver,,,,Hamstring,,Full Participation in Practice,2019-10-18T10:21:19Z
2019,REG,JAX,7,00-0031431,WR,Marqise Lee,Marqise,Lee,Ankle,,Out,Ankle,,Did Not Participate In Practice,2019-10-18T10:22:12Z
2019,REG,JAX,7,00-0032141,TE,Geoff Swaim,Geoff,Swaim,Concussion,Ankle,Out,Concussion,Ankle,Did Not Participate In Practice,2019-10-18T10:22:25Z
2019,REG,JAX,7,00-0033839,WR,Dede Westbrook,Dede,Westbrook,Shoulder,,Questionable,Shoulder,,Limited Participation in Practice,2019-10-18T10:22:02Z
2019,REG,KC,7,00-0031022,G,Laurent Duvernay-Tardif,Laurent,Duvernay-Tardif,,,,Ankle,,Full Participation in Practice,2019-10-16T10:41:11Z
2019,REG,KC,7,00-0032145,T,Cameron Erving,Cameron,Erving,,,,Groin,,Full Participation in Practice,2019-10-16T10:41:11Z
2019,REG,KC,7,00-0033040,WR,Tyreek Hill,Tyreek,Hill,,,,Shoulder,,Full Participation in Practice,2019-10-16T10:41:11Z
2019,REG,KC,7,00-0031348,LB,Anthony Hitchens,Anthony,Hitchens,,,,Groin,,Full Participation in Practice,2019-10-16T10:41:11Z
2019,REG,KC,7,00-0033873,QB,Patrick Mahomes,Patrick,Mahomes,,,,Ankle,,Full Participation in Practice,2019-10-16T10:41:11Z
2019,REG,KC,7,00-0034818,DT,Derrick Nnadi,Derrick,Nnadi,,,,Elbow,,Full Participation in Practice,2019-10-16T10:41:11Z
2019,REG,KC,7,00-0034781,LB,Dorian O'Daniel,Dorian,O'Daniel,,,,Hamstring,,Full Participation in Practice,2019-10-16T10:41:11Z
2019,REG,KC,7,00-0028074,RB,Anthony Sherman,Anthony,Sherman,,,,Shoulder,,Full Participation in Practice,2019-10-16T10:41:11Z
2019,REG,KC,7,00-0030584,T,Eric Fisher,Eric,Fisher,Groin,,Out,Groin,,Did Not Participate In Practice,2019-10-16T10:41:47Z
2019,REG,KC,7,00-0033084,CB,Kendall Fuller,Kendall,Fuller,Thumb,,Out,Thumb,,Did Not Participate In Practice,2019-10-16T10:41:56Z
2019,REG,KC,7,00-0032762,DT,Chris Jones,Chris,Jones,Groin,,Out,Groin,,Did Not Participate In Practice,2019-10-16T10:42:07Z
2019,REG,KC,7,00-0033831,G,Andrew Wylie,Andrew,Wylie,Ankle,,Out,Ankle,,Did Not Participate In Practice,2019-10-16T10:42:27Z
2019,REG,KC,7,00-0031325,WR,Sammy Watkins,Sammy,Watkins,Hamstring,,Out,Hamstring,,Limited Participation in Practice,2019-10-16T10:42:19Z
2019,REG,KC,7,00-0031052,CB,Bashaud Breeland,Bashaud,Breeland,Not Injury Related,,Questionable,Not Injury Related,,Full Participation in Practice,2019-10-16T10:41:35Z
2019,REG,LA,7,00-0025424,S,Eric Weddle,Eric,Weddle,,,,Not Injury Related,,Did Not Participate In Practice,2019-10-18T12:42:30Z
2019,REG,LA,7,00-0032241,RB,Todd Gurley,Todd,Gurley,,,,Quadricep,,Full Participation in Practice,2019-10-18T12:42:08Z
2019,REG,LA,7,00-0033055,CB,Jalen Ramsey,Jalen,Ramsey,,,,Back,,Full Participation in Practice,2019-10-18T12:42:00Z
2019,REG,LA,7,00-0027002,LB,Clay Matthews,Clay,Matthews,Jaw,,Out,Jaw,,Did Not Participate In Practice,2019-10-18T12:42:51Z
2019,REG,LA,7,00-0031806,RB,Malcolm Brown,Malcolm,Brown,Ankle,,Doubtful,Ankle,,Did Not Participate In Practice,2019-10-18T12:42:45Z
2019,REG,LA,7,00-0032248,LB,Bryce Hager,Bryce,Hager,Shoulder,,Questionable,,,"
    ",2019-10-19T09:54:54Z
2019,REG,LAC,7,00-0029269,WR,Travis Benjamin,Travis,Benjamin,,,,Quadricep,,Did Not Participate In Practice,2019-10-17T14:25:29Z
2019,REG,LAC,7,00-0023448,LB,Thomas Davis,Thomas,Davis,,,,Not Injury Related,,Full Participation in Practice,2019-10-18T11:31:19Z
2019,REG,LAC,7,00-0033705,WR,Andre Patton,Andre,Patton,,,,Quadricep,,Full Participation in Practice,2019-10-18T11:30:58Z
2019,REG,LAC,7,00-0032103,LB,Denzel Perryman,Denzel,Perryman,,,,Ankle,,Full Participation in Practice,2019-10-18T11:30:58Z
2019,REG,LAC,7,00-0034571,T,Trenton Scott,Trenton,Scott,,,,Ankle,,Full Participation in Practice,2019-10-18T11:31:10Z
2019,REG,LAC,7,00-0035677,S,Nasir Adderley,Nasir,Adderley,Hamstring,,Out,Hamstring,,Did Not Participate In Practice,2019-10-18T11:31:30Z
2019,REG,LAC,7,00-0034440,RB,Justin Jackson,Justin,Jackson,Calf,,Out,Calf,,Did Not Participate In Practice,2019-10-18T11:32:13Z
2019,REG,LAC,7,00-0034677,DT,Justin Jones,Justin,Jones,Shoulder,,Out,Shoulder,,Did Not Participate In Practice,2019-10-18T11:32:22Z
2019,REG,LAC,7,00-0025472,DT,Brandon Mebane,Brandon,Mebane,Knee,,Out,Knee,,Did Not Participate In Practice,2019-10-18T11:32:28Z
2019,REG,LAC,7,00-0029249,DE,Melvin Ingram,Melvin,Ingram,Hamstring,,Doubtful,Hamstring,,Did Not Participate In Practice,2019-10-18T11:32:03Z
2019,REG,LAC,7,00-0034084,K,Michael Badgley,Michael,Badgley,right Groin,,Questionable,right Groin,,Full Participation in Practice,2019-10-18T11:31:24Z
2019,REG,MIA,7,00-0033880,DE,Charles Harris,Charles,Harris,,,,Wrist,,Full Participation in Practice,2019-10-18T11:16:20Z
2019,REG,MIA,7,00-0034343,QB,Josh Rosen,Josh,Rosen,,,,Groin,,Full Participation in Practice,2019-10-18T11:16:20Z
2019,REG,MIA,7,00-0031893,T,Jesse Davis,Jesse,Davis,,,,Elbow,,Limited Participation in Practice,2019-10-18T11:16:20Z
2019,REG,MIA,7,00-0034588,LB,Trent Harris,Trent,Harris,,,,Foot,,Limited Participation in Practice,2019-10-18T11:16:20Z
2019,REG,MIA,7,00-0034145,CB,Chris Lammons,Chris,Lammons,,,,Ankle,Toe,Limited Participation in Practice,2019-10-18T11:16:20Z
2019,REG,MIA,7,00-0031587,S,Bobby McCain,Bobby,McCain,,,,Hamstring,Shoulder,Limited Participation in Practice,2019-10-18T11:16:20Z
2019,REG,MIA,7,00-0034679,RB,Mark Walton,Mark,Walton,,,,Thumb,,Limited Participation in Practice,2019-10-18T11:16:20Z
2019,REG,MIA,7,00-0030669,WR,Albert Wilson,Albert,Wilson,,,,Calf,Hip,Limited Participation in Practice,2019-10-18T11:16:20Z
2019,REG,MIA,7,00-0027762,S,Reshad Jones,Reshad,Jones,Chest,,Out,Chest,,Did Not Participate In Practice,2019-10-18T11:16:42Z
2019,REG,MIA,7,00-0028101,C,Daniel Kilgore,Daniel,Kilgore,Knee,,Out,Knee,,Did Not Participate In Practice,2019-10-18T11:16:51Z
2019,REG,MIA,7,00-0033574,DE,Avery Moss,Avery,Moss,Ankle,,Out,Ankle,,Did Not Participate In Practice,2019-10-18T11:17:10Z
2019,REG,MIA,7,00-0032791,WR,Jakeem Grant,Jakeem,Grant,Hamstring,,Questionable,Hamstring,,Limited Participation in Practice,2019-10-18T11:16:24Z
2019,REG,MIA,7,00-0033050,CB,Xavien Howard,Xavien,Howard,Knee,,Questionable,Knee,,Limited Participation in Practice,2019-10-18T11:16:24Z
2019,REG,MIN,7,00-0031799,S,Anthony Harris,Anthony,Harris,,,,Quadricep,,Full Participation in Practice,2019-10-18T11:06:06Z
2019,REG,MIN,7,00-0031554,LB,Eric Kendricks,Eric,Kendricks,,,,Hip,,Full Participation in Practice,2019-10-18T11:06:06Z
2019,REG,MIN,7,00-0029992,G,Josh Kline,Josh,Kline,,,,Foot,,Full Participation in Practice,2019-10-18T11:06:30Z
2019,REG,MIN,7,00-0029672,T,Riley Reiff,Riley,Reiff,,,,Ankle,,Full Participation in Practice,2019-10-18T11:06:15Z
2019,REG,MIN,7,00-0030575,CB,Xavier Rhodes,Xavier,Rhodes,,,,Hip,,Full Participation in Practice,2019-10-18T11:06:06Z
2019,REG,MIN,7,00-0031242,DT,Shamar Stephen,Shamar,Stephen,,,,Knee,,Full Participation in Practice,2019-10-18T11:06:06Z
2019,REG,MIN,7,00-0033944,LB,Ben Gedeon,Ben,Gedeon,Concussion,,Out,Concussion,,Did Not Participate In Practice,2019-10-18T11:06:48Z
2019,REG,MIN,7,00-0032422,LB,Kentrell Brothers,Kentrell,Brothers,Hamstring,,Questionable,Hamstring,,Limited Participation in Practice,2019-10-18T11:06:40Z
2019,REG,NE,7,00-0029664,WR,Josh Gordon,Josh,Gordon,Knee,Ankle,Out,Knee,Ankle,Did Not Participate In Practice,2019-10-19T12:53:11Z
2019,REG,NE,7,00-0034439,TE,Ryan Izzo,Ryan,Izzo,Concussion,,Out,Concussion,,Did Not Participate In Practice,2019-10-19T12:53:19Z
2019,REG,NE,7,00-0031744,TE,Matt LaCosse,Matt,LaCosse,Knee,,Out,Knee,,Did Not Participate In Practice,2019-10-19T12:53:28Z
2019,REG,NE,7,00-0030288,RB,Rex Burkhead,Rex,Burkhead,Foot,,Questionable,Foot,,Limited Participation in Practice,2019-10-19T12:52:57Z
2019,REG,NE,7,00-0027010,S,Patrick Chung,Patrick,Chung,Heel,Chest,Questionable,Heel,Chest,Limited Participation in Practice,2019-10-19T12:52:57Z
2019,REG,NE,7,00-0032208,WR,Phillip Dorsett,Phillip,Dorsett,Hamstring,,Questionable,Hamstring,,Limited Participation in Practice,2019-10-19T12:52:57Z
2019,REG,NE,7,00-0027150,WR,Julian Edelman,Julian,Edelman,Chest,,Questionable,Chest,,Limited Participation in Practice,2019-10-19T12:52:57Z
2019,REG,NE,7,00-0035645,WR,Gunner Olszewski,Gunner,Olszewski,Hamstring,,Questionable,Hamstring,,Limited Participation in Practice,2019-10-19T12:52:57Z
2019,REG,NO,7,00-0020531,QB,Drew Brees,Drew,Brees,right Thumb,,Out,right Thumb,,Did Not Participate In Practice,2019-10-18T12:43:45Z
2019,REG,NO,7,00-0027061,TE,Jared Cook,Jared,Cook,Ankle,,Out,Ankle,,Did Not Participate In Practice,2019-10-18T12:43:51Z
2019,REG,NO,7,00-0033906,RB,Alvin Kamara,Alvin,Kamara,Ankle,Knee,Out,Ankle,Knee,Did Not Participate In Practice,2019-10-18T12:44:03Z
2019,REG,NO,7,00-0034765,WR,Tre'Quan Smith,Tre'Quan,Smith,Ankle,,Out,Ankle,,Did Not Participate In Practice,2019-10-18T12:44:08Z
2019,REG,NO,7,00-0033935,DE,Trey Hendrickson,Trey,Hendrickson,Neck,,Out,Neck,,Limited Participation in Practice,2019-10-18T12:43:57Z
2019,REG,NYG,7,00-0034844,RB,Saquon Barkley,Saquon,Barkley,,,,Ankle,,Full Participation in Practice,2019-10-18T12:11:42Z
2019,REG,NYG,7,00-0033881,TE,Evan Engram,Evan,Engram,,,,Knee,,Full Participation in Practice,2019-10-18T12:11:42Z
2019,REG,NYG,7,00-0033950,RB,Wayne Gallman,Wayne,Gallman,,,,Concussion,,Full Participation in Practice,2019-10-18T12:11:42Z
2019,REG,NYG,7,00-0031914,DE,Olsen Pierre,Olsen,Pierre,,,,Concussion,,Full Participation in Practice,2019-10-18T12:11:42Z
2019,REG,NYG,7,00-0035633,CB,Corey Ballentine,Corey,Ballentine,Concussion,,Out,Concussion,,Did Not Participate In Practice,2019-10-18T12:11:59Z
2019,REG,NYG,7,00-0032385,WR,Sterling Shepard,Sterling,Shepard,Concussion,,Out,Concussion,,Limited Participation in Practice,2019-10-18T12:12:19Z
2019,REG,NYJ,7,00-0030170,S,Rontez Miles,Rontez,Miles,,,,Not Injury Related,,Did Not Participate In Practice,2019-10-19T13:36:41Z
2019,REG,NYJ,7,00-0033917,LB,Tarell Basham,Tarell,Basham,,,,Heel,,Full Participation in Practice,2019-10-19T13:36:41Z
2019,REG,NYJ,7,00-0029319,WR,Josh Bellamy,Josh,Bellamy,,,,Shoulder,,Full Participation in Practice,2019-10-19T13:36:41Z
2019,REG,NYJ,7,00-0035276,LB,Blake Cashman,Blake,Cashman,,,,Ankle,,Full Participation in Practice,2019-10-19T13:36:41Z
2019,REG,NYJ,7,00-0030010,LB,Brandon Copeland,Brandon,Copeland,,,,Thumb,,Full Participation in Practice,2019-10-19T13:36:41Z
2019,REG,NYJ,7,00-0032793,S,Blake Countess,Blake,Countess,,,,Hamstring,,Full Participation in Practice,2019-10-19T13:36:41Z
2019,REG,NYJ,7,00-0030108,TE,Ryan Griffin,Ryan,Griffin,,,,Ankle,,Full Participation in Practice,2019-10-19T13:36:41Z
2019,REG,NYJ,7,00-0032970,LB,Jordan Jenkins,Jordan,Jenkins,,,,Ankle,,Full Participation in Practice,2019-10-19T13:36:41Z
2019,REG,NYJ,7,00-0029690,CB,Trumaine Johnson,Trumaine,Johnson,,,,Thigh,,Full Participation in Practice,2019-10-19T13:36:41Z
2019,REG,NYJ,7,00-0035718,DT,Quinnen Williams,Quinnen,Williams,,,,Ankle,,Full Participation in Practice,2019-10-19T13:36:41Z
2019,REG,NYJ,7,00-0027560,LB,Albert McClellan,Albert,McClellan,Concussion,,Out,Concussion,,Did Not Participate In Practice,2019-10-19T13:39:02Z
2019,REG,NYJ,7,00-0032269,DE,Henry Anderson,Henry,Anderson,Shoulder,,Doubtful,Shoulder,,Did Not Participate In Practice,2019-10-19T13:37:59Z
2019,REG,NYJ,7,00-0029316,T,Kelvin Beachum,Kelvin,Beachum,Ankle,,Doubtful,Ankle,,Did Not Participate In Practice,2019-10-19T13:38:12Z
2019,REG,NYJ,7,00-0034164,RB,Trenton Cannon,Trenton,Cannon,Foot,Ankle,Doubtful,Foot,Ankle,Did Not Participate In Practice,2019-10-19T13:38:25Z
2019,REG,NYJ,7,00-0034766,TE,Christopher Herndon,Christopher,Herndon,Hamstring,,Doubtful,Hamstring,,Did Not Participate In Practice,2019-10-19T13:38:47Z
2019,REG,NYJ,7,00-0031740,LB,Neville Hewitt,Neville,Hewitt,Neck,Knee,Doubtful,Neck,Knee,Did Not Participate In Practice,2019-10-19T13:38:54Z
2019,REG,NYJ,7,00-0029259,G,Kelechi Osemele,Kelechi,Osemele,Shoulder,,Doubtful,Shoulder,,Did Not Participate In Practice,2019-10-19T13:39:14Z
2019,REG,NYJ,7,00-0025446,C,Ryan Kalil,Ryan,Kalil,Shoulder,,Questionable,Shoulder,,Did Not Participate In Practice,2019-10-19T13:37:54Z
2019,REG,NYJ,7,00-0033568,CB,Nate Hairston,Nate,Hairston,Knee,,Questionable,Knee,,Limited Participation in Practice,2019-10-19T13:38:40Z
2019,REG,NYJ,7,00-0032407,G,Alex Lewis,Alex,Lewis,Neck,,Questionable,Neck,,Limited Participation in Practice,2019-10-19T13:37:54Z
2019,REG,NYJ,7,00-0026564,DT,Steve McLendon,Steve,McLendon,Hamstring,,Questionable,Hamstring,,Limited Participation in Practice,2019-10-19T13:37:54Z
2019,REG,NYJ,7,00-0031296,LB,C.J. Mosley,C.J.,Mosley,Groin,,Questionable,Groin,,Limited Participation in Practice,2019-10-19T13:37:54Z
2019,REG,NYJ,7,00-0031628,CB,Darryl Roberts,Darryl,Roberts,Ankle,,Questionable,Ankle,,Limited Participation in Practice,2019-10-19T13:37:54Z
2019,REG,NYJ,7,00-0027874,WR,Demaryius Thomas,Demaryius,Thomas,Hamstring,,Questionable,Hamstring,,Limited Participation in Practice,2019-10-19T13:37:54Z
2019,REG,NYJ,7,00-0030066,G,Brian Winters,Brian,Winters,Shoulder,Knee,Questionable,Shoulder,Knee,Limited Participation in Practice,2019-10-19T13:37:54Z
2019,REG,OAK,7,00-0035692,DE,Clelin Ferrell,Clelin,Ferrell,,,,Concussion,,Full Participation in Practice,2019-10-18T12:13:28Z
2019,REG,OAK,7,00-0031632,G,Denzelle Good,Denzelle,Good,,,,Not Injury Related,,Full Participation in Practice,2019-10-18T12:13:28Z
2019,REG,OAK,7,00-0035700,RB,Josh Jacobs,Josh,Jacobs,,,,Elbow,,Full Participation in Practice,2019-10-18T12:13:28Z
2019,REG,OAK,7,00-0031389,S,Lamarcus Joyner,Lamarcus,Joyner,,,,Groin,,Full Participation in Practice,2019-10-18T12:13:50Z
2019,REG,OAK,7,00-0033445,LB,Nicholas Morrow,Nicholas,Morrow,,,,Ankle,,Full Participation in Practice,2019-10-18T12:13:28Z
2019,REG,OAK,7,00-0031610,TE,Darren Waller,Darren,Waller,,,,Foot,,Full Participation in Practice,2019-10-18T12:14:04Z
2019,REG,OAK,7,00-0034825,DE,Arden Key,Arden,Key,Knee,,Out,Knee,,Did Not Participate In Practice,2019-10-18T12:14:35Z
2019,REG,OAK,7,00-0032160,WR,Tyrell Williams,Tyrell,Williams,Foot,,Out,Foot,,Did Not Participate In Practice,2019-10-18T12:14:49Z
2019,REG,OAK,7,00-0032071,T,Trenton Brown,Trenton,Brown,Calf,,Doubtful,Calf,,Limited Participation in Practice,2019-10-18T12:14:15Z
2019,REG,OAK,7,00-0028114,WR,Dwayne Harris,Dwayne,Harris,Ankle,,Questionable,Ankle,,Limited Participation in Practice,2019-10-18T12:14:09Z
2019,REG,OAK,7,00-0031367,G,Gabe Jackson,Gabe,Jackson,Knee,,Questionable,Knee,,Limited Participation in Practice,2019-10-18T12:14:09Z
2019,REG,PHI,7,00-0029653,DT,Fletcher Cox,Fletcher,Cox,,,,Illness,,Full Participation in Practice,2019-10-18T11:11:16Z
2019,REG,PHI,7,00-0029272,LB,Nigel Bradham,Nigel,Bradham,Ankle,,Out,Ankle,,Did Not Participate In Practice,2019-10-18T11:17:19Z
2019,REG,PHI,7,00-0026189,WR,DeSean Jackson,DeSean,Jackson,Abdomen,,Out,Abdomen,,Did Not Participate In Practice,2019-10-18T11:17:36Z
2019,REG,PHI,7,00-0031170,DT,Timmy Jernigan,Timmy,Jernigan,Foot,,Out,Foot,,Did Not Participate In Practice,2019-10-18T11:17:52Z
2019,REG,PHI,7,00-0034377,CB,Avonte Maddox,Avonte,Maddox,Concussion,Neck,Out,Concussion,Neck,Did Not Participate In Practice,2019-10-18T11:18:33Z
2019,REG,PHI,7,00-0022531,T,Jason Peters,Jason,Peters,Knee,,Out,Knee,,Did Not Participate In Practice,2019-10-18T11:18:52Z
2019,REG,PHI,7,00-0023564,RB,Darren Sproles,Darren,Sproles,Quadricep,,Out,Quadricep,,Did Not Participate In Practice,2019-10-18T11:19:01Z
2019,REG,PHI,7,00-0032195,CB,Ronald Darby,Ronald,Darby,Hamstring,,Questionable,Hamstring,,Limited Participation in Practice,2019-10-18T11:17:10Z
2019,REG,SEA,7,00-0033594,RB,Chris Carson,Chris,Carson,,,,Not Injury Related,,Full Participation in Practice,2019-10-18T15:16:13Z
2019,REG,SEA,7,00-0032211,WR,Tyler Lockett,Tyler,Lockett,,,,Not Injury Related,,Full Participation in Practice,2019-10-18T15:15:56Z
2019,REG,SEA,7,00-0028037,LB,K.J. Wright,K.J.,Wright,,,,Knee,,Full Participation in Practice,2019-10-18T15:16:42Z
2019,REG,SEA,7,00-0034159,TE,Will Dissly,Will,Dissly,Achilles,,Out,Achilles,,Did Not Participate In Practice,2019-10-18T13:01:37Z
2019,REG,SEA,7,00-0033931,S,Delano Hill,Delano,Hill,Elbow,,Doubtful,Elbow,,Did Not Participate In Practice,2019-10-18T13:02:02Z
2019,REG,SEA,7,00-0026166,T,Duane Brown,Duane,Brown,Biceps,,Questionable,Biceps,,Did Not Participate In Practice,2019-10-18T13:02:15Z
2019,REG,SEA,7,00-0030161,S,Bradley McDougald,Bradley,McDougald,Back,,Questionable,Back,,Did Not Participate In Practice,2019-10-18T13:02:26Z
2019,REG,SEA,7,00-0030059,DE,Ezekiel Ansah,Ezekiel,Ansah,Ankle,,Questionable,Ankle,,Limited Participation in Practice,2019-10-18T13:02:43Z
2019,REG,SEA,7,00-0030505,G,D.J. Fluker,D.J.,Fluker,Hamstring,,Questionable,Hamstring,,Limited Participation in Practice,2019-10-18T13:03:01Z
2019,REG,SEA,7,00-0032416,DT,Quinton Jefferson,Quinton,Jefferson,Oblique,,Questionable,Oblique,,Limited Participation in Practice,2019-10-18T13:03:24Z
2019,REG,SF,7,00-0032378,DT,DeForest Buckner,DeForest,Buckner,,,,Not Injury Related,,Did Not Participate In Practice,2019-10-16T15:05:52Z
2019,REG,SF,7,00-0031297,DE,Dee Ford,Dee,Ford,,,,Quadricep,,Limited Participation in Practice,2019-10-18T13:19:42Z
2019,REG,SF,7,00-0033288,TE,George Kittle,George,Kittle,,,,Groin,,Limited Participation in Practice,2019-10-18T13:19:42Z
2019,REG,SF,7,00-0031253,CB,K'Waun Williams,K'Waun,Williams,,,,Hand,,Limited Participation in Practice,2019-10-18T13:19:42Z
2019,REG,SF,7,00-0033297,DT,D.J. Jones,D.J.,Jones,Hamstring,,Out,Hamstring,,Did Not Participate In Practice,2019-10-18T13:20:58Z
2019,REG,SF,7,00-0029892,RB,Kyle Juszczyk,Kyle,Juszczyk,Knee,,Out,Knee,,Did Not Participate In Practice,2019-10-18T13:21:11Z
2019,REG,SF,7,00-0034847,T,Mike McGlinchey,Mike,McGlinchey,Knee,,Out,Knee,,Did Not Participate In Practice,2019-10-18T13:21:18Z
2019,REG,SF,7,00-0035719,WR,Deebo Samuel,Deebo,Samuel,Groin,,Out,Groin,,Did Not Participate In Practice,2019-10-18T13:21:36Z
2019,REG,SF,7,00-0025415,T,Joe Staley,Joe,Staley,Fibula,,Out,Fibula,,Did Not Participate In Practice,2019-10-18T13:22:00Z
2019,REG,SF,7,00-0033783,CB,Ahkello Witherspoon,Ahkello,Witherspoon,Foot,,Out,Foot,,Did Not Participate In Practice,2019-10-18T13:21:48Z
2019,REG,SF,7,00-0031687,RB,Raheem Mostert,Raheem,Mostert,Knee,,Questionable,Knee,,Limited Participation in Practice,2019-10-18T13:20:25Z
2019,REG,TEN,7,00-0029794,LB,Daren Bates,Daren,Bates,,,,Ankle,,Full Participation in Practice,2019-10-18T11:57:26Z
2019,REG,TEN,7,00-0028015,DT,Jurrell Casey,Jurrell,Casey,,,,Shoulder,,Full Participation in Practice,2019-10-18T11:57:39Z
2019,REG,TEN,7,00-0033057,T,Jack Conklin,Jack,Conklin,,,,Ankle,,Full Participation in Practice,2019-10-18T11:57:18Z
2019,REG,TEN,7,00-0030060,S,Kenny Vaccaro,Kenny,Vaccaro,,,,Quadricep,,Full Participation in Practice,2019-10-18T11:57:18Z
2019,REG,TEN,7,00-0027648,G,Rodger Saffold,Rodger,Saffold,,,,Back,,Limited Participation in Practice,2019-10-18T11:58:24Z
2019,REG,TEN,7,00-0034659,LB,Sharif Finch,Sharif,Finch,Shoulder,,Out,Shoulder,,Did Not Participate In Practice,2019-10-18T11:59:16Z
2019,REG,TEN,7,00-0032353,CB,Chris Milton,Chris,Milton,Calf,,Out,Calf,,Did Not Participate In Practice,2019-10-18T11:59:27Z
2019,REG,TEN,7,00-0033954,LB,Jayon Brown,Jayon,Brown,Groin,,Doubtful,Groin,,Limited Participation in Practice,2019-10-18T11:59:52Z
2019,REG,TEN,7,00-0024389,TE,Delanie Walker,Delanie,Walker,Ankle,,Questionable,Ankle,,Did Not Participate In Practice,2019-10-18T11:59:04Z
2019,REG,TEN,7,00-0032633,DE,Reggie Gilbert,Reggie,Gilbert,Knee,,Questionable,Knee,,Limited Participation in Practice,2019-10-18T11:59:04Z
2019,REG,TEN,7,00-0023368,LB,Cameron Wake,Cameron,Wake,Hamstring,,Questionable,Hamstring,,Limited Participation in Practice,2019-10-18T11:59:04Z
2019,REG,WAS,7,00-0028986,QB,Case Keenum,Case,Keenum,,,,right Shoulder,Foot,Full Participation in Practice,2019-10-18T11:48:05Z
2019,REG,WAS,7,00-0025394,RB,Adrian Peterson,Adrian,Peterson,,,,Quadricep,,Full Participation in Practice,2019-10-18T11:48:05Z
2019,REG,WAS,7,00-0023894,T,Donald Penn,Donald,Penn,,,,Not Injury Related,,Limited Participation in Practice,2019-10-16T12:36:07Z
2019,REG,WAS,7,00-0031844,S,Deshazor Everett,Deshazor,Everett,Ankle,,Out,Ankle,,Did Not Participate In Practice,2019-10-18T11:48:51Z
2019,REG,WAS,7,00-0033532,LB,Josh Harvey-Clemons,Josh,Harvey-Clemons,Hamstring,,Out,Hamstring,,Did Not Participate In Practice,2019-10-18T11:48:56Z
2019,REG,WAS,7,00-0035263,G,Wes Martin,Wes,Martin,Chest,,Out,Chest,,Did Not Participate In Practice,2019-10-18T11:49:18Z
2019,REG,WAS,7,00-0030404,RB,Chris Thompson,Chris,Thompson,Toe,,Out,Toe,,Did Not Participate In Practice,2019-10-18T11:49:35Z
2019,REG,WAS,7,00-0024221,TE,Vernon Davis,Vernon,Davis,Concussion,,Out,Concussion,,Limited Participation in Practice,2019-10-18T11:49:42Z
2019,REG,WAS,7,00-0029285,CB,Josh Norman,Josh,Norman,Thigh,Hand,Questionable,Thigh,Hand,Did Not Participate In Practice,2019-10-18T11:49:25Z
2019,REG,ARI,8,00-0022161,LB,Terrell Suggs,Terrell,Suggs,,,,Not Injury Related,,Did Not Participate In Practice,2019-10-25T13:32:35Z
2019,REG,ARI,8,00-0022921,WR,Larry Fitzgerald,Larry,Fitzgerald,,,,Not Injury Related,,Full Participation in Practice,2019-10-25T13:32:15Z
2019,REG,ARI,8,00-0031105,DE,Zach Kerr,Zach,Kerr,,,,Ankle,,Full Participation in Practice,2019-10-25T13:32:15Z
2019,REG,ARI,8,00-0027686,DT,Corey Peters,Corey,Peters,,,,Not Injury Related,,Full Participation in Practice,2019-10-25T13:32:15Z
2019,REG,ARI,8,00-0032560,S,Charles Washington,Charles,Washington,,,,Shoulder,,Full Participation in Practice,2019-10-25T13:32:15Z
2019,REG,ARI,8,00-0031558,TE,Maxx Williams,Maxx,Williams,,,,Ankle,,Full Participation in Practice,2019-10-25T13:32:15Z
2019,REG,ARI,8,00-0035248,DE,Zach Allen,Zach,Allen,Neck,,Out,Neck,,Did Not Participate In Practice,2019-10-25T13:33:10Z
2019,REG,ARI,8,00-0032577,RB,D.J. Foster,D.J.,Foster,Hamstring,,Out,Hamstring,,Did Not Participate In Practice,2019-10-25T13:33:17Z
2019,REG,ARI,8,00-0032187,RB,David Johnson,David,Johnson,Ankle,,Questionable,Ankle,,Did Not Participate In Practice,2019-10-25T13:32:51Z
2019,REG,ARI,8,00-0034473,LB,Dennis Gardeck,Dennis,Gardeck,Ankle,,Questionable,Ankle,,Limited Participation in Practice,2019-10-25T13:32:51Z
2019,REG,ARI,8,00-0032129,LB,Jordan Hicks,Jordan,Hicks,Calf,,Questionable,Calf,,Limited Participation in Practice,2019-10-25T13:32:51Z
2019,REG,ARI,8,00-0034775,WR,Christian Kirk,Christian,Kirk,Ankle,,Questionable,Ankle,,Limited Participation in Practice,2019-10-25T13:32:51Z
2019,REG,ARI,8,00-0033875,LB,Haason Reddick,Haason,Reddick,Knee,,Questionable,Knee,,Limited Participation in Practice,2019-10-25T13:32:51Z
2019,REG,ARI,8,00-0034490,LB,Ezekiel Turner,Ezekiel,Turner,Hamstring,,Questionable,Hamstring,,Limited Participation in Practice,2019-10-25T13:32:51Z
2019,REG,ATL,8,00-0027963,G,James Carpenter,James,Carpenter,Knee,,Out,Knee,,Did Not Participate In Practice,2019-10-25T11:36:56Z
2019,REG,ATL,8,00-0034378,RB,Ito Smith,Ito,Smith,Concussion,Neck,Out,Concussion,Neck,Did Not Participate In Practice,2019-10-25T11:37:02Z
2019,REG,ATL,8,00-0030562,CB,Desmond Trufant,Desmond,Trufant,Toe,,Out,Toe,,Did Not Participate In Practice,2019-10-25T11:37:08Z
2019,REG,ATL,8,00-0031583,DT,Grady Jarrett,Grady,Jarrett,Abdomen,,Questionable,Abdomen,,Limited Participation in Practice,2019-10-25T11:36:37Z
2019,REG,ATL,8,00-0026143,QB,Matt Ryan,Matt,Ryan,Ankle,,Questionable,Ankle,,Limited Participation in Practice,2019-10-25T11:36:37Z
2019,REG,BUF,8,00-0029000,WR,Cole Beasley,Cole,Beasley,,,,Rest,,Did Not Participate In Practice,2019-10-25T10:43:39Z
2019,REG,BUF,8,00-0023259,LB,Lorenzo Alexander,Lorenzo,Alexander,,,,Rest,,Full Participation in Practice,2019-10-25T10:43:23Z
2019,REG,BUF,8,00-0031051,WR,John Brown,John,Brown,,,,Rest,,Full Participation in Practice,2019-10-25T10:43:23Z
2019,REG,BUF,8,00-0028581,RB,Patrick DiMarco,Patrick,DiMarco,,,,Ankle,,Full Participation in Practice,2019-10-25T10:43:23Z
2019,REG,BUF,8,00-0023500,RB,Frank Gore,Frank,Gore,,,,Rest,,Full Participation in Practice,2019-10-25T10:44:00Z
2019,REG,BUF,8,00-0027881,DE,Jerry Hughes,Jerry,Hughes,,,,Rest,,Full Participation in Practice,2019-10-25T10:44:06Z
2019,REG,BUF,8,00-0030455,DT,Star Lotulelei,Star,Lotulelei,,,,Rest,,Full Participation in Practice,2019-10-25T10:44:13Z
2019,REG,BUF,8,00-0029709,T,Ty Nsekhe,Ty,Nsekhe,,,,Rest,,Full Participation in Practice,2019-10-25T10:43:23Z
2019,REG,BUF,8,00-0032043,G,Quinton Spain,Quinton,Spain,,,,Foot,,Full Participation in Practice,2019-10-25T10:43:23Z
2019,REG,BUF,8,00-0027835,S,Kurt Coleman,Kurt,Coleman,Hamstring,,Questionable,Hamstring,,Limited Participation in Practice,2019-10-25T10:44:38Z
2019,REG,BUF,8,00-0031548,CB,Kevin Johnson,Kevin,Johnson,Neck,,Questionable,Neck,,Limited Participation in Practice,2019-10-25T10:44:38Z
2019,REG,BUF,8,00-0033571,LB,Matt Milano,Matt,Milano,Hamstring,,Questionable,Hamstring,,Limited Participation in Practice,2019-10-25T10:44:38Z
2019,REG,BUF,8,00-0034539,LB,Corey Thompson,Corey,Thompson,Ankle,,Questionable,Ankle,,Limited Participation in Practice,2019-10-25T10:44:38Z
2019,REG,BUF,8,00-0032945,WR,Duke Williams,Duke,Williams,Shoulder,,Questionable,Shoulder,,Limited Participation in Practice,2019-10-25T10:44:38Z
2019,REG,CAR,8,00-0028339,LB,Mario Addison,Mario,Addison,,,,Knee,,Full Participation in Practice,2019-10-25T11:14:20Z
2019,REG,CAR,8,00-0035713,LB,Brian Burns,Brian,Burns,,,,Wrist,,Full Participation in Practice,2019-10-25T11:14:25Z
2019,REG,CAR,8,00-0035300,G,Dennis Daley,Dennis,Daley,,,,Groin,,Full Participation in Practice,2019-10-25T11:14:30Z
2019,REG,CAR,8,00-0034356,CB,Donte Jackson,Donte,Jackson,,,,Groin,,Full Participation in Practice,2019-10-25T11:14:20Z
2019,REG,CAR,8,00-0030869,C,Tyler Larsen,Tyler,Larsen,,,,Back,,Full Participation in Practice,2019-10-25T11:14:20Z
2019,REG,CAR,8,00-0027856,DT,Gerald McCoy,Gerald,McCoy,,,,Knee,,Full Participation in Practice,2019-10-25T11:14:36Z
2019,REG,CAR,8,00-0025418,TE,Greg Olsen,Greg,Olsen,,,,Finger,,Full Participation in Practice,2019-10-25T11:14:20Z
2019,REG,CAR,8,00-0030548,S,Eric Reid,Eric,Reid,,,,Ankle,,Full Participation in Practice,2019-10-25T11:14:20Z
2019,REG,CAR,8,00-0031550,LB,Shaq Thompson,Shaq,Thompson,,,,Ankle,,Full Participation in Practice,2019-10-25T11:14:20Z
2019,REG,CAR,8,00-0031362,G,Trai Turner,Trai,Turner,,,,Ankle,,Full Participation in Practice,2019-10-25T11:14:20Z
2019,REG,CAR,8,00-0035694,T,Greg Little,Greg,Little,Concussion,,Out,Concussion,,Did Not Participate In Practice,2019-10-25T11:15:40Z
2019,REG,CAR,8,00-0035257,LB,Christian Miller,Christian,Miller,Ankle,,Out,Ankle,,Did Not Participate In Practice,2019-10-25T11:15:47Z
2019,REG,CAR,8,00-0027939,QB,Cam Newton,Cam,Newton,Foot,,Out,Foot,,Did Not Participate In Practice,2019-10-25T11:15:56Z
2019,REG,CHI,8,00-0027743,CB,Sherrick McManis,Sherrick,McManis,,,,Concussion,,Full Participation in Practice,2019-10-25T11:21:23Z
2019,REG,CHI,8,00-0034387,DT,Bilal Nichols,Bilal,Nichols,Knee,,Questionable,Knee,,Limited Participation in Practice,2019-10-25T11:21:44Z
2019,REG,CIN,8,00-0034394,DE,Andrew Brown,Andrew,Brown,,,,Ankle,,Full Participation in Practice,2019-10-25T07:33:01Z
2019,REG,CIN,8,00-0027662,DE,Carlos Dunlap,Carlos,Dunlap,,,,Knee,,Full Participation in Practice,2019-10-25T07:37:18Z
2019,REG,CIN,8,00-0030549,TE,Tyler Eifert,Tyler,Eifert,,,,Not Injury Related,,Full Participation in Practice,2019-10-25T07:33:01Z
2019,REG,CIN,8,00-0033107,CB,William Jackson,William,Jackson,,,,Shoulder,,Full Participation in Practice,2019-10-25T07:33:01Z
2019,REG,CIN,8,00-0033405,CB,Torry McTyer,Torry,McTyer,,,,Shoulder,,Full Participation in Practice,2019-10-25T07:33:01Z
2019,REG,CIN,8,00-0031380,CB,Darqueze Dennard,Darqueze,Dennard,Hamstring,,Out,Hamstring,,Did Not Participate In Practice,2019-10-25T07:33:56Z
2019,REG,CIN,8,00-0029561,T,Cordy Glenn,Cordy,Glenn,Concussion,,Out,Concussion,,Did Not Participate In Practice,2019-10-25T07:34:15Z
2019,REG,CIN,8,00-0029560,CB,Dre Kirkpatrick,Dre,Kirkpatrick,Knee,,Out,Knee,,Did Not Participate In Practice,2019-10-25T07:34:34Z
2019,REG,CIN,8,00-0033463,DE,Carl Lawson,Carl,Lawson,Hamstring,,Out,Hamstring,,Did Not Participate In Practice,2019-10-25T07:34:43Z
2019,REG,CIN,8,00-0027942,WR,A.J. Green,A.J.,Green,Ankle,,Out,Ankle,,Limited Participation in Practice,2019-10-25T07:34:24Z
2019,REG,CIN,8,00-0032149,G,John Miller,John,Miller,Groin,,Questionable,Groin,,Limited Participation in Practice,2019-10-25T07:33:44Z
2019,REG,CIN,8,00-0026982,T,Andre Smith,Andre,Smith,Ankle,,Questionable,Ankle,,Limited Participation in Practice,2019-10-25T07:33:44Z
2019,REG,CLE,8,00-0031235,WR,Odell Beckham,Odell,Beckham,,,,Groin,,Full Participation in Practice,2019-10-25T11:41:05Z
2019,REG,CLE,8,00-0034251,DT,Daniel Ekuale,Daniel,Ekuale,,,,Concussion,,Full Participation in Practice,2019-10-25T11:41:05Z
2019,REG,CLE,8,00-0033868,DE,Myles Garrett,Myles,Garrett,,,,Knee,,Full Participation in Practice,2019-10-25T11:41:14Z
2019,REG,CLE,8,00-0034855,QB,Baker Mayfield,Baker,Mayfield,,,,Hip,,Full Participation in Practice,2019-10-25T11:41:05Z
2019,REG,CLE,8,00-0034856,CB,Denzel Ward,Denzel,Ward,,,,Hamstring,,Full Participation in Practice,2019-10-25T11:41:05Z
2019,REG,CLE,8,00-0035638,CB,Greedy Williams,Greedy,Williams,,,,Hamstring,,Full Participation in Practice,2019-10-25T11:41:05Z
2019,REG,CLE,8,00-0032251,S,Damarious Randall,Damarious,Randall,Hamstring,,Out,Hamstring,,Did Not Participate In Practice,2019-10-25T11:42:07Z
2019,REG,CLE,8,00-0034977,S,Sheldrick Redwine,Sheldrick,Redwine,Hamstring,,Questionable,Hamstring,,Full Participation in Practice,2019-10-25T11:41:46Z
2019,REG,CLE,8,00-0031921,T,Kendall Lamm,Kendall,Lamm,Knee,,Questionable,Knee,,Limited Participation in Practice,2019-10-25T11:41:46Z
2019,REG,DEN,8,00-0035644,TE,Noah Fant,Noah,Fant,,,,Foot,,Did Not Participate In Practice,2019-10-25T12:43:20Z
2019,REG,DEN,8,00-0029010,G,Ronald Leary,Ronald,Leary,,,,Not Injury Related,,Full Participation in Practice,2019-10-25T12:43:08Z
2019,REG,DEN,8,00-0031904,CB,Bryce Callahan,Bryce,Callahan,Foot,,Out,Foot,,Did Not Participate In Practice,2019-10-25T12:43:28Z
2019,REG,DEN,8,00-0032958,S,Will Parks,Will,Parks,Hand,,Out,Hand,,Did Not Participate In Practice,2019-10-25T12:43:45Z
2019,REG,DEN,8,00-0031417,T,Ja'Wuan James,Ja'Wuan,James,Knee,,Questionable,Knee,,Full Participation in Practice,2019-10-25T12:43:25Z
2019,REG,DEN,8,00-0035591,LB,Justin Hollins,Justin,Hollins,Knee,,Questionable,Knee,,Limited Participation in Practice,2019-10-25T12:43:25Z
2019,REG,DET,8,00-0034371,DE,Da'Shawn Hand,Da'Shawn,Hand,,,,Elbow,,Full Participation in Practice,2019-10-25T12:13:35Z
2019,REG,DET,8,00-0026498,QB,Matthew Stafford,Matthew,Stafford,,,,Hip,,Full Participation in Practice,2019-10-25T12:13:35Z
2019,REG,DET,8,00-0030062,CB,Darius Slay,Darius,Slay,Hamstring,,Out,Hamstring,,Did Not Participate In Practice,2019-10-25T12:14:20Z
2019,REG,DET,8,00-0029284,DT,Mike Daniels,Mike,Daniels,Foot,,Out,Foot,,Limited Participation in Practice,2019-10-25T12:14:32Z
2019,REG,DET,8,00-0035270,CB,Amani Oruwariye,Amani,Oruwariye,Knee,,Out,Knee,,Limited Participation in Practice,2019-10-25T12:14:37Z
2019,REG,DET,8,00-0034433,RB,Nick Bawden,Nick,Bawden,Foot,,Questionable,Foot,,Full Participation in Practice,2019-10-25T12:14:08Z
2019,REG,DET,8,00-0029040,DT,Damon Harrison,Damon,Harrison,Groin,Not Injury Related,Questionable,Groin,Not Injury Related,Full Participation in Practice,2019-10-25T12:14:08Z
2019,REG,GB,8,00-0031584,S,Adrian Amos,Adrian,Amos,,,,Shoulder,,Full Participation in Practice,2019-10-25T12:29:06Z
2019,REG,GB,8,00-0034540,CB,Tony Brown,Tony,Brown,,,,Hamstring,,Full Participation in Practice,2019-10-25T12:29:06Z
2019,REG,GB,8,00-0034754,LB,Oren Burks,Oren,Burks,,,,Chest,,Full Participation in Practice,2019-10-25T12:29:06Z
2019,REG,GB,8,00-0033120,DT,Kenny Clark,Kenny,Clark,,,,Shin,,Full Participation in Practice,2019-10-25T12:29:06Z
2019,REG,GB,8,00-0033121,LB,B.J. Goodson,B.J.,Goodson,,,,Shoulder,,Full Participation in Practice,2019-10-25T12:29:06Z
2019,REG,GB,8,00-0034521,WR,Allen Lazard,Allen,Lazard,,,,Back,,Full Participation in Practice,2019-10-25T12:29:06Z
2019,REG,GB,8,00-0032408,LB,Blake Martinez,Blake,Martinez,,,,Wrist,,Full Participation in Practice,2019-10-25T12:29:06Z
2019,REG,GB,8,00-0023459,QB,Aaron Rodgers,Aaron,Rodgers,,,,Knee,,Full Participation in Practice,2019-10-25T12:29:06Z
2019,REG,GB,8,00-0034272,WR,Marquez Valdes-Scantling,Marquez,Valdes-Scantling,,,,Ankle,Knee,Full Participation in Practice,2019-10-25T12:29:30Z
2019,REG,GB,8,00-0027875,T,Bryan Bulaga,Bryan,Bulaga,,,,Not Injury Related,,Limited Participation in Practice,2019-10-25T12:29:06Z
2019,REG,GB,8,00-0027696,TE,Jimmy Graham,Jimmy,Graham,,,,Ankle,,Limited Participation in Practice,2019-10-25T12:29:06Z
2019,REG,GB,8,00-0024243,TE,Marcedes Lewis,Marcedes,Lewis,,,,Not Injury Related,,Limited Participation in Practice,2019-10-25T12:29:06Z
2019,REG,GB,8,00-0033124,S,Will Redmond,Will,Redmond,,,,Ankle,,Limited Participation in Practice,2019-10-25T12:29:06Z
2019,REG,GB,8,00-0024061,CB,Tramon Williams,Tramon,Williams,,,,Knee,,Limited Participation in Practice,2019-10-25T12:29:06Z
2019,REG,GB,8,00-0031381,WR,Davante Adams,Davante,Adams,Toe,,Doubtful,Toe,,Did Not Participate In Practice,2019-10-25T12:29:51Z
2019,REG,GB,8,00-0033757,TE,Robert Tonyan,Robert,Tonyan,Hip,,Doubtful,Hip,,Did Not Participate In Practice,2019-10-25T12:30:07Z
2019,REG,GB,8,00-0031019,C,Corey Linsley,Corey,Linsley,Back,,Questionable,Back,,Limited Participation in Practice,2019-10-25T12:29:43Z
2019,REG,GB,8,00-0034968,S,Darnell Savage,Darnell,Savage,Ankle,,Questionable,Ankle,,Limited Participation in Practice,2019-10-25T12:29:43Z
2019,REG,HOU,8,00-0033765,LB,Dylan Cole,Dylan,Cole,,,,Hamstring,Knee,Full Participation in Practice,2019-10-25T12:28:51Z
2019,REG,HOU,8,00-0028063,RB,Taiwan Jones,Taiwan,Jones,,,,Hip,,Full Participation in Practice,2019-10-25T12:28:51Z
2019,REG,HOU,8,00-0034594,S,A.J. Moore,A.J.,Moore,,,,Knee,,Full Participation in Practice,2019-10-25T12:28:51Z
2019,REG,HOU,8,00-0034361,S,Justin Reid,Justin,Reid,,,,Shoulder,,Full Participation in Practice,2019-10-25T12:28:51Z
2019,REG,HOU,8,00-0030085,WR,Kenny Stills,Kenny,Stills,,,,Ankle,Hamstring,Full Participation in Practice,2019-10-25T12:28:51Z
2019,REG,HOU,8,00-0027224,LS,Jonathan Weeks,Jonathan,Weeks,,,,Ankle,,Full Participation in Practice,2019-10-25T12:28:51Z
2019,REG,HOU,8,00-0033882,CB,Gareon Conley,Gareon,Conley,,,,Not Injury Related,- Resting Veteran,Limited Participation in Practice,2019-10-25T12:30:32Z
2019,REG,HOU,8,00-0033127,WR,Will Fuller,Will,Fuller,Hamstring,,Out,Hamstring,,Did Not Participate In Practice,2019-10-25T12:30:51Z
2019,REG,HOU,8,00-0035234,T,Tytus Howard,Tytus,Howard,Knee,,Out,Knee,,Did Not Participate In Practice,2019-10-25T12:31:04Z
2019,REG,HOU,8,00-0031923,C,Greg Mancz,Greg,Mancz,Concussion,,Out,Concussion,,Did Not Participate In Practice,2019-10-25T12:31:19Z
2019,REG,HOU,8,00-0028924,S,Tashaun Gipson,Tashaun,Gipson,Back,"Hamstring, Wrist",Questionable,Back,"Hamstring, Wrist",Limited Participation in Practice,2019-10-25T12:31:49Z
2019,REG,HOU,8,00-0033569,T,Roderick Johnson,Roderick,Johnson,Neck,,Questionable,Neck,,Limited Participation in Practice,2019-10-25T12:32:08Z
2019,REG,HOU,8,00-0024239,CB,Johnathan Joseph,Johnathan,Joseph,Hamstring,Neck,Questionable,Hamstring,Neck,Limited Participation in Practice,2019-10-25T12:32:27Z
2019,REG,HOU,8,00-0031372,CB,Bradley Roby,Bradley,Roby,Hamstring,,Questionable,Hamstring,,Limited Participation in Practice,2019-10-25T12:32:41Z
2019,REG,IND,8,00-0031254,DT,Denico Autry,Denico,Autry,,,,Not Injury Related,,Did Not Participate In Practice,2019-10-25T12:39:29Z
2019,REG,IND,8,00-0027960,T,Anthony Castonzo,Anthony,Castonzo,,,,Not Injury Related,,Did Not Participate In Practice,2019-10-25T12:39:39Z
2019,REG,IND,8,00-0031571,S,Clayton Geathers,Clayton,Geathers,,,,Not Injury Related,,Did Not Participate In Practice,2019-10-25T12:38:49Z
2019,REG,IND,8,00-0028008,DE,Justin Houston,Justin,Houston,,,,Not Injury Related,,Did Not Participate In Practice,2019-10-25T12:39:59Z
2019,REG,IND,8,00-0029608,WR,T.Y. Hilton,T.Y.,Hilton,,,,Not Injury Related,,Full Participation in Practice,2019-10-25T12:38:30Z
2019,REG,IND,8,00-0033877,S,Malik Hooker,Malik,Hooker,,,,Knee,,Full Participation in Practice,2019-10-25T12:38:30Z
2019,REG,IND,8,00-0032830,S,Rolan Milligan,Rolan,Milligan,,,,Not Injury Related,,Full Participation in Practice,2019-10-25T12:38:30Z
2019,REG,IND,8,00-0027975,DE,Jabaal Sheard,Jabaal,Sheard,,,,Foot,,Full Participation in Practice,2019-10-25T12:39:18Z
2019,REG,IND,8,00-0033952,DT,Grover Stewart,Grover,Stewart,,,,Elbow,,Full Participation in Practice,2019-10-25T12:38:30Z
2019,REG,IND,8,00-0031938,DT,Carl Davis,Carl,Davis,Hamstring,,Out,Hamstring,,Did Not Participate In Practice,2019-10-25T12:45:21Z
2019,REG,IND,8,00-0034359,DT,Tyquan Lewis,Tyquan,Lewis,Ankle,,Questionable,Ankle,,Full Participation in Practice,2019-10-25T12:45:10Z
2019,REG,IND,8,00-0035639,WR,Parris Campbell,Parris,Campbell,Abdomen,,Questionable,Abdomen,,Limited Participation in Practice,2019-10-25T12:45:10Z
2019,REG,IND,8,00-0031331,CB,Pierre Desir,Pierre,Desir,Hamstring,,Questionable,Hamstring,,Limited Participation in Practice,2019-10-25T12:45:10Z
2019,REG,IND,8,00-0030181,TE,Jack Doyle,Jack,Doyle,Groin,,Questionable,Groin,,Limited Participation in Practice,2019-10-25T12:45:10Z
2019,REG,IND,8,00-0033393,CB,Kenny Moore,Kenny,Moore,Knee,,Questionable,Knee,,Limited Participation in Practice,2019-10-25T12:45:10Z
2019,REG,JAX,8,00-0030228,CB,A.J. Bouye,A.J.,Bouye,,,,Not Injury Related,,Did Not Participate In Practice,2019-10-23T11:37:41Z
2019,REG,JAX,8,00-0027941,DE,Marcell Dareus,Marcell,Dareus,,,,Core Muscle Injury,,Did Not Participate In Practice,2019-10-24T11:06:50Z
2019,REG,JAX,8,00-0026190,DE,Calais Campbell,Calais,Campbell,,,,Back,,Full Participation in Practice,2019-10-25T10:30:42Z
2019,REG,JAX,8,00-0031431,WR,Marqise Lee,Marqise,Lee,,,,Ankle,,Full Participation in Practice,2019-10-25T13:05:38Z
2019,REG,JAX,8,00-0031369,C,Brandon Linder,Brandon,Linder,,,,Shoulder,,Limited Participation in Practice,2019-10-25T10:30:34Z
2019,REG,JAX,8,00-0031122,G,Andrew Norwell,Andrew,Norwell,,,,Ankle,,Limited Participation in Practice,2019-10-25T10:30:34Z
2019,REG,JAX,8,00-0033889,T,Cam Robinson,Cam,Robinson,,,,Toe,,Limited Participation in Practice,2019-10-25T10:30:34Z
2019,REG,JAX,8,00-0029418,LB,Najee Goode,Najee,Goode,Toe,,Out,Toe,,Did Not Participate In Practice,2019-10-25T10:36:24Z
2019,REG,JAX,8,00-0034428,LB,Leon Jacobs,Leon,Jacobs,Hamstring,,Out,Hamstring,,Did Not Participate In Practice,2019-10-25T10:36:02Z
2019,REG,JAX,8,00-0035680,LB,Quincy Williams,Quincy,Williams,Hamstring,,Out,Hamstring,,Did Not Participate In Practice,2019-10-25T10:36:42Z
2019,REG,JAX,8,00-0033839,WR,Dede Westbrook,Dede,Westbrook,Shoulder,Neck,Questionable,Neck,Shoulder,Limited Participation in Practice,2019-10-25T10:32:59Z
2019,REG,KC,8,00-0033902,DE,Tanoh Kpassagnon,Tanoh,Kpassagnon,,,,Illness,,Full Participation in Practice,2019-10-25T12:40:17Z
2019,REG,KC,8,00-0034824,G,Martinas Rankin,Martinas,Rankin,,,,Ankle,,Full Participation in Practice,2019-10-25T12:40:17Z
2019,REG,KC,8,00-0028074,RB,Anthony Sherman,Anthony,Sherman,,,,Hamstring,,Full Participation in Practice,2019-10-25T12:40:17Z
2019,REG,KC,8,00-0031325,WR,Sammy Watkins,Sammy,Watkins,,,,Hamstring,,Full Participation in Practice,2019-10-25T12:40:17Z
2019,REG,KC,8,00-0032210,DE,Frank Clark,Frank,Clark,Neck,,Out,Neck,,Did Not Participate In Practice,2019-10-25T12:41:43Z
2019,REG,KC,8,00-0030584,T,Eric Fisher,Eric,Fisher,Groin,,Out,Groin,,Did Not Participate In Practice,2019-10-25T12:42:58Z
2019,REG,KC,8,00-0032762,DT,Chris Jones,Chris,Jones,Groin,,Out,Groin,,Did Not Participate In Practice,2019-10-25T12:43:16Z
2019,REG,KC,8,00-0033084,CB,Kendall Fuller,Kendall,Fuller,Thumb,,Out,Thumb,,Limited Participation in Practice,2019-10-25T12:43:09Z
2019,REG,KC,8,00-0033873,QB,Patrick Mahomes,Patrick,Mahomes,Knee,,Out,Knee,,Limited Participation in Practice,2019-10-25T12:43:23Z
2019,REG,KC,8,00-0033831,G,Andrew Wylie,Andrew,Wylie,Ankle,,Out,Ankle,,Limited Participation in Practice,2019-10-25T12:41:37Z
2019,REG,KC,8,00-0033147,LB,Darron Lee,Darron,Lee,Illness,,Questionable,Illness,,Limited Participation in Practice,2019-10-25T12:41:05Z
2019,REG,LA,8,00-0024270,T,Andrew Whitworth,Andrew,Whitworth,,,,Not Injury Related,,Full Participation in Practice,2019-10-25T09:20:02Z
2019,REG,LA,8,00-0031806,RB,Malcolm Brown,Malcolm,Brown,Ankle,,Out,Ankle,,Did Not Participate In Practice,2019-10-25T09:20:50Z
2019,REG,LA,8,00-0032248,LB,Bryce Hager,Bryce,Hager,Shoulder,,Out,Shoulder,,Did Not Participate In Practice,2019-10-25T09:21:02Z
2019,REG,LA,8,00-0027002,LB,Clay Matthews,Clay,Matthews,Jaw,,Out,Jaw,,Did Not Participate In Practice,2019-10-25T09:21:38Z
2019,REG,LA,8,00-0031785,CB,Troy Hill,Troy,Hill,Hamstring,,Questionable,Hamstring,,Limited Participation in Practice,2019-10-25T09:20:27Z
2019,REG,LAC,8,00-0023448,LB,Thomas Davis,Thomas,Davis,,,,Not Injury Related,,Full Participation in Practice,2019-10-25T11:19:20Z
2019,REG,LAC,8,00-0034350,LB,Uchenna Nwosu,Uchenna,Nwosu,,,,Hip,,Full Participation in Practice,2019-10-25T11:18:35Z
2019,REG,LAC,8,00-0032103,LB,Denzel Perryman,Denzel,Perryman,,,,Ankle,,Full Participation in Practice,2019-10-25T11:18:35Z
2019,REG,LAC,8,00-0030148,DT,Damion Square,Damion,Square,,,,Hamstring,,Full Participation in Practice,2019-10-25T11:18:59Z
2019,REG,LAC,8,00-0035677,S,Nasir Adderley,Nasir,Adderley,Hamstring,,Out,Hamstring,,Did Not Participate In Practice,2019-10-25T11:19:30Z
2019,REG,LAC,8,00-0035315,DT,Cortez Broughton,Cortez,Broughton,Illness,,Out,Illness,,Did Not Participate In Practice,2019-10-25T11:19:38Z
2019,REG,LAC,8,00-0034677,DT,Justin Jones,Justin,Jones,Shoulder,,Out,Shoulder,,Did Not Participate In Practice,2019-10-25T11:19:56Z
2019,REG,LAC,8,00-0025472,DT,Brandon Mebane,Brandon,Mebane,Knee,,Out,Knee,,Did Not Participate In Practice,2019-10-25T11:20:04Z
2019,REG,LAC,8,00-0030279,WR,Keenan Allen,Keenan,Allen,Hamstring,,Questionable,Hamstring,,Did Not Participate In Practice,2019-10-25T11:19:23Z
2019,REG,LAC,8,00-0034084,K,Michael Badgley,Michael,Badgley,right Groin,,Questionable,right Groin,,Full Participation in Practice,2019-10-25T11:19:23Z
2019,REG,LAC,8,00-0029249,DE,Melvin Ingram,Melvin,Ingram,Hamstring,,Questionable,Hamstring,,Full Participation in Practice,2019-10-25T11:19:23Z
2019,REG,LAC,8,00-0032897,RB,Derek Watt,Derek,Watt,Knee,,Questionable,Knee,,Full Participation in Practice,2019-10-25T11:19:23Z
2019,REG,LAC,8,00-0034440,RB,Justin Jackson,Justin,Jackson,Calf,,Questionable,Calf,,Limited Participation in Practice,2019-10-25T11:19:23Z
2019,REG,MIA,8,00-0031893,T,Jesse Davis,Jesse,Davis,,,,Elbow,,Full Participation in Practice,2019-10-26T11:04:18Z
2019,REG,MIA,8,00-0032791,WR,Jakeem Grant,Jakeem,Grant,,,,Hamstring,,Full Participation in Practice,2019-10-26T11:04:18Z
2019,REG,MIA,8,00-0034588,LB,Trent Harris,Trent,Harris,,,,Foot,,Full Participation in Practice,2019-10-26T11:04:34Z
2019,REG,MIA,8,00-0034343,QB,Josh Rosen,Josh,Rosen,,,,Neck,,Full Participation in Practice,2019-10-26T11:04:18Z
2019,REG,MIA,8,00-0027609,T,J'Marcus Webb,J'Marcus,Webb,,,,Shin,,Full Participation in Practice,2019-10-26T11:04:18Z
2019,REG,MIA,8,00-0030669,WR,Albert Wilson,Albert,Wilson,,,,Hip,,Full Participation in Practice,2019-10-26T11:04:18Z
2019,REG,MIA,8,00-0035336,G,Deion Calhoun,Deion,Calhoun,,,,Illness,,Limited Participation in Practice,2019-10-24T12:23:50Z
2019,REG,MIA,8,00-0031587,S,Bobby McCain,Bobby,McCain,,,,Shoulder,,Limited Participation in Practice,2019-10-26T11:04:18Z
2019,REG,MIA,8,00-0035318,CB,Ken Webster,Ken,Webster,,,,Illness,,Limited Participation in Practice,2019-10-24T12:30:15Z
2019,REG,MIA,8,00-0032246,T,Andrew Donnal,Andrew,Donnal,Not Injury Related,,Out,,,"
    ",2019-10-27T08:37:17Z
2019,REG,MIA,8,00-0033118,RB,Kenyan Drake,Kenyan,Drake,Not Injury Related,,Out,,,"
    ",2019-10-27T09:58:13Z
2019,REG,MIA,8,00-0027762,S,Reshad Jones,Reshad,Jones,Chest,,Out,Chest,,Did Not Participate In Practice,2019-10-26T11:05:33Z
2019,REG,MIA,8,00-0028101,C,Daniel Kilgore,Daniel,Kilgore,Knee,,Out,Knee,,Did Not Participate In Practice,2019-10-26T11:05:41Z
2019,REG,MIA,8,00-0035346,CB,Nik Needham,Nik,Needham,Foot,,Questionable,Foot,,Full Participation in Practice,2019-10-26T11:05:04Z
2019,REG,MIA,8,00-0033050,CB,Xavien Howard,Xavien,Howard,Knee,,Questionable,Knee,,Limited Participation in Practice,2019-10-26T11:05:04Z
2019,REG,MIA,8,00-0034145,CB,Chris Lammons,Chris,Lammons,Ankle,Toe,Questionable,Ankle,Toe,Limited Participation in Practice,2019-10-26T11:05:04Z
2019,REG,MIA,8,00-0033574,DE,Avery Moss,Avery,Moss,Ankle,,Questionable,Ankle,,Limited Participation in Practice,2019-10-26T11:05:04Z
2019,REG,MIN,8,00-0033944,LB,Ben Gedeon,Ben,Gedeon,,,,Concussion,,Full Participation in Practice,2019-10-23T10:12:47Z
2019,REG,MIN,8,00-0027701,DE,Everson Griffen,Everson,Griffen,,,,Quadricep,,Full Participation in Practice,2019-10-23T10:12:47Z
2019,REG,MIN,8,00-0027885,DT,Linval Joseph,Linval,Joseph,,,,Knee,,Full Participation in Practice,2019-10-23T10:12:47Z
2019,REG,MIN,8,00-0031554,LB,Eric Kendricks,Eric,Kendricks,,,,Hip,,Full Participation in Practice,2019-10-23T10:12:47Z
2019,REG,MIN,8,00-0029992,G,Josh Kline,Josh,Kline,,,,Foot,,Full Participation in Practice,2019-10-23T10:12:47Z
2019,REG,MIN,8,00-0034215,DE,Hercules Mata'afa,Hercules,Mata'afa,,,,Neck,,Full Participation in Practice,2019-10-23T10:12:47Z
2019,REG,MIN,8,00-0029672,T,Riley Reiff,Riley,Reiff,,,,Ankle,,Full Participation in Practice,2019-10-23T10:12:47Z
2019,REG,MIN,8,00-0030575,CB,Xavier Rhodes,Xavier,Rhodes,,,,Hip,,Full Participation in Practice,2019-10-23T10:12:47Z
2019,REG,MIN,8,00-0027981,TE,Kyle Rudolph,Kyle,Rudolph,,,,Thumb,,Full Participation in Practice,2019-10-23T10:12:47Z
2019,REG,MIN,8,00-0031242,DT,Shamar Stephen,Shamar,Stephen,,,,Knee,,Full Participation in Practice,2019-10-23T10:12:47Z
2019,REG,MIN,8,00-0030035,WR,Adam Thielen,Adam,Thielen,Hamstring,,Out,Hamstring,,Did Not Participate In Practice,2019-10-23T10:13:46Z
2019,REG,MIN,8,00-0034264,DT,Jalyn Holmes,Jalyn,Holmes,Illness,,Questionable,Illness,,Did Not Participate In Practice,2019-10-23T10:13:35Z
2019,REG,NE,8,00-0029664,WR,Josh Gordon,Josh,Gordon,,,,Knee,Ankle,Did Not Participate In Practice,2019-10-24T13:06:48Z
2019,REG,NE,8,00-0032208,WR,Phillip Dorsett,Phillip,Dorsett,,,,Hamstring,,Limited Participation in Practice,2019-10-23T13:13:40Z
2019,REG,NE,8,00-0034439,TE,Ryan Izzo,Ryan,Izzo,Concussion,,Out,Concussion,,Did Not Participate In Practice,2019-10-25T12:46:33Z
2019,REG,NE,8,00-0031744,TE,Matt LaCosse,Matt,LaCosse,Knee,,Out,Knee,,Did Not Participate In Practice,2019-10-25T12:46:42Z
2019,REG,NE,8,00-0030288,RB,Rex Burkhead,Rex,Burkhead,Foot,,Questionable,Foot,,Limited Participation in Practice,2019-10-25T12:46:21Z
2019,REG,NE,8,00-0027010,S,Patrick Chung,Patrick,Chung,Head,Chest,Questionable,Head,Chest,Limited Participation in Practice,2019-10-25T12:46:21Z
2019,REG,NE,8,00-0027150,WR,Julian Edelman,Julian,Edelman,Chest,,Questionable,Chest,,Limited Participation in Practice,2019-10-25T12:46:21Z
2019,REG,NE,8,00-0031580,G,Shaquille Mason,Shaquille,Mason,Ankle,,Questionable,Ankle,,Limited Participation in Practice,2019-10-25T12:46:21Z
2019,REG,NE,8,00-0035645,WR,Gunner Olszewski,Gunner,Olszewski,Ankle,Hamstring,Questionable,Ankle,Hamstring,Limited Participation in Practice,2019-10-25T12:46:21Z
2019,REG,NO,8,00-0032379,CB,Eli Apple,Eli,Apple,,,,Knee,,Full Participation in Practice,2019-10-25T12:34:58Z
2019,REG,NO,8,00-0033935,DE,Trey Hendrickson,Trey,Hendrickson,,,,Neck,,Full Participation in Practice,2019-10-25T12:34:58Z
2019,REG,NO,8,00-0027061,TE,Jared Cook,Jared,Cook,Ankle,,Out,Ankle,,Did Not Participate In Practice,2019-10-25T12:35:30Z
2019,REG,NO,8,00-0027882,CB,Patrick Robinson,Patrick,Robinson,Hamstring,,Out,Hamstring,,Did Not Participate In Practice,2019-10-25T12:35:42Z
2019,REG,NO,8,00-0034765,WR,Tre'Quan Smith,Tre'Quan,Smith,Ankle,,Out,Ankle,,Did Not Participate In Practice,2019-10-25T12:35:49Z
2019,REG,NO,8,00-0020531,QB,Drew Brees,Drew,Brees,right Thumb,,Questionable,right Thumb,,Limited Participation in Practice,2019-10-25T12:35:12Z
2019,REG,NO,8,00-0034116,S,J.T. Gray,J.T.,Gray,Ankle,,Questionable,Ankle,,Limited Participation in Practice,2019-10-25T12:35:12Z
2019,REG,NO,8,00-0033906,RB,Alvin Kamara,Alvin,Kamara,Ankle,Knee,Questionable,Ankle,Knee,Limited Participation in Practice,2019-10-25T12:35:12Z
2019,REG,NYG,8,00-0034844,RB,Saquon Barkley,Saquon,Barkley,,,,Ankle,,Full Participation in Practice,2019-10-25T10:05:20Z
2019,REG,NYG,8,00-0034360,LB,Lorenzo Carter,Lorenzo,Carter,,,,Ankle,,Full Participation in Practice,2019-10-25T10:05:20Z
2019,REG,NYG,8,00-0031344,WR,Cody Latimer,Cody,Latimer,,,,Quadricep,,Full Participation in Practice,2019-10-25T10:05:20Z
2019,REG,NYG,8,00-0035633,CB,Corey Ballentine,Corey,Ballentine,Concussion,,Out,Concussion,,Did Not Participate In Practice,2019-10-25T10:05:37Z
2019,REG,NYG,8,00-0032385,WR,Sterling Shepard,Sterling,Shepard,Concussion,,Out,Concussion,,Limited Participation in Practice,2019-10-25T10:05:53Z
2019,REG,NYJ,8,00-0029319,WR,Josh Bellamy,Josh,Bellamy,,,,Shoulder,,Full Participation in Practice,2019-10-25T13:34:13Z
2019,REG,NYJ,8,00-0035276,LB,Blake Cashman,Blake,Cashman,,,,Knee,Achilles,Full Participation in Practice,2019-10-25T13:34:13Z
2019,REG,NYJ,8,00-0030010,LB,Brandon Copeland,Brandon,Copeland,,,,Thumb,,Full Participation in Practice,2019-10-25T13:34:13Z
2019,REG,NYJ,8,00-0031941,WR,Jamison Crowder,Jamison,Crowder,,,,Knee,,Full Participation in Practice,2019-10-25T13:35:22Z
2019,REG,NYJ,8,00-0034869,QB,Sam Darnold,Sam,Darnold,,,,Toe,,Full Participation in Practice,2019-10-25T13:34:13Z
2019,REG,NYJ,8,00-0025446,C,Ryan Kalil,Ryan,Kalil,,,,Elbow,Shoulder,Full Participation in Practice,2019-10-25T13:35:14Z
2019,REG,NYJ,8,00-0032407,G,Alex Lewis,Alex,Lewis,,,,Neck,,Full Participation in Practice,2019-10-25T13:34:13Z
2019,REG,NYJ,8,00-0026564,DT,Steve McLendon,Steve,McLendon,,,,Hamstring,,Full Participation in Practice,2019-10-25T13:35:30Z
2019,REG,NYJ,8,00-0027874,WR,Demaryius Thomas,Demaryius,Thomas,,,,Hamstring,,Full Participation in Practice,2019-10-25T13:35:59Z
2019,REG,NYJ,8,00-0030066,G,Brian Winters,Brian,Winters,,,,Shoulder,Knee,Full Participation in Practice,2019-10-25T13:35:45Z
2019,REG,NYJ,8,00-0029316,T,Kelvin Beachum,Kelvin,Beachum,Ankle,,Out,Ankle,,Did Not Participate In Practice,2019-10-25T13:35:58Z
2019,REG,NYJ,8,00-0034164,RB,Trenton Cannon,Trenton,Cannon,Foot,Ankle,Out,Foot,Ankle,Did Not Participate In Practice,2019-10-25T13:36:07Z
2019,REG,NYJ,8,00-0027560,LB,Albert McClellan,Albert,McClellan,Concussion,,Out,Concussion,,Did Not Participate In Practice,2019-10-25T13:37:21Z
2019,REG,NYJ,8,00-0031296,LB,C.J. Mosley,C.J.,Mosley,Groin,,Out,Groin,,Did Not Participate In Practice,2019-10-25T13:36:36Z
2019,REG,NYJ,8,00-0029259,G,Kelechi Osemele,Kelechi,Osemele,Shoulder,,Doubtful,Shoulder,,Did Not Participate In Practice,2019-10-25T13:36:29Z
2019,REG,NYJ,8,00-0034766,TE,Christopher Herndon,Christopher,Herndon,Hamstring,,Doubtful,Hamstring,,Limited Participation in Practice,2019-10-25T13:36:24Z
2019,REG,NYJ,8,00-0031740,LB,Neville Hewitt,Neville,Hewitt,Neck,Knee,Doubtful,Neck,Knee,Limited Participation in Practice,2019-10-25T13:37:39Z
2019,REG,NYJ,8,00-0032269,DE,Henry Anderson,Henry,Anderson,Shoulder,,Questionable,Shoulder,,Limited Participation in Practice,2019-10-25T13:35:47Z
2019,REG,NYJ,8,00-0034419,WR,Braxton Berrios,Braxton,Berrios,Hamstring,,Questionable,Hamstring,,Limited Participation in Practice,2019-10-25T13:35:47Z
2019,REG,NYJ,8,00-0029690,CB,Trumaine Johnson,Trumaine,Johnson,Ankle,,Questionable,Ankle,,Limited Participation in Practice,2019-10-25T13:35:47Z
2019,REG,OAK,8,00-0028114,WR,Dwayne Harris,Dwayne,Harris,,,,Ankle,,Full Participation in Practice,2019-10-25T12:18:28Z
2019,REG,OAK,8,00-0027993,C,Rodney Hudson,Rodney,Hudson,,,,Ankle,,Full Participation in Practice,2019-10-25T12:18:40Z
2019,REG,OAK,8,00-0031367,G,Gabe Jackson,Gabe,Jackson,,,,Knee,,Full Participation in Practice,2019-10-25T12:18:45Z
2019,REG,OAK,8,00-0034825,DE,Arden Key,Arden,Key,,,,Knee,,Full Participation in Practice,2019-10-25T12:18:56Z
2019,REG,OAK,8,00-0033025,RB,Jalen Richard,Jalen,Richard,,,,Ankle,,Full Participation in Practice,2019-10-25T12:19:07Z
2019,REG,OAK,8,00-0032071,T,Trenton Brown,Trenton,Brown,Calf,,Questionable,Calf,,Full Participation in Practice,2019-10-25T12:19:32Z
2019,REG,OAK,8,00-0035700,RB,Josh Jacobs,Josh,Jacobs,Shoulder,,Questionable,Shoulder,,Limited Participation in Practice,2019-10-25T12:19:32Z
2019,REG,OAK,8,00-0032160,WR,Tyrell Williams,Tyrell,Williams,Foot,,Questionable,Foot,,Limited Participation in Practice,2019-10-25T12:19:32Z
2019,REG,PHI,8,00-0030561,T,Lane Johnson,Lane,Johnson,,,,Illness,,Full Participation in Practice,2019-10-25T11:33:43Z
2019,REG,PHI,8,00-0029272,LB,Nigel Bradham,Nigel,Bradham,Ankle,Illness,Out,Ankle,Illness,Did Not Participate In Practice,2019-10-25T11:35:16Z
2019,REG,PHI,8,00-0026189,WR,DeSean Jackson,DeSean,Jackson,Abdomen,,Out,Abdomen,,Did Not Participate In Practice,2019-10-25T11:35:28Z
2019,REG,PHI,8,00-0031170,DT,Timmy Jernigan,Timmy,Jernigan,Foot,,Out,Foot,,Did Not Participate In Practice,2019-10-25T11:35:34Z
2019,REG,PHI,8,00-0022531,T,Jason Peters,Jason,Peters,Knee,,Out,Knee,,Did Not Participate In Practice,2019-10-25T11:35:56Z
2019,REG,PHI,8,00-0023564,RB,Darren Sproles,Darren,Sproles,Quadricep,,Out,Quadricep,,Did Not Participate In Practice,2019-10-25T11:36:01Z
2019,REG,PHI,8,00-0034377,CB,Avonte Maddox,Avonte,Maddox,Concussion,Neck,Out,Concussion,Neck,Limited Participation in Practice,2019-10-25T11:35:50Z
2019,REG,PIT,8,00-0027860,CB,Joe Haden,Joe,Haden,,,,Groin,,Full Participation in Practice,2019-10-26T11:02:49Z
2019,REG,PIT,8,00-0032521,CB,Mike Hilton,Mike,Hilton,,,,Calf,,Full Participation in Practice,2019-10-26T11:02:49Z
2019,REG,PIT,8,00-0030470,TE,Vance McDonald,Vance,McDonald,,,,Shoulder,,Full Participation in Practice,2019-10-26T11:02:49Z
2019,REG,PIT,8,00-0032150,CB,Steven Nelson,Steven,Nelson,,,,Groin,,Full Participation in Practice,2019-10-26T11:02:49Z
2019,REG,PIT,8,00-0030741,RB,Roosevelt Nix,Roosevelt,Nix,,,,Knee,,Full Participation in Practice,2019-10-26T11:02:49Z
2019,REG,PIT,8,00-0034771,QB,Mason Rudolph,Mason,Rudolph,,,,Concussion,,Full Participation in Practice,2019-10-26T11:02:49Z
2019,REG,PIT,8,00-0033857,WR,JuJu Smith-Schuster,JuJu,Smith-Schuster,,,,Illness,,Full Participation in Practice,2019-10-26T11:02:49Z
2019,REG,PIT,8,00-0034676,WR,James Washington,James,Washington,,,,Shoulder,,Full Participation in Practice,2019-10-26T11:02:49Z
2019,REG,PIT,8,00-0033886,LB,T.J. Watt,T.J.,Watt,,,,Abdomen,,Full Participation in Practice,2019-10-26T11:02:49Z
2019,REG,PIT,8,00-0029670,LB,Mark Barron,Mark,Barron,Hamstring,,Questionable,Hamstring,,Full Participation in Practice,2019-10-26T11:04:40Z
2019,REG,PIT,8,00-0034331,RB,Jaylen Samuels,Jaylen,Samuels,Knee,,Questionable,Knee,,Full Participation in Practice,2019-10-26T11:04:40Z
2019,REG,PIT,8,00-0035223,LB,Ulysees Gilbert,Ulysees,Gilbert,Back,,Questionable,Back,,Limited Participation in Practice,2019-10-26T11:04:40Z
2019,REG,SEA,8,00-0033594,RB,Chris Carson,Chris,Carson,,,,Not Injury Related,,Full Participation in Practice,2019-10-25T14:17:05Z
2019,REG,SEA,8,00-0032466,T,George Fant,George,Fant,,,,Shoulder,,Full Participation in Practice,2019-10-25T14:17:20Z
2019,REG,SEA,8,00-0030505,G,D.J. Fluker,D.J.,Fluker,,,,Hamstring,,Full Participation in Practice,2019-10-25T14:17:05Z
2019,REG,SEA,8,00-0032211,WR,Tyler Lockett,Tyler,Lockett,,,,Not Injury Related,,Full Participation in Practice,2019-10-25T14:17:05Z
2019,REG,SEA,8,00-0029263,QB,Russell Wilson,Russell,Wilson,,,,Knee,,Full Participation in Practice,2019-10-25T14:17:05Z
2019,REG,SEA,8,00-0033931,S,Delano Hill,Delano,Hill,Elbow,,Out,Elbow,,Did Not Participate In Practice,2019-10-25T12:34:45Z
2019,REG,SEA,8,00-0032416,DT,Quinton Jefferson,Quinton,Jefferson,Oblique,,Out,Oblique,,Did Not Participate In Practice,2019-10-25T12:35:00Z
2019,REG,SEA,8,00-0032384,T,Germain Ifedi,Germain,Ifedi,Knee,,Questionable,Knee,,Did Not Participate In Practice,2019-10-25T12:35:29Z
2019,REG,SEA,8,00-0026166,T,Duane Brown,Duane,Brown,Biceps,,Questionable,Biceps,,Full Participation in Practice,2019-10-25T12:35:45Z
2019,REG,SEA,8,00-0030059,DE,Ezekiel Ansah,Ezekiel,Ansah,Ankle,,Questionable,Ankle,,Limited Participation in Practice,2019-10-25T12:36:14Z
2019,REG,SEA,8,00-0031608,S,Quandre Diggs,Quandre,Diggs,Hamstring,,Questionable,Hamstring,,Limited Participation in Practice,2019-10-25T12:36:27Z
2019,REG,SEA,8,00-0034756,CB,Tre Flowers,Tre,Flowers,Neck,,Questionable,Neck,,Limited Participation in Practice,2019-10-25T12:35:58Z
2019,REG,SEA,8,00-0030161,S,Bradley McDougald,Bradley,McDougald,Back,,Questionable,Back,,Limited Participation in Practice,2019-10-25T12:36:39Z
2019,REG,SF,8,00-0033297,DT,D.J. Jones,D.J.,Jones,,,,Hamstring,,Full Participation in Practice,2019-10-25T13:27:17Z
2019,REG,SF,8,00-0033288,TE,George Kittle,George,Kittle,,,,Groin,,Full Participation in Practice,2019-10-25T13:27:50Z
2019,REG,SF,8,00-0034860,WR,Dante Pettis,Dante,Pettis,,,,Knee,,Full Participation in Practice,2019-10-25T13:28:25Z
2019,REG,SF,8,00-0035719,WR,Deebo Samuel,Deebo,Samuel,,,,Groin,,Full Participation in Practice,2019-10-25T13:27:27Z
2019,REG,SF,8,00-0031297,DE,Dee Ford,Dee,Ford,,,,Quadricep,,Limited Participation in Practice,2019-10-25T13:27:06Z
2019,REG,SF,8,00-0029892,RB,Kyle Juszczyk,Kyle,Juszczyk,Knee,,Out,Knee,,Did Not Participate In Practice,2019-10-25T13:32:57Z
2019,REG,SF,8,00-0034847,T,Mike McGlinchey,Mike,McGlinchey,Knee,,Out,Knee,,Did Not Participate In Practice,2019-10-25T13:31:14Z
2019,REG,SF,8,00-0033783,CB,Ahkello Witherspoon,Ahkello,Witherspoon,Foot,,Out,Foot,,Did Not Participate In Practice,2019-10-25T13:33:17Z
2019,REG,SF,8,00-0025415,T,Joe Staley,Joe,Staley,Fibula,,Doubtful,Fibula,,Limited Participation in Practice,2019-10-25T13:31:55Z
2019,REG,SF,8,00-0030068,WR,Marquise Goodwin,Marquise,Goodwin,Not Injury Related,,Questionable,Not Injury Related,,Did Not Participate In Practice,2019-10-25T13:30:22Z
2019,REG,SF,8,00-0031687,RB,Raheem Mostert,Raheem,Mostert,Knee,,Questionable,Knee,,Limited Participation in Practice,2019-10-25T13:30:22Z
2019,REG,SF,8,00-0030443,TE,Levine Toilolo,Levine,Toilolo,Groin,,Questionable,Groin,,Limited Participation in Practice,2019-10-25T13:30:22Z
2019,REG,TB,8,00-0027855,DE,Ndamukong Suh,Ndamukong,Suh,,,,Not Injury Related,,Did Not Participate In Practice,2019-10-25T10:29:32Z
2019,REG,TB,8,00-0032054,WR,Breshad Perriman,Breshad,Perriman,,,,Hamstring,,Full Participation in Practice,2019-10-25T10:29:10Z
2019,REG,TB,8,00-0034678,G,Alex Cappa,Alex,Cappa,Forearm,,Out,Forearm,,Did Not Participate In Practice,2019-10-25T10:29:49Z
2019,REG,TB,8,00-0034415,LB,Jack Cichy,Jack,Cichy,Elbow,,Out,Elbow,,Did Not Participate In Practice,2019-10-25T10:29:55Z
2019,REG,TB,8,00-0033879,TE,O.J. Howard,O.J.,Howard,Hamstring,,Out,Hamstring,,Did Not Participate In Practice,2019-10-25T10:30:00Z
2019,REG,TB,8,00-0026814,T,Demar Dotson,Demar,Dotson,Hamstring,,Questionable,Hamstring,,Limited Participation in Practice,2019-10-25T10:29:42Z
2019,REG,TEN,8,00-0033954,LB,Jayon Brown,Jayon,Brown,,,,Groin,,Full Participation in Practice,2019-10-25T11:53:31Z
2019,REG,TEN,8,00-0028015,DT,Jurrell Casey,Jurrell,Casey,,,,Shoulder,,Full Participation in Practice,2019-10-25T11:53:37Z
2019,REG,TEN,8,00-0033057,T,Jack Conklin,Jack,Conklin,,,,Quadricep,,Full Participation in Practice,2019-10-25T11:53:31Z
2019,REG,TEN,8,00-0035649,G,Nate Davis,Nate,Davis,,,,Rib,,Full Participation in Practice,2019-10-25T11:53:31Z
2019,REG,TEN,8,00-0033871,WR,Corey Davis,Corey,Davis,,,,Illness,,Full Participation in Practice,2019-10-25T11:53:31Z
2019,REG,TEN,8,00-0034743,LB,Rashaan Evans,Rashaan,Evans,,,,Shoulder,,Full Participation in Practice,2019-10-25T11:53:46Z
2019,REG,TEN,8,00-0025828,LB,Wesley Woodyard,Wesley,Woodyard,,,,Ankle,,Full Participation in Practice,2019-10-25T11:53:31Z
2019,REG,TEN,8,00-0034659,LB,Sharif Finch,Sharif,Finch,Shoulder,,Out,Shoulder,,Did Not Participate In Practice,2019-10-25T11:54:41Z
2019,REG,TEN,8,00-0033878,CB,Adoree' Jackson,Adoree',Jackson,Foot,,Out,Foot,,Did Not Participate In Practice,2019-10-25T11:54:49Z
2019,REG,TEN,8,00-0032353,CB,Chris Milton,Chris,Milton,Calf,,Out,Calf,,Did Not Participate In Practice,2019-10-25T11:54:55Z
2019,REG,TEN,8,00-0024389,TE,Delanie Walker,Delanie,Walker,Ankle,,Out,Ankle,,Did Not Participate In Practice,2019-10-25T11:55:01Z
2019,REG,TEN,8,00-0032386,LB,Kamalei Correa,Kamalei,Correa,Knee,,Questionable,Knee,,Limited Participation in Practice,2019-10-25T11:54:24Z
2019,REG,WAS,8,00-0028986,QB,Case Keenum,Case,Keenum,,,,right Shoulder,Foot,Full Participation in Practice,2019-10-23T11:07:38Z
2019,REG,WAS,8,00-0027954,LB,Ryan Kerrigan,Ryan,Kerrigan,,,,Elbow,,Full Participation in Practice,2019-10-23T11:07:38Z
2019,REG,WAS,8,00-0023894,T,Donald Penn,Donald,Penn,,,,Not Injury Related,,Limited Participation in Practice,2019-10-21T12:50:17Z
2019,REG,WAS,8,00-0031844,S,Deshazor Everett,Deshazor,Everett,Ankle,,Out,Ankle,,Did Not Participate In Practice,2019-10-23T11:08:32Z
2019,REG,WAS,8,00-0033532,LB,Josh Harvey-Clemons,Josh,Harvey-Clemons,Hamstring,,Out,Hamstring,,Did Not Participate In Practice,2019-10-23T11:08:36Z
2019,REG,WAS,8,00-0035263,G,Wes Martin,Wes,Martin,Chest,,Out,Chest,,Did Not Participate In Practice,2019-10-23T11:08:49Z
2019,REG,WAS,8,00-0030404,RB,Chris Thompson,Chris,Thompson,Toe,,Out,Toe,,Did Not Participate In Practice,2019-10-23T11:08:57Z
2019,REG,WAS,8,00-0024221,TE,Vernon Davis,Vernon,Davis,Concussion,,Out,Concussion,,Limited Participation in Practice,2019-10-23T11:08:27Z
2019,REG,WAS,8,00-0033527,S,Montae Nicholson,Montae,Nicholson,Ankle,,Questionable,Ankle,,Did Not Participate In Practice,2019-10-23T11:08:22Z
2019,REG,WAS,8,00-0029285,CB,Josh Norman,Josh,Norman,Thigh,Hand,Questionable,Thigh,Hand,Did Not Participate In Practice,2019-10-23T11:08:22Z
2019,REG,WAS,8,00-0025394,RB,Adrian Peterson,Adrian,Peterson,Ankle,,Questionable,Ankle,,Limited Participation in Practice,2019-10-23T11:08:22Z
2019,REG,WAS,8,00-0034928,WR,Steven Sims,Steven,Sims,Toe,,Questionable,Toe,,Limited Participation in Practice,2019-10-23T11:08:22Z
2019,REG,ARI,9,00-0028112,TE,Charles Clay,Charles,Clay,,,,Back,,Full Participation in Practice,2019-10-30T13:50:16Z
2019,REG,ARI,9,00-0033258,TE,Darrell Daniels,Darrell,Daniels,,,,Ankle,,Full Participation in Practice,2019-10-30T13:50:36Z
2019,REG,ARI,9,00-0034473,LB,Dennis Gardeck,Dennis,Gardeck,,,,Ankle,,Full Participation in Practice,2019-10-30T13:50:42Z
2019,REG,ARI,9,00-0031175,LB,Cassius Marsh,Cassius,Marsh,,,,Concussion,,Full Participation in Practice,2019-10-30T13:50:48Z
2019,REG,ARI,9,00-0033875,LB,Haason Reddick,Haason,Reddick,,,,Knee,,Full Participation in Practice,2019-10-30T13:50:54Z
2019,REG,ARI,9,00-0034487,WR,Trent Sherfield,Trent,Sherfield,,,,Knee,,Full Participation in Practice,2019-10-30T13:50:59Z
2019,REG,ARI,9,00-0035248,DE,Zach Allen,Zach,Allen,Neck,,Out,Neck,,Did Not Participate In Practice,2019-10-30T13:51:59Z
2019,REG,ARI,9,00-0034681,RB,Chase Edmonds,Chase,Edmonds,Hamstring,,Out,Hamstring,,Did Not Participate In Practice,2019-10-30T13:52:07Z
2019,REG,ARI,9,00-0032187,RB,David Johnson,David,Johnson,Ankle,,Questionable,Ankle,,Limited Participation in Practice,2019-10-30T13:51:36Z
2019,REG,ARI,9,00-0032528,T,Justin Murray,Justin,Murray,Knee,,Questionable,Knee,,Limited Participation in Practice,2019-10-30T13:51:36Z
2019,REG,BAL,9,00-0035662,WR,Marquise Brown,Marquise,Brown,Ankle,Thigh,Questionable,Ankle,Thigh,Did Not Participate In Practice,2019-11-01T13:32:59Z
2019,REG,BAL,9,00-0031188,S,Bennett Jackson,Bennett,Jackson,Ankle,,Questionable,Ankle,,Did Not Participate In Practice,2019-11-01T13:32:59Z
2019,REG,BAL,9,00-0027965,CB,Jimmy Smith,Jimmy,Smith,Knee,,Questionable,Knee,,Full Participation in Practice,2019-11-01T13:32:59Z
2019,REG,BAL,9,00-0032438,CB,Maurice Canady,Maurice,Canady,Thigh,,Questionable,Thigh,,Limited Participation in Practice,2019-11-01T13:32:59Z
2019,REG,BAL,9,00-0035112,G,Patrick Mekari,Patrick,Mekari,Back,,Questionable,Back,,Limited Participation in Practice,2019-11-01T13:32:59Z
2019,REG,BAL,9,00-0032573,LB,Patrick Onwuasor,Patrick,Onwuasor,Ankle,,Questionable,Ankle,,Limited Participation in Practice,2019-11-01T13:32:59Z
2019,REG,BAL,9,00-0027866,S,Earl Thomas,Earl,Thomas,Knee,,Questionable,Knee,,Limited Participation in Practice,2019-11-01T13:32:59Z
2019,REG,BUF,9,00-0033096,DE,Shaq Lawson,Shaq,Lawson,,,,Not Injury Related,,Did Not Participate In Practice,2019-11-01T11:32:04Z
2019,REG,BUF,9,00-0023259,LB,Lorenzo Alexander,Lorenzo,Alexander,,,,Rest,,Full Participation in Practice,2019-11-01T11:32:04Z
2019,REG,BUF,9,00-0023500,RB,Frank Gore,Frank,Gore,,,,Rest,,Full Participation in Practice,2019-11-01T11:32:19Z
2019,REG,BUF,9,00-0029709,T,Ty Nsekhe,Ty,Nsekhe,,,,Rest,,Full Participation in Practice,2019-11-01T11:32:04Z
2019,REG,BUF,9,00-0031393,LB,Maurice Alexander,Maurice,Alexander,Knee,,Out,Knee,,Did Not Participate In Practice,2019-11-01T11:32:46Z
2019,REG,BUF,9,00-0027835,S,Kurt Coleman,Kurt,Coleman,Hamstring,,Questionable,Hamstring,,Limited Participation in Practice,2019-11-01T11:32:32Z
2019,REG,BUF,9,00-0035238,T,Cody Ford,Cody,Ford,Elbow,,Questionable,Elbow,,Limited Participation in Practice,2019-11-01T11:32:32Z
2019,REG,BUF,9,00-0034514,CB,Levi Wallace,Levi,Wallace,Shoulder,,Questionable,Shoulder,,Limited Participation in Practice,2019-11-01T11:32:32Z
2019,REG,CAR,9,00-0035713,LB,Brian Burns,Brian,Burns,,,,Wrist,,Full Participation in Practice,2019-11-01T12:03:55Z
2019,REG,CAR,9,00-0032967,DT,Vernon Butler,Vernon,Butler,,,,Hip,,Full Participation in Practice,2019-11-01T12:03:55Z
2019,REG,CAR,9,00-0033280,RB,Christian McCaffrey,Christian,McCaffrey,,,,Knee,,Full Participation in Practice,2019-11-01T12:03:55Z
2019,REG,CAR,9,00-0027856,DT,Gerald McCoy,Gerald,McCoy,,,,Knee,,Full Participation in Practice,2019-11-01T12:04:10Z
2019,REG,CAR,9,00-0030548,S,Eric Reid,Eric,Reid,,,,Shoulder,,Full Participation in Practice,2019-11-01T12:03:55Z
2019,REG,CAR,9,00-0031550,LB,Shaq Thompson,Shaq,Thompson,,,,Ankle,,Full Participation in Practice,2019-11-01T12:04:22Z
2019,REG,CAR,9,00-0029572,WR,Jarius Wright,Jarius,Wright,,,,Ankle,,Full Participation in Practice,2019-11-01T12:03:55Z
2019,REG,CAR,9,00-0035694,T,Greg Little,Greg,Little,Concussion,,Out,Concussion,,Did Not Participate In Practice,2019-11-01T12:04:43Z
2019,REG,CAR,9,00-0027939,QB,Cam Newton,Cam,Newton,Foot,,Out,Foot,,Did Not Participate In Practice,2019-11-01T12:04:52Z
2019,REG,CAR,9,00-0028339,LB,Mario Addison,Mario,Addison,Not Injury Related,,Questionable,Not Injury Related,,Did Not Participate In Practice,2019-11-01T12:04:35Z
2019,REG,CAR,9,00-0033282,WR,Curtis Samuel,Curtis,Samuel,Shoulder,,Questionable,Shoulder,,Did Not Participate In Practice,2019-11-01T12:04:35Z
2019,REG,CAR,9,00-0035257,LB,Christian Miller,Christian,Miller,Ankle,,Questionable,Ankle,,Limited Participation in Practice,2019-11-01T12:04:35Z
2019,REG,CHI,9,00-0030710,TE,Trey Burton,Trey,Burton,,,,Groin,,Limited Participation in Practice,2019-11-01T11:18:52Z
2019,REG,CHI,9,00-0031228,WR,Taylor Gabriel,Taylor,Gabriel,,,,Shin,,Limited Participation in Practice,2019-11-01T11:19:06Z
2019,REG,CHI,9,00-0033784,S,Eddie Jackson,Eddie,Jackson,,,,Hamstring,,Limited Participation in Practice,2019-11-01T11:19:22Z
2019,REG,CHI,9,00-0034387,DT,Bilal Nichols,Bilal,Nichols,,,,Knee,,Limited Participation in Practice,2019-11-01T11:19:36Z
2019,REG,CHI,9,00-0033635,LB,Isaiah Irving,Isaiah,Irving,Quadricep,,Out,Quadricep,,Did Not Participate In Practice,2019-11-01T11:19:55Z
2019,REG,CLE,9,00-0034977,S,Sheldrick Redwine,Sheldrick,Redwine,,,,Hamstring,,Full Participation in Practice,2019-11-01T11:51:06Z
2019,REG,CLE,9,00-0031512,S,Jermaine Whitehead,Jermaine,Whitehead,,,,Hand,,Full Participation in Practice,2019-11-01T11:51:06Z
2019,REG,CLE,9,00-0031235,WR,Odell Beckham,Odell,Beckham,,,,Groin,,Limited Participation in Practice,2019-11-01T11:51:06Z
2019,REG,CLE,9,00-0031382,WR,Jarvis Landry,Jarvis,Landry,,,,Shoulder,,Limited Participation in Practice,2019-11-01T11:51:06Z
2019,REG,CLE,9,00-0033439,TE,Pharaoh Brown,Pharaoh,Brown,Concussion,,Out,Concussion,,Did Not Participate In Practice,2019-11-01T11:53:54Z
2019,REG,CLE,9,00-0034251,DT,Daniel Ekuale,Daniel,Ekuale,Calf,,Out,Calf,,Did Not Participate In Practice,2019-11-01T11:54:01Z
2019,REG,CLE,9,00-0033038,S,Eric Murray,Eric,Murray,Knee,,Out,Knee,,Did Not Participate In Practice,2019-11-01T11:54:57Z
2019,REG,CLE,9,00-0032251,S,Damarious Randall,Damarious,Randall,Hamstring,,Out,Hamstring,,Did Not Participate In Practice,2019-11-01T11:55:06Z
2019,REG,CLE,9,00-0031921,T,Kendall Lamm,Kendall,Lamm,Knee,,Questionable,Knee,,Full Participation in Practice,2019-11-01T11:53:40Z
2019,REG,DAL,9,00-0027663,LB,Sean Lee,Sean,Lee,,,,Not Injury Related,,Did Not Participate In Practice,2019-11-02T11:40:35Z
2019,REG,DAL,9,00-0034373,DE,Dorance Armstrong,Dorance,Armstrong,,,,Neck,,Full Participation in Practice,2019-11-02T11:40:20Z
2019,REG,DAL,9,00-0031544,WR,Amari Cooper,Amari,Cooper,,,,Ankle,,Full Participation in Practice,2019-11-02T11:40:20Z
2019,REG,DAL,9,00-0034764,WR,Michael Gallup,Michael,Gallup,,,,Knee,,Full Participation in Practice,2019-11-02T11:40:20Z
2019,REG,DAL,9,00-0027952,DE,Robert Quinn,Robert,Quinn,,,,Rib,,Full Participation in Practice,2019-11-02T11:40:20Z
2019,REG,DAL,9,00-0031534,T,La'el Collins,La'el,Collins,,,,Knee,,Limited Participation in Practice,2019-11-02T11:40:20Z
2019,REG,DAL,9,00-0031402,G,Zack Martin,Zack,Martin,,,,Back,Ankle,Limited Participation in Practice,2019-11-02T11:40:20Z
2019,REG,DAL,9,00-0027947,T,Tyron Smith,Tyron,Smith,,,,Ankle,,Limited Participation in Practice,2019-11-02T11:40:20Z
2019,REG,DAL,9,00-0031067,T,Cameron Fleming,Cameron,Fleming,Calf,,Out,Calf,,Did Not Participate In Practice,2019-11-02T11:40:57Z
2019,REG,DAL,9,00-0033047,CB,Anthony Brown,Anthony,Brown,Hamstring,,Questionable,Hamstring,,Limited Participation in Practice,2019-11-02T11:40:36Z
2019,REG,DAL,9,00-0034674,LB,Leighton Vander Esch,Leighton,Vander Esch,Neck,,Questionable,Neck,,Limited Participation in Practice,2019-11-02T11:40:36Z
2019,REG,DEN,9,00-0026158,QB,Joe Flacco,Joe,Flacco,,,,Neck,,Did Not Participate In Practice,2019-10-31T14:54:03Z
2019,REG,DEN,9,00-0031350,LB,Corey Nelson,Corey,Nelson,,,,Biceps,,Did Not Participate In Practice,2019-10-31T14:54:03Z
2019,REG,DEN,9,00-0031427,LB,Todd Davis,Todd,Davis,,,,Knee,Hip,Full Participation in Practice,2019-11-01T12:26:27Z
2019,REG,DEN,9,00-0035591,LB,Justin Hollins,Justin,Hollins,,,,Knee,,Full Participation in Practice,2019-11-01T12:26:13Z
2019,REG,DEN,9,00-0033659,LB,Joseph Jones,Joseph,Jones,,,,Ribs,,Full Participation in Practice,2019-11-01T12:27:14Z
2019,REG,DEN,9,00-0029010,G,Ronald Leary,Ronald,Leary,,,,Not Injury Related,,Full Participation in Practice,2019-11-01T12:26:13Z
2019,REG,DEN,9,00-0034109,RB,Phillip Lindsay,Phillip,Lindsay,,,,Wrist,,Full Participation in Practice,2019-11-01T12:26:13Z
2019,REG,DEN,9,00-0027940,LB,Von Miller,Von,Miller,,,,Knee,,Full Participation in Practice,2019-11-01T12:26:33Z
2019,REG,DEN,9,00-0035702,G,Dalton Risner,Dalton,Risner,,,,Ankle,,Full Participation in Practice,2019-11-01T12:27:07Z
2019,REG,DEN,9,00-0031904,CB,Bryce Callahan,Bryce,Callahan,Foot,,Out,Foot,,Did Not Participate In Practice,2019-11-01T12:27:49Z
2019,REG,DEN,9,00-0032227,TE,Jeff Heuerman,Jeff,Heuerman,Knee,,Out,Knee,,Did Not Participate In Practice,2019-11-01T12:27:55Z
2019,REG,DEN,9,00-0031417,T,Ja'Wuan James,Ja'Wuan,James,Knee,,Out,Knee,,Did Not Participate In Practice,2019-11-01T12:28:04Z
2019,REG,DEN,9,00-0032958,S,Will Parks,Will,Parks,Hand,,Out,Hand,,Did Not Participate In Practice,2019-11-01T12:28:19Z
2019,REG,DEN,9,00-0033782,DE,DeMarcus Walker,DeMarcus,Walker,Shoulder,,Questionable,Shoulder,,Limited Participation in Practice,2019-11-01T12:27:42Z
2019,REG,DET,9,00-0034371,DE,Da'Shawn Hand,Da'Shawn,Hand,,,,Not Injury Related,,Full Participation in Practice,2019-11-01T12:56:10Z
2019,REG,DET,9,00-0026498,QB,Matthew Stafford,Matthew,Stafford,,,,Hip,,Full Participation in Practice,2019-11-01T12:56:10Z
2019,REG,DET,9,00-0034745,S,Tracy Walker,Tracy,Walker,Knee,,Out,Knee,,Did Not Participate In Practice,2019-11-01T12:57:52Z
2019,REG,DET,9,00-0029284,DT,Mike Daniels,Mike,Daniels,Foot,,Doubtful,Foot,,Limited Participation in Practice,2019-11-01T12:57:47Z
2019,REG,DET,9,00-0032395,G,Graham Glasgow,Graham,Glasgow,Back,,Questionable,Back,,Full Participation in Practice,2019-11-01T12:57:36Z
2019,REG,DET,9,00-0030062,CB,Darius Slay,Darius,Slay,Hamstring,,Questionable,Hamstring,,Full Participation in Practice,2019-11-01T12:57:36Z
2019,REG,DET,9,00-0032540,RB,Tra Carson,Tra,Carson,Hamstring,,Questionable,Hamstring,,Limited Participation in Practice,2019-11-01T12:57:36Z
2019,REG,DET,9,00-0029040,DT,Damon Harrison,Damon,Harrison,Groin,Not Injury Related,Questionable,Groin,Not Injury Related,Limited Participation in Practice,2019-11-01T12:57:36Z
2019,REG,DET,9,00-0035270,CB,Amani Oruwariye,Amani,Oruwariye,Knee,,Questionable,Knee,,Limited Participation in Practice,2019-11-01T12:57:36Z
2019,REG,DET,9,00-0032889,DT,A'Shawn Robinson,A'Shawn,Robinson,Knee,,Questionable,Knee,,Limited Participation in Practice,2019-11-01T12:57:36Z
2019,REG,GB,9,00-0031584,S,Adrian Amos,Adrian,Amos,,,,Shoulder,,Full Participation in Practice,2019-11-01T11:47:14Z
2019,REG,GB,9,00-0030074,T,David Bakhtiari,David,Bakhtiari,,,,Rib,,Full Participation in Practice,2019-11-01T11:47:14Z
2019,REG,GB,9,00-0034754,LB,Oren Burks,Oren,Burks,,,,Chest,,Full Participation in Practice,2019-11-01T11:47:14Z
2019,REG,GB,9,00-0033120,DT,Kenny Clark,Kenny,Clark,,,,Shin,,Full Participation in Practice,2019-11-01T11:47:14Z
2019,REG,GB,9,00-0034967,LB,Rashan Gary,Rashan,Gary,,,,Shoulder,,Full Participation in Practice,2019-11-01T11:47:14Z
2019,REG,GB,9,00-0033293,RB,Aaron Jones,Aaron,Jones,,,,Shoulder,,Full Participation in Practice,2019-11-01T11:47:50Z
2019,REG,GB,9,00-0033524,CB,Kevin King,Kevin,King,,,,Groin,,Full Participation in Practice,2019-11-01T11:47:14Z
2019,REG,GB,9,00-0031019,C,Corey Linsley,Corey,Linsley,,,,Back,,Full Participation in Practice,2019-11-01T11:47:14Z
2019,REG,GB,9,00-0032408,LB,Blake Martinez,Blake,Martinez,,,,Hand,Shoulder,Full Participation in Practice,2019-11-01T11:47:14Z
2019,REG,GB,9,00-0033124,S,Will Redmond,Will,Redmond,,,,Ankle,Elbow,Full Participation in Practice,2019-11-01T11:47:14Z
2019,REG,GB,9,00-0023459,QB,Aaron Rodgers,Aaron,Rodgers,,,,Knee,,Full Participation in Practice,2019-11-01T11:47:14Z
2019,REG,GB,9,00-0034968,S,Darnell Savage,Darnell,Savage,,,,Ankle,,Full Participation in Practice,2019-11-01T11:47:14Z
2019,REG,GB,9,00-0031935,LB,Preston Smith,Preston,Smith,,,,Hip,,Full Participation in Practice,2019-11-01T11:47:14Z
2019,REG,GB,9,00-0031576,LB,Za'Darius Smith,Za'Darius,Smith,,,,Rib,,Full Participation in Practice,2019-11-01T11:47:14Z
2019,REG,GB,9,00-0034272,WR,Marquez Valdes-Scantling,Marquez,Valdes-Scantling,,,,Ankle,Knee,Full Participation in Practice,2019-11-01T11:48:31Z
2019,REG,GB,9,00-0027875,T,Bryan Bulaga,Bryan,Bulaga,,,,Finger,,Limited Participation in Practice,2019-11-01T11:47:14Z
2019,REG,GB,9,00-0027696,TE,Jimmy Graham,Jimmy,Graham,,,,Ankle,,Limited Participation in Practice,2019-11-01T11:47:14Z
2019,REG,GB,9,00-0024243,TE,Marcedes Lewis,Marcedes,Lewis,,,,Not Injury Related,,Limited Participation in Practice,2019-11-01T11:47:14Z
2019,REG,GB,9,00-0032794,RB,Dan Vitale,Dan,Vitale,,,,Knee,,Limited Participation in Practice,2019-11-01T11:47:14Z
2019,REG,GB,9,00-0024061,CB,Tramon Williams,Tramon,Williams,,,,Knee,,Limited Participation in Practice,2019-11-01T11:47:14Z
2019,REG,GB,9,00-0031381,WR,Davante Adams,Davante,Adams,Toe,,Questionable,Toe,,Limited Participation in Practice,2019-11-01T11:48:46Z
2019,REG,GB,9,00-0033757,TE,Robert Tonyan,Robert,Tonyan,Hip,,Questionable,Hip,,Limited Participation in Practice,2019-11-01T11:48:46Z
2019,REG,HOU,9,00-0033765,LB,Dylan Cole,Dylan,Cole,,,,Knee,,Full Participation in Practice,2019-11-01T12:26:09Z
2019,REG,HOU,9,00-0033882,CB,Gareon Conley,Gareon,Conley,,,,Hamstring,,Full Participation in Practice,2019-11-01T12:26:09Z
2019,REG,HOU,9,00-0030564,WR,DeAndre Hopkins,DeAndre,Hopkins,,,,Thumb,,Full Participation in Practice,2019-11-01T12:26:09Z
2019,REG,HOU,9,00-0033569,T,Roderick Johnson,Roderick,Johnson,,,,Neck,,Full Participation in Practice,2019-11-01T12:26:09Z
2019,REG,HOU,9,00-0028063,RB,Taiwan Jones,Taiwan,Jones,,,,Hip,,Full Participation in Practice,2019-11-01T12:26:09Z
2019,REG,HOU,9,00-0024239,CB,Johnathan Joseph,Johnathan,Joseph,,,,Neck,,Full Participation in Practice,2019-11-01T12:26:09Z
2019,REG,HOU,9,00-0034594,S,A.J. Moore,A.J.,Moore,,,,Knee,,Full Participation in Practice,2019-11-01T12:26:09Z
2019,REG,HOU,9,00-0035279,DE,Charles Omenihu,Charles,Omenihu,,,,Knee,,Full Participation in Practice,2019-11-01T12:26:09Z
2019,REG,HOU,9,00-0030085,WR,Kenny Stills,Kenny,Stills,,,,Hamstring,,Full Participation in Practice,2019-11-01T12:26:09Z
2019,REG,HOU,9,00-0033537,QB,Deshaun Watson,Deshaun,Watson,,,,Eye,,Full Participation in Practice,2019-11-01T12:26:09Z
2019,REG,HOU,9,00-0027224,LS,Jonathan Weeks,Jonathan,Weeks,,,,Ankle,,Full Participation in Practice,2019-11-01T12:26:09Z
2019,REG,HOU,9,00-0033127,WR,Will Fuller,Will,Fuller,Hamstring,,Out,Hamstring,,Did Not Participate In Practice,2019-11-01T12:26:31Z
2019,REG,HOU,9,00-0028924,S,Tashaun Gipson,Tashaun,Gipson,Back,Wrist,Out,Back,Wrist,Did Not Participate In Practice,2019-11-01T12:26:48Z
2019,REG,HOU,9,00-0035244,CB,Lonnie Johnson,Lonnie,Johnson,Concussion,,Out,Concussion,,Did Not Participate In Practice,2019-11-01T12:27:05Z
2019,REG,HOU,9,00-0031923,C,Greg Mancz,Greg,Mancz,Concussion,,Out,Concussion,,Did Not Participate In Practice,2019-11-01T12:27:18Z
2019,REG,HOU,9,00-0031372,CB,Bradley Roby,Bradley,Roby,Hamstring,,Out,Hamstring,,Did Not Participate In Practice,2019-11-01T12:27:29Z
2019,REG,HOU,9,00-0035234,T,Tytus Howard,Tytus,Howard,Knee,,Questionable,Knee,,Full Participation in Practice,2019-11-01T12:27:51Z
2019,REG,HOU,9,00-0032380,T,Laremy Tunsil,Laremy,Tunsil,Shoulder,,Questionable,Shoulder,,Limited Participation in Practice,2019-11-01T12:27:41Z
2019,REG,IND,9,00-0027960,T,Anthony Castonzo,Anthony,Castonzo,,,,Not Injury Related,,Did Not Participate In Practice,2019-11-01T11:51:22Z
2019,REG,IND,9,00-0031571,S,Clayton Geathers,Clayton,Geathers,,,,Not Injury Related,,Did Not Participate In Practice,2019-11-01T11:51:37Z
2019,REG,IND,9,00-0031254,DT,Denico Autry,Denico,Autry,,,,Neck,,Full Participation in Practice,2019-11-01T11:49:37Z
2019,REG,IND,9,00-0031938,DT,Carl Davis,Carl,Davis,,,,Hamstring,,Full Participation in Practice,2019-11-01T11:49:47Z
2019,REG,IND,9,00-0031387,TE,Eric Ebron,Eric,Ebron,,,,Ankle,,Full Participation in Practice,2019-11-01T11:49:57Z
2019,REG,IND,9,00-0034359,DT,Tyquan Lewis,Tyquan,Lewis,,,,Ankle,,Full Participation in Practice,2019-11-01T11:49:37Z
2019,REG,IND,9,00-0033393,CB,Kenny Moore,Kenny,Moore,,,,Knee,,Full Participation in Practice,2019-11-01T11:49:37Z
2019,REG,IND,9,00-0034342,G,Quenton Nelson,Quenton,Nelson,,,,Hip,Neck,Full Participation in Practice,2019-11-01T11:50:28Z
2019,REG,IND,9,00-0027975,DE,Jabaal Sheard,Jabaal,Sheard,,,,Foot,,Full Participation in Practice,2019-11-01T11:49:37Z
2019,REG,IND,9,00-0035530,S,Khari Willis,Khari,Willis,,,,Foot,,Full Participation in Practice,2019-11-01T11:49:37Z
2019,REG,IND,9,00-0029608,WR,T.Y. Hilton,T.Y.,Hilton,Calf,,Out,Calf,,Did Not Participate In Practice,2019-11-01T11:52:48Z
2019,REG,IND,9,00-0031331,CB,Pierre Desir,Pierre,Desir,Hamstring,,Doubtful,Hamstring,,Did Not Participate In Practice,2019-11-01T11:52:38Z
2019,REG,IND,9,00-0033877,S,Malik Hooker,Malik,Hooker,Knee,,Questionable,Knee,,Did Not Participate In Practice,2019-11-01T11:52:24Z
2019,REG,IND,9,00-0028008,DE,Justin Houston,Justin,Houston,Calf,,Questionable,Calf,,Did Not Participate In Practice,2019-11-01T11:52:24Z
2019,REG,JAX,9,00-0029691,CB,Josh Robinson,Josh,Robinson,,,,Not Injury Related,,Did Not Participate In Practice,2019-10-31T10:22:39Z
2019,REG,JAX,9,00-0026190,DE,Calais Campbell,Calais,Campbell,,,,Back,,Full Participation in Practice,2019-11-01T10:40:33Z
2019,REG,JAX,9,00-0029418,LB,Najee Goode,Najee,Goode,,,,Toe,,Full Participation in Practice,2019-11-01T10:37:37Z
2019,REG,JAX,9,00-0031369,C,Brandon Linder,Brandon,Linder,,,,Shoulder,,Full Participation in Practice,2019-11-01T10:38:13Z
2019,REG,JAX,9,00-0035289,QB,Gardner Minshew,Gardner,Minshew,,,,right Shoulder,,Full Participation in Practice,2019-11-01T10:35:11Z
2019,REG,JAX,9,00-0034380,T,Will Richardson,Will,Richardson,,,,Knee,,Full Participation in Practice,2019-11-01T10:40:09Z
2019,REG,JAX,9,00-0032525,S,Jarrod Wilson,Jarrod,Wilson,,,,Knee,,Full Participation in Practice,2019-11-01T10:37:07Z
2019,REG,JAX,9,00-0034777,WR,D.J. Chark,D.J.,Chark,,,,Quadricep,,Limited Participation in Practice,2019-11-01T10:36:30Z
2019,REG,JAX,9,00-0032087,K,Josh Lambo,Josh,Lambo,,,,right Groin,,Limited Participation in Practice,2019-11-01T10:36:00Z
2019,REG,JAX,9,00-0031122,G,Andrew Norwell,Andrew,Norwell,,,,Calf,,Limited Participation in Practice,2019-11-01T10:38:39Z
2019,REG,JAX,9,00-0034428,LB,Leon Jacobs,Leon,Jacobs,Hamstring,,Out,Hamstring,,Did Not Participate In Practice,2019-11-01T10:43:55Z
2019,REG,JAX,9,00-0035680,LB,Quincy Williams,Quincy,Williams,Hamstring,,Out,Hamstring,,Did Not Participate In Practice,2019-11-01T10:44:14Z
2019,REG,JAX,9,00-0030572,CB,D.J. Hayden,D.J.,Hayden,Neck,Shoulder,Questionable,Neck,Shoulder,Limited Participation in Practice,2019-11-01T10:43:09Z
2019,REG,JAX,9,00-0033839,WR,Dede Westbrook,Dede,Westbrook,Neck,Shoulder,Questionable,Neck,Shoulder,Limited Participation in Practice,2019-11-01T10:43:28Z
2019,REG,KC,9,00-0032062,TE,Blake Bell,Blake,Bell,,,,Back,,Full Participation in Practice,2019-11-01T12:28:12Z
2019,REG,KC,9,00-0031052,CB,Bashaud Breeland,Bashaud,Breeland,,,,Shoulder,,Full Participation in Practice,2019-11-01T12:28:55Z
2019,REG,KC,9,00-0033831,G,Andrew Wylie,Andrew,Wylie,,,,Ankle,,Full Participation in Practice,2019-11-01T12:28:12Z
2019,REG,KC,9,00-0023534,P,Dustin Colquitt,Dustin,Colquitt,,,,left Thigh,,Limited Participation in Practice,2019-11-01T12:28:12Z
2019,REG,KC,9,00-0031022,G,Laurent Duvernay-Tardif,Laurent,Duvernay-Tardif,Ankle,,Out,Ankle,,Did Not Participate In Practice,2019-11-01T12:30:33Z
2019,REG,KC,9,00-0030584,T,Eric Fisher,Eric,Fisher,Groin,,Out,Groin,,Did Not Participate In Practice,2019-11-01T12:30:00Z
2019,REG,KC,9,00-0030503,DE,Alex Okafor,Alex,Okafor,Ankle,,Out,Ankle,,Did Not Participate In Practice,2019-11-01T12:30:17Z
2019,REG,KC,9,00-0032762,DT,Chris Jones,Chris,Jones,Groin,,Questionable,Groin,,Full Participation in Practice,2019-11-01T12:29:33Z
2019,REG,KC,9,00-0032210,DE,Frank Clark,Frank,Clark,Neck,,Questionable,Neck,,Limited Participation in Practice,2019-11-01T12:29:33Z
2019,REG,KC,9,00-0033084,CB,Kendall Fuller,Kendall,Fuller,Thumb,,Questionable,Thumb,,Limited Participation in Practice,2019-11-01T12:29:33Z
2019,REG,KC,9,00-0033873,QB,Patrick Mahomes,Patrick,Mahomes,Knee,,Questionable,Knee,,Limited Participation in Practice,2019-11-01T12:29:33Z
2019,REG,LAC,9,00-0023448,LB,Thomas Davis,Thomas,Davis,,,,Not Injury Related,,Did Not Participate In Practice,2019-10-31T14:12:12Z
2019,REG,LAC,9,00-0030279,WR,Keenan Allen,Keenan,Allen,,,,Hamstring,,Full Participation in Practice,2019-11-01T12:28:22Z
2019,REG,LAC,9,00-0027859,T,Russell Okung,Russell,Okung,,,,Calf,,Full Participation in Practice,2019-11-01T12:28:22Z
2019,REG,LAC,9,00-0035315,DT,Cortez Broughton,Cortez,Broughton,Illness,,Out,Illness,,Did Not Participate In Practice,2019-11-01T12:29:00Z
2019,REG,LAC,9,00-0035437,S,Roderic Teamer,Roderic,Teamer,Groin,,Doubtful,Groin,,Did Not Participate In Practice,2019-11-01T12:29:40Z
2019,REG,LAC,9,00-0034677,DT,Justin Jones,Justin,Jones,Shoulder,,Doubtful,Shoulder,,Limited Participation in Practice,2019-11-01T12:29:13Z
2019,REG,LAC,9,00-0025472,DT,Brandon Mebane,Brandon,Mebane,Knee,,Doubtful,Knee,,Limited Participation in Practice,2019-11-01T12:29:22Z
2019,REG,LAC,9,00-0030148,DT,Damion Square,Damion,Square,Back,,Questionable,,,"
    ",2019-11-02T13:01:14Z
2019,REG,LAC,9,00-0031953,WR,Geremy Davis,Geremy,Davis,Hamstring,,Questionable,Hamstring,,Did Not Participate In Practice,2019-11-01T12:28:49Z
2019,REG,MIA,9,00-0033939,LB,Vince Biegel,Vince,Biegel,,,,Neck,,Full Participation in Practice,2019-10-31T11:42:22Z
2019,REG,MIA,9,00-0031893,T,Jesse Davis,Jesse,Davis,,,,Elbow,Toe,Full Participation in Practice,2019-11-01T10:51:54Z
2019,REG,MIA,9,00-0034145,CB,Chris Lammons,Chris,Lammons,,,,Ankle,Toe,Full Participation in Practice,2019-11-01T10:51:54Z
2019,REG,MIA,9,00-0035346,CB,Nik Needham,Nik,Needham,,,,Foot,,Full Participation in Practice,2019-11-01T10:51:54Z
2019,REG,MIA,9,00-0030669,WR,Albert Wilson,Albert,Wilson,,,,Ankle,Hip,Full Participation in Practice,2019-11-01T10:53:34Z
2019,REG,MIA,9,00-0031587,S,Bobby McCain,Bobby,McCain,,,,Shoulder,,Limited Participation in Practice,2019-11-01T10:51:54Z
2019,REG,MIA,9,00-0032761,DT,Robert Nkemdiche,Robert,Nkemdiche,,,,Knee,,Limited Participation in Practice,2019-11-01T10:51:54Z
2019,REG,MIA,9,00-0035318,CB,Ken Webster,Ken,Webster,Ankle,,Out,Ankle,,Did Not Participate In Practice,2019-11-01T10:54:51Z
2019,REG,MIA,9,00-0027762,S,Reshad Jones,Reshad,Jones,Chest,,Doubtful,Chest,,Limited Participation in Practice,2019-11-01T10:53:56Z
2019,REG,MIA,9,00-0028101,C,Daniel Kilgore,Daniel,Kilgore,Knee,,Doubtful,Knee,,Limited Participation in Practice,2019-11-01T10:54:04Z
2019,REG,MIA,9,00-0033608,CB,Ryan Lewis,Ryan,Lewis,Knee,,Questionable,Knee,,Full Participation in Practice,2019-11-01T10:53:37Z
2019,REG,MIA,9,00-0031307,S,Walt Aikens,Walt,Aikens,Hip,,Questionable,Hip,,Limited Participation in Practice,2019-11-01T10:53:37Z
2019,REG,MIA,9,00-0033574,DE,Avery Moss,Avery,Moss,Ankle,,Questionable,Ankle,,Limited Participation in Practice,2019-11-01T10:53:37Z
2019,REG,MIA,9,00-0027609,T,J'Marcus Webb,J'Marcus,Webb,Quadricep,,Questionable,Quadricep,,Limited Participation in Practice,2019-11-01T10:53:37Z
2019,REG,MIN,9,00-0027885,DT,Linval Joseph,Linval,Joseph,,,,Knee,,Full Participation in Practice,2019-11-01T11:25:08Z
2019,REG,MIN,9,00-0031242,DT,Shamar Stephen,Shamar,Stephen,,,,Knee,,Full Participation in Practice,2019-11-01T11:25:08Z
2019,REG,MIN,9,00-0030035,WR,Adam Thielen,Adam,Thielen,Hamstring,,Questionable,Hamstring,,Limited Participation in Practice,2019-11-01T11:25:15Z
2019,REG,NE,9,00-0019596,QB,Tom Brady,Tom,Brady,,,,right Shoulder,,Limited Participation in Practice,2019-10-30T12:58:00Z
2019,REG,NE,9,00-0031744,TE,Matt LaCosse,Matt,LaCosse,Knee,,Out,Knee,,Limited Participation in Practice,2019-11-02T11:16:01Z
2019,REG,NE,9,00-0030288,RB,Rex Burkhead,Rex,Burkhead,Foot,,Questionable,Foot,,Limited Participation in Practice,2019-11-01T12:12:56Z
2019,REG,NE,9,00-0027010,S,Patrick Chung,Patrick,Chung,Heel,Chest,Questionable,Heel,Chest,Limited Participation in Practice,2019-11-01T12:12:56Z
2019,REG,NE,9,00-0027150,WR,Julian Edelman,Julian,Edelman,Chest,Shoulder,Questionable,Chest,Shoulder,Limited Participation in Practice,2019-11-01T12:12:56Z
2019,REG,NE,9,00-0034439,TE,Ryan Izzo,Ryan,Izzo,Concussion,,Questionable,Concussion,,Limited Participation in Practice,2019-11-01T12:12:56Z
2019,REG,NE,9,00-0031580,G,Shaquille Mason,Shaquille,Mason,Ankle,,Questionable,Ankle,,Limited Participation in Practice,2019-11-01T12:12:56Z
2019,REG,NE,9,00-0035645,WR,Gunner Olszewski,Gunner,Olszewski,Ankle,Hamstring,Questionable,Ankle,Hamstring,Limited Participation in Practice,2019-11-01T12:12:56Z
2019,REG,NE,9,00-0031062,RB,James White,James,White,Toe,,Questionable,Toe,,Limited Participation in Practice,2019-11-01T12:12:56Z
2019,REG,NYG,9,00-0035633,CB,Corey Ballentine,Corey,Ballentine,,,,Concussion,,Full Participation in Practice,2019-11-02T09:39:59Z
2019,REG,NYG,9,00-0034502,CB,Grant Haley,Grant,Haley,,,,Knee,,Full Participation in Practice,2019-11-02T09:39:59Z
2019,REG,NYG,9,00-0032385,WR,Sterling Shepard,Sterling,Shepard,,,,Concussion,,Full Participation in Practice,2019-11-02T09:39:59Z
2019,REG,NYJ,9,00-0034164,RB,Trenton Cannon,Trenton,Cannon,,,,Foot,Ankle,Did Not Participate In Practice,2019-10-31T12:34:47Z
2019,REG,NYJ,9,00-0035276,LB,Blake Cashman,Blake,Cashman,,,,Shoulder,,Did Not Participate In Practice,2019-10-31T12:36:35Z
2019,REG,NYJ,9,00-0033872,S,Jamal Adams,Jamal,Adams,,,,Foot,,Full Participation in Practice,2019-11-01T12:39:25Z
2019,REG,NYJ,9,00-0032269,DE,Henry Anderson,Henry,Anderson,,,,Shoulder,,Full Participation in Practice,2019-11-01T12:39:33Z
2019,REG,NYJ,9,00-0030010,LB,Brandon Copeland,Brandon,Copeland,,,,Thumb,,Full Participation in Practice,2019-11-01T12:38:35Z
2019,REG,NYJ,9,00-0031941,WR,Jamison Crowder,Jamison,Crowder,,,,Knee,,Full Participation in Practice,2019-11-01T12:38:35Z
2019,REG,NYJ,9,00-0034869,QB,Sam Darnold,Sam,Darnold,,,,left Thumb,,Full Participation in Practice,2019-11-01T12:38:35Z
2019,REG,NYJ,9,00-0035698,T,Chuma Edoga,Chuma,Edoga,,,,Ankle,,Full Participation in Practice,2019-11-01T12:38:35Z
2019,REG,NYJ,9,00-0034275,DE,Folorunso Fatukasi,Folorunso,Fatukasi,,,,Knees,,Full Participation in Practice,2019-11-01T12:38:35Z
2019,REG,NYJ,9,00-0033568,CB,Nate Hairston,Nate,Hairston,,,,Thumb,Knee,Full Participation in Practice,2019-11-01T12:38:35Z
2019,REG,NYJ,9,00-0032407,G,Alex Lewis,Alex,Lewis,,,,Elbow,Neck,Full Participation in Practice,2019-11-01T12:38:35Z
2019,REG,NYJ,9,00-0032200,RB,Ty Montgomery,Ty,Montgomery,,,,Not Injury Related,,Full Participation in Practice,2019-11-01T12:38:35Z
2019,REG,NYJ,9,00-0034631,WR,Vyncint Smith,Vyncint,Smith,,,,Ankle,Elbow,Full Participation in Practice,2019-11-01T12:38:35Z
2019,REG,NYJ,9,00-0030066,G,Brian Winters,Brian,Winters,,,,Shoulder,Knee,Full Participation in Practice,2019-11-01T12:39:41Z
2019,REG,NYJ,9,00-0029319,WR,Josh Bellamy,Josh,Bellamy,Foot,Shoulder,Out,Foot,Shoulder,Did Not Participate In Practice,2019-11-01T12:40:15Z
2019,REG,NYJ,9,00-0029690,CB,Trumaine Johnson,Trumaine,Johnson,Ankles,,Out,Ankles,,Did Not Participate In Practice,2019-11-01T12:41:40Z
2019,REG,NYJ,9,00-0025446,C,Ryan Kalil,Ryan,Kalil,Knee,Elbow,Out,Knee,Elbow,Did Not Participate In Practice,2019-11-01T12:41:28Z
2019,REG,NYJ,9,00-0030170,S,Rontez Miles,Rontez,Miles,Neck,Hip,Out,Neck,Hip,Did Not Participate In Practice,2019-11-01T12:41:11Z
2019,REG,NYJ,9,00-0031296,LB,C.J. Mosley,C.J.,Mosley,Groin,,Out,Groin,,Did Not Participate In Practice,2019-11-01T12:40:36Z
2019,REG,NYJ,9,00-0031740,LB,Neville Hewitt,Neville,Hewitt,Neck,Knee,Doubtful,Neck,Knee,Limited Participation in Practice,2019-11-01T12:40:46Z
2019,REG,NYJ,9,00-0029316,T,Kelvin Beachum,Kelvin,Beachum,Ankle,,Questionable,Ankle,,Limited Participation in Practice,2019-11-01T12:39:45Z
2019,REG,NYJ,9,00-0034419,WR,Braxton Berrios,Braxton,Berrios,Hamstring,,Questionable,Hamstring,,Limited Participation in Practice,2019-11-01T12:39:45Z
2019,REG,NYJ,9,00-0034766,TE,Christopher Herndon,Christopher,Herndon,Hamstring,,Questionable,Hamstring,,Limited Participation in Practice,2019-11-01T12:39:45Z
2019,REG,NYJ,9,00-0026564,DT,Steve McLendon,Steve,McLendon,Hamstring,,Questionable,Hamstring,,Limited Participation in Practice,2019-11-01T12:39:45Z
2019,REG,NYJ,9,00-0027874,WR,Demaryius Thomas,Demaryius,Thomas,Hamstring,,Questionable,Hamstring,,Limited Participation in Practice,2019-11-01T12:39:45Z
2019,REG,OAK,9,00-0032071,T,Trenton Brown,Trenton,Brown,,,,Calf,,Full Participation in Practice,2019-11-01T12:52:07Z
2019,REG,OAK,9,00-0031367,G,Gabe Jackson,Gabe,Jackson,,,,Knee,,Full Participation in Practice,2019-11-01T12:52:07Z
2019,REG,OAK,9,00-0032160,WR,Tyrell Williams,Tyrell,Williams,,,,Foot,,Full Participation in Practice,2019-11-01T12:52:07Z
2019,REG,OAK,9,00-0035700,RB,Josh Jacobs,Josh,Jacobs,,,,Shoulder,,Limited Participation in Practice,2019-11-01T12:52:07Z
2019,REG,OAK,9,00-0029212,LB,Tahir Whitehead,Tahir,Whitehead,,,,Wrist,Shoulder,Limited Participation in Practice,2019-11-01T12:52:07Z
2019,REG,OAK,9,00-0028114,WR,Dwayne Harris,Dwayne,Harris,Foot,,Questionable,Foot,,Did Not Participate In Practice,2019-11-01T12:53:14Z
2019,REG,OAK,9,00-0030883,DE,Josh Mauro,Josh,Mauro,Groin,,Questionable,Groin,,Did Not Participate In Practice,2019-11-01T12:53:14Z
2019,REG,OAK,9,00-0034262,DT,P.J. Hall,P.J.,Hall,Shoulder,,Questionable,Shoulder,,Limited Participation in Practice,2019-11-01T12:53:14Z
2019,REG,OAK,9,00-0032320,S,Erik Harris,Erik,Harris,Illness,,Questionable,Illness,,Limited Participation in Practice,2019-11-01T12:53:14Z
2019,REG,OAK,9,00-0027993,C,Rodney Hudson,Rodney,Hudson,Ankle,,Questionable,Ankle,,Limited Participation in Practice,2019-11-01T12:53:14Z
2019,REG,OAK,9,00-0035127,T,Andre James,Andre,James,Ankle,,Questionable,Ankle,,Limited Participation in Practice,2019-11-01T12:53:14Z
2019,REG,PHI,9,00-0029412,DE,Vinny Curry,Vinny,Curry,,,,Not Injury Related,,Did Not Participate In Practice,2019-11-01T11:52:02Z
2019,REG,PHI,9,00-0029679,G,Brandon Brooks,Brandon,Brooks,,,,Illness,,Full Participation in Practice,2019-11-01T11:51:11Z
2019,REG,PHI,9,00-0034377,CB,Avonte Maddox,Avonte,Maddox,,,,Concussion,Neck,Full Participation in Practice,2019-11-01T11:51:03Z
2019,REG,PHI,9,00-0035243,RB,Miles Sanders,Miles,Sanders,,,,Shoulder,,Full Participation in Practice,2019-11-01T11:51:03Z
2019,REG,PHI,9,00-0023564,RB,Darren Sproles,Darren,Sproles,,,,Quadricep,,Full Participation in Practice,2019-11-01T11:51:48Z
2019,REG,PHI,9,00-0034381,DE,Josh Sweat,Josh,Sweat,,,,Ankle,,Full Participation in Practice,2019-11-01T11:51:03Z
2019,REG,PHI,9,00-0029272,LB,Nigel Bradham,Nigel,Bradham,Ankle,,Out,Ankle,,Did Not Participate In Practice,2019-11-01T11:52:15Z
2019,REG,PHI,9,00-0022531,T,Jason Peters,Jason,Peters,Knee,,Out,Knee,,Did Not Participate In Practice,2019-11-01T11:52:32Z
2019,REG,PHI,9,00-0026189,WR,DeSean Jackson,DeSean,Jackson,Abdomen,,Questionable,Abdomen,,Limited Participation in Practice,2019-11-01T11:52:09Z
2019,REG,PHI,9,00-0031170,DT,Timmy Jernigan,Timmy,Jernigan,Foot,,Questionable,Foot,,Limited Participation in Practice,2019-11-01T11:52:09Z
2019,REG,PHI,9,00-0027914,S,Andrew Sendejo,Andrew,Sendejo,Groin,,Questionable,Groin,,Limited Participation in Practice,2019-11-01T11:52:09Z
2019,REG,PIT,9,00-0029670,LB,Mark Barron,Mark,Barron,,,,Not Injury Related,,Full Participation in Practice,2019-11-01T10:59:14Z
2019,REG,PIT,9,00-0035223,LB,Ulysees Gilbert,Ulysees,Gilbert,,,,Back,,Full Participation in Practice,2019-11-01T10:59:14Z
2019,REG,PIT,9,00-0031193,DT,Daniel McCullers,Daniel,McCullers,,,,Ankle,,Full Participation in Practice,2019-11-01T10:59:14Z
2019,REG,PIT,9,00-0030470,TE,Vance McDonald,Vance,McDonald,,,,Not Injury Related,,Full Participation in Practice,2019-11-01T10:59:14Z
2019,REG,PIT,9,00-0027870,C,Maurkice Pouncey,Maurkice,Pouncey,,,,Calf,,Full Participation in Practice,2019-11-01T10:59:14Z
2019,REG,PIT,9,00-0034331,RB,Jaylen Samuels,Jaylen,Samuels,,,,Knee,,Full Participation in Practice,2019-11-01T10:59:14Z
2019,REG,PIT,9,00-0026561,G,Ramon Foster,Ramon,Foster,Concussion,,Out,Concussion,,Did Not Participate In Practice,2019-11-01T11:00:16Z
2019,REG,PIT,9,00-0035217,RB,Benny Snell,Benny,Snell,Knee,,Out,Knee,,Did Not Participate In Practice,2019-11-01T11:00:05Z
2019,REG,PIT,9,00-0033553,RB,James Conner,James,Conner,Shoulder,,Doubtful,Shoulder,,Did Not Participate In Practice,2019-11-01T11:00:11Z
2019,REG,PIT,9,00-0030741,RB,Roosevelt Nix,Roosevelt,Nix,Knee,,Questionable,Knee,,Limited Participation in Practice,2019-11-01T10:59:47Z
2019,REG,SEA,9,00-0030059,DE,Ezekiel Ansah,Ezekiel,Ansah,,,,Ankle,,Full Participation in Practice,2019-11-01T14:32:01Z
2019,REG,SEA,9,00-0035139,S,Marquise Blair,Marquise,Blair,,,,Shoulder,,Full Participation in Practice,2019-11-01T14:32:01Z
2019,REG,SEA,9,00-0033594,RB,Chris Carson,Chris,Carson,,,,Not Injury Related,,Full Participation in Practice,2019-11-01T14:32:01Z
2019,REG,SEA,9,00-0031364,DE,Jadeveon Clowney,Jadeveon,Clowney,,,,Knee,,Full Participation in Practice,2019-11-01T14:32:01Z
2019,REG,SEA,9,00-0034756,CB,Tre Flowers,Tre,Flowers,,,,Neck,,Full Participation in Practice,2019-11-01T14:32:01Z
2019,REG,SEA,9,00-0027869,G,Mike Iupati,Mike,Iupati,,,,Knee,,Full Participation in Practice,2019-11-01T14:32:01Z
2019,REG,SEA,9,00-0034729,T,Jamarco Jones,Jamarco,Jones,,,,Knee,,Full Participation in Practice,2019-11-01T14:32:01Z
2019,REG,SEA,9,00-0032211,WR,Tyler Lockett,Tyler,Lockett,,,,Not Injury Related,,Full Participation in Practice,2019-11-01T14:32:01Z
2019,REG,SEA,9,00-0030161,S,Bradley McDougald,Bradley,McDougald,,,,Back,,Full Participation in Practice,2019-11-01T14:32:01Z
2019,REG,SEA,9,00-0030565,QB,Geno Smith,Geno,Smith,,,,Oblique,,Full Participation in Practice,2019-11-01T14:32:29Z
2019,REG,SEA,9,00-0029329,CB,Neiko Thorpe,Neiko,Thorpe,,,,Tooth,,Full Participation in Practice,2019-11-01T14:32:01Z
2019,REG,SEA,9,00-0029255,LB,Bobby Wagner,Bobby,Wagner,,,,Not Injury Related,,Full Participation in Practice,2019-11-01T14:32:01Z
2019,REG,SEA,9,00-0029263,QB,Russell Wilson,Russell,Wilson,,,,Knee,,Full Participation in Practice,2019-11-01T14:32:01Z
2019,REG,SEA,9,00-0027723,DT,Al Woods,Al,Woods,,,,Neck,,Full Participation in Practice,2019-11-01T14:32:01Z
2019,REG,SEA,9,00-0028037,LB,K.J. Wright,K.J.,Wright,,,,Knee,,Full Participation in Practice,2019-11-01T14:32:01Z
2019,REG,SEA,9,00-0035142,S,Ugochukwu Amadi,Ugochukwu,Amadi,,,,Not Injury Related,,Limited Participation in Practice,2019-11-01T14:32:38Z
2019,REG,SEA,9,00-0026166,T,Duane Brown,Duane,Brown,,,,Biceps,Knee,Limited Participation in Practice,2019-11-01T14:32:01Z
2019,REG,SEA,9,00-0031608,S,Quandre Diggs,Quandre,Diggs,Hamstring,,Doubtful,Hamstring,,Did Not Participate In Practice,2019-11-01T12:57:26Z
2019,REG,SEA,9,00-0032416,DT,Quinton Jefferson,Quinton,Jefferson,Oblique,,Doubtful,Oblique,,Did Not Participate In Practice,2019-11-01T12:57:42Z
2019,REG,SEA,9,00-0033931,S,Delano Hill,Delano,Hill,Elbow,,Doubtful,Elbow,,Limited Participation in Practice,2019-11-01T12:57:54Z
2019,REG,SF,9,00-0031297,DE,Dee Ford,Dee,Ford,,,,Quadricep,,Full Participation in Practice,2019-10-30T13:41:59Z
2019,REG,SF,9,00-0034989,T,Justin Skule,Justin,Skule,,,,Knee,Foot,Full Participation in Practice,2019-10-30T13:43:05Z
2019,REG,SF,9,00-0029892,RB,Kyle Juszczyk,Kyle,Juszczyk,Knee,,Out,Knee,,Did Not Participate In Practice,2019-10-30T13:44:35Z
2019,REG,SF,9,00-0034847,T,Mike McGlinchey,Mike,McGlinchey,Knee,,Out,Knee,,Did Not Participate In Practice,2019-10-30T13:44:43Z
2019,REG,SF,9,00-0033783,CB,Ahkello Witherspoon,Ahkello,Witherspoon,Foot,,Out,Foot,,Did Not Participate In Practice,2019-10-30T13:44:56Z
2019,REG,SF,9,00-0025415,T,Joe Staley,Joe,Staley,Fibula,,Doubtful,Fibula,,Limited Participation in Practice,2019-10-30T13:44:50Z
2019,REG,SF,9,00-0033308,RB,Matt Breida,Matt,Breida,Ankle,,Questionable,Ankle,,Limited Participation in Practice,2019-10-30T13:44:19Z
2019,REG,SF,9,00-0031687,RB,Raheem Mostert,Raheem,Mostert,Knee,,Questionable,Knee,,Limited Participation in Practice,2019-10-30T13:44:19Z
2019,REG,SF,9,00-0030443,TE,Levine Toilolo,Levine,Toilolo,Groin,,Questionable,Groin,,Limited Participation in Practice,2019-10-30T13:44:19Z
2019,REG,TB,9,00-0034415,LB,Jack Cichy,Jack,Cichy,,,,Elbow,,Did Not Participate In Practice,2019-10-30T12:51:08Z
2019,REG,TB,9,00-0027855,DT,Ndamukong Suh,Ndamukong,Suh,,,,Not Injury Related,,Did Not Participate In Practice,2019-11-01T09:52:35Z
2019,REG,TB,9,00-0034678,G,Alex Cappa,Alex,Cappa,,,,Forearm,,Full Participation in Practice,2019-11-01T09:52:07Z
2019,REG,TB,9,00-0034778,CB,Carlton Davis,Carlton,Davis,,,,Shoulder,,Full Participation in Practice,2019-11-01T09:51:51Z
2019,REG,TB,9,00-0026814,T,Demar Dotson,Demar,Dotson,,,,Hamstring,,Limited Participation in Practice,2019-11-01T09:51:51Z
2019,REG,TB,9,00-0033879,TE,O.J. Howard,O.J.,Howard,Hamstring,,Out,Hamstring,,Did Not Participate In Practice,2019-11-01T09:53:03Z
2019,REG,TB,9,00-0031273,TE,Cameron Brate,Cameron,Brate,Ribs,,Questionable,Ribs,,Full Participation in Practice,2019-11-01T09:52:47Z
2019,REG,TEN,9,00-0033954,LB,Jayon Brown,Jayon,Brown,,,,Groin,,Full Participation in Practice,2019-11-01T11:19:05Z
2019,REG,TEN,9,00-0031218,CB,Malcolm Butler,Malcolm,Butler,,,,Hamstring,,Full Participation in Practice,2019-11-01T11:18:59Z
2019,REG,TEN,9,00-0034659,LB,Sharif Finch,Sharif,Finch,,,,Shoulder,,Full Participation in Practice,2019-11-01T11:18:59Z
2019,REG,TEN,9,00-0033878,CB,Adoree' Jackson,Adoree',Jackson,,,,Foot,,Full Participation in Practice,2019-11-01T11:18:59Z
2019,REG,TEN,9,00-0027648,G,Rodger Saffold,Rodger,Saffold,,,,Concussion,,Full Participation in Practice,2019-11-01T11:18:59Z
2019,REG,TEN,9,00-0023368,DE,Cameron Wake,Cameron,Wake,,,,Not Injury Related,,Full Participation in Practice,2019-11-01T11:18:59Z
2019,REG,TEN,9,00-0034828,LB,Harold Landry,Harold,Landry,,,,Shoulder,,Limited Participation in Practice,2019-11-01T11:19:46Z
2019,REG,TEN,9,00-0028015,DT,Jurrell Casey,Jurrell,Casey,Shoulder,,Out,Shoulder,,Did Not Participate In Practice,2019-11-01T11:20:53Z
2019,REG,TEN,9,00-0029413,C,Ben Jones,Ben,Jones,Concussion,,Out,Concussion,,Did Not Participate In Practice,2019-11-01T11:21:07Z
2019,REG,TEN,9,00-0024389,TE,Delanie Walker,Delanie,Walker,Ankle,,Out,Ankle,,Did Not Participate In Practice,2019-11-01T11:21:26Z
2019,REG,TEN,9,00-0032353,CB,Chris Milton,Chris,Milton,Ankle,,Questionable,Ankle,,Limited Participation in Practice,2019-11-01T11:20:35Z
2019,REG,WAS,9,00-0032007,CB,Quinton Dunbar,Quinton,Dunbar,,,,Hamstring,,Full Participation in Practice,2019-11-01T11:15:54Z
2019,REG,WAS,9,00-0033532,LB,Josh Harvey-Clemons,Josh,Harvey-Clemons,,,,Hamstring,,Full Participation in Practice,2019-11-01T11:15:54Z
2019,REG,WAS,9,00-0035263,G,Wes Martin,Wes,Martin,,,,Chest,,Full Participation in Practice,2019-11-01T11:15:54Z
2019,REG,WAS,9,00-0029285,CB,Josh Norman,Josh,Norman,,,,Thigh,Hand,Full Participation in Practice,2019-11-01T11:15:54Z
2019,REG,WAS,9,00-0025394,RB,Adrian Peterson,Adrian,Peterson,,,,Ankle,,Full Participation in Practice,2019-11-01T11:16:04Z
2019,REG,WAS,9,00-0034465,S,Jeremy Reaves,Jeremy,Reaves,,,,Concussion,,Full Participation in Practice,2019-11-01T11:15:54Z
2019,REG,WAS,9,00-0034928,WR,Steven Sims,Steven,Sims,,,,Toe,,Full Participation in Practice,2019-11-01T11:15:54Z
2019,REG,WAS,9,00-0031844,S,Deshazor Everett,Deshazor,Everett,Ankle,,Out,Ankle,,Did Not Participate In Practice,2019-11-01T11:17:23Z
2019,REG,WAS,9,00-0033527,S,Montae Nicholson,Montae,Nicholson,Ankle,,Out,Ankle,,Did Not Participate In Practice,2019-11-01T11:17:51Z
2019,REG,WAS,9,00-0030404,RB,Chris Thompson,Chris,Thompson,Toe,,Out,Toe,,Did Not Participate In Practice,2019-11-01T11:18:08Z
2019,REG,WAS,9,00-0024221,TE,Vernon Davis,Vernon,Davis,Concussion,,Out,Concussion,,Limited Participation in Practice,2019-11-01T11:17:14Z
2019,REG,WAS,9,00-0028986,QB,Case Keenum,Case,Keenum,Concussion,,Out,Concussion,,Limited Participation in Practice,2019-11-01T11:17:37Z
2019,REG,WAS,9,00-0033976,DT,Treyvon Hester,Treyvon,Hester,Elbow,,Questionable,Elbow,,Full Participation in Practice,2019-11-01T11:17:07Z
2019,REG,ARI,10,00-0022921,WR,Larry Fitzgerald,Larry,Fitzgerald,,,,Not Injury Related,,Full Participation in Practice,2019-11-08T12:17:38Z
2019,REG,ARI,10,00-0032187,RB,David Johnson,David,Johnson,,,,Ankle,,Full Participation in Practice,2019-11-08T12:17:38Z
2019,REG,ARI,10,00-0029585,LB,Chandler Jones,Chandler,Jones,,,,Not Injury Related,,Full Participation in Practice,2019-11-08T12:17:38Z
2019,REG,ARI,10,00-0027686,DT,Corey Peters,Corey,Peters,,,,Not Injury Related,,Full Participation in Practice,2019-11-08T12:17:38Z
2019,REG,ARI,10,00-0035248,DE,Zach Allen,Zach,Allen,Neck,,Out,Neck,,Did Not Participate In Practice,2019-11-08T12:19:36Z
2019,REG,ARI,10,00-0027375,CB,Tramaine Brock,Tramaine,Brock,Hamstring,,Out,Hamstring,,Did Not Participate In Practice,2019-11-08T12:19:44Z
2019,REG,ARI,10,00-0034681,RB,Chase Edmonds,Chase,Edmonds,Hamstring,,Out,Hamstring,,Did Not Participate In Practice,2019-11-08T12:19:53Z
2019,REG,ARI,10,00-0027980,LB,Brooks Reed,Brooks,Reed,Hamstring,,Out,Hamstring,,Limited Participation in Practice,2019-11-08T12:19:29Z
2019,REG,ARI,10,00-0032528,T,Justin Murray,Justin,Murray,Knee,,Questionable,Knee,,Did Not Participate In Practice,2019-11-08T12:19:05Z
2019,REG,ARI,10,00-0022161,LB,Terrell Suggs,Terrell,Suggs,Hamstring,,Questionable,Hamstring,,Did Not Participate In Practice,2019-11-08T12:19:05Z
2019,REG,ARI,10,00-0035532,S,Deionte Thompson,Deionte,Thompson,Knee,,Questionable,Knee,,Limited Participation in Practice,2019-11-08T12:19:05Z
2019,REG,ATL,10,00-0027963,G,James Carpenter,James,Carpenter,,,,Knee,,Full Participation in Practice,2019-11-08T09:50:36Z
2019,REG,ATL,10,00-0034788,TE,Jaeden Graham,Jaeden,Graham,,,,Knee,,Full Participation in Practice,2019-11-08T09:50:41Z
2019,REG,ATL,10,00-0032244,G,Jamon Brown,Jamon,Brown,,,,Foot,,Limited Participation in Practice,2019-11-08T09:50:32Z
2019,REG,ATL,10,00-0026143,QB,Matt Ryan,Matt,Ryan,,,,Ankle,,Limited Participation in Practice,2019-11-08T09:50:32Z
2019,REG,ATL,10,00-0035265,DE,John Cominsky,John,Cominsky,Ankle,,Out,Ankle,,Did Not Participate In Practice,2019-11-08T09:51:17Z
2019,REG,ATL,10,00-0032432,G,Wes Schweitzer,Wes,Schweitzer,Concussion,,Out,Concussion,,Did Not Participate In Practice,2019-11-08T09:51:30Z
2019,REG,ATL,10,00-0034378,RB,Ito Smith,Ito,Smith,Neck,,Out,Neck,,Did Not Participate In Practice,2019-11-08T09:51:05Z
2019,REG,ATL,10,00-0030562,CB,Desmond Trufant,Desmond,Trufant,Toe,,Questionable,Toe,,Limited Participation in Practice,2019-11-08T09:51:39Z
2019,REG,BAL,10,00-0027965,CB,Jimmy Smith,Jimmy,Smith,,,,Not Injury Related,,Did Not Participate In Practice,2019-11-08T11:28:45Z
2019,REG,BAL,10,00-0027966,RB,Mark Ingram,Mark,Ingram,,,,Not Injury Related,,Full Participation in Practice,2019-11-08T11:28:36Z
2019,REG,BAL,10,00-0030511,DT,Brandon Williams,Brandon,Williams,,,,Not Injury Related,,Full Participation in Practice,2019-11-08T11:29:33Z
2019,REG,BAL,10,00-0027866,S,Earl Thomas,Earl,Thomas,Not Injury Related,Knee,Questionable,Not Injury Related,Knee,Did Not Participate In Practice,2019-11-08T11:30:02Z
2019,REG,BAL,10,00-0034796,QB,Lamar Jackson,Lamar,Jackson,Illness,,Questionable,Illness,,Full Participation in Practice,2019-11-08T11:30:02Z
2019,REG,BAL,10,00-0032965,T,Ronnie Stanley,Ronnie,Stanley,Knee,,Questionable,Knee,,Full Participation in Practice,2019-11-08T11:30:02Z
2019,REG,BAL,10,00-0025473,G,Marshal Yanda,Marshal,Yanda,Illness,,Questionable,Illness,,Full Participation in Practice,2019-11-08T11:30:02Z
2019,REG,BAL,10,00-0035662,WR,Marquise Brown,Marquise,Brown,Ankle,Thigh,Questionable,Ankle,Thigh,Limited Participation in Practice,2019-11-08T11:30:02Z
2019,REG,BAL,10,00-0034985,DT,Daylon Mack,Daylon,Mack,Knee,Hip,Questionable,Knee,Hip,Limited Participation in Practice,2019-11-08T12:04:40Z
2019,REG,BAL,10,00-0032398,WR,Chris Moore,Chris,Moore,Thumb,,Questionable,Thumb,,Limited Participation in Practice,2019-11-08T11:30:02Z
2019,REG,BUF,10,00-0023259,LB,Lorenzo Alexander,Lorenzo,Alexander,,,,Rest,,Full Participation in Practice,2019-11-08T10:27:43Z
2019,REG,BUF,10,00-0027835,S,Kurt Coleman,Kurt,Coleman,,,,Hamstring,,Full Participation in Practice,2019-11-08T10:27:43Z
2019,REG,BUF,10,00-0023500,RB,Frank Gore,Frank,Gore,,,,Rest,,Full Participation in Practice,2019-11-08T10:27:56Z
2019,REG,BUF,10,00-0031548,CB,Kevin Johnson,Kevin,Johnson,,,,Knee,,Full Participation in Practice,2019-11-08T10:27:43Z
2019,REG,BUF,10,00-0029709,T,Ty Nsekhe,Ty,Nsekhe,,,,Rest,,Full Participation in Practice,2019-11-08T10:27:43Z
2019,REG,CAR,10,00-0028339,LB,Mario Addison,Mario,Addison,,,,Not Injury Related,,Full Participation in Practice,2019-11-08T11:15:51Z
2019,REG,CAR,10,00-0034577,QB,Kyle Allen,Kyle,Allen,,,,right Shoulder,,Full Participation in Practice,2019-11-08T11:15:51Z
2019,REG,CAR,10,00-0035713,LB,Brian Burns,Brian,Burns,,,,Wrist,,Full Participation in Practice,2019-11-08T11:15:51Z
2019,REG,CAR,10,00-0035257,LB,Christian Miller,Christian,Miller,,,,Ankle,,Full Participation in Practice,2019-11-08T11:15:51Z
2019,REG,CAR,10,00-0030548,S,Eric Reid,Eric,Reid,,,,Ankle,,Full Participation in Practice,2019-11-08T11:15:51Z
2019,REG,CAR,10,00-0033282,WR,Curtis Samuel,Curtis,Samuel,,,,Hamstring,,Full Participation in Practice,2019-11-08T11:15:51Z
2019,REG,CAR,10,00-0031550,LB,Shaq Thompson,Shaq,Thompson,,,,Ankle,,Full Participation in Practice,2019-11-08T11:15:51Z
2019,REG,CAR,10,00-0033280,RB,Christian McCaffrey,Christian,McCaffrey,,,,Knee,,Limited Participation in Practice,2019-11-08T11:15:51Z
2019,REG,CAR,10,00-0027856,DT,Gerald McCoy,Gerald,McCoy,,,,Knee,,Limited Participation in Practice,2019-11-08T11:15:51Z
2019,REG,CAR,10,00-0035694,T,Greg Little,Greg,Little,Concussion,,Out,Concussion,,Limited Participation in Practice,2019-11-08T11:17:57Z
2019,REG,CAR,10,00-0032890,CB,James Bradberry,James,Bradberry,Groin,,Questionable,Groin,,Limited Participation in Practice,2019-11-08T11:17:47Z
2019,REG,CAR,10,00-0032967,DE,Vernon Butler,Vernon,Butler,Back,,Questionable,Back,,Limited Participation in Practice,2019-11-08T11:17:47Z
2019,REG,CHI,10,00-0034387,DT,Bilal Nichols,Bilal,Nichols,,,,Knee,,Limited Participation in Practice,2019-11-08T12:17:30Z
2019,REG,CHI,10,00-0033635,LB,Isaiah Irving,Isaiah,Irving,Quadricep,,Out,Quadricep,,Did Not Participate In Practice,2019-11-08T12:17:40Z
2019,REG,CHI,10,00-0031551,DT,Eddie Goldman,Eddie,Goldman,Thigh,,Questionable,Thigh,,Full Participation in Practice,2019-11-08T12:17:32Z
2019,REG,CIN,10,00-0031380,CB,Darqueze Dennard,Darqueze,Dennard,,,,Hamstring,,Full Participation in Practice,2019-11-08T10:16:23Z
2019,REG,CIN,10,00-0030549,TE,Tyler Eifert,Tyler,Eifert,,,,Not Injury Related,,Full Participation in Practice,2019-11-07T14:24:10Z
2019,REG,CIN,10,00-0033463,DE,Carl Lawson,Carl,Lawson,,,,Hamstring,,Full Participation in Practice,2019-11-08T10:16:23Z
2019,REG,CIN,10,00-0032149,G,John Miller,John,Miller,,,,Groin,,Full Participation in Practice,2019-11-08T10:16:23Z
2019,REG,CIN,10,00-0027942,WR,A.J. Green,A.J.,Green,Ankle,,Out,Ankle,,Did Not Participate In Practice,2019-11-08T10:16:49Z
2019,REG,CIN,10,00-0029560,CB,Dre Kirkpatrick,Dre,Kirkpatrick,Knee,,Out,Knee,,Did Not Participate In Practice,2019-11-08T10:16:55Z
2019,REG,CIN,10,00-0032549,G,Alex Redmond,Alex,Redmond,Knee,Ankle,Out,Knee,Ankle,Did Not Participate In Practice,2019-11-08T10:17:01Z
2019,REG,CIN,10,00-0029561,T,Cordy Glenn,Cordy,Glenn,Concussion,,Questionable,Concussion,,Full Participation in Practice,2019-11-08T10:16:41Z
2019,REG,CLE,10,00-0031235,WR,Odell Beckham,Odell,Beckham,,,,Groin,,Full Participation in Practice,2019-11-08T11:15:05Z
2019,REG,CLE,10,00-0031426,G,Joel Bitonio,Joel,Bitonio,,,,Back,,Full Participation in Practice,2019-11-08T11:15:12Z
2019,REG,CLE,10,00-0033439,TE,Pharaoh Brown,Pharaoh,Brown,,,,Concussion,,Full Participation in Practice,2019-11-08T11:15:05Z
2019,REG,CLE,10,00-0033868,DE,Myles Garrett,Myles,Garrett,,,,Knee,,Full Participation in Practice,2019-11-08T11:15:47Z
2019,REG,CLE,10,00-0031382,WR,Jarvis Landry,Jarvis,Landry,,,,Shoulder,,Full Participation in Practice,2019-11-08T11:15:05Z
2019,REG,CLE,10,00-0031386,T,Greg Robinson,Greg,Robinson,,,,Ankle,,Full Participation in Practice,2019-11-08T11:15:05Z
2019,REG,CLE,10,00-0033038,S,Eric Murray,Eric,Murray,Knee,,Out,Knee,,Did Not Participate In Practice,2019-11-08T11:16:11Z
2019,REG,CLE,10,00-0029693,DE,Olivier Vernon,Olivier,Vernon,Knee,,Out,Knee,,Did Not Participate In Practice,2019-11-08T11:16:26Z
2019,REG,CLE,10,00-0033611,TE,Ricky Seals-Jones,Ricky,Seals-Jones,Knee,,Questionable,Knee,,Did Not Participate In Practice,2019-11-08T11:15:50Z
2019,REG,CLE,10,00-0031921,T,Kendall Lamm,Kendall,Lamm,Knee,,Questionable,Knee,,Full Participation in Practice,2019-11-08T11:15:50Z
2019,REG,CLE,10,00-0032251,S,Damarious Randall,Damarious,Randall,Hamstring,,Questionable,Hamstring,,Full Participation in Practice,2019-11-08T11:15:50Z
2019,REG,DAL,10,00-0027663,LB,Sean Lee,Sean,Lee,,,,Pectoral,Not Injury Related,Did Not Participate In Practice,2019-11-08T11:44:59Z
2019,REG,DAL,10,00-0034764,WR,Michael Gallup,Michael,Gallup,,,,Knee,,Full Participation in Practice,2019-11-08T11:44:31Z
2019,REG,DAL,10,00-0030196,S,Jeff Heath,Jeff,Heath,,,,Shoulder,Knee,Full Participation in Practice,2019-11-08T11:44:51Z
2019,REG,DAL,10,00-0031534,T,La'el Collins,La'el,Collins,,,,Knee,,Limited Participation in Practice,2019-11-08T11:44:31Z
2019,REG,DAL,10,00-0031402,G,Zack Martin,Zack,Martin,,,,Back,Ankle,Limited Participation in Practice,2019-11-08T11:44:31Z
2019,REG,DAL,10,00-0027947,T,Tyron Smith,Tyron,Smith,,,,Ankle,,Limited Participation in Practice,2019-11-08T11:44:31Z
2019,REG,DAL,10,00-0034674,LB,Leighton Vander Esch,Leighton,Vander Esch,,,,Neck,,Limited Participation in Practice,2019-11-08T11:44:31Z
2019,REG,DAL,10,00-0031067,T,Cameron Fleming,Cameron,Fleming,Calf,,Out,Calf,,Did Not Participate In Practice,2019-11-08T11:45:14Z
2019,REG,DAL,10,00-0031544,WR,Amari Cooper,Amari,Cooper,Knee,Ankle,Questionable,Knee,Ankle,Limited Participation in Practice,2019-11-08T11:45:02Z
2019,REG,DET,10,00-0026035,WR,Danny Amendola,Danny,Amendola,,,,Hand,,Full Participation in Practice,2019-11-08T12:46:55Z
2019,REG,DET,10,00-0032135,TE,Jesse James,Jesse,James,,,,Back,,Full Participation in Practice,2019-11-06T12:59:12Z
2019,REG,DET,10,00-0035270,CB,Amani Oruwariye,Amani,Oruwariye,,,,Knee,,Full Participation in Practice,2019-11-08T12:46:55Z
2019,REG,DET,10,00-0030062,CB,Darius Slay,Darius,Slay,,,,Hamstring,,Full Participation in Practice,2019-11-08T12:46:55Z
2019,REG,DET,10,00-0034371,DE,Da'Shawn Hand,Da'Shawn,Hand,Ankle,,Out,Ankle,,Did Not Participate In Practice,2019-11-08T12:49:07Z
2019,REG,DET,10,00-0032399,S,Miles Killebrew,Miles,Killebrew,Concussion,,Out,Concussion,,Did Not Participate In Practice,2019-11-08T12:49:18Z
2019,REG,DET,10,00-0034745,S,Tracy Walker,Tracy,Walker,Knee,,Out,Knee,,Did Not Participate In Practice,2019-11-08T12:49:01Z
2019,REG,DET,10,00-0032655,DE,Romeo Okwara,Romeo,Okwara,Groin,,Questionable,Groin,,Did Not Participate In Practice,2019-11-08T12:48:48Z
2019,REG,DET,10,00-0032395,G,Graham Glasgow,Graham,Glasgow,Back,,Questionable,Back,,Full Participation in Practice,2019-11-08T12:48:48Z
2019,REG,DET,10,00-0032889,DT,A'Shawn Robinson,A'Shawn,Robinson,Ankle,,Questionable,Ankle,,Full Participation in Practice,2019-11-08T12:48:48Z
2019,REG,DET,10,00-0032418,G,Joe Dahl,Joe,Dahl,Ankle,,Questionable,Ankle,,Limited Participation in Practice,2019-11-08T12:48:48Z
2019,REG,DET,10,00-0029284,DT,Mike Daniels,Mike,Daniels,Foot,,Questionable,Foot,,Limited Participation in Practice,2019-11-08T12:48:48Z
2019,REG,DET,10,00-0029040,DT,Damon Harrison,Damon,Harrison,Groin,Not Injury Related,Questionable,Groin,Not Injury Related,Limited Participation in Practice,2019-11-08T12:48:48Z
2019,REG,DET,10,00-0030092,P,Sam Martin,Sam,Martin,Abdomen,,Questionable,Abdomen,,Limited Participation in Practice,2019-11-08T12:48:48Z
2019,REG,DET,10,00-0026498,QB,Matthew Stafford,Matthew,Stafford,Hip,Back,Questionable,Hip,Back,Limited Participation in Practice,2019-11-08T12:48:48Z
2019,REG,GB,10,00-0034754,LB,Oren Burks,Oren,Burks,,,,Chest,,Full Participation in Practice,2019-11-08T12:35:09Z
2019,REG,GB,10,00-0033120,DT,Kenny Clark,Kenny,Clark,,,,Shin,,Full Participation in Practice,2019-11-08T12:35:09Z
2019,REG,GB,10,00-0033293,RB,Aaron Jones,Aaron,Jones,,,,Shoulder,,Full Participation in Practice,2019-11-08T12:35:09Z
2019,REG,GB,10,00-0033524,CB,Kevin King,Kevin,King,,,,Groin,,Full Participation in Practice,2019-11-08T12:35:09Z
2019,REG,GB,10,00-0031787,WR,Jake Kumerow,Jake,Kumerow,,,,Shoulder,,Full Participation in Practice,2019-11-08T12:35:09Z
2019,REG,GB,10,00-0032408,LB,Blake Martinez,Blake,Martinez,,,,Hand,,Full Participation in Practice,2019-11-08T12:35:09Z
2019,REG,GB,10,00-0033124,S,Will Redmond,Will,Redmond,,,,Elbow,,Full Participation in Practice,2019-11-08T12:35:09Z
2019,REG,GB,10,00-0023459,QB,Aaron Rodgers,Aaron,Rodgers,,,,Knee,,Full Participation in Practice,2019-11-08T12:35:09Z
2019,REG,GB,10,00-0031935,LB,Preston Smith,Preston,Smith,,,,Hand,,Full Participation in Practice,2019-11-08T12:35:09Z
2019,REG,GB,10,00-0034272,WR,Marquez Valdes-Scantling,Marquez,Valdes-Scantling,,,,Ankle,Knee,Full Participation in Practice,2019-11-08T12:35:58Z
2019,REG,GB,10,00-0031381,WR,Davante Adams,Davante,Adams,,,,Toe,,Limited Participation in Practice,2019-11-08T12:35:09Z
2019,REG,GB,10,00-0027875,T,Bryan Bulaga,Bryan,Bulaga,,,,Not Injury Related,,Limited Participation in Practice,2019-11-08T12:35:09Z
2019,REG,GB,10,00-0027696,TE,Jimmy Graham,Jimmy,Graham,,,,Not Injury Related,,Limited Participation in Practice,2019-11-08T12:35:09Z
2019,REG,GB,10,00-0024243,TE,Marcedes Lewis,Marcedes,Lewis,,,,Not Injury Related,,Limited Participation in Practice,2019-11-08T12:35:41Z
2019,REG,GB,10,00-0024061,CB,Tramon Williams,Tramon,Williams,,,,Not Injury Related,,Limited Participation in Practice,2019-11-08T12:35:09Z
2019,REG,GB,10,00-0033757,TE,Robert Tonyan,Robert,Tonyan,Hip,,Doubtful,Hip,,Did Not Participate In Practice,2019-11-08T12:37:53Z
2019,REG,GB,10,00-0034728,CB,Jaire Alexander,Jaire,Alexander,Groin,,Questionable,Groin,,Limited Participation in Practice,2019-11-08T12:36:02Z
2019,REG,GB,10,00-0031584,S,Adrian Amos,Adrian,Amos,Hamstring,,Questionable,Hamstring,,Limited Participation in Practice,2019-11-08T12:36:02Z
2019,REG,IND,10,00-0031254,DT,Denico Autry,Denico,Autry,,,,Not Injury Related,,Did Not Participate In Practice,2019-11-08T12:41:38Z
2019,REG,IND,10,00-0027960,T,Anthony Castonzo,Anthony,Castonzo,,,,Not Injury Related,,Did Not Participate In Practice,2019-11-08T12:41:55Z
2019,REG,IND,10,00-0031571,S,Clayton Geathers,Clayton,Geathers,,,,Not Injury Related,,Did Not Participate In Practice,2019-11-08T12:41:17Z
2019,REG,IND,10,00-0028008,DE,Justin Houston,Justin,Houston,,,,Not Injury Related,,Did Not Participate In Practice,2019-11-08T12:42:13Z
2019,REG,IND,10,00-0027975,DE,Jabaal Sheard,Jabaal,Sheard,,,,Not Injury Related,,Did Not Participate In Practice,2019-11-08T12:42:23Z
2019,REG,IND,10,00-0033877,S,Malik Hooker,Malik,Hooker,,,,Knee,,Full Participation in Practice,2019-11-08T12:41:03Z
2019,REG,IND,10,00-0032383,C,Ryan Kelly,Ryan,Kelly,,,,Burner,,Full Participation in Practice,2019-11-08T12:41:25Z
2019,REG,IND,10,00-0035639,WR,Parris Campbell,Parris,Campbell,Hand,,Out,Hand,,Did Not Participate In Practice,2019-11-08T12:44:50Z
2019,REG,IND,10,00-0029608,WR,T.Y. Hilton,T.Y.,Hilton,Calf,,Out,Calf,,Did Not Participate In Practice,2019-11-08T12:45:08Z
2019,REG,IND,10,00-0031331,CB,Pierre Desir,Pierre,Desir,Hamstring,,Questionable,Hamstring,,Did Not Participate In Practice,2019-11-08T12:44:33Z
2019,REG,IND,10,00-0033544,CB,Quincy Wilson,Quincy,Wilson,Shoulder,,Questionable,Shoulder,,Did Not Participate In Practice,2019-11-08T12:44:33Z
2019,REG,IND,10,00-0033119,QB,Jacoby Brissett,Jacoby,Brissett,Knee,,Questionable,Knee,,Limited Participation in Practice,2019-11-08T12:44:33Z
2019,REG,KC,10,00-0023534,P,Dustin Colquitt,Dustin,Colquitt,,,,left Thigh,,Full Participation in Practice,2019-11-08T12:39:59Z
2019,REG,KC,10,00-0026197,QB,Chad Henne,Chad,Henne,,,,Ankle,,Full Participation in Practice,2019-11-08T12:39:59Z
2019,REG,KC,10,00-0033590,DT,Joey Ivie,Joey,Ivie,,,,Back,,Full Participation in Practice,2019-11-08T12:39:59Z
2019,REG,KC,10,00-0032762,DT,Chris Jones,Chris,Jones,,,,Groin,,Full Participation in Practice,2019-11-08T12:39:59Z
2019,REG,KC,10,00-0033873,QB,Patrick Mahomes,Patrick,Mahomes,,,,Knee,,Full Participation in Practice,2019-11-08T12:39:59Z
2019,REG,KC,10,00-0034818,DT,Derrick Nnadi,Derrick,Nnadi,,,,Elbow,,Full Participation in Practice,2019-11-08T12:39:59Z
2019,REG,KC,10,00-0030503,DE,Alex Okafor,Alex,Okafor,Ankle,,Out,Ankle,,Did Not Participate In Practice,2019-11-08T12:40:27Z
2019,REG,KC,10,00-0030584,T,Eric Fisher,Eric,Fisher,Groin,,Out,Groin,,Limited Participation in Practice,2019-11-08T12:40:21Z
2019,REG,KC,10,00-0032210,DE,Frank Clark,Frank,Clark,Neck,,Questionable,Neck,,Limited Participation in Practice,2019-11-08T12:40:10Z
2019,REG,KC,10,00-0031022,G,Laurent Duvernay-Tardif,Laurent,Duvernay-Tardif,Ankle,,Questionable,Ankle,,Limited Participation in Practice,2019-11-08T12:40:10Z
2019,REG,KC,10,00-0033084,CB,Kendall Fuller,Kendall,Fuller,Thumb,,Questionable,Thumb,,Limited Participation in Practice,2019-11-08T12:40:10Z
2019,REG,LA,10,00-0032241,RB,Todd Gurley,Todd,Gurley,,,,Not Injury Related,,Did Not Participate In Practice,2019-11-08T12:39:53Z
2019,REG,LA,10,00-0031806,RB,Malcolm Brown,Malcolm,Brown,,,,Ankle,,Full Participation in Practice,2019-11-08T12:39:31Z
2019,REG,LA,10,00-0027002,LB,Clay Matthews,Clay,Matthews,,,,Jaw,,Full Participation in Practice,2019-11-08T12:39:31Z
2019,REG,LA,10,00-0033963,DT,Tanzel Smart,Tanzel,Smart,,,,Illness,,Full Participation in Practice,2019-11-08T12:39:31Z
2019,REG,LA,10,00-0024270,T,Andrew Whitworth,Andrew,Whitworth,,,,Not Injury Related,,Full Participation in Practice,2019-11-08T12:39:31Z
2019,REG,LA,10,00-0032248,LB,Bryce Hager,Bryce,Hager,Shoulder,,Out,Shoulder,,Did Not Participate In Practice,2019-11-08T12:40:32Z
2019,REG,LA,10,00-0031236,WR,Brandin Cooks,Brandin,Cooks,Concussion,,Out,Concussion,,Limited Participation in Practice,2019-11-08T12:40:27Z
2019,REG,LA,10,00-0033266,WR,JoJo Natson,JoJo,Natson,Illness,,Questionable,Illness,,Did Not Participate In Practice,2019-11-08T12:40:09Z
2019,REG,LAC,10,00-0035315,DT,Cortez Broughton,Cortez,Broughton,Illness,,Out,Illness,,Did Not Participate In Practice,2019-11-06T11:01:29Z
2019,REG,LAC,10,00-0034677,DT,Justin Jones,Justin,Jones,Shoulder,,Out,Shoulder,,Limited Participation in Practice,2019-11-06T11:02:28Z
2019,REG,LAC,10,00-0031953,WR,Geremy Davis,Geremy,Davis,Hamstring,,Doubtful,Hamstring,,Did Not Participate In Practice,2019-11-06T11:01:41Z
2019,REG,LAC,10,00-0034440,RB,Justin Jackson,Justin,Jackson,Calf,,Doubtful,Calf,,Did Not Participate In Practice,2019-11-06T11:02:20Z
2019,REG,LAC,10,00-0035437,CB,Roderic Teamer,Roderic,Teamer,Groin,,Doubtful,Groin,,Did Not Participate In Practice,2019-11-06T11:02:46Z
2019,REG,LAC,10,00-0032103,LB,Denzel Perryman,Denzel,Perryman,Knee,,Questionable,Knee,,Did Not Participate In Practice,2019-11-06T11:01:23Z
2019,REG,LAC,10,00-0033578,T,Sam Tevi,Sam,Tevi,Knee,,Questionable,Knee,,Did Not Participate In Practice,2019-11-06T11:01:23Z
2019,REG,LAC,10,00-0025472,DT,Brandon Mebane,Brandon,Mebane,Knee,,Questionable,Knee,,Limited Participation in Practice,2019-11-06T11:01:23Z
2019,REG,MIA,10,00-0031307,S,Walt Aikens,Walt,Aikens,,,,Hip,,Full Participation in Practice,2019-11-08T10:55:09Z
2019,REG,MIA,10,00-0031893,T,Jesse Davis,Jesse,Davis,,,,Elbow,,Full Participation in Practice,2019-11-08T10:55:09Z
2019,REG,MIA,10,00-0023682,QB,Ryan Fitzpatrick,Ryan,Fitzpatrick,,,,right Shoulder,,Full Participation in Practice,2019-11-08T10:55:09Z
2019,REG,MIA,10,00-0032791,WR,Jakeem Grant,Jakeem,Grant,,,,Toe,,Full Participation in Practice,2019-11-08T10:55:53Z
2019,REG,MIA,10,00-0034588,LB,Trent Harris,Trent,Harris,,,,Foot,,Full Participation in Practice,2019-11-08T10:55:09Z
2019,REG,MIA,10,00-0034145,CB,Chris Lammons,Chris,Lammons,,,,Ankle,Toe,Full Participation in Practice,2019-11-08T10:55:09Z
2019,REG,MIA,10,00-0031587,S,Bobby McCain,Bobby,McCain,,,,Shoulder,,Full Participation in Practice,2019-11-08T10:55:09Z
2019,REG,MIA,10,00-0033199,LS,Taybor Pepper,Taybor,Pepper,,,,Shoulder,,Full Participation in Practice,2019-11-08T10:55:09Z
2019,REG,MIA,10,00-0035231,DE,Christian Wilkins,Christian,Wilkins,,,,Toe,,Full Participation in Practice,2019-11-08T10:56:25Z
2019,REG,MIA,10,00-0030669,WR,Albert Wilson,Albert,Wilson,,,,Hip,,Full Participation in Practice,2019-11-08T10:55:09Z
2019,REG,MIA,10,00-0035318,CB,Ken Webster,Ken,Webster,Ankle,,Out,Ankle,,Did Not Participate In Practice,2019-11-08T10:58:02Z
2019,REG,MIA,10,00-0027762,S,Reshad Jones,Reshad,Jones,Chest,,Out,Chest,,Limited Participation in Practice,2019-11-08T10:57:36Z
2019,REG,MIA,10,00-0032777,C,Evan Boehm,Evan,Boehm,Hip,,Questionable,Hip,,Full Participation in Practice,2019-11-08T10:56:48Z
2019,REG,MIA,10,00-0033860,DT,Davon Godchaux,Davon,Godchaux,Shoulder,,Questionable,Shoulder,,Limited Participation in Practice,2019-11-08T10:56:48Z
2019,REG,MIA,10,00-0028101,C,Daniel Kilgore,Daniel,Kilgore,Knee,,Questionable,Knee,,Limited Participation in Practice,2019-11-08T10:56:48Z
2019,REG,MIA,10,00-0033574,DE,Avery Moss,Avery,Moss,Ankle,,Questionable,Ankle,,Limited Participation in Practice,2019-11-08T10:56:48Z
2019,REG,MIN,10,00-0032918,RB,C.J. Ham,C.J.,Ham,,,,Ankle,,Full Participation in Practice,2019-11-08T10:55:56Z
2019,REG,MIN,10,00-0034843,CB,Mike Hughes,Mike,Hughes,,,,Knee,,Full Participation in Practice,2019-11-08T10:56:20Z
2019,REG,MIN,10,00-0031554,LB,Eric Kendricks,Eric,Kendricks,,,,Hip,,Full Participation in Practice,2019-11-08T10:55:47Z
2019,REG,MIN,10,00-0033969,DE,Ifeadi Odenigbo,Ifeadi,Odenigbo,,,,Shoulder,,Full Participation in Practice,2019-11-08T10:56:09Z
2019,REG,MIN,10,00-0031242,DT,Shamar Stephen,Shamar,Stephen,,,,Knee,,Full Participation in Practice,2019-11-08T10:55:47Z
2019,REG,MIN,10,00-0027885,DT,Linval Joseph,Linval,Joseph,Knee,,Out,Knee,,Did Not Participate In Practice,2019-11-08T10:57:06Z
2019,REG,MIN,10,00-0027914,S,Andrew Sendejo,Andrew,Sendejo,Groin,,Out,Groin,,Did Not Participate In Practice,2019-11-08T10:57:22Z
2019,REG,MIN,10,00-0030035,WR,Adam Thielen,Adam,Thielen,Hamstring,,Out,Hamstring,,Did Not Participate In Practice,2019-11-08T10:57:11Z
2019,REG,MIN,10,00-0031546,CB,Trae Waynes,Trae,Waynes,Ankle,Not Injury Related,Questionable,Ankle,Not Injury Related,Did Not Participate In Practice,2019-11-08T10:56:52Z
2019,REG,MIN,10,00-0032448,DE,Stephen Weatherly,Stephen,Weatherly,Groin,,Questionable,Groin,,Limited Participation in Practice,2019-11-08T10:56:52Z
2019,REG,NO,10,00-0030067,T,Terron Armstead,Terron,Armstead,,,,Illness,,Did Not Participate In Practice,2019-11-08T12:32:56Z
2019,REG,NO,10,00-0020531,QB,Drew Brees,Drew,Brees,,,,right Thumb,,Full Participation in Practice,2019-11-08T12:32:38Z
2019,REG,NO,10,00-0027061,TE,Jared Cook,Jared,Cook,,,,Ankle,,Full Participation in Practice,2019-11-08T12:32:38Z
2019,REG,NO,10,00-0033906,RB,Alvin Kamara,Alvin,Kamara,,,,Ankle,Knee,Full Participation in Practice,2019-11-08T12:32:38Z
2019,REG,NO,10,00-0034765,WR,Tre'Quan Smith,Tre'Quan,Smith,,,,Ankle,,Full Participation in Practice,2019-11-08T12:32:38Z
2019,REG,NO,10,00-0030216,TE,Josh Hill,Josh,Hill,,,,Calf,,Limited Participation in Practice,2019-11-08T12:32:38Z
2019,REG,NO,10,00-0027882,CB,Patrick Robinson,Patrick,Robinson,Hamstring,,Questionable,Hamstring,,Limited Participation in Practice,2019-11-08T12:32:58Z
2019,REG,NYG,10,00-0033881,TE,Evan Engram,Evan,Engram,Foot,,Out,Foot,,Did Not Participate In Practice,2019-11-08T09:28:46Z
2019,REG,NYG,10,00-0031185,C,Jon Halapio,Jon,Halapio,Hamstring,,Out,Hamstring,,Did Not Participate In Practice,2019-11-08T09:28:55Z
2019,REG,NYG,10,00-0032385,WR,Sterling Shepard,Sterling,Shepard,Concussion,,Out,Concussion,,Did Not Participate In Practice,2019-11-08T09:29:11Z
2019,REG,NYG,10,00-0029164,T,Mike Remmers,Mike,Remmers,Back,,Doubtful,Back,,Did Not Participate In Practice,2019-11-08T09:29:04Z
2019,REG,NYJ,10,00-0030170,S,Rontez Miles,Rontez,Miles,,,,Neck,Hip,Did Not Participate In Practice,2019-11-06T12:31:30Z
2019,REG,NYJ,10,00-0035294,CB,Blessuan Austin,Blessuan,Austin,,,,Knee,,Full Participation in Practice,2019-11-08T12:16:27Z
2019,REG,NYJ,10,00-0034419,WR,Braxton Berrios,Braxton,Berrios,,,,Hamstring,,Full Participation in Practice,2019-11-08T12:16:06Z
2019,REG,NYJ,10,00-0030010,LB,Brandon Copeland,Brandon,Copeland,,,,Thumb,Knee,Full Participation in Practice,2019-11-08T12:16:06Z
2019,REG,NYJ,10,00-0031941,WR,Jamison Crowder,Jamison,Crowder,,,,Knee,,Full Participation in Practice,2019-11-08T12:16:06Z
2019,REG,NYJ,10,00-0034869,QB,Sam Darnold,Sam,Darnold,,,,left Thumb,,Full Participation in Practice,2019-11-08T12:16:06Z
2019,REG,NYJ,10,00-0035698,T,Chuma Edoga,Chuma,Edoga,,,,Hip,Ankle,Full Participation in Practice,2019-11-08T12:16:06Z
2019,REG,NYJ,10,00-0030108,TE,Ryan Griffin,Ryan,Griffin,,,,Ankle,,Full Participation in Practice,2019-11-08T12:16:06Z
2019,REG,NYJ,10,00-0033568,CB,Nate Hairston,Nate,Hairston,,,,Thumb,Knee Neck,Full Participation in Practice,2019-11-08T12:16:06Z
2019,REG,NYJ,10,00-0032407,G,Alex Lewis,Alex,Lewis,,,,Elbow,Neck,Full Participation in Practice,2019-11-08T12:16:06Z
2019,REG,NYJ,10,00-0031296,LB,C.J. Mosley,C.J.,Mosley,Groin,,Out,Groin,,Did Not Participate In Practice,2019-11-08T12:17:45Z
2019,REG,NYJ,10,00-0031628,CB,Darryl Roberts,Darryl,Roberts,Calf,,Doubtful,Calf,,Did Not Participate In Practice,2019-11-08T12:18:11Z
2019,REG,NYJ,10,00-0031740,LB,Neville Hewitt,Neville,Hewitt,Knee,Neck,Doubtful,Knee,Neck,Limited Participation in Practice,2019-11-08T12:17:20Z
2019,REG,NYJ,10,00-0025446,C,Ryan Kalil,Ryan,Kalil,Knee,,Doubtful,Knee,,Limited Participation in Practice,2019-11-08T12:17:34Z
2019,REG,NYJ,10,00-0032269,DE,Henry Anderson,Henry,Anderson,Shoulder,,Questionable,Shoulder,,Limited Participation in Practice,2019-11-08T12:16:42Z
2019,REG,NYJ,10,00-0029316,T,Kelvin Beachum,Kelvin,Beachum,Ankle,,Questionable,Ankle,,Limited Participation in Practice,2019-11-08T12:16:42Z
2019,REG,NYJ,10,00-0030496,RB,Le'Veon Bell,Le'Veon,Bell,Knee,Ankle,Questionable,Knee,Ankle,Limited Participation in Practice,2019-11-08T12:16:42Z
2019,REG,NYJ,10,00-0034766,TE,Christopher Herndon,Christopher,Herndon,Hamstring,,Questionable,Hamstring,,Limited Participation in Practice,2019-11-08T12:16:42Z
2019,REG,NYJ,10,00-0032970,LB,Jordan Jenkins,Jordan,Jenkins,Calf,,Questionable,Calf,,Limited Participation in Practice,2019-11-08T12:16:42Z
2019,REG,NYJ,10,00-0026564,DT,Steve McLendon,Steve,McLendon,Hamstring,,Questionable,Hamstring,,Limited Participation in Practice,2019-11-08T12:16:42Z
2019,REG,NYJ,10,00-0027874,WR,Demaryius Thomas,Demaryius,Thomas,Hamstring,,Questionable,Hamstring,,Limited Participation in Practice,2019-11-08T12:16:42Z
2019,REG,NYJ,10,00-0030066,G,Brian Winters,Brian,Winters,Knee,Shoulder,Questionable,Knee,Shoulder,Limited Participation in Practice,2019-11-08T12:16:42Z
2019,REG,OAK,10,00-0030063,DT,Johnathan Hankins,Johnathan,Hankins,,,,Foot,,Full Participation in Practice,2019-11-06T12:35:13Z
2019,REG,OAK,10,00-0032320,S,Erik Harris,Erik,Harris,,,,Illness,,Full Participation in Practice,2019-11-06T12:35:21Z
2019,REG,OAK,10,00-0035700,RB,Josh Jacobs,Josh,Jacobs,,,,Shoulder,,Full Participation in Practice,2019-11-06T12:35:13Z
2019,REG,OAK,10,00-0035127,T,Andre James,Andre,James,,,,Ankle,,Full Participation in Practice,2019-11-06T12:35:29Z
2019,REG,OAK,10,00-0033445,LB,Nicholas Morrow,Nicholas,Morrow,,,,Foot,,Full Participation in Practice,2019-11-06T12:35:35Z
2019,REG,OAK,10,00-0032891,CB,Daryl Worley,Daryl,Worley,,,,Ankle,,Limited Participation in Practice,2019-11-06T12:35:13Z
2019,REG,OAK,10,00-0034825,DE,Arden Key,Arden,Key,Foot,,Out,Foot,,Did Not Participate In Practice,2019-11-06T12:36:05Z
2019,REG,OAK,10,00-0030883,DE,Josh Mauro,Josh,Mauro,Groin,,Out,Groin,,Did Not Participate In Practice,2019-11-06T12:36:09Z
2019,REG,OAK,10,00-0032071,T,Trenton Brown,Trenton,Brown,Knee,,Questionable,Knee,,Limited Participation in Practice,2019-11-06T12:35:39Z
2019,REG,OAK,10,00-0028114,WR,Dwayne Harris,Dwayne,Harris,Foot,,Questionable,Foot,,Limited Participation in Practice,2019-11-06T12:35:39Z
2019,REG,OAK,10,00-0027993,C,Rodney Hudson,Rodney,Hudson,Ankle,,Questionable,Ankle,,Limited Participation in Practice,2019-11-06T12:35:39Z
2019,REG,PIT,10,00-0027862,DE,Tyson Alualu,Tyson,Alualu,,,,Knee,,Full Participation in Practice,2019-11-08T11:37:43Z
2019,REG,PIT,10,00-0029670,LB,Mark Barron,Mark,Barron,,,,Not Injury Related,,Full Participation in Practice,2019-11-08T11:37:52Z
2019,REG,PIT,10,00-0033838,RB,Trey Edmunds,Trey,Edmunds,,,,Ribs,,Full Participation in Practice,2019-11-08T11:38:05Z
2019,REG,PIT,10,00-0030470,TE,Vance McDonald,Vance,McDonald,,,,Not Injury Related,,Full Participation in Practice,2019-11-08T11:38:14Z
2019,REG,PIT,10,00-0027870,C,Maurkice Pouncey,Maurkice,Pouncey,,,,Not Injury Related,,Full Participation in Practice,2019-11-08T11:37:30Z
2019,REG,PIT,10,00-0033562,WR,Ryan Switzer,Ryan,Switzer,,,,Back,,Full Participation in Practice,2019-11-08T11:44:19Z
2019,REG,PIT,10,00-0033553,RB,James Conner,James,Conner,Shoulder,,Out,Shoulder,,Did Not Participate In Practice,2019-11-08T11:49:05Z
2019,REG,PIT,10,00-0026561,G,Ramon Foster,Ramon,Foster,Concussion,,Out,Concussion,,Did Not Participate In Practice,2019-11-08T11:49:19Z
2019,REG,PIT,10,00-0030741,RB,Roosevelt Nix,Roosevelt,Nix,Knee,,Out,Knee,,Did Not Participate In Practice,2019-11-08T11:49:27Z
2019,REG,PIT,10,00-0035217,RB,Benny Snell,Benny,Snell,Knee,,Out,Knee,,Did Not Participate In Practice,2019-11-08T11:49:34Z
2019,REG,PIT,10,00-0033857,WR,JuJu Smith-Schuster,JuJu,Smith-Schuster,Foot,,Questionable,Foot,,Limited Participation in Practice,2019-11-08T11:47:03Z
2019,REG,SEA,10,00-0035672,LB,Cody Barton,Cody,Barton,,,,Knee,,Full Participation in Practice,2019-11-09T14:42:12Z
2019,REG,SEA,10,00-0033594,RB,Chris Carson,Chris,Carson,,,,Not Injury Related,,Full Participation in Practice,2019-11-09T14:42:00Z
2019,REG,SEA,10,00-0031608,S,Quandre Diggs,Quandre,Diggs,,,,Hamstring,,Full Participation in Practice,2019-11-09T14:42:00Z
2019,REG,SEA,10,00-0030505,G,D.J. Fluker,D.J.,Fluker,,,,Shoulder,,Full Participation in Practice,2019-11-09T14:42:39Z
2019,REG,SEA,10,00-0029664,WR,Josh Gordon,Josh,Gordon,,,,Ankle,,Full Participation in Practice,2019-11-09T14:42:45Z
2019,REG,SEA,10,00-0032416,DT,Quinton Jefferson,Quinton,Jefferson,,,,Oblique,,Full Participation in Practice,2019-11-09T14:42:00Z
2019,REG,SEA,10,00-0034729,T,Jamarco Jones,Jamarco,Jones,,,,Illness,,Full Participation in Practice,2019-11-09T14:43:05Z
2019,REG,SEA,10,00-0032211,WR,Tyler Lockett,Tyler,Lockett,,,,Hip,,Full Participation in Practice,2019-11-09T14:43:15Z
2019,REG,SEA,10,00-0029255,LB,Bobby Wagner,Bobby,Wagner,,,,Not Injury Related,,Full Participation in Practice,2019-11-09T14:42:00Z
2019,REG,SEA,10,00-0030089,TE,Luke Willson,Luke,Willson,,,,Ribs,,Full Participation in Practice,2019-11-09T14:43:24Z
2019,REG,SEA,10,00-0028037,LB,K.J. Wright,K.J.,Wright,,,,Knee,,Full Participation in Practice,2019-11-09T14:42:00Z
2019,REG,SEA,10,00-0026166,T,Duane Brown,Duane,Brown,,,,Biceps,Knee,Limited Participation in Practice,2019-11-09T14:42:18Z
2019,REG,SEA,10,00-0031364,DE,Jadeveon Clowney,Jadeveon,Clowney,,,,Toe,Knee,Limited Participation in Practice,2019-11-09T14:42:25Z
2019,REG,SEA,10,00-0032443,C,Joey Hunt,Joey,Hunt,,,,Hip,,Limited Participation in Practice,2019-11-09T14:42:00Z
2019,REG,SEA,10,00-0027869,G,Mike Iupati,Mike,Iupati,,,,Back,Foot,Limited Participation in Practice,2019-11-09T14:42:00Z
2019,REG,SEA,10,00-0033931,S,Delano Hill,Delano,Hill,Elbow,,Questionable,Elbow,,Full Participation in Practice,2019-11-09T12:51:56Z
2019,REG,SEA,10,00-0035141,G,Phil Haynes,Phil,Haynes,Ankle,,Questionable,Ankle,,Limited Participation in Practice,2019-11-09T12:51:36Z
2019,REG,SF,10,00-0033308,RB,Matt Breida,Matt,Breida,,,,Ankle,,Full Participation in Practice,2019-11-09T13:33:44Z
2019,REG,SF,10,00-0031297,DE,Dee Ford,Dee,Ford,,,,Quadricep,,Full Participation in Practice,2019-11-09T13:33:55Z
2019,REG,SF,10,00-0029892,RB,Kyle Juszczyk,Kyle,Juszczyk,,,,Knee,,Full Participation in Practice,2019-11-09T13:34:11Z
2019,REG,SF,10,00-0030443,TE,Levine Toilolo,Levine,Toilolo,,,,Groin,,Limited Participation in Practice,2019-11-09T13:28:56Z
2019,REG,SF,10,00-0023252,K,Robbie Gould,Robbie,Gould,right Quadricep,,Doubtful,right Quadricep,,Did Not Participate In Practice,2019-11-09T13:37:44Z
2019,REG,SF,10,00-0033288,TE,George Kittle,George,Kittle,Knee,Ankle,Doubtful,Knee,Ankle,Did Not Participate In Practice,2019-11-09T13:38:00Z
2019,REG,SF,10,00-0034847,T,Mike McGlinchey,Mike,McGlinchey,Knee,,Questionable,Knee,,Limited Participation in Practice,2019-11-09T13:37:23Z
2019,REG,SF,10,00-0031687,RB,Raheem Mostert,Raheem,Mostert,Knee,,Questionable,Knee,,Limited Participation in Practice,2019-11-09T13:37:23Z
2019,REG,SF,10,00-0025415,T,Joe Staley,Joe,Staley,Fibula,,Questionable,Fibula,,Limited Participation in Practice,2019-11-09T13:37:23Z
2019,REG,SF,10,00-0033783,CB,Ahkello Witherspoon,Ahkello,Witherspoon,Foot,Quadricep,Questionable,Foot,Quadricep,Limited Participation in Practice,2019-11-09T13:37:23Z
2019,REG,TB,10,00-0031273,TE,Cameron Brate,Cameron,Brate,,,,Ribs,,Full Participation in Practice,2019-11-08T09:28:22Z
2019,REG,TB,10,00-0033879,TE,O.J. Howard,O.J.,Howard,,,,Hamstring,,Full Participation in Practice,2019-11-08T09:28:22Z
2019,REG,TB,10,00-0032243,G,Ali Marpet,Ali,Marpet,,,,Ankle,,Full Participation in Practice,2019-11-08T09:28:31Z
2019,REG,TB,10,00-0032217,T,Donovan Smith,Donovan,Smith,,,,Thumb,,Full Participation in Practice,2019-11-08T09:28:22Z
2019,REG,TB,10,00-0026814,T,Demar Dotson,Demar,Dotson,,,,Hamstring,,Limited Participation in Practice,2019-11-08T09:28:22Z
2019,REG,TB,10,00-0034778,CB,Carlton Davis,Carlton,Davis,Hip,,Out,Hip,,Did Not Participate In Practice,2019-11-08T09:28:40Z
2019,REG,TB,10,00-0033129,LB,Carl Nassib,Carl,Nassib,Groin,,Out,Groin,,Did Not Participate In Practice,2019-11-08T09:28:51Z
2019,REG,TB,10,00-0035254,LB,Anthony Nelson,Anthony,Nelson,Hamstring,,Out,Hamstring,,Did Not Participate In Practice,2019-11-08T09:28:56Z
2019,REG,TEN,10,00-0029413,C,Ben Jones,Ben,Jones,,,,Concussion,,Full Participation in Practice,2019-11-08T11:52:33Z
2019,REG,TEN,10,00-0034828,LB,Harold Landry,Harold,Landry,,,,Shoulder,,Full Participation in Practice,2019-11-08T11:52:43Z
2019,REG,TEN,10,00-0032353,CB,Chris Milton,Chris,Milton,,,,Ankle,,Full Participation in Practice,2019-11-08T11:52:49Z
2019,REG,TEN,10,00-0035643,DT,Jeffery Simmons,Jeffery,Simmons,,,,Hamstring,,Full Participation in Practice,2019-11-08T11:53:06Z
2019,REG,TEN,10,00-0023368,LB,Cameron Wake,Cameron,Wake,,,,Not Injury Related,,Full Participation in Practice,2019-11-08T11:52:33Z
2019,REG,TEN,10,00-0027648,G,Rodger Saffold,Rodger,Saffold,,,,Knee,,Limited Participation in Practice,2019-11-08T11:53:34Z
2019,REG,TEN,10,00-0033954,LB,Jayon Brown,Jayon,Brown,Groin,,Out,Groin,,Did Not Participate In Practice,2019-11-08T11:53:56Z
2019,REG,TEN,10,00-0028015,DT,Jurrell Casey,Jurrell,Casey,Shoulder,,Out,Shoulder,,Did Not Participate In Practice,2019-11-08T11:54:02Z
2019,REG,TEN,10,00-0024389,TE,Delanie Walker,Delanie,Walker,Ankle,,Out,Ankle,,Did Not Participate In Practice,2019-11-08T11:54:29Z
2019,REG,TEN,10,00-0033871,WR,Corey Davis,Corey,Davis,Hip,,Doubtful,Hip,,Did Not Participate In Practice,2019-11-08T11:54:08Z
2019,REG,ARI,11,00-0022921,WR,Larry Fitzgerald,Larry,Fitzgerald,,,,Not Injury Related,,Full Participation in Practice,2019-11-15T12:58:12Z
2019,REG,ARI,11,00-0035536,G,Lamont Gaillard,Lamont,Gaillard,,,,Thumb,,Full Participation in Practice,2019-11-15T12:58:12Z
2019,REG,ARI,11,00-0034473,LB,Dennis Gardeck,Dennis,Gardeck,,,,Ankle,,Full Participation in Practice,2019-11-15T12:58:12Z
2019,REG,ARI,11,00-0032131,DE,Rodney Gunter,Rodney,Gunter,,,,Calf,,Full Participation in Practice,2019-11-15T12:58:30Z
2019,REG,ARI,11,00-0029585,LB,Chandler Jones,Chandler,Jones,,,,Not Injury Related,,Full Participation in Practice,2019-11-15T12:58:12Z
2019,REG,ARI,11,00-0027943,CB,Patrick Peterson,Patrick,Peterson,,,,Calf,,Full Participation in Practice,2019-11-15T12:58:40Z
2019,REG,ARI,11,00-0035532,S,Deionte Thompson,Deionte,Thompson,,,,Knee,,Full Participation in Practice,2019-11-15T12:58:12Z
2019,REG,ARI,11,00-0031558,TE,Maxx Williams,Maxx,Williams,,,,Illness,,Full Participation in Practice,2019-11-15T12:58:46Z
2019,REG,ARI,11,00-0033093,DE,Jonathan Bullard,Jonathan,Bullard,Foot,,Out,Foot,,Did Not Participate In Practice,2019-11-15T12:59:35Z
2019,REG,ARI,11,00-0034681,RB,Chase Edmonds,Chase,Edmonds,Hamstring,,Out,Hamstring,,Did Not Participate In Practice,2019-11-15T12:59:43Z
2019,REG,ARI,11,00-0022161,LB,Terrell Suggs,Terrell,Suggs,Hamstring,Back,Questionable,Hamstring,Back,Did Not Participate In Practice,2019-11-15T12:59:06Z
2019,REG,ARI,11,00-0027375,CB,Tramaine Brock,Tramaine,Brock,Hamstring,,Questionable,Hamstring,,Full Participation in Practice,2019-11-15T12:59:06Z
2019,REG,ARI,11,00-0031105,DE,Zach Kerr,Zach,Kerr,Knee,,Questionable,Knee,,Limited Participation in Practice,2019-11-15T12:59:06Z
2019,REG,ARI,11,00-0032528,T,Justin Murray,Justin,Murray,Knee,,Questionable,Knee,,Limited Participation in Practice,2019-11-15T12:59:06Z
2019,REG,ATL,11,00-0033512,S,Damontae Kazee,Damontae,Kazee,,,,Shoulder,,Full Participation in Practice,2019-11-13T13:22:36Z
2019,REG,ATL,11,00-0032592,S,Sharrod Neasman,Sharrod,Neasman,,,,Hamstring,,Full Participation in Practice,2019-11-14T13:07:33Z
2019,REG,ATL,11,00-0032432,C,Wes Schweitzer,Wes,Schweitzer,,,,Concussion,,Full Participation in Practice,2019-11-15T10:41:40Z
2019,REG,ATL,11,00-0028042,TE,Luke Stocker,Luke,Stocker,,,,Knee,,Full Participation in Practice,2019-11-14T13:07:40Z
2019,REG,ATL,11,00-0029984,P,Ryan Allen,Ryan,Allen,,,,right Ankle,,Limited Participation in Practice,2019-11-15T10:41:32Z
2019,REG,ATL,11,00-0035265,DE,John Cominsky,John,Cominsky,,,,Ankle,,Limited Participation in Practice,2019-11-15T10:41:32Z
2019,REG,ATL,11,00-0026143,QB,Matt Ryan,Matt,Ryan,,,,Ankle,,Limited Participation in Practice,2019-11-15T10:41:32Z
2019,REG,ATL,11,00-0030562,CB,Desmond Trufant,Desmond,Trufant,,,,Toe,,Limited Participation in Practice,2019-11-15T10:41:32Z
2019,REG,ATL,11,00-0031285,RB,Devonta Freeman,Devonta,Freeman,Foot,,Out,Foot,,Did Not Participate In Practice,2019-11-15T10:42:44Z
2019,REG,ATL,11,00-0032392,TE,Austin Hooper,Austin,Hooper,Knee,,Out,Knee,,Did Not Participate In Practice,2019-11-15T10:43:21Z
2019,REG,ATL,11,00-0030427,S,Kemal Ishmael,Kemal,Ishmael,Concussion,,Out,Concussion,,Did Not Participate In Practice,2019-11-15T10:43:05Z
2019,REG,BAL,11,00-0026280,CB,Brandon Carr,Brandon,Carr,,,,Not Injury Related,,Full Participation in Practice,2019-11-15T13:06:46Z
2019,REG,BAL,11,00-0027966,RB,Mark Ingram,Mark,Ingram,,,,Not Injury Related,,Full Participation in Practice,2019-11-15T13:06:46Z
2019,REG,BAL,11,00-0027965,CB,Jimmy Smith,Jimmy,Smith,,,,Not Injury Related,,Full Participation in Practice,2019-11-15T13:06:46Z
2019,REG,BAL,11,00-0027866,S,Earl Thomas,Earl,Thomas,,,,Not Injury Related,Knee,Full Participation in Practice,2019-11-15T13:06:46Z
2019,REG,BAL,11,00-0030511,DT,Brandon Williams,Brandon,Williams,,,,Not Injury Related,,Full Participation in Practice,2019-11-15T13:07:20Z
2019,REG,BAL,11,00-0032574,DT,Michael Pierce,Michael,Pierce,Ankle,,Doubtful,Ankle,,Did Not Participate In Practice,2019-11-15T13:15:27Z
2019,REG,BAL,11,00-0035662,WR,Marquise Brown,Marquise,Brown,Ankle,,Questionable,Ankle,,Limited Participation in Practice,2019-11-15T13:15:13Z
2019,REG,BAL,11,00-0032398,WR,Chris Moore,Chris,Moore,Thumb,,Questionable,Thumb,,Limited Participation in Practice,2019-11-15T13:15:13Z
2019,REG,BUF,11,00-0023259,LB,Lorenzo Alexander,Lorenzo,Alexander,,,,Rest,,Full Participation in Practice,2019-11-15T11:13:53Z
2019,REG,BUF,11,00-0023500,RB,Frank Gore,Frank,Gore,,,,Rest,,Full Participation in Practice,2019-11-15T11:14:03Z
2019,REG,BUF,11,00-0035689,TE,Dawson Knox,Dawson,Knox,,,,Knee,,Full Participation in Practice,2019-11-15T11:14:10Z
2019,REG,BUF,11,00-0029709,T,Ty Nsekhe,Ty,Nsekhe,,,,Rest,,Full Participation in Practice,2019-11-15T11:13:53Z
2019,REG,BUF,11,00-0027881,DE,Jerry Hughes,Jerry,Hughes,Groin,,Questionable,Groin,,Did Not Participate In Practice,2019-11-15T11:14:25Z
2019,REG,CAR,11,00-0028339,LB,Mario Addison,Mario,Addison,,,,Not Injury Related,,Did Not Participate In Practice,2019-11-15T11:52:07Z
2019,REG,CAR,11,00-0029193,LB,Bruce Irvin,Bruce,Irvin,,,,Not Injury Related,,Did Not Participate In Practice,2019-11-15T11:51:58Z
2019,REG,CAR,11,00-0031550,LB,Shaq Thompson,Shaq,Thompson,,,,Ankle,,Did Not Participate In Practice,2019-11-15T11:52:21Z
2019,REG,CAR,11,00-0032890,CB,James Bradberry,James,Bradberry,,,,Groin,,Full Participation in Practice,2019-11-15T11:51:35Z
2019,REG,CAR,11,00-0035713,LB,Brian Burns,Brian,Burns,,,,Wrist,,Full Participation in Practice,2019-11-15T11:51:35Z
2019,REG,CAR,11,00-0035694,T,Greg Little,Greg,Little,,,,Concussion,,Full Participation in Practice,2019-11-15T11:51:35Z
2019,REG,CAR,11,00-0027236,DT,Kyle Love,Kyle,Love,,,,Shoulder,,Full Participation in Practice,2019-11-15T11:51:35Z
2019,REG,CAR,11,00-0033280,RB,Christian McCaffrey,Christian,McCaffrey,,,,Foot,,Full Participation in Practice,2019-11-15T11:51:35Z
2019,REG,CAR,11,00-0027856,DT,Gerald McCoy,Gerald,McCoy,,,,Knee,,Full Participation in Practice,2019-11-15T11:51:35Z
2019,REG,CAR,11,00-0031016,CB,Ross Cockrell,Ross,Cockrell,Quadricep,,Out,Quadricep,,Did Not Participate In Practice,2019-11-15T11:52:33Z
2019,REG,CAR,11,00-0035300,G,Dennis Daley,Dennis,Daley,Groin,,Doubtful,Groin,,Did Not Participate In Practice,2019-11-15T11:52:39Z
2019,REG,CAR,11,00-0034356,CB,Donte Jackson,Donte,Jackson,Hip,,Questionable,Hip,,Limited Participation in Practice,2019-11-15T11:52:23Z
2019,REG,CHI,11,00-0034387,DT,Bilal Nichols,Bilal,Nichols,,,,Knee,,Limited Participation in Practice,2019-11-15T12:44:37Z
2019,REG,CHI,11,00-0030710,TE,Trey Burton,Trey,Burton,Calf,,Out,Calf,,Did Not Participate In Practice,2019-11-15T12:44:49Z
2019,REG,CHI,11,00-0033635,LB,Isaiah Irving,Isaiah,Irving,Quadricep,,Out,Quadricep,,Did Not Participate In Practice,2019-11-15T12:44:54Z
2019,REG,CHI,11,00-0033896,TE,Adam Shaheen,Adam,Shaheen,Foot,,Out,Foot,,Did Not Participate In Practice,2019-11-15T12:44:59Z
2019,REG,CHI,11,00-0029577,LB,Danny Trevathan,Danny,Trevathan,Elbow,,Out,Elbow,,Did Not Participate In Practice,2019-11-15T12:45:03Z
2019,REG,CHI,11,00-0035685,RB,David Montgomery,David,Montgomery,Ankle,,Questionable,Ankle,,Limited Participation in Practice,2019-11-15T12:44:39Z
2019,REG,CIN,11,00-0030549,TE,Tyler Eifert,Tyler,Eifert,,,,Not Injury Related,,Full Participation in Practice,2019-11-14T13:37:28Z
2019,REG,CIN,11,00-0032543,WR,Alex Erickson,Alex,Erickson,,,,Back,,Full Participation in Practice,2019-11-15T10:34:53Z
2019,REG,CIN,11,00-0027942,WR,A.J. Green,A.J.,Green,Ankle,,Out,Ankle,,Did Not Participate In Practice,2019-11-15T10:35:49Z
2019,REG,CIN,11,00-0029560,CB,Dre Kirkpatrick,Dre,Kirkpatrick,Knee,,Out,Knee,,Did Not Participate In Practice,2019-11-15T10:35:56Z
2019,REG,CIN,11,00-0032549,G,Alex Redmond,Alex,Redmond,Knee,Ankle,Out,Knee,Ankle,Did Not Participate In Practice,2019-11-15T10:36:05Z
2019,REG,CIN,11,00-0035631,TE,Drew Sample,Drew,Sample,Ankle,,Out,Ankle,,Did Not Participate In Practice,2019-11-15T10:36:11Z
2019,REG,CIN,11,00-0031622,T,Bobby Hart,Bobby,Hart,Shoulder,,Questionable,Shoulder,,Full Participation in Practice,2019-11-15T10:35:05Z
2019,REG,CIN,11,00-0027720,DT,Geno Atkins,Geno,Atkins,Ankle,Knee,Questionable,Ankle,Knee,Limited Participation in Practice,2019-11-15T11:54:42Z
2019,REG,CLE,11,00-0031235,WR,Odell Beckham,Odell,Beckham,,,,Groin,,Full Participation in Practice,2019-11-13T10:34:26Z
2019,REG,CLE,11,00-0031426,G,Joel Bitonio,Joel,Bitonio,,,,Back,,Full Participation in Practice,2019-11-13T10:34:26Z
2019,REG,CLE,11,00-0031269,CB,T.J. Carrie,T.J.,Carrie,,,,Back,,Full Participation in Practice,2019-11-13T10:34:26Z
2019,REG,CLE,11,00-0033868,DE,Myles Garrett,Myles,Garrett,,,,Knee,,Full Participation in Practice,2019-11-13T10:34:26Z
2019,REG,CLE,11,00-0031382,WR,Jarvis Landry,Jarvis,Landry,,,,Hip,,Full Participation in Practice,2019-11-13T10:34:26Z
2019,REG,CLE,11,00-0032251,S,Damarious Randall,Damarious,Randall,,,,Chest,,Full Participation in Practice,2019-11-13T10:34:26Z
2019,REG,CLE,11,00-0031386,T,Greg Robinson,Greg,Robinson,,,,Shoulder,,Full Participation in Practice,2019-11-13T10:34:26Z
2019,REG,CLE,11,00-0033038,S,Eric Murray,Eric,Murray,Knee,,Out,Knee,,Did Not Participate In Practice,2019-11-13T10:34:56Z
2019,REG,CLE,11,00-0029693,DE,Olivier Vernon,Olivier,Vernon,Knee,,Out,Knee,,Did Not Participate In Practice,2019-11-13T10:35:10Z
2019,REG,CLE,11,00-0031921,T,Kendall Lamm,Kendall,Lamm,Knee,,Questionable,Knee,,Full Participation in Practice,2019-11-13T10:34:40Z
2019,REG,CLE,11,00-0033611,TE,Ricky Seals-Jones,Ricky,Seals-Jones,Knee,,Questionable,Knee,,Full Participation in Practice,2019-11-13T10:34:40Z
2019,REG,DAL,11,00-0027663,LB,Sean Lee,Sean,Lee,,,,Pectoral,Not Injury Related,Did Not Participate In Practice,2019-11-15T12:31:13Z
2019,REG,DAL,11,00-0026618,DE,Michael Bennett,Michael,Bennett,,,,Not Injury Related,,Full Participation in Practice,2019-11-15T12:30:22Z
2019,REG,DAL,11,00-0031067,T,Cameron Fleming,Cameron,Fleming,,,,Calf,,Full Participation in Practice,2019-11-15T12:30:42Z
2019,REG,DAL,11,00-0034764,WR,Michael Gallup,Michael,Gallup,,,,Knee,,Full Participation in Practice,2019-11-15T12:30:22Z
2019,REG,DAL,11,00-0031357,CB,C.J. Goodwin,C.J.,Goodwin,,,,Knee,,Full Participation in Practice,2019-11-15T12:30:49Z
2019,REG,DAL,11,00-0031411,DE,Demarcus Lawrence,Demarcus,Lawrence,,,,Neck,,Full Participation in Practice,2019-11-15T12:31:03Z
2019,REG,DAL,11,00-0027947,T,Tyron Smith,Tyron,Smith,,,,Ankle,,Full Participation in Practice,2019-11-15T12:30:22Z
2019,REG,DAL,11,00-0032871,DT,Antwaun Woods,Antwaun,Woods,,,,Shoulder,,Full Participation in Practice,2019-11-15T12:31:35Z
2019,REG,DAL,11,00-0031544,WR,Amari Cooper,Amari,Cooper,,,,Knee,Ankle,Limited Participation in Practice,2019-11-15T12:30:22Z
2019,REG,DAL,11,00-0031402,G,Zack Martin,Zack,Martin,,,,Back,"Ankle, Elbow",Limited Participation in Practice,2019-11-15T12:30:22Z
2019,REG,DAL,11,00-0034352,G,Connor Williams,Connor,Williams,Knee,,Out,Knee,,Did Not Participate In Practice,2019-11-15T12:32:16Z
2019,REG,DAL,11,00-0031534,T,La'el Collins,La'el,Collins,Knee,Back,Questionable,Knee,Back,Limited Participation in Practice,2019-11-15T12:31:51Z
2019,REG,DAL,11,00-0030196,S,Jeff Heath,Jeff,Heath,Shoulder,Shoulder,Questionable,Shoulder,Shoulder,Limited Participation in Practice,2019-11-15T12:31:51Z
2019,REG,DEN,11,00-0034744,CB,Duke Dawson,Duke,Dawson,,,,Foot,,Full Participation in Practice,2019-11-15T12:36:28Z
2019,REG,DEN,11,00-0034109,RB,Phillip Lindsay,Phillip,Lindsay,,,,Wrist,,Full Participation in Practice,2019-11-15T12:36:28Z
2019,REG,DEN,11,00-0032958,S,Will Parks,Will,Parks,,,,Hand,,Full Participation in Practice,2019-11-15T12:36:28Z
2019,REG,DEN,11,00-0033782,DE,DeMarcus Walker,DeMarcus,Walker,,,,Shoulder,,Full Participation in Practice,2019-11-15T12:36:28Z
2019,REG,DEN,11,00-0031904,CB,Bryce Callahan,Bryce,Callahan,Foot,,Out,Foot,,Did Not Participate In Practice,2019-11-15T12:36:34Z
2019,REG,DEN,11,00-0032227,TE,Jeff Heuerman,Jeff,Heuerman,Knee,,Doubtful,Knee,,Limited Participation in Practice,2019-11-15T12:36:39Z
2019,REG,DEN,11,00-0031417,T,Ja'Wuan James,Ja'Wuan,James,Knee,,Doubtful,Knee,,Limited Participation in Practice,2019-11-15T12:36:43Z
2019,REG,DEN,11,00-0034370,WR,DaeSean Hamilton,DaeSean,Hamilton,Knee,,Questionable,Knee,,Limited Participation in Practice,2019-11-15T12:36:29Z
2019,REG,DET,11,00-0026035,WR,Danny Amendola,Danny,Amendola,,,,Hand,,Full Participation in Practice,2019-11-15T12:55:54Z
2019,REG,DET,11,00-0034586,DT,John Atkins,John,Atkins,,,,Wrist,,Full Participation in Practice,2019-11-15T12:55:54Z
2019,REG,DET,11,00-0029284,DT,Mike Daniels,Mike,Daniels,,,,Foot,,Full Participation in Practice,2019-11-15T12:55:54Z
2019,REG,DET,11,00-0035655,S,Will Harris,Will,Harris,,,,Quadricep,,Full Participation in Practice,2019-11-15T12:56:33Z
2019,REG,DET,11,00-0035537,RB,Ty Johnson,Ty,Johnson,,,,Concussion,,Full Participation in Practice,2019-11-15T12:56:14Z
2019,REG,DET,11,00-0032399,S,Miles Killebrew,Miles,Killebrew,,,,Concussion,,Full Participation in Practice,2019-11-15T12:55:54Z
2019,REG,DET,11,00-0032889,DT,A'Shawn Robinson,A'Shawn,Robinson,,,,Ankle,Thumb,Full Participation in Practice,2019-11-15T12:55:54Z
2019,REG,DET,11,00-0030062,CB,Darius Slay,Darius,Slay,,,,Neck,,Full Participation in Practice,2019-11-15T12:57:05Z
2019,REG,DET,11,00-0034371,DE,Da'Shawn Hand,Da'Shawn,Hand,Ankle,,Out,Ankle,,Did Not Participate In Practice,2019-11-15T12:58:14Z
2019,REG,DET,11,00-0026498,QB,Matthew Stafford,Matthew,Stafford,Hip,Back,Out,Hip,Back,Did Not Participate In Practice,2019-11-15T12:58:19Z
2019,REG,DET,11,00-0029893,T,Rick Wagner,Rick,Wagner,Concussion,,Out,Concussion,,Did Not Participate In Practice,2019-11-15T12:58:05Z
2019,REG,DET,11,00-0034433,RB,Nick Bawden,Nick,Bawden,Foot,,Questionable,,,"
    ",2019-11-16T13:54:14Z
2019,REG,DET,11,00-0029040,DT,Damon Harrison,Damon,Harrison,Groin,Not Injury Related,Questionable,Groin,Not Injury Related,Limited Participation in Practice,2019-11-15T12:57:43Z
2019,REG,DET,11,00-0030092,P,Sam Martin,Sam,Martin,Abdomen,,Questionable,Abdomen,,Limited Participation in Practice,2019-11-15T12:57:43Z
2019,REG,DET,11,00-0032655,DE,Romeo Okwara,Romeo,Okwara,Groin,,Questionable,Groin,,Limited Participation in Practice,2019-11-15T12:57:43Z
2019,REG,DET,11,00-0034745,S,Tracy Walker,Tracy,Walker,Knee,,Questionable,Knee,,Limited Participation in Practice,2019-11-15T12:57:43Z
2019,REG,HOU,11,00-0033765,LB,Dylan Cole,Dylan,Cole,,,,Knee,,Full Participation in Practice,2019-11-15T13:06:00Z
2019,REG,HOU,11,00-0035234,T,Tytus Howard,Tytus,Howard,,,,Knee,,Full Participation in Practice,2019-11-15T13:06:06Z
2019,REG,HOU,11,00-0033127,WR,Will Fuller,Will,Fuller,Hamstring,,Questionable,Hamstring,,Limited Participation in Practice,2019-11-15T13:06:21Z
2019,REG,HOU,11,00-0028924,S,Tashaun Gipson,Tashaun,Gipson,Back,Wrist,Questionable,Back,Wrist,Limited Participation in Practice,2019-11-15T13:06:39Z
2019,REG,HOU,11,00-0031372,CB,Bradley Roby,Bradley,Roby,Hamstring,,Questionable,Hamstring,,Limited Participation in Practice,2019-11-15T13:06:52Z
2019,REG,HOU,11,00-0032380,T,Laremy Tunsil,Laremy,Tunsil,Shoulder,,Questionable,Shoulder,,Limited Participation in Practice,2019-11-15T13:07:03Z
2019,REG,IND,11,00-0031254,DT,Denico Autry,Denico,Autry,,,,Not Injury Related,,Did Not Participate In Practice,2019-11-15T11:42:42Z
2019,REG,IND,11,00-0027960,T,Anthony Castonzo,Anthony,Castonzo,,,,Not Injury Related,,Did Not Participate In Practice,2019-11-15T11:43:18Z
2019,REG,IND,11,00-0031571,S,Clayton Geathers,Clayton,Geathers,,,,Not Injury Related,,Did Not Participate In Practice,2019-11-15T11:44:10Z
2019,REG,IND,11,00-0028008,DE,Justin Houston,Justin,Houston,,,,Not Injury Related,,Did Not Participate In Practice,2019-11-15T11:44:35Z
2019,REG,IND,11,00-0034846,LB,Darius Leonard,Darius,Leonard,,,,Abdomen,,Did Not Participate In Practice,2019-11-15T11:44:50Z
2019,REG,IND,11,00-0033119,QB,Jacoby Brissett,Jacoby,Brissett,,,,Knee,,Full Participation in Practice,2019-11-15T11:42:10Z
2019,REG,IND,11,00-0030181,TE,Jack Doyle,Jack,Doyle,,,,Shoulder,,Full Participation in Practice,2019-11-15T11:43:42Z
2019,REG,IND,11,00-0035021,WR,Ashton Dulin,Ashton,Dulin,,,,Neck,,Full Participation in Practice,2019-11-15T11:43:55Z
2019,REG,IND,11,00-0033877,S,Malik Hooker,Malik,Hooker,,,,Knee,,Full Participation in Practice,2019-11-15T11:45:15Z
2019,REG,IND,11,00-0027975,DE,Jabaal Sheard,Jabaal,Sheard,,,,Not Injury Related,,Full Participation in Practice,2019-11-15T11:45:34Z
2019,REG,IND,11,00-0035639,WR,Parris Campbell,Parris,Campbell,Hand,,Out,Hand,,Did Not Participate In Practice,2019-11-15T11:46:00Z
2019,REG,IND,11,00-0029608,WR,T.Y. Hilton,T.Y.,Hilton,Calf,,Out,Calf,,Did Not Participate In Practice,2019-11-15T11:46:37Z
2019,REG,IND,11,00-0031331,CB,Pierre Desir,Pierre,Desir,Hamstring,,Doubtful,Hamstring,,Did Not Participate In Practice,2019-11-15T11:46:17Z
2019,REG,IND,11,00-0033217,TE,Mo Alie-Cox,Mo,Alie-Cox,Hip,,Questionable,Hip,,Did Not Participate In Practice,2019-11-15T11:42:13Z
2019,REG,IND,11,00-0034400,RB,Jordan Wilkins,Jordan,Wilkins,Ankle,,Questionable,Ankle,,Did Not Participate In Practice,2019-11-15T11:42:13Z
2019,REG,JAX,11,00-0026190,DE,Calais Campbell,Calais,Campbell,,,,Back,,Full Participation in Practice,2019-11-15T10:31:10Z
2019,REG,JAX,11,00-0030572,CB,D.J. Hayden,D.J.,Hayden,,,,Neck,Shoulder,Full Participation in Practice,2019-11-15T10:30:50Z
2019,REG,JAX,11,00-0034428,LB,Leon Jacobs,Leon,Jacobs,,,,Hamstring,,Full Participation in Practice,2019-11-15T10:30:50Z
2019,REG,JAX,11,00-0031369,C,Brandon Linder,Brandon,Linder,,,,Shoulder,,Full Participation in Practice,2019-11-15T10:30:57Z
2019,REG,JAX,11,00-0033889,T,Cam Robinson,Cam,Robinson,,,,Knee,,Full Participation in Practice,2019-11-15T10:31:03Z
2019,REG,JAX,11,00-0033839,WR,Dede Westbrook,Dede,Westbrook,,,,Neck,Shoulder,Full Participation in Practice,2019-11-15T10:30:50Z
2019,REG,JAX,11,00-0035680,LB,Quincy Williams,Quincy,Williams,,,,Hamstring,,Full Participation in Practice,2019-11-15T10:30:50Z
2019,REG,JAX,11,00-0034779,S,Ronnie Harrison,Ronnie,Harrison,,,,Eye,,Limited Participation in Practice,2019-11-15T10:30:50Z
2019,REG,JAX,11,00-0033080,TE,Seth DeValve,Seth,DeValve,Oblique,,Doubtful,Oblique,,Did Not Participate In Practice,2019-11-15T10:31:32Z
2019,REG,KC,11,00-0032210,DE,Frank Clark,Frank,Clark,,,,Neck,,Full Participation in Practice,2019-11-16T12:15:44Z
2019,REG,KC,11,00-0031022,G,Laurent Duvernay-Tardif,Laurent,Duvernay-Tardif,,,,Ankle,,Full Participation in Practice,2019-11-16T12:15:44Z
2019,REG,KC,11,00-0032145,T,Cameron Erving,Cameron,Erving,,,,Ankle,,Full Participation in Practice,2019-11-16T12:15:44Z
2019,REG,KC,11,00-0030584,T,Eric Fisher,Eric,Fisher,,,,Groin,,Full Participation in Practice,2019-11-16T12:15:44Z
2019,REG,KC,11,00-0032762,DT,Chris Jones,Chris,Jones,,,,Groin,,Full Participation in Practice,2019-11-16T12:15:44Z
2019,REG,KC,11,00-0033873,QB,Patrick Mahomes,Patrick,Mahomes,,,,Knee,,Full Participation in Practice,2019-11-16T12:15:44Z
2019,REG,KC,11,00-0034818,DT,Derrick Nnadi,Derrick,Nnadi,,,,Elbow,,Full Participation in Practice,2019-11-16T12:15:44Z
2019,REG,KC,11,00-0031325,WR,Sammy Watkins,Sammy,Watkins,,,,Groin,,Full Participation in Practice,2019-11-16T12:15:44Z
2019,REG,KC,11,00-0029253,T,Mitchell Schwartz,Mitchell,Schwartz,,,,Knee,,Limited Participation in Practice,2019-11-16T12:15:44Z
2019,REG,KC,11,00-0032062,TE,Blake Bell,Blake,Bell,Ankle,,Out,Ankle,,Did Not Participate In Practice,2019-11-16T12:16:34Z
2019,REG,KC,11,00-0033073,DE,Emmanuel Ogbah,Emmanuel,Ogbah,Pectoral,,Out,Pectoral,,Did Not Participate In Practice,2019-11-16T12:17:59Z
2019,REG,KC,11,00-0030503,DE,Alex Okafor,Alex,Okafor,Ankle,,Out,Ankle,,Did Not Participate In Practice,2019-11-16T12:16:26Z
2019,REG,KC,11,00-0030874,RB,Damien Williams,Damien,Williams,Not Injury Related,,Questionable,Not Injury Related,,Did Not Participate In Practice,2019-11-16T12:15:56Z
2019,REG,KC,11,00-0033084,CB,Kendall Fuller,Kendall,Fuller,Thumb,,Questionable,Thumb,,Limited Participation in Practice,2019-11-16T12:15:56Z
2019,REG,LA,11,00-0032455,G,Austin Blythe,Austin,Blythe,,,,Illness,,Did Not Participate In Practice,2019-11-15T13:30:57Z
2019,REG,LA,11,00-0032241,RB,Todd Gurley,Todd,Gurley,,,,Not Injury Related,,Did Not Participate In Practice,2019-11-15T13:30:28Z
2019,REG,LA,11,00-0033908,WR,Cooper Kupp,Cooper,Kupp,,,,Illness,,Did Not Participate In Practice,2019-11-15T13:30:45Z
2019,REG,LA,11,00-0032242,T,Rob Havenstein,Rob,Havenstein,Knee,,Out,Knee,,Did Not Participate In Practice,2019-11-15T13:31:36Z
2019,REG,LA,11,00-0034203,CB,Darious Williams,Darious,Williams,Ankle,,Out,Ankle,,Did Not Participate In Practice,2019-11-15T13:31:59Z
2019,REG,LA,11,00-0031236,WR,Brandin Cooks,Brandin,Cooks,Concussion,,Out,Concussion,,Limited Participation in Practice,2019-11-15T13:31:23Z
2019,REG,LA,11,00-0033895,TE,Gerald Everett,Gerald,Everett,Wrist,,Questionable,Wrist,,Limited Participation in Practice,2019-11-15T13:31:16Z
2019,REG,LA,11,00-0033110,TE,Tyler Higbee,Tyler,Higbee,Knee,,Questionable,Knee,,Limited Participation in Practice,2019-11-15T13:31:16Z
2019,REG,LA,11,00-0033246,TE,Johnny Mundt,Johnny,Mundt,Groin,,Questionable,Groin,,Limited Participation in Practice,2019-11-15T13:31:16Z
2019,REG,LAC,11,00-0035315,DT,Cortez Broughton,Cortez,Broughton,,,,Illness,,Did Not Participate In Practice,2019-11-14T13:51:36Z
2019,REG,LAC,11,00-0023448,LB,Thomas Davis,Thomas,Davis,,,,Not Injury Related,,Full Participation in Practice,2019-11-16T12:48:57Z
2019,REG,LAC,11,00-0033910,G,Dan Feeney,Dan,Feeney,,,,Shoulder,,Full Participation in Practice,2019-11-16T12:48:06Z
2019,REG,LAC,11,00-0034677,DT,Justin Jones,Justin,Jones,,,,Shoulder,,Full Participation in Practice,2019-11-16T12:48:06Z
2019,REG,LAC,11,00-0032103,LB,Denzel Perryman,Denzel,Perryman,,,,Knee,,Full Participation in Practice,2019-11-16T12:48:06Z
2019,REG,LAC,11,00-0035688,T,Trey Pipkins,Trey,Pipkins,,,,Toe,,Full Participation in Practice,2019-11-16T12:48:06Z
2019,REG,LAC,11,00-0033578,T,Sam Tevi,Sam,Tevi,Knee,,Out,Knee,,Did Not Participate In Practice,2019-11-16T12:51:15Z
2019,REG,LAC,11,00-0031953,WR,Geremy Davis,Geremy,Davis,Hamstring,,Doubtful,Hamstring,,Did Not Participate In Practice,2019-11-16T12:49:32Z
2019,REG,LAC,11,00-0034440,RB,Justin Jackson,Justin,Jackson,Calf,,Doubtful,Calf,,Did Not Participate In Practice,2019-11-16T12:50:02Z
2019,REG,LAC,11,00-0027859,T,Russell Okung,Russell,Okung,Groin,,Questionable,Groin,,Did Not Participate In Practice,2019-11-16T12:49:05Z
2019,REG,LAC,11,00-0034917,LS,Cole Mazza,Cole,Mazza,Illness,,Questionable,Illness,,Full Participation in Practice,2019-11-16T12:49:05Z
2019,REG,LAC,11,00-0035437,CB,Roderic Teamer,Roderic,Teamer,Groin,,Questionable,Groin,,Full Participation in Practice,2019-11-16T12:49:05Z
2019,REG,LAC,11,00-0035262,LB,Drue Tranquill,Drue,Tranquill,Calf,,Questionable,Calf,,Limited Participation in Practice,2019-11-17T14:01:46Z
2019,REG,MIA,11,00-0034799,RB,Kalen Ballage,Kalen,Ballage,,,,Neck,Illness,Full Participation in Practice,2019-11-14T11:50:06Z
2019,REG,MIA,11,00-0031893,T,Jesse Davis,Jesse,Davis,,,,Elbow,,Full Participation in Practice,2019-11-15T10:52:24Z
2019,REG,MIA,11,00-0023682,QB,Ryan Fitzpatrick,Ryan,Fitzpatrick,,,,right Shoulder,,Full Participation in Practice,2019-11-15T10:52:24Z
2019,REG,MIA,11,00-0033860,DT,Davon Godchaux,Davon,Godchaux,,,,Shoulder,,Full Participation in Practice,2019-11-15T10:52:24Z
2019,REG,MIA,11,00-0032791,WR,Jakeem Grant,Jakeem,Grant,,,,Toe,Achilles,Full Participation in Practice,2019-11-15T10:52:24Z
2019,REG,MIA,11,00-0034588,LB,Trent Harris,Trent,Harris,,,,Foot,,Full Participation in Practice,2019-11-15T10:52:24Z
2019,REG,MIA,11,00-0028101,C,Daniel Kilgore,Daniel,Kilgore,,,,Knee,,Full Participation in Practice,2019-11-15T10:52:24Z
2019,REG,MIA,11,00-0034145,CB,Chris Lammons,Chris,Lammons,,,,Ankle,Toe,Full Participation in Practice,2019-11-15T10:52:24Z
2019,REG,MIA,11,00-0031587,S,Bobby McCain,Bobby,McCain,,,,Shoulder,,Full Participation in Practice,2019-11-15T10:52:24Z
2019,REG,MIA,11,00-0031547,WR,DeVante Parker,DeVante,Parker,,,,Calf,,Full Participation in Practice,2019-11-14T11:49:56Z
2019,REG,MIA,11,00-0034798,TE,Durham Smythe,Durham,Smythe,,,,Knee,Elbow,Full Participation in Practice,2019-11-14T11:50:50Z
2019,REG,MIA,11,00-0035231,DE,Christian Wilkins,Christian,Wilkins,,,,Toe,,Full Participation in Practice,2019-11-15T10:52:24Z
2019,REG,MIA,11,00-0030669,WR,Albert Wilson,Albert,Wilson,,,,Hip,Ankle,Full Participation in Practice,2019-11-15T10:52:24Z
2019,REG,MIA,11,00-0035318,CB,Ken Webster,Ken,Webster,Ankle,,Out,Ankle,,Did Not Participate In Practice,2019-11-15T10:54:37Z
2019,REG,MIA,11,00-0027762,S,Reshad Jones,Reshad,Jones,Chest,,Questionable,Chest,,Full Participation in Practice,2019-11-15T10:53:31Z
2019,REG,MIA,11,00-0033574,DE,Avery Moss,Avery,Moss,Ankle,,Questionable,Ankle,,Full Participation in Practice,2019-11-15T10:53:31Z
2019,REG,MIA,11,00-0033541,DE,Taco Charlton,Taco,Charlton,Elbow,,Questionable,Elbow,,Limited Participation in Practice,2019-11-15T10:53:31Z
2019,REG,MIA,11,00-0033461,LB,Raekwon McMillan,Raekwon,McMillan,Knee,,Questionable,Knee,,Limited Participation in Practice,2019-11-15T10:53:31Z
2019,REG,MIN,11,00-0032389,CB,Mackensie Alexander,Mackensie,Alexander,,,,Groin,,Full Participation in Practice,2019-11-15T10:41:01Z
2019,REG,MIN,11,00-0032918,RB,C.J. Ham,C.J.,Ham,,,,Ankle,,Full Participation in Practice,2019-11-15T10:41:01Z
2019,REG,MIN,11,00-0031554,LB,Eric Kendricks,Eric,Kendricks,,,,Hip,,Full Participation in Practice,2019-11-15T10:41:01Z
2019,REG,MIN,11,00-0033969,DE,Ifeadi Odenigbo,Ifeadi,Odenigbo,,,,Shoulder,,Full Participation in Practice,2019-11-15T10:41:01Z
2019,REG,MIN,11,00-0030575,CB,Xavier Rhodes,Xavier,Rhodes,,,,Elbow,,Full Participation in Practice,2019-11-15T10:41:01Z
2019,REG,MIN,11,00-0031242,DT,Shamar Stephen,Shamar,Stephen,,,,Knee,,Full Participation in Practice,2019-11-15T10:41:01Z
2019,REG,MIN,11,00-0034992,DT,Armon Watts,Armon,Watts,,,,Elbow,,Full Participation in Practice,2019-11-15T10:41:01Z
2019,REG,MIN,11,00-0031546,CB,Trae Waynes,Trae,Waynes,,,,Ankle,,Full Participation in Practice,2019-11-15T10:41:01Z
2019,REG,MIN,11,00-0031489,C,Brett Jones,Brett,Jones,,,,Knee,,Limited Participation in Practice,2019-11-13T13:21:48Z
2019,REG,MIN,11,00-0031799,S,Anthony Harris,Anthony,Harris,Groin,,Out,Groin,,Did Not Participate In Practice,2019-11-15T10:41:43Z
2019,REG,MIN,11,00-0027885,DT,Linval Joseph,Linval,Joseph,Knee,,Out,Knee,,Did Not Participate In Practice,2019-11-15T10:41:22Z
2019,REG,MIN,11,00-0029992,G,Josh Kline,Josh,Kline,Concussion,,Out,Concussion,,Did Not Participate In Practice,2019-11-15T10:41:28Z
2019,REG,MIN,11,00-0030035,WR,Adam Thielen,Adam,Thielen,Hamstring,,Out,Hamstring,,Did Not Participate In Practice,2019-11-15T10:41:54Z
2019,REG,MIN,11,00-0027914,S,Andrew Sendejo,Andrew,Sendejo,Groin,,Questionable,Groin,,Limited Participation in Practice,2019-11-15T10:41:09Z
2019,REG,NE,11,00-0029570,S,Nate Ebner,Nate,Ebner,Ankle,Back,Questionable,Ankle,Back,Did Not Participate In Practice,2019-11-15T12:48:42Z
2019,REG,NE,11,00-0027010,S,Patrick Chung,Patrick,Chung,Heel,Chest,Questionable,Heel,Chest,Limited Participation in Practice,2019-11-15T12:48:42Z
2019,REG,NE,11,00-0035657,RB,Damien Harris,Damien,Harris,Hamstring,,Questionable,Hamstring,,Limited Participation in Practice,2019-11-15T12:48:42Z
2019,REG,NE,11,00-0031744,TE,Matt LaCosse,Matt,LaCosse,Knee,,Questionable,Knee,,Limited Participation in Practice,2019-11-15T12:48:42Z
2019,REG,NE,11,00-0035645,WR,Gunner Olszewski,Gunner,Olszewski,Ankle,Hamstring,Questionable,Ankle,Hamstring,Limited Participation in Practice,2019-11-15T12:48:42Z
2019,REG,NE,11,00-0032143,DT,Danny Shelton,Danny,Shelton,Ankle,,Questionable,Ankle,,Limited Participation in Practice,2019-11-15T12:48:42Z
2019,REG,NE,11,00-0030442,DE,John Simon,John,Simon,Elbow,,Questionable,Elbow,,Limited Participation in Practice,2019-11-15T12:48:42Z
2019,REG,NO,11,00-0027882,CB,Patrick Robinson,Patrick,Robinson,,,,Hamstring,,Full Participation in Practice,2019-11-15T11:58:55Z
2019,REG,NO,11,00-0029607,LB,Demario Davis,Demario,Davis,,,,Hamstring,,Limited Participation in Practice,2019-11-15T11:58:55Z
2019,REG,NO,11,00-0029931,RB,Zach Line,Zach,Line,,,,Knee,,Limited Participation in Practice,2019-11-15T11:58:55Z
2019,REG,NO,11,00-0035215,WR,Deonte Harty,Deonte,Harty,Hamstring,,Out,Hamstring,,Did Not Participate In Practice,2019-11-15T11:59:06Z
2019,REG,NO,11,00-0033874,CB,Marshon Lattimore,Marshon,Lattimore,Hamstring,,Out,Hamstring,,Did Not Participate In Practice,2019-11-15T11:59:12Z
2019,REG,NO,11,00-0032203,G,Andrus Peat,Andrus,Peat,Forearm,,Out,Forearm,,Did Not Participate In Practice,2019-11-15T11:59:19Z
2019,REG,NYJ,11,00-0034457,RB,Josh Adams,Josh,Adams,,,,Illness,,Full Participation in Practice,2019-11-15T11:50:03Z
2019,REG,NYJ,11,00-0032688,WR,Robby Anderson,Robby,Anderson,,,,Back,Shoulder,Full Participation in Practice,2019-11-15T11:50:17Z
2019,REG,NYJ,11,00-0035294,CB,Blessuan Austin,Blessuan,Austin,,,,Knee,,Full Participation in Practice,2019-11-15T11:50:03Z
2019,REG,NYJ,11,00-0034419,WR,Braxton Berrios,Braxton,Berrios,,,,Hamstring,Hip,Full Participation in Practice,2019-11-15T11:50:03Z
2019,REG,NYJ,11,00-0029144,G,Tom Compton,Tom,Compton,,,,Back,,Full Participation in Practice,2019-11-15T11:50:03Z
2019,REG,NYJ,11,00-0031941,WR,Jamison Crowder,Jamison,Crowder,,,,Knee,Quadricep,Full Participation in Practice,2019-11-15T11:50:03Z
2019,REG,NYJ,11,00-0034869,QB,Sam Darnold,Sam,Darnold,,,,left Thumb,,Full Participation in Practice,2019-11-15T11:50:03Z
2019,REG,NYJ,11,00-0030108,TE,Ryan Griffin,Ryan,Griffin,,,,Ankle,,Full Participation in Practice,2019-11-15T11:50:03Z
2019,REG,NYJ,11,00-0033568,CB,Nate Hairston,Nate,Hairston,,,,Thumb,Knee,Full Participation in Practice,2019-11-15T11:50:03Z
2019,REG,NYJ,11,00-0032970,LB,Jordan Jenkins,Jordan,Jenkins,,,,Calf,,Full Participation in Practice,2019-11-15T11:50:03Z
2019,REG,NYJ,11,00-0032496,S,Matthias Farley,Matthias,Farley,Quadricep,,Out,Quadricep,,Did Not Participate In Practice,2019-11-15T11:52:01Z
2019,REG,NYJ,11,00-0025446,C,Ryan Kalil,Ryan,Kalil,Knee,,Out,Knee,,Did Not Participate In Practice,2019-11-15T11:52:08Z
2019,REG,NYJ,11,00-0031296,LB,C.J. Mosley,C.J.,Mosley,Groin,,Out,Groin,,Did Not Participate In Practice,2019-11-15T11:52:14Z
2019,REG,NYJ,11,00-0029792,LB,Paul Worrilow,Paul,Worrilow,Quadricep,,Out,Quadricep,,Did Not Participate In Practice,2019-11-15T11:52:22Z
2019,REG,NYJ,11,00-0031628,CB,Darryl Roberts,Darryl,Roberts,Calf,,Doubtful,Calf,,Did Not Participate In Practice,2019-11-15T11:52:28Z
2019,REG,NYJ,11,00-0032269,DE,Henry Anderson,Henry,Anderson,Shoulder,,Questionable,Shoulder,,Limited Participation in Practice,2019-11-15T11:51:07Z
2019,REG,NYJ,11,00-0029316,T,Kelvin Beachum,Kelvin,Beachum,Ankle,,Questionable,Ankle,,Limited Participation in Practice,2019-11-15T11:51:07Z
2019,REG,NYJ,11,00-0030496,RB,Le'Veon Bell,Le'Veon,Bell,Illness,Ribs Knee,Questionable,Illness,Ribs Knee,Limited Participation in Practice,2019-11-15T11:51:07Z
2019,REG,NYJ,11,00-0030010,LB,Brandon Copeland,Brandon,Copeland,Hip,Thumb,Questionable,Hip,Thumb,Limited Participation in Practice,2019-11-15T11:51:07Z
2019,REG,NYJ,11,00-0031740,LB,Neville Hewitt,Neville,Hewitt,Neck,Knee,Questionable,Neck,Knee,Limited Participation in Practice,2019-11-15T11:51:07Z
2019,REG,NYJ,11,00-0032407,G,Alex Lewis,Alex,Lewis,Elbow,,Questionable,Elbow,,Limited Participation in Practice,2019-11-15T11:51:07Z
2019,REG,NYJ,11,00-0026564,DT,Steve McLendon,Steve,McLendon,Neck,,Questionable,Neck,,Limited Participation in Practice,2019-11-15T11:51:07Z
2019,REG,NYJ,11,00-0027874,WR,Demaryius Thomas,Demaryius,Thomas,Knee,Hamstring,Questionable,Knee,Hamstring,Limited Participation in Practice,2019-11-15T11:51:07Z
2019,REG,OAK,11,00-0030883,DE,Josh Mauro,Josh,Mauro,,,,Groin,,Full Participation in Practice,2019-11-15T12:20:34Z
2019,REG,OAK,11,00-0035695,CB,Trayvon Mullen,Trayvon,Mullen,,,,Illness,,Full Participation in Practice,2019-11-15T12:20:48Z
2019,REG,OAK,11,00-0029212,LB,Tahir Whitehead,Tahir,Whitehead,,,,Shoulder,,Full Participation in Practice,2019-11-15T12:20:06Z
2019,REG,OAK,11,00-0027993,C,Rodney Hudson,Rodney,Hudson,,,,Ankle,,Limited Participation in Practice,2019-11-15T12:20:06Z
2019,REG,OAK,11,00-0035700,RB,Josh Jacobs,Josh,Jacobs,,,,Shoulder,,Limited Participation in Practice,2019-11-15T12:20:06Z
2019,REG,OAK,11,00-0031389,S,Lamarcus Joyner,Lamarcus,Joyner,Hamstring,,Out,Hamstring,,Did Not Participate In Practice,2019-11-15T12:21:21Z
2019,REG,OAK,11,00-0033946,T,David Sharpe,David,Sharpe,Calf,,Out,Calf,,Did Not Participate In Practice,2019-11-15T12:21:29Z
2019,REG,OAK,11,00-0032071,T,Trenton Brown,Trenton,Brown,Knee,,Questionable,Knee,,Did Not Participate In Practice,2019-11-15T12:21:10Z
2019,REG,OAK,11,00-0028114,WR,Dwayne Harris,Dwayne,Harris,Foot,,Questionable,Foot,,Did Not Participate In Practice,2019-11-15T12:21:10Z
2019,REG,PHI,11,00-0022531,T,Jason Peters,Jason,Peters,,,,Knee,,Full Participation in Practice,2019-11-15T12:26:59Z
2019,REG,PHI,11,00-0028899,S,Rodney McLeod,Rodney,McLeod,,,,Shoulder,,Limited Participation in Practice,2019-11-15T12:58:39Z
2019,REG,PHI,11,00-0029272,LB,Nigel Bradham,Nigel,Bradham,Ankle,,Out,Ankle,,Did Not Participate In Practice,2019-11-15T12:27:37Z
2019,REG,PHI,11,00-0029137,WR,Alshon Jeffery,Alshon,Jeffery,Ankle,,Out,Ankle,,Did Not Participate In Practice,2019-11-15T12:27:45Z
2019,REG,PHI,11,00-0023564,RB,Darren Sproles,Darren,Sproles,Quadricep,,Out,Quadricep,,Did Not Participate In Practice,2019-11-15T12:27:59Z
2019,REG,PHI,11,00-0032780,RB,Jordan Howard,Jordan,Howard,Shoulder,,Questionable,Shoulder,,Limited Participation in Practice,2019-11-15T12:27:30Z
2019,REG,PIT,11,00-0034204,LB,Olasunkanmi Adeniyi,Olasunkanmi,Adeniyi,,,,Hip,,Full Participation in Practice,2019-11-13T10:22:13Z
2019,REG,PIT,11,00-0033553,RB,James Conner,James,Conner,,,,Shoulder,,Full Participation in Practice,2019-11-13T10:21:10Z
2019,REG,PIT,11,00-0026561,G,Ramon Foster,Ramon,Foster,,,,Concussion,,Full Participation in Practice,2019-11-13T10:21:10Z
2019,REG,PIT,11,00-0027870,C,Maurkice Pouncey,Maurkice,Pouncey,,,,Not Injury Related,,Full Participation in Practice,2019-11-13T10:21:29Z
2019,REG,PIT,11,00-0030741,RB,Roosevelt Nix,Roosevelt,Nix,Knee,,Out,Knee,,Did Not Participate In Practice,2019-11-13T10:23:01Z
2019,REG,PIT,11,00-0035217,RB,Benny Snell,Benny,Snell,Knee,,Out,Knee,,Did Not Participate In Practice,2019-11-13T10:23:07Z
2019,REG,PIT,11,00-0033562,WR,Ryan Switzer,Ryan,Switzer,Back,,Out,Back,,Did Not Participate In Practice,2019-11-13T10:23:15Z
2019,REG,PIT,11,00-0027860,CB,Joe Haden,Joe,Haden,Illness,,Questionable,Illness,,Did Not Participate In Practice,2019-11-13T10:22:35Z
2019,REG,PIT,11,00-0031956,LB,Anthony Chickillo,Anthony,Chickillo,Rib,,Questionable,Rib,,Limited Participation in Practice,2019-11-13T10:22:35Z
2019,REG,SF,11,00-0028903,TE,Garrett Celek,Garrett,Celek,,,,Back,,Full Participation in Practice,2019-11-15T13:57:28Z
2019,REG,SF,11,00-0032058,RB,Tevin Coleman,Tevin,Coleman,,,,Not Injury Related,,Full Participation in Practice,2019-11-15T13:58:14Z
2019,REG,SF,11,00-0031297,DE,Dee Ford,Dee,Ford,,,,Quadricep,,Full Participation in Practice,2019-11-15T13:57:37Z
2019,REG,SF,11,00-0030443,TE,Levine Toilolo,Levine,Toilolo,,,,Groin,,Full Participation in Practice,2019-11-15T13:58:03Z
2019,REG,SF,11,00-0033297,DT,D.J. Jones,D.J.,Jones,Groin,,Out,Groin,,Did Not Participate In Practice,2019-11-15T13:59:03Z
2019,REG,SF,11,00-0025415,T,Joe Staley,Joe,Staley,Finger,,Out,Finger,,Did Not Participate In Practice,2019-11-15T13:59:21Z
2019,REG,SF,11,00-0035166,LB,Azeez Al-Shaair,Azeez,Al-Shaair,Concussion,,Out,Concussion,,Limited Participation in Practice,2019-11-16T13:52:37Z
2019,REG,SF,11,00-0033308,RB,Matt Breida,Matt,Breida,Ankle,,Doubtful,Ankle,,Did Not Participate In Practice,2019-11-15T13:58:42Z
2019,REG,SF,11,00-0023252,K,Robbie Gould,Robbie,Gould,right Quadricep,,Doubtful,right Quadricep,,Did Not Participate In Practice,2019-11-15T13:58:56Z
2019,REG,SF,11,00-0033288,TE,George Kittle,George,Kittle,Knee,Ankle,Doubtful,Knee,Ankle,Did Not Participate In Practice,2019-11-15T13:59:09Z
2019,REG,SF,11,00-0027685,WR,Emmanuel Sanders,Emmanuel,Sanders,Ribs,,Questionable,Ribs,,Did Not Participate In Practice,2019-11-15T13:58:31Z
2019,REG,SF,11,00-0031687,RB,Raheem Mostert,Raheem,Mostert,Knee,,Questionable,Knee,,Limited Participation in Practice,2019-11-15T13:58:31Z
2019,REG,SF,11,00-0034860,WR,Dante Pettis,Dante,Pettis,Back,,Questionable,Back,,Limited Participation in Practice,2019-11-15T13:58:31Z
2019,REG,SF,11,00-0033783,CB,Ahkello Witherspoon,Ahkello,Witherspoon,Foot,Quadricep,Questionable,Foot,Quadricep,Limited Participation in Practice,2019-11-15T13:58:31Z
2019,REG,TB,11,00-0026814,T,Demar Dotson,Demar,Dotson,,,,Not Injury Related,,Full Participation in Practice,2019-11-15T11:28:08Z
2019,REG,TB,11,00-0032243,G,Ali Marpet,Ali,Marpet,,,,Ankle,,Full Participation in Practice,2019-11-15T11:28:08Z
2019,REG,TB,11,00-0033129,DE,Carl Nassib,Carl,Nassib,Groin,,Out,Groin,,Did Not Participate In Practice,2019-11-15T11:28:52Z
2019,REG,TB,11,00-0035254,LB,Anthony Nelson,Anthony,Nelson,Hamstring,,Out,Hamstring,,Did Not Participate In Practice,2019-11-15T11:28:56Z
2019,REG,TB,11,00-0034355,CB,M.J. Stewart,M.J.,Stewart,Knee,,Out,Knee,,Did Not Participate In Practice,2019-11-15T11:29:01Z
2019,REG,TB,11,00-0034778,CB,Carlton Davis,Carlton,Davis,Hip,,Questionable,Hip,,Full Participation in Practice,2019-11-15T11:28:36Z
2019,REG,WAS,11,00-0032782,RB,Wendell Smallwood,Wendell,Smallwood,,,,Not Injury Related,,Did Not Participate In Practice,2019-11-13T12:34:33Z
2019,REG,WAS,11,00-0029285,CB,Josh Norman,Josh,Norman,,,,Hamstring,,Full Participation in Practice,2019-11-15T11:18:08Z
2019,REG,WAS,11,00-0025394,RB,Adrian Peterson,Adrian,Peterson,,,,Toe,,Full Participation in Practice,2019-11-15T11:18:23Z
2019,REG,WAS,11,00-0031257,WR,Paul Richardson,Paul,Richardson,Hamstring,,Out,Hamstring,,Did Not Participate In Practice,2019-11-15T11:18:45Z
2019,REG,WAS,11,00-0034397,DT,Tim Settle,Tim,Settle,Hamstring,,Out,Hamstring,,Did Not Participate In Practice,2019-11-15T11:18:39Z
2019,REG,WAS,11,00-0030404,RB,Chris Thompson,Chris,Thompson,Toe,,Out,Toe,,Did Not Participate In Practice,2019-11-15T11:19:00Z
2019,REG,WAS,11,00-0024221,TE,Vernon Davis,Vernon,Davis,Concussion,,Out,Concussion,,Limited Participation in Practice,2019-11-15T11:19:09Z
2019,REG,WAS,11,00-0031844,S,Deshazor Everett,Deshazor,Everett,Ankle,,Questionable,Ankle,,Limited Participation in Practice,2019-11-15T11:18:32Z
2019,REG,WAS,11,00-0033527,S,Montae Nicholson,Montae,Nicholson,Ankle,,Questionable,Ankle,,Limited Participation in Practice,2019-11-15T11:18:32Z
2019,REG,ATL,12,00-0027944,WR,Julio Jones,Julio,Jones,,,,Foot,,Full Participation in Practice,2019-11-22T11:21:03Z
2019,REG,ATL,12,00-0026143,QB,Matt Ryan,Matt,Ryan,,,,Ankle,,Full Participation in Practice,2019-11-22T11:21:03Z
2019,REG,ATL,12,00-0030562,CB,Desmond Trufant,Desmond,Trufant,,,,Toe,,Full Participation in Practice,2019-11-22T11:21:03Z
2019,REG,ATL,12,00-0027958,DE,Adrian Clayborn,Adrian,Clayborn,,,,Groin,,Limited Participation in Practice,2019-11-22T11:21:03Z
2019,REG,ATL,12,00-0031285,RB,Devonta Freeman,Devonta,Freeman,Foot,,Out,Foot,,Did Not Participate In Practice,2019-11-22T11:22:32Z
2019,REG,ATL,12,00-0032392,TE,Austin Hooper,Austin,Hooper,Knee,,Out,Knee,,Did Not Participate In Practice,2019-11-22T11:22:19Z
2019,REG,ATL,12,00-0030427,S,Kemal Ishmael,Kemal,Ishmael,Concussion,,Out,Concussion,,Did Not Participate In Practice,2019-11-22T11:22:05Z
2019,REG,ATL,12,00-0035255,CB,Kendall Sheffield,Kendall,Sheffield,Illness,,Questionable,Illness,,Did Not Participate In Practice,2019-11-22T11:22:43Z
2019,REG,ATL,12,00-0035265,DE,John Cominsky,John,Cominsky,Ankle,,Questionable,Ankle,,Limited Participation in Practice,2019-11-22T11:23:06Z
2019,REG,ATL,12,00-0033540,DE,Takkarist McKinley,Takkarist,McKinley,Shoulder,,Questionable,Shoulder,,Limited Participation in Practice,2019-11-22T11:22:53Z
2019,REG,BAL,12,00-0026280,CB,Brandon Carr,Brandon,Carr,,,,Not Injury Related,,Full Participation in Practice,2019-11-23T14:37:03Z
2019,REG,BAL,12,00-0027966,RB,Mark Ingram,Mark,Ingram,,,,Not Injury Related,,Full Participation in Practice,2019-11-23T14:38:30Z
2019,REG,BAL,12,00-0027965,CB,Jimmy Smith,Jimmy,Smith,,,,Not Injury Related,,Full Participation in Practice,2019-11-23T14:37:03Z
2019,REG,BAL,12,00-0027866,S,Earl Thomas,Earl,Thomas,,,,Not Injury Related,,Full Participation in Practice,2019-11-23T14:37:03Z
2019,REG,BAL,12,00-0030511,DT,Brandon Williams,Brandon,Williams,,,,Not Injury Related,,Full Participation in Practice,2019-11-23T14:40:56Z
2019,REG,BAL,12,00-0025473,G,Marshal Yanda,Marshal,Yanda,,,,Not Injury Related,,Full Participation in Practice,2019-11-23T14:37:03Z
2019,REG,BAL,12,00-0032574,DT,Michael Pierce,Michael,Pierce,Ankle,,Doubtful,Ankle,,Did Not Participate In Practice,2019-11-23T14:46:38Z
2019,REG,BAL,12,00-0032398,WR,Chris Moore,Chris,Moore,Thumb,,Questionable,Thumb,,Full Participation in Practice,2019-11-23T14:46:55Z
2019,REG,BAL,12,00-0034978,G,Ben Powers,Ben,Powers,Thumb,,Questionable,Thumb,,Full Participation in Practice,2019-11-23T14:47:23Z
2019,REG,BAL,12,00-0032965,T,Ronnie Stanley,Ronnie,Stanley,Ankle,,Questionable,Ankle,,Full Participation in Practice,2019-11-23T14:47:40Z
2019,REG,BUF,12,00-0023259,LB,Lorenzo Alexander,Lorenzo,Alexander,,,,Rest,,Full Participation in Practice,2019-11-22T10:15:34Z
2019,REG,BUF,12,00-0031051,WR,John Brown,John,Brown,,,,Rest,,Full Participation in Practice,2019-11-22T10:15:34Z
2019,REG,BUF,12,00-0023500,RB,Frank Gore,Frank,Gore,,,,Rest,,Full Participation in Practice,2019-11-22T10:15:41Z
2019,REG,BUF,12,00-0027881,DE,Jerry Hughes,Jerry,Hughes,,,,Groin,,Full Participation in Practice,2019-11-22T10:15:46Z
2019,REG,BUF,12,00-0035290,S,Jaquan Johnson,Jaquan,Johnson,,,,Hand,,Full Participation in Practice,2019-11-22T10:15:34Z
2019,REG,BUF,12,00-0031557,DT,Jordan Phillips,Jordan,Phillips,,,,Toe,,Full Participation in Practice,2019-11-22T10:15:54Z
2019,REG,BUF,12,00-0034391,S,Siran Neal,Siran,Neal,Concussion,,Out,Concussion,,Did Not Participate In Practice,2019-11-22T10:16:11Z
2019,REG,BUF,12,00-0029709,T,Ty Nsekhe,Ty,Nsekhe,Ankle,,Out,Ankle,,Did Not Participate In Practice,2019-11-22T10:16:16Z
2019,REG,CAR,12,00-0035713,LB,Brian Burns,Brian,Burns,,,,Wrist,,Full Participation in Practice,2019-11-22T12:38:40Z
2019,REG,CAR,12,00-0027856,DT,Gerald McCoy,Gerald,McCoy,,,,Knee,,Full Participation in Practice,2019-11-22T12:39:01Z
2019,REG,CAR,12,00-0030548,S,Eric Reid,Eric,Reid,,,,Knee,,Full Participation in Practice,2019-11-22T12:39:09Z
2019,REG,CAR,12,00-0031550,LB,Shaq Thompson,Shaq,Thompson,,,,Ankle,,Full Participation in Practice,2019-11-22T12:39:13Z
2019,REG,CAR,12,00-0035300,G,Dennis Daley,Dennis,Daley,Groin,,Questionable,Groin,,Full Participation in Practice,2019-11-22T12:39:47Z
2019,REG,CAR,12,00-0035694,T,Greg Little,Greg,Little,Knee,,Questionable,Knee,,Full Participation in Practice,2019-11-22T12:39:47Z
2019,REG,CAR,12,00-0031016,CB,Ross Cockrell,Ross,Cockrell,Quadricep,,Questionable,Quadricep,,Limited Participation in Practice,2019-11-22T12:39:47Z
2019,REG,CHI,12,00-0029528,T,Bobby Massie,Bobby,Massie,,,,Back,,Full Participation in Practice,2019-11-22T11:11:36Z
2019,REG,CHI,12,00-0033869,QB,Mitchell Trubisky,Mitchell,Trubisky,,,,Hip,,Full Participation in Practice,2019-11-22T11:11:36Z
2019,REG,CHI,12,00-0034387,DT,Bilal Nichols,Bilal,Nichols,,,,Knee,,Limited Participation in Practice,2019-11-22T11:11:56Z
2019,REG,CHI,12,00-0033896,TE,Adam Shaheen,Adam,Shaheen,Foot,,Out,Foot,,Did Not Participate In Practice,2019-11-22T11:12:22Z
2019,REG,CHI,12,00-0029577,LB,Danny Trevathan,Danny,Trevathan,Elbow,,Out,Elbow,,Did Not Participate In Practice,2019-11-22T11:12:15Z
2019,REG,CHI,12,00-0033635,LB,Isaiah Irving,Isaiah,Irving,Quadricep,,Questionable,Quadricep,,Full Participation in Practice,2019-11-22T11:12:00Z
2019,REG,CIN,12,00-0027720,DT,Geno Atkins,Geno,Atkins,,,,Not Injury Related,,Full Participation in Practice,2019-11-22T10:37:39Z
2019,REG,CIN,12,00-0031380,CB,Darqueze Dennard,Darqueze,Dennard,,,,Not Injury Related,,Full Participation in Practice,2019-11-21T13:12:27Z
2019,REG,CIN,12,00-0030549,TE,Tyler Eifert,Tyler,Eifert,,,,Not Injury Related,,Full Participation in Practice,2019-11-21T13:12:33Z
2019,REG,CIN,12,00-0034762,G,Billy Price,Billy,Price,,,,Back,,Full Participation in Practice,2019-11-22T10:37:47Z
2019,REG,CIN,12,00-0032549,G,Alex Redmond,Alex,Redmond,,,,Ankle,Knee,Full Participation in Practice,2019-11-22T10:36:08Z
2019,REG,CIN,12,00-0030471,S,Shawn Williams,Shawn,Williams,,,,Thumb,,Full Participation in Practice,2019-11-22T10:37:55Z
2019,REG,CIN,12,00-0027942,WR,A.J. Green,A.J.,Green,Ankle,,Out,Ankle,,Did Not Participate In Practice,2019-11-22T10:38:19Z
2019,REG,CIN,12,00-0035631,TE,Drew Sample,Drew,Sample,Ankle,,Out,Ankle,,Did Not Participate In Practice,2019-11-22T10:38:27Z
2019,REG,CIN,12,00-0035399,WR,Stanley Morgan,Stanley,Morgan,Illness,,Questionable,Illness,,Did Not Participate In Practice,2019-11-22T10:37:59Z
2019,REG,CIN,12,00-0034686,WR,Auden Tate,Auden,Tate,Concussion,,Questionable,Concussion,,Limited Participation in Practice,2019-11-22T10:37:59Z
2019,REG,CLE,12,00-0031426,G,Joel Bitonio,Joel,Bitonio,,,,Groin,,Full Participation in Practice,2019-11-22T11:00:05Z
2019,REG,CLE,12,00-0031921,T,Kendall Lamm,Kendall,Lamm,,,,Knee,,Full Participation in Practice,2019-11-22T10:59:57Z
2019,REG,CLE,12,00-0031382,WR,Jarvis Landry,Jarvis,Landry,,,,Hip,,Full Participation in Practice,2019-11-22T11:00:14Z
2019,REG,CLE,12,00-0031235,WR,Odell Beckham,Odell,Beckham,,,,Groin,,Limited Participation in Practice,2019-11-22T10:59:57Z
2019,REG,CLE,12,00-0033038,S,Eric Murray,Eric,Murray,Knee,,Out,Knee,,Did Not Participate In Practice,2019-11-22T11:00:45Z
2019,REG,CLE,12,00-0029693,DE,Olivier Vernon,Olivier,Vernon,Knee,,Out,Knee,,Did Not Participate In Practice,2019-11-22T11:00:52Z
2019,REG,CLE,12,00-0033125,LB,Joe Schobert,Joe,Schobert,Groin,,Questionable,Groin,,Full Participation in Practice,2019-11-22T11:00:27Z
2019,REG,DAL,12,00-0031544,WR,Amari Cooper,Amari,Cooper,,,,Knee,,Full Participation in Practice,2019-11-22T12:22:26Z
2019,REG,DAL,12,00-0030196,S,Jeff Heath,Jeff,Heath,,,,Shoulder,Shoulder,Full Participation in Practice,2019-11-22T12:22:26Z
2019,REG,DAL,12,00-0031411,DE,Demarcus Lawrence,Demarcus,Lawrence,,,,Neck,,Full Participation in Practice,2019-11-22T12:22:26Z
2019,REG,DAL,12,00-0032871,DT,Antwaun Woods,Antwaun,Woods,,,,Shoulder,,Full Participation in Practice,2019-11-22T12:23:00Z
2019,REG,DAL,12,00-0031534,T,La'el Collins,La'el,Collins,,,,Knee,Back,Limited Participation in Practice,2019-11-22T12:22:35Z
2019,REG,DAL,12,00-0027663,LB,Sean Lee,Sean,Lee,,,,Not Injury Related,,Limited Participation in Practice,2019-11-22T12:23:40Z
2019,REG,DAL,12,00-0031402,G,Zack Martin,Zack,Martin,,,,Back,Ankle Elbow,Limited Participation in Practice,2019-11-22T12:22:26Z
2019,REG,DAL,12,00-0034674,LB,Leighton Vander Esch,Leighton,Vander Esch,Neck,,Out,Neck,,Did Not Participate In Practice,2019-11-22T12:24:29Z
2019,REG,DAL,12,00-0030761,LB,Joe Thomas,Joe,Thomas,Illness,,Questionable,Illness,,Did Not Participate In Practice,2019-11-22T12:24:10Z
2019,REG,DAL,12,00-0035301,S,Donovan Wilson,Donovan,Wilson,Illness,,Questionable,Illness,,Did Not Participate In Practice,2019-11-22T12:24:10Z
2019,REG,DAL,12,00-0034352,G,Connor Williams,Connor,Williams,Knee,,Questionable,Knee,,Limited Participation in Practice,2019-11-22T12:24:10Z
2019,REG,DEN,12,00-0034109,RB,Phillip Lindsay,Phillip,Lindsay,,,,Foot,Wrist,Full Participation in Practice,2019-11-22T12:30:44Z
2019,REG,DEN,12,00-0032958,S,Will Parks,Will,Parks,,,,Hand,,Full Participation in Practice,2019-11-22T12:29:53Z
2019,REG,DEN,12,00-0029890,DT,Mike Purcell,Mike,Purcell,,,,Ribs,,Full Participation in Practice,2019-11-22T12:29:53Z
2019,REG,DEN,12,00-0032390,CB,Cyrus Jones,Cyrus,Jones,Illness,,Out,,,"
    ",2019-11-23T15:34:14Z
2019,REG,DEN,12,00-0035591,LB,Justin Hollins,Justin,Hollins,Hamstring,,Out,Hamstring,,Did Not Participate In Practice,2019-11-22T12:31:21Z
2019,REG,DEN,12,00-0032227,TE,Jeff Heuerman,Jeff,Heuerman,Knee,,Questionable,Knee,,Full Participation in Practice,2019-11-22T12:31:14Z
2019,REG,DEN,12,00-0031417,T,Ja'Wuan James,Ja'Wuan,James,Knee,,Questionable,Knee,,Limited Participation in Practice,2019-11-22T12:31:14Z
2019,REG,DEN,12,00-0033659,LB,Joseph Jones,Joseph,Jones,Foot,,Questionable,Foot,,Limited Participation in Practice,2019-11-22T12:31:14Z
2019,REG,DEN,12,00-0029010,G,Ronald Leary,Ronald,Leary,Shoulder,Neck,Questionable,Shoulder,Neck,Limited Participation in Practice,2019-11-22T12:31:14Z
2019,REG,DEN,12,00-0033011,C,Connor McGovern,Connor,McGovern,Back,,Questionable,Back,,Limited Participation in Practice,2019-11-22T12:31:14Z
2019,REG,DEN,12,00-0033375,WR,Tim Patrick,Tim,Patrick,Shoulder,,Questionable,Shoulder,,Limited Participation in Practice,2019-11-22T12:31:14Z
2019,REG,DEN,12,00-0035702,G,Dalton Risner,Dalton,Risner,Ankle,,Questionable,Ankle,,Limited Participation in Practice,2019-11-22T12:31:14Z
2019,REG,DET,12,00-0035327,S,C.J. Moore,C.J.,Moore,,,,Hamstring,,Full Participation in Practice,2019-11-22T12:56:29Z
2019,REG,DET,12,00-0029893,T,Rick Wagner,Rick,Wagner,,,,Concussion,,Full Participation in Practice,2019-11-22T12:55:57Z
2019,REG,DET,12,00-0029040,DT,Damon Harrison,Damon,Harrison,,,,Not Injury Related,Resting Veteran,Limited Participation in Practice,2019-11-22T12:56:15Z
2019,REG,DET,12,00-0030092,P,Sam Martin,Sam,Martin,,,,Abdomen,,Limited Participation in Practice,2019-11-22T12:55:57Z
2019,REG,DET,12,00-0033572,CB,Jamal Agnew,Jamal,Agnew,Ankle,,Out,Ankle,,Did Not Participate In Practice,2019-11-22T12:56:36Z
2019,REG,DET,12,00-0031566,DE,Trey Flowers,Trey,Flowers,Concussion,,Out,Concussion,,Did Not Participate In Practice,2019-11-22T12:56:40Z
2019,REG,DET,12,00-0034371,DE,Da'Shawn Hand,Da'Shawn,Hand,Ankle,,Out,Ankle,,Did Not Participate In Practice,2019-11-22T12:56:45Z
2019,REG,DET,12,00-0034345,C,Frank Ragnow,Frank,Ragnow,Concussion,,Out,Concussion,,Did Not Participate In Practice,2019-11-22T12:57:13Z
2019,REG,DET,12,00-0026498,QB,Matthew Stafford,Matthew,Stafford,Hip,Back,Out,Hip,Back,Did Not Participate In Practice,2019-11-22T12:57:17Z
2019,REG,DET,12,00-0034745,S,Tracy Walker,Tracy,Walker,Knee,,Out,Knee,,Did Not Participate In Practice,2019-11-22T12:57:26Z
2019,REG,DET,12,00-0029901,CB,Rashaan Melvin,Rashaan,Melvin,Ribs,,Questionable,Ribs,,Limited Participation in Practice,2019-11-22T12:56:31Z
2019,REG,GB,12,00-0027875,T,Bryan Bulaga,Bryan,Bulaga,,,,Not Injury Related,,Full Participation in Practice,2019-11-22T13:15:29Z
2019,REG,GB,12,00-0034754,LB,Oren Burks,Oren,Burks,,,,Chest,,Full Participation in Practice,2019-11-22T13:15:15Z
2019,REG,GB,12,00-0031787,WR,Jake Kumerow,Jake,Kumerow,,,,Finger,,Full Participation in Practice,2019-11-22T13:15:15Z
2019,REG,GB,12,00-0024243,TE,Marcedes Lewis,Marcedes,Lewis,,,,Not Injury Related,,Full Participation in Practice,2019-11-22T13:15:39Z
2019,REG,GB,12,00-0032408,LB,Blake Martinez,Blake,Martinez,,,,Hand,,Full Participation in Practice,2019-11-22T13:15:15Z
2019,REG,GB,12,00-0033124,S,Will Redmond,Will,Redmond,,,,Shoulder,,Full Participation in Practice,2019-11-22T13:15:15Z
2019,REG,GB,12,00-0031935,LB,Preston Smith,Preston,Smith,,,,Hand,,Full Participation in Practice,2019-11-22T13:15:15Z
2019,REG,GB,12,00-0034278,CB,Tremon Smith,Tremon,Smith,,,,Concussion,,Full Participation in Practice,2019-11-22T13:15:15Z
2019,REG,GB,12,00-0034999,LB,Ty Summers,Ty,Summers,,,,Concussion,,Full Participation in Practice,2019-11-22T13:15:15Z
2019,REG,GB,12,00-0024061,CB,Tramon Williams,Tramon,Williams,,,,Not Injury Related,,Full Participation in Practice,2019-11-22T13:15:55Z
2019,REG,GB,12,00-0031381,WR,Davante Adams,Davante,Adams,,,,Toe,,Limited Participation in Practice,2019-11-22T13:15:15Z
2019,REG,GB,12,00-0027696,TE,Jimmy Graham,Jimmy,Graham,,,,Not Injury Related,,Limited Participation in Practice,2019-11-22T13:15:15Z
2019,REG,GB,12,00-0034269,G,Cole Madison,Cole,Madison,Knee,,Out,Knee,,Did Not Participate In Practice,2019-11-22T13:16:18Z
2019,REG,GB,12,00-0033757,TE,Robert Tonyan,Robert,Tonyan,Hip,,Questionable,Hip,,Full Participation in Practice,2019-11-22T13:16:09Z
2019,REG,GB,12,00-0032794,RB,Dan Vitale,Dan,Vitale,Knee,,Questionable,Knee,,Limited Participation in Practice,2019-11-22T13:16:09Z
2019,REG,HOU,12,00-0033765,LB,Dylan Cole,Dylan,Cole,,,,Knee,,Full Participation in Practice,2019-11-20T12:35:58Z
2019,REG,HOU,12,00-0035234,T,Tytus Howard,Tytus,Howard,,,,Knee,,Full Participation in Practice,2019-11-20T12:36:06Z
2019,REG,HOU,12,00-0033537,QB,Deshaun Watson,Deshaun,Watson,,,,Ankle,,Full Participation in Practice,2019-11-20T12:35:53Z
2019,REG,HOU,12,00-0022247,S,Mike Adams,Mike,Adams,Concussion,,Out,Concussion,,Did Not Participate In Practice,2019-11-20T12:36:45Z
2019,REG,HOU,12,00-0035244,CB,Lonnie Johnson,Lonnie,Johnson,Ankle,,Out,Ankle,,Did Not Participate In Practice,2019-11-20T12:37:01Z
2019,REG,HOU,12,00-0034361,S,Justin Reid,Justin,Reid,Concussion,Shoulder,Out,Concussion,Shoulder,Did Not Participate In Practice,2019-11-20T12:37:18Z
2019,REG,HOU,12,00-0033127,WR,Will Fuller,Will,Fuller,Hamstring,,Questionable,Hamstring,,Limited Participation in Practice,2019-11-20T12:37:34Z
2019,REG,HOU,12,00-0028924,S,Tashaun Gipson,Tashaun,Gipson,Back,,Questionable,Back,,Limited Participation in Practice,2019-11-20T12:37:50Z
2019,REG,HOU,12,00-0031372,CB,Bradley Roby,Bradley,Roby,Hamstring,,Questionable,Hamstring,,Limited Participation in Practice,2019-11-20T12:38:00Z
2019,REG,IND,12,00-0031254,DT,Denico Autry,Denico,Autry,,,,Not Injury Related,,Did Not Participate In Practice,2019-11-20T09:58:59Z
2019,REG,IND,12,00-0027960,T,Anthony Castonzo,Anthony,Castonzo,,,,Toe,Not Injury Related,Did Not Participate In Practice,2019-11-20T10:00:48Z
2019,REG,IND,12,00-0031571,S,Clayton Geathers,Clayton,Geathers,,,,Not Injury Related,,Did Not Participate In Practice,2019-11-20T10:01:47Z
2019,REG,IND,12,00-0028008,DE,Justin Houston,Justin,Houston,,,,Not Injury Related,,Did Not Participate In Practice,2019-11-20T09:59:32Z
2019,REG,IND,12,00-0027975,DE,Jabaal Sheard,Jabaal,Sheard,,,,Not Injury Related,,Did Not Participate In Practice,2019-11-20T09:59:57Z
2019,REG,IND,12,00-0031331,CB,Pierre Desir,Pierre,Desir,,,,Hamstring,,Full Participation in Practice,2019-11-20T10:01:12Z
2019,REG,IND,12,00-0034091,S,George Odum,George,Odum,,,,Shoulder,,Full Participation in Practice,2019-11-20T09:58:38Z
2019,REG,IND,12,00-0034400,RB,Jordan Wilkins,Jordan,Wilkins,,,,Ankle,,Full Participation in Practice,2019-11-20T10:03:01Z
2019,REG,IND,12,00-0033951,RB,Marlon Mack,Marlon,Mack,Hand,,Out,Hand,,Did Not Participate In Practice,2019-11-20T10:04:38Z
2019,REG,IND,12,00-0035172,CB,Shakial Taylor,Shakial,Taylor,Ankle,,Out,Ankle,,Did Not Participate In Practice,2019-11-20T10:04:54Z
2019,REG,IND,12,00-0035530,S,Khari Willis,Khari,Willis,Concussion,,Out,Concussion,,Did Not Participate In Practice,2019-11-20T10:05:03Z
2019,REG,IND,12,00-0035639,WR,Parris Campbell,Parris,Campbell,Hand,,Out,Hand,,Limited Participation in Practice,2019-11-20T10:03:52Z
2019,REG,IND,12,00-0033217,TE,Mo Alie-Cox,Mo,Alie-Cox,Thumb,,Questionable,Thumb,,Full Participation in Practice,2019-11-20T10:03:41Z
2019,REG,IND,12,00-0031387,TE,Eric Ebron,Eric,Ebron,Ankle,,Questionable,Ankle,,Full Participation in Practice,2019-11-20T10:03:29Z
2019,REG,IND,12,00-0029608,WR,T.Y. Hilton,T.Y.,Hilton,Calf,,Questionable,Calf,,Full Participation in Practice,2019-11-20T10:03:29Z
2019,REG,IND,12,00-0035637,CB,Rock Ya-Sin,Rock,Ya-Sin,Ankle,,Questionable,Ankle,,Limited Participation in Practice,2019-11-20T10:03:29Z
2019,REG,JAX,12,00-0026190,DE,Calais Campbell,Calais,Campbell,,,,Back,,Full Participation in Practice,2019-11-22T10:18:03Z
2019,REG,JAX,12,00-0034777,WR,D.J. Chark,D.J.,Chark,,,,Hamstring,,Full Participation in Practice,2019-11-22T10:17:44Z
2019,REG,JAX,12,00-0032128,WR,Chris Conley,Chris,Conley,,,,Hamstring,,Full Participation in Practice,2019-11-22T10:17:44Z
2019,REG,JAX,12,00-0034779,S,Ronnie Harrison,Ronnie,Harrison,,,,Eye,,Full Participation in Practice,2019-11-22T10:17:44Z
2019,REG,JAX,12,00-0030572,CB,D.J. Hayden,D.J.,Hayden,,,,Hip,Wrist,Full Participation in Practice,2019-11-22T10:17:44Z
2019,REG,JAX,12,00-0031369,C,Brandon Linder,Brandon,Linder,,,,Shoulder,,Full Participation in Practice,2019-11-22T10:17:57Z
2019,REG,JAX,12,00-0033889,T,Cam Robinson,Cam,Robinson,,,,Knee,,Full Participation in Practice,2019-11-22T10:17:44Z
2019,REG,JAX,12,00-0033839,WR,Dede Westbrook,Dede,Westbrook,,,,Illness,,Full Participation in Practice,2019-11-22T10:17:51Z
2019,REG,JAX,12,00-0033080,TE,Seth DeValve,Seth,DeValve,Oblique,,Out,oblique,,Did Not Participate In Practice,2019-11-22T10:19:13Z
2019,REG,LA,12,00-0032241,RB,Todd Gurley,Todd,Gurley,,,,Not Injury Related,,Did Not Participate In Practice,2019-11-23T14:20:51Z
2019,REG,LA,12,00-0031806,RB,Malcolm Brown,Malcolm,Brown,,,,Not Injury Related,,Full Participation in Practice,2019-11-23T14:20:29Z
2019,REG,LA,12,00-0031236,WR,Brandin Cooks,Brandin,Cooks,,,,Concussion,,Full Participation in Practice,2019-11-23T14:20:24Z
2019,REG,LA,12,00-0028872,P,Johnny Hekker,Johnny,Hekker,,,,Illness,,Full Participation in Practice,2019-11-23T14:20:36Z
2019,REG,LA,12,00-0033943,WR,Josh Reynolds,Josh,Reynolds,,,,Illness,,Full Participation in Practice,2019-11-23T14:20:42Z
2019,REG,LA,12,00-0032242,T,Rob Havenstein,Rob,Havenstein,Knee,,Out,Knee,,Did Not Participate In Practice,2019-11-23T14:21:35Z
2019,REG,LA,12,00-0034203,CB,Darious Williams,Darious,Williams,Ankle,,Out,Ankle,,Did Not Participate In Practice,2019-11-23T14:21:48Z
2019,REG,LA,12,00-0035615,LB,Natrez Patrick,Natrez,Patrick,Illness,,Questionable,Illness,,Did Not Participate In Practice,2019-11-23T14:22:04Z
2019,REG,MIA,12,00-0033560,T,Julien Davenport,Julien,Davenport,,,,Knee,,Full Participation in Practice,2019-11-22T10:34:35Z
2019,REG,MIA,12,00-0034902,LB,Sam Eguavoen,Sam,Eguavoen,,,,Thumb,,Full Participation in Practice,2019-11-22T10:34:35Z
2019,REG,MIA,12,00-0023682,QB,Ryan Fitzpatrick,Ryan,Fitzpatrick,,,,right Shoulder,right Forearm,Full Participation in Practice,2019-11-22T10:34:51Z
2019,REG,MIA,12,00-0032791,WR,Jakeem Grant,Jakeem,Grant,,,,Achilles,,Full Participation in Practice,2019-11-22T10:34:35Z
2019,REG,MIA,12,00-0035342,RB,Patrick Laird,Patrick,Laird,,,,Foot,,Full Participation in Practice,2019-11-22T10:34:35Z
2019,REG,MIA,12,00-0033461,LB,Raekwon McMillan,Raekwon,McMillan,,,,Knee,,Full Participation in Practice,2019-11-22T10:34:35Z
2019,REG,MIA,12,00-0031555,CB,Eric Rowe,Eric,Rowe,,,,Hip,,Full Participation in Practice,2019-11-21T11:50:16Z
2019,REG,MIA,12,00-0035272,LB,Andrew Van Ginkel,Andrew,Van Ginkel,,,,Foot,,Full Participation in Practice,2019-11-22T10:34:35Z
2019,REG,MIA,12,00-0030669,WR,Albert Wilson,Albert,Wilson,,,,Hip,,Full Participation in Practice,2019-11-22T10:34:35Z
2019,REG,MIA,12,00-0035318,CB,Ken Webster,Ken,Webster,Ankle,,Doubtful,Ankle,,Limited Participation in Practice,2019-11-22T10:35:41Z
2019,REG,MIA,12,00-0033541,DE,Taco Charlton,Taco,Charlton,Elbow,,Questionable,Elbow,,Limited Participation in Practice,2019-11-22T10:35:21Z
2019,REG,NE,12,00-0034385,LB,Ja'Whaun Bentley,Ja'Whaun,Bentley,Knee,,Questionable,Knee,,Limited Participation in Practice,2019-11-22T13:15:59Z
2019,REG,NE,12,00-0019596,QB,Tom Brady,Tom,Brady,right Elbow,,Questionable,right Elbow,,Limited Participation in Practice,2019-11-22T13:15:59Z
2019,REG,NE,12,00-0028076,T,Marcus Cannon,Marcus,Cannon,Illness,,Questionable,Illness,,Limited Participation in Practice,2019-11-22T13:15:59Z
2019,REG,NE,12,00-0027010,S,Patrick Chung,Patrick,Chung,Heel,Chest,Questionable,Heel,Chest,Limited Participation in Practice,2019-11-22T13:15:59Z
2019,REG,NE,12,00-0032208,WR,Phillip Dorsett,Phillip,Dorsett,Concussion,,Questionable,Concussion,,Limited Participation in Practice,2019-11-22T13:15:59Z
2019,REG,NE,12,00-0029570,S,Nate Ebner,Nate,Ebner,Ankle,Back,Questionable,Ankle,Back,Limited Participation in Practice,2019-11-22T13:15:59Z
2019,REG,NE,12,00-0027150,WR,Julian Edelman,Julian,Edelman,Shoulder,,Questionable,Shoulder,,Limited Participation in Practice,2019-11-22T13:15:59Z
2019,REG,NE,12,00-0035657,RB,Damien Harris,Damien,Harris,Hamstring,,Questionable,Hamstring,,Limited Participation in Practice,2019-11-22T13:15:59Z
2019,REG,NE,12,00-0027136,CB,Jason McCourty,Jason,McCourty,Groin,,Questionable,Groin,,Limited Participation in Practice,2019-11-22T13:15:59Z
2019,REG,NE,12,00-0029632,WR,Mohamed Sanu,Mohamed,Sanu,Ankle,,Questionable,Ankle,,Limited Participation in Practice,2019-11-22T13:15:59Z
2019,REG,NE,12,00-0030442,DE,John Simon,John,Simon,Elbow,,Questionable,Elbow,,Limited Participation in Practice,2019-11-22T13:15:59Z
2019,REG,NE,12,00-0026293,WR,Matt Slater,Matt,Slater,Hamstring,,Questionable,Hamstring,,Limited Participation in Practice,2019-11-22T13:15:59Z
2019,REG,NO,12,00-0033382,WR,Austin Carr,Austin,Carr,,,,Ankle,,Did Not Participate In Practice,2019-11-22T13:25:19Z
2019,REG,NO,12,00-0030216,TE,Josh Hill,Josh,Hill,,,,Concussion,,Full Participation in Practice,2019-11-22T13:25:08Z
2019,REG,NO,12,00-0033888,T,Ryan Ramczyk,Ryan,Ramczyk,,,,Knee,,Full Participation in Practice,2019-11-22T13:24:45Z
2019,REG,NO,12,00-0030065,G,Larry Warford,Larry,Warford,,,,Thigh,,Full Participation in Practice,2019-11-22T13:24:45Z
2019,REG,NO,12,00-0035215,WR,Deonte Harty,Deonte,Harty,Hamstring,,Out,Hamstring,,Did Not Participate In Practice,2019-11-22T13:25:37Z
2019,REG,NO,12,00-0029931,RB,Zach Line,Zach,Line,Knee,,Out,Knee,,Did Not Participate In Practice,2019-11-22T13:25:50Z
2019,REG,NO,12,00-0032203,G,Andrus Peat,Andrus,Peat,Forearm,,Out,Forearm,,Did Not Participate In Practice,2019-11-22T13:25:57Z
2019,REG,NO,12,00-0033874,CB,Marshon Lattimore,Marshon,Lattimore,Hamstring,,Questionable,Hamstring,,Limited Participation in Practice,2019-11-22T13:25:28Z
2019,REG,NYG,12,00-0031185,C,Jon Halapio,Jon,Halapio,,,,Hamstring,,Full Participation in Practice,2019-11-22T12:27:14Z
2019,REG,NYG,12,00-0029681,CB,Janoris Jenkins,Janoris,Jenkins,,,,Concussion,,Full Participation in Practice,2019-11-22T12:27:14Z
2019,REG,NYG,12,00-0029164,T,Mike Remmers,Mike,Remmers,,,,Back,,Full Participation in Practice,2019-11-22T12:27:14Z
2019,REG,NYG,12,00-0032385,WR,Sterling Shepard,Sterling,Shepard,,,,Concussion,,Full Participation in Practice,2019-11-22T12:27:14Z
2019,REG,NYG,12,00-0027955,T,Nate Solder,Nate,Solder,,,,Concussion,,Full Participation in Practice,2019-11-22T12:27:14Z
2019,REG,NYG,12,00-0029587,TE,Rhett Ellison,Rhett,Ellison,Concussion,,Out,Concussion,,Did Not Participate In Practice,2019-11-22T12:27:43Z
2019,REG,NYG,12,00-0033881,TE,Evan Engram,Evan,Engram,Foot,,Out,Foot,,Did Not Participate In Practice,2019-11-22T12:27:51Z
2019,REG,NYJ,12,00-0034419,WR,Braxton Berrios,Braxton,Berrios,,,,Hamstring,Hip,Full Participation in Practice,2019-11-22T11:35:01Z
2019,REG,NYJ,12,00-0035499,CB,Kyron Brown,Kyron,Brown,,,,Hamstring,,Full Participation in Practice,2019-11-22T11:35:01Z
2019,REG,NYJ,12,00-0034869,QB,Sam Darnold,Sam,Darnold,,,,left Thumb,,Full Participation in Practice,2019-11-22T11:35:01Z
2019,REG,NYJ,12,00-0033568,CB,Nate Hairston,Nate,Hairston,,,,Knee,,Full Participation in Practice,2019-11-22T11:35:28Z
2019,REG,NYJ,12,00-0032970,LB,Jordan Jenkins,Jordan,Jenkins,,,,Calf,,Full Participation in Practice,2019-11-22T11:35:01Z
2019,REG,NYJ,12,00-0033503,CB,Arthur Maulet,Arthur,Maulet,,,,Calf,,Full Participation in Practice,2019-11-22T11:35:01Z
2019,REG,NYJ,12,00-0035507,DE,Kyle Phillips,Kyle,Phillips,,,,Knee,,Full Participation in Practice,2019-11-22T11:35:01Z
2019,REG,NYJ,12,00-0031296,LB,C.J. Mosley,C.J.,Mosley,Groin,,Out,Groin,,Did Not Participate In Practice,2019-11-22T11:36:13Z
2019,REG,NYJ,12,00-0032496,S,Matthias Farley,Matthias,Farley,Quadricep,,Doubtful,Quadricep,,Did Not Participate In Practice,2019-11-22T11:36:21Z
2019,REG,NYJ,12,00-0031628,CB,Darryl Roberts,Darryl,Roberts,Calf,,Doubtful,Calf,,Did Not Participate In Practice,2019-11-22T11:36:08Z
2019,REG,NYJ,12,00-0029792,LB,Paul Worrilow,Paul,Worrilow,Quadricep,,Doubtful,Quadricep,,Did Not Participate In Practice,2019-11-22T11:36:03Z
2019,REG,NYJ,12,00-0032269,DE,Henry Anderson,Henry,Anderson,Shoulder,,Questionable,Shoulder,,Limited Participation in Practice,2019-11-22T11:35:31Z
2019,REG,NYJ,12,00-0029316,T,Kelvin Beachum,Kelvin,Beachum,Ankle,,Questionable,Ankle,,Limited Participation in Practice,2019-11-22T11:35:31Z
2019,REG,NYJ,12,00-0030010,LB,Brandon Copeland,Brandon,Copeland,Hip,Thumb,Questionable,Hip,Thumb,Limited Participation in Practice,2019-11-22T11:35:31Z
2019,REG,NYJ,12,00-0035698,T,Chuma Edoga,Chuma,Edoga,Ankle,,Questionable,Ankle,,Limited Participation in Practice,2019-11-22T11:35:31Z
2019,REG,NYJ,12,00-0031740,LB,Neville Hewitt,Neville,Hewitt,Neck,Knee,Questionable,Neck,Knee,Limited Participation in Practice,2019-11-22T11:35:31Z
2019,REG,NYJ,12,00-0032407,G,Alex Lewis,Alex,Lewis,Elbow,Shoulder,Questionable,Elbow,Shoulder,Limited Participation in Practice,2019-11-22T11:35:31Z
2019,REG,NYJ,12,00-0026564,DT,Steve McLendon,Steve,McLendon,Neck,,Questionable,Neck,,Limited Participation in Practice,2019-11-22T11:35:31Z
2019,REG,NYJ,12,00-0027874,WR,Demaryius Thomas,Demaryius,Thomas,Hamstring,,Questionable,Hamstring,,Limited Participation in Practice,2019-11-22T11:35:31Z
2019,REG,OAK,12,00-0032071,T,Trenton Brown,Trenton,Brown,,,,Knee,,Limited Participation in Practice,2019-11-22T12:18:22Z
2019,REG,OAK,12,00-0027993,C,Rodney Hudson,Rodney,Hudson,,,,Ankle,,Limited Participation in Practice,2019-11-22T12:18:22Z
2019,REG,OAK,12,00-0035700,RB,Josh Jacobs,Josh,Jacobs,,,,Shoulder,,Limited Participation in Practice,2019-11-22T12:18:22Z
2019,REG,OAK,12,00-0033946,T,David Sharpe,David,Sharpe,Calf,,Out,Calf,,Did Not Participate In Practice,2019-11-22T12:18:47Z
2019,REG,OAK,12,00-0031389,S,Lamarcus Joyner,Lamarcus,Joyner,Hamstring,,Questionable,Hamstring,,Limited Participation in Practice,2019-11-22T12:18:35Z
2019,REG,PHI,12,00-0029272,LB,Nigel Bradham,Nigel,Bradham,,,,Ankle,,Full Participation in Practice,2019-11-22T11:56:48Z
2019,REG,PHI,12,00-0022531,T,Jason Peters,Jason,Peters,,,,Knee,,Full Participation in Practice,2019-11-22T11:57:30Z
2019,REG,PHI,12,00-0033792,S,Rudy Ford,Rudy,Ford,Abdomen,,Out,Abdomen,,Did Not Participate In Practice,2019-11-22T12:04:18Z
2019,REG,PHI,12,00-0030561,T,Lane Johnson,Lane,Johnson,Concussion,,Out,Concussion,,Did Not Participate In Practice,2019-11-22T12:04:29Z
2019,REG,PHI,12,00-0031549,WR,Nelson Agholor,Nelson,Agholor,Knee,,Questionable,Knee,,Did Not Participate In Practice,2019-11-22T12:04:08Z
2019,REG,PHI,12,00-0032780,RB,Jordan Howard,Jordan,Howard,Shoulder,,Questionable,Shoulder,,Limited Participation in Practice,2019-11-22T12:04:08Z
2019,REG,PHI,12,00-0029137,WR,Alshon Jeffery,Alshon,Jeffery,Ankle,,Questionable,Ankle,,Limited Participation in Practice,2019-11-22T12:04:08Z
2019,REG,PIT,12,00-0027870,C,Maurkice Pouncey,Maurkice,Pouncey,,,,Not Injury Related,,Did Not Participate In Practice,2019-11-21T12:46:49Z
2019,REG,PIT,12,00-0034204,LB,Olasunkanmi Adeniyi,Olasunkanmi,Adeniyi,,,,Concussion,,Full Participation in Practice,2019-11-22T10:56:29Z
2019,REG,PIT,12,00-0029670,LB,Mark Barron,Mark,Barron,,,,Not Injury Related,,Full Participation in Practice,2019-11-22T10:56:29Z
2019,REG,PIT,12,00-0032146,LB,Bud Dupree,Bud,Dupree,,,,Triceps,,Full Participation in Practice,2019-11-22T10:56:29Z
2019,REG,PIT,12,00-0026561,G,Ramon Foster,Ramon,Foster,,,,Not Injury Related,,Full Participation in Practice,2019-11-22T10:57:04Z
2019,REG,PIT,12,00-0035216,WR,Diontae Johnson,Diontae,Johnson,,,,Concussion,,Full Participation in Practice,2019-11-22T10:56:29Z
2019,REG,PIT,12,00-0030470,TE,Vance McDonald,Vance,McDonald,,,,Not Injury Related,,Full Participation in Practice,2019-11-22T10:56:29Z
2019,REG,PIT,12,00-0035217,RB,Benny Snell,Benny,Snell,,,,Knee,,Full Participation in Practice,2019-11-22T10:56:29Z
2019,REG,PIT,12,00-0032394,TE,Nick Vannett,Nick,Vannett,,,,Illness,,Full Participation in Practice,2019-11-22T10:56:29Z
2019,REG,PIT,12,00-0033553,RB,James Conner,James,Conner,Shoulder,,Out,Shoulder,,Did Not Participate In Practice,2019-11-22T11:02:20Z
2019,REG,PIT,12,00-0033857,WR,JuJu Smith-Schuster,JuJu,Smith-Schuster,Concussion,Knee,Out,Concussion,Knee,Did Not Participate In Practice,2019-11-22T11:02:51Z
2019,REG,PIT,12,00-0033103,CB,Artie Burns,Artie,Burns,Knee,,Doubtful,Knee,,Full Participation in Practice,2019-11-22T11:02:44Z
2019,REG,SEA,12,00-0026166,T,Duane Brown,Duane,Brown,,,,Biceps,Knee,Did Not Participate In Practice,2019-11-22T14:23:54Z
2019,REG,SEA,12,00-0027675,TE,Ed Dickson,Ed,Dickson,,,,Knee,,Did Not Participate In Practice,2019-11-21T16:18:05Z
2019,REG,SEA,12,00-0033594,RB,Chris Carson,Chris,Carson,,,,Not Injury Related,,Full Participation in Practice,2019-11-21T16:15:54Z
2019,REG,SEA,12,00-0031608,S,Quandre Diggs,Quandre,Diggs,,,,Hamstring,,Full Participation in Practice,2019-11-22T14:27:49Z
2019,REG,SEA,12,00-0032466,T,George Fant,George,Fant,,,,Knee,,Full Participation in Practice,2019-11-22T14:27:12Z
2019,REG,SEA,12,00-0029664,WR,Josh Gordon,Josh,Gordon,,,,Ankle,,Full Participation in Practice,2019-11-21T16:15:21Z
2019,REG,SEA,12,00-0033931,S,Delano Hill,Delano,Hill,,,,Elbow,,Full Participation in Practice,2019-11-22T14:27:37Z
2019,REG,SEA,12,00-0033387,TE,Jacob Hollister,Jacob,Hollister,,,,Not Injury Related,,Full Participation in Practice,2019-11-21T16:16:29Z
2019,REG,SEA,12,00-0027869,G,Mike Iupati,Mike,Iupati,,,,Not Injury Related,Foot,Full Participation in Practice,2019-11-22T14:26:23Z
2019,REG,SEA,12,00-0032416,DT,Quinton Jefferson,Quinton,Jefferson,,,,Hip,Ankle,Full Participation in Practice,2019-11-22T14:26:47Z
2019,REG,SEA,12,00-0031492,K,Jason Myers,Jason,Myers,,,,right Hip,,Full Participation in Practice,2019-11-22T14:28:06Z
2019,REG,SEA,12,00-0029255,LB,Bobby Wagner,Bobby,Wagner,,,,Not Injury Related,,Full Participation in Practice,2019-11-21T16:17:10Z
2019,REG,SEA,12,00-0029263,QB,Russell Wilson,Russell,Wilson,,,,Hamstring,,Full Participation in Practice,2019-11-22T14:27:24Z
2019,REG,SEA,12,00-0027723,DT,Al Woods,Al,Woods,,,,Not Injury Related,,Full Participation in Practice,2019-11-21T16:17:33Z
2019,REG,SEA,12,00-0028037,LB,K.J. Wright,K.J.,Wright,,,,Shoulder,,Full Participation in Practice,2019-11-22T14:27:00Z
2019,REG,SEA,12,00-0032211,WR,Tyler Lockett,Tyler,Lockett,,,,Shin,,Limited Participation in Practice,2019-11-22T14:25:05Z
2019,REG,SEA,12,00-0032387,DT,Jarran Reed,Jarran,Reed,,,,Groin,Ankle,Limited Participation in Practice,2019-11-22T14:25:26Z
2019,REG,SEA,12,00-0030089,TE,Luke Willson,Luke,Willson,Hamstring,,Doubtful,Hamstring,,Did Not Participate In Practice,2019-11-22T14:19:00Z
2019,REG,SEA,12,00-0031364,DE,Jadeveon Clowney,Jadeveon,Clowney,Knee,Hip,Questionable,Hip,Knee,Did Not Participate In Practice,2019-11-22T13:22:27Z
2019,REG,SEA,12,00-0029329,CB,Neiko Thorpe,Neiko,Thorpe,Groin,,Questionable,Groin,,Did Not Participate In Practice,2019-11-22T13:22:56Z
2019,REG,SF,12,00-0035166,LB,Azeez Al-Shaair,Azeez,Al-Shaair,,,,Concussion,,Full Participation in Practice,2019-11-22T13:26:13Z
2019,REG,SF,12,00-0033297,DT,D.J. Jones,D.J.,Jones,,,,Groin,,Full Participation in Practice,2019-11-22T13:26:13Z
2019,REG,SF,12,00-0031687,RB,Raheem Mostert,Raheem,Mostert,,,,Knee,,Full Participation in Practice,2019-11-22T13:26:13Z
2019,REG,SF,12,00-0031297,DE,Dee Ford,Dee,Ford,Quadricep,Hamstring,Out,Quadricep,Hamstring,Did Not Participate In Practice,2019-11-22T13:27:39Z
2019,REG,SF,12,00-0025415,T,Joe Staley,Joe,Staley,Finger,,Out,Finger,,Limited Participation in Practice,2019-11-22T13:28:07Z
2019,REG,SF,12,00-0033308,RB,Matt Breida,Matt,Breida,Ankle,,Doubtful,Ankle,,Did Not Participate In Practice,2019-11-22T13:27:29Z
2019,REG,SF,12,00-0023252,K,Robbie Gould,Robbie,Gould,right Quadricep,,Doubtful,right Quadricep,,Did Not Participate In Practice,2019-11-22T13:28:49Z
2019,REG,SF,12,00-0033288,TE,George Kittle,George,Kittle,Knee,Ankle,Questionable,Knee,Ankle,Limited Participation in Practice,2019-11-22T13:27:19Z
2019,REG,SF,12,00-0035719,WR,Deebo Samuel,Deebo,Samuel,Shoulder,,Questionable,Shoulder,,Limited Participation in Practice,2019-11-22T13:27:19Z
2019,REG,SF,12,00-0027685,WR,Emmanuel Sanders,Emmanuel,Sanders,Ribs,,Questionable,Ribs,,Limited Participation in Practice,2019-11-22T13:27:19Z
2019,REG,TB,12,00-0027855,DT,Ndamukong Suh,Ndamukong,Suh,,,,Not Injury Related,,Did Not Participate In Practice,2019-11-22T10:20:08Z
2019,REG,TB,12,00-0026814,T,Demar Dotson,Demar,Dotson,,,,Not Injury Related,,Full Participation in Practice,2019-11-22T10:19:25Z
2019,REG,TB,12,00-0030386,DE,William Gholston,William,Gholston,,,,Ankle,,Full Participation in Practice,2019-11-22T10:19:39Z
2019,REG,TB,12,00-0027867,DT,Jason Pierre-Paul,Jason,Pierre-Paul,,,,Knee,,Full Participation in Practice,2019-11-22T10:19:52Z
2019,REG,TB,12,00-0031503,QB,Jameis Winston,Jameis,Winston,,,,Ankle,,Full Participation in Practice,2019-11-22T10:19:25Z
2019,REG,TB,12,00-0035254,LB,Anthony Nelson,Anthony,Nelson,Hamstring,,Out,Hamstring,,Did Not Participate In Practice,2019-11-22T10:20:27Z
2019,REG,TB,12,00-0034355,CB,M.J. Stewart,M.J.,Stewart,Knee,,Out,Knee,,Did Not Participate In Practice,2019-11-22T10:20:33Z
2019,REG,TB,12,00-0033129,LB,Carl Nassib,Carl,Nassib,Groin,,Questionable,Groin,,Full Participation in Practice,2019-11-22T10:20:10Z
2019,REG,TEN,12,00-0027648,G,Rodger Saffold,Rodger,Saffold,,,,Knee,,Did Not Participate In Practice,2019-11-22T11:04:35Z
2019,REG,TEN,12,00-0033954,LB,Jayon Brown,Jayon,Brown,,,,Groin,,Full Participation in Practice,2019-11-22T11:04:07Z
2019,REG,TEN,12,00-0033871,WR,Corey Davis,Corey,Davis,,,,Hip,,Full Participation in Practice,2019-11-22T11:04:07Z
2019,REG,TEN,12,00-0028015,DT,Jurrell Casey,Jurrell,Casey,,,,Shoulder,,Limited Participation in Practice,2019-11-22T11:04:13Z
2019,REG,TEN,12,00-0032353,CB,Chris Milton,Chris,Milton,,,,Ankle,,Limited Participation in Practice,2019-11-22T11:04:07Z
2019,REG,TEN,12,00-0031182,G,Kevin Pamphile,Kevin,Pamphile,Knee,,Doubtful,Knee,,Did Not Participate In Practice,2019-11-22T11:05:19Z
2019,REG,TEN,12,00-0024389,TE,Delanie Walker,Delanie,Walker,Ankle,,Doubtful,Ankle,,Limited Participation in Practice,2019-11-22T11:05:31Z
2019,REG,WAS,12,00-0033523,DE,Jonathan Allen,Jonathan,Allen,,,,Ankle,Knee,Full Participation in Practice,2019-11-22T10:29:50Z
2019,REG,WAS,12,00-0031844,S,Deshazor Everett,Deshazor,Everett,,,,Ankle,,Full Participation in Practice,2019-11-22T10:29:17Z
2019,REG,WAS,12,00-0035286,LB,Cole Holcomb,Cole,Holcomb,,,,Thumb,,Full Participation in Practice,2019-11-22T10:29:17Z
2019,REG,WAS,12,00-0035659,WR,Terry McLaurin,Terry,McLaurin,,,,Wrist,,Full Participation in Practice,2019-11-22T10:29:17Z
2019,REG,WAS,12,00-0031330,T,Morgan Moses,Morgan,Moses,,,,Thumb,,Full Participation in Practice,2019-11-22T10:29:17Z
2019,REG,WAS,12,00-0033527,S,Montae Nicholson,Montae,Nicholson,,,,Ankle,,Full Participation in Practice,2019-11-22T10:29:17Z
2019,REG,WAS,12,00-0031257,WR,Paul Richardson,Paul,Richardson,,,,Hamstring,,Full Participation in Practice,2019-11-22T10:29:17Z
2019,REG,WAS,12,00-0034397,DT,Tim Settle,Tim,Settle,,,,Hamstring,,Full Participation in Practice,2019-11-22T10:29:17Z
2019,REG,WAS,12,00-0030140,P,Tress Way,Tress,Way,,,,right Shin,,Full Participation in Practice,2019-11-22T10:29:17Z
2019,REG,WAS,12,00-0024221,TE,Vernon Davis,Vernon,Davis,Concussion,,Out,Concussion,,Limited Participation in Practice,2019-11-22T10:31:19Z
2019,REG,WAS,12,00-0034333,DT,Daron Payne,Daron,Payne,Ankle,,Doubtful,Ankle,,Did Not Participate In Practice,2019-11-22T10:31:40Z
2019,REG,WAS,12,00-0029285,CB,Josh Norman,Josh,Norman,Hamstring,,Questionable,Hamstring,,Limited Participation in Practice,2019-11-22T10:31:10Z
2019,REG,WAS,12,00-0025394,RB,Adrian Peterson,Adrian,Peterson,Toe,,Questionable,Toe,,Limited Participation in Practice,2019-11-22T10:31:48Z
2019,REG,WAS,12,00-0030404,RB,Chris Thompson,Chris,Thompson,Toe,,Questionable,Toe,,Limited Participation in Practice,2019-11-22T10:31:10Z
2019,REG,ARI,13,00-0022161,LB,Terrell Suggs,Terrell,Suggs,,,,Not Injury Related,,Did Not Participate In Practice,2019-11-29T13:31:45Z
2019,REG,ARI,13,00-0034681,RB,Chase Edmonds,Chase,Edmonds,,,,Hamstring,,Full Participation in Practice,2019-11-29T13:31:30Z
2019,REG,ARI,13,00-0022921,WR,Larry Fitzgerald,Larry,Fitzgerald,,,,Not Injury Related,,Full Participation in Practice,2019-11-29T13:31:30Z
2019,REG,ARI,13,00-0035536,G,Lamont Gaillard,Lamont,Gaillard,,,,Thumb,,Full Participation in Practice,2019-11-29T13:31:30Z
2019,REG,ARI,13,00-0029585,LB,Chandler Jones,Chandler,Jones,,,,Not Injury Related,,Full Participation in Practice,2019-11-29T13:31:30Z
2019,REG,ARI,13,00-0027686,DT,Corey Peters,Corey,Peters,,,,Not Injury Related,,Full Participation in Practice,2019-11-29T13:31:30Z
2019,REG,ARI,13,00-0033093,DE,Jonathan Bullard,Jonathan,Bullard,Foot,,Questionable,Foot,,Full Participation in Practice,2019-11-29T13:32:19Z
2019,REG,ARI,13,00-0035228,QB,Kyler Murray,Kyler,Murray,Hamstring,,Questionable,Hamstring,,Full Participation in Practice,2019-11-29T13:32:19Z
2019,REG,ATL,13,00-0031947,DT,Tyeler Davison,Tyeler,Davison,,,,Neck,,Full Participation in Practice,2019-11-26T13:04:50Z
2019,REG,ATL,13,00-0031285,RB,Devonta Freeman,Devonta,Freeman,,,,Foot,,Full Participation in Practice,2019-11-26T13:04:54Z
2019,REG,ATL,13,00-0030427,S,Kemal Ishmael,Kemal,Ishmael,,,,Concussion,,Full Participation in Practice,2019-11-25T12:59:19Z
2019,REG,ATL,13,00-0035285,CB,Jordan Miller,Jordan,Miller,,,,Illness,,Full Participation in Practice,2019-11-26T13:04:43Z
2019,REG,ATL,13,00-0026143,QB,Matt Ryan,Matt,Ryan,,,,Ankle,,Full Participation in Practice,2019-11-25T12:59:09Z
2019,REG,ATL,13,00-0030562,CB,Desmond Trufant,Desmond,Trufant,,,,Toe,,Full Participation in Practice,2019-11-26T13:05:01Z
2019,REG,ATL,13,00-0033540,DE,Takkarist McKinley,Takkarist,McKinley,,,,Shoulder,,Limited Participation in Practice,2019-11-29T13:25:50Z
2019,REG,ATL,13,00-0032392,TE,Austin Hooper,Austin,Hooper,Knee,,Out,Knee,,Did Not Participate In Practice,2019-11-29T13:28:25Z
2019,REG,ATL,13,00-0027944,WR,Julio Jones,Julio,Jones,Shoulder,,Questionable,Shoulder,,Did Not Participate In Practice,2019-11-29T13:27:51Z
2019,REG,ATL,13,00-0028042,TE,Luke Stocker,Luke,Stocker,Back,,Questionable,Back,,Did Not Participate In Practice,2019-11-29T13:27:51Z
2019,REG,ATL,13,00-0032592,S,Sharrod Neasman,Sharrod,Neasman,Shoulder,,Questionable,Shoulder,,Full Participation in Practice,2019-11-29T13:27:51Z
2019,REG,BAL,13,00-0034752,T,Orlando Brown,Orlando,Brown,,,,Illness,,Full Participation in Practice,2019-11-29T13:46:43Z
2019,REG,BAL,13,00-0027966,RB,Mark Ingram,Mark,Ingram,,,,Not Injury Related,,Full Participation in Practice,2019-11-29T13:46:53Z
2019,REG,BAL,13,00-0027866,S,Earl Thomas,Earl,Thomas,,,,Not Injury Related,,Full Participation in Practice,2019-11-29T13:47:22Z
2019,REG,BAL,13,00-0030511,DT,Brandon Williams,Brandon,Williams,,,,Not Injury Related,,Full Participation in Practice,2019-11-29T13:47:30Z
2019,REG,BAL,13,00-0035703,WR,Miles Boykin,Miles,Boykin,Ankle,,Questionable,Ankle,,Did Not Participate In Practice,2019-11-29T13:39:18Z
2019,REG,BAL,13,00-0031598,TE,Nick Boyle,Nick,Boyle,Ankle,,Questionable,Ankle,,Full Participation in Practice,2019-11-29T13:37:34Z
2019,REG,BAL,13,00-0034281,C,Bradley Bozeman,Bradley,Bozeman,Ankle,,Questionable,Ankle,,Full Participation in Practice,2019-11-29T13:37:34Z
2019,REG,BAL,13,00-0032415,LB,Matt Judon,Matt,Judon,Ankle,,Questionable,Ankle,,Full Participation in Practice,2019-11-29T13:37:34Z
2019,REG,BAL,13,00-0024338,DT,Domata Peko,Domata,Peko,Knee,,Questionable,Knee,,Full Participation in Practice,2019-11-29T13:37:34Z
2019,REG,BAL,13,00-0032574,DT,Michael Pierce,Michael,Pierce,Ankle,,Questionable,Ankle,,Full Participation in Practice,2019-11-29T13:37:34Z
2019,REG,BUF,13,00-0034391,S,Siran Neal,Siran,Neal,,,,Concussion,,Full Participation in Practice,2019-11-27T07:01:05Z
2019,REG,BUF,13,00-0029709,T,Ty Nsekhe,Ty,Nsekhe,Ankle,,Out,Ankle,,Did Not Participate In Practice,2019-11-27T07:01:16Z
2019,REG,BUF,13,00-0034510,WR,Robert Foster,Robert,Foster,Hamstring,,Questionable,Hamstring,,Limited Participation in Practice,2019-11-27T07:01:10Z
2019,REG,BUF,13,00-0031936,C,Mitch Morse,Mitch,Morse,Hand,,Questionable,Hand,,Limited Participation in Practice,2019-11-27T07:01:10Z
2019,REG,CAR,13,00-0028339,LB,Mario Addison,Mario,Addison,,,,Not Injury Related,,Did Not Participate In Practice,2019-11-29T10:54:53Z
2019,REG,CAR,13,00-0029193,LB,Bruce Irvin,Bruce,Irvin,,,,Not Injury Related,,Did Not Participate In Practice,2019-11-29T10:55:04Z
2019,REG,CAR,13,00-0031016,CB,Ross Cockrell,Ross,Cockrell,,,,Quadricep,,Full Participation in Practice,2019-11-29T10:54:08Z
2019,REG,CAR,13,00-0033280,RB,Christian McCaffrey,Christian,McCaffrey,,,,Not Injury Related,,Full Participation in Practice,2019-11-29T10:54:08Z
2019,REG,CAR,13,00-0027856,DT,Gerald McCoy,Gerald,McCoy,,,,Knee,Quadricep,Full Participation in Practice,2019-11-29T10:54:08Z
2019,REG,CAR,13,00-0034827,WR,D.J. Moore,D.J.,Moore,,,,Ankle,Not Injury Related,Full Participation in Practice,2019-11-29T10:54:08Z
2019,REG,CAR,13,00-0033282,WR,Curtis Samuel,Curtis,Samuel,,,,Knee,,Full Participation in Practice,2019-11-29T10:54:08Z
2019,REG,CAR,13,00-0031550,LB,Shaq Thompson,Shaq,Thompson,,,,Ankle,,Full Participation in Practice,2019-11-29T10:54:40Z
2019,REG,CAR,13,00-0035275,RB,Jordan Scarlett,Jordan,Scarlett,Knee,Ankle,Out,Knee,Ankle,Did Not Participate In Practice,2019-11-29T10:57:02Z
2019,REG,CAR,13,00-0035694,T,Greg Little,Greg,Little,Ankle,,Doubtful,Ankle,,Did Not Participate In Practice,2019-11-29T10:56:37Z
2019,REG,CAR,13,00-0030548,S,Eric Reid,Eric,Reid,Ankle,Shoulder,Questionable,Ankle,Shoulder,Did Not Participate In Practice,2019-11-29T10:56:29Z
2019,REG,CAR,13,00-0033284,T,Taylor Moton,Taylor,Moton,Knee,,Questionable,Knee,,Limited Participation in Practice,2019-11-29T10:56:29Z
2019,REG,CHI,13,00-0032661,TE,Ben Braunecker,Ben,Braunecker,Concussion,,Out,Concussion,,Did Not Participate In Practice,2019-11-27T10:44:10Z
2019,REG,CHI,13,00-0031228,WR,Taylor Gabriel,Taylor,Gabriel,Concussion,,Out,Concussion,,Did Not Participate In Practice,2019-11-27T10:44:14Z
2019,REG,CHI,13,00-0029528,T,Bobby Massie,Bobby,Massie,Ankle,,Out,Ankle,,Did Not Participate In Practice,2019-11-27T10:44:18Z
2019,REG,CHI,13,00-0027743,S,Sherrick McManis,Sherrick,McManis,Groin,,Out,Groin,,Did Not Participate In Practice,2019-11-27T10:44:22Z
2019,REG,CHI,13,00-0033896,TE,Adam Shaheen,Adam,Shaheen,Foot,,Out,Foot,,Did Not Participate In Practice,2019-11-27T10:44:26Z
2019,REG,CHI,13,00-0029577,LB,Danny Trevathan,Danny,Trevathan,Elbow,,Out,Elbow,,Did Not Participate In Practice,2019-11-27T10:44:31Z
2019,REG,CIN,13,00-0027720,DT,Geno Atkins,Geno,Atkins,,,,Not Injury Related,,Full Participation in Practice,2019-11-29T10:16:40Z
2019,REG,CIN,13,00-0031380,CB,Darqueze Dennard,Darqueze,Dennard,,,,Not Injury Related,,Full Participation in Practice,2019-11-28T13:18:19Z
2019,REG,CIN,13,00-0030549,TE,Tyler Eifert,Tyler,Eifert,,,,Not Injury Related,,Full Participation in Practice,2019-11-28T13:18:28Z
2019,REG,CIN,13,00-0033790,LB,Jordan Evans,Jordan,Evans,,,,Hamstring,,Full Participation in Practice,2019-11-29T10:16:09Z
2019,REG,CIN,13,00-0033791,S,Brandon Wilson,Brandon,Wilson,,,,Hand,,Full Participation in Practice,2019-11-29T10:16:09Z
2019,REG,CIN,13,00-0033338,TE,Cethan Carter,Cethan,Carter,Concussion,,Out,Concussion,,Did Not Participate In Practice,2019-11-29T10:17:11Z
2019,REG,CIN,13,00-0027942,WR,A.J. Green,A.J.,Green,Ankle,,Out,Ankle,,Did Not Participate In Practice,2019-11-29T10:17:17Z
2019,REG,CIN,13,00-0032549,G,Alex Redmond,Alex,Redmond,Elbow,,Out,Elbow,,Did Not Participate In Practice,2019-11-29T10:17:22Z
2019,REG,CIN,13,00-0035631,TE,Drew Sample,Drew,Sample,Ankle,,Out,Ankle,,Did Not Participate In Practice,2019-11-29T10:17:30Z
2019,REG,CIN,13,00-0032892,LB,Nick Vigil,Nick,Vigil,Ankle,,Questionable,Ankle,,Limited Participation in Practice,2019-11-29T10:16:55Z
2019,REG,CLE,13,00-0033439,TE,Pharaoh Brown,Pharaoh,Brown,,,,Not Injury Related,,Did Not Participate In Practice,2019-11-29T11:40:46Z
2019,REG,CLE,13,00-0030155,TE,Demetrius Harris,Demetrius,Harris,,,,Neck,,Full Participation in Practice,2019-11-29T11:40:10Z
2019,REG,CLE,13,00-0034253,RB,Dontrell Hilliard,Dontrell,Hilliard,,,,Knee,,Full Participation in Practice,2019-11-29T11:40:10Z
2019,REG,CLE,13,00-0031382,WR,Jarvis Landry,Jarvis,Landry,,,,Hip,,Full Participation in Practice,2019-11-29T11:40:10Z
2019,REG,CLE,13,00-0031235,WR,Odell Beckham,Odell,Beckham,,,,Groin,,Limited Participation in Practice,2019-11-29T11:40:10Z
2019,REG,CLE,13,00-0033125,LB,Joe Schobert,Joe,Schobert,,,,Groin,,Limited Participation in Practice,2019-11-29T11:40:10Z
2019,REG,CLE,13,00-0033038,S,Eric Murray,Eric,Murray,Knee,,Out,Knee,,Did Not Participate In Practice,2019-11-29T11:41:13Z
2019,REG,CLE,13,00-0031386,T,Greg Robinson,Greg,Robinson,Concussion,,Questionable,Concussion,,Did Not Participate In Practice,2019-11-29T11:40:54Z
2019,REG,CLE,13,00-0034854,WR,KhaDarel Hodge,KhaDarel,Hodge,Achilles,,Questionable,Achilles,,Full Participation in Practice,2019-11-29T11:40:54Z
2019,REG,CLE,13,00-0029693,DE,Olivier Vernon,Olivier,Vernon,Knee,,Questionable,Knee,,Limited Participation in Practice,2019-11-29T11:40:54Z
2019,REG,DAL,13,00-0031534,T,La'el Collins,La'el,Collins,,,,Knee,Back,Limited Participation in Practice,2019-11-27T10:53:27Z
2019,REG,DAL,13,00-0031402,G,Zack Martin,Zack,Martin,,,,Back,Ankle Elbow,Limited Participation in Practice,2019-11-27T10:53:27Z
2019,REG,DAL,13,00-0034352,G,Connor Williams,Connor,Williams,,,,Knee,,Limited Participation in Practice,2019-11-27T10:53:27Z
2019,REG,DAL,13,00-0034674,LB,Leighton Vander Esch,Leighton,Vander Esch,Neck,,Out,Neck,,Did Not Participate In Practice,2019-11-27T10:53:39Z
2019,REG,DAL,13,00-0032871,DT,Antwaun Woods,Antwaun,Woods,Knee,,Out,Knee,,Did Not Participate In Practice,2019-11-27T10:53:49Z
2019,REG,DAL,13,00-0030196,S,Jeff Heath,Jeff,Heath,Shoulder,Shoulder,Questionable,Shoulder,Shoulder,Limited Participation in Practice,2019-11-27T10:53:29Z
2019,REG,DEN,13,00-0028224,CB,Chris Harris,Chris,Harris,,,,Not Injury Related,,Full Participation in Practice,2019-11-29T12:59:41Z
2019,REG,DEN,13,00-0032227,TE,Jeff Heuerman,Jeff,Heuerman,,,,Knee,,Full Participation in Practice,2019-11-29T12:59:41Z
2019,REG,DEN,13,00-0035591,LB,Justin Hollins,Justin,Hollins,,,,Hamstring,,Full Participation in Practice,2019-11-29T13:00:57Z
2019,REG,DEN,13,00-0033659,LB,Joseph Jones,Joseph,Jones,,,,Foot,,Full Participation in Practice,2019-11-29T12:59:41Z
2019,REG,DEN,13,00-0029010,G,Ronald Leary,Ronald,Leary,,,,Shoulder,Neck,Full Participation in Practice,2019-11-29T13:00:50Z
2019,REG,DEN,13,00-0033011,C,Connor McGovern,Connor,McGovern,,,,Back,,Full Participation in Practice,2019-11-29T13:01:03Z
2019,REG,DEN,13,00-0032958,S,Will Parks,Will,Parks,,,,Hand,,Full Participation in Practice,2019-11-29T12:59:41Z
2019,REG,DEN,13,00-0033375,WR,Tim Patrick,Tim,Patrick,,,,Shoulder,,Full Participation in Practice,2019-11-29T13:01:11Z
2019,REG,DEN,13,00-0035702,G,Dalton Risner,Dalton,Risner,,,,Ankle,,Full Participation in Practice,2019-11-29T12:59:41Z
2019,REG,DEN,13,00-0029586,DE,Derek Wolfe,Derek,Wolfe,,,,Not Injury Related,,Full Participation in Practice,2019-11-29T12:59:41Z
2019,REG,DEN,13,00-0031417,T,Ja'Wuan James,Ja'Wuan,James,Knee,,Questionable,Knee,,Full Participation in Practice,2019-11-29T13:01:41Z
2019,REG,DEN,13,00-0034744,CB,Duke Dawson,Duke,Dawson,Concussion,,Questionable,Concussion,,Limited Participation in Practice,2019-11-29T13:01:41Z
2019,REG,DEN,13,00-0031270,DE,Shelby Harris,Shelby,Harris,Ankle,,Questionable,Ankle,,Limited Participation in Practice,2019-11-29T13:01:41Z
2019,REG,DEN,13,00-0034368,LB,Josey Jewell,Josey,Jewell,Ankle,,Questionable,Ankle,,Limited Participation in Practice,2019-11-29T13:01:41Z
2019,REG,DEN,13,00-0034887,LB,A.J. Johnson,A.J.,Johnson,Knee,,Questionable,Knee,,Limited Participation in Practice,2019-11-29T13:01:41Z
2019,REG,DEN,13,00-0027940,LB,Von Miller,Von,Miller,Knee,,Questionable,Knee,,Limited Participation in Practice,2019-11-29T13:01:41Z
2019,REG,DET,13,00-0030092,P,Sam Martin,Sam,Martin,,,,Abdomen,,Full Participation in Practice,2019-11-27T11:56:22Z
2019,REG,DET,13,00-0034345,C,Frank Ragnow,Frank,Ragnow,,,,Concussion,,Full Participation in Practice,2019-11-27T11:55:45Z
2019,REG,DET,13,00-0028240,G,Kenny Wiggins,Kenny,Wiggins,,,,Knee,,Full Participation in Practice,2019-11-27T11:55:45Z
2019,REG,DET,13,00-0033572,CB,Jamal Agnew,Jamal,Agnew,Ankle,,Out,Ankle,,Did Not Participate In Practice,2019-11-27T11:56:49Z
2019,REG,DET,13,00-0033094,WR,Marvin Hall,Marvin,Hall,Foot,,Out,Foot,,Did Not Participate In Practice,2019-11-27T11:56:55Z
2019,REG,DET,13,00-0029901,CB,Rashaan Melvin,Rashaan,Melvin,Ribs,,Out,Ribs,,Did Not Participate In Practice,2019-11-27T11:57:03Z
2019,REG,DET,13,00-0026498,QB,Matthew Stafford,Matthew,Stafford,Hip,Back,Out,Hip,Back,Did Not Participate In Practice,2019-11-27T11:56:45Z
2019,REG,DET,13,00-0031566,DE,Trey Flowers,Trey,Flowers,Concussion,,Questionable,Concussion,,Full Participation in Practice,2019-11-27T11:56:28Z
2019,REG,DET,13,00-0035229,TE,T.J. Hockenson,T.J.,Hockenson,Shoulder,,Questionable,Shoulder,,Full Participation in Practice,2019-11-27T11:56:28Z
2019,REG,DET,13,00-0032436,QB,Jeff Driskel,Jeff,Driskel,Hamstring,,Questionable,Hamstring,,Limited Participation in Practice,2019-11-27T11:56:28Z
2019,REG,DET,13,00-0034371,DE,Da'Shawn Hand,Da'Shawn,Hand,Ankle,,Questionable,Ankle,,Limited Participation in Practice,2019-11-27T11:56:28Z
2019,REG,DET,13,00-0029040,DT,Damon Harrison,Damon,Harrison,Knee,Calf,Questionable,Knee,Calf,Limited Participation in Practice,2019-11-27T11:56:28Z
2019,REG,DET,13,00-0034745,S,Tracy Walker,Tracy,Walker,Knee,,Questionable,Knee,,Limited Participation in Practice,2019-11-27T11:56:28Z
2019,REG,GB,13,00-0032408,LB,Blake Martinez,Blake,Martinez,,,,Hand,,Full Participation in Practice,2019-11-29T12:45:55Z
2019,REG,GB,13,00-0034968,S,Darnell Savage,Darnell,Savage,,,,Back,,Full Participation in Practice,2019-11-29T12:46:20Z
2019,REG,GB,13,00-0033757,TE,Robert Tonyan,Robert,Tonyan,,,,Hip,,Full Participation in Practice,2019-11-29T12:45:55Z
2019,REG,GB,13,00-0032794,RB,Dan Vitale,Dan,Vitale,,,,Knee,,Full Participation in Practice,2019-11-29T12:45:55Z
2019,REG,GB,13,00-0024061,CB,Tramon Williams,Tramon,Williams,,,,Not Injury Related,,Full Participation in Practice,2019-11-29T12:46:27Z
2019,REG,GB,13,00-0031381,WR,Davante Adams,Davante,Adams,,,,Toe,,Limited Participation in Practice,2019-11-29T12:45:55Z
2019,REG,GB,13,00-0027696,TE,Jimmy Graham,Jimmy,Graham,,,,Calf,,Limited Participation in Practice,2019-11-29T12:45:55Z
2019,REG,GB,13,00-0024243,TE,Marcedes Lewis,Marcedes,Lewis,,,,Not Injury Related,,Limited Participation in Practice,2019-11-29T12:46:07Z
2019,REG,GB,13,00-0033124,S,Will Redmond,Will,Redmond,Foot,,Questionable,Foot,,Full Participation in Practice,2019-11-29T12:46:37Z
2019,REG,GB,13,00-0034540,CB,Tony Brown,Tony,Brown,Heel,,Questionable,Heel,,Limited Participation in Practice,2019-11-29T12:49:48Z
2019,REG,GB,13,00-0027875,T,Bryan Bulaga,Bryan,Bulaga,Knee,,Questionable,Knee,,Limited Participation in Practice,2019-11-29T12:46:37Z
2019,REG,HOU,13,00-0022247,S,Mike Adams,Mike,Adams,,,,Concussion,,Full Participation in Practice,2019-11-29T13:13:04Z
2019,REG,HOU,13,00-0033127,WR,Will Fuller,Will,Fuller,,,,Hamstring,,Full Participation in Practice,2019-11-29T13:13:16Z
2019,REG,HOU,13,00-0035244,CB,Lonnie Johnson,Lonnie,Johnson,,,,Ankle,,Full Participation in Practice,2019-11-29T13:13:23Z
2019,REG,HOU,13,00-0034361,S,Justin Reid,Justin,Reid,,,,Concussion,,Full Participation in Practice,2019-11-29T13:13:04Z
2019,REG,HOU,13,00-0031372,CB,Bradley Roby,Bradley,Roby,,,,Hamstring,,Full Participation in Practice,2019-11-29T13:13:29Z
2019,REG,HOU,13,00-0033563,DE,Carlos Watkins,Carlos,Watkins,Hamstring,,Out,Hamstring,,Did Not Participate In Practice,2019-11-29T13:15:19Z
2019,REG,HOU,13,00-0035234,T,Tytus Howard,Tytus,Howard,Knee,,Doubtful,Knee,,Limited Participation in Practice,2019-11-29T13:16:13Z
2019,REG,HOU,13,00-0032107,DE,Angelo Blackson,Angelo,Blackson,Shoulder,,Questionable,Shoulder,,Limited Participation in Practice,2019-11-29T13:15:34Z
2019,REG,HOU,13,00-0033882,CB,Gareon Conley,Gareon,Conley,Hip,,Questionable,Hip,,Limited Participation in Practice,2019-11-29T13:15:47Z
2019,REG,HOU,13,00-0032734,LB,Brennan Scarlett,Brennan,Scarlett,Shoulder,,Questionable,Shoulder,,Limited Participation in Practice,2019-11-29T13:16:34Z
2019,REG,IND,13,00-0031254,DT,Denico Autry,Denico,Autry,,,,Not Injury Related,,Did Not Participate In Practice,2019-11-29T10:00:40Z
2019,REG,IND,13,00-0027960,T,Anthony Castonzo,Anthony,Castonzo,,,,Not Injury Related,,Did Not Participate In Practice,2019-11-29T10:00:51Z
2019,REG,IND,13,00-0031571,S,Clayton Geathers,Clayton,Geathers,,,,Not Injury Related,,Did Not Participate In Practice,2019-11-29T10:02:01Z
2019,REG,IND,13,00-0028008,DE,Justin Houston,Justin,Houston,,,,Not Injury Related,,Did Not Participate In Practice,2019-11-29T10:01:13Z
2019,REG,IND,13,00-0034342,G,Quenton Nelson,Quenton,Nelson,,,,Hip,,Full Participation in Practice,2019-11-29T10:02:40Z
2019,REG,IND,13,00-0027975,DE,Jabaal Sheard,Jabaal,Sheard,,,,Not Injury Related,,Full Participation in Practice,2019-11-29T10:02:55Z
2019,REG,IND,13,00-0029608,WR,T.Y. Hilton,T.Y.,Hilton,Calf,,Out,Calf,,Did Not Participate In Practice,2019-11-29T10:04:01Z
2019,REG,IND,13,00-0033951,RB,Marlon Mack,Marlon,Mack,Hand,,Out,Hand,,Did Not Participate In Practice,2019-11-29T10:04:15Z
2019,REG,IND,13,00-0033217,TE,Mo Alie-Cox,Mo,Alie-Cox,Thumb,,Questionable,Thumb,,Full Participation in Practice,2019-11-29T10:03:17Z
2019,REG,IND,13,00-0035530,S,Khari Willis,Khari,Willis,Concussion,,Questionable,Concussion,,Full Participation in Practice,2019-11-29T10:03:17Z
2019,REG,IND,13,00-0035637,CB,Rock Ya-Sin,Rock,Ya-Sin,Ankle,,Questionable,Ankle,,Full Participation in Practice,2019-11-29T10:03:17Z
2019,REG,IND,13,00-0035639,WR,Parris Campbell,Parris,Campbell,Hand,,Questionable,Hand,,Limited Participation in Practice,2019-11-29T10:33:45Z
2019,REG,JAX,13,00-0035642,DE,Josh Allen,Josh,Allen,,,,Knee,,Full Participation in Practice,2019-11-29T10:27:59Z
2019,REG,JAX,13,00-0026190,DE,Calais Campbell,Calais,Campbell,,,,Back,,Full Participation in Practice,2019-11-29T10:28:12Z
2019,REG,JAX,13,00-0031369,C,Brandon Linder,Brandon,Linder,,,,Illness,,Full Participation in Practice,2019-11-29T10:28:06Z
2019,REG,JAX,13,00-0033907,DE,Dawuane Smoot,Dawuane,Smoot,,,,Knee,,Full Participation in Practice,2019-11-29T10:28:19Z
2019,REG,JAX,13,00-0032128,WR,Chris Conley,Chris,Conley,,,,Hamstring,,Limited Participation in Practice,2019-11-29T10:25:51Z
2019,REG,JAX,13,00-0033080,TE,Seth DeValve,Seth,DeValve,Oblique,,Out,Oblique,,Did Not Participate In Practice,2019-11-29T10:28:59Z
2019,REG,JAX,13,00-0034779,S,Ronnie Harrison,Ronnie,Harrison,Concussion,,Out,Concussion,,Did Not Participate In Practice,2019-11-29T10:29:04Z
2019,REG,JAX,13,00-0034516,CB,Tre Herndon,Tre,Herndon,Shoulder,,Questionable,Shoulder,,Limited Participation in Practice,2019-11-29T10:28:49Z
2019,REG,JAX,13,00-0032968,LB,Myles Jack,Myles,Jack,Knee,,Questionable,Knee,,Limited Participation in Practice,2019-11-29T10:28:49Z
2019,REG,KC,13,00-0031325,WR,Sammy Watkins,Sammy,Watkins,,,,Illness,,Did Not Participate In Practice,2019-11-29T12:27:34Z
2019,REG,KC,13,00-0032062,TE,Blake Bell,Blake,Bell,,,,Ankle,,Full Participation in Practice,2019-11-29T12:27:34Z
2019,REG,KC,13,00-0033084,CB,Kendall Fuller,Kendall,Fuller,,,,Thumb,,Full Participation in Practice,2019-11-29T12:27:34Z
2019,REG,KC,13,00-0033040,WR,Tyreek Hill,Tyreek,Hill,,,,Hamstring,,Full Participation in Practice,2019-11-29T12:27:34Z
2019,REG,KC,13,00-0032797,S,Jordan Lucas,Jordan,Lucas,,,,Shoulder,,Full Participation in Practice,2019-11-29T12:27:34Z
2019,REG,KC,13,00-0033873,QB,Patrick Mahomes,Patrick,Mahomes,,,,Knee,,Full Participation in Practice,2019-11-29T12:27:34Z
2019,REG,KC,13,00-0034818,DT,Derrick Nnadi,Derrick,Nnadi,,,,Elbow,,Full Participation in Practice,2019-11-29T12:27:34Z
2019,REG,KC,13,00-0030503,DE,Alex Okafor,Alex,Okafor,,,,Ankle,,Full Participation in Practice,2019-11-29T12:27:34Z
2019,REG,KC,13,00-0029253,T,Mitchell Schwartz,Mitchell,Schwartz,,,,Knee,,Full Participation in Practice,2019-11-29T12:27:34Z
2019,REG,KC,13,00-0030874,RB,Damien Williams,Damien,Williams,Rib,,Out,Rib,,Did Not Participate In Practice,2019-11-29T12:29:01Z
2019,REG,LA,13,00-0032241,RB,Todd Gurley,Todd,Gurley,,,,Not Injury Related,,Did Not Participate In Practice,2019-11-29T13:51:58Z
2019,REG,LA,13,00-0032786,S,Marqui Christian,Marqui,Christian,,,,Knee,,Full Participation in Practice,2019-11-29T13:51:38Z
2019,REG,LA,13,00-0033895,TE,Gerald Everett,Gerald,Everett,Knee,,Out,Knee,,Did Not Participate In Practice,2019-11-29T13:52:58Z
2019,REG,LA,13,00-0034203,CB,Darious Williams,Darious,Williams,Ankle,,Out,Ankle,,Did Not Participate In Practice,2019-11-29T13:53:07Z
2019,REG,LA,13,00-0032242,T,Rob Havenstein,Rob,Havenstein,Knee,,Out,Knee,,Limited Participation in Practice,2019-11-29T13:53:02Z
2019,REG,LAC,13,00-0023448,LB,Thomas Davis,Thomas,Davis,,,,Knee,,Full Participation in Practice,2019-11-29T12:23:56Z
2019,REG,LAC,13,00-0034440,RB,Justin Jackson,Justin,Jackson,,,,Calf,,Full Participation in Practice,2019-11-29T12:23:56Z
2019,REG,LAC,13,00-0035262,LB,Drue Tranquill,Drue,Tranquill,,,,Calf,,Full Participation in Practice,2019-11-29T12:23:56Z
2019,REG,LAC,13,00-0033536,WR,Mike Williams,Mike,Williams,,,,Knee,,Full Participation in Practice,2019-11-29T12:23:56Z
2019,REG,LAC,13,00-0027859,T,Russell Okung,Russell,Okung,Groin,,Questionable,Groin,,Full Participation in Practice,2019-11-29T12:24:13Z
2019,REG,LAC,13,00-0031953,WR,Geremy Davis,Geremy,Davis,Hamstring,,Questionable,Hamstring,,Limited Participation in Practice,2019-11-29T13:14:50Z
2019,REG,LAC,13,00-0033578,T,Sam Tevi,Sam,Tevi,Knee,,Questionable,Knee,,Limited Participation in Practice,2019-11-29T12:24:13Z
2019,REG,MIA,13,00-0034797,LB,Jerome Baker,Jerome,Baker,,,,Chest,,Full Participation in Practice,2019-11-27T11:51:55Z
2019,REG,MIA,13,00-0034799,RB,Kalen Ballage,Kalen,Ballage,,,,Achilles,,Full Participation in Practice,2019-11-29T10:37:08Z
2019,REG,MIA,13,00-0033541,DE,Taco Charlton,Taco,Charlton,,,,Elbow,,Full Participation in Practice,2019-11-29T10:37:08Z
2019,REG,MIA,13,00-0023682,QB,Ryan Fitzpatrick,Ryan,Fitzpatrick,,,,right Shoulder,right Forearm,Full Participation in Practice,2019-11-29T10:37:08Z
2019,REG,MIA,13,00-0030821,WR,Allen Hurns,Allen,Hurns,,,,Ankle,,Full Participation in Practice,2019-11-29T10:37:37Z
2019,REG,MIA,13,00-0030669,WR,Albert Wilson,Albert,Wilson,,,,Hip,Chest,Full Participation in Practice,2019-11-29T10:38:25Z
2019,REG,MIA,13,00-0033608,CB,Ryan Lewis,Ryan,Lewis,Chest,,Questionable,Chest,,Full Participation in Practice,2019-11-29T10:38:32Z
2019,REG,MIA,13,00-0035318,CB,Ken Webster,Ken,Webster,Ankle,,Questionable,Ankle,,Full Participation in Practice,2019-11-29T10:38:32Z
2019,REG,MIA,13,00-0032875,CB,Ken Crawley,Ken,Crawley,Shoulder,,Questionable,Shoulder,,Limited Participation in Practice,2019-11-29T10:38:32Z
2019,REG,MIA,13,00-0034736,S,Steven Parker,Steven,Parker,Groin,,Questionable,Groin,,Limited Participation in Practice,2019-11-29T10:38:32Z
2019,REG,MIN,13,00-0033893,RB,Dalvin Cook,Dalvin,Cook,,,,Chest,,Full Participation in Practice,2019-11-30T10:52:53Z
2019,REG,MIN,13,00-0027701,DE,Everson Griffen,Everson,Griffen,,,,Knee,,Full Participation in Practice,2019-11-30T10:53:26Z
2019,REG,MIN,13,00-0029992,G,Josh Kline,Josh,Kline,,,,Concussion,,Full Participation in Practice,2019-11-30T10:52:53Z
2019,REG,MIN,13,00-0033944,LB,Ben Gedeon,Ben,Gedeon,Concussion,,Out,Concussion,,Did Not Participate In Practice,2019-11-30T10:54:06Z
2019,REG,MIN,13,00-0027885,DT,Linval Joseph,Linval,Joseph,Knee,,Questionable,Knee,,Full Participation in Practice,2019-11-30T10:53:58Z
2019,REG,MIN,13,00-0029606,S,Harrison Smith,Harrison,Smith,Hamstring,,Questionable,Hamstring,,Full Participation in Practice,2019-11-30T10:53:58Z
2019,REG,MIN,13,00-0031242,DT,Shamar Stephen,Shamar,Stephen,Knee,,Questionable,Knee,,Full Participation in Practice,2019-11-30T10:53:58Z
2019,REG,MIN,13,00-0031799,S,Anthony Harris,Anthony,Harris,Groin,,Questionable,Groin,,Limited Participation in Practice,2019-11-30T10:54:55Z
2019,REG,MIN,13,00-0030035,WR,Adam Thielen,Adam,Thielen,Hamstring,,Questionable,Hamstring,,Limited Participation in Practice,2019-11-30T10:53:58Z
2019,REG,NE,13,00-0025565,K,Nick Folk,Nick,Folk,,,,Appendix,,Did Not Participate In Practice,2019-11-28T12:11:19Z
2019,REG,NE,13,00-0019596,QB,Tom Brady,Tom,Brady,,,,right Elbow,,Full Participation in Practice,2019-11-29T13:03:06Z
2019,REG,NE,13,00-0030442,DE,John Simon,John,Simon,,,,Elbow,,Limited Participation in Practice,2019-11-27T12:51:34Z
2019,REG,NE,13,00-0034439,TE,Ryan Izzo,Ryan,Izzo,Illness,,Out,Illness,,Did Not Participate In Practice,2019-11-29T13:03:42Z
2019,REG,NE,13,00-0031360,LB,Kyle Van Noy,Kyle,Van Noy,Illness,,Questionable,Illness,,Did Not Participate In Practice,2019-11-29T13:03:12Z
2019,REG,NE,13,00-0034385,LB,Ja'Whaun Bentley,Ja'Whaun,Bentley,Knee,,Questionable,Knee,,Limited Participation in Practice,2019-11-29T13:03:12Z
2019,REG,NE,13,00-0028076,T,Marcus Cannon,Marcus,Cannon,Illness,,Questionable,Illness,,Limited Participation in Practice,2019-11-29T13:03:12Z
2019,REG,NE,13,00-0027010,S,Patrick Chung,Patrick,Chung,Illness,Heel,Questionable,Illness,Heel,Limited Participation in Practice,2019-11-29T13:03:12Z
2019,REG,NE,13,00-0030421,LB,Jamie Collins,Jamie,Collins,Illness,,Questionable,Illness,,Limited Participation in Practice,2019-11-29T13:03:12Z
2019,REG,NE,13,00-0035278,DT,Byron Cowart,Byron,Cowart,Head,,Questionable,Head,,Limited Participation in Practice,2019-11-29T13:03:12Z
2019,REG,NE,13,00-0032208,WR,Phillip Dorsett,Phillip,Dorsett,Concussion,,Questionable,Concussion,,Limited Participation in Practice,2019-11-29T13:03:12Z
2019,REG,NE,13,00-0029570,S,Nate Ebner,Nate,Ebner,Ankle,Back,Questionable,Ankle,Back,Limited Participation in Practice,2019-11-29T13:03:12Z
2019,REG,NE,13,00-0027150,WR,Julian Edelman,Julian,Edelman,Shoulder,,Questionable,Shoulder,,Limited Participation in Practice,2019-11-29T13:03:12Z
2019,REG,NE,13,00-0033290,G,Jermaine Eluemunor,Jermaine,Eluemunor,Illness,,Questionable,Illness,,Limited Participation in Practice,2019-11-29T13:03:12Z
2019,REG,NE,13,00-0029542,CB,Stephon Gilmore,Stephon,Gilmore,Illness,,Questionable,Illness,,Limited Participation in Practice,2019-11-29T13:03:12Z
2019,REG,NE,13,00-0029669,LB,Dont'a Hightower,Dont'a,Hightower,Illness,,Questionable,Illness,,Limited Participation in Practice,2019-11-29T13:03:12Z
2019,REG,NE,13,00-0027136,CB,Jason McCourty,Jason,McCourty,Groin,,Questionable,Groin,,Limited Participation in Practice,2019-11-29T13:03:12Z
2019,REG,NE,13,00-0029632,WR,Mohamed Sanu,Mohamed,Sanu,Ankle,,Questionable,Ankle,,Limited Participation in Practice,2019-11-29T13:03:12Z
2019,REG,NE,13,00-0026293,WR,Matt Slater,Matt,Slater,Hamstring,,Questionable,Hamstring,,Limited Participation in Practice,2019-11-29T13:03:12Z
2019,REG,NE,13,00-0035241,CB,Joejuan Williams,Joejuan,Williams,Illness,,Questionable,Illness,,Limited Participation in Practice,2019-11-29T13:03:12Z
2019,REG,NE,13,00-0034833,T,Isaiah Wynn,Isaiah,Wynn,Illness,,Questionable,Illness,,Limited Participation in Practice,2019-11-29T13:03:12Z
2019,REG,NO,13,00-0030067,T,Terron Armstead,Terron,Armstead,Ankle,,Out,Ankle,,Did Not Participate In Practice,2019-11-27T12:20:59Z
2019,REG,NO,13,00-0029931,RB,Zach Line,Zach,Line,Knee,,Out,Knee,,Did Not Participate In Practice,2019-11-27T12:21:06Z
2019,REG,NO,13,00-0032203,G,Andrus Peat,Andrus,Peat,Forearm,,Out,Forearm,,Did Not Participate In Practice,2019-11-27T12:21:15Z
2019,REG,NO,13,00-0034436,C,Will Clapp,Will,Clapp,Back,,Questionable,Back,,Limited Participation in Practice,2019-11-27T12:20:53Z
2019,REG,NO,13,00-0035215,WR,Deonte Harty,Deonte,Harty,Hamstring,,Questionable,Hamstring,,Limited Participation in Practice,2019-11-27T12:20:53Z
2019,REG,NO,13,00-0033874,CB,Marshon Lattimore,Marshon,Lattimore,Hamstring,,Questionable,Hamstring,,Limited Participation in Practice,2019-11-27T12:20:53Z
2019,REG,NYG,13,00-0025503,LS,Zak DeOssie,Zak,DeOssie,Knee,Wrist,Out,Knee,Wrist,Did Not Participate In Practice,2019-11-29T11:20:42Z
2019,REG,NYG,13,00-0029587,TE,Rhett Ellison,Rhett,Ellison,Concussion,,Out,Concussion,,Did Not Participate In Practice,2019-11-29T11:20:51Z
2019,REG,NYG,13,00-0033881,TE,Evan Engram,Evan,Engram,Foot,,Out,Foot,,Did Not Participate In Practice,2019-11-29T11:20:59Z
2019,REG,NYG,13,00-0033883,S,Jabrill Peppers,Jabrill,Peppers,Back,,Out,Back,,Did Not Participate In Practice,2019-11-29T11:21:17Z
2019,REG,NYG,13,00-0027891,WR,Golden Tate,Golden,Tate,Concussion,,Out,Concussion,,Did Not Participate In Practice,2019-11-29T11:21:24Z
2019,REG,NYJ,13,00-0033917,LB,Tarell Basham,Tarell,Basham,,,,Knee,,Full Participation in Practice,2019-11-29T11:43:22Z
2019,REG,NYJ,13,00-0034419,WR,Braxton Berrios,Braxton,Berrios,,,,Hamstring,Hip,Full Participation in Practice,2019-11-29T11:43:22Z
2019,REG,NYJ,13,00-0030010,LB,Brandon Copeland,Brandon,Copeland,,,,Hip,Thumb,Full Participation in Practice,2019-11-29T11:43:22Z
2019,REG,NYJ,13,00-0034869,QB,Sam Darnold,Sam,Darnold,,,,Knee,left Thumb,Full Participation in Practice,2019-11-29T11:43:22Z
2019,REG,NYJ,13,00-0031076,QB,David Fales,David,Fales,,,,right Elbow,,Full Participation in Practice,2019-11-29T11:43:22Z
2019,REG,NYJ,13,00-0032970,LB,Jordan Jenkins,Jordan,Jenkins,,,,Ankle,,Full Participation in Practice,2019-11-29T11:43:22Z
2019,REG,NYJ,13,00-0033503,CB,Arthur Maulet,Arthur,Maulet,,,,Calf,,Full Participation in Practice,2019-11-29T11:43:22Z
2019,REG,NYJ,13,00-0035698,T,Chuma Edoga,Chuma,Edoga,Knee,,Out,Knee,,Did Not Participate In Practice,2019-11-29T11:47:08Z
2019,REG,NYJ,13,00-0031296,LB,C.J. Mosley,C.J.,Mosley,Groin,,Out,Groin,,Did Not Participate In Practice,2019-11-29T11:43:52Z
2019,REG,NYJ,13,00-0029792,LB,Paul Worrilow,Paul,Worrilow,Quadricep,,Out,Quadricep,,Did Not Participate In Practice,2019-11-29T11:43:37Z
2019,REG,NYJ,13,00-0032269,DE,Henry Anderson,Henry,Anderson,Shoulder,,Questionable,Shoulder,,Limited Participation in Practice,2019-11-29T11:43:28Z
2019,REG,NYJ,13,00-0029316,T,Kelvin Beachum,Kelvin,Beachum,Ankles,,Questionable,Ankles,,Limited Participation in Practice,2019-11-29T11:43:28Z
2019,REG,NYJ,13,00-0032496,S,Matthias Farley,Matthias,Farley,Quadricep,,Questionable,Quadricep,,Limited Participation in Practice,2019-11-29T11:43:28Z
2019,REG,NYJ,13,00-0032407,G,Alex Lewis,Alex,Lewis,Elbow,,Questionable,Elbow,,Limited Participation in Practice,2019-11-29T11:43:28Z
2019,REG,NYJ,13,00-0026564,DT,Steve McLendon,Steve,McLendon,Neck,,Questionable,Neck,,Limited Participation in Practice,2019-11-29T11:43:28Z
2019,REG,NYJ,13,00-0031628,CB,Darryl Roberts,Darryl,Roberts,Calf,,Questionable,Calf,,Limited Participation in Practice,2019-11-29T11:43:28Z
2019,REG,NYJ,13,00-0027874,WR,Demaryius Thomas,Demaryius,Thomas,Hamstring,,Questionable,Hamstring,,Limited Participation in Practice,2019-11-29T11:43:28Z
2019,REG,OAK,13,00-0027993,C,Rodney Hudson,Rodney,Hudson,,,,Ankle,,Limited Participation in Practice,2019-11-29T12:25:18Z
2019,REG,OAK,13,00-0035700,RB,Josh Jacobs,Josh,Jacobs,,,,Shoulder,,Limited Participation in Practice,2019-11-29T12:25:18Z
2019,REG,OAK,13,00-0031389,S,Lamarcus Joyner,Lamarcus,Joyner,,,,Hamstring,,Limited Participation in Practice,2019-11-29T12:25:18Z
2019,REG,OAK,13,00-0033946,T,David Sharpe,David,Sharpe,,,,Calf,,Limited Participation in Practice,2019-11-29T12:25:18Z
2019,REG,OAK,13,00-0034983,WR,Hunter Renfrow,Hunter,Renfrow,Rib,,Out,Rib,,Did Not Participate In Practice,2019-11-29T12:25:39Z
2019,REG,OAK,13,00-0032071,T,Trenton Brown,Trenton,Brown,Knee,,Questionable,Knee,,Did Not Participate In Practice,2019-11-29T12:25:28Z
2019,REG,PHI,13,00-0031549,WR,Nelson Agholor,Nelson,Agholor,,,,Knee,,Full Participation in Practice,2019-11-29T11:21:23Z
2019,REG,PHI,13,00-0029679,G,Brandon Brooks,Brandon,Brooks,,,,Illness,,Full Participation in Practice,2019-11-29T11:21:16Z
2019,REG,PHI,13,00-0029412,DE,Vinny Curry,Vinny,Curry,,,,Not Injury Related,,Full Participation in Practice,2019-11-29T11:21:16Z
2019,REG,PHI,13,00-0029137,WR,Alshon Jeffery,Alshon,Jeffery,,,,Ankle,,Full Participation in Practice,2019-11-29T11:21:41Z
2019,REG,PHI,13,00-0030561,T,Lane Johnson,Lane,Johnson,,,,Concussion,,Full Participation in Practice,2019-11-29T11:21:16Z
2019,REG,PHI,13,00-0022531,T,Jason Peters,Jason,Peters,,,,Knee,,Full Participation in Practice,2019-11-29T11:21:49Z
2019,REG,PHI,13,00-0032950,QB,Carson Wentz,Carson,Wentz,,,,right Hand,,Full Participation in Practice,2019-11-29T11:21:16Z
2019,REG,PHI,13,00-0030061,TE,Zach Ertz,Zach,Ertz,Hamstring,,Questionable,Hamstring,,Limited Participation in Practice,2019-11-29T11:21:55Z
2019,REG,PHI,13,00-0032780,RB,Jordan Howard,Jordan,Howard,Shoulder,,Questionable,Shoulder,,Limited Participation in Practice,2019-11-29T11:21:55Z
2019,REG,PIT,13,00-0026561,G,Ramon Foster,Ramon,Foster,,,,Not Injury Related,,Full Participation in Practice,2019-11-29T11:20:27Z
2019,REG,PIT,13,00-0030648,T,Alejandro Villanueva,Alejandro,Villanueva,,,,Shoulder,,Full Participation in Practice,2019-11-29T11:13:15Z
2019,REG,PIT,13,00-0033857,WR,JuJu Smith-Schuster,JuJu,Smith-Schuster,Knee,Concussion,Out,Knee,Concussion,Did Not Participate In Practice,2019-11-29T11:42:56Z
2019,REG,PIT,13,00-0033553,RB,James Conner,James,Conner,Shoulder,,Doubtful,Shoulder,,Limited Participation in Practice,2019-11-29T11:42:47Z
2019,REG,PIT,13,00-0033103,CB,Artie Burns,Artie,Burns,Knee,,Questionable,Knee,,Full Participation in Practice,2019-11-29T11:42:41Z
2019,REG,SEA,13,00-0026166,T,Duane Brown,Duane,Brown,,,,Biceps,Knee,Did Not Participate In Practice,2019-11-30T14:54:42Z
2019,REG,SEA,13,00-0034234,DT,Poona Ford,Poona,Ford,,,,Illness,,Did Not Participate In Practice,2019-11-30T14:54:11Z
2019,REG,SEA,13,00-0032211,WR,Tyler Lockett,Tyler,Lockett,,,,Shin,Illness,Did Not Participate In Practice,2019-11-30T14:56:48Z
2019,REG,SEA,13,00-0033589,WR,David Moore,David,Moore,,,,Illness,,Did Not Participate In Practice,2019-11-30T14:54:11Z
2019,REG,SEA,13,00-0033740,G,Jordan Roos,Jordan,Roos,,,,Illness,,Did Not Participate In Practice,2019-11-30T14:54:11Z
2019,REG,SEA,13,00-0031608,S,Quandre Diggs,Quandre,Diggs,,,,Hamstring,,Full Participation in Practice,2019-11-30T14:54:11Z
2019,REG,SEA,13,00-0030505,G,D.J. Fluker,D.J.,Fluker,,,,Shoulder,,Full Participation in Practice,2019-11-30T15:00:09Z
2019,REG,SEA,13,00-0029664,WR,Josh Gordon,Josh,Gordon,,,,Ankle,,Full Participation in Practice,2019-11-30T14:54:11Z
2019,REG,SEA,13,00-0034755,LB,Shaquem Griffin,Shaquem,Griffin,,,,Illness,,Full Participation in Practice,2019-11-30T14:54:11Z
2019,REG,SEA,13,00-0033926,CB,Shaquill Griffin,Shaquill,Griffin,,,,Not Injury Related,,Full Participation in Practice,2019-11-30T14:54:11Z
2019,REG,SEA,13,00-0033387,TE,Jacob Hollister,Jacob,Hollister,,,,Toe,,Full Participation in Practice,2019-11-30T14:55:54Z
2019,REG,SEA,13,00-0027869,G,Mike Iupati,Mike,Iupati,,,,Neck,,Full Participation in Practice,2019-11-30T14:56:05Z
2019,REG,SEA,13,00-0034729,T,Jamarco Jones,Jamarco,Jones,,,,Ankle,,Full Participation in Practice,2019-11-30T15:00:30Z
2019,REG,SEA,13,00-0035640,WR,DK Metcalf,DK,Metcalf,,,,Knee,,Full Participation in Practice,2019-11-30T14:54:11Z
2019,REG,SEA,13,00-0029255,LB,Bobby Wagner,Bobby,Wagner,,,,Not Injury Related,,Full Participation in Practice,2019-11-30T14:54:11Z
2019,REG,SEA,13,00-0028037,LB,K.J. Wright,K.J.,Wright,,,,Shoulder,Knee,Full Participation in Practice,2019-11-30T14:58:28Z
2019,REG,SEA,13,00-0034756,CB,Tre Flowers,Tre,Flowers,,,,Illness,,Limited Participation in Practice,2019-11-30T14:59:18Z
2019,REG,SEA,13,00-0028292,RB,Nick Bellore,Nick,Bellore,Quadricep,,Doubtful,Quadricep,,Did Not Participate In Practice,2019-11-30T13:02:26Z
2019,REG,SEA,13,00-0029329,CB,Neiko Thorpe,Neiko,Thorpe,Groin,,Doubtful,Groin,,Did Not Participate In Practice,2019-11-30T13:02:36Z
2019,REG,SEA,13,00-0029409,LB,Mychal Kendricks,Mychal,Kendricks,Hamstring,,Questionable,Hamstring,,Did Not Participate In Practice,2019-11-30T13:03:30Z
2019,REG,SEA,13,00-0030089,TE,Luke Willson,Luke,Willson,Hamstring,,Questionable,Hamstring,,Did Not Participate In Practice,2019-11-30T13:02:48Z
2019,REG,SEA,13,00-0031364,DE,Jadeveon Clowney,Jadeveon,Clowney,Core,,Questionable,Core,,Limited Participation in Practice,2019-11-30T13:03:04Z
2019,REG,SEA,13,00-0032387,DT,Jarran Reed,Jarran,Reed,Ankle,,Questionable,Ankle,,Limited Participation in Practice,2019-11-30T13:03:16Z
2019,REG,SEA,13,00-0027723,DT,Al Woods,Al,Woods,Ankle,,Questionable,Ankle,,Limited Participation in Practice,2019-11-30T13:03:43Z
2019,REG,SF,13,00-0023252,K,Robbie Gould,Robbie,Gould,,,,right Quadricep,,Full Participation in Practice,2019-11-29T13:34:23Z
2019,REG,SF,13,00-0034283,DT,Jullian Taylor,Jullian,Taylor,,,,Jaw,,Full Participation in Practice,2019-11-29T13:34:23Z
2019,REG,SF,13,00-0033288,TE,George Kittle,George,Kittle,,,,Knee,Ankle,Limited Participation in Practice,2019-11-29T13:34:23Z
2019,REG,SF,13,00-0035719,WR,Deebo Samuel,Deebo,Samuel,,,,Shoulder,,Limited Participation in Practice,2019-11-29T13:34:23Z
2019,REG,SF,13,00-0027685,WR,Emmanuel Sanders,Emmanuel,Sanders,,,,Ribs,,Limited Participation in Practice,2019-11-29T13:34:23Z
2019,REG,SF,13,00-0031297,DE,Dee Ford,Dee,Ford,Quadricep,Hamstring,Out,Quadricep,Hamstring,Did Not Participate In Practice,2019-11-29T13:35:36Z
2019,REG,SF,13,00-0034860,WR,Dante Pettis,Dante,Pettis,Knee,,Out,Knee,,Did Not Participate In Practice,2019-11-29T13:35:56Z
2019,REG,SF,13,00-0033308,RB,Matt Breida,Matt,Breida,Ankle,,Questionable,Ankle,,Limited Participation in Practice,2019-11-29T13:35:26Z
2019,REG,SF,13,00-0025415,T,Joe Staley,Joe,Staley,Finger,,Questionable,Finger,,Limited Participation in Practice,2019-11-29T13:35:26Z
2019,REG,TB,13,00-0027855,DT,Ndamukong Suh,Ndamukong,Suh,,,,Not Injury Related,,Did Not Participate In Practice,2019-11-29T09:56:55Z
2019,REG,TB,13,00-0031089,DT,Beau Allen,Beau,Allen,,,,Neck,,Full Participation in Practice,2019-11-29T09:56:10Z
2019,REG,TB,13,00-0035699,CB,Jamel Dean,Jamel,Dean,,,,Shoulder,,Full Participation in Practice,2019-11-29T09:56:02Z
2019,REG,TB,13,00-0026814,T,Demar Dotson,Demar,Dotson,,,,Not Injury Related,,Full Participation in Practice,2019-11-29T09:56:02Z
2019,REG,TB,13,00-0030386,DE,William Gholston,William,Gholston,,,,Ankle,,Full Participation in Practice,2019-11-29T09:56:02Z
2019,REG,TB,13,00-0035239,CB,Sean Murphy-Bunting,Sean,Murphy-Bunting,,,,Knee,,Full Participation in Practice,2019-11-29T09:56:02Z
2019,REG,TB,13,00-0027867,LB,Jason Pierre-Paul,Jason,Pierre-Paul,,,,Knee,,Full Participation in Practice,2019-11-29T09:57:04Z
2019,REG,TB,13,00-0035298,WR,Scott Miller,Scott,Miller,Hamstring,,Out,Hamstring,,Did Not Participate In Practice,2019-11-29T09:57:29Z
2019,REG,TB,13,00-0035254,LB,Anthony Nelson,Anthony,Nelson,Hamstring,,Out,Hamstring,,Did Not Participate In Practice,2019-11-29T09:57:37Z
2019,REG,TB,13,00-0034355,CB,M.J. Stewart,M.J.,Stewart,Knee,,Out,Knee,,Did Not Participate In Practice,2019-11-29T09:57:45Z
2019,REG,TB,13,00-0033129,LB,Carl Nassib,Carl,Nassib,Illness,,Questionable,Illness,,Did Not Participate In Practice,2019-11-29T09:57:18Z
2019,REG,TEN,13,00-0034389,S,Dane Cruikshank,Dane,Cruikshank,,,,Ankle,,Full Participation in Practice,2019-11-29T11:48:13Z
2019,REG,TEN,13,00-0032633,DE,Reggie Gilbert,Reggie,Gilbert,,,,Knee,,Full Participation in Practice,2019-11-29T11:48:18Z
2019,REG,TEN,13,00-0032764,RB,Derrick Henry,Derrick,Henry,,,,Hamstring,,Full Participation in Practice,2019-11-29T11:48:24Z
2019,REG,TEN,13,00-0033878,CB,Adoree' Jackson,Adoree',Jackson,,,,Calf,,Full Participation in Practice,2019-11-29T11:48:13Z
2019,REG,TEN,13,00-0031054,DT,DaQuan Jones,DaQuan,Jones,,,,Ribs,,Full Participation in Practice,2019-11-29T11:48:13Z
2019,REG,TEN,13,00-0034662,CB,Joshua Kalu,Joshua,Kalu,,,,Ankle,,Full Participation in Practice,2019-11-29T11:48:13Z
2019,REG,TEN,13,00-0031182,G,Kevin Pamphile,Kevin,Pamphile,,,,Knee,,Full Participation in Practice,2019-11-29T11:48:13Z
2019,REG,TEN,13,00-0032778,WR,Tajae Sharpe,Tajae,Sharpe,,,,Hamstring,,Full Participation in Practice,2019-11-29T11:48:13Z
2019,REG,TEN,13,00-0032783,CB,LeShaun Sims,LeShaun,Sims,Ankle,,Out,Ankle,,Did Not Participate In Practice,2019-11-29T11:48:53Z
2019,REG,WAS,13,00-0033525,LB,Ryan Anderson,Ryan,Anderson,,,,Shoulder,,Full Participation in Practice,2019-11-29T10:40:23Z
2019,REG,WAS,13,00-0031844,S,Deshazor Everett,Deshazor,Everett,,,,Concussion,,Full Participation in Practice,2019-11-29T10:40:29Z
2019,REG,WAS,13,00-0035232,QB,Dwayne Haskins,Dwayne,Haskins,,,,right Hand,,Full Participation in Practice,2019-11-29T10:40:23Z
2019,REG,WAS,13,00-0035286,LB,Cole Holcomb,Cole,Holcomb,,,,Thumb,,Full Participation in Practice,2019-11-29T10:40:23Z
2019,REG,WAS,13,00-0035307,CB,Jimmy Moreland,Jimmy,Moreland,,,,Shoulder,,Full Participation in Practice,2019-11-29T10:40:23Z
2019,REG,WAS,13,00-0031330,T,Morgan Moses,Morgan,Moses,,,,Thumb,,Full Participation in Practice,2019-11-29T10:40:23Z
2019,REG,WAS,13,00-0033527,S,Montae Nicholson,Montae,Nicholson,,,,Ankle,,Full Participation in Practice,2019-11-29T10:40:23Z
2019,REG,WAS,13,00-0029285,CB,Josh Norman,Josh,Norman,,,,Hamstring,,Full Participation in Practice,2019-11-29T10:40:23Z
2019,REG,WAS,13,00-0025394,RB,Adrian Peterson,Adrian,Peterson,,,,Toe,,Full Participation in Practice,2019-11-29T10:40:37Z
2019,REG,WAS,13,00-0032053,G,Brandon Scherff,Brandon,Scherff,,,,Shoulder,,Full Participation in Practice,2019-11-29T10:40:46Z
2019,REG,WAS,13,00-0027954,LB,Ryan Kerrigan,Ryan,Kerrigan,Concussion,,Out,Concussion,,Did Not Participate In Practice,2019-11-29T10:40:57Z
2019,REG,WAS,13,00-0031257,WR,Paul Richardson,Paul,Richardson,Hamstring,,Out,Hamstring,,Did Not Participate In Practice,2019-11-29T10:41:08Z
2019,REG,WAS,13,00-0034333,DT,Daron Payne,Daron,Payne,Ankle,,Questionable,Ankle,,Limited Participation in Practice,2019-11-29T10:40:47Z
2019,REG,WAS,13,00-0030404,RB,Chris Thompson,Chris,Thompson,Toe,,Questionable,Toe,,Limited Participation in Practice,2019-11-29T10:40:47Z
2019,REG,ARI,14,00-0033093,DE,Jonathan Bullard,Jonathan,Bullard,,,,Hamstring,,Did Not Participate In Practice,2019-12-04T13:13:43Z
2019,REG,ARI,14,00-0022161,LB,Terrell Suggs,Terrell,Suggs,,,,Not Injury Related,,Did Not Participate In Practice,2019-12-06T12:46:03Z
2019,REG,ARI,14,00-0022921,WR,Larry Fitzgerald,Larry,Fitzgerald,,,,Not Injury Related,,Full Participation in Practice,2019-12-06T12:44:46Z
2019,REG,ARI,14,00-0035536,G,Lamont Gaillard,Lamont,Gaillard,,,,Thumb,,Full Participation in Practice,2019-12-06T12:44:46Z
2019,REG,ARI,14,00-0027686,DT,Corey Peters,Corey,Peters,,,,Not Injury Related,,Full Participation in Practice,2019-12-06T12:44:46Z
2019,REG,ARI,14,00-0029146,G,J.R. Sweezy,J.R.,Sweezy,,,,Illness,,Full Participation in Practice,2019-12-06T12:45:08Z
2019,REG,ARI,14,00-0032132,G,Max Garcia,Max,Garcia,Toe,,Questionable,Toe,,Full Participation in Practice,2019-12-06T12:47:27Z
2019,REG,ARI,14,00-0035705,S,Jalen Thompson,Jalen,Thompson,Concussion,,Questionable,Concussion,,Full Participation in Practice,2019-12-06T12:47:27Z
2019,REG,ARI,14,00-0035236,CB,Byron Murphy,Byron,Murphy,Calf,,Questionable,Calf,,Limited Participation in Practice,2019-12-06T12:47:27Z
2019,REG,ARI,14,00-0032848,CB,Kevin Peterson,Kevin,Peterson,Shoulder,,Questionable,Shoulder,,Limited Participation in Practice,2019-12-06T12:47:27Z
2019,REG,ARI,14,00-0026950,C,A.Q. Shipley,A.Q.,Shipley,Illness,,Questionable,Illness,,Limited Participation in Practice,2019-12-06T12:47:27Z
2019,REG,ATL,14,00-0028024,DE,Allen Bailey,Allen,Bailey,,,,Not Injury Related,,Did Not Participate In Practice,2019-12-06T12:00:34Z
2019,REG,ATL,14,00-0031583,DT,Grady Jarrett,Grady,Jarrett,,,,Not Injury Related,,Did Not Participate In Practice,2019-12-06T12:01:25Z
2019,REG,ATL,14,00-0034788,TE,Jaeden Graham,Jaeden,Graham,,,,Thigh,,Full Participation in Practice,2019-12-06T12:00:46Z
2019,REG,ATL,14,00-0026997,C,Alex Mack,Alex,Mack,,,,Not Injury Related,,Full Participation in Practice,2019-12-06T12:00:39Z
2019,REG,ATL,14,00-0028042,TE,Luke Stocker,Luke,Stocker,,,,Back,,Full Participation in Practice,2019-12-06T12:00:51Z
2019,REG,ATL,14,00-0031181,S,Ricardo Allen,Ricardo,Allen,,,,Knee,Abdomen,Limited Participation in Practice,2019-12-06T12:00:34Z
2019,REG,ATL,14,00-0034411,WR,Russell Gage,Russell,Gage,,,,Ribs,,Limited Participation in Practice,2019-12-06T12:00:34Z
2019,REG,ATL,14,00-0032392,TE,Austin Hooper,Austin,Hooper,,,,Knee,,Limited Participation in Practice,2019-12-06T12:03:04Z
2019,REG,ATL,14,00-0027944,WR,Julio Jones,Julio,Jones,,,,Shoulder,,Limited Participation in Practice,2019-12-06T12:00:34Z
2019,REG,ATL,14,00-0035235,T,Kaleb McGary,Kaleb,McGary,,,,Back,,Limited Participation in Practice,2019-12-06T12:02:00Z
2019,REG,ATL,14,00-0034837,WR,Calvin Ridley,Calvin,Ridley,,,,Toe,,Limited Participation in Practice,2019-12-06T12:00:34Z
2019,REG,ATL,14,00-0030562,CB,Desmond Trufant,Desmond,Trufant,,,,Toe,,Limited Participation in Practice,2019-12-06T12:00:34Z
2019,REG,ATL,14,00-0027963,G,James Carpenter,James,Carpenter,Concussion,,Out,Concussion,,Did Not Participate In Practice,2019-12-06T12:04:05Z
2019,REG,ATL,14,00-0032147,T,Ty Sambrailo,Ty,Sambrailo,Hamstring,,Out,Hamstring,,Did Not Participate In Practice,2019-12-06T12:03:54Z
2019,REG,ATL,14,00-0028130,P,Matt Bosher,Matt,Bosher,right Groin,,Questionable,right Groin,,Limited Participation in Practice,2019-12-06T12:04:27Z
2019,REG,ATL,14,00-0032592,S,Sharrod Neasman,Sharrod,Neasman,Shoulder,,Questionable,Shoulder,,Limited Participation in Practice,2019-12-06T12:04:43Z
2019,REG,BAL,14,00-0031598,TE,Nick Boyle,Nick,Boyle,,,,Illness,,Full Participation in Practice,2019-12-06T11:07:30Z
2019,REG,BAL,14,00-0026280,CB,Brandon Carr,Brandon,Carr,,,,Not Injury Related,,Full Participation in Practice,2019-12-06T11:07:30Z
2019,REG,BAL,14,00-0027966,RB,Mark Ingram,Mark,Ingram,,,,Not Injury Related,,Full Participation in Practice,2019-12-06T11:07:30Z
2019,REG,BAL,14,00-0027965,CB,Jimmy Smith,Jimmy,Smith,,,,Not Injury Related,,Full Participation in Practice,2019-12-06T11:07:30Z
2019,REG,BAL,14,00-0027866,S,Earl Thomas,Earl,Thomas,,,,Not Injury Related,,Full Participation in Practice,2019-12-06T11:07:30Z
2019,REG,BAL,14,00-0030511,DT,Brandon Williams,Brandon,Williams,,,,Not Injury Related,,Full Participation in Practice,2019-12-06T11:08:02Z
2019,REG,BAL,14,00-0035662,WR,Marquise Brown,Marquise,Brown,Ankle,,Questionable,Ankle,,Full Participation in Practice,2019-12-06T11:08:17Z
2019,REG,BAL,14,00-0033281,CB,Marlon Humphrey,Marlon,Humphrey,Thigh,,Questionable,Thigh,,Full Participation in Practice,2019-12-06T11:08:17Z
2019,REG,BAL,14,00-0032573,LB,Patrick Onwuasor,Patrick,Onwuasor,Ankle,,Questionable,Ankle,,Full Participation in Practice,2019-12-06T11:08:17Z
2019,REG,BAL,14,00-0031166,WR,Seth Roberts,Seth,Roberts,Knee,,Questionable,Knee,,Full Participation in Practice,2019-12-06T11:08:17Z
2019,REG,BUF,14,00-0023259,LB,Lorenzo Alexander,Lorenzo,Alexander,,,,Rest,,Did Not Participate In Practice,2019-12-05T10:50:18Z
2019,REG,BUF,14,00-0023500,RB,Frank Gore,Frank,Gore,,,,Rest,,Did Not Participate In Practice,2019-12-05T10:50:38Z
2019,REG,BUF,14,00-0032043,G,Quinton Spain,Quinton,Spain,,,,Illness,,Did Not Participate In Practice,2019-12-05T10:51:00Z
2019,REG,BUF,14,00-0032209,RB,T.J. Yeldon,T.J.,Yeldon,,,,Illness,,Did Not Participate In Practice,2019-12-05T10:51:10Z
2019,REG,BUF,14,00-0029709,T,Ty Nsekhe,Ty,Nsekhe,Ankle,,Out,Ankle,,Did Not Participate In Practice,2019-12-06T10:56:32Z
2019,REG,CAR,14,00-0034356,CB,Donte Jackson,Donte,Jackson,,,,Knee,,Full Participation in Practice,2019-12-06T11:27:19Z
2019,REG,CAR,14,00-0027856,DT,Gerald McCoy,Gerald,McCoy,,,,Ankle,Knee,Full Participation in Practice,2019-12-06T11:27:24Z
2019,REG,CAR,14,00-0033284,T,Taylor Moton,Taylor,Moton,,,,Knee,,Full Participation in Practice,2019-12-06T11:27:30Z
2019,REG,CAR,14,00-0030548,S,Eric Reid,Eric,Reid,,,,Ankle,,Full Participation in Practice,2019-12-06T11:27:35Z
2019,REG,CAR,14,00-0031550,LB,Shaq Thompson,Shaq,Thompson,,,,Ankle,,Full Participation in Practice,2019-12-06T11:27:38Z
2019,REG,CAR,14,00-0035694,T,Greg Little,Greg,Little,Ankle,,Out,Ankle,,Did Not Participate In Practice,2019-12-06T11:28:36Z
2019,REG,CAR,14,00-0025418,TE,Greg Olsen,Greg,Olsen,Concussion,,Out,Concussion,,Did Not Participate In Practice,2019-12-06T11:28:48Z
2019,REG,CAR,14,00-0028339,LB,Mario Addison,Mario,Addison,Groin,,Questionable,Groin,,Limited Participation in Practice,2019-12-06T11:28:30Z
2019,REG,CAR,14,00-0035558,T,Garrett McGhin,Garrett,McGhin,Ankle,,Questionable,Ankle,,Limited Participation in Practice,2019-12-06T11:28:30Z
2019,REG,CHI,14,00-0034387,DT,Bilal Nichols,Bilal,Nichols,,,,Knee,,Full Participation in Practice,2019-12-04T10:07:51Z
2019,REG,CHI,14,00-0032661,TE,Ben Braunecker,Ben,Braunecker,Concussion,,Out,Concussion,,Did Not Participate In Practice,2019-12-04T10:08:11Z
2019,REG,CHI,14,00-0031228,WR,Taylor Gabriel,Taylor,Gabriel,Concussion,,Out,Concussion,,Did Not Participate In Practice,2019-12-04T10:08:21Z
2019,REG,CHI,14,00-0029528,T,Bobby Massie,Bobby,Massie,Ankle,,Out,Ankle,,Did Not Participate In Practice,2019-12-04T10:08:26Z
2019,REG,CHI,14,00-0029577,LB,Danny Trevathan,Danny,Trevathan,Elbow,,Out,Elbow,,Did Not Participate In Practice,2019-12-04T10:08:34Z
2019,REG,CHI,14,00-0027957,CB,Prince Amukamara,Prince,Amukamara,Hamstring,,Doubtful,Hamstring,,Did Not Participate In Practice,2019-12-04T10:08:06Z
2019,REG,CIN,14,00-0027720,DT,Geno Atkins,Geno,Atkins,,,,Not Injury Related,,Full Participation in Practice,2019-12-06T10:15:52Z
2019,REG,CIN,14,00-0033338,TE,Cethan Carter,Cethan,Carter,,,,Concussion,,Full Participation in Practice,2019-12-06T10:15:35Z
2019,REG,CIN,14,00-0031380,CB,Darqueze Dennard,Darqueze,Dennard,,,,Not Injury Related,,Full Participation in Practice,2019-12-06T10:15:35Z
2019,REG,CIN,14,00-0030549,TE,Tyler Eifert,Tyler,Eifert,,,,Not Injury Related,,Full Participation in Practice,2019-12-06T10:15:35Z
2019,REG,CIN,14,00-0033798,TE,Mason Schreck,Mason,Schreck,,,,Illness,,Full Participation in Practice,2019-12-06T10:16:00Z
2019,REG,CIN,14,00-0032892,LB,Nick Vigil,Nick,Vigil,,,,Ankle,,Full Participation in Practice,2019-12-06T10:15:35Z
2019,REG,CIN,14,00-0030471,S,Shawn Williams,Shawn,Williams,,,,Ankle,,Full Participation in Practice,2019-12-06T10:15:35Z
2019,REG,CIN,14,00-0027942,WR,A.J. Green,A.J.,Green,Ankle,,Out,Ankle,,Did Not Participate In Practice,2019-12-06T10:16:21Z
2019,REG,CIN,14,00-0034834,DE,Sam Hubbard,Sam,Hubbard,Knee,,Out,Knee,,Did Not Participate In Practice,2019-12-06T10:16:26Z
2019,REG,CIN,14,00-0035631,TE,Drew Sample,Drew,Sample,Ankle,,Out,Ankle,,Did Not Participate In Practice,2019-12-06T10:16:32Z
2019,REG,CIN,14,00-0033791,S,Brandon Wilson,Brandon,Wilson,Hand,,Out,Hand,,Did Not Participate In Practice,2019-12-06T10:16:37Z
2019,REG,CLE,14,00-0035039,TE,Stephen Carlson,Stephen,Carlson,,,,Ankle,,Full Participation in Practice,2019-12-06T11:37:43Z
2019,REG,CLE,14,00-0034253,RB,Dontrell Hilliard,Dontrell,Hilliard,,,,Knee,,Full Participation in Practice,2019-12-06T11:37:34Z
2019,REG,CLE,14,00-0031382,WR,Jarvis Landry,Jarvis,Landry,,,,Hip,,Full Participation in Practice,2019-12-06T11:37:52Z
2019,REG,CLE,14,00-0034855,QB,Baker Mayfield,Baker,Mayfield,,,,right Hand,Ribs,Full Participation in Practice,2019-12-06T11:37:34Z
2019,REG,CLE,14,00-0031386,T,Greg Robinson,Greg,Robinson,,,,Concussion,,Full Participation in Practice,2019-12-06T11:37:34Z
2019,REG,CLE,14,00-0034399,G,Wyatt Teller,Wyatt,Teller,,,,Knee,,Full Participation in Practice,2019-12-06T11:37:34Z
2019,REG,CLE,14,00-0034770,DE,Chad Thomas,Chad,Thomas,,,,Chest,Ribs,Full Participation in Practice,2019-12-06T11:37:34Z
2019,REG,CLE,14,00-0035638,CB,Greedy Williams,Greedy,Williams,,,,Shoulder,,Full Participation in Practice,2019-12-06T11:38:07Z
2019,REG,CLE,14,00-0035144,LB,Mack Wilson,Mack,Wilson,,,,Chest,Ribs,Full Participation in Practice,2019-12-06T11:37:34Z
2019,REG,CLE,14,00-0031235,WR,Odell Beckham,Odell,Beckham,,,,Groin,,Limited Participation in Practice,2019-12-06T11:37:34Z
2019,REG,CLE,14,00-0034854,WR,KhaDarel Hodge,KhaDarel,Hodge,,,,Achilles,,Limited Participation in Practice,2019-12-06T11:37:34Z
2019,REG,CLE,14,00-0034088,CB,Robert Jackson,Robert,Jackson,Ankle,,Out,Ankle,,Did Not Participate In Practice,2019-12-06T11:39:07Z
2019,REG,CLE,14,00-0033038,S,Eric Murray,Eric,Murray,Knee,,Doubtful,Knee,,Limited Participation in Practice,2019-12-06T11:39:21Z
2019,REG,CLE,14,00-0029693,DE,Olivier Vernon,Olivier,Vernon,Knee,,Questionable,Knee,,Did Not Participate In Practice,2019-12-06T11:38:18Z
2019,REG,CLE,14,00-0030155,TE,Demetrius Harris,Demetrius,Harris,Shoulder,,Questionable,Shoulder,,Limited Participation in Practice,2019-12-06T11:38:18Z
2019,REG,CLE,14,00-0029963,T,Christopher Hubbard,Christopher,Hubbard,Knee,,Questionable,Knee,,Limited Participation in Practice,2019-12-06T11:38:18Z
2019,REG,CLE,14,00-0030076,C,J.C. Tretter,J.C.,Tretter,Knee,,Questionable,Knee,,Limited Participation in Practice,2019-12-06T11:38:18Z
2019,REG,DAL,14,00-0028002,WR,Randall Cobb,Randall,Cobb,,,,Illness,,Full Participation in Practice,2019-12-04T10:30:30Z
2019,REG,DAL,14,00-0031534,T,La'el Collins,La'el,Collins,,,,Knee,,Full Participation in Practice,2019-12-04T10:30:37Z
2019,REG,DAL,14,00-0031544,WR,Amari Cooper,Amari,Cooper,,,,Knee,,Full Participation in Practice,2019-12-04T10:30:04Z
2019,REG,DAL,14,00-0032239,CB,Byron Jones,Byron,Jones,,,,Hip,,Full Participation in Practice,2019-12-04T10:30:04Z
2019,REG,DAL,14,00-0027663,LB,Sean Lee,Sean,Lee,,,,Pectoral,Not Injury Related,Full Participation in Practice,2019-12-04T10:30:59Z
2019,REG,DAL,14,00-0031402,G,Zack Martin,Zack,Martin,,,,Elbow,Ankle,Full Participation in Practice,2019-12-04T10:31:21Z
2019,REG,DAL,14,00-0033083,S,Darian Thompson,Darian,Thompson,,,,Biceps,,Full Participation in Practice,2019-12-04T10:32:42Z
2019,REG,DAL,14,00-0026618,DE,Michael Bennett,Michael,Bennett,,,,Foot,,Limited Participation in Practice,2019-12-04T10:30:04Z
2019,REG,DAL,14,00-0027947,T,Tyron Smith,Tyron,Smith,,,,Achilles,,Limited Participation in Practice,2019-12-04T10:30:04Z
2019,REG,DAL,14,00-0030196,S,Jeff Heath,Jeff,Heath,Shoulder,Shoulder,Out,Shoulder,Shoulder,Did Not Participate In Practice,2019-12-04T10:35:05Z
2019,REG,DAL,14,00-0034674,LB,Leighton Vander Esch,Leighton,Vander Esch,Neck,,Out,Neck,,Did Not Participate In Practice,2019-12-04T10:34:40Z
2019,REG,DAL,14,00-0032871,DT,Antwaun Woods,Antwaun,Woods,Knee,,Out,Knee,,Did Not Participate In Practice,2019-12-04T10:34:46Z
2019,REG,DAL,14,00-0035261,RB,Tony Pollard,Tony,Pollard,Ankle,,Questionable,Ankle,,Did Not Participate In Practice,2019-12-04T10:35:27Z
2019,REG,DEN,14,00-0031258,LB,Jeremiah Attaochu,Jeremiah,Attaochu,,,,Lower leg,,Full Participation in Practice,2019-12-06T12:28:33Z
2019,REG,DEN,14,00-0034838,RB,Royce Freeman,Royce,Freeman,,,,Ribs,,Full Participation in Practice,2019-12-06T12:28:33Z
2019,REG,DEN,14,00-0031270,DE,Shelby Harris,Shelby,Harris,,,,Ankle,,Full Participation in Practice,2019-12-06T12:28:33Z
2019,REG,DEN,14,00-0034887,LB,A.J. Johnson,A.J.,Johnson,,,,Knee,,Full Participation in Practice,2019-12-06T12:29:56Z
2019,REG,DEN,14,00-0033011,C,Connor McGovern,Connor,McGovern,,,,Back,,Full Participation in Practice,2019-12-06T12:28:57Z
2019,REG,DEN,14,00-0032958,S,Will Parks,Will,Parks,,,,Hand,,Full Participation in Practice,2019-12-06T12:28:41Z
2019,REG,DEN,14,00-0033375,WR,Tim Patrick,Tim,Patrick,,,,Shoulder,,Full Participation in Practice,2019-12-06T12:28:33Z
2019,REG,DEN,14,00-0029890,DT,Mike Purcell,Mike,Purcell,,,,Knee,,Full Participation in Practice,2019-12-06T12:28:33Z
2019,REG,DEN,14,00-0034348,WR,Courtland Sutton,Courtland,Sutton,,,,Hamstring,,Limited Participation in Practice,2019-12-06T12:30:17Z
2019,REG,DEN,14,00-0029010,G,Ronald Leary,Ronald,Leary,Concussion,,Out,Concussion,,Did Not Participate In Practice,2019-12-06T12:30:44Z
2019,REG,DEN,14,00-0031417,T,Ja'Wuan James,Ja'Wuan,James,Knee,,Questionable,Knee,,Full Participation in Practice,2019-12-06T12:30:36Z
2019,REG,DEN,14,00-0027940,LB,Von Miller,Von,Miller,Knee,,Questionable,Knee,,Limited Participation in Practice,2019-12-06T12:30:36Z
2019,REG,DEN,14,00-0034954,LB,Malik Reed,Malik,Reed,Ankle,Shoulder,Questionable,Ankle,Shoulder,Limited Participation in Practice,2019-12-06T12:30:36Z
2019,REG,DET,14,00-0029040,DT,Damon Harrison,Damon,Harrison,,,,Calf,Knee,Limited Participation in Practice,2019-12-06T12:01:20Z
2019,REG,DET,14,00-0030092,P,Sam Martin,Sam,Martin,,,,Abdomen,,Limited Participation in Practice,2019-12-06T12:00:55Z
2019,REG,DET,14,00-0034371,DE,Da'Shawn Hand,Da'Shawn,Hand,Ankle,,Out,Ankle,,Did Not Participate In Practice,2019-12-06T12:01:49Z
2019,REG,DET,14,00-0026498,QB,Matthew Stafford,Matthew,Stafford,Hip,Back,Out,Hip,Back,Did Not Participate In Practice,2019-12-06T12:01:36Z
2019,REG,DET,14,00-0035531,DE,Austin Bryant,Austin,Bryant,Hip,,Doubtful,Hip,,Did Not Participate In Practice,2019-12-06T12:01:58Z
2019,REG,DET,14,00-0033572,CB,Jamal Agnew,Jamal,Agnew,Ankle,,Questionable,Ankle,,Full Participation in Practice,2019-12-06T12:01:44Z
2019,REG,DET,14,00-0029901,CB,Rashaan Melvin,Rashaan,Melvin,Ribs,,Questionable,Ribs,,Limited Participation in Practice,2019-12-06T12:01:23Z
2019,REG,GB,14,00-0031381,WR,Davante Adams,Davante,Adams,,,,Toe,,Full Participation in Practice,2019-12-06T12:55:24Z
2019,REG,GB,14,00-0027875,T,Bryan Bulaga,Bryan,Bulaga,,,,Knee,,Full Participation in Practice,2019-12-06T12:55:36Z
2019,REG,GB,14,00-0031068,WR,Ryan Grant,Ryan,Grant,,,,Illness,,Full Participation in Practice,2019-12-06T12:55:24Z
2019,REG,GB,14,00-0034185,DT,Tyler Lancaster,Tyler,Lancaster,,,,Neck,Knee,Full Participation in Practice,2019-12-06T12:55:24Z
2019,REG,GB,14,00-0032408,LB,Blake Martinez,Blake,Martinez,,,,Hand,,Full Participation in Practice,2019-12-06T12:55:24Z
2019,REG,GB,14,00-0033124,S,Will Redmond,Will,Redmond,,,,Foot,,Full Participation in Practice,2019-12-06T12:55:24Z
2019,REG,GB,14,00-0024061,CB,Tramon Williams,Tramon,Williams,,,,Not Injury Related,,Full Participation in Practice,2019-12-06T12:55:49Z
2019,REG,GB,14,00-0027696,TE,Jimmy Graham,Jimmy,Graham,,,,Calf,Wrist,Limited Participation in Practice,2019-12-06T12:55:24Z
2019,REG,GB,14,00-0024243,TE,Marcedes Lewis,Marcedes,Lewis,,,,Not Injury Related,,Limited Participation in Practice,2019-12-06T12:55:24Z
2019,REG,GB,14,00-0033948,RB,Jamaal Williams,Jamaal,Williams,,,,Knee,,Limited Participation in Practice,2019-12-06T12:55:24Z
2019,REG,GB,14,00-0031433,G,Billy Turner,Billy,Turner,Illness,,Questionable,,,"
    ",2019-12-07T16:20:42Z
2019,REG,GB,14,00-0034540,CB,Tony Brown,Tony,Brown,Heel,,Questionable,Heel,,Full Participation in Practice,2019-12-06T12:55:54Z
2019,REG,GB,14,00-0033524,CB,Kevin King,Kevin,King,Shoulder,,Questionable,Shoulder,,Full Participation in Practice,2019-12-06T12:55:54Z
2019,REG,HOU,14,00-0034364,TE,Jordan Akins,Jordan,Akins,,,,Knee,,Full Participation in Practice,2019-12-06T12:21:06Z
2019,REG,HOU,14,00-0032107,DE,Angelo Blackson,Angelo,Blackson,,,,Shoulder,,Full Participation in Practice,2019-12-06T12:21:02Z
2019,REG,HOU,14,00-0028063,RB,Taiwan Jones,Taiwan,Jones,Hamstring,,Out,Hamstring,,Did Not Participate In Practice,2019-12-06T12:21:22Z
2019,REG,HOU,14,00-0033882,CB,Gareon Conley,Gareon,Conley,Hip,,Questionable,Hip,,Limited Participation in Practice,2019-12-06T12:22:03Z
2019,REG,HOU,14,00-0033127,WR,Will Fuller,Will,Fuller,Hamstring,,Questionable,Hamstring,,Limited Participation in Practice,2019-12-06T12:22:15Z
2019,REG,HOU,14,00-0031372,CB,Bradley Roby,Bradley,Roby,Hamstring,Toe,Questionable,Hamstring,Toe,Limited Participation in Practice,2019-12-06T12:22:31Z
2019,REG,HOU,14,00-0032734,LB,Brennan Scarlett,Brennan,Scarlett,Shoulder,,Questionable,Shoulder,,Limited Participation in Practice,2019-12-06T12:22:48Z
2019,REG,HOU,14,00-0033563,DE,Carlos Watkins,Carlos,Watkins,Hamstring,,Questionable,Hamstring,,Limited Participation in Practice,2019-12-06T12:23:02Z
2019,REG,IND,14,00-0031254,DT,Denico Autry,Denico,Autry,,,,Not Injury Related,,Did Not Participate In Practice,2019-12-06T10:19:30Z
2019,REG,IND,14,00-0027960,T,Anthony Castonzo,Anthony,Castonzo,,,,Not Injury Related,,Did Not Participate In Practice,2019-12-06T10:19:44Z
2019,REG,IND,14,00-0031571,S,Clayton Geathers,Clayton,Geathers,,,,Not Injury Related,,Did Not Participate In Practice,2019-12-06T10:22:12Z
2019,REG,IND,14,00-0028008,DE,Justin Houston,Justin,Houston,,,,Not Injury Related,,Did Not Participate In Practice,2019-12-06T10:20:06Z
2019,REG,IND,14,00-0034846,LB,Darius Leonard,Darius,Leonard,,,,Not Injury Related,,Did Not Participate In Practice,2019-12-06T10:20:24Z
2019,REG,IND,14,00-0033217,TE,Mo Alie-Cox,Mo,Alie-Cox,,,,Thumb,,Full Participation in Practice,2019-12-06T10:19:16Z
2019,REG,IND,14,00-0035639,WR,Parris Campbell,Parris,Campbell,,,,Hand,,Full Participation in Practice,2019-12-06T10:19:16Z
2019,REG,IND,14,00-0033951,RB,Marlon Mack,Marlon,Mack,,,,Hand,,Full Participation in Practice,2019-12-06T10:19:16Z
2019,REG,IND,14,00-0029608,WR,T.Y. Hilton,T.Y.,Hilton,Calf,,Out,Calf,,Did Not Participate In Practice,2019-12-06T10:26:07Z
2019,REG,IND,14,00-0033393,CB,Kenny Moore,Kenny,Moore,Ankle,,Out,Ankle,,Did Not Participate In Practice,2019-12-06T10:26:26Z
2019,REG,IND,14,00-0016919,K,Adam Vinatieri,Adam,Vinatieri,left Knee,,Out,left Knee,,Did Not Participate In Practice,2019-12-06T10:26:32Z
2019,REG,IND,14,00-0035637,CB,Rock Ya-Sin,Rock,Ya-Sin,Ankle,,Questionable,Ankle,,Did Not Participate In Practice,2019-12-06T10:25:44Z
2019,REG,IND,14,00-0033877,S,Malik Hooker,Malik,Hooker,Foot,,Questionable,Foot,,Full Participation in Practice,2019-12-06T10:25:44Z
2019,REG,JAX,14,00-0032968,LB,Myles Jack,Myles,Jack,,,,Knee,,Did Not Participate In Practice,2019-12-04T11:09:51Z
2019,REG,JAX,14,00-0030228,CB,A.J. Bouye,A.J.,Bouye,,,,Calf,,Full Participation in Practice,2019-12-06T10:13:03Z
2019,REG,JAX,14,00-0026190,DE,Calais Campbell,Calais,Campbell,,,,Back,,Full Participation in Practice,2019-12-06T10:14:03Z
2019,REG,JAX,14,00-0034777,WR,D.J. Chark,D.J.,Chark,,,,Back,,Full Participation in Practice,2019-12-06T10:13:15Z
2019,REG,JAX,14,00-0032128,WR,Chris Conley,Chris,Conley,,,,Ankle,,Full Participation in Practice,2019-12-06T10:13:20Z
2019,REG,JAX,14,00-0030572,CB,D.J. Hayden,D.J.,Hayden,,,,Neck,,Full Participation in Practice,2019-12-06T10:13:27Z
2019,REG,JAX,14,00-0034516,CB,Tre Herndon,Tre,Herndon,,,,Shoulder,,Full Participation in Practice,2019-12-06T10:13:32Z
2019,REG,JAX,14,00-0031369,C,Brandon Linder,Brandon,Linder,,,,Knee,,Full Participation in Practice,2019-12-06T10:13:57Z
2019,REG,JAX,14,00-0033420,LB,Donald Payne,Donald,Payne,,,,Ankle,,Full Participation in Practice,2019-12-06T10:13:03Z
2019,REG,JAX,14,00-0033839,WR,Dede Westbrook,Dede,Westbrook,,,,Not Injury Related,,Full Participation in Practice,2019-12-06T10:13:09Z
2019,REG,JAX,14,00-0033080,TE,Seth DeValve,Seth,DeValve,Oblique,,Doubtful,Oblique,,Full Participation in Practice,2019-12-06T10:14:41Z
2019,REG,JAX,14,00-0034779,S,Ronnie Harrison,Ronnie,Harrison,Concussion,,Questionable,Concussion,,Limited Participation in Practice,2019-12-06T10:14:28Z
2019,REG,KC,14,00-0034301,RB,Darrel Williams,Darrel,Williams,,,,Hamstring,,Did Not Participate In Practice,2019-12-04T14:01:09Z
2019,REG,KC,14,00-0030584,T,Eric Fisher,Eric,Fisher,,,,Groin,,Full Participation in Practice,2019-12-06T12:33:38Z
2019,REG,KC,14,00-0033084,CB,Kendall Fuller,Kendall,Fuller,,,,Thumb,,Full Participation in Practice,2019-12-06T12:33:38Z
2019,REG,KC,14,00-0033040,WR,Tyreek Hill,Tyreek,Hill,,,,Hamstring,,Full Participation in Practice,2019-12-04T14:04:32Z
2019,REG,KC,14,00-0033873,QB,Patrick Mahomes,Patrick,Mahomes,,,,Knee,,Full Participation in Practice,2019-12-06T12:33:38Z
2019,REG,KC,14,00-0034818,DT,Derrick Nnadi,Derrick,Nnadi,,,,Elbow,,Full Participation in Practice,2019-12-06T12:33:38Z
2019,REG,KC,14,00-0030503,DE,Alex Okafor,Alex,Okafor,,,,Ankle,,Full Participation in Practice,2019-12-06T12:33:38Z
2019,REG,KC,14,00-0029676,CB,Morris Claiborne,Morris,Claiborne,Shoulder,,Out,Shoulder,,Did Not Participate In Practice,2019-12-06T12:35:53Z
2019,REG,KC,14,00-0035147,CB,Rashad Fenton,Rashad,Fenton,Hamstring,,Out,Hamstring,,Did Not Participate In Practice,2019-12-06T12:36:04Z
2019,REG,KC,14,00-0030874,RB,Damien Williams,Damien,Williams,Rib,,Out,Rib,,Did Not Participate In Practice,2019-12-06T12:35:47Z
2019,REG,KC,14,00-0032210,DE,Frank Clark,Frank,Clark,Shoulder,Illness,Questionable,Shoulder,Illness,Did Not Participate In Practice,2019-12-06T12:35:24Z
2019,REG,KC,14,00-0032797,S,Jordan Lucas,Jordan,Lucas,Illness,,Questionable,Illness,,Did Not Participate In Practice,2019-12-06T12:35:24Z
2019,REG,LA,14,00-0033945,LB,Samson Ebukam,Samson,Ebukam,,,,Illness,,Did Not Participate In Practice,2019-12-06T14:35:26Z
2019,REG,LA,14,00-0032052,LB,Dante Fowler,Dante,Fowler,,,,Illness,,Did Not Participate In Practice,2019-12-06T14:35:10Z
2019,REG,LA,14,00-0032241,RB,Todd Gurley,Todd,Gurley,,,,Not Injury Related,,Did Not Participate In Practice,2019-12-06T14:34:54Z
2019,REG,LA,14,00-0024270,T,Andrew Whitworth,Andrew,Whitworth,,,,Not Injury Related,,Full Participation in Practice,2019-12-06T14:34:14Z
2019,REG,LA,14,00-0034203,CB,Darious Williams,Darious,Williams,,,,Ankle,,Full Participation in Practice,2019-12-06T14:34:42Z
2019,REG,LA,14,00-0033895,TE,Gerald Everett,Gerald,Everett,Knee,,Out,Knee,,Did Not Participate In Practice,2019-12-06T12:59:45Z
2019,REG,LA,14,00-0032242,T,Rob Havenstein,Rob,Havenstein,Knee,,Doubtful,Knee,,Did Not Participate In Practice,2019-12-06T13:00:00Z
2019,REG,LAC,14,00-0023448,LB,Thomas Davis,Thomas,Davis,,,,Not Injury Related,,Full Participation in Practice,2019-12-06T11:26:53Z
2019,REG,LAC,14,00-0027859,T,Russell Okung,Russell,Okung,,,,Groin,,Full Participation in Practice,2019-12-06T11:26:43Z
2019,REG,LAC,14,00-0033578,T,Sam Tevi,Sam,Tevi,,,,Knee,,Full Participation in Practice,2019-12-06T11:26:43Z
2019,REG,LAC,14,00-0033536,WR,Mike Williams,Mike,Williams,,,,Knee,,Full Participation in Practice,2019-12-06T11:27:02Z
2019,REG,LAC,14,00-0032103,LB,Denzel Perryman,Denzel,Perryman,Not Injury Related,,Out,,,"
    ",2019-12-07T14:55:01Z
2019,REG,LAC,14,00-0035437,CB,Roderic Teamer,Roderic,Teamer,Not Injury Related,,Out,,,"
    ",2019-12-07T14:54:40Z
2019,REG,LAC,14,00-0032081,LB,Nick Dzubnar,Nick,Dzubnar,Concussion,,Questionable,Concussion,,Full Participation in Practice,2019-12-06T11:27:08Z
2019,REG,MIA,14,00-0034797,LB,Jerome Baker,Jerome,Baker,,,,Chest,Jaw,Full Participation in Practice,2019-12-06T10:24:37Z
2019,REG,MIA,14,00-0032875,CB,Ken Crawley,Ken,Crawley,,,,Shoulder,,Full Participation in Practice,2019-12-04T12:00:22Z
2019,REG,MIA,14,00-0033560,T,Julien Davenport,Julien,Davenport,,,,Knee,,Full Participation in Practice,2019-12-06T10:24:26Z
2019,REG,MIA,14,00-0023682,QB,Ryan Fitzpatrick,Ryan,Fitzpatrick,,,,right Shoulder,right Forearm,Full Participation in Practice,2019-12-06T10:24:26Z
2019,REG,MIA,14,00-0035346,CB,Nik Needham,Nik,Needham,,,,Groin,,Full Participation in Practice,2019-12-06T10:25:19Z
2019,REG,MIA,14,00-0034736,S,Steven Parker,Steven,Parker,,,,Groin,,Full Participation in Practice,2019-12-06T10:25:25Z
2019,REG,MIA,14,00-0035318,CB,Ken Webster,Ken,Webster,,,,Ankle,,Full Participation in Practice,2019-12-06T10:25:32Z
2019,REG,MIA,14,00-0030821,WR,Allen Hurns,Allen,Hurns,,,,Ankle,,Limited Participation in Practice,2019-12-06T10:25:05Z
2019,REG,MIA,14,00-0032423,WR,Trevor Davis,Trevor,Davis,Not Injury Related,,Out,,,"
    ",2019-12-07T08:38:47Z
2019,REG,MIA,14,00-0034285,DT,Zach Sieler,Zach,Sieler,Not Injury Related,,Out,,,"
    ",2019-12-07T08:39:05Z
2019,REG,MIN,14,00-0033893,RB,Dalvin Cook,Dalvin,Cook,,,,Chest,,Full Participation in Practice,2019-12-06T11:32:13Z
2019,REG,MIN,14,00-0027701,DE,Everson Griffen,Everson,Griffen,,,,Knee,,Full Participation in Practice,2019-12-06T11:32:20Z
2019,REG,MIN,14,00-0027885,DT,Linval Joseph,Linval,Joseph,,,,Knee,,Full Participation in Practice,2019-12-06T11:32:06Z
2019,REG,MIN,14,00-0029606,S,Harrison Smith,Harrison,Smith,,,,Hamstring,,Full Participation in Practice,2019-12-06T11:31:35Z
2019,REG,MIN,14,00-0031242,DT,Shamar Stephen,Shamar,Stephen,,,,Knee,,Full Participation in Practice,2019-12-06T11:37:15Z
2019,REG,MIN,14,00-0033336,LB,Eric Wilson,Eric,Wilson,,,,Shoulder,,Full Participation in Practice,2019-12-06T11:31:35Z
2019,REG,MIN,14,00-0030035,WR,Adam Thielen,Adam,Thielen,Hamstring,,Doubtful,Hamstring,,Did Not Participate In Practice,2019-12-06T11:37:42Z
2019,REG,MIN,14,00-0029672,T,Riley Reiff,Riley,Reiff,Concussion,,Questionable,Concussion,,Limited Participation in Practice,2019-12-06T11:37:27Z
2019,REG,NE,14,00-0019596,QB,Tom Brady,Tom,Brady,,,,Toe,right Elbow,Full Participation in Practice,2019-12-06T12:57:42Z
2019,REG,NE,14,00-0033104,QB,Cody Kessler,Cody,Kessler,,,,Illness,,Full Participation in Practice,2019-12-06T12:57:51Z
2019,REG,NE,14,00-0035278,DT,Byron Cowart,Byron,Cowart,Head,,Questionable,Head,,Did Not Participate In Practice,2019-12-06T12:57:53Z
2019,REG,NE,14,00-0032445,C,Ted Karras,Ted,Karras,Knee,,Questionable,Knee,,Did Not Participate In Practice,2019-12-06T12:57:53Z
2019,REG,NE,14,00-0034385,LB,Ja'Whaun Bentley,Ja'Whaun,Bentley,Knee,,Questionable,Knee,,Limited Participation in Practice,2019-12-06T12:57:53Z
2019,REG,NE,14,00-0028076,T,Marcus Cannon,Marcus,Cannon,Illness,,Questionable,Illness,,Limited Participation in Practice,2019-12-06T12:57:53Z
2019,REG,NE,14,00-0027010,S,Patrick Chung,Patrick,Chung,Heel,,Questionable,Heel,,Limited Participation in Practice,2019-12-06T12:57:53Z
2019,REG,NE,14,00-0027150,WR,Julian Edelman,Julian,Edelman,Shoulder,,Questionable,Shoulder,,Limited Participation in Practice,2019-12-06T12:57:53Z
2019,REG,NE,14,00-0027136,CB,Jason McCourty,Jason,McCourty,Groin,,Questionable,Groin,,Limited Participation in Practice,2019-12-06T12:57:53Z
2019,REG,NE,14,00-0029632,WR,Mohamed Sanu,Mohamed,Sanu,Ankle,,Questionable,Ankle,,Limited Participation in Practice,2019-12-06T12:57:53Z
2019,REG,NO,14,00-0030401,LB,Kiko Alonso,Kiko,Alonso,Thigh,,Out,Thigh,,Did Not Participate In Practice,2019-12-06T12:33:52Z
2019,REG,NO,14,00-0030463,LB,A.J. Klein,A.J.,Klein,Knee,,Out,Knee,,Did Not Participate In Practice,2019-12-06T12:34:03Z
2019,REG,NO,14,00-0029931,RB,Zach Line,Zach,Line,Knee,,Out,Knee,,Did Not Participate In Practice,2019-12-06T12:34:10Z
2019,REG,NO,14,00-0032203,G,Andrus Peat,Andrus,Peat,Forearm,,Out,Forearm,,Did Not Participate In Practice,2019-12-06T12:34:22Z
2019,REG,NO,14,00-0032689,TE,Jason Vander Laan,Jason,Vander Laan,Head,,Out,Head,,Did Not Participate In Practice,2019-12-06T12:34:33Z
2019,REG,NO,14,00-0034436,C,Will Clapp,Will,Clapp,Elbow,,Questionable,Elbow,,Did Not Participate In Practice,2019-12-06T12:33:46Z
2019,REG,NO,14,00-0027882,CB,Patrick Robinson,Patrick,Robinson,Calf,,Questionable,Calf,,Did Not Participate In Practice,2019-12-06T12:33:46Z
2019,REG,NO,14,00-0030067,T,Terron Armstead,Terron,Armstead,Ankle,,Questionable,Ankle,,Limited Participation in Practice,2019-12-06T12:33:46Z
2019,REG,NYG,14,00-0027955,T,Nate Solder,Nate,Solder,,,,Ankle,,Full Participation in Practice,2019-12-07T09:10:37Z
2019,REG,NYG,14,00-0027891,WR,Golden Tate,Golden,Tate,,,,Concussion,,Full Participation in Practice,2019-12-07T09:10:37Z
2019,REG,NYG,14,00-0029587,TE,Rhett Ellison,Rhett,Ellison,Concussion,,Out,Concussion,,Did Not Participate In Practice,2019-12-07T09:11:24Z
2019,REG,NYG,14,00-0033881,TE,Evan Engram,Evan,Engram,Foot,,Out,Foot,,Did Not Participate In Practice,2019-12-07T09:11:32Z
2019,REG,NYG,14,00-0035710,QB,Daniel Jones,Daniel,Jones,Ankle,,Out,Ankle,,Did Not Participate In Practice,2019-12-07T09:11:39Z
2019,REG,NYG,14,00-0035434,DE,Chris Peace,Chris,Peace,Knee,,Out,Knee,,Did Not Participate In Practice,2019-12-07T09:11:47Z
2019,REG,NYG,14,00-0033883,S,Jabrill Peppers,Jabrill,Peppers,Back,,Out,Back,,Did Not Participate In Practice,2019-12-07T09:12:00Z
2019,REG,NYG,14,00-0035633,CB,Corey Ballentine,Corey,Ballentine,Concussion,,Out,Concussion,,Limited Participation in Practice,2019-12-07T09:11:15Z
2019,REG,NYJ,14,00-0031941,WR,Jamison Crowder,Jamison,Crowder,,,,Knee,,Full Participation in Practice,2019-12-06T13:08:05Z
2019,REG,NYJ,14,00-0034869,QB,Sam Darnold,Sam,Darnold,,,,Knee,left Thumb,Full Participation in Practice,2019-12-06T13:08:05Z
2019,REG,NYJ,14,00-0031076,QB,David Fales,David,Fales,,,,right Elbow,,Full Participation in Practice,2019-12-06T13:08:05Z
2019,REG,NYJ,14,00-0032407,G,Alex Lewis,Alex,Lewis,,,,Elbow,,Full Participation in Practice,2019-12-06T13:08:21Z
2019,REG,NYJ,14,00-0030496,RB,Le'Veon Bell,Le'Veon,Bell,Illness,,Out,Illness,,Did Not Participate In Practice,2019-12-07T16:16:39Z
2019,REG,NYJ,14,00-0032596,CB,Brian Poole,Brian,Poole,Concussion,,Out,Concussion,,Did Not Participate In Practice,2019-12-06T13:09:15Z
2019,REG,NYJ,14,00-0033872,S,Jamal Adams,Jamal,Adams,Ankle,,Doubtful,Ankle,,Did Not Participate In Practice,2019-12-06T13:08:31Z
2019,REG,NYJ,14,00-0035698,T,Chuma Edoga,Chuma,Edoga,Knee,,Doubtful,Knee,,Did Not Participate In Practice,2019-12-06T13:08:37Z
2019,REG,NYJ,14,00-0032496,S,Matthias Farley,Matthias,Farley,Ankle,Rib,Doubtful,Ankle,Rib,Did Not Participate In Practice,2019-12-06T13:08:48Z
2019,REG,NYJ,14,00-0033503,CB,Arthur Maulet,Arthur,Maulet,Calf,,Doubtful,Calf,,Did Not Participate In Practice,2019-12-06T13:08:55Z
2019,REG,NYJ,14,00-0032269,DE,Henry Anderson,Henry,Anderson,Shoulder,,Questionable,Shoulder,,Limited Participation in Practice,2019-12-06T13:08:25Z
2019,REG,NYJ,14,00-0029316,T,Kelvin Beachum,Kelvin,Beachum,Ankles,,Questionable,Ankles,,Limited Participation in Practice,2019-12-06T13:08:25Z
2019,REG,NYJ,14,00-0032438,CB,Maurice Canady,Maurice,Canady,Illness,Quadricep,Questionable,Illness,Quadricep,Limited Participation in Practice,2019-12-06T13:08:25Z
2019,REG,NYJ,14,00-0030108,TE,Ryan Griffin,Ryan,Griffin,Illness,,Questionable,Illness,,Limited Participation in Practice,2019-12-06T13:08:25Z
2019,REG,NYJ,14,00-0026564,DT,Steve McLendon,Steve,McLendon,Knee,Hip,Questionable,Knee,Hip,Limited Participation in Practice,2019-12-06T13:08:25Z
2019,REG,NYJ,14,00-0027874,WR,Demaryius Thomas,Demaryius,Thomas,Hamstring,,Questionable,Hamstring,,Limited Participation in Practice,2019-12-06T13:08:25Z
2019,REG,NYJ,14,00-0029792,LB,Paul Worrilow,Paul,Worrilow,Quadricep,,Questionable,Quadricep,,Limited Participation in Practice,2019-12-06T13:08:25Z
2019,REG,OAK,14,00-0027993,C,Rodney Hudson,Rodney,Hudson,,,,Ankle,,Limited Participation in Practice,2019-12-06T12:48:38Z
2019,REG,OAK,14,00-0031367,G,Gabe Jackson,Gabe,Jackson,,,,Knee,,Limited Participation in Practice,2019-12-06T12:48:49Z
2019,REG,OAK,14,00-0031389,S,Lamarcus Joyner,Lamarcus,Joyner,,,,Hamstring,,Limited Participation in Practice,2019-12-06T12:48:38Z
2019,REG,OAK,14,00-0032071,T,Trenton Brown,Trenton,Brown,Pectoral,,Out,Pectoral,,Did Not Participate In Practice,2019-12-06T12:49:08Z
2019,REG,OAK,14,00-0034983,WR,Hunter Renfrow,Hunter,Renfrow,Rib,,Out,Rib,,Did Not Participate In Practice,2019-12-06T12:49:19Z
2019,REG,OAK,14,00-0029647,LB,Kyle Wilber,Kyle,Wilber,Ankle,,Out,Ankle,,Did Not Participate In Practice,2019-12-06T12:49:25Z
2019,REG,OAK,14,00-0035700,RB,Josh Jacobs,Josh,Jacobs,Shoulder,,Questionable,Shoulder,,Limited Participation in Practice,2019-12-06T12:48:59Z
2019,REG,OAK,14,00-0033956,LB,Marquel Lee,Marquel,Lee,Toe,,Questionable,Toe,,Limited Participation in Practice,2019-12-06T15:06:24Z
2019,REG,PHI,14,00-0030561,T,Lane Johnson,Lane,Johnson,,,,Not Injury Related,,Did Not Participate In Practice,2019-12-07T12:14:41Z
2019,REG,PHI,14,00-0032437,LB,Kamu Grugier-Hill,Kamu,Grugier-Hill,Concussion,,Out,Concussion,,Did Not Participate In Practice,2019-12-07T12:17:50Z
2019,REG,PHI,14,00-0031549,WR,Nelson Agholor,Nelson,Agholor,Knee,,Questionable,Knee,,Did Not Participate In Practice,2019-12-07T12:17:40Z
2019,REG,PHI,14,00-0033876,DE,Derek Barnett,Derek,Barnett,Ankle,,Questionable,Ankle,,Did Not Participate In Practice,2019-12-07T12:17:40Z
2019,REG,PHI,14,00-0032780,RB,Jordan Howard,Jordan,Howard,Shoulder,,Questionable,Shoulder,,Limited Participation in Practice,2019-12-07T12:17:40Z
2019,REG,PIT,14,00-0026561,G,Ramon Foster,Ramon,Foster,,,,Not Injury Related,,Full Participation in Practice,2019-12-06T11:21:35Z
2019,REG,PIT,14,00-0035216,WR,Diontae Johnson,Diontae,Johnson,,,,Illness,,Full Participation in Practice,2019-12-06T11:21:04Z
2019,REG,PIT,14,00-0030470,TE,Vance McDonald,Vance,McDonald,,,,Not Injury Related,,Full Participation in Practice,2019-12-06T11:21:04Z
2019,REG,PIT,14,00-0029670,LB,Mark Barron,Mark,Barron,,,,Knee,,Limited Participation in Practice,2019-12-06T11:21:27Z
2019,REG,PIT,14,00-0033857,WR,JuJu Smith-Schuster,JuJu,Smith-Schuster,Knee,,Out,Knee,,Did Not Participate In Practice,2019-12-06T11:27:51Z
2019,REG,PIT,14,00-0033553,RB,James Conner,James,Conner,Shoulder,,Out,Shoulder,,Limited Participation in Practice,2019-12-06T11:28:04Z
2019,REG,SEA,14,00-0033024,DE,Branden Jackson,Branden,Jackson,,,,Illness,,Did Not Participate In Practice,2019-12-06T14:49:22Z
2019,REG,SEA,14,00-0033387,TE,Jacob Hollister,Jacob,Hollister,,,,Quadricep,,Full Participation in Practice,2019-12-06T14:48:44Z
2019,REG,SEA,14,00-0027869,G,Mike Iupati,Mike,Iupati,,,,Neck,,Full Participation in Practice,2019-12-06T14:48:44Z
2019,REG,SEA,14,00-0026166,T,Duane Brown,Duane,Brown,,,,Biceps,Knee,Limited Participation in Practice,2019-12-06T14:48:57Z
2019,REG,SEA,14,00-0029329,CB,Neiko Thorpe,Neiko,Thorpe,Core,,Out,Core,,Did Not Participate In Practice,2019-12-06T12:51:11Z
2019,REG,SEA,14,00-0028292,RB,Nick Bellore,Nick,Bellore,Quadricep,,Doubtful,Quadricep,,Did Not Participate In Practice,2019-12-06T12:51:30Z
2019,REG,SEA,14,00-0029409,LB,Mychal Kendricks,Mychal,Kendricks,Hamstring,,Doubtful,Hamstring,,Did Not Participate In Practice,2019-12-06T12:52:17Z
2019,REG,SEA,14,00-0030089,TE,Luke Willson,Luke,Willson,Hamstring,,Doubtful,Hamstring,,Did Not Participate In Practice,2019-12-06T12:52:01Z
2019,REG,SEA,14,00-0031364,DE,Jadeveon Clowney,Jadeveon,Clowney,Core,,Questionable,Core,,Full Participation in Practice,2019-12-06T12:52:33Z
2019,REG,SEA,14,00-0030059,DE,Ezekiel Ansah,Ezekiel,Ansah,Neck,,Questionable,Neck,,Limited Participation in Practice,2019-12-06T12:52:43Z
2019,REG,SF,14,00-0032164,DE,Arik Armstead,Arik,Armstead,,,,Not Injury Related,,Full Participation in Practice,2019-12-06T11:45:30Z
2019,REG,SF,14,00-0033308,RB,Matt Breida,Matt,Breida,,,,Ankle,,Full Participation in Practice,2019-12-06T11:44:52Z
2019,REG,SF,14,00-0031297,DE,Dee Ford,Dee,Ford,,,,Quadricep,Hamstring,Full Participation in Practice,2019-12-06T11:45:59Z
2019,REG,SF,14,00-0033297,DT,D.J. Jones,D.J.,Jones,,,,Ankle,,Full Participation in Practice,2019-12-06T11:44:52Z
2019,REG,SF,14,00-0033288,TE,George Kittle,George,Kittle,,,,Knee,Ankle,Full Participation in Practice,2019-12-06T11:46:12Z
2019,REG,SF,14,00-0035719,WR,Deebo Samuel,Deebo,Samuel,,,,Shoulder,,Full Participation in Practice,2019-12-06T11:44:52Z
2019,REG,SF,14,00-0027685,WR,Emmanuel Sanders,Emmanuel,Sanders,,,,Ribs,,Full Participation in Practice,2019-12-06T11:44:52Z
2019,REG,SF,14,00-0028092,CB,Richard Sherman,Richard,Sherman,,,,Knee,,Full Participation in Practice,2019-12-06T11:46:37Z
2019,REG,SF,14,00-0032057,S,Jaquiski Tartt,Jaquiski,Tartt,Ribs,,Out,Ribs,,Did Not Participate In Practice,2019-12-06T11:48:36Z
2019,REG,SF,14,00-0034283,DT,Jullian Taylor,Jullian,Taylor,Elbow,,Out,Elbow,,Did Not Participate In Practice,2019-12-06T11:48:45Z
2019,REG,SF,14,00-0030068,WR,Marquise Goodwin,Marquise,Goodwin,Knee,Foot,Questionable,Knee,Foot,Limited Participation in Practice,2019-12-06T11:47:51Z
2019,REG,SF,14,00-0034860,WR,Dante Pettis,Dante,Pettis,Knee,,Questionable,Knee,,Limited Participation in Practice,2019-12-06T11:47:51Z
2019,REG,SF,14,00-0025415,T,Joe Staley,Joe,Staley,Finger,,Questionable,Finger,,Limited Participation in Practice,2019-12-06T11:47:51Z
2019,REG,TB,14,00-0032217,T,Donovan Smith,Donovan,Smith,,,,Not Injury Related,,Did Not Participate In Practice,2019-12-06T11:25:38Z
2019,REG,TB,14,00-0027855,DT,Ndamukong Suh,Ndamukong,Suh,,,,Not Injury Related,,Did Not Participate In Practice,2019-12-06T11:25:54Z
2019,REG,TB,14,00-0026814,T,Demar Dotson,Demar,Dotson,,,,Not Injury Related,,Full Participation in Practice,2019-12-06T11:24:52Z
2019,REG,TB,14,00-0033921,WR,Chris Godwin,Chris,Godwin,,,,Shin,,Full Participation in Practice,2019-12-06T11:24:52Z
2019,REG,TB,14,00-0031957,DT,Rakeem Nunez-Roches,Rakeem,Nunez-Roches,,,,Not Injury Related,,Full Participation in Practice,2019-12-06T11:24:52Z
2019,REG,TB,14,00-0027867,LB,Jason Pierre-Paul,Jason,Pierre-Paul,,,,Knee,,Full Participation in Practice,2019-12-06T11:25:16Z
2019,REG,TB,14,00-0031503,QB,Jameis Winston,Jameis,Winston,,,,Knee,,Full Participation in Practice,2019-12-06T11:24:52Z
2019,REG,TB,14,00-0034678,G,Alex Cappa,Alex,Cappa,Elbow,,Out,Elbow,,Did Not Participate In Practice,2019-12-06T11:26:31Z
2019,REG,TB,14,00-0035298,WR,Scott Miller,Scott,Miller,Hamstring,,Out,Hamstring,,Did Not Participate In Practice,2019-12-06T11:27:07Z
2019,REG,TB,14,00-0035254,LB,Anthony Nelson,Anthony,Nelson,Hamstring,,Out,Hamstring,,Did Not Participate In Practice,2019-12-06T11:27:13Z
2019,REG,TB,14,00-0033789,RB,T.J. Logan,T.J.,Logan,Thumb,,Out,Thumb,,Limited Participation in Practice,2019-12-06T11:27:38Z
2019,REG,TB,14,00-0035699,CB,Jamel Dean,Jamel,Dean,Shoulder,,Questionable,Shoulder,,Full Participation in Practice,2019-12-06T11:26:23Z
2019,REG,TB,14,00-0034355,CB,M.J. Stewart,M.J.,Stewart,Knee,,Questionable,Knee,,Full Participation in Practice,2019-12-06T11:26:23Z
2019,REG,TEN,14,00-0028015,DT,Jurrell Casey,Jurrell,Casey,,,,Not Injury Related,,Did Not Participate In Practice,2019-12-06T11:47:56Z
2019,REG,TEN,14,00-0035676,WR,A.J. Brown,A.J.,Brown,,,,Calf,,Full Participation in Practice,2019-12-06T11:48:03Z
2019,REG,TEN,14,00-0033871,WR,Corey Davis,Corey,Davis,,,,Not Injury Related,,Full Participation in Practice,2019-12-06T11:47:56Z
2019,REG,TEN,14,00-0032764,RB,Derrick Henry,Derrick,Henry,,,,Hamstring,,Full Participation in Practice,2019-12-06T11:48:15Z
2019,REG,TEN,14,00-0029413,C,Ben Jones,Ben,Jones,,,,Thumb,,Full Participation in Practice,2019-12-06T11:48:27Z
2019,REG,TEN,14,00-0035521,LB,Derick Roberson,Derick,Roberson,Illness,,Out,,,"
    ",2019-12-07T16:19:10Z
2019,REG,TEN,14,00-0029794,LB,Daren Bates,Daren,Bates,Shoulder,,Out,Shoulder,,Did Not Participate In Practice,2019-12-06T11:49:08Z
2019,REG,TEN,14,00-0032009,WR,Adam Humphries,Adam,Humphries,Ankle,,Out,Ankle,,Did Not Participate In Practice,2019-12-06T11:49:51Z
2019,REG,TEN,14,00-0033878,CB,Adoree' Jackson,Adoree',Jackson,Foot,,Out,Foot,,Did Not Participate In Practice,2019-12-06T11:49:59Z
2019,REG,TEN,14,00-0032783,CB,LeShaun Sims,LeShaun,Sims,Ankle,,Out,Ankle,,Did Not Participate In Practice,2019-12-06T11:50:15Z
2019,REG,TEN,14,00-0032778,WR,Tajae Sharpe,Tajae,Sharpe,Hamstring,,Questionable,Hamstring,,Limited Participation in Practice,2019-12-06T11:49:00Z
2019,REG,WAS,14,00-0033525,LB,Ryan Anderson,Ryan,Anderson,,,,Shoulder,,Full Participation in Practice,2019-12-06T09:59:54Z
2019,REG,WAS,14,00-0035286,LB,Cole Holcomb,Cole,Holcomb,,,,Thumb,,Full Participation in Practice,2019-12-06T09:59:57Z
2019,REG,WAS,14,00-0027954,LB,Ryan Kerrigan,Ryan,Kerrigan,,,,Concussion,,Full Participation in Practice,2019-12-06T09:59:40Z
2019,REG,WAS,14,00-0031330,T,Morgan Moses,Morgan,Moses,,,,Back,,Full Participation in Practice,2019-12-06T10:00:02Z
2019,REG,WAS,14,00-0033527,S,Montae Nicholson,Montae,Nicholson,,,,Ankle,,Full Participation in Practice,2019-12-06T09:59:40Z
2019,REG,WAS,14,00-0025394,RB,Adrian Peterson,Adrian,Peterson,,,,Toe,,Full Participation in Practice,2019-12-06T10:00:08Z
2019,REG,WAS,14,00-0032053,G,Brandon Scherff,Brandon,Scherff,,,,Shoulder,,Full Participation in Practice,2019-12-06T10:00:14Z
2019,REG,WAS,14,00-0035647,LB,Montez Sweat,Montez,Sweat,,,,Quadricep,,Full Participation in Practice,2019-12-06T10:00:19Z
2019,REG,WAS,14,00-0030404,RB,Chris Thompson,Chris,Thompson,,,,Toe,,Full Participation in Practice,2019-12-06T09:59:40Z
2019,REG,WAS,14,00-0031844,S,Deshazor Everett,Deshazor,Everett,Shoulder,,Out,Shoulder,,Did Not Participate In Practice,2019-12-06T10:00:39Z
2019,REG,WAS,14,00-0034339,WR,Trey Quinn,Trey,Quinn,Concussion,,Out,Concussion,,Did Not Participate In Practice,2019-12-06T10:00:47Z
2019,REG,WAS,14,00-0031257,WR,Paul Richardson,Paul,Richardson,Hamstring,,Out,Hamstring,,Did Not Participate In Practice,2019-12-06T10:00:51Z
2019,REG,ARI,15,00-0022161,LB,Terrell Suggs,Terrell,Suggs,,,,Back,Illness,Did Not Participate In Practice,2019-12-12T13:16:03Z
2019,REG,ARI,15,00-0033890,S,Budda Baker,Budda,Baker,,,,Hamstring,,Full Participation in Practice,2019-12-13T12:48:27Z
2019,REG,ARI,15,00-0034785,C,Mason Cole,Mason,Cole,,,,Knee,,Full Participation in Practice,2019-12-13T12:48:32Z
2019,REG,ARI,15,00-0033258,TE,Darrell Daniels,Darrell,Daniels,,,,Chest,,Full Participation in Practice,2019-12-13T12:47:51Z
2019,REG,ARI,15,00-0022921,WR,Larry Fitzgerald,Larry,Fitzgerald,,,,Not Injury Related,,Full Participation in Practice,2019-12-13T12:47:51Z
2019,REG,ARI,15,00-0034775,WR,Christian Kirk,Christian,Kirk,,,,Ankle,,Full Participation in Practice,2019-12-13T12:48:42Z
2019,REG,ARI,15,00-0035236,CB,Byron Murphy,Byron,Murphy,,,,Calf,,Full Participation in Practice,2019-12-13T12:47:51Z
2019,REG,ARI,15,00-0027686,DT,Corey Peters,Corey,Peters,,,,Not Injury Related,,Full Participation in Practice,2019-12-13T12:47:51Z
2019,REG,ARI,15,00-0029146,G,J.R. Sweezy,J.R.,Sweezy,,,,Illness,,Full Participation in Practice,2019-12-13T12:48:55Z
2019,REG,ARI,15,00-0031558,TE,Maxx Williams,Maxx,Williams,,,,Knee,,Full Participation in Practice,2019-12-13T12:49:02Z
2019,REG,ARI,15,00-0035527,WR,Andy Isabella,Andy,Isabella,Shoulder,,Questionable,Shoulder,,Limited Participation in Practice,2019-12-13T12:49:32Z
2019,REG,ARI,15,00-0032848,CB,Kevin Peterson,Kevin,Peterson,Shoulder,,Questionable,Shoulder,,Limited Participation in Practice,2019-12-13T12:49:32Z
2019,REG,ARI,15,00-0030585,G,Justin Pugh,Justin,Pugh,Back,,Questionable,Back,,Limited Participation in Practice,2019-12-13T12:49:32Z
2019,REG,ARI,15,00-0032809,LB,Joe Walker,Joe,Walker,Ribs,,Questionable,Ribs,,Limited Participation in Practice,2019-12-13T12:49:32Z
2019,REG,ATL,15,00-0032401,LB,De'Vondre Campbell,De'Vondre,Campbell,,,,Calf,,Full Participation in Practice,2019-12-13T14:53:36Z
2019,REG,ATL,15,00-0027958,DE,Adrian Clayborn,Adrian,Clayborn,,,,Back,,Full Participation in Practice,2019-12-13T14:53:44Z
2019,REG,ATL,15,00-0031285,RB,Devonta Freeman,Devonta,Freeman,,,,Knee,,Full Participation in Practice,2019-12-13T14:53:48Z
2019,REG,ATL,15,00-0027944,WR,Julio Jones,Julio,Jones,,,,Shoulder,,Full Participation in Practice,2019-12-13T14:53:54Z
2019,REG,ATL,15,00-0026997,C,Alex Mack,Alex,Mack,,,,Not Injury Related,,Full Participation in Practice,2019-12-13T14:54:01Z
2019,REG,ATL,15,00-0032592,S,Sharrod Neasman,Sharrod,Neasman,,,,Shoulder,,Full Participation in Practice,2019-12-13T14:53:32Z
2019,REG,ATL,15,00-0032432,G,Wes Schweitzer,Wes,Schweitzer,,,,Shoulder,,Full Participation in Practice,2019-12-13T14:54:09Z
2019,REG,ATL,15,00-0028024,DE,Allen Bailey,Allen,Bailey,Not Injury Related,,Out,Not Injury Related,,Did Not Participate In Practice,2019-12-13T13:09:10Z
2019,REG,ATL,15,00-0027963,G,James Carpenter,James,Carpenter,Concussion,,Out,Concussion,,Did Not Participate In Practice,2019-12-13T13:08:55Z
2019,REG,ATL,15,00-0032147,T,Ty Sambrailo,Ty,Sambrailo,Hamstring,,Out,Hamstring,,Did Not Participate In Practice,2019-12-13T13:09:26Z
2019,REG,ATL,15,00-0034357,CB,Isaiah Oliver,Isaiah,Oliver,Shoulder,,Questionable,Shoulder,,Full Participation in Practice,2019-12-13T13:09:53Z
2019,REG,BAL,15,00-0027966,RB,Mark Ingram,Mark,Ingram,,,,Not Injury Related,,Full Participation in Practice,2019-12-11T11:05:15Z
2019,REG,BAL,15,00-0027866,S,Earl Thomas,Earl,Thomas,,,,Not Injury Related,,Full Participation in Practice,2019-12-11T11:06:09Z
2019,REG,BAL,15,00-0030511,DT,Brandon Williams,Brandon,Williams,,,,Not Injury Related,,Full Participation in Practice,2019-12-11T11:06:22Z
2019,REG,BAL,15,00-0034787,LB,Chris Board,Chris,Board,Concussion,,Out,Concussion,,Did Not Participate In Practice,2019-12-11T11:07:01Z
2019,REG,BAL,15,00-0032965,T,Ronnie Stanley,Ronnie,Stanley,Concussion,,Doubtful,Concussion,,Did Not Participate In Practice,2019-12-11T11:07:11Z
2019,REG,BAL,15,00-0034796,QB,Lamar Jackson,Lamar,Jackson,Quadricep,,Questionable,Quadricep,,Full Participation in Practice,2019-12-11T11:06:55Z
2019,REG,BAL,15,00-0033046,DT,Jihad Ward,Jihad,Ward,Elbow,,Questionable,Elbow,,Full Participation in Practice,2019-12-11T11:06:55Z
2019,REG,BAL,15,00-0034753,TE,Mark Andrews,Mark,Andrews,Knee,,Questionable,Knee,,Limited Participation in Practice,2019-12-11T11:06:55Z
2019,REG,BAL,15,00-0027539,S,Anthony Levine,Anthony,Levine,Ankle,,Questionable,Ankle,,Limited Participation in Practice,2019-12-11T11:06:55Z
2019,REG,BUF,15,00-0023259,LB,Lorenzo Alexander,Lorenzo,Alexander,,,,Rest,,Full Participation in Practice,2019-12-13T10:35:03Z
2019,REG,BUF,15,00-0023500,RB,Frank Gore,Frank,Gore,,,,Illness,,Full Participation in Practice,2019-12-13T10:35:42Z
2019,REG,BUF,15,00-0027881,DE,Jerry Hughes,Jerry,Hughes,,,,Rest,,Full Participation in Practice,2019-12-13T10:35:23Z
2019,REG,BUF,15,00-0031557,DT,Jordan Phillips,Jordan,Phillips,,,,Knee,,Full Participation in Practice,2019-12-13T10:36:14Z
2019,REG,BUF,15,00-0029709,T,Ty Nsekhe,Ty,Nsekhe,Ankle,,Out,Ankle,,Did Not Participate In Practice,2019-12-13T10:36:43Z
2019,REG,BUF,15,00-0032151,G,Jon Feliciano,Jon,Feliciano,Illness,,Questionable,Illness,,Did Not Participate In Practice,2019-12-13T10:36:26Z
2019,REG,BUF,15,00-0027956,DT,Corey Liuget,Corey,Liuget,Knee,,Questionable,Knee,,Limited Participation in Practice,2019-12-13T10:36:26Z
2019,REG,CAR,15,00-0033280,RB,Christian McCaffrey,Christian,McCaffrey,,,,Not Injury Related,,Full Participation in Practice,2019-12-13T11:27:34Z
2019,REG,CAR,15,00-0027856,DT,Gerald McCoy,Gerald,McCoy,,,,Knee,,Full Participation in Practice,2019-12-13T11:27:34Z
2019,REG,CAR,15,00-0031550,LB,Shaq Thompson,Shaq,Thompson,,,,Ankle,,Full Participation in Practice,2019-12-13T11:27:34Z
2019,REG,CAR,15,00-0031362,G,Trai Turner,Trai,Turner,,,,Not Injury Related,,Full Participation in Practice,2019-12-13T11:27:34Z
2019,REG,CAR,15,00-0034382,LB,Marquis Haynes,Marquis,Haynes,Knee,,Out,Knee,,Did Not Participate In Practice,2019-12-13T11:28:37Z
2019,REG,CAR,15,00-0035694,T,Greg Little,Greg,Little,Ankle,,Out,Ankle,,Did Not Participate In Practice,2019-12-13T11:28:44Z
2019,REG,CAR,15,00-0025418,TE,Greg Olsen,Greg,Olsen,Concussion,,Out,Concussion,,Limited Participation in Practice,2019-12-13T11:29:16Z
2019,REG,CAR,15,00-0035558,T,Garrett McGhin,Garrett,McGhin,Ankle,,Doubtful,Ankle,,Limited Participation in Practice,2019-12-13T11:28:53Z
2019,REG,CAR,15,00-0030548,S,Eric Reid,Eric,Reid,Illness,,Questionable,Shoulder,,Full Participation in Practice,2019-12-14T09:38:29Z
2019,REG,CAR,15,00-0028339,LB,Mario Addison,Mario,Addison,Chest,,Questionable,Chest,,Limited Participation in Practice,2019-12-13T11:28:32Z
2019,REG,CHI,15,00-0027957,CB,Prince Amukamara,Prince,Amukamara,,,,Hamstring,,Full Participation in Practice,2019-12-13T11:25:14Z
2019,REG,CHI,15,00-0030578,WR,Cordarrelle Patterson,Cordarrelle,Patterson,,,,Head,,Full Participation in Practice,2019-12-13T11:25:27Z
2019,REG,CHI,15,00-0034387,DT,Bilal Nichols,Bilal,Nichols,,,,Knee,,Limited Participation in Practice,2019-12-13T11:25:56Z
2019,REG,CHI,15,00-0032661,TE,Ben Braunecker,Ben,Braunecker,Concussion,,Out,Concussion,,Did Not Participate In Practice,2019-12-13T11:26:24Z
2019,REG,CHI,15,00-0031228,WR,Taylor Gabriel,Taylor,Gabriel,Concussion,,Out,Concussion,,Did Not Participate In Practice,2019-12-13T11:26:30Z
2019,REG,CHI,15,00-0029528,T,Bobby Massie,Bobby,Massie,Ankle,,Out,Ankle,,Did Not Participate In Practice,2019-12-13T11:26:35Z
2019,REG,CHI,15,00-0029577,LB,Danny Trevathan,Danny,Trevathan,Elbow,,Out,Elbow,,Did Not Participate In Practice,2019-12-13T11:26:41Z
2019,REG,CHI,15,00-0032667,DT,Roy Robertson-Harris,Roy,Robertson-Harris,Foot,,Questionable,Foot,,Limited Participation in Practice,2019-12-13T11:25:59Z
2019,REG,CHI,15,00-0034426,WR,Javon Wims,Javon,Wims,Knee,,Questionable,Knee,,Limited Participation in Practice,2019-12-13T11:25:59Z
2019,REG,CIN,15,00-0027720,DT,Geno Atkins,Geno,Atkins,,,,Not Injury Related,,Full Participation in Practice,2019-12-13T10:47:59Z
2019,REG,CIN,15,00-0027662,DE,Carlos Dunlap,Carlos,Dunlap,,,,Not Injury Related,,Full Participation in Practice,2019-12-13T10:49:20Z
2019,REG,CIN,15,00-0030549,TE,Tyler Eifert,Tyler,Eifert,,,,Not Injury Related,,Full Participation in Practice,2019-12-13T10:47:59Z
2019,REG,CIN,15,00-0034834,DE,Sam Hubbard,Sam,Hubbard,,,,Knee,,Full Participation in Practice,2019-12-13T10:49:29Z
2019,REG,CIN,15,00-0033460,WR,John Ross,John,Ross,,,,Foot,,Full Participation in Practice,2019-12-13T10:47:59Z
2019,REG,CIN,15,00-0027942,WR,A.J. Green,A.J.,Green,Ankle,,Out,Ankle,,Did Not Participate In Practice,2019-12-13T10:51:14Z
2019,REG,CIN,15,00-0035260,DT,Renell Wren,Renell,Wren,Hip,,Out,Hip,,Did Not Participate In Practice,2019-12-13T10:51:19Z
2019,REG,CIN,15,00-0031380,CB,Darqueze Dennard,Darqueze,Dennard,Illness,,Questionable,Illness,,Did Not Participate In Practice,2019-12-13T10:50:52Z
2019,REG,CLE,15,00-0030155,TE,Demetrius Harris,Demetrius,Harris,,,,Shoulder,,Full Participation in Practice,2019-12-13T10:53:13Z
2019,REG,CLE,15,00-0034253,RB,Dontrell Hilliard,Dontrell,Hilliard,,,,Knee,,Full Participation in Practice,2019-12-13T10:53:13Z
2019,REG,CLE,15,00-0034854,WR,KhaDarel Hodge,KhaDarel,Hodge,,,,Achilles,,Full Participation in Practice,2019-12-13T10:53:13Z
2019,REG,CLE,15,00-0031382,WR,Jarvis Landry,Jarvis,Landry,,,,Hip,,Full Participation in Practice,2019-12-13T10:53:21Z
2019,REG,CLE,15,00-0033885,TE,David Njoku,David,Njoku,,,,Knee,,Full Participation in Practice,2019-12-13T10:53:13Z
2019,REG,CLE,15,00-0032251,S,Damarious Randall,Damarious,Randall,,,,Illness,,Full Participation in Practice,2019-12-13T10:53:45Z
2019,REG,CLE,15,00-0035646,LB,Sione Takitaki,Sione,Takitaki,,,,Illness,,Full Participation in Practice,2019-12-13T10:53:13Z
2019,REG,CLE,15,00-0034856,CB,Denzel Ward,Denzel,Ward,,,,Ankle,,Full Participation in Practice,2019-12-13T10:53:13Z
2019,REG,CLE,15,00-0035638,CB,Greedy Williams,Greedy,Williams,,,,Shoulder,,Full Participation in Practice,2019-12-13T10:53:13Z
2019,REG,CLE,15,00-0031235,WR,Odell Beckham,Odell,Beckham,,,,Groin,,Limited Participation in Practice,2019-12-13T10:53:13Z
2019,REG,CLE,15,00-0033038,S,Eric Murray,Eric,Murray,Knee,,Out,Knee,,Limited Participation in Practice,2019-12-13T10:54:15Z
2019,REG,CLE,15,00-0029693,DE,Olivier Vernon,Olivier,Vernon,Knee,,Out,Knee,,Limited Participation in Practice,2019-12-13T10:55:36Z
2019,REG,CLE,15,00-0030076,C,J.C. Tretter,J.C.,Tretter,Knee,,Questionable,Knee,,Did Not Participate In Practice,2019-12-13T10:53:59Z
2019,REG,CLE,15,00-0029963,T,Christopher Hubbard,Christopher,Hubbard,Knee,,Questionable,Knee,,Limited Participation in Practice,2019-12-13T10:53:59Z
2019,REG,DAL,15,00-0026618,DE,Michael Bennett,Michael,Bennett,,,,Foot,,Did Not Participate In Practice,2019-12-13T12:36:27Z
2019,REG,DAL,15,00-0031534,T,La'el Collins,La'el,Collins,,,,Knee,,Full Participation in Practice,2019-12-13T12:37:00Z
2019,REG,DAL,15,00-0031544,WR,Amari Cooper,Amari,Cooper,,,,Knee,,Full Participation in Practice,2019-12-13T12:36:21Z
2019,REG,DAL,15,00-0030196,S,Jeff Heath,Jeff,Heath,,,,Shoulder,Shoulder,Full Participation in Practice,2019-12-13T12:36:21Z
2019,REG,DAL,15,00-0032239,CB,Byron Jones,Byron,Jones,,,,Hip,,Full Participation in Practice,2019-12-13T12:37:07Z
2019,REG,DAL,15,00-0028664,P,Chris Jones,Chris,Jones,,,,Abdomen,,Full Participation in Practice,2019-12-13T12:37:12Z
2019,REG,DAL,15,00-0031402,G,Zack Martin,Zack,Martin,,,,Elbow,Ankle,Full Participation in Practice,2019-12-13T12:37:29Z
2019,REG,DAL,15,00-0035261,RB,Tony Pollard,Tony,Pollard,,,,Ankle,,Full Participation in Practice,2019-12-13T12:36:21Z
2019,REG,DAL,15,00-0033077,QB,Dak Prescott,Dak,Prescott,,,,right Hand,left Hand,Full Participation in Practice,2019-12-13T12:36:21Z
2019,REG,DAL,15,00-0027947,T,Tyron Smith,Tyron,Smith,,,,Achilles,,Full Participation in Practice,2019-12-13T12:36:21Z
2019,REG,DAL,15,00-0033083,S,Darian Thompson,Darian,Thompson,,,,Biceps,,Full Participation in Practice,2019-12-13T12:36:21Z
2019,REG,DAL,15,00-0032871,DT,Antwaun Woods,Antwaun,Woods,,,,Knee,,Full Participation in Practice,2019-12-13T12:37:38Z
2019,REG,DAL,15,00-0034674,LB,Leighton Vander Esch,Leighton,Vander Esch,Neck,,Out,Neck,,Did Not Participate In Practice,2019-12-13T12:38:40Z
2019,REG,DAL,15,00-0035548,WR,Ventell Bryant,Ventell,Bryant,Knee,,Questionable,Knee,,Did Not Participate In Practice,2019-12-13T12:38:06Z
2019,REG,DAL,15,00-0027663,LB,Sean Lee,Sean,Lee,Pectoral,Thigh,Questionable,Pectoral,Thigh,Did Not Participate In Practice,2019-12-13T12:38:06Z
2019,REG,DEN,15,00-0031258,LB,Jeremiah Attaochu,Jeremiah,Attaochu,,,,Foot,,Full Participation in Practice,2019-12-13T12:15:21Z
2019,REG,DEN,15,00-0034887,LB,A.J. Johnson,A.J.,Johnson,,,,Knee,,Full Participation in Practice,2019-12-13T12:16:50Z
2019,REG,DEN,15,00-0027940,LB,Von Miller,Von,Miller,,,,Knee,,Full Participation in Practice,2019-12-13T12:16:21Z
2019,REG,DEN,15,00-0032958,S,Will Parks,Will,Parks,,,,Hand,,Full Participation in Practice,2019-12-13T12:15:11Z
2019,REG,DEN,15,00-0033375,WR,Tim Patrick,Tim,Patrick,,,,Shoulder,,Full Participation in Practice,2019-12-13T12:15:11Z
2019,REG,DEN,15,00-0029890,DT,Mike Purcell,Mike,Purcell,,,,Shoulder,Knee,Full Participation in Practice,2019-12-13T12:16:28Z
2019,REG,DEN,15,00-0034954,LB,Malik Reed,Malik,Reed,,,,Ankle,,Full Participation in Practice,2019-12-13T12:15:11Z
2019,REG,DEN,15,00-0035702,G,Dalton Risner,Dalton,Risner,,,,Ankle,,Full Participation in Practice,2019-12-13T12:15:11Z
2019,REG,DEN,15,00-0034956,LB,Josh Watson,Josh,Watson,,,,Foot,,Full Participation in Practice,2019-12-13T12:15:11Z
2019,REG,DEN,15,00-0034780,CB,Isaac Yiadom,Isaac,Yiadom,,,,Shoulder,,Full Participation in Practice,2019-12-13T12:16:12Z
2019,REG,DEN,15,00-0033064,DE,Adam Gotsis,Adam,Gotsis,Knee,,Out,Knee,,Did Not Participate In Practice,2019-12-13T12:17:10Z
2019,REG,DEN,15,00-0031417,T,Ja'Wuan James,Ja'Wuan,James,Knee,,Out,Knee,,Did Not Participate In Practice,2019-12-13T12:17:14Z
2019,REG,DEN,15,00-0029010,G,Ronald Leary,Ronald,Leary,Concussion,,Out,Concussion,,Did Not Participate In Practice,2019-12-13T12:17:23Z
2019,REG,DEN,15,00-0033782,DE,DeMarcus Walker,DeMarcus,Walker,Ankle,,Out,Ankle,,Did Not Participate In Practice,2019-12-13T12:17:43Z
2019,REG,DEN,15,00-0035593,WR,Juwann Winfree,Juwann,Winfree,Hamstring,,Out,Hamstring,,Did Not Participate In Practice,2019-12-13T12:17:49Z
2019,REG,DEN,15,00-0035678,DE,Dre'Mont Jones,Dre'Mont,Jones,Ankle,,Questionable,Ankle,,Did Not Participate In Practice,2019-12-13T12:17:04Z
2019,REG,DEN,15,00-0033659,LB,Joseph Jones,Joseph,Jones,Back,,Questionable,Back,,Did Not Participate In Practice,2019-12-13T12:17:04Z
2019,REG,DEN,15,00-0035644,TE,Noah Fant,Noah,Fant,Hip,Foot,Questionable,Hip,Foot,Limited Participation in Practice,2019-12-13T12:17:04Z
2019,REG,DET,15,00-0034371,DE,Da'Shawn Hand,Da'Shawn,Hand,,,,Ankle,,Did Not Participate In Practice,2019-12-11T14:14:31Z
2019,REG,DET,15,00-0032602,RB,J.D. McKissic,J.D.,McKissic,,,,Not Injury Related,,Did Not Participate In Practice,2019-12-11T14:14:45Z
2019,REG,DET,15,00-0033572,CB,Jamal Agnew,Jamal,Agnew,,,,Ankle,,Full Participation in Practice,2019-12-13T13:04:49Z
2019,REG,DET,15,00-0035531,DE,Austin Bryant,Austin,Bryant,,,,Hip,,Full Participation in Practice,2019-12-13T13:09:10Z
2019,REG,DET,15,00-0030092,P,Sam Martin,Sam,Martin,,,,Abdomen,,Full Participation in Practice,2019-12-13T13:05:54Z
2019,REG,DET,15,00-0029901,CB,Rashaan Melvin,Rashaan,Melvin,,,,Ribs,,Full Participation in Practice,2019-12-13T13:04:49Z
2019,REG,DET,15,00-0029040,DT,Damon Harrison,Damon,Harrison,,,,Calf,Knee/Shoulder,Limited Participation in Practice,2019-12-13T13:05:43Z
2019,REG,DET,15,00-0032418,G,Joe Dahl,Joe,Dahl,Back,Knee,Out,Back,Knee,Did Not Participate In Practice,2019-12-13T13:07:04Z
2019,REG,DET,15,00-0033539,LB,Jarrad Davis,Jarrad,Davis,Ankle,Knee,Out,Ankle,Knee,Did Not Participate In Practice,2019-12-13T13:07:09Z
2019,REG,DET,15,00-0032889,DT,A'Shawn Robinson,A'Shawn,Robinson,Shoulder,,Out,Shoulder,,Did Not Participate In Practice,2019-12-13T13:07:22Z
2019,REG,DET,15,00-0026498,QB,Matthew Stafford,Matthew,Stafford,Hip,Back,Out,Hip,Back,Did Not Participate In Practice,2019-12-13T13:07:45Z
2019,REG,DET,15,00-0029893,T,Rick Wagner,Rick,Wagner,Knee,,Out,Knee,,Did Not Participate In Practice,2019-12-13T13:07:30Z
2019,REG,DET,15,00-0034586,DT,John Atkins,John,Atkins,Illness,,Questionable,Illness,,Did Not Participate In Practice,2019-12-13T13:06:53Z
2019,REG,DET,15,00-0034432,RB,Bo Scarbrough,Bo,Scarbrough,Ribs,,Questionable,Ribs,,Did Not Participate In Practice,2019-12-13T13:06:38Z
2019,REG,DET,15,00-0031130,LB,Christian Jones,Christian,Jones,Shoulder,,Questionable,Shoulder,,Limited Participation in Practice,2019-12-13T13:06:38Z
2019,REG,GB,15,00-0032626,WR,Geronimo Allison,Geronimo,Allison,,,,Knee,,Full Participation in Practice,2019-12-13T12:54:43Z
2019,REG,GB,15,00-0034540,CB,Tony Brown,Tony,Brown,,,,Heel,,Full Participation in Practice,2019-12-13T12:54:43Z
2019,REG,GB,15,00-0027875,T,Bryan Bulaga,Bryan,Bulaga,,,,Not Injury Related,,Full Participation in Practice,2019-12-13T12:54:53Z
2019,REG,GB,15,00-0034751,CB,Josh Jackson,Josh,Jackson,,,,Not Injury Related,,Full Participation in Practice,2019-12-13T12:55:02Z
2019,REG,GB,15,00-0024243,TE,Marcedes Lewis,Marcedes,Lewis,,,,Not Injury Related,,Full Participation in Practice,2019-12-13T12:55:09Z
2019,REG,GB,15,00-0032408,LB,Blake Martinez,Blake,Martinez,,,,Hand,,Full Participation in Practice,2019-12-13T12:54:43Z
2019,REG,GB,15,00-0031433,G,Billy Turner,Billy,Turner,,,,Knee,,Full Participation in Practice,2019-12-13T12:54:43Z
2019,REG,GB,15,00-0032794,RB,Dan Vitale,Dan,Vitale,,,,Calf,,Full Participation in Practice,2019-12-13T12:55:15Z
2019,REG,GB,15,00-0024061,CB,Tramon Williams,Tramon,Williams,,,,Not Injury Related,,Full Participation in Practice,2019-12-13T12:54:43Z
2019,REG,GB,15,00-0031381,WR,Davante Adams,Davante,Adams,,,,Toe,,Limited Participation in Practice,2019-12-13T12:54:43Z
2019,REG,GB,15,00-0027696,TE,Jimmy Graham,Jimmy,Graham,Wrist,Groin,Questionable,Wrist,Groin,Limited Participation in Practice,2019-12-13T12:56:21Z
2019,REG,GB,15,00-0033524,CB,Kevin King,Kevin,King,Shoulder,,Questionable,Shoulder,,Limited Participation in Practice,2019-12-13T12:55:17Z
2019,REG,HOU,15,00-0025900,T,Chris Clark,Chris,Clark,,,,Hip,,Full Participation in Practice,2019-12-13T11:53:40Z
2019,REG,HOU,15,00-0033882,CB,Gareon Conley,Gareon,Conley,,,,Hip,,Full Participation in Practice,2019-12-13T11:53:45Z
2019,REG,HOU,15,00-0033563,DE,Carlos Watkins,Carlos,Watkins,,,,Hamstring,,Full Participation in Practice,2019-12-13T11:53:51Z
2019,REG,HOU,15,00-0033127,WR,Will Fuller,Will,Fuller,Hamstring,,Questionable,Hamstring,,Limited Participation in Practice,2019-12-13T11:54:16Z
2019,REG,HOU,15,00-0028063,RB,Taiwan Jones,Taiwan,Jones,Hamstring,,Questionable,Hamstring,,Limited Participation in Practice,2019-12-13T11:54:29Z
2019,REG,HOU,15,00-0032734,LB,Brennan Scarlett,Brennan,Scarlett,Achilles,Shoulder,Questionable,Achilles,Shoulder,Limited Participation in Practice,2019-12-13T11:54:50Z
2019,REG,IND,15,00-0031254,DT,Denico Autry,Denico,Autry,,,,Not Injury Related,,Did Not Participate In Practice,2019-12-14T10:40:26Z
2019,REG,IND,15,00-0027960,T,Anthony Castonzo,Anthony,Castonzo,,,,Not Injury Related,,Did Not Participate In Practice,2019-12-14T10:40:36Z
2019,REG,IND,15,00-0031571,S,Clayton Geathers,Clayton,Geathers,,,,Not Injury Related,,Did Not Participate In Practice,2019-12-14T10:40:53Z
2019,REG,IND,15,00-0028008,DE,Justin Houston,Justin,Houston,,,,Not Injury Related,,Did Not Participate In Practice,2019-12-14T10:41:14Z
2019,REG,IND,15,00-0027975,DE,Jabaal Sheard,Jabaal,Sheard,,,,Not Injury Related,,Did Not Participate In Practice,2019-12-14T10:41:38Z
2019,REG,IND,15,00-0033065,T,Le'Raven Clark,Le'Raven,Clark,,,,Not Injury Related,,Full Participation in Practice,2019-12-14T10:42:17Z
2019,REG,IND,15,00-0033393,CB,Kenny Moore,Kenny,Moore,Ankle,,Out,Ankle,,Did Not Participate In Practice,2019-12-14T10:43:55Z
2019,REG,IND,15,00-0029608,WR,T.Y. Hilton,T.Y.,Hilton,Calf,,Questionable,Calf,,Did Not Participate In Practice,2019-12-14T10:43:21Z
2019,REG,IND,15,00-0031331,CB,Pierre Desir,Pierre,Desir,Groin,,Questionable,Groin,,Full Participation in Practice,2019-12-14T10:43:21Z
2019,REG,JAX,15,00-0030228,CB,A.J. Bouye,A.J.,Bouye,,,,Calf,,Full Participation in Practice,2019-12-13T10:03:27Z
2019,REG,JAX,15,00-0026190,DE,Calais Campbell,Calais,Campbell,,,,Back,,Full Participation in Practice,2019-12-13T10:04:19Z
2019,REG,JAX,15,00-0034437,P,Logan Cooke,Logan,Cooke,,,,right Hamstring,,Full Participation in Practice,2019-12-13T10:03:38Z
2019,REG,JAX,15,00-0033080,TE,Seth DeValve,Seth,DeValve,,,,Oblique,,Full Participation in Practice,2019-12-13T10:03:27Z
2019,REG,JAX,15,00-0034779,S,Ronnie Harrison,Ronnie,Harrison,,,,Concussion,,Full Participation in Practice,2019-12-13T10:03:27Z
2019,REG,JAX,15,00-0034516,CB,Tre Herndon,Tre,Herndon,,,,Shoulder,,Full Participation in Practice,2019-12-13T10:04:03Z
2019,REG,JAX,15,00-0031369,C,Brandon Linder,Brandon,Linder,,,,Knee,,Full Participation in Practice,2019-12-13T10:04:12Z
2019,REG,JAX,15,00-0032233,T,Cedric Ogbuehi,Cedric,Ogbuehi,,,,Hand,,Full Participation in Practice,2019-12-13T10:03:50Z
2019,REG,JAX,15,00-0033839,WR,Dede Westbrook,Dede,Westbrook,,,,Neck,Shoulder,Full Participation in Practice,2019-12-13T10:03:58Z
2019,REG,JAX,15,00-0035680,LB,Quincy Williams,Quincy,Williams,,,,Hand,,Limited Participation in Practice,2019-12-11T11:16:01Z
2019,REG,JAX,15,00-0034777,WR,D.J. Chark,D.J.,Chark,Ankle,,Out,Ankle,,Did Not Participate In Practice,2019-12-13T10:04:30Z
2019,REG,KC,15,00-0031348,LB,Anthony Hitchens,Anthony,Hitchens,,,,Not Injury Related,,Did Not Participate In Practice,2019-12-13T12:18:44Z
2019,REG,KC,15,00-0030584,T,Eric Fisher,Eric,Fisher,,,,Groin,,Full Participation in Practice,2019-12-13T12:18:06Z
2019,REG,KC,15,00-0033084,CB,Kendall Fuller,Kendall,Fuller,,,,Thumb,,Full Participation in Practice,2019-12-13T12:18:06Z
2019,REG,KC,15,00-0033147,LB,Darron Lee,Darron,Lee,,,,Not Injury Related,,Full Participation in Practice,2019-12-13T12:19:51Z
2019,REG,KC,15,00-0033873,QB,Patrick Mahomes,Patrick,Mahomes,,,,right Hand,,Full Participation in Practice,2019-12-13T12:18:06Z
2019,REG,KC,15,00-0034818,DT,Derrick Nnadi,Derrick,Nnadi,,,,Elbow,,Full Participation in Practice,2019-12-13T12:18:06Z
2019,REG,KC,15,00-0030503,DE,Alex Okafor,Alex,Okafor,,,,Ankle,,Full Participation in Practice,2019-12-13T12:18:06Z
2019,REG,KC,15,00-0033831,G,Andrew Wylie,Andrew,Wylie,,,,Shoulder,,Full Participation in Practice,2019-12-13T12:21:17Z
2019,REG,KC,15,00-0029676,CB,Morris Claiborne,Morris,Claiborne,Shoulder,,Out,Shoulder,,Did Not Participate In Practice,2019-12-13T13:54:05Z
2019,REG,KC,15,00-0035147,CB,Rashad Fenton,Rashad,Fenton,Hamstring,,Out,Hamstring,,Did Not Participate In Practice,2019-12-13T13:54:16Z
2019,REG,KC,15,00-0030874,RB,Damien Williams,Damien,Williams,Rib,Illness,Questionable,Rib,Illness,Did Not Participate In Practice,2019-12-13T13:54:38Z
2019,REG,KC,15,00-0032210,DE,Frank Clark,Frank,Clark,Illness,Shoulder,Questionable,Illness,Shoulder,Full Participation in Practice,2019-12-13T13:53:46Z
2019,REG,LA,15,00-0032241,RB,Todd Gurley,Todd,Gurley,,,,Not Injury Related,,Did Not Participate In Practice,2019-12-13T12:56:14Z
2019,REG,LA,15,00-0035621,WR,Nsimba Webster,Nsimba,Webster,,,,Hip,,Full Participation in Practice,2019-12-13T12:55:28Z
2019,REG,LA,15,00-0033895,TE,Gerald Everett,Gerald,Everett,Knee,,Out,Knee,,Did Not Participate In Practice,2019-12-13T12:56:31Z
2019,REG,LA,15,00-0032242,T,Rob Havenstein,Rob,Havenstein,Knee,,Doubtful,Knee,,Full Participation in Practice,2019-12-13T14:18:55Z
2019,REG,LAC,15,00-0023448,LB,Thomas Davis,Thomas,Davis,,,,Not Injury Related,,Full Participation in Practice,2019-12-13T12:20:50Z
2019,REG,LAC,15,00-0035262,LB,Drue Tranquill,Drue,Tranquill,,,,Elbow,,Full Participation in Practice,2019-12-13T12:20:43Z
2019,REG,LAC,15,00-0033536,WR,Mike Williams,Mike,Williams,,,,Knee,,Full Participation in Practice,2019-12-13T12:20:56Z
2019,REG,LAC,15,00-0033566,CB,Desmond King,Desmond,King,Not Injury Related,,Out,,,"
    ",2019-12-14T17:59:05Z
2019,REG,LAC,15,00-0034350,LB,Uchenna Nwosu,Uchenna,Nwosu,Ankle,,Questionable,Ankle,,Limited Participation in Practice,2019-12-13T12:21:28Z
2019,REG,MIA,15,00-0034797,LB,Jerome Baker,Jerome,Baker,,,,Chest,Jaw,Full Participation in Practice,2019-12-12T11:26:12Z
2019,REG,MIA,15,00-0023682,QB,Ryan Fitzpatrick,Ryan,Fitzpatrick,,,,right Shoulder,,Full Participation in Practice,2019-12-13T10:36:53Z
2019,REG,MIA,15,00-0030821,WR,Allen Hurns,Allen,Hurns,,,,Ankle,Knee,Full Participation in Practice,2019-12-13T10:36:53Z
2019,REG,MIA,15,00-0035342,RB,Patrick Laird,Patrick,Laird,,,,Hip,,Full Participation in Practice,2019-12-13T10:36:53Z
2019,REG,MIA,15,00-0035346,CB,Nik Needham,Nik,Needham,,,,Groin,,Full Participation in Practice,2019-12-13T10:37:20Z
2019,REG,MIA,15,00-0031307,S,Walt Aikens,Walt,Aikens,Not Injury Related,,Out,,,"
    ",2019-12-14T08:06:20Z
2019,REG,MIA,15,00-0035365,CB,Tae Hayes,Tae,Hayes,Not Injury Related,,Out,,,"
    ",2019-12-14T08:05:56Z
2019,REG,MIA,15,00-0035128,DT,Gerald Willis,Gerald,Willis,Hip,,Out,Hip,,Did Not Participate In Practice,2019-12-13T10:38:29Z
2019,REG,MIA,15,00-0035310,RB,Chandler Cox,Chandler,Cox,Shoulder,,Doubtful,Shoulder,,Limited Participation in Practice,2019-12-13T10:38:02Z
2019,REG,MIA,15,00-0031547,WR,DeVante Parker,DeVante,Parker,Concussion,,Questionable,Concussion,,Full Participation in Practice,2019-12-13T10:37:53Z
2019,REG,MIA,15,00-0030669,WR,Albert Wilson,Albert,Wilson,Concussion,,Questionable,Concussion,,Full Participation in Practice,2019-12-13T10:37:53Z
2019,REG,MIN,15,00-0033893,RB,Dalvin Cook,Dalvin,Cook,,,,Chest,,Full Participation in Practice,2019-12-13T11:08:45Z
2019,REG,MIN,15,00-0034213,CB,Holton Hill,Holton,Hill,,,,Shoulder,,Full Participation in Practice,2019-12-13T11:08:45Z
2019,REG,MIN,15,00-0034843,CB,Mike Hughes,Mike,Hughes,,,,Hip,,Full Participation in Practice,2019-12-13T11:08:54Z
2019,REG,MIN,15,00-0033940,DT,Jaleel Johnson,Jaleel,Johnson,,,,Ankle,,Full Participation in Practice,2019-12-13T11:08:45Z
2019,REG,MIN,15,00-0027885,DT,Linval Joseph,Linval,Joseph,,,,Knee,,Full Participation in Practice,2019-12-13T11:08:45Z
2019,REG,MIN,15,00-0027981,TE,Kyle Rudolph,Kyle,Rudolph,,,,Groin,,Full Participation in Practice,2019-12-13T11:08:45Z
2019,REG,MIN,15,00-0031242,DT,Shamar Stephen,Shamar,Stephen,,,,Knee,,Full Participation in Practice,2019-12-13T11:08:45Z
2019,REG,MIN,15,00-0030035,WR,Adam Thielen,Adam,Thielen,,,,Hamstring,,Limited Participation in Practice,2019-12-13T11:08:45Z
2019,REG,MIN,15,00-0032454,S,Jayron Kearse,Jayron,Kearse,Toe,,Out,Toe,,Did Not Participate In Practice,2019-12-13T11:09:29Z
2019,REG,MIN,15,00-0034972,RB,Alexander Mattison,Alexander,Mattison,Ankle,,Out,Ankle,,Did Not Participate In Practice,2019-12-13T11:09:34Z
2019,REG,MIN,15,00-0035006,WR,Olabisi Johnson,Olabisi,Johnson,Quadricep,,Questionable,Quadricep,,Limited Participation in Practice,2019-12-13T11:09:00Z
2019,REG,MIN,15,00-0030575,CB,Xavier Rhodes,Xavier,Rhodes,Ankle,,Questionable,Ankle,,Limited Participation in Practice,2019-12-13T11:09:00Z
2019,REG,NE,15,00-0019596,QB,Tom Brady,Tom,Brady,,,,right Elbow,,Full Participation in Practice,2019-12-13T12:18:19Z
2019,REG,NE,15,00-0035624,WR,N'Keal Harry,N'Keal,Harry,,,,Hip,,Full Participation in Practice,2019-12-13T12:18:19Z
2019,REG,NE,15,00-0034833,T,Isaiah Wynn,Isaiah,Wynn,,,,Eye,,Full Participation in Practice,2019-12-13T12:18:39Z
2019,REG,NE,15,00-0034385,LB,Ja'Whaun Bentley,Ja'Whaun,Bentley,Knee,,Questionable,Knee,,Limited Participation in Practice,2019-12-13T12:18:47Z
2019,REG,NE,15,00-0035278,DT,Byron Cowart,Byron,Cowart,Concussion,,Questionable,Concussion,,Limited Participation in Practice,2019-12-13T12:18:47Z
2019,REG,NE,15,00-0027150,WR,Julian Edelman,Julian,Edelman,Knee,Shoulder,Questionable,Knee,Shoulder,Limited Participation in Practice,2019-12-13T12:18:47Z
2019,REG,NE,15,00-0032445,C,Ted Karras,Ted,Karras,Knee,,Questionable,Knee,,Limited Participation in Practice,2019-12-13T12:18:47Z
2019,REG,NE,15,00-0027136,CB,Jason McCourty,Jason,McCourty,Groin,,Questionable,Groin,,Limited Participation in Practice,2019-12-13T12:18:47Z
2019,REG,NE,15,00-0029632,WR,Mohamed Sanu,Mohamed,Sanu,Ankle,,Questionable,Ankle,,Limited Participation in Practice,2019-12-13T12:18:47Z
2019,REG,NE,15,00-0032143,DT,Danny Shelton,Danny,Shelton,Shoulder,,Questionable,Shoulder,,Limited Participation in Practice,2019-12-13T12:18:47Z
2019,REG,NO,15,00-0020531,QB,Drew Brees,Drew,Brees,,,,right Elbow,,Full Participation in Practice,2019-12-14T12:25:56Z
2019,REG,NO,15,00-0027061,TE,Jared Cook,Jared,Cook,,,,Concussion,,Full Participation in Practice,2019-12-14T12:24:30Z
2019,REG,NO,15,00-0030067,T,Terron Armstead,Terron,Armstead,,,,Ankle,,Limited Participation in Practice,2019-12-14T12:24:00Z
2019,REG,NO,15,00-0034436,C,Will Clapp,Will,Clapp,,,,Elbow,,Limited Participation in Practice,2019-12-14T12:24:54Z
2019,REG,NO,15,00-0027962,DE,Cameron Jordan,Cameron,Jordan,,,,Abdomen,,Limited Participation in Practice,2019-12-14T12:24:13Z
2019,REG,NO,15,00-0030463,LB,A.J. Klein,A.J.,Klein,,,,Knee,,Limited Participation in Practice,2019-12-14T12:25:15Z
2019,REG,NO,15,00-0029931,RB,Zach Line,Zach,Line,,,,Knee,,Limited Participation in Practice,2019-12-14T12:25:36Z
2019,REG,NO,15,00-0030401,LB,Kiko Alonso,Kiko,Alonso,Knee,,Out,Quadricep,,Did Not Participate In Practice,2019-12-14T12:26:36Z
2019,REG,NO,15,00-0029065,CB,Johnson Bademosi,Johnson,Bademosi,Foot,,Out,Foot,,Did Not Participate In Practice,2019-12-14T12:22:29Z
2019,REG,NO,15,00-0032939,S,Vonn Bell,Vonn,Bell,Knee,,Out,Knee,,Did Not Participate In Practice,2019-12-14T12:27:23Z
2019,REG,NO,15,00-0032203,G,Andrus Peat,Andrus,Peat,Forearm,,Out,Forearm,,Did Not Participate In Practice,2019-12-14T12:26:56Z
2019,REG,NO,15,00-0027882,CB,Patrick Robinson,Patrick,Robinson,Calf,,Out,Calf,,Did Not Participate In Practice,2019-12-14T12:27:44Z
2019,REG,NYG,15,00-0029681,CB,Janoris Jenkins,Janoris,Jenkins,,,,Ankle,,Did Not Participate In Practice,2019-12-12T09:36:11Z
2019,REG,NYG,15,00-0035633,CB,Corey Ballentine,Corey,Ballentine,,,,Concussion,,Full Participation in Practice,2019-12-13T13:04:00Z
2019,REG,NYG,15,00-0027891,WR,Golden Tate,Golden,Tate,,,,Foot,,Full Participation in Practice,2019-12-13T13:04:00Z
2019,REG,NYG,15,00-0033881,TE,Evan Engram,Evan,Engram,Foot,,Out,Foot,,Did Not Participate In Practice,2019-12-13T13:06:26Z
2019,REG,NYG,15,00-0029592,G,Kevin Zeitler,Kevin,Zeitler,Ankle,Wrist,Out,Ankle,Wrist,Did Not Participate In Practice,2019-12-13T13:06:47Z
2019,REG,NYG,15,00-0029587,TE,Rhett Ellison,Rhett,Ellison,Concussion,,Out,Concussion,,Limited Participation in Practice,2019-12-13T13:06:15Z
2019,REG,NYG,15,00-0035710,QB,Daniel Jones,Daniel,Jones,Ankle,,Out,Ankle,,Limited Participation in Practice,2019-12-13T13:06:33Z
2019,REG,NYJ,15,00-0030496,RB,Le'Veon Bell,Le'Veon,Bell,,,,Illness,,Full Participation in Practice,2019-12-11T10:51:34Z
2019,REG,NYJ,15,00-0032438,CB,Maurice Canady,Maurice,Canady,,,,Shoulder,,Full Participation in Practice,2019-12-11T10:51:34Z
2019,REG,NYJ,15,00-0029144,G,Tom Compton,Tom,Compton,,,,Ankle,,Full Participation in Practice,2019-12-11T10:51:34Z
2019,REG,NYJ,15,00-0034869,QB,Sam Darnold,Sam,Darnold,,,,Knee,left Thumb,Full Participation in Practice,2019-12-11T10:51:34Z
2019,REG,NYJ,15,00-0031076,QB,David Fales,David,Fales,,,,right Elbow,,Full Participation in Practice,2019-12-11T10:51:34Z
2019,REG,NYJ,15,00-0029792,LB,Paul Worrilow,Paul,Worrilow,,,,Quadricep,,Full Participation in Practice,2019-12-11T10:51:34Z
2019,REG,NYJ,15,00-0035698,T,Chuma Edoga,Chuma,Edoga,Knee,,Out,Knee,,Did Not Participate In Practice,2019-12-11T10:52:48Z
2019,REG,NYJ,15,00-0030108,TE,Ryan Griffin,Ryan,Griffin,Ankle,,Out,Ankle,,Did Not Participate In Practice,2019-12-11T10:53:08Z
2019,REG,NYJ,15,00-0032596,CB,Brian Poole,Brian,Poole,Concussion,,Out,Concussion,,Did Not Participate In Practice,2019-12-11T10:54:01Z
2019,REG,NYJ,15,00-0028064,RB,Bilal Powell,Bilal,Powell,Ankle,Illness,Out,Ankle,Illness,Did Not Participate In Practice,2019-12-11T10:53:49Z
2019,REG,NYJ,15,00-0033872,S,Jamal Adams,Jamal,Adams,Ankle,,Doubtful,Ankle,,Did Not Participate In Practice,2019-12-11T10:51:59Z
2019,REG,NYJ,15,00-0033503,CB,Arthur Maulet,Arthur,Maulet,Calf,,Doubtful,Calf,,Did Not Participate In Practice,2019-12-11T10:53:20Z
2019,REG,NYJ,15,00-0027874,WR,Demaryius Thomas,Demaryius,Thomas,Hamstring,Knee,Doubtful,Hamstring,Knee,Did Not Participate In Practice,2019-12-11T10:54:33Z
2019,REG,NYJ,15,00-0035718,DT,Quinnen Williams,Quinnen,Williams,Neck,,Doubtful,Neck,,Did Not Participate In Practice,2019-12-11T10:53:32Z
2019,REG,NYJ,15,00-0032269,DE,Henry Anderson,Henry,Anderson,Shoulder,,Questionable,Shoulder,,Limited Participation in Practice,2019-12-11T10:51:37Z
2019,REG,NYJ,15,00-0029316,T,Kelvin Beachum,Kelvin,Beachum,Ankles,,Questionable,Ankles,,Limited Participation in Practice,2019-12-11T10:51:37Z
2019,REG,NYJ,15,00-0032496,S,Matthias Farley,Matthias,Farley,Ankle,,Questionable,Ankle,,Limited Participation in Practice,2019-12-11T10:51:37Z
2019,REG,NYJ,15,00-0026564,DT,Steve McLendon,Steve,McLendon,Knee,Hip,Questionable,Knee,Hip,Limited Participation in Practice,2019-12-11T10:51:37Z
2019,REG,NYJ,15,00-0032200,RB,Ty Montgomery,Ty,Montgomery,Foot,Hip,Questionable,Foot,Hip,Limited Participation in Practice,2019-12-11T10:51:37Z
2019,REG,NYJ,15,00-0034760,DE,Nathan Shepherd,Nathan,Shepherd,Ankle,,Questionable,Ankle,,Limited Participation in Practice,2019-12-11T10:51:37Z
2019,REG,OAK,15,00-0027993,C,Rodney Hudson,Rodney,Hudson,,,,Ankle,,Limited Participation in Practice,2019-12-13T13:30:00Z
2019,REG,OAK,15,00-0031367,G,Gabe Jackson,Gabe,Jackson,,,,Knee,,Limited Participation in Practice,2019-12-13T13:30:19Z
2019,REG,OAK,15,00-0031389,S,Lamarcus Joyner,Lamarcus,Joyner,,,,Hamstring,,Limited Participation in Practice,2019-12-13T13:30:00Z
2019,REG,OAK,15,00-0034983,WR,Hunter Renfrow,Hunter,Renfrow,Rib,,Out,Rib,,Did Not Participate In Practice,2019-12-13T13:31:46Z
2019,REG,OAK,15,00-0033956,LB,Marquel Lee,Marquel,Lee,Toe,,Questionable,Toe,,Did Not Participate In Practice,2019-12-13T13:31:22Z
2019,REG,OAK,15,00-0032891,CB,Daryl Worley,Daryl,Worley,Neck,,Questionable,Neck,,Did Not Participate In Practice,2019-12-13T13:31:22Z
2019,REG,OAK,15,00-0034747,WR,Marcell Ateman,Marcell,Ateman,Ribs,,Questionable,Ribs,,Limited Participation in Practice,2019-12-13T13:31:22Z
2019,REG,OAK,15,00-0032071,T,Trenton Brown,Trenton,Brown,Pectoral,,Questionable,Pectoral,,Limited Participation in Practice,2019-12-13T13:31:22Z
2019,REG,OAK,15,00-0032320,S,Erik Harris,Erik,Harris,Hamstring,,Questionable,Hamstring,,Limited Participation in Practice,2019-12-13T13:31:22Z
2019,REG,OAK,15,00-0035700,RB,Josh Jacobs,Josh,Jacobs,Shoulder,,Questionable,Shoulder,,Limited Participation in Practice,2019-12-13T13:31:22Z
2019,REG,OAK,15,00-0029647,LB,Kyle Wilber,Kyle,Wilber,Ankle,,Questionable,Ankle,,Limited Participation in Practice,2019-12-13T13:31:22Z
2019,REG,PHI,15,00-0029137,WR,Alshon Jeffery,Alshon,Jeffery,,,,Foot,,Did Not Participate In Practice,2019-12-11T13:08:02Z
2019,REG,PHI,15,00-0032437,LB,Kamu Grugier-Hill,Kamu,Grugier-Hill,,,,Concussion,,Full Participation in Practice,2019-12-13T11:47:35Z
2019,REG,PHI,15,00-0032803,CB,Jalen Mills,Jalen,Mills,,,,Elbow,,Full Participation in Practice,2019-12-13T11:47:57Z
2019,REG,PHI,15,00-0030561,T,Lane Johnson,Lane,Johnson,Ankle,,Out,Ankle,,Did Not Participate In Practice,2019-12-13T11:49:55Z
2019,REG,PHI,15,00-0031549,WR,Nelson Agholor,Nelson,Agholor,Knee,,Questionable,Knee,,Did Not Participate In Practice,2019-12-13T11:49:39Z
2019,REG,PHI,15,00-0033876,DE,Derek Barnett,Derek,Barnett,Ankle,,Questionable,Ankle,,Did Not Participate In Practice,2019-12-13T11:49:39Z
2019,REG,PHI,15,00-0032195,CB,Ronald Darby,Ronald,Darby,Hip Flexor,,Questionable,Hip Flexor,,Limited Participation in Practice,2019-12-13T11:49:39Z
2019,REG,PHI,15,00-0032780,RB,Jordan Howard,Jordan,Howard,Shoulder,,Questionable,Shoulder,,Limited Participation in Practice,2019-12-13T11:49:39Z
2019,REG,PIT,15,00-0029670,LB,Mark Barron,Mark,Barron,,,,Not Injury Related,,Full Participation in Practice,2019-12-13T11:33:16Z
2019,REG,PIT,15,00-0029678,G,David DeCastro,David,DeCastro,,,,Not Injury Related,,Full Participation in Practice,2019-12-13T11:33:16Z
2019,REG,PIT,15,00-0026561,G,Ramon Foster,Ramon,Foster,,,,Not Injury Related,,Full Participation in Practice,2019-12-13T11:33:27Z
2019,REG,PIT,15,00-0032935,WR,Johnny Holton,Johnny,Holton,,,,Illness,,Full Participation in Practice,2019-12-13T11:33:33Z
2019,REG,PIT,15,00-0027870,C,Maurkice Pouncey,Maurkice,Pouncey,,,,Not Injury Related,,Full Participation in Practice,2019-12-13T11:33:16Z
2019,REG,PIT,15,00-0034331,RB,Jaylen Samuels,Jaylen,Samuels,,,,Groin,,Full Participation in Practice,2019-12-13T11:33:16Z
2019,REG,PIT,15,00-0030648,T,Alejandro Villanueva,Alejandro,Villanueva,,,,Not Injury Related,,Full Participation in Practice,2019-12-13T11:33:16Z
2019,REG,PIT,15,00-0030470,TE,Vance McDonald,Vance,McDonald,Concussion,,Out,Concussion,,Did Not Participate In Practice,2019-12-13T11:34:28Z
2019,REG,PIT,15,00-0033857,WR,JuJu Smith-Schuster,JuJu,Smith-Schuster,Knee,,Out,Knee,,Did Not Participate In Practice,2019-12-13T11:34:40Z
2019,REG,PIT,15,00-0033553,RB,James Conner,James,Conner,Shoulder,,Questionable,Shoulder,,Full Participation in Practice,2019-12-13T11:33:55Z
2019,REG,SEA,15,00-0030565,QB,Geno Smith,Geno,Smith,,,,Not Injury Related,,Did Not Participate In Practice,2019-12-12T17:01:21Z
2019,REG,SEA,15,00-0027723,DT,Al Woods,Al,Woods,,,,Ankle,,Did Not Participate In Practice,2019-12-13T14:24:45Z
2019,REG,SEA,15,00-0035672,LB,Cody Barton,Cody,Barton,,,,Knee,Ankle,Full Participation in Practice,2019-12-13T14:23:38Z
2019,REG,SEA,15,00-0028292,RB,Nick Bellore,Nick,Bellore,,,,Quadricep,,Full Participation in Practice,2019-12-13T14:23:38Z
2019,REG,SEA,15,00-0032466,T,George Fant,George,Fant,,,,Knee,,Full Participation in Practice,2019-12-13T14:23:58Z
2019,REG,SEA,15,00-0029664,WR,Josh Gordon,Josh,Gordon,,,,Knee,,Full Participation in Practice,2019-12-13T14:23:38Z
2019,REG,SEA,15,00-0033387,TE,Jacob Hollister,Jacob,Hollister,,,,Thigh,,Full Participation in Practice,2019-12-13T14:23:38Z
2019,REG,SEA,15,00-0027869,G,Mike Iupati,Mike,Iupati,,,,Neck,,Full Participation in Practice,2019-12-13T14:23:38Z
2019,REG,SEA,15,00-0032211,WR,Tyler Lockett,Tyler,Lockett,,,,Shin,,Full Participation in Practice,2019-12-13T14:23:38Z
2019,REG,SEA,15,00-0033740,G,Jordan Roos,Jordan,Roos,,,,Back,,Full Participation in Practice,2019-12-13T14:23:38Z
2019,REG,SEA,15,00-0026166,T,Duane Brown,Duane,Brown,,,,Biceps,Knee,Limited Participation in Practice,2019-12-13T14:23:38Z
2019,REG,SEA,15,00-0029409,LB,Mychal Kendricks,Mychal,Kendricks,Hamstring,,Out,Hamstring,,Did Not Participate In Practice,2019-12-13T13:27:45Z
2019,REG,SEA,15,00-0034750,RB,Rashaad Penny,Rashaad,Penny,Knee,,Out,Knee,,Did Not Participate In Practice,2019-12-13T13:27:54Z
2019,REG,SEA,15,00-0033926,CB,Shaquill Griffin,Shaquill,Griffin,Hamstring,,Questionable,Hamstring,,Did Not Participate In Practice,2019-12-13T13:27:31Z
2019,REG,SEA,15,00-0030089,TE,Luke Willson,Luke,Willson,Hamstring,,Questionable,Hamstring,,Did Not Participate In Practice,2019-12-13T13:27:17Z
2019,REG,SEA,15,00-0030059,DE,Ezekiel Ansah,Ezekiel,Ansah,Neck,,Questionable,Neck,,Limited Participation in Practice,2019-12-13T13:26:15Z
2019,REG,SEA,15,00-0031364,DE,Jadeveon Clowney,Jadeveon,Clowney,Illness,Core,Questionable,Core,Illness,Limited Participation in Practice,2019-12-13T13:27:01Z
2019,REG,SF,15,00-0028903,TE,Garrett Celek,Garrett,Celek,,,,Back,,Did Not Participate In Practice,2019-12-12T14:59:16Z
2019,REG,SF,15,00-0034860,WR,Dante Pettis,Dante,Pettis,,,,Knee,,Full Participation in Practice,2019-12-13T13:22:30Z
2019,REG,SF,15,00-0031297,DE,Dee Ford,Dee,Ford,Quadricep,Hamstring,Out,Quadricep,Hamstring,Did Not Participate In Practice,2019-12-13T13:23:39Z
2019,REG,SF,15,00-0033297,DT,D.J. Jones,D.J.,Jones,Ankle,,Out,Ankle,,Did Not Participate In Practice,2019-12-13T13:23:44Z
2019,REG,SF,15,00-0028092,CB,Richard Sherman,Richard,Sherman,Hamstring,,Out,Hamstring,,Did Not Participate In Practice,2019-12-13T13:23:50Z
2019,REG,SF,15,00-0032057,S,Jaquiski Tartt,Jaquiski,Tartt,Ribs,,Out,Ribs,,Did Not Participate In Practice,2019-12-13T13:23:57Z
2019,REG,SF,15,00-0034283,DT,Jullian Taylor,Jullian,Taylor,Elbow,,Out,Elbow,,Did Not Participate In Practice,2019-12-13T13:24:03Z
2019,REG,SF,15,00-0031253,CB,K'Waun Williams,K'Waun,Williams,Concussion,,Out,Concussion,,Did Not Participate In Practice,2019-12-13T13:24:10Z
2019,REG,TB,15,00-0027855,DT,Ndamukong Suh,Ndamukong,Suh,,,,Not Injury Related,,Did Not Participate In Practice,2019-12-13T11:09:45Z
2019,REG,TB,15,00-0026814,T,Demar Dotson,Demar,Dotson,,,,Not Injury Related,,Full Participation in Practice,2019-12-13T11:08:36Z
2019,REG,TB,15,00-0035298,WR,Scott Miller,Scott,Miller,,,,Hamstring,,Full Participation in Practice,2019-12-13T11:08:36Z
2019,REG,TB,15,00-0027867,LB,Jason Pierre-Paul,Jason,Pierre-Paul,,,,Knee,,Full Participation in Practice,2019-12-13T11:09:25Z
2019,REG,TB,15,00-0031089,DT,Beau Allen,Beau,Allen,Ankle,,Out,Ankle,,Did Not Participate In Practice,2019-12-13T11:09:56Z
2019,REG,TB,15,00-0031408,WR,Mike Evans,Mike,Evans,Hamstring,,Out,Hamstring,,Did Not Participate In Practice,2019-12-13T11:10:07Z
2019,REG,TB,15,00-0035254,LB,Anthony Nelson,Anthony,Nelson,Hamstring,,Out,Hamstring,,Limited Participation in Practice,2019-12-13T11:10:24Z
2019,REG,TB,15,00-0032217,T,Donovan Smith,Donovan,Smith,Ankle,Knee,Doubtful,Ankle,Knee,Did Not Participate In Practice,2019-12-13T11:10:36Z
2019,REG,TB,15,00-0035707,LB,Devin White,Devin,White,Illness,,Questionable,,,"
    ",2019-12-14T07:01:58Z
2019,REG,TB,15,00-0034678,G,Alex Cappa,Alex,Cappa,Elbow,,Questionable,Elbow,,Full Participation in Practice,2019-12-13T11:09:51Z
2019,REG,TB,15,00-0031503,QB,Jameis Winston,Jameis,Winston,right Thumb,Knee,Questionable,right Thumb,Knee,Full Participation in Practice,2019-12-13T11:09:51Z
2019,REG,TEN,15,00-0028015,DT,Jurrell Casey,Jurrell,Casey,,,,Knee,,Full Participation in Practice,2019-12-13T11:41:35Z
2019,REG,TEN,15,00-0029413,C,Ben Jones,Ben,Jones,,,,Thumb,,Full Participation in Practice,2019-12-13T11:41:28Z
2019,REG,TEN,15,00-0032783,CB,LeShaun Sims,LeShaun,Sims,,,,Ankle,,Full Participation in Practice,2019-12-13T11:41:28Z
2019,REG,TEN,15,00-0033954,LB,Jayon Brown,Jayon,Brown,,,,Hip,,Limited Participation in Practice,2019-12-13T11:42:02Z
2019,REG,TEN,15,00-0029794,LB,Daren Bates,Daren,Bates,Shoulder,,Out,Shoulder,,Did Not Participate In Practice,2019-12-13T11:42:23Z
2019,REG,TEN,15,00-0032009,WR,Adam Humphries,Adam,Humphries,Ankle,,Out,Ankle,,Did Not Participate In Practice,2019-12-13T11:42:37Z
2019,REG,TEN,15,00-0033878,CB,Adoree' Jackson,Adoree',Jackson,Foot,,Out,Foot,,Did Not Participate In Practice,2019-12-13T11:42:43Z
2019,REG,TEN,15,00-0032764,RB,Derrick Henry,Derrick,Henry,Hamstring,,Questionable,Hamstring,,Did Not Participate In Practice,2019-12-13T11:42:16Z
2019,REG,TEN,15,00-0030060,S,Kenny Vaccaro,Kenny,Vaccaro,Concussion,,Questionable,Concussion,,Full Participation in Practice,2019-12-13T11:42:16Z
2019,REG,WAS,15,00-0027954,LB,Ryan Kerrigan,Ryan,Kerrigan,,,,Calf,,Did Not Participate In Practice,2019-12-12T12:06:46Z
2019,REG,WAS,15,00-0033525,LB,Ryan Anderson,Ryan,Anderson,,,,Shoulder,,Full Participation in Practice,2019-12-13T10:10:30Z
2019,REG,WAS,15,00-0035232,QB,Dwayne Haskins,Dwayne,Haskins,,,,Ankle,,Full Participation in Practice,2019-12-13T10:10:06Z
2019,REG,WAS,15,00-0035286,LB,Cole Holcomb,Cole,Holcomb,,,,Thumb,,Full Participation in Practice,2019-12-13T10:10:06Z
2019,REG,WAS,15,00-0031330,T,Morgan Moses,Morgan,Moses,,,,Toe,,Full Participation in Practice,2019-12-13T10:10:06Z
2019,REG,WAS,15,00-0023894,T,Donald Penn,Donald,Penn,,,,Knee,Back,Full Participation in Practice,2019-12-13T10:10:40Z
2019,REG,WAS,15,00-0025394,RB,Adrian Peterson,Adrian,Peterson,,,,Toe,,Full Participation in Practice,2019-12-13T10:10:57Z
2019,REG,WAS,15,00-0034339,WR,Trey Quinn,Trey,Quinn,Concussion,,Out,Concussion,,Did Not Participate In Practice,2019-12-13T10:19:44Z
2019,REG,WAS,15,00-0031257,WR,Paul Richardson,Paul,Richardson,Hamstring,,Out,Hamstring,,Did Not Participate In Practice,2019-12-13T10:19:57Z
2019,REG,WAS,15,00-0032007,CB,Quinton Dunbar,Quinton,Dunbar,Hamstring,,Questionable,Hamstring,,Did Not Participate In Practice,2019-12-13T10:19:18Z
2019,REG,WAS,15,00-0029285,CB,Josh Norman,Josh,Norman,Illness,,Questionable,Illness,,Full Participation in Practice,2019-12-13T10:19:18Z
2019,REG,WAS,15,00-0033918,CB,Fabian Moreau,Fabian,Moreau,Hamstring,,Questionable,Hamstring,,Limited Participation in Practice,2019-12-13T10:19:34Z
2019,REG,WAS,15,00-0033527,S,Montae Nicholson,Montae,Nicholson,Ankle,,Questionable,Ankle,,Limited Participation in Practice,2019-12-13T10:19:18Z
2019,REG,WAS,15,00-0032053,G,Brandon Scherff,Brandon,Scherff,Elbow,Shoulder,Questionable,Elbow,Shoulder,Limited Participation in Practice,2019-12-13T10:19:18Z
2019,REG,ARI,16,00-0033111,WR,Pharoh Cooper,Pharoh,Cooper,,,,Thigh,,Full Participation in Practice,2019-12-20T12:58:57Z
2019,REG,ARI,16,00-0022921,WR,Larry Fitzgerald,Larry,Fitzgerald,,,,Not Injury Related,,Full Participation in Practice,2019-12-20T12:58:57Z
2019,REG,ARI,16,00-0032129,LB,Jordan Hicks,Jordan,Hicks,,,,Calf,,Full Participation in Practice,2019-12-20T12:59:17Z
2019,REG,ARI,16,00-0029585,LB,Chandler Jones,Chandler,Jones,,,,Not Injury Related,,Full Participation in Practice,2019-12-20T12:58:57Z
2019,REG,ARI,16,00-0027686,DT,Corey Peters,Corey,Peters,,,,Not Injury Related,,Full Participation in Practice,2019-12-20T12:58:57Z
2019,REG,ARI,16,00-0033875,LB,Haason Reddick,Haason,Reddick,,,,Groin,,Full Participation in Practice,2019-12-20T12:58:57Z
2019,REG,ARI,16,00-0029146,G,J.R. Sweezy,J.R.,Sweezy,,,,Not Injury Related,,Full Participation in Practice,2019-12-20T12:58:57Z
2019,REG,ARI,16,00-0032809,LB,Joe Walker,Joe,Walker,,,,Ribs,,Full Participation in Practice,2019-12-20T12:58:57Z
2019,REG,ARI,16,00-0031071,DT,Caraun Reid,Caraun,Reid,Knee,,Questionable,Knee,,Full Participation in Practice,2019-12-20T13:00:00Z
2019,REG,ARI,16,00-0034775,WR,Christian Kirk,Christian,Kirk,Ankle,,Questionable,Ankle,,Limited Participation in Practice,2019-12-20T13:00:00Z
2019,REG,ARI,16,00-0030585,G,Justin Pugh,Justin,Pugh,Back,,Questionable,Back,,Limited Participation in Practice,2019-12-20T13:00:00Z
2019,REG,ATL,16,00-0026997,C,Alex Mack,Alex,Mack,,,,Not Injury Related,,Did Not Participate In Practice,2019-12-19T12:44:21Z
2019,REG,ATL,16,00-0033702,K,Younghoe Koo,Younghoe,Koo,,,,left Foot,,Full Participation in Practice,2019-12-19T12:43:41Z
2019,REG,ATL,16,00-0034357,CB,Isaiah Oliver,Isaiah,Oliver,,,,Shoulder,,Full Participation in Practice,2019-12-18T12:55:10Z
2019,REG,ATL,16,00-0032147,T,Ty Sambrailo,Ty,Sambrailo,,,,Hamstring,,Full Participation in Practice,2019-12-20T11:50:31Z
2019,REG,ATL,16,00-0031181,S,Ricardo Allen,Ricardo,Allen,,,,Shoulder,,Limited Participation in Practice,2019-12-20T11:50:20Z
2019,REG,ATL,16,00-0030465,RB,Kenjon Barner,Kenjon,Barner,,,,Shoulder,Knee,Limited Participation in Practice,2019-12-20T11:50:20Z
2019,REG,ATL,16,00-0032244,G,Jamon Brown,Jamon,Brown,,,,Illness,,Limited Participation in Practice,2019-12-20T11:51:32Z
2019,REG,ATL,16,00-0029627,DT,Jack Crawford,Jack,Crawford,,,,Thigh,,Limited Participation in Practice,2019-12-20T11:50:20Z
2019,REG,ATL,16,00-0027944,WR,Julio Jones,Julio,Jones,,,,Shoulder,,Limited Participation in Practice,2019-12-20T11:50:20Z
2019,REG,ATL,16,00-0034413,LB,Foyesade Oluokun,Foyesade,Oluokun,,,,Shoulder,,Limited Participation in Practice,2019-12-20T11:50:20Z
2019,REG,ATL,16,00-0028042,TE,Luke Stocker,Luke,Stocker,,,,Hip,,Limited Participation in Practice,2019-12-20T11:50:20Z
2019,REG,ATL,16,00-0027963,G,James Carpenter,James,Carpenter,Concussion,,Out,Concussion,,Did Not Participate In Practice,2019-12-20T11:51:54Z
2019,REG,BAL,16,00-0027966,RB,Mark Ingram,Mark,Ingram,,,,Not Injury Related,,Full Participation in Practice,2019-12-20T12:05:14Z
2019,REG,BAL,16,00-0027965,CB,Jimmy Smith,Jimmy,Smith,,,,Not Injury Related,,Full Participation in Practice,2019-12-20T12:05:14Z
2019,REG,BAL,16,00-0027866,S,Earl Thomas,Earl,Thomas,,,,Not Injury Related,,Full Participation in Practice,2019-12-20T12:05:14Z
2019,REG,BAL,16,00-0030511,DT,Brandon Williams,Brandon,Williams,,,,Not Injury Related,,Full Participation in Practice,2019-12-20T12:05:22Z
2019,REG,BAL,16,00-0025473,G,Marshal Yanda,Marshal,Yanda,,,,Not Injury Related,,Full Participation in Practice,2019-12-20T12:05:14Z
2019,REG,BAL,16,00-0034787,LB,Chris Board,Chris,Board,Concussion,,Questionable,Concussion,,Full Participation in Practice,2019-12-20T12:05:48Z
2019,REG,BAL,16,00-0032965,T,Ronnie Stanley,Ronnie,Stanley,Concussion,,Questionable,Concussion,,Full Participation in Practice,2019-12-20T12:05:48Z
2019,REG,BUF,16,00-0023259,LB,Lorenzo Alexander,Lorenzo,Alexander,,,,Rest,,Full Participation in Practice,2019-12-19T11:29:15Z
2019,REG,BUF,16,00-0023500,RB,Frank Gore,Frank,Gore,,,,Rest,,Full Participation in Practice,2019-12-19T11:29:20Z
2019,REG,BUF,16,00-0027881,DE,Jerry Hughes,Jerry,Hughes,,,,Rest,,Full Participation in Practice,2019-12-19T11:29:26Z
2019,REG,BUF,16,00-0029709,T,Ty Nsekhe,Ty,Nsekhe,Ankle,,Out,Ankle,,Did Not Participate In Practice,2019-12-19T11:29:39Z
2019,REG,BUF,16,00-0027956,DT,Corey Liuget,Corey,Liuget,Knee,,Questionable,Knee,,Limited Participation in Practice,2019-12-19T11:29:30Z
2019,REG,CAR,16,00-0028339,LB,Mario Addison,Mario,Addison,,,,Shoulder,,Full Participation in Practice,2019-12-20T11:20:29Z
2019,REG,CAR,16,00-0034578,RB,Reggie Bonnafon,Reggie,Bonnafon,,,,Illness,,Full Participation in Practice,2019-12-20T11:20:19Z
2019,REG,CAR,16,00-0033280,RB,Christian McCaffrey,Christian,McCaffrey,,,,Not Injury Related,,Full Participation in Practice,2019-12-20T11:20:19Z
2019,REG,CAR,16,00-0027856,DT,Gerald McCoy,Gerald,McCoy,,,,Knee,,Full Participation in Practice,2019-12-20T11:20:19Z
2019,REG,CAR,16,00-0025418,TE,Greg Olsen,Greg,Olsen,,,,Concussion,,Full Participation in Practice,2019-12-20T11:20:19Z
2019,REG,CAR,16,00-0030548,S,Eric Reid,Eric,Reid,,,,Shoulder,,Full Participation in Practice,2019-12-20T11:20:19Z
2019,REG,CAR,16,00-0034365,TE,Ian Thomas,Ian,Thomas,,,,Knee,,Full Participation in Practice,2019-12-20T11:20:56Z
2019,REG,CAR,16,00-0032578,DT,Woodrow Hamilton,Woodrow,Hamilton,Illness,,Out,,,"
    ",2019-12-21T09:12:10Z
2019,REG,CAR,16,00-0034382,LB,Marquis Haynes,Marquis,Haynes,Knee,,Out,Knee,,Did Not Participate In Practice,2019-12-20T11:22:05Z
2019,REG,CAR,16,00-0035558,T,Garrett McGhin,Garrett,McGhin,Ankle,,Out,Ankle,,Did Not Participate In Practice,2019-12-20T11:22:13Z
2019,REG,CAR,16,00-0031550,LB,Shaq Thompson,Shaq,Thompson,Ankle,,Out,Ankle,,Did Not Participate In Practice,2019-12-20T11:22:28Z
2019,REG,CAR,16,00-0031349,C,Matt Paradis,Matt,Paradis,Illness,,Questionable,,,"
    ",2019-12-22T04:29:59Z
2019,REG,CAR,16,00-0032967,DT,Vernon Butler,Vernon,Butler,Illness,,Questionable,Illness,,Did Not Participate In Practice,2019-12-20T11:21:56Z
2019,REG,CAR,16,00-0033282,WR,Curtis Samuel,Curtis,Samuel,Knee,,Questionable,Knee,,Did Not Participate In Practice,2019-12-20T11:21:56Z
2019,REG,CHI,16,00-0034387,DT,Bilal Nichols,Bilal,Nichols,,,,Knee,,Limited Participation in Practice,2019-12-20T11:48:19Z
2019,REG,CHI,16,00-0031228,WR,Taylor Gabriel,Taylor,Gabriel,Concussion,,Out,Concussion,,Did Not Participate In Practice,2019-12-20T11:48:28Z
2019,REG,CHI,16,00-0029528,T,Bobby Massie,Bobby,Massie,Ankle,,Out,Ankle,,Did Not Participate In Practice,2019-12-20T11:48:34Z
2019,REG,CHI,16,00-0029657,DT,Akiem Hicks,Akiem,Hicks,Elbow,,Questionable,Elbow,,Full Participation in Practice,2019-12-20T11:49:05Z
2019,REG,CHI,16,00-0027957,CB,Prince Amukamara,Prince,Amukamara,Hamstring,,Questionable,Hamstring,,Limited Participation in Practice,2019-12-20T11:48:22Z
2019,REG,CIN,16,00-0027720,DT,Geno Atkins,Geno,Atkins,,,,Not Injury Related,,Full Participation in Practice,2019-12-20T10:18:02Z
2019,REG,CIN,16,00-0031380,CB,Darqueze Dennard,Darqueze,Dennard,,,,Not Injury Related,,Full Participation in Practice,2019-12-20T10:18:02Z
2019,REG,CIN,16,00-0030549,TE,Tyler Eifert,Tyler,Eifert,,,,Not Injury Related,,Full Participation in Practice,2019-12-20T10:18:02Z
2019,REG,CIN,16,00-0035266,G,Michael Jordan,Michael,Jordan,,,,Neck,,Full Participation in Practice,2019-12-20T10:18:02Z
2019,REG,CIN,16,00-0033897,RB,Joe Mixon,Joe,Mixon,,,,Calf,,Full Participation in Practice,2019-12-20T10:18:10Z
2019,REG,CIN,16,00-0034683,CB,Darius Phillips,Darius,Phillips,,,,Illness,,Full Participation in Practice,2019-12-20T10:18:15Z
2019,REG,CIN,16,00-0027942,WR,A.J. Green,A.J.,Green,Ankle,,Out,Ankle,,Did Not Participate In Practice,2019-12-20T10:19:04Z
2019,REG,CIN,16,00-0032149,G,John Miller,John,Miller,Concussion,,Out,Concussion,,Did Not Participate In Practice,2019-12-20T10:19:11Z
2019,REG,CLE,16,00-0034500,LB,Tae Davis,Tae,Davis,,,,Knee,,Full Participation in Practice,2019-12-20T11:51:06Z
2019,REG,CLE,16,00-0035404,DE,Porter Gustin,Porter,Gustin,,,,Neck,,Full Participation in Practice,2019-12-20T11:50:57Z
2019,REG,CLE,16,00-0031382,WR,Jarvis Landry,Jarvis,Landry,,,,Hip,,Full Participation in Practice,2019-12-20T11:51:14Z
2019,REG,CLE,16,00-0034856,CB,Denzel Ward,Denzel,Ward,,,,Ankle,,Full Participation in Practice,2019-12-20T11:51:48Z
2019,REG,CLE,16,00-0031235,WR,Odell Beckham,Odell,Beckham,,,,Groin,,Limited Participation in Practice,2019-12-20T11:50:57Z
2019,REG,CLE,16,00-0029963,T,Christopher Hubbard,Christopher,Hubbard,,,,Knee,,Limited Participation in Practice,2019-12-20T11:50:57Z
2019,REG,CLE,16,00-0033038,S,Eric Murray,Eric,Murray,Knee,,Questionable,Knee,,Full Participation in Practice,2019-12-20T11:52:18Z
2019,REG,CLE,16,00-0034253,RB,Dontrell Hilliard,Dontrell,Hilliard,Neck,,Questionable,Neck,,Limited Participation in Practice,2019-12-20T11:52:18Z
2019,REG,CLE,16,00-0031921,T,Kendall Lamm,Kendall,Lamm,Knee,,Questionable,Knee,,Limited Participation in Practice,2019-12-20T11:52:18Z
2019,REG,CLE,16,00-0030573,DT,Sheldon Richardson,Sheldon,Richardson,Back,,Questionable,Back,,Limited Participation in Practice,2019-12-20T11:52:18Z
2019,REG,CLE,16,00-0030076,C,J.C. Tretter,J.C.,Tretter,Knee,,Questionable,Knee,,Limited Participation in Practice,2019-12-20T11:52:18Z
2019,REG,CLE,16,00-0029693,DE,Olivier Vernon,Olivier,Vernon,Knee,,Questionable,Knee,,Limited Participation in Practice,2019-12-20T11:52:18Z
2019,REG,DAL,16,00-0027663,LB,Sean Lee,Sean,Lee,,,,Pectoral,Thigh/Non-Injury,Did Not Participate In Practice,2019-12-20T11:48:42Z
2019,REG,DAL,16,00-0030196,S,Jeff Heath,Jeff,Heath,,,,Shoulder,Shoulder,Full Participation in Practice,2019-12-20T11:48:06Z
2019,REG,DAL,16,00-0032239,CB,Byron Jones,Byron,Jones,,,,Hip,,Full Participation in Practice,2019-12-20T11:48:06Z
2019,REG,DAL,16,00-0033928,CB,Jourdan Lewis,Jourdan,Lewis,,,,Knee,,Full Participation in Practice,2019-12-20T11:48:06Z
2019,REG,DAL,16,00-0027947,T,Tyron Smith,Tyron,Smith,,,,Eye,,Full Participation in Practice,2019-12-20T11:48:54Z
2019,REG,DAL,16,00-0032871,DT,Antwaun Woods,Antwaun,Woods,,,,Knee,,Full Participation in Practice,2019-12-20T11:48:06Z
2019,REG,DAL,16,00-0026618,DE,Michael Bennett,Michael,Bennett,,,,Foot,Illness,Limited Participation in Practice,2019-12-20T11:48:06Z
2019,REG,DAL,16,00-0031534,T,La'el Collins,La'el,Collins,,,,Knee,,Limited Participation in Practice,2019-12-20T11:48:06Z
2019,REG,DAL,16,00-0028664,P,Chris Jones,Chris,Jones,,,,Abdomen,,Limited Participation in Practice,2019-12-20T11:48:06Z
2019,REG,DAL,16,00-0031402,G,Zack Martin,Zack,Martin,,,,Ankle,,Limited Participation in Practice,2019-12-20T11:48:06Z
2019,REG,DAL,16,00-0033077,QB,Dak Prescott,Dak,Prescott,,,,right Shoulder,,Limited Participation in Practice,2019-12-20T11:48:06Z
2019,REG,DAL,16,00-0034674,LB,Leighton Vander Esch,Leighton,Vander Esch,Neck,,Out,Neck,,Did Not Participate In Practice,2019-12-20T11:49:56Z
2019,REG,DAL,16,00-0031357,CB,C.J. Goodwin,C.J.,Goodwin,Thumb,,Questionable,Thumb,,Limited Participation in Practice,2019-12-20T11:49:15Z
2019,REG,DAL,16,00-0031934,WR,Devin Smith,Devin,Smith,Knee,,Questionable,Knee,,Limited Participation in Practice,2019-12-20T11:49:15Z
2019,REG,DAL,16,00-0030761,LB,Joe Thomas,Joe,Thomas,Knee,,Questionable,Knee,,Limited Participation in Practice,2019-12-20T11:49:15Z
2019,REG,DEN,16,00-0034887,LB,A.J. Johnson,A.J.,Johnson,,,,Knee,,Full Participation in Practice,2019-12-20T12:04:59Z
2019,REG,DEN,16,00-0033659,LB,Joseph Jones,Joseph,Jones,,,,Back,,Full Participation in Practice,2019-12-20T12:05:13Z
2019,REG,DEN,16,00-0035704,QB,Drew Lock,Drew,Lock,,,,Illness,,Full Participation in Practice,2019-12-20T12:05:48Z
2019,REG,DEN,16,00-0033011,C,Connor McGovern,Connor,McGovern,,,,Illness,,Full Participation in Practice,2019-12-20T12:06:09Z
2019,REG,DEN,16,00-0027940,LB,Von Miller,Von,Miller,,,,Knee,,Full Participation in Practice,2019-12-20T12:04:59Z
2019,REG,DEN,16,00-0034118,C,Patrick Morris,Patrick,Morris,,,,Back,,Full Participation in Practice,2019-12-20T12:05:25Z
2019,REG,DEN,16,00-0032958,S,Will Parks,Will,Parks,,,,Hand,,Full Participation in Practice,2019-12-20T12:04:59Z
2019,REG,DEN,16,00-0033375,WR,Tim Patrick,Tim,Patrick,,,,Shoulder,,Full Participation in Practice,2019-12-20T12:04:59Z
2019,REG,DEN,16,00-0029890,DT,Mike Purcell,Mike,Purcell,,,,Shoulder,Knee,Full Participation in Practice,2019-12-20T12:04:59Z
2019,REG,DEN,16,00-0034954,LB,Malik Reed,Malik,Reed,,,,Ankle,,Full Participation in Practice,2019-12-20T12:04:59Z
2019,REG,DEN,16,00-0034112,G,Austin Schlottmann,Austin,Schlottmann,,,,Illness,,Full Participation in Practice,2019-12-20T12:05:58Z
2019,REG,DEN,16,00-0033064,DE,Adam Gotsis,Adam,Gotsis,Knee,,Out,Knee,,Did Not Participate In Practice,2019-12-20T12:07:30Z
2019,REG,DEN,16,00-0031417,T,Ja'Wuan James,Ja'Wuan,James,Knee,,Out,Knee,,Did Not Participate In Practice,2019-12-20T12:07:34Z
2019,REG,DEN,16,00-0029010,G,Ronald Leary,Ronald,Leary,Concussion,,Out,Concussion,,Did Not Participate In Practice,2019-12-20T12:07:50Z
2019,REG,DEN,16,00-0035702,G,Dalton Risner,Dalton,Risner,Illness,,Questionable,Illness,,Did Not Participate In Practice,2019-12-20T12:07:22Z
2019,REG,DEN,16,00-0035644,TE,Noah Fant,Noah,Fant,Shoulder,Illness,Questionable,Shoulder,Illness,Limited Participation in Practice,2019-12-20T12:07:22Z
2019,REG,DEN,16,00-0035678,DE,Dre'Mont Jones,Dre'Mont,Jones,Ankle,,Questionable,Ankle,,Limited Participation in Practice,2019-12-20T12:07:22Z
2019,REG,DEN,16,00-0032463,DT,Kyle Peko,Kyle,Peko,Illness,,Questionable,Illness,,Limited Participation in Practice,2019-12-20T12:07:22Z
2019,REG,DEN,16,00-0033782,DE,DeMarcus Walker,DeMarcus,Walker,Ankle,,Questionable,Ankle,,Limited Participation in Practice,2019-12-20T12:07:22Z
2019,REG,DET,16,00-0032470,LB,Steve Longa,Steve,Longa,,,,Quadricep,,Full Participation in Practice,2019-12-20T12:23:26Z
2019,REG,DET,16,00-0029040,DT,Damon Harrison,Damon,Harrison,,,,Knee,"Calf, Resting Veteran",Limited Participation in Practice,2019-12-20T12:23:29Z
2019,REG,DET,16,00-0031130,LB,Christian Jones,Christian,Jones,Shoulder,,Out,Shoulder,,Did Not Participate In Practice,2019-12-20T12:24:34Z
2019,REG,DET,16,00-0032889,DT,A'Shawn Robinson,A'Shawn,Robinson,Shoulder,,Out,Shoulder,,Did Not Participate In Practice,2019-12-20T12:24:40Z
2019,REG,DET,16,00-0029893,T,Rick Wagner,Rick,Wagner,Knee,,Out,Knee,,Did Not Participate In Practice,2019-12-20T12:24:28Z
2019,REG,DET,16,00-0031241,LB,Devon Kennard,Devon,Kennard,Hamstring,,Questionable,Hamstring,,Limited Participation in Practice,2019-12-20T12:24:15Z
2019,REG,DET,16,00-0034432,RB,Bo Scarbrough,Bo,Scarbrough,Ribs,,Questionable,Ribs,,Limited Participation in Practice,2019-12-20T12:24:15Z
2019,REG,GB,16,00-0027875,T,Bryan Bulaga,Bryan,Bulaga,,,,Not Injury Related,,Full Participation in Practice,2019-12-21T11:17:28Z
2019,REG,GB,16,00-0033524,CB,Kevin King,Kevin,King,,,,Shoulder,,Full Participation in Practice,2019-12-21T08:04:25Z
2019,REG,GB,16,00-0034186,T,Alex Light,Alex,Light,,,,Illness,,Full Participation in Practice,2019-12-21T08:04:25Z
2019,REG,GB,16,00-0032408,LB,Blake Martinez,Blake,Martinez,,,,Hand,Calf,Full Participation in Practice,2019-12-21T11:17:52Z
2019,REG,GB,16,00-0024061,CB,Tramon Williams,Tramon,Williams,,,,Not Injury Related,,Full Participation in Practice,2019-12-21T11:18:05Z
2019,REG,GB,16,00-0027696,TE,Jimmy Graham,Jimmy,Graham,,,,Wrist,Groin,Limited Participation in Practice,2019-12-21T08:04:25Z
2019,REG,GB,16,00-0024243,TE,Marcedes Lewis,Marcedes,Lewis,,,,Not Injury Related,,Limited Participation in Practice,2019-12-21T11:17:38Z
2019,REG,GB,16,00-0035084,T,Yosuah Nijman,Yosuah,Nijman,Elbow,Triceps,Out,Elbow,Triceps,Did Not Participate In Practice,2019-12-21T11:20:56Z
2019,REG,GB,16,00-0032412,DE,Dean Lowry,Dean,Lowry,Ankle,,Questionable,Ankle,,Full Participation in Practice,2019-12-21T11:20:22Z
2019,REG,HOU,16,00-0029738,TE,Darren Fells,Darren,Fells,,,,Hand,,Full Participation in Practice,2019-12-19T12:30:13Z
2019,REG,HOU,16,00-0030564,WR,DeAndre Hopkins,DeAndre,Hopkins,,,,Illness,,Full Participation in Practice,2019-12-19T12:30:19Z
2019,REG,HOU,16,00-0034163,LB,Jacob Martin,Jacob,Martin,Knee,,Out,Knee,,Did Not Participate In Practice,2019-12-19T12:31:02Z
2019,REG,HOU,16,00-0031553,LB,Benardrick McKinney,Benardrick,McKinney,Concussion,,Out,Concussion,,Did Not Participate In Practice,2019-12-19T12:30:55Z
2019,REG,HOU,16,00-0030312,S,Jahleel Addae,Jahleel,Addae,Achilles,,Questionable,Achilles,,Limited Participation in Practice,2019-12-19T12:30:38Z
2019,REG,HOU,16,00-0033127,WR,Will Fuller,Will,Fuller,Hamstring,,Questionable,Hamstring,,Limited Participation in Practice,2019-12-19T12:30:38Z
2019,REG,HOU,16,00-0031045,RB,Carlos Hyde,Carlos,Hyde,Ankle,,Questionable,Ankle,,Limited Participation in Practice,2019-12-19T12:30:38Z
2019,REG,HOU,16,00-0028063,RB,Taiwan Jones,Taiwan,Jones,Hamstring,,Questionable,Hamstring,,Limited Participation in Practice,2019-12-19T12:30:38Z
2019,REG,HOU,16,00-0032734,LB,Brennan Scarlett,Brennan,Scarlett,Achilles,Shoulder,Questionable,Achilles,Shoulder,Limited Participation in Practice,2019-12-19T12:30:38Z
2019,REG,IND,16,00-0027960,T,Anthony Castonzo,Anthony,Castonzo,,,,Not Injury Related,,Did Not Participate In Practice,2019-12-20T12:05:36Z
2019,REG,IND,16,00-0029608,WR,T.Y. Hilton,T.Y.,Hilton,,,,Not Injury Related,,Did Not Participate In Practice,2019-12-20T12:05:50Z
2019,REG,IND,16,00-0028008,DE,Justin Houston,Justin,Houston,,,,Not Injury Related,,Did Not Participate In Practice,2019-12-20T12:06:09Z
2019,REG,IND,16,00-0027975,DE,Jabaal Sheard,Jabaal,Sheard,,,,Not Injury Related,,Did Not Participate In Practice,2019-12-20T12:06:18Z
2019,REG,IND,16,00-0033570,LB,Anthony Walker,Anthony,Walker,,,,Hamstring,,Full Participation in Practice,2019-12-20T12:06:50Z
2019,REG,IND,16,00-0031254,DT,Denico Autry,Denico,Autry,Concussion,,Out,Concussion,,Did Not Participate In Practice,2019-12-20T12:07:05Z
2019,REG,IND,16,00-0033393,CB,Kenny Moore,Kenny,Moore,Ankle,,Out,Ankle,,Did Not Participate In Practice,2019-12-20T12:07:24Z
2019,REG,IND,16,00-0033544,CB,Quincy Wilson,Quincy,Wilson,Shoulder,,Out,Shoulder,,Did Not Participate In Practice,2019-12-20T12:07:35Z
2019,REG,IND,16,00-0033877,S,Malik Hooker,Malik,Hooker,Hand,,Questionable,Hand,,Full Participation in Practice,2019-12-20T12:07:16Z
2019,REG,JAX,16,00-0033452,LB,Austin Calitro,Austin,Calitro,,,,Shoulder,,Full Participation in Practice,2019-12-20T09:57:48Z
2019,REG,JAX,16,00-0026190,DE,Calais Campbell,Calais,Campbell,,,,Back,,Full Participation in Practice,2019-12-20T09:58:12Z
2019,REG,JAX,16,00-0029946,DT,Abry Jones,Abry,Jones,,,,Elbow,,Full Participation in Practice,2019-12-20T09:58:21Z
2019,REG,JAX,16,00-0031369,C,Brandon Linder,Brandon,Linder,,,,Knee,,Full Participation in Practice,2019-12-20T09:57:53Z
2019,REG,JAX,16,00-0035289,QB,Gardner Minshew,Gardner,Minshew,,,,right Shoulder,,Full Participation in Practice,2019-12-20T09:57:41Z
2019,REG,JAX,16,00-0032117,TE,Nick O'Leary,Nick,O'Leary,,,,Shoulder,,Full Participation in Practice,2019-12-20T09:58:06Z
2019,REG,JAX,16,00-0033889,T,Cam Robinson,Cam,Robinson,,,,Knee,,Full Participation in Practice,2019-12-20T09:58:00Z
2019,REG,JAX,16,00-0033839,WR,Dede Westbrook,Dede,Westbrook,,,,Neck,Shoulder,Full Participation in Practice,2019-12-20T09:57:34Z
2019,REG,JAX,16,00-0035642,DE,Josh Allen,Josh,Allen,,,,Shoulder,,Limited Participation in Practice,2019-12-20T09:57:34Z
2019,REG,JAX,16,00-0030228,CB,A.J. Bouye,A.J.,Bouye,,,,Hamstring,,Limited Participation in Practice,2019-12-20T09:57:34Z
2019,REG,JAX,16,00-0030572,CB,D.J. Hayden,D.J.,Hayden,,,,Knee,,Limited Participation in Practice,2019-12-20T09:57:34Z
2019,REG,JAX,16,00-0034777,WR,D.J. Chark,D.J.,Chark,Ankle,,Questionable,Ankle,,Limited Participation in Practice,2019-12-20T09:58:40Z
2019,REG,KC,16,00-0023534,P,Dustin Colquitt,Dustin,Colquitt,,,,right Knee,,Full Participation in Practice,2019-12-20T12:20:44Z
2019,REG,KC,16,00-0035147,CB,Rashad Fenton,Rashad,Fenton,,,,Hamstring,,Full Participation in Practice,2019-12-20T12:20:44Z
2019,REG,KC,16,00-0033084,CB,Kendall Fuller,Kendall,Fuller,,,,Thumb,,Full Participation in Practice,2019-12-20T12:20:44Z
2019,REG,KC,16,00-0035140,WR,Mecole Hardman,Mecole,Hardman,,,,Glute,,Full Participation in Practice,2019-12-20T12:21:31Z
2019,REG,KC,16,00-0033040,WR,Tyreek Hill,Tyreek,Hill,,,,Shoulder,,Full Participation in Practice,2019-12-20T12:20:44Z
2019,REG,KC,16,00-0033873,QB,Patrick Mahomes,Patrick,Mahomes,,,,right Hand,,Full Participation in Practice,2019-12-20T12:20:44Z
2019,REG,KC,16,00-0034818,DT,Derrick Nnadi,Derrick,Nnadi,,,,Elbow,,Full Participation in Practice,2019-12-20T12:20:44Z
2019,REG,KC,16,00-0030874,RB,Damien Williams,Damien,Williams,,,,Rib,,Full Participation in Practice,2019-12-20T12:20:51Z
2019,REG,KC,16,00-0033831,G,Andrew Wylie,Andrew,Wylie,Illness,Ankle / Shoulder,Out,Illness,Ankle / Shoulder,Did Not Participate In Practice,2019-12-20T12:22:33Z
2019,REG,KC,16,00-0029676,CB,Morris Claiborne,Morris,Claiborne,Shoulder,,Out,Shoulder,,Limited Participation in Practice,2019-12-20T12:22:41Z
2019,REG,LA,16,00-0032241,RB,Todd Gurley,Todd,Gurley,,,,Not Injury Related,,Did Not Participate In Practice,2019-12-19T14:08:21Z
2019,REG,LA,16,00-0033895,TE,Gerald Everett,Gerald,Everett,,,,Knee,,Full Participation in Practice,2019-12-19T14:08:00Z
2019,REG,LA,16,00-0033106,QB,Jared Goff,Jared,Goff,,,,right Thumb,,Full Participation in Practice,2019-12-19T14:08:00Z
2019,REG,LA,16,00-0024270,T,Andrew Whitworth,Andrew,Whitworth,,,,Not Injury Related,,Full Participation in Practice,2019-12-19T14:08:11Z
2019,REG,LA,16,00-0031785,CB,Troy Hill,Troy,Hill,Thumb,,Out,Thumb,,Did Not Participate In Practice,2019-12-19T14:07:56Z
2019,REG,LA,16,00-0029621,K,Greg Zuerlein,Greg,Zuerlein,right Quadricep,,Questionable,right Quadricep,,Did Not Participate In Practice,2019-12-19T12:59:24Z
2019,REG,LAC,16,00-0023448,LB,Thomas Davis,Thomas,Davis,,,,Not Injury Related,,Full Participation in Practice,2019-12-20T12:31:58Z
2019,REG,LAC,16,00-0034350,LB,Uchenna Nwosu,Uchenna,Nwosu,,,,Ankle,,Full Participation in Practice,2019-12-20T12:31:49Z
2019,REG,LAC,16,00-0033536,WR,Mike Williams,Mike,Williams,,,,Knee,,Full Participation in Practice,2019-12-20T12:31:49Z
2019,REG,LAC,16,00-0027859,T,Russell Okung,Russell,Okung,Groin,,Doubtful,Groin,,Did Not Participate In Practice,2019-12-20T12:32:26Z
2019,REG,LAC,16,00-0034440,RB,Justin Jackson,Justin,Jackson,Hamstring,,Questionable,Hamstring,,Limited Participation in Practice,2019-12-20T12:32:11Z
2019,REG,MIA,16,00-0033939,LB,Vince Biegel,Vince,Biegel,,,,Achilles,,Full Participation in Practice,2019-12-20T11:28:42Z
2019,REG,MIA,16,00-0023682,QB,Ryan Fitzpatrick,Ryan,Fitzpatrick,,,,right Shoulder,,Full Participation in Practice,2019-12-20T11:28:42Z
2019,REG,MIA,16,00-0034829,TE,Mike Gesicki,Mike,Gesicki,,,,Hip,,Full Participation in Practice,2019-12-20T11:28:42Z
2019,REG,MIA,16,00-0028101,C,Daniel Kilgore,Daniel,Kilgore,,,,Finger,,Full Participation in Practice,2019-12-20T11:28:42Z
2019,REG,MIA,16,00-0035342,RB,Patrick Laird,Patrick,Laird,,,,Knee,,Full Participation in Practice,2019-12-20T11:28:42Z
2019,REG,MIA,16,00-0033574,DE,Avery Moss,Avery,Moss,,,,Hip,,Full Participation in Practice,2019-12-18T12:20:24Z
2019,REG,MIA,16,00-0035346,CB,Nik Needham,Nik,Needham,,,,Groin,,Full Participation in Practice,2019-12-20T11:28:42Z
2019,REG,MIA,16,00-0031547,WR,DeVante Parker,DeVante,Parker,,,,Hip,,Full Participation in Practice,2019-12-20T11:28:42Z
2019,REG,MIA,16,00-0030669,WR,Albert Wilson,Albert,Wilson,,,,Hip,,Full Participation in Practice,2019-12-20T11:28:42Z
2019,REG,MIA,16,00-0030821,WR,Allen Hurns,Allen,Hurns,,,,Ankle,Knee,Limited Participation in Practice,2019-12-20T11:28:42Z
2019,REG,MIA,16,00-0035310,RB,Chandler Cox,Chandler,Cox,Shoulder,,Questionable,Shoulder,,Full Participation in Practice,2019-12-20T11:31:37Z
2019,REG,MIA,16,00-0032777,C,Evan Boehm,Evan,Boehm,Ankle,,Questionable,Ankle,,Limited Participation in Practice,2019-12-20T11:30:33Z
2019,REG,MIA,16,00-0033541,DE,Taco Charlton,Taco,Charlton,Ankle,,Questionable,Ankle,,Limited Participation in Practice,2019-12-20T11:30:33Z
2019,REG,MIA,16,00-0034794,K,Jason Sanders,Jason,Sanders,Illness,,Questionable,Illness,,Limited Participation in Practice,2019-12-20T11:30:33Z
2019,REG,MIA,16,00-0034285,DT,Zach Sieler,Zach,Sieler,Ankle,,Questionable,Ankle,,Limited Participation in Practice,2019-12-20T11:30:33Z
2019,REG,MIN,16,00-0027885,DT,Linval Joseph,Linval,Joseph,,,,Knee,,Full Participation in Practice,2019-12-21T10:42:13Z
2019,REG,MIN,16,00-0032454,S,Jayron Kearse,Jayron,Kearse,,,,Toe,,Full Participation in Practice,2019-12-21T10:42:13Z
2019,REG,MIN,16,00-0030575,CB,Xavier Rhodes,Xavier,Rhodes,,,,Ankle,,Full Participation in Practice,2019-12-21T10:42:13Z
2019,REG,MIN,16,00-0031242,DT,Shamar Stephen,Shamar,Stephen,,,,Knee,,Full Participation in Practice,2019-12-21T10:42:13Z
2019,REG,MIN,16,00-0033893,RB,Dalvin Cook,Dalvin,Cook,Chest,,Out,Chest,,Did Not Participate In Practice,2019-12-21T10:42:31Z
2019,REG,MIN,16,00-0034972,RB,Alexander Mattison,Alexander,Mattison,Ankle,,Questionable,Ankle,,Limited Participation in Practice,2019-12-21T10:42:25Z
2019,REG,NE,16,00-0032143,DT,Danny Shelton,Danny,Shelton,,,,Shoulder,,Full Participation in Practice,2019-12-19T12:47:32Z
2019,REG,NE,16,00-0032580,CB,Jonathan Jones,Jonathan,Jones,Groin,,Out,Groin,,Did Not Participate In Practice,2019-12-19T12:48:14Z
2019,REG,NE,16,00-0034385,LB,Ja'Whaun Bentley,Ja'Whaun,Bentley,Knee,,Questionable,Knee,,Limited Participation in Practice,2019-12-19T12:47:53Z
2019,REG,NE,16,00-0030421,LB,Jamie Collins,Jamie,Collins,Shoulder,,Questionable,Shoulder,,Limited Participation in Practice,2019-12-19T12:47:53Z
2019,REG,NE,16,00-0027150,WR,Julian Edelman,Julian,Edelman,Knee,Shoulder,Questionable,Knee,Shoulder,Limited Participation in Practice,2019-12-19T12:47:53Z
2019,REG,NE,16,00-0027136,CB,Jason McCourty,Jason,McCourty,Groin,,Questionable,Groin,,Limited Participation in Practice,2019-12-19T12:47:53Z
2019,REG,NO,16,00-0030067,T,Terron Armstead,Terron,Armstead,,,,Ankle,,Full Participation in Practice,2019-12-20T12:05:41Z
2019,REG,NO,16,00-0033888,T,Ryan Ramczyk,Ryan,Ramczyk,,,,Knee,,Full Participation in Practice,2019-12-20T12:05:50Z
2019,REG,NO,16,00-0030401,LB,Kiko Alonso,Kiko,Alonso,Quadricep,,Out,Quadricep,,Did Not Participate In Practice,2019-12-20T12:06:54Z
2019,REG,NO,16,00-0032939,S,Vonn Bell,Vonn,Bell,Knee,,Out,Knee,,Did Not Participate In Practice,2019-12-20T12:07:17Z
2019,REG,NO,16,00-0030065,G,Larry Warford,Larry,Warford,Knee,,Out,Knee,,Did Not Participate In Practice,2019-12-20T12:07:30Z
2019,REG,NO,16,00-0035253,S,Chauncey Gardner-Johnson,Chauncey,Gardner-Johnson,Concussion,,Questionable,Concussion,,Full Participation in Practice,2019-12-20T12:06:45Z
2019,REG,NO,16,00-0027882,CB,Patrick Robinson,Patrick,Robinson,Calf,,Questionable,Calf,,Full Participation in Practice,2019-12-20T12:06:45Z
2019,REG,NO,16,00-0032203,G,Andrus Peat,Andrus,Peat,Forearm,,Questionable,Forearm,,Limited Participation in Practice,2019-12-20T12:06:45Z
2019,REG,NYG,16,00-0024421,S,Antoine Bethea,Antoine,Bethea,,,,Not Injury Related,,Full Participation in Practice,2019-12-20T09:06:35Z
2019,REG,NYG,16,00-0032933,CB,Antonio Hamilton,Antonio,Hamilton,,,,Not Injury Related,,Full Participation in Practice,2019-12-20T09:06:46Z
2019,REG,NYG,16,00-0035710,QB,Daniel Jones,Daniel,Jones,,,,Ankle,,Full Participation in Practice,2019-12-20T09:06:28Z
2019,REG,NYG,16,00-0035708,LB,Oshane Ximines,Oshane,Ximines,,,,Ankle,,Full Participation in Practice,2019-12-20T09:06:28Z
2019,REG,NYG,16,00-0029592,G,Kevin Zeitler,Kevin,Zeitler,,,,Ankle,,Full Participation in Practice,2019-12-20T09:06:56Z
2019,REG,NYG,16,00-0029587,TE,Rhett Ellison,Rhett,Ellison,Concussion,,Out,Concussion,,Limited Participation in Practice,2019-12-20T09:09:05Z
2019,REG,NYJ,16,00-0033642,LB,B.J. Bello,B.J.,Bello,,,,Illness,,Full Participation in Practice,2019-12-20T12:38:57Z
2019,REG,NYJ,16,00-0032438,CB,Maurice Canady,Maurice,Canady,,,,Shoulder,,Full Participation in Practice,2019-12-20T12:38:57Z
2019,REG,NYJ,16,00-0032793,S,Blake Countess,Blake,Countess,,,,Ankle,,Full Participation in Practice,2019-12-20T12:38:57Z
2019,REG,NYJ,16,00-0034869,QB,Sam Darnold,Sam,Darnold,,,,Knee,left Thumb,Full Participation in Practice,2019-12-20T12:38:57Z
2019,REG,NYJ,16,00-0031076,QB,David Fales,David,Fales,,,,right Elbow,,Full Participation in Practice,2019-12-20T12:38:57Z
2019,REG,NYJ,16,00-0031188,S,Bennett Jackson,Bennett,Jackson,,,,Illness,,Full Participation in Practice,2019-12-20T12:38:57Z
2019,REG,NYJ,16,00-0035507,DE,Kyle Phillips,Kyle,Phillips,,,,Hip,,Full Participation in Practice,2019-12-20T12:38:57Z
2019,REG,NYJ,16,00-0031031,T,Brent Qvale,Brent,Qvale,,,,Knee,,Full Participation in Practice,2019-12-20T12:38:57Z
2019,REG,NYJ,16,00-0034760,DE,Nathan Shepherd,Nathan,Shepherd,,,,Rib,Ankle,Full Participation in Practice,2019-12-20T12:38:57Z
2019,REG,NYJ,16,00-0029144,G,Tom Compton,Tom,Compton,Calf,,Doubtful,Calf,,Did Not Participate In Practice,2019-12-20T12:41:08Z
2019,REG,NYJ,16,00-0027874,WR,Demaryius Thomas,Demaryius,Thomas,Hamstring,Knee,Doubtful,Hamstring,Knee,Did Not Participate In Practice,2019-12-20T12:41:46Z
2019,REG,NYJ,16,00-0033872,S,Jamal Adams,Jamal,Adams,Ankle,,Questionable,Ankle,,Limited Participation in Practice,2019-12-20T12:40:44Z
2019,REG,NYJ,16,00-0032269,DE,Henry Anderson,Henry,Anderson,Shoulder,,Questionable,Shoulder,,Limited Participation in Practice,2019-12-20T12:40:44Z
2019,REG,NYJ,16,00-0032688,WR,Robby Anderson,Robby,Anderson,Illness,,Questionable,Illness,,Limited Participation in Practice,2019-12-20T12:40:44Z
2019,REG,NYJ,16,00-0029316,T,Kelvin Beachum,Kelvin,Beachum,Ankles,,Questionable,Ankles,,Limited Participation in Practice,2019-12-20T12:40:44Z
2019,REG,NYJ,16,00-0033503,CB,Arthur Maulet,Arthur,Maulet,Calf,,Questionable,Calf,,Limited Participation in Practice,2019-12-20T12:40:44Z
2019,REG,NYJ,16,00-0026564,DT,Steve McLendon,Steve,McLendon,Knee,Hip,Questionable,Knee,Hip,Limited Participation in Practice,2019-12-20T12:40:44Z
2019,REG,NYJ,16,00-0032596,CB,Brian Poole,Brian,Poole,Concussion,Ankle,Questionable,Concussion,Ankle,Limited Participation in Practice,2019-12-20T12:40:44Z
2019,REG,NYJ,16,00-0028064,RB,Bilal Powell,Bilal,Powell,Ankle,,Questionable,Ankle,,Limited Participation in Practice,2019-12-20T12:40:44Z
2019,REG,NYJ,16,00-0035718,DT,Quinnen Williams,Quinnen,Williams,Neck,,Questionable,Neck,,Limited Participation in Practice,2019-12-20T12:40:44Z
2019,REG,OAK,16,00-0032071,T,Trenton Brown,Trenton,Brown,,,,Pectoral,,Did Not Participate In Practice,2019-12-18T13:45:52Z
2019,REG,OAK,16,00-0034262,DT,P.J. Hall,P.J.,Hall,,,,Illness,,Full Participation in Practice,2019-12-20T12:16:32Z
2019,REG,OAK,16,00-0031176,CB,Nevin Lawson,Nevin,Lawson,,,,Biceps,,Full Participation in Practice,2019-12-20T12:16:50Z
2019,REG,OAK,16,00-0034726,S,Dallin Leavitt,Dallin,Leavitt,,,,Elbow,,Full Participation in Practice,2019-12-20T12:16:56Z
2019,REG,OAK,16,00-0034983,WR,Hunter Renfrow,Hunter,Renfrow,,,,Rib,,Full Participation in Practice,2019-12-20T12:17:03Z
2019,REG,OAK,16,00-0029647,LB,Kyle Wilber,Kyle,Wilber,,,,Ankle,,Full Participation in Practice,2019-12-20T12:17:09Z
2019,REG,OAK,16,00-0032891,CB,Daryl Worley,Daryl,Worley,,,,Neck,,Full Participation in Practice,2019-12-20T12:17:14Z
2019,REG,OAK,16,00-0027993,C,Rodney Hudson,Rodney,Hudson,,,,Ankle,,Limited Participation in Practice,2019-12-20T12:16:26Z
2019,REG,OAK,16,00-0031367,G,Gabe Jackson,Gabe,Jackson,,,,Knee,,Limited Participation in Practice,2019-12-20T12:16:41Z
2019,REG,OAK,16,00-0023516,G,Richie Incognito,Richie,Incognito,Ankle,,Out,Ankle,,Did Not Participate In Practice,2019-12-20T12:17:47Z
2019,REG,OAK,16,00-0035700,RB,Josh Jacobs,Josh,Jacobs,Shoulder,,Out,Shoulder,,Did Not Participate In Practice,2019-12-20T12:17:55Z
2019,REG,OAK,16,00-0033956,LB,Marquel Lee,Marquel,Lee,Toe,,Out,Toe,,Did Not Participate In Practice,2019-12-20T12:18:04Z
2019,REG,PHI,16,00-0029679,G,Brandon Brooks,Brandon,Brooks,,,,Calf,,Full Participation in Practice,2019-12-20T10:41:23Z
2019,REG,PHI,16,00-0029653,DT,Fletcher Cox,Fletcher,Cox,,,,Triceps,,Full Participation in Practice,2019-12-20T10:45:42Z
2019,REG,PHI,16,00-0032195,CB,Ronald Darby,Ronald,Darby,,,,Hip Flexor,,Full Participation in Practice,2019-12-20T10:45:52Z
2019,REG,PHI,16,00-0035246,WR,J.J. Arcega-Whiteside,J.J.,Arcega-Whiteside,,,,Foot,,Limited Participation in Practice,2019-12-20T10:40:49Z
2019,REG,PHI,16,00-0030561,T,Lane Johnson,Lane,Johnson,Ankle,,Out,Ankle,,Did Not Participate In Practice,2019-12-20T11:15:02Z
2019,REG,PHI,16,00-0031549,WR,Nelson Agholor,Nelson,Agholor,Knee,,Questionable,Knee,,Did Not Participate In Practice,2019-12-20T10:48:21Z
2019,REG,PHI,16,00-0033876,DE,Derek Barnett,Derek,Barnett,Ankle,,Questionable,Ankle,,Limited Participation in Practice,2019-12-20T10:48:21Z
2019,REG,PHI,16,00-0032780,RB,Jordan Howard,Jordan,Howard,Shoulder,,Questionable,Shoulder,,Limited Participation in Practice,2019-12-20T10:48:21Z
2019,REG,PHI,16,00-0034377,CB,Avonte Maddox,Avonte,Maddox,Knee,,Questionable,Knee,,Limited Participation in Practice,2019-12-20T10:48:21Z
2019,REG,PIT,16,00-0029670,LB,Mark Barron,Mark,Barron,,,,Not Injury Related,,Full Participation in Practice,2019-12-20T10:26:12Z
2019,REG,PIT,16,00-0033103,CB,Artie Burns,Artie,Burns,,,,Illness,,Full Participation in Practice,2019-12-20T10:26:12Z
2019,REG,PIT,16,00-0029678,G,David DeCastro,David,DeCastro,,,,Not Injury Related,,Full Participation in Practice,2019-12-20T10:26:12Z
2019,REG,PIT,16,00-0026561,G,Ramon Foster,Ramon,Foster,,,,Not Injury Related,,Full Participation in Practice,2019-12-20T10:26:32Z
2019,REG,PIT,16,00-0027860,CB,Joe Haden,Joe,Haden,,,,Foot,,Full Participation in Practice,2019-12-20T10:26:26Z
2019,REG,PIT,16,00-0030470,TE,Vance McDonald,Vance,McDonald,,,,Concussion,,Full Participation in Practice,2019-12-20T10:26:12Z
2019,REG,PIT,16,00-0027870,C,Maurkice Pouncey,Maurkice,Pouncey,,,,Not Injury Related,,Full Participation in Practice,2019-12-20T10:26:12Z
2019,REG,PIT,16,00-0033857,WR,JuJu Smith-Schuster,JuJu,Smith-Schuster,,,,Knee,,Full Participation in Practice,2019-12-20T10:26:12Z
2019,REG,PIT,16,00-0032394,TE,Nick Vannett,Nick,Vannett,,,,Illness,,Full Participation in Practice,2019-12-20T10:26:22Z
2019,REG,PIT,16,00-0030648,T,Alejandro Villanueva,Alejandro,Villanueva,,,,Not Injury Related,,Full Participation in Practice,2019-12-20T10:26:12Z
2019,REG,PIT,16,00-0033886,LB,T.J. Watt,T.J.,Watt,,,,Not Injury Related,,Full Participation in Practice,2019-12-20T10:26:12Z
2019,REG,SEA,16,00-0027723,DT,Al Woods,Al,Woods,,,,Ankle,,Did Not Participate In Practice,2019-12-19T16:00:41Z
2019,REG,SEA,16,00-0030059,DE,Ezekiel Ansah,Ezekiel,Ansah,,,,Neck,,Full Participation in Practice,2019-12-20T14:58:57Z
2019,REG,SEA,16,00-0035672,LB,Cody Barton,Cody,Barton,,,,Thigh,,Full Participation in Practice,2019-12-20T14:58:57Z
2019,REG,SEA,16,00-0032466,T,George Fant,George,Fant,,,,Illness,,Full Participation in Practice,2019-12-20T14:58:57Z
2019,REG,SEA,16,00-0032211,WR,Tyler Lockett,Tyler,Lockett,,,,Not Injury Related,,Full Participation in Practice,2019-12-20T14:59:54Z
2019,REG,SEA,16,00-0029255,LB,Bobby Wagner,Bobby,Wagner,,,,Ankle,,Full Participation in Practice,2019-12-20T14:59:59Z
2019,REG,SEA,16,00-0030089,TE,Luke Willson,Luke,Willson,,,,Hamstring,,Full Participation in Practice,2019-12-20T15:00:09Z
2019,REG,SEA,16,00-0032443,C,Joey Hunt,Joey,Hunt,,,,Fibula,,Limited Participation in Practice,2019-12-20T14:58:57Z
2019,REG,SEA,16,00-0027869,G,Mike Iupati,Mike,Iupati,,,,Neck,Ankle,Limited Participation in Practice,2019-12-20T14:58:57Z
2019,REG,SEA,16,00-0030565,QB,Geno Smith,Geno,Smith,,,,right Finger,,Limited Participation in Practice,2019-12-20T15:00:30Z
2019,REG,SEA,16,00-0031364,DE,Jadeveon Clowney,Jadeveon,Clowney,Core,,Doubtful,Core,,Did Not Participate In Practice,2019-12-20T13:01:13Z
2019,REG,SEA,16,00-0031608,S,Quandre Diggs,Quandre,Diggs,Ankle,,Doubtful,Ankle,,Did Not Participate In Practice,2019-12-20T13:00:49Z
2019,REG,SEA,16,00-0026166,T,Duane Brown,Duane,Brown,Knee,Biceps,Questionable,Knee,Biceps,Did Not Participate In Practice,2019-12-20T13:01:30Z
2019,REG,SEA,16,00-0033926,CB,Shaquill Griffin,Shaquill,Griffin,Hamstring,,Questionable,Hamstring,,Did Not Participate In Practice,2019-12-20T13:01:40Z
2019,REG,SEA,16,00-0029409,LB,Mychal Kendricks,Mychal,Kendricks,Hamstring,,Questionable,Hamstring,,Limited Participation in Practice,2019-12-20T13:01:52Z
2019,REG,SF,16,00-0028092,CB,Richard Sherman,Richard,Sherman,,,,Hamstring,,Full Participation in Practice,2019-12-19T13:22:07Z
2019,REG,SF,16,00-0031253,CB,K'Waun Williams,K'Waun,Williams,,,,Concussion,,Full Participation in Practice,2019-12-19T13:22:07Z
2019,REG,SF,16,00-0031297,DE,Dee Ford,Dee,Ford,Quadricep,Hamstring,Out,Quadricep,Hamstring,Did Not Participate In Practice,2019-12-19T13:23:09Z
2019,REG,SF,16,00-0032057,S,Jaquiski Tartt,Jaquiski,Tartt,Ribs,,Out,Ribs,,Did Not Participate In Practice,2019-12-19T13:23:22Z
2019,REG,SF,16,00-0034283,DT,Jullian Taylor,Jullian,Taylor,Elbow,,Out,Elbow,,Limited Participation in Practice,2019-12-19T13:23:37Z
2019,REG,SF,16,00-0028177,G,Mike Person,Mike,Person,Neck,,Questionable,Neck,,Limited Participation in Practice,2019-12-19T13:23:02Z
2019,REG,TB,16,00-0031408,WR,Mike Evans,Mike,Evans,,,,Hamstring,,Did Not Participate In Practice,2019-12-17T12:43:26Z
2019,REG,TB,16,00-0035298,WR,Scott Miller,Scott,Miller,,,,Hamstring,,Did Not Participate In Practice,2019-12-17T12:44:43Z
2019,REG,TB,16,00-0027855,DT,Ndamukong Suh,Ndamukong,Suh,,,,Not Injury Related,,Did Not Participate In Practice,2019-12-19T12:41:26Z
2019,REG,TB,16,00-0034374,S,Jordan Whitehead,Jordan,Whitehead,,,,Hamstring,,Did Not Participate In Practice,2019-12-17T12:47:02Z
2019,REG,TB,16,00-0026814,T,Demar Dotson,Demar,Dotson,,,,Not Injury Related,,Full Participation in Practice,2019-12-19T12:40:15Z
2019,REG,TB,16,00-0035269,K,Matt Gay,Matt,Gay,,,,right Groin,,Full Participation in Practice,2019-12-19T12:40:37Z
2019,REG,TB,16,00-0035254,LB,Anthony Nelson,Anthony,Nelson,,,,Hamstring,,Full Participation in Practice,2019-12-19T12:40:15Z
2019,REG,TB,16,00-0027867,LB,Jason Pierre-Paul,Jason,Pierre-Paul,,,,Knee,,Full Participation in Practice,2019-12-19T12:40:15Z
2019,REG,TB,16,00-0031089,DT,Beau Allen,Beau,Allen,Ankle,,Out,Ankle,,Did Not Participate In Practice,2019-12-19T12:41:34Z
2019,REG,TB,16,00-0033921,WR,Chris Godwin,Chris,Godwin,Hamstring,,Out,Hamstring,,Did Not Participate In Practice,2019-12-19T12:41:43Z
2019,REG,TB,16,00-0034613,TE,Tanner Hudson,Tanner,Hudson,Concussion,,Out,Concussion,,Did Not Participate In Practice,2019-12-19T12:41:50Z
2019,REG,TB,16,00-0029895,C,Ryan Jensen,Ryan,Jensen,Elbow,,Questionable,Elbow,,Full Participation in Practice,2019-12-19T12:42:36Z
2019,REG,TB,16,00-0031503,QB,Jameis Winston,Jameis,Winston,right Thumb,Knee,Questionable,right Thumb,Knee,Full Participation in Practice,2019-12-19T12:41:28Z
2019,REG,TB,16,00-0034778,CB,Carlton Davis,Carlton,Davis,Ankle,,Questionable,Ankle,,Limited Participation in Practice,2019-12-19T12:41:28Z
2019,REG,TB,16,00-0032217,T,Donovan Smith,Donovan,Smith,Ankle,Knee,Questionable,Ankle,Knee,Limited Participation in Practice,2019-12-19T12:41:28Z
2019,REG,TEN,16,00-0029794,LB,Daren Bates,Daren,Bates,,,,Shoulder,,Full Participation in Practice,2019-12-20T11:37:39Z
2019,REG,TEN,16,00-0033871,WR,Corey Davis,Corey,Davis,,,,Ankle,,Full Participation in Practice,2019-12-20T11:37:47Z
2019,REG,TEN,16,00-0028087,RB,Dion Lewis,Dion,Lewis,,,,Ankle,,Full Participation in Practice,2019-12-20T11:38:00Z
2019,REG,TEN,16,00-0032464,WR,Kalif Raymond,Kalif,Raymond,,,,Knee,,Full Participation in Practice,2019-12-20T11:37:39Z
2019,REG,TEN,16,00-0025828,LB,Wesley Woodyard,Wesley,Woodyard,,,,Knee,,Full Participation in Practice,2019-12-20T11:37:39Z
2019,REG,TEN,16,00-0032009,WR,Adam Humphries,Adam,Humphries,Ankle,,Out,Ankle,,Did Not Participate In Practice,2019-12-20T11:38:48Z
2019,REG,TEN,16,00-0033878,CB,Adoree' Jackson,Adoree',Jackson,Foot,,Out,Foot,,Did Not Participate In Practice,2019-12-20T11:38:54Z
2019,REG,TEN,16,00-0035643,DT,Jeffery Simmons,Jeffery,Simmons,Knee,,Questionable,Knee,,Did Not Participate In Practice,2019-12-20T11:38:30Z
2019,REG,TEN,16,00-0032764,RB,Derrick Henry,Derrick,Henry,Hamstring,,Questionable,Hamstring,,Full Participation in Practice,2019-12-21T12:54:56Z
2019,REG,WAS,16,00-0033523,DE,Jonathan Allen,Jonathan,Allen,,,,Toe,,Full Participation in Practice,2019-12-20T09:55:51Z
2019,REG,WAS,16,00-0033525,LB,Ryan Anderson,Ryan,Anderson,,,,Shoulder,Hand,Full Participation in Practice,2019-12-20T09:55:35Z
2019,REG,WAS,16,00-0035232,QB,Dwayne Haskins,Dwayne,Haskins,,,,Ankle,,Full Participation in Practice,2019-12-20T09:55:35Z
2019,REG,WAS,16,00-0035286,LB,Cole Holcomb,Cole,Holcomb,,,,Thumb,,Full Participation in Practice,2019-12-20T09:55:35Z
2019,REG,WAS,16,00-0033527,S,Montae Nicholson,Montae,Nicholson,,,,Ankle,,Full Participation in Practice,2019-12-20T09:55:59Z
2019,REG,WAS,16,00-0023894,T,Donald Penn,Donald,Penn,,,,Knee,,Full Participation in Practice,2019-12-20T09:56:03Z
2019,REG,WAS,16,00-0025394,RB,Adrian Peterson,Adrian,Peterson,,,,Toe,,Full Participation in Practice,2019-12-20T09:56:15Z
2019,REG,WAS,16,00-0034928,WR,Steven Sims,Steven,Sims,,,,Not Injury Related,,Full Participation in Practice,2019-12-20T09:56:11Z
2019,REG,WAS,16,00-0032007,CB,Quinton Dunbar,Quinton,Dunbar,Hamstring,,Out,Hamstring,,Did Not Participate In Practice,2019-12-20T09:56:40Z
2019,REG,WAS,16,00-0033918,CB,Fabian Moreau,Fabian,Moreau,Hamstring,,Doubtful,Hamstring,,Did Not Participate In Practice,2019-12-20T09:56:48Z
2019,REG,WAS,16,00-0032262,S,Landon Collins,Landon,Collins,Achilles,,Questionable,Achilles,,Full Participation in Practice,2019-12-20T09:56:33Z
2019,REG,ARI,17,00-0033890,S,Budda Baker,Budda,Baker,,,,Quadricep,,Full Participation in Practice,2019-12-27T12:50:15Z
2019,REG,ARI,17,00-0029585,LB,Chandler Jones,Chandler,Jones,,,,Thumb,,Full Participation in Practice,2019-12-27T12:50:25Z
2019,REG,ARI,17,00-0030585,G,Justin Pugh,Justin,Pugh,,,,Back,,Full Participation in Practice,2019-12-27T12:50:31Z
2019,REG,ARI,17,00-0032560,S,Charles Washington,Charles,Washington,,,,Calf,,Full Participation in Practice,2019-12-27T12:50:35Z
2019,REG,ARI,17,00-0033258,TE,Darrell Daniels,Darrell,Daniels,Biceps,,Out,Biceps,,Did Not Participate In Practice,2019-12-27T12:51:13Z
2019,REG,ARI,17,00-0028112,TE,Charles Clay,Charles,Clay,Calf,,Questionable,Calf,,Did Not Participate In Practice,2019-12-27T12:50:56Z
2019,REG,ARI,17,00-0035228,QB,Kyler Murray,Kyler,Murray,Hamstring,,Questionable,Hamstring,,Limited Participation in Practice,2019-12-27T12:50:56Z
2019,REG,ATL,17,00-0032401,LB,De'Vondre Campbell,De'Vondre,Campbell,,,,Not Injury Related,,Did Not Participate In Practice,2019-12-26T12:47:00Z
2019,REG,ATL,17,00-0026997,C,Alex Mack,Alex,Mack,,,,Not Injury Related,,Did Not Participate In Practice,2019-12-26T12:47:13Z
2019,REG,ATL,17,00-0031181,S,Ricardo Allen,Ricardo,Allen,,,,Shoulder,Knee,Full Participation in Practice,2019-12-27T12:19:40Z
2019,REG,ATL,17,00-0030465,RB,Kenjon Barner,Kenjon,Barner,,,,Shoulder,Hip,Full Participation in Practice,2019-12-27T12:19:44Z
2019,REG,ATL,17,00-0034788,TE,Jaeden Graham,Jaeden,Graham,,,,Knee,,Full Participation in Practice,2019-12-25T06:35:16Z
2019,REG,ATL,17,00-0027944,WR,Julio Jones,Julio,Jones,,,,Knee,Shoulder,Full Participation in Practice,2019-12-27T12:19:49Z
2019,REG,ATL,17,00-0028024,DE,Allen Bailey,Allen,Bailey,,,,Hand,,Limited Participation in Practice,2019-12-27T12:18:34Z
2019,REG,ATL,17,00-0032244,G,Jamon Brown,Jamon,Brown,Illness,,Out,Illness,,Did Not Participate In Practice,2019-12-27T12:20:15Z
2019,REG,ATL,17,00-0027958,DE,Adrian Clayborn,Adrian,Clayborn,Knee,,Out,Knee,,Did Not Participate In Practice,2019-12-27T12:20:40Z
2019,REG,ATL,17,00-0034646,WR,Brandon Powell,Brandon,Powell,Wrist,,Out,Wrist,,Did Not Participate In Practice,2019-12-27T12:20:25Z
2019,REG,BAL,17,00-0026280,CB,Brandon Carr,Brandon,Carr,,,,Not Injury Related,,Full Participation in Practice,2019-12-27T11:40:58Z
2019,REG,BAL,17,00-0030511,DT,Brandon Williams,Brandon,Williams,,,,Not Injury Related,,Full Participation in Practice,2019-12-27T11:41:47Z
2019,REG,BAL,17,00-0033913,DE,Chris Wormley,Chris,Wormley,,,,Not Injury Related,,Full Participation in Practice,2019-12-27T11:41:53Z
2019,REG,BAL,17,00-0027966,RB,Mark Ingram,Mark,Ingram,Calf,,Out,Calf,,Did Not Participate In Practice,2019-12-27T11:42:51Z
2019,REG,BAL,17,00-0035662,WR,Marquise Brown,Marquise,Brown,Illness,,Questionable,Illness,,Did Not Participate In Practice,2019-12-27T11:42:40Z
2019,REG,BAL,17,00-0027866,S,Earl Thomas,Earl,Thomas,Knee,Hand,Questionable,Knee,Hand,Did Not Participate In Practice,2019-12-27T11:42:40Z
2019,REG,BAL,17,00-0032165,CB,Marcus Peters,Marcus,Peters,Chest,,Questionable,Chest,,Full Participation in Practice,2019-12-27T11:42:40Z
2019,REG,BAL,17,00-0034753,TE,Mark Andrews,Mark,Andrews,Ankle,,Questionable,Ankle,,Limited Participation in Practice,2019-12-27T11:42:40Z
2019,REG,BAL,17,00-0027965,CB,Jimmy Smith,Jimmy,Smith,Groin,,Questionable,Groin,,Limited Participation in Practice,2019-12-27T11:42:40Z
2019,REG,BUF,17,00-0023259,LB,Lorenzo Alexander,Lorenzo,Alexander,,,,Rest,,Full Participation in Practice,2019-12-27T11:35:39Z
2019,REG,BUF,17,00-0031936,C,Mitch Morse,Mitch,Morse,,,,Ankle,,Full Participation in Practice,2019-12-27T11:35:22Z
2019,REG,BUF,17,00-0033096,DE,Shaq Lawson,Shaq,Lawson,Hamstring,,Out,Hamstring,,Did Not Participate In Practice,2019-12-27T11:35:53Z
2019,REG,BUF,17,00-0027691,WR,Andre Roberts,Andre,Roberts,Foot,,Out,Foot,,Did Not Participate In Practice,2019-12-27T11:36:01Z
2019,REG,BUF,17,00-0029709,T,Ty Nsekhe,Ty,Nsekhe,Ankle,,Questionable,Ankle,,Limited Participation in Practice,2019-12-27T11:35:46Z
2019,REG,CAR,17,00-0031261,S,Tre Boston,Tre,Boston,,,,Shoulder,,Full Participation in Practice,2019-12-27T10:51:30Z
2019,REG,CAR,17,00-0035713,LB,Brian Burns,Brian,Burns,,,,Shoulder,,Full Participation in Practice,2019-12-27T10:51:24Z
2019,REG,CAR,17,00-0032578,DT,Woodrow Hamilton,Woodrow,Hamilton,,,,Illness,,Full Participation in Practice,2019-12-27T10:51:24Z
2019,REG,CAR,17,00-0027236,DT,Kyle Love,Kyle,Love,,,,Ankle,,Full Participation in Practice,2019-12-27T10:51:24Z
2019,REG,CAR,17,00-0027856,DT,Gerald McCoy,Gerald,McCoy,,,,Knee,,Full Participation in Practice,2019-12-27T10:51:24Z
2019,REG,CAR,17,00-0025418,TE,Greg Olsen,Greg,Olsen,,,,Knee,,Full Participation in Practice,2019-12-27T10:51:44Z
2019,REG,CAR,17,00-0034430,LB,Andre Smith,Andre,Smith,,,,Ankle,,Full Participation in Practice,2019-12-27T10:51:24Z
2019,REG,CAR,17,00-0034365,TE,Ian Thomas,Ian,Thomas,,,,Ankle,,Full Participation in Practice,2019-12-27T10:51:24Z
2019,REG,CAR,17,00-0034827,WR,D.J. Moore,D.J.,Moore,Concussion,,Out,Concussion,,Did Not Participate In Practice,2019-12-27T10:54:05Z
2019,REG,CAR,17,00-0031550,LB,Shaq Thompson,Shaq,Thompson,Foot,Shoulder,Out,Foot,Shoulder,Did Not Participate In Practice,2019-12-27T10:54:15Z
2019,REG,CAR,17,00-0033289,CB,Corn Elder,Corn,Elder,Illness,,Questionable,Illness,,Did Not Participate In Practice,2019-12-27T10:53:50Z
2019,REG,CAR,17,00-0034382,LB,Marquis Haynes,Marquis,Haynes,Knee,,Questionable,Knee,,Limited Participation in Practice,2019-12-27T10:53:50Z
2019,REG,CHI,17,00-0034387,DT,Bilal Nichols,Bilal,Nichols,,,,Knee,,Limited Participation in Practice,2019-12-27T11:08:02Z
2019,REG,CHI,17,00-0031228,WR,Taylor Gabriel,Taylor,Gabriel,Concussion,,Out,Concussion,,Did Not Participate In Practice,2019-12-27T11:08:19Z
2019,REG,CHI,17,00-0031551,DT,Eddie Goldman,Eddie,Goldman,Concussion,,Out,Concussion,,Did Not Participate In Practice,2019-12-27T11:08:27Z
2019,REG,CHI,17,00-0029657,DT,Akiem Hicks,Akiem,Hicks,Elbow,,Out,Elbow,,Did Not Participate In Practice,2019-12-27T11:08:32Z
2019,REG,CHI,17,00-0029528,T,Bobby Massie,Bobby,Massie,Ankle,,Doubtful,Ankle,,Did Not Participate In Practice,2019-12-27T11:08:37Z
2019,REG,CHI,17,00-0033631,T,Rashaad Coward,Rashaad,Coward,Knee,,Doubtful,Knee,,Limited Participation in Practice,2019-12-27T11:08:12Z
2019,REG,CHI,17,00-0027957,CB,Prince Amukamara,Prince,Amukamara,Hamstring,,Questionable,Hamstring,,Limited Participation in Practice,2019-12-27T11:08:06Z
2019,REG,CIN,17,00-0027720,DT,Geno Atkins,Geno,Atkins,,,,Not Injury Related,,Full Participation in Practice,2019-12-27T10:20:47Z
2019,REG,CIN,17,00-0031380,CB,Darqueze Dennard,Darqueze,Dennard,,,,Knee,,Full Participation in Practice,2019-12-27T10:20:47Z
2019,REG,CIN,17,00-0030549,TE,Tyler Eifert,Tyler,Eifert,,,,Not Injury Related,,Full Participation in Practice,2019-12-27T10:20:47Z
2019,REG,CIN,17,00-0032934,CB,Tony McRae,Tony,McRae,,,,Concussion,,Full Participation in Practice,2019-12-27T10:20:47Z
2019,REG,CIN,17,00-0032149,G,John Miller,John,Miller,,,,Concussion,,Full Participation in Practice,2019-12-27T10:20:47Z
2019,REG,CIN,17,00-0033107,CB,William Jackson,William,Jackson,Shoulder,,Out,Shoulder,,Did Not Participate In Practice,2019-12-27T10:21:02Z
2019,REG,CIN,17,00-0035399,WR,Stanley Morgan,Stanley,Morgan,Concussion,,Doubtful,Concussion,,Did Not Participate In Practice,2019-12-27T10:21:09Z
2019,REG,CLE,17,00-0034854,WR,KhaDarel Hodge,KhaDarel,Hodge,,,,Neck,,Full Participation in Practice,2019-12-27T11:26:49Z
2019,REG,CLE,17,00-0031382,WR,Jarvis Landry,Jarvis,Landry,,,,Hip,,Full Participation in Practice,2019-12-27T11:26:57Z
2019,REG,CLE,17,00-0032251,S,Damarious Randall,Damarious,Randall,,,,Foot,,Full Participation in Practice,2019-12-27T11:26:12Z
2019,REG,CLE,17,00-0029963,T,Christopher Hubbard,Christopher,Hubbard,,,,Knee,,Limited Participation in Practice,2019-12-27T11:26:12Z
2019,REG,CLE,17,00-0031235,WR,Odell Beckham,Odell,Beckham,Groin,Illness,Questionable,Groin,Illness,Did Not Participate In Practice,2019-12-27T11:27:08Z
2019,REG,CLE,17,00-0033439,TE,Pharaoh Brown,Pharaoh,Brown,Illness,,Questionable,Illness,,Did Not Participate In Practice,2019-12-27T11:27:08Z
2019,REG,CLE,17,00-0031921,T,Kendall Lamm,Kendall,Lamm,Knee,,Questionable,Knee,,Limited Participation in Practice,2019-12-27T11:27:08Z
2019,REG,CLE,17,00-0030573,DT,Sheldon Richardson,Sheldon,Richardson,Back,,Questionable,Back,,Limited Participation in Practice,2019-12-27T11:27:08Z
2019,REG,CLE,17,00-0033611,TE,Ricky Seals-Jones,Ricky,Seals-Jones,Illness,,Questionable,Illness,,Limited Participation in Practice,2019-12-27T11:27:08Z
2019,REG,CLE,17,00-0030076,C,J.C. Tretter,J.C.,Tretter,Knee,,Questionable,Knee,,Limited Participation in Practice,2019-12-27T11:27:08Z
2019,REG,CLE,17,00-0029693,DE,Olivier Vernon,Olivier,Vernon,Knee,,Questionable,Knee,,Limited Participation in Practice,2019-12-27T11:27:08Z
2019,REG,DAL,17,00-0027663,LB,Sean Lee,Sean,Lee,,,,Pectoral,Thigh/Non-Injury,Did Not Participate In Practice,2019-12-27T11:56:05Z
2019,REG,DAL,17,00-0031534,T,La'el Collins,La'el,Collins,,,,Knee,,Full Participation in Practice,2019-12-27T11:54:30Z
2019,REG,DAL,17,00-0034410,LB,Chris Covington,Chris,Covington,,,,Illness,,Full Participation in Practice,2019-12-27T11:55:00Z
2019,REG,DAL,17,00-0031402,G,Zack Martin,Zack,Martin,,,,Ankle,,Full Participation in Practice,2019-12-27T11:54:30Z
2019,REG,DAL,17,00-0031934,WR,Devin Smith,Devin,Smith,,,,Knee,,Full Participation in Practice,2019-12-27T11:54:30Z
2019,REG,DAL,17,00-0026618,DE,Michael Bennett,Michael,Bennett,,,,Foot,,Limited Participation in Practice,2019-12-27T11:54:30Z
2019,REG,DAL,17,00-0031357,CB,C.J. Goodwin,C.J.,Goodwin,,,,Thumb,,Limited Participation in Practice,2019-12-27T11:54:30Z
2019,REG,DAL,17,00-0030196,S,Jeff Heath,Jeff,Heath,,,,Shoulder,Shoulder,Limited Participation in Practice,2019-12-27T11:54:30Z
2019,REG,DAL,17,00-0028664,P,Chris Jones,Chris,Jones,,,,Abdomen,,Limited Participation in Practice,2019-12-27T11:54:30Z
2019,REG,DAL,17,00-0031411,DE,Demarcus Lawrence,Demarcus,Lawrence,,,,Shoulder,,Limited Participation in Practice,2019-12-27T11:55:41Z
2019,REG,DAL,17,00-0033077,QB,Dak Prescott,Dak,Prescott,,,,right Shoulder,,Limited Participation in Practice,2019-12-27T11:56:20Z
2019,REG,DAL,17,00-0030761,LB,Joe Thomas,Joe,Thomas,Knee,,Out,Knee,,Did Not Participate In Practice,2019-12-27T11:57:26Z
2019,REG,DAL,17,00-0032239,CB,Byron Jones,Byron,Jones,Ankle,,Questionable,Ankle,,Did Not Participate In Practice,2019-12-27T11:56:58Z
2019,REG,DAL,17,00-0027947,T,Tyron Smith,Tyron,Smith,Back,,Questionable,Back,,Did Not Participate In Practice,2019-12-27T11:56:58Z
2019,REG,DAL,17,00-0032871,DT,Antwaun Woods,Antwaun,Woods,Hip,Ankle,Questionable,Hip,Ankle,Did Not Participate In Practice,2019-12-27T11:56:58Z
2019,REG,DEN,17,00-0035678,DE,Dre'Mont Jones,Dre'Mont,Jones,,,,Ankle,,Full Participation in Practice,2019-12-27T12:26:40Z
2019,REG,DEN,17,00-0033659,LB,Joseph Jones,Joseph,Jones,,,,Back,,Full Participation in Practice,2019-12-27T12:26:36Z
2019,REG,DEN,17,00-0032958,S,Will Parks,Will,Parks,,,,Hand,,Full Participation in Practice,2019-12-27T12:26:36Z
2019,REG,DEN,17,00-0033375,WR,Tim Patrick,Tim,Patrick,,,,Shoulder,,Full Participation in Practice,2019-12-27T12:26:36Z
2019,REG,DEN,17,00-0029890,DT,Mike Purcell,Mike,Purcell,,,,Shoulder,Knee,Full Participation in Practice,2019-12-27T12:26:36Z
2019,REG,DEN,17,00-0034954,LB,Malik Reed,Malik,Reed,,,,Ankle,,Full Participation in Practice,2019-12-27T12:26:36Z
2019,REG,DEN,17,00-0031417,T,Ja'Wuan James,Ja'Wuan,James,Knee,,Out,Knee,,Did Not Participate In Practice,2019-12-27T12:26:46Z
2019,REG,DEN,17,00-0029010,G,Ronald Leary,Ronald,Leary,Concussion,,Out,Concussion,,Did Not Participate In Practice,2019-12-27T12:26:51Z
2019,REG,DEN,17,00-0033676,T,Elijah Wilkinson,Elijah,Wilkinson,Ankle,,Out,Ankle,,Did Not Participate In Practice,2019-12-27T12:27:00Z
2019,REG,DEN,17,00-0033782,DE,DeMarcus Walker,DeMarcus,Walker,Ankle,,Questionable,Ankle,,Full Participation in Practice,2019-12-28T11:04:36Z
2019,REG,DET,17,00-0032381,T,Taylor Decker,Taylor,Decker,,,,Ankle,,Full Participation in Practice,2019-12-27T12:48:47Z
2019,REG,DET,17,00-0029040,DT,Damon Harrison,Damon,Harrison,,,,Knee,"Calf, Resting Veteran",Limited Participation in Practice,2019-12-27T12:48:56Z
2019,REG,DET,17,00-0032889,DT,A'Shawn Robinson,A'Shawn,Robinson,Shoulder,,Out,Shoulder,,Did Not Participate In Practice,2019-12-27T12:50:10Z
2019,REG,DET,17,00-0031241,LB,Devon Kennard,Devon,Kennard,Shoulder,,Questionable,Shoulder,,Full Participation in Practice,2019-12-27T12:49:55Z
2019,REG,DET,17,00-0032470,LB,Steve Longa,Steve,Longa,Quadricep,,Questionable,Quadricep,,Full Participation in Practice,2019-12-27T12:49:55Z
2019,REG,DET,17,00-0029410,S,Tavon Wilson,Tavon,Wilson,Hamstring,,Questionable,Hamstring,,Full Participation in Practice,2019-12-27T12:49:55Z
2019,REG,DET,17,00-0023853,K,Matt Prater,Matt,Prater,Illness,,Questionable,Illness,,Limited Participation in Practice,2019-12-27T12:49:55Z
2019,REG,DET,17,00-0029893,T,Rick Wagner,Rick,Wagner,Knee,,Questionable,Knee,,Limited Participation in Practice,2019-12-27T12:49:55Z
2019,REG,GB,17,00-0027875,T,Bryan Bulaga,Bryan,Bulaga,,,,Groin,,Full Participation in Practice,2019-12-27T12:55:37Z
2019,REG,GB,17,00-0034754,LB,Oren Burks,Oren,Burks,,,,Shoulder,,Full Participation in Practice,2019-12-27T12:55:29Z
2019,REG,GB,17,00-0031019,C,Corey Linsley,Corey,Linsley,,,,Back,,Full Participation in Practice,2019-12-27T12:56:20Z
2019,REG,GB,17,00-0032408,LB,Blake Martinez,Blake,Martinez,,,,Hand,,Full Participation in Practice,2019-12-27T12:55:29Z
2019,REG,GB,17,00-0031433,G,Billy Turner,Billy,Turner,,,,Hamstring,,Full Participation in Practice,2019-12-27T12:55:29Z
2019,REG,GB,17,00-0033120,DT,Kenny Clark,Kenny,Clark,,,,Ankle,,Limited Participation in Practice,2019-12-27T12:55:29Z
2019,REG,GB,17,00-0034967,LB,Rashan Gary,Rashan,Gary,,,,Shoulder,,Limited Participation in Practice,2019-12-27T12:55:29Z
2019,REG,GB,17,00-0027696,TE,Jimmy Graham,Jimmy,Graham,,,,Not Injury Related,,Limited Participation in Practice,2019-12-27T12:55:29Z
2019,REG,GB,17,00-0034521,WR,Allen Lazard,Allen,Lazard,,,,Ankle,,Limited Participation in Practice,2019-12-27T12:55:29Z
2019,REG,GB,17,00-0024243,TE,Marcedes Lewis,Marcedes,Lewis,,,,Not Injury Related,,Limited Participation in Practice,2019-12-27T12:56:12Z
2019,REG,GB,17,00-0032412,DE,Dean Lowry,Dean,Lowry,,,,Ankle,,Limited Participation in Practice,2019-12-27T12:55:29Z
2019,REG,GB,17,00-0024061,CB,Tramon Williams,Tramon,Williams,,,,Not Injury Related,,Limited Participation in Practice,2019-12-27T12:55:29Z
2019,REG,GB,17,00-0033124,S,Will Redmond,Will,Redmond,Hamstring,,Doubtful,Hamstring,,Did Not Participate In Practice,2019-12-27T12:57:29Z
2019,REG,GB,17,00-0032794,RB,Dan Vitale,Dan,Vitale,Knee,,Doubtful,Knee,,Did Not Participate In Practice,2019-12-27T12:57:21Z
2019,REG,GB,17,00-0033948,RB,Jamaal Williams,Jamaal,Williams,Shoulder,,Doubtful,Shoulder,,Did Not Participate In Practice,2019-12-27T12:57:12Z
2019,REG,GB,17,00-0031787,WR,Jake Kumerow,Jake,Kumerow,Illness,,Questionable,Illness,,Did Not Participate In Practice,2019-12-27T12:56:46Z
2019,REG,HOU,17,00-0031553,LB,Benardrick McKinney,Benardrick,McKinney,,,,Concussion,,Full Participation in Practice,2019-12-27T12:06:54Z
2019,REG,HOU,17,00-0032734,LB,Brennan Scarlett,Brennan,Scarlett,,,,Achilles,,Full Participation in Practice,2019-12-27T12:07:05Z
2019,REG,HOU,17,00-0033127,WR,Will Fuller,Will,Fuller,Groin,,Out,Groin,,Did Not Participate In Practice,2019-12-27T12:08:56Z
2019,REG,HOU,17,00-0030564,WR,DeAndre Hopkins,DeAndre,Hopkins,Illness,,Questionable,Illness,,Did Not Participate In Practice,2019-12-27T12:07:21Z
2019,REG,HOU,17,00-0030312,S,Jahleel Addae,Jahleel,Addae,Achilles,,Questionable,Achilles,,Limited Participation in Practice,2019-12-27T12:07:21Z
2019,REG,HOU,17,00-0034163,LB,Jacob Martin,Jacob,Martin,Knee,,Questionable,Knee,,Limited Participation in Practice,2019-12-27T12:07:21Z
2019,REG,HOU,17,00-0031372,CB,Bradley Roby,Bradley,Roby,Hamstring,,Questionable,Hamstring,,Limited Participation in Practice,2019-12-27T12:07:21Z
2019,REG,HOU,17,00-0030085,WR,Kenny Stills,Kenny,Stills,Knee,,Questionable,Knee,,Limited Participation in Practice,2019-12-27T12:07:21Z
2019,REG,HOU,17,00-0032380,T,Laremy Tunsil,Laremy,Tunsil,Ankle,,Questionable,Ankle,,Limited Participation in Practice,2019-12-27T12:07:21Z
2019,REG,HOU,17,00-0033537,QB,Deshaun Watson,Deshaun,Watson,Back,,Questionable,Back,,Limited Participation in Practice,2019-12-27T12:07:21Z
2019,REG,IND,17,00-0027960,T,Anthony Castonzo,Anthony,Castonzo,,,,Not Injury Related,,Did Not Participate In Practice,2019-12-27T11:05:04Z
2019,REG,IND,17,00-0029608,WR,T.Y. Hilton,T.Y.,Hilton,,,,Not Injury Related,,Did Not Participate In Practice,2019-12-27T11:05:13Z
2019,REG,IND,17,00-0028008,DE,Justin Houston,Justin,Houston,,,,Not Injury Related,,Did Not Participate In Practice,2019-12-27T11:05:29Z
2019,REG,IND,17,00-0027975,DE,Jabaal Sheard,Jabaal,Sheard,,,,Not Injury Related,,Did Not Participate In Practice,2019-12-27T11:05:41Z
2019,REG,IND,17,00-0034846,LB,Darius Leonard,Darius,Leonard,,,,Back,,Full Participation in Practice,2019-12-27T11:04:53Z
2019,REG,IND,17,00-0034342,G,Quenton Nelson,Quenton,Nelson,,,,Concussion,,Full Participation in Practice,2019-12-27T11:52:43Z
2019,REG,IND,17,00-0033952,DT,Grover Stewart,Grover,Stewart,,,,Knee,,Full Participation in Practice,2019-12-27T11:04:53Z
2019,REG,IND,17,00-0033544,CB,Quincy Wilson,Quincy,Wilson,Shoulder,,Out,Shoulder,,Did Not Participate In Practice,2019-12-27T11:53:52Z
2019,REG,IND,17,00-0034400,RB,Jordan Wilkins,Jordan,Wilkins,Ankle,,Out,Ankle,,Limited Participation in Practice,2019-12-27T11:53:42Z
2019,REG,IND,17,00-0031254,DT,Denico Autry,Denico,Autry,Concussion,,Doubtful,Concussion,,Did Not Participate In Practice,2019-12-27T11:53:12Z
2019,REG,IND,17,00-0035530,S,Khari Willis,Khari,Willis,Shoulder,,Doubtful,Shoulder,,Did Not Participate In Practice,2019-12-27T11:54:04Z
2019,REG,IND,17,00-0033964,DE,Al-Quadin Muhammad,Al-Quadin,Muhammad,Groin,,Questionable,Groin,,Full Participation in Practice,2019-12-27T11:53:05Z
2019,REG,IND,17,00-0033393,CB,Kenny Moore,Kenny,Moore,Ankle,,Questionable,Ankle,,Limited Participation in Practice,2019-12-27T11:53:05Z
2019,REG,JAX,17,00-0034842,DT,Taven Bryan,Taven,Bryan,,,,Wrist,,Full Participation in Practice,2019-12-27T10:13:57Z
2019,REG,JAX,17,00-0031369,C,Brandon Linder,Brandon,Linder,,,,Knee,,Full Participation in Practice,2019-12-27T10:13:50Z
2019,REG,JAX,17,00-0035642,DE,Josh Allen,Josh,Allen,,,,Shoulder,,Limited Participation in Practice,2019-12-27T10:13:27Z
2019,REG,JAX,17,00-0026190,DE,Calais Campbell,Calais,Campbell,,,,Back,Shoulder,Limited Participation in Practice,2019-12-27T10:13:27Z
2019,REG,JAX,17,00-0034777,WR,D.J. Chark,D.J.,Chark,,,,Ankle,,Limited Participation in Practice,2019-12-27T10:13:27Z
2019,REG,JAX,17,00-0030572,CB,D.J. Hayden,D.J.,Hayden,,,,Knee,,Limited Participation in Practice,2019-12-27T10:13:27Z
2019,REG,JAX,17,00-0029946,DT,Abry Jones,Abry,Jones,,,,Elbow,,Limited Participation in Practice,2019-12-27T10:13:27Z
2019,REG,JAX,17,00-0033889,T,Cam Robinson,Cam,Robinson,,,,Knee,,Limited Participation in Practice,2019-12-27T10:13:27Z
2019,REG,JAX,17,00-0035374,WR,Michael Walker,Michael,Walker,Hamstring,,Out,Hamstring,,Did Not Participate In Practice,2019-12-27T10:14:49Z
2019,REG,JAX,17,00-0030228,CB,A.J. Bouye,A.J.,Bouye,Wrist,,Out,Wrist,,Limited Participation in Practice,2019-12-28T13:48:59Z
2019,REG,JAX,17,00-0033856,RB,Leonard Fournette,Leonard,Fournette,Neck,,Doubtful,Neck,,Did Not Participate In Practice,2019-12-28T13:49:08Z
2019,REG,JAX,17,00-0033839,WR,Dede Westbrook,Dede,Westbrook,Neck,Shoulder,Questionable,Neck,Shoulder,Did Not Participate In Practice,2019-12-27T10:14:15Z
2019,REG,JAX,17,00-0035670,LB,Dakota Allen,Dakota,Allen,Hamstring,,Questionable,Hamstring,,Limited Participation in Practice,2019-12-27T10:14:15Z
2019,REG,JAX,17,00-0035289,QB,Gardner Minshew,Gardner,Minshew,right Shoulder,,Questionable,right Shoulder,,Limited Participation in Practice,2019-12-27T10:14:15Z
2019,REG,JAX,17,00-0032117,TE,Nick O'Leary,Nick,O'Leary,Shoulder,,Questionable,Shoulder,,Limited Participation in Practice,2019-12-27T10:14:15Z
2019,REG,KC,17,00-0031052,CB,Bashaud Breeland,Bashaud,Breeland,,,,Shoulder,,Full Participation in Practice,2019-12-27T12:18:16Z
2019,REG,KC,17,00-0033303,K,Harrison Butker,Harrison,Butker,,,,Glute,,Full Participation in Practice,2019-12-27T12:18:16Z
2019,REG,KC,17,00-0035147,CB,Rashad Fenton,Rashad,Fenton,,,,Hamstring,,Full Participation in Practice,2019-12-27T12:18:16Z
2019,REG,KC,17,00-0031958,C,Austin Reiter,Austin,Reiter,,,,Wrist,,Full Participation in Practice,2019-12-27T12:18:16Z
2019,REG,KC,17,00-0029676,CB,Morris Claiborne,Morris,Claiborne,Shoulder,Not Injury Related,Out,Shoulder,Not Injury Related,Did Not Participate In Practice,2019-12-27T12:19:07Z
2019,REG,KC,17,00-0032145,T,Cameron Erving,Cameron,Erving,Illness,,Questionable,Illness,,Did Not Participate In Practice,2019-12-27T12:18:57Z
2019,REG,KC,17,00-0031713,DT,Xavier Williams,Xavier,Williams,Ankle,,Questionable,Ankle,,Full Participation in Practice,2019-12-27T12:20:24Z
2019,REG,KC,17,00-0033831,G,Andrew Wylie,Andrew,Wylie,Ankle,,Questionable,Ankle,,Limited Participation in Practice,2019-12-27T12:18:57Z
2019,REG,LA,17,00-0032241,RB,Todd Gurley,Todd,Gurley,,,,Not Injury Related,,Did Not Participate In Practice,2019-12-27T13:58:28Z
2019,REG,LA,17,00-0029630,DE,Michael Brockers,Michael,Brockers,,,,Knee,,Full Participation in Practice,2019-12-27T13:57:50Z
2019,REG,LA,17,00-0035666,T,Bobby Evans,Bobby,Evans,,,,Hip,,Full Participation in Practice,2019-12-27T13:57:43Z
2019,REG,LA,17,00-0033114,WR,Mike Thomas,Mike,Thomas,,,,Illness,,Full Participation in Practice,2019-12-27T13:58:05Z
2019,REG,LA,17,00-0035621,WR,Nsimba Webster,Nsimba,Webster,,,,Concussion,,Full Participation in Practice,2019-12-27T13:58:12Z
2019,REG,LA,17,00-0025424,S,Eric Weddle,Eric,Weddle,,,,Groin,,Full Participation in Practice,2019-12-27T13:57:43Z
2019,REG,LA,17,00-0024270,T,Andrew Whitworth,Andrew,Whitworth,,,,Quadricep,,Full Participation in Practice,2019-12-27T13:58:18Z
2019,REG,LA,17,00-0035664,RB,Darrell Henderson,Darrell,Henderson,Ankle,,Out,Ankle,,Did Not Participate In Practice,2019-12-27T12:58:34Z
2019,REG,LA,17,00-0033055,CB,Jalen Ramsey,Jalen,Ramsey,Knee,,Out,Knee,,Did Not Participate In Practice,2019-12-27T12:59:16Z
2019,REG,LA,17,00-0031785,CB,Troy Hill,Troy,Hill,Thumb,,Doubtful,Thumb,,Did Not Participate In Practice,2019-12-27T12:59:04Z
2019,REG,LAC,17,00-0023448,LB,Thomas Davis,Thomas,Davis,,,,Not Injury Related,,Full Participation in Practice,2019-12-27T11:23:14Z
2019,REG,LAC,17,00-0034440,RB,Justin Jackson,Justin,Jackson,,,,Hamstring,,Full Participation in Practice,2019-12-27T11:23:08Z
2019,REG,LAC,17,00-0032103,LB,Denzel Perryman,Denzel,Perryman,,,,Ankle,,Full Participation in Practice,2019-12-27T11:23:08Z
2019,REG,LAC,17,00-0022942,QB,Philip Rivers,Philip,Rivers,,,,right Thumb,,Full Participation in Practice,2019-12-27T11:23:08Z
2019,REG,LAC,17,00-0027859,T,Russell Okung,Russell,Okung,Groin,,Out,Groin,,Did Not Participate In Practice,2019-12-27T11:23:36Z
2019,REG,MIA,17,00-0034797,LB,Jerome Baker,Jerome,Baker,,,,Ankle,,Full Participation in Practice,2019-12-27T11:13:33Z
2019,REG,MIA,17,00-0035310,RB,Chandler Cox,Chandler,Cox,,,,Shoulder,,Full Participation in Practice,2019-12-27T11:13:21Z
2019,REG,MIA,17,00-0023682,QB,Ryan Fitzpatrick,Ryan,Fitzpatrick,,,,right Shoulder,,Full Participation in Practice,2019-12-27T11:13:21Z
2019,REG,MIA,17,00-0033471,WR,Isaiah Ford,Isaiah,Ford,,,,Knee,,Full Participation in Practice,2019-12-27T11:13:21Z
2019,REG,MIA,17,00-0028101,C,Daniel Kilgore,Daniel,Kilgore,,,,Finger,,Full Participation in Practice,2019-12-27T11:13:21Z
2019,REG,MIA,17,00-0035346,CB,Nik Needham,Nik,Needham,,,,Groin,,Full Participation in Practice,2019-12-27T11:13:21Z
2019,REG,MIA,17,00-0034798,TE,Durham Smythe,Durham,Smythe,,,,Quadricep,,Full Participation in Practice,2019-12-27T11:13:21Z
2019,REG,MIA,17,00-0035272,LB,Andrew Van Ginkel,Andrew,Van Ginkel,,,,Shoulder,,Full Participation in Practice,2019-12-27T11:13:51Z
2019,REG,MIA,17,00-0032256,TE,Clive Walford,Clive,Walford,Not Injury Related,,Out,,,"
    ",2019-12-28T08:12:42Z
2019,REG,MIA,17,00-0033734,CB,Jamal Perry,Jamal,Perry,Shoulder,,Out,Shoulder,,Did Not Participate In Practice,2019-12-27T11:15:07Z
2019,REG,MIA,17,00-0033939,LB,Vince Biegel,Vince,Biegel,Elbow,,Questionable,Elbow,,Limited Participation in Practice,2019-12-27T11:14:12Z
2019,REG,MIA,17,00-0033541,DE,Taco Charlton,Taco,Charlton,Ankle,,Questionable,Ankle,,Limited Participation in Practice,2019-12-27T11:14:12Z
2019,REG,MIA,17,00-0030821,WR,Allen Hurns,Allen,Hurns,Ankle,Neck,Questionable,Ankle,Neck,Limited Participation in Practice,2019-12-27T11:14:12Z
2019,REG,MIA,17,00-0034285,DT,Zach Sieler,Zach,Sieler,Ankle,Thumb,Questionable,Ankle,Thumb,Limited Participation in Practice,2019-12-27T11:14:12Z
2019,REG,MIA,17,00-0035231,DE,Christian Wilkins,Christian,Wilkins,Ankle,,Questionable,Ankle,,Limited Participation in Practice,2019-12-27T11:14:12Z
2019,REG,MIN,17,00-0030575,CB,Xavier Rhodes,Xavier,Rhodes,,,,Ankle,,Full Participation in Practice,2019-12-27T11:20:24Z
2019,REG,MIN,17,00-0031242,DT,Shamar Stephen,Shamar,Stephen,,,,Knee,,Full Participation in Practice,2019-12-27T11:20:24Z
2019,REG,MIN,17,00-0031554,LB,Eric Kendricks,Eric,Kendricks,Quadricep,,Out,Quadricep,,Did Not Participate In Practice,2019-12-27T11:21:17Z
2019,REG,MIN,17,00-0033893,RB,Dalvin Cook,Dalvin,Cook,Shoulder,,Out,Shoulder,,Limited Participation in Practice,2019-12-27T11:21:04Z
2019,REG,MIN,17,00-0032454,S,Jayron Kearse,Jayron,Kearse,Foot,,Questionable,Foot,,Full Participation in Practice,2019-12-27T11:20:55Z
2019,REG,MIN,17,00-0032389,CB,Mackensie Alexander,Mackensie,Alexander,Knee,,Questionable,Knee,,Limited Participation in Practice,2019-12-27T11:20:55Z
2019,REG,MIN,17,00-0034972,RB,Alexander Mattison,Alexander,Mattison,Ankle,,Questionable,Ankle,,Limited Participation in Practice,2019-12-27T11:20:55Z
2019,REG,NE,17,00-0034845,RB,Sony Michel,Sony,Michel,Illness,,Questionable,,,"
    ",2019-12-28T12:49:42Z
2019,REG,NE,17,00-0033122,LB,Shilique Calhoun,Shilique,Calhoun,Illness,,Questionable,Illness,,Did Not Participate In Practice,2019-12-27T12:31:25Z
2019,REG,NE,17,00-0034385,LB,Ja'Whaun Bentley,Ja'Whaun,Bentley,Knee,,Questionable,Knee,,Limited Participation in Practice,2019-12-27T12:31:25Z
2019,REG,NE,17,00-0031338,S,Terrence Brooks,Terrence,Brooks,Groin,,Questionable,Groin,,Limited Participation in Practice,2019-12-27T12:31:25Z
2019,REG,NE,17,00-0028076,T,Marcus Cannon,Marcus,Cannon,Ankle,,Questionable,Ankle,,Limited Participation in Practice,2019-12-27T12:31:25Z
2019,REG,NE,17,00-0030421,LB,Jamie Collins,Jamie,Collins,Shoulder,,Questionable,Shoulder,,Limited Participation in Practice,2019-12-27T12:31:25Z
2019,REG,NE,17,00-0027150,WR,Julian Edelman,Julian,Edelman,Knee,Shoulder,Questionable,Knee,Shoulder,Limited Participation in Practice,2019-12-27T12:31:25Z
2019,REG,NE,17,00-0032580,CB,Jonathan Jones,Jonathan,Jones,Groin,,Questionable,Groin,,Limited Participation in Practice,2019-12-27T12:31:25Z
2019,REG,NE,17,00-0027136,CB,Jason McCourty,Jason,McCourty,Groin,,Questionable,Groin,,Limited Participation in Practice,2019-12-27T12:31:25Z
2019,REG,NO,17,00-0033604,WR,Krishawn Hogan,Krishawn,Hogan,,,,Hamstring,,Did Not Participate In Practice,2019-12-27T12:19:07Z
2019,REG,NO,17,00-0020531,QB,Drew Brees,Drew,Brees,,,,Knee,,Full Participation in Practice,2019-12-27T12:19:07Z
2019,REG,NO,17,00-0035253,S,Chauncey Gardner-Johnson,Chauncey,Gardner-Johnson,,,,Forearm,Hip,Full Participation in Practice,2019-12-27T12:19:07Z
2019,REG,NO,17,00-0032203,G,Andrus Peat,Andrus,Peat,,,,Forearm,,Full Participation in Practice,2019-12-27T12:19:23Z
2019,REG,NO,17,00-0032765,WR,Michael Thomas,Michael,Thomas,,,,Hand,,Full Participation in Practice,2019-12-27T12:19:43Z
2019,REG,NO,17,00-0030065,G,Larry Warford,Larry,Warford,,,,Knee,,Full Participation in Practice,2019-12-27T12:19:34Z
2019,REG,NO,17,00-0030401,LB,Kiko Alonso,Kiko,Alonso,,,,Quadricep,,Limited Participation in Practice,2019-12-27T12:19:07Z
2019,REG,NO,17,00-0032379,CB,Eli Apple,Eli,Apple,Ankle,,Out,Ankle,,Did Not Participate In Practice,2019-12-27T12:20:20Z
2019,REG,NO,17,00-0032939,S,Vonn Bell,Vonn,Bell,Knee,,Out,Knee,,Did Not Participate In Practice,2019-12-27T12:20:26Z
2019,REG,NO,17,00-0033894,S,Marcus Williams,Marcus,Williams,Groin,,Out,Groin,,Did Not Participate In Practice,2019-12-27T12:20:46Z
2019,REG,NO,17,00-0029931,RB,Zach Line,Zach,Line,Knee,,Questionable,Knee,,Limited Participation in Practice,2019-12-27T12:20:12Z
2019,REG,NYG,17,00-0034360,LB,Lorenzo Carter,Lorenzo,Carter,,,,Knee,,Full Participation in Practice,2019-12-27T09:43:15Z
2019,REG,NYG,17,00-0035535,WR,Darius Slayton,Darius,Slayton,,,,Knee,,Full Participation in Practice,2019-12-27T09:43:26Z
2019,REG,NYG,17,00-0035684,CB,Deandre Baker,Deandre,Baker,,,,Knee,,Limited Participation in Practice,2019-12-27T09:42:36Z
2019,REG,NYG,17,00-0034445,G,Nick Gates,Nick,Gates,,,,Shoulder,,Limited Participation in Practice,2019-12-27T09:42:36Z
2019,REG,NYG,17,00-0029164,T,Mike Remmers,Mike,Remmers,Concussion,,Out,Concussion,,Did Not Participate In Practice,2019-12-27T09:44:52Z
2019,REG,NYG,17,00-0031167,TE,Scott Simonson,Scott,Simonson,Concussion,,Out,Concussion,,Did Not Participate In Practice,2019-12-27T09:45:01Z
2019,REG,NYG,17,00-0029587,TE,Rhett Ellison,Rhett,Ellison,Concussion,,Out,Concussion,,Limited Participation in Practice,2019-12-27T09:44:37Z
2019,REG,NYG,17,00-0035633,CB,Corey Ballentine,Corey,Ballentine,Back,,Questionable,Back,,Limited Participation in Practice,2019-12-27T09:44:10Z
2019,REG,NYG,17,00-0034839,CB,Sam Beal,Sam,Beal,Shoulder,,Questionable,Shoulder,,Limited Participation in Practice,2019-12-27T09:44:10Z
2019,REG,NYG,17,00-0030527,LB,Alec Ogletree,Alec,Ogletree,Back,,Questionable,Back,,Limited Participation in Practice,2019-12-27T09:44:10Z
2019,REG,NYJ,17,00-0032627,LB,James Burgess,James,Burgess,,,,Thumb,,Full Participation in Practice,2019-12-27T11:25:02Z
2019,REG,NYJ,17,00-0031941,WR,Jamison Crowder,Jamison,Crowder,,,,Thumb,,Full Participation in Practice,2019-12-27T11:25:02Z
2019,REG,NYJ,17,00-0034869,QB,Sam Darnold,Sam,Darnold,,,,Knee,left Thumb,Full Participation in Practice,2019-12-27T11:25:02Z
2019,REG,NYJ,17,00-0033568,CB,Nate Hairston,Nate,Hairston,,,,Illness,,Full Participation in Practice,2019-12-27T11:25:02Z
2019,REG,NYJ,17,00-0029144,G,Tom Compton,Tom,Compton,Calf,,Out,Calf,,Did Not Participate In Practice,2019-12-27T11:27:14Z
2019,REG,NYJ,17,00-0032407,G,Alex Lewis,Alex,Lewis,Ankle,,Out,Ankle,,Did Not Participate In Practice,2019-12-27T11:27:07Z
2019,REG,NYJ,17,00-0033872,S,Jamal Adams,Jamal,Adams,Ankle,,Questionable,Ankle,,Limited Participation in Practice,2019-12-27T11:26:51Z
2019,REG,NYJ,17,00-0032688,WR,Robby Anderson,Robby,Anderson,Calf,,Questionable,Calf,,Limited Participation in Practice,2019-12-27T11:26:51Z
2019,REG,NYJ,17,00-0032269,DE,Henry Anderson,Henry,Anderson,Knee,Shoulder,Questionable,Knee,Shoulder,Limited Participation in Practice,2019-12-27T11:26:51Z
2019,REG,NYJ,17,00-0029316,T,Kelvin Beachum,Kelvin,Beachum,Back,Ankles,Questionable,Back,Ankles,Limited Participation in Practice,2019-12-27T11:26:51Z
2019,REG,NYJ,17,00-0032411,RB,Kenneth Dixon,Kenneth,Dixon,Illness,,Questionable,Illness,,Limited Participation in Practice,2019-12-27T11:26:51Z
2019,REG,NYJ,17,00-0026564,DT,Steve McLendon,Steve,McLendon,Knee,Hip,Questionable,Knee,Hip,Limited Participation in Practice,2019-12-27T11:26:51Z
2019,REG,NYJ,17,00-0032596,CB,Brian Poole,Brian,Poole,Ankle,,Questionable,Ankle,,Limited Participation in Practice,2019-12-27T11:26:51Z
2019,REG,NYJ,17,00-0027874,WR,Demaryius Thomas,Demaryius,Thomas,Hamstring,Knee,Questionable,Hamstring,Knee,Limited Participation in Practice,2019-12-27T11:26:51Z
2019,REG,OAK,17,00-0027993,C,Rodney Hudson,Rodney,Hudson,,,,Ankle,,Full Participation in Practice,2019-12-27T12:35:17Z
2019,REG,OAK,17,00-0031367,G,Gabe Jackson,Gabe,Jackson,,,,Knee,,Full Participation in Practice,2019-12-27T12:35:27Z
2019,REG,OAK,17,00-0031389,S,Lamarcus Joyner,Lamarcus,Joyner,,,,Calf,Quadricep,Full Participation in Practice,2019-12-27T12:35:38Z
2019,REG,OAK,17,00-0035695,CB,Trayvon Mullen,Trayvon,Mullen,,,,Neck,Concussion,Full Participation in Practice,2019-12-27T12:35:44Z
2019,REG,OAK,17,00-0032160,WR,Tyrell Williams,Tyrell,Williams,,,,Foot,,Limited Participation in Practice,2019-12-27T12:35:49Z
2019,REG,OAK,17,00-0035700,RB,Josh Jacobs,Josh,Jacobs,Shoulder,Illness,Out,Shoulder,Illness,Did Not Participate In Practice,2019-12-28T13:43:18Z
2019,REG,OAK,17,00-0023516,G,Richie Incognito,Richie,Incognito,Ankle,,Doubtful,Ankle,,Did Not Participate In Practice,2019-12-27T12:36:14Z
2019,REG,PHI,17,00-0035246,WR,J.J. Arcega-Whiteside,J.J.,Arcega-Whiteside,,,,Foot,,Full Participation in Practice,2019-12-27T11:56:13Z
2019,REG,PHI,17,00-0033876,DE,Derek Barnett,Derek,Barnett,,,,Ankle,,Full Participation in Practice,2019-12-27T11:56:21Z
2019,REG,PHI,17,00-0029679,G,Brandon Brooks,Brandon,Brooks,,,,Calf,,Full Participation in Practice,2019-12-27T11:56:26Z
2019,REG,PHI,17,00-0029653,DT,Fletcher Cox,Fletcher,Cox,,,,Triceps,,Full Participation in Practice,2019-12-27T11:56:32Z
2019,REG,PHI,17,00-0032780,RB,Jordan Howard,Jordan,Howard,,,,Shoulder,,Full Participation in Practice,2019-12-27T11:56:52Z
2019,REG,PHI,17,00-0031549,WR,Nelson Agholor,Nelson,Agholor,Knee,,Out,Knee,,Did Not Participate In Practice,2019-12-27T11:57:25Z
2019,REG,PHI,17,00-0030061,TE,Zach Ertz,Zach,Ertz,Ribs,Back,Out,Ribs,Back,Did Not Participate In Practice,2019-12-27T11:57:37Z
2019,REG,PHI,17,00-0030561,T,Lane Johnson,Lane,Johnson,Ankle,,Questionable,Ankle,,Did Not Participate In Practice,2019-12-27T11:57:19Z
2019,REG,PHI,17,00-0032803,CB,Jalen Mills,Jalen,Mills,Ankle,,Questionable,Ankle,,Limited Participation in Practice,2019-12-27T11:57:19Z
2019,REG,PIT,17,00-0029670,LB,Mark Barron,Mark,Barron,,,,Not Injury Related,,Full Participation in Practice,2019-12-27T14:00:50Z
2019,REG,PIT,17,00-0029678,G,David DeCastro,David,DeCastro,,,,Not Injury Related,,Full Participation in Practice,2019-12-27T14:00:50Z
2019,REG,PIT,17,00-0026561,G,Ramon Foster,Ramon,Foster,,,,Not Injury Related,,Full Participation in Practice,2019-12-27T14:05:07Z
2019,REG,PIT,17,00-0027860,CB,Joe Haden,Joe,Haden,,,,Foot,,Full Participation in Practice,2019-12-27T14:04:51Z
2019,REG,PIT,17,00-0027969,DT,Cameron Heyward,Cameron,Heyward,,,,Not Injury Related,,Full Participation in Practice,2019-12-27T14:00:50Z
2019,REG,PIT,17,00-0030470,TE,Vance McDonald,Vance,McDonald,,,,Not Injury Related,,Full Participation in Practice,2019-12-27T14:00:50Z
2019,REG,PIT,17,00-0032150,CB,Steven Nelson,Steven,Nelson,,,,Groin,,Full Participation in Practice,2019-12-27T14:00:50Z
2019,REG,PIT,17,00-0030648,T,Alejandro Villanueva,Alejandro,Villanueva,,,,Not Injury Related,,Full Participation in Practice,2019-12-27T14:00:50Z
2019,REG,PIT,17,00-0033886,LB,T.J. Watt,T.J.,Watt,,,,Not Injury Related,,Full Participation in Practice,2019-12-27T14:00:50Z
2019,REG,PIT,17,00-0033553,RB,James Conner,James,Conner,Quadricep,,Out,Quadricep,,Did Not Participate In Practice,2019-12-27T14:06:32Z
2019,REG,PIT,17,00-0027870,C,Maurkice Pouncey,Maurkice,Pouncey,Knee,,Out,Knee,,Did Not Participate In Practice,2019-12-27T14:06:57Z
2019,REG,SEA,17,00-0032466,T,George Fant,George,Fant,,,,Knee,,Full Participation in Practice,2019-12-27T15:16:04Z
2019,REG,SEA,17,00-0033926,CB,Shaquill Griffin,Shaquill,Griffin,,,,Hamstring,,Full Participation in Practice,2019-12-27T15:16:04Z
2019,REG,SEA,17,00-0032443,C,Joey Hunt,Joey,Hunt,,,,Fibula,,Full Participation in Practice,2019-12-27T15:17:13Z
2019,REG,SEA,17,00-0032384,T,Germain Ifedi,Germain,Ifedi,,,,Knee,,Full Participation in Practice,2019-12-27T15:17:34Z
2019,REG,SEA,17,00-0027869,G,Mike Iupati,Mike,Iupati,,,,Neck,,Full Participation in Practice,2019-12-27T15:17:53Z
2019,REG,SEA,17,00-0029409,LB,Mychal Kendricks,Mychal,Kendricks,,,,Hamstring,,Full Participation in Practice,2019-12-27T15:16:04Z
2019,REG,SEA,17,00-0029255,LB,Bobby Wagner,Bobby,Wagner,,,,Ankle,,Full Participation in Practice,2019-12-27T15:16:04Z
2019,REG,SEA,17,00-0028037,LB,K.J. Wright,K.J.,Wright,,,,Shoulder,,Full Participation in Practice,2019-12-27T15:16:04Z
2019,REG,SEA,17,00-0031364,DE,Jadeveon Clowney,Jadeveon,Clowney,,,,Core,,Limited Participation in Practice,2019-12-27T15:16:04Z
2019,REG,SEA,17,00-0034729,T,Jamarco Jones,Jamarco,Jones,,,,Shoulder,,Limited Participation in Practice,2019-12-27T15:16:04Z
2019,REG,SEA,17,00-0026166,T,Duane Brown,Duane,Brown,Knee,Biceps,Out,Knee,Biceps,Did Not Participate In Practice,2019-12-27T12:50:47Z
2019,REG,SEA,17,00-0034867,WR,Malik Turner,Malik,Turner,Concussion,,Out,Concussion,,Did Not Participate In Practice,2019-12-27T12:52:03Z
2019,REG,SEA,17,00-0031608,S,Quandre Diggs,Quandre,Diggs,Ankle,,Questionable,Ankle,,Did Not Participate In Practice,2019-12-27T12:51:18Z
2019,REG,SEA,17,00-0033901,C,Ethan Pocic,Ethan,Pocic,Core,,Questionable,Core,,Limited Participation in Practice,2019-12-27T12:51:48Z
2019,REG,SEA,17,00-0030089,TE,Luke Willson,Luke,Willson,Hip,,Questionable,Hip,,Limited Participation in Practice,2019-12-28T13:38:01Z
2019,REG,SF,17,00-0035166,LB,Azeez Al-Shaair,Azeez,Al-Shaair,,,,Knee,,Full Participation in Practice,2019-12-27T13:50:14Z
2019,REG,SF,17,00-0034263,CB,Tarvarius Moore,Tarvarius,Moore,,,,Concussion,,Full Participation in Practice,2019-12-27T13:33:02Z
2019,REG,SF,17,00-0035719,WR,Deebo Samuel,Deebo,Samuel,,,,Shoulder,,Limited Participation in Practice,2019-12-27T13:33:02Z
2019,REG,SF,17,00-0031297,DE,Dee Ford,Dee,Ford,Quadricep,Hamstring,Out,Quadricep,Hamstring,Did Not Participate In Practice,2019-12-27T13:33:19Z
2019,REG,SF,17,00-0034283,DT,Jullian Taylor,Jullian,Taylor,Elbow,Knee,Out,Elbow,Knee,Did Not Participate In Practice,2019-12-27T13:33:30Z
2019,REG,SF,17,00-0032057,S,Jaquiski Tartt,Jaquiski,Tartt,Ribs,,Doubtful,Ribs,,Limited Participation in Practice,2019-12-27T13:33:37Z
2019,REG,SF,17,00-0028177,G,Mike Person,Mike,Person,Neck,,Questionable,Neck,,Limited Participation in Practice,2019-12-27T13:33:09Z
2019,REG,TB,17,00-0027867,LB,Jason Pierre-Paul,Jason,Pierre-Paul,,,,Not Injury Related,,Did Not Participate In Practice,2019-12-27T11:59:34Z
2019,REG,TB,17,00-0027855,DT,Ndamukong Suh,Ndamukong,Suh,,,,Not Injury Related,,Did Not Participate In Practice,2019-12-27T11:59:53Z
2019,REG,TB,17,00-0034678,G,Alex Cappa,Alex,Cappa,,,,Elbow,,Full Participation in Practice,2019-12-27T11:59:21Z
2019,REG,TB,17,00-0034778,CB,Carlton Davis,Carlton,Davis,,,,Ankle,,Full Participation in Practice,2019-12-27T11:59:21Z
2019,REG,TB,17,00-0026814,T,Demar Dotson,Demar,Dotson,,,,Not Injury Related,,Full Participation in Practice,2019-12-27T11:59:21Z
2019,REG,TB,17,00-0035269,K,Matt Gay,Matt,Gay,,,,Back,,Full Participation in Practice,2019-12-27T11:59:21Z
2019,REG,TB,17,00-0030386,DE,William Gholston,William,Gholston,,,,Ankle,,Full Participation in Practice,2019-12-27T11:59:21Z
2019,REG,TB,17,00-0034613,TE,Tanner Hudson,Tanner,Hudson,,,,Concussion,,Full Participation in Practice,2019-12-27T11:59:21Z
2019,REG,TB,17,00-0029895,C,Ryan Jensen,Ryan,Jensen,,,,Elbow,,Full Participation in Practice,2019-12-27T11:59:21Z
2019,REG,TB,17,00-0031089,DT,Beau Allen,Beau,Allen,Ankle,,Out,Ankle,,Did Not Participate In Practice,2019-12-27T12:00:14Z
2019,REG,TB,17,00-0033921,WR,Chris Godwin,Chris,Godwin,Hamstring,,Out,Hamstring,,Did Not Participate In Practice,2019-12-27T12:00:30Z
2019,REG,TB,17,00-0031503,QB,Jameis Winston,Jameis,Winston,right Thumb,Knee,Questionable,right Thumb,Knee,Full Participation in Practice,2019-12-27T12:00:07Z
2019,REG,TB,17,00-0032217,T,Donovan Smith,Donovan,Smith,Ankle,Knee,Questionable,Ankle,Knee,Limited Participation in Practice,2019-12-27T12:00:07Z
2019,REG,TEN,17,00-0029794,LB,Daren Bates,Daren,Bates,,,,Shoulder,,Full Participation in Practice,2019-12-27T11:24:53Z
2019,REG,TEN,17,00-0033871,WR,Corey Davis,Corey,Davis,,,,Concussion,,Full Participation in Practice,2019-12-27T11:24:53Z
2019,REG,TEN,17,00-0032764,RB,Derrick Henry,Derrick,Henry,,,,Hamstring,,Full Participation in Practice,2019-12-27T11:24:53Z
2019,REG,TEN,17,00-0034828,LB,Harold Landry,Harold,Landry,,,,Not Injury Related,,Full Participation in Practice,2019-12-27T11:25:11Z
2019,REG,TEN,17,00-0035643,DT,Jeffery Simmons,Jeffery,Simmons,,,,Knee,,Full Participation in Practice,2019-12-27T11:24:53Z
2019,REG,TEN,17,00-0032009,WR,Adam Humphries,Adam,Humphries,Ankle,,Out,Ankle,,Did Not Participate In Practice,2019-12-27T11:25:45Z
2019,REG,TEN,17,00-0033878,CB,Adoree' Jackson,Adoree',Jackson,Foot,,Out,Foot,,Did Not Participate In Practice,2019-12-27T11:25:52Z
2019,REG,TEN,17,00-0032464,WR,Kalif Raymond,Kalif,Raymond,Concussion,,Out,Concussion,,Did Not Participate In Practice,2019-12-27T11:26:04Z
2019,REG,TEN,17,00-0033386,WR,Cody Hollister,Cody,Hollister,Ankle,,Questionable,Ankle,,Did Not Participate In Practice,2019-12-27T11:25:28Z
2019,REG,WAS,17,00-0033918,CB,Fabian Moreau,Fabian,Moreau,,,,Hamstring,,Did Not Participate In Practice,2019-12-26T11:51:19Z
2019,REG,WAS,17,00-0033527,S,Montae Nicholson,Montae,Nicholson,,,,Neck,Ankle,Did Not Participate In Practice,2019-12-26T11:51:19Z
2019,REG,WAS,17,00-0033525,LB,Ryan Anderson,Ryan,Anderson,,,,Achilles,Shoulder,Full Participation in Practice,2019-12-27T10:24:05Z
2019,REG,WAS,17,00-0035286,LB,Cole Holcomb,Cole,Holcomb,,,,Thumb,,Full Participation in Practice,2019-12-27T10:24:05Z
2019,REG,WAS,17,00-0023894,T,Donald Penn,Donald,Penn,,,,Knee,,Full Participation in Practice,2019-12-27T10:24:05Z
2019,REG,WAS,17,00-0025394,RB,Adrian Peterson,Adrian,Peterson,,,,Toe,,Full Participation in Practice,2019-12-27T10:24:57Z
2019,REG,WAS,17,00-0032262,S,Landon Collins,Landon,Collins,Shoulder,,Out,Shoulder,,Did Not Participate In Practice,2019-12-27T10:26:12Z
2019,REG,WAS,17,00-0035232,QB,Dwayne Haskins,Dwayne,Haskins,Ankle,,Out,Ankle,,Did Not Participate In Practice,2019-12-27T10:26:19Z
2019,REG,WAS,17,00-0035659,WR,Terry McLaurin,Terry,McLaurin,Concussion,,Out,Concussion,,Did Not Participate In Practice,2019-12-27T10:26:25Z
2019,REG,WAS,17,00-0034334,S,Troy Apke,Troy,Apke,Knee,,Questionable,Knee,,Did Not Participate In Practice,2019-12-27T10:26:03Z
2019,REG,WAS,17,00-0029285,CB,Josh Norman,Josh,Norman,Illness,,Questionable,Illness,,Did Not Participate In Practice,2019-12-27T10:26:03Z
2019,REG,WAS,17,00-0031330,T,Morgan Moses,Morgan,Moses,Knee,,Questionable,Knee,,Limited Participation in Practice,2019-12-27T10:26:03Z
2019,WC,BUF,18,00-0023259,LB,Lorenzo Alexander,Lorenzo,Alexander,,,,Rest,,Full Participation in Practice,2020-01-02T10:35:34Z
2019,WC,BUF,18,00-0027881,DE,Jerry Hughes,Jerry,Hughes,,,,Rest,,Full Participation in Practice,2020-01-02T10:35:39Z
2019,WC,BUF,18,00-0033096,DE,Shaq Lawson,Shaq,Lawson,Hamstring,,Questionable,Hamstring,,Limited Participation in Practice,2020-01-02T10:35:58Z
2019,WC,BUF,18,00-0029709,T,Ty Nsekhe,Ty,Nsekhe,Ankle,,Questionable,Ankle,,Limited Participation in Practice,2020-01-02T10:35:58Z
2019,WC,BUF,18,00-0027691,WR,Andre Roberts,Andre,Roberts,Foot,,Questionable,Foot,,Limited Participation in Practice,2020-01-02T10:35:58Z
2019,WC,BUF,18,00-0034514,CB,Levi Wallace,Levi,Wallace,Ankle,,Questionable,Ankle,,Limited Participation in Practice,2020-01-02T10:35:58Z
2019,WC,HOU,18,00-0034163,LB,Jacob Martin,Jacob,Martin,,,,Knee,,Full Participation in Practice,2020-01-02T13:19:22Z
2019,WC,HOU,18,00-0030085,WR,Kenny Stills,Kenny,Stills,,,,Knee,,Full Participation in Practice,2020-01-02T13:19:18Z
2019,WC,HOU,18,00-0034420,TE,Jordan Thomas,Jordan,Thomas,,,,Illness,,Full Participation in Practice,2020-01-02T13:19:11Z
2019,WC,HOU,18,00-0032380,T,Laremy Tunsil,Laremy,Tunsil,,,,Ankle,,Full Participation in Practice,2020-01-02T13:19:07Z
2019,WC,HOU,18,00-0027949,DE,J.J. Watt,J.J.,Watt,,,,Shoulder,,Full Participation in Practice,2020-01-02T13:19:01Z
2019,WC,HOU,18,00-0030312,S,Jahleel Addae,Jahleel,Addae,Achilles,,Questionable,Achilles,,Limited Participation in Practice,2020-01-02T13:19:48Z
2019,WC,HOU,18,00-0034364,TE,Jordan Akins,Jordan,Akins,Hamstring,,Questionable,Hamstring,,Limited Participation in Practice,2020-01-02T13:19:48Z
2019,WC,HOU,18,00-0033127,WR,Will Fuller,Will,Fuller,Groin,,Questionable,Groin,,Limited Participation in Practice,2020-01-02T13:19:48Z
2019,WC,HOU,18,00-0024239,CB,Johnathan Joseph,Johnathan,Joseph,Hamstring,,Questionable,Hamstring,,Limited Participation in Practice,2020-01-02T13:19:48Z
2019,WC,HOU,18,00-0031372,CB,Bradley Roby,Bradley,Roby,Hamstring,,Questionable,Hamstring,,Limited Participation in Practice,2020-01-02T13:19:48Z
2019,WC,MIN,18,00-0033893,RB,Dalvin Cook,Dalvin,Cook,,,,Shoulder,,Full Participation in Practice,2020-01-03T11:26:34Z
2019,WC,MIN,18,00-0032454,S,Jayron Kearse,Jayron,Kearse,,,,Foot,,Full Participation in Practice,2020-01-03T11:26:34Z
2019,WC,MIN,18,00-0031554,LB,Eric Kendricks,Eric,Kendricks,,,,Quadricep,,Full Participation in Practice,2020-01-03T11:26:54Z
2019,WC,MIN,18,00-0034972,RB,Alexander Mattison,Alexander,Mattison,,,,Ankle,,Full Participation in Practice,2020-01-03T11:26:34Z
2019,WC,MIN,18,00-0030575,CB,Xavier Rhodes,Xavier,Rhodes,,,,Ankle,,Full Participation in Practice,2020-01-03T11:26:34Z
2019,WC,MIN,18,00-0027914,S,Andrew Sendejo,Andrew,Sendejo,,,,Illness,,Full Participation in Practice,2020-01-03T11:27:09Z
2019,WC,MIN,18,00-0031242,DT,Shamar Stephen,Shamar,Stephen,,,,Knee,,Full Participation in Practice,2020-01-03T11:26:34Z
2019,WC,MIN,18,00-0032448,DE,Stephen Weatherly,Stephen,Weatherly,,,,Illness,,Full Participation in Practice,2020-01-03T11:27:01Z
2019,WC,MIN,18,00-0032389,CB,Mackensie Alexander,Mackensie,Alexander,Knee,,Out,Knee,,Did Not Participate In Practice,2020-01-03T11:27:32Z
2019,WC,MIN,18,00-0034843,CB,Mike Hughes,Mike,Hughes,Neck,,Out,Neck,,Did Not Participate In Practice,2020-01-03T11:27:45Z
2019,WC,MIN,18,00-0033969,DE,Ifeadi Odenigbo,Ifeadi,Odenigbo,Hamstring,,Questionable,Hamstring,,Limited Participation in Practice,2020-01-03T11:27:23Z
2019,WC,NE,18,00-0028076,T,Marcus Cannon,Marcus,Cannon,,,,Ankle,,Limited Participation in Practice,2020-01-01T12:55:29Z
2019,WC,NE,18,00-0034385,LB,Ja'Whaun Bentley,Ja'Whaun,Bentley,Knee,,Questionable,Knee,,Limited Participation in Practice,2020-01-02T12:57:42Z
2019,WC,NE,18,00-0031338,S,Terrence Brooks,Terrence,Brooks,Groin,,Questionable,Groin,,Limited Participation in Practice,2020-01-02T12:57:42Z
2019,WC,NE,18,00-0030421,LB,Jamie Collins,Jamie,Collins,Shoulder,,Questionable,Shoulder,,Limited Participation in Practice,2020-01-02T12:57:42Z
2019,WC,NE,18,00-0027150,WR,Julian Edelman,Julian,Edelman,Knee,Shoulder,Questionable,Knee,Shoulder,Limited Participation in Practice,2020-01-02T12:57:42Z
2019,WC,NE,18,00-0032580,CB,Jonathan Jones,Jonathan,Jones,Groin,,Questionable,Groin,,Limited Participation in Practice,2020-01-02T12:57:42Z
2019,WC,NE,18,00-0027136,CB,Jason McCourty,Jason,McCourty,Groin,,Questionable,Groin,,Limited Participation in Practice,2020-01-02T12:57:42Z
2019,WC,NO,18,00-0032939,S,Vonn Bell,Vonn,Bell,,,,Knee,,Full Participation in Practice,2020-01-02T12:54:07Z
2019,WC,NO,18,00-0032765,WR,Michael Thomas,Michael,Thomas,,,,Hand,,Full Participation in Practice,2020-01-02T12:54:13Z
2019,WC,NO,18,00-0032450,RB,Dwayne Washington,Dwayne,Washington,,,,Knee,,Full Participation in Practice,2020-01-02T12:54:20Z
2019,WC,NO,18,00-0033894,WR,Marcus Williams,Marcus,Williams,,,,Groin,,Full Participation in Practice,2020-01-02T12:54:25Z
2019,WC,NO,18,00-0032379,CB,Eli Apple,Eli,Apple,Ankle,,Out,Ankle,,Did Not Participate In Practice,2020-01-03T12:40:46Z
2019,WC,NO,18,00-0029931,RB,Zach Line,Zach,Line,Knee,,Out,Knee,,Did Not Participate In Practice,2020-01-03T12:40:52Z
2019,WC,PHI,18,00-0033876,DE,Derek Barnett,Derek,Barnett,,,,Ankle,,Full Participation in Practice,2020-01-03T12:01:34Z
2019,WC,PHI,18,00-0029653,DT,Fletcher Cox,Fletcher,Cox,,,,Triceps,,Full Participation in Practice,2020-01-03T11:39:19Z
2019,WC,PHI,18,00-0033543,CB,Sidney Jones,Sidney,Jones,,,,Back,,Full Participation in Practice,2020-01-03T11:39:10Z
2019,WC,PHI,18,00-0034377,CB,Avonte Maddox,Avonte,Maddox,,,,Abdomen,,Full Participation in Practice,2020-01-03T11:39:10Z
2019,WC,PHI,18,00-0032803,CB,Jalen Mills,Jalen,Mills,,,,Ankle,,Full Participation in Practice,2020-01-03T11:39:10Z
2019,WC,PHI,18,00-0035243,RB,Miles Sanders,Miles,Sanders,,,,Ankle,,Full Participation in Practice,2020-01-03T11:39:51Z
2019,WC,PHI,18,00-0031549,WR,Nelson Agholor,Nelson,Agholor,Knee,,Out,Knee,,Did Not Participate In Practice,2020-01-03T11:45:00Z
2019,WC,PHI,18,00-0030561,T,Lane Johnson,Lane,Johnson,Ankle,,Questionable,Ankle,,Did Not Participate In Practice,2020-01-03T11:43:46Z
2019,WC,PHI,18,00-0030061,TE,Zach Ertz,Zach,Ertz,Ribs,Back,Questionable,Ribs,Back,Limited Participation in Practice,2020-01-03T11:43:46Z
2019,WC,SEA,18,00-0035672,LB,Cody Barton,Cody,Barton,,,,Knee,,Full Participation in Practice,2020-01-03T14:10:27Z
2019,WC,SEA,18,00-0031608,S,Quandre Diggs,Quandre,Diggs,,,,Ankle,,Full Participation in Practice,2020-01-03T14:08:45Z
2019,WC,SEA,18,00-0035141,G,Phil Haynes,Phil,Haynes,,,,Head,,Full Participation in Practice,2020-01-03T14:09:07Z
2019,WC,SEA,18,00-0032443,C,Joey Hunt,Joey,Hunt,,,,Fibula,,Full Participation in Practice,2020-01-03T14:10:07Z
2019,WC,SEA,18,00-0030089,TE,Luke Willson,Luke,Willson,,,,Hip,,Full Participation in Practice,2020-01-03T14:08:45Z
2019,WC,SEA,18,00-0031364,DE,Jadeveon Clowney,Jadeveon,Clowney,,,,Core,,Limited Participation in Practice,2020-01-03T14:08:58Z
2019,WC,SEA,18,00-0026166,T,Duane Brown,Duane,Brown,Knee,Biceps,Out,Knee,Biceps,Did Not Participate In Practice,2020-01-03T13:03:03Z
2019,WC,SEA,18,00-0029409,LB,Mychal Kendricks,Mychal,Kendricks,Knee,,Out,Knee,,Did Not Participate In Practice,2020-01-03T13:03:16Z
2019,WC,SEA,18,00-0034867,WR,Malik Turner,Malik,Turner,Concussion,,Out,Concussion,,Did Not Participate In Practice,2020-01-03T13:03:28Z
2019,WC,SEA,18,00-0030300,WR,Jaron Brown,Jaron,Brown,Knee,Personal,Questionable,Knee,Personal,Did Not Participate In Practice,2020-01-03T13:04:01Z
2019,WC,SEA,18,00-0027869,G,Mike Iupati,Mike,Iupati,Neck,,Questionable,Neck,,Did Not Participate In Practice,2020-01-03T13:04:32Z
2019,WC,TEN,18,00-0029794,LB,Daren Bates,Daren,Bates,,,,Shoulder,,Full Participation in Practice,2020-01-02T11:55:23Z
2019,WC,TEN,18,00-0033057,T,Jack Conklin,Jack,Conklin,,,,Knee,,Full Participation in Practice,2020-01-02T11:55:30Z
2019,WC,TEN,18,00-0033878,CB,Adoree' Jackson,Adoree',Jackson,,,,Foot,,Full Participation in Practice,2020-01-02T11:55:23Z
2019,WC,TEN,18,00-0032009,WR,Adam Humphries,Adam,Humphries,Ankle,,Out,Ankle,,Did Not Participate In Practice,2020-01-02T11:56:32Z
2019,WC,TEN,18,00-0034389,S,Dane Cruikshank,Dane,Cruikshank,Illness,,Questionable,Illness,,Limited Participation in Practice,2020-01-02T11:56:20Z
2019,WC,TEN,18,00-0033386,WR,Cody Hollister,Cody,Hollister,Ankle,,Questionable,Ankle,,Limited Participation in Practice,2020-01-02T11:56:20Z
2019,WC,TEN,18,00-0032464,WR,Kalif Raymond,Kalif,Raymond,Concussion,,Questionable,Concussion,,Limited Participation in Practice,2020-01-02T11:56:20Z
2019,DIV,BAL,19,00-0032771,G,Parker Ehinger,Parker,Ehinger,,,,Shoulder,,Did Not Participate In Practice,2020-01-07T12:55:29Z
2019,DIV,BAL,19,00-0027965,CB,Jimmy Smith,Jimmy,Smith,,,,Not Injury Related,,Full Participation in Practice,2020-01-09T12:15:47Z
2019,DIV,BAL,19,00-0027866,S,Earl Thomas,Earl,Thomas,,,,Not Injury Related,,Full Participation in Practice,2020-01-09T12:15:47Z
2019,DIV,BAL,19,00-0030511,DT,Brandon Williams,Brandon,Williams,,,,Not Injury Related,,Full Participation in Practice,2020-01-09T12:16:19Z
2019,DIV,BAL,19,00-0034753,TE,Mark Andrews,Mark,Andrews,Ankle,,Questionable,Ankle,,Limited Participation in Practice,2020-01-09T12:15:55Z
2019,DIV,BAL,19,00-0027966,RB,Mark Ingram,Mark,Ingram,Calf,,Questionable,Calf,,Limited Participation in Practice,2020-01-09T12:15:55Z
2019,DIV,GB,19,00-0027875,T,Bryan Bulaga,Bryan,Bulaga,,,,Concussion,Not Injury Related,Full Participation in Practice,2020-01-10T13:16:53Z
2019,DIV,GB,19,00-0034967,LB,Rashan Gary,Rashan,Gary,,,,Shoulder,,Full Participation in Practice,2020-01-10T13:16:53Z
2019,DIV,GB,19,00-0034521,WR,Allen Lazard,Allen,Lazard,,,,Ankle,,Full Participation in Practice,2020-01-10T13:16:53Z
2019,DIV,GB,19,00-0031019,C,Corey Linsley,Corey,Linsley,,,,Back,,Full Participation in Practice,2020-01-10T13:16:53Z
2019,DIV,GB,19,00-0032408,LB,Blake Martinez,Blake,Martinez,,,,Hand,,Full Participation in Practice,2020-01-10T13:16:53Z
2019,DIV,GB,19,00-0033124,S,Will Redmond,Will,Redmond,,,,Hamstring,,Full Participation in Practice,2020-01-10T13:16:53Z
2019,DIV,GB,19,00-0033948,RB,Jamaal Williams,Jamaal,Williams,,,,Shoulder,,Full Participation in Practice,2020-01-10T13:16:53Z
2019,DIV,GB,19,00-0027696,TE,Jimmy Graham,Jimmy,Graham,,,,Wrist,Not Injury Related,Limited Participation in Practice,2020-01-10T13:16:53Z
2019,DIV,GB,19,00-0024243,TE,Marcedes Lewis,Marcedes,Lewis,,,,Not Injury Related,,Limited Participation in Practice,2020-01-10T13:17:11Z
2019,DIV,GB,19,00-0031935,LB,Preston Smith,Preston,Smith,,,,Ankle,,Limited Participation in Practice,2020-01-10T13:16:53Z
2019,DIV,GB,19,00-0031433,G,Billy Turner,Billy,Turner,,,,Ankle,,Limited Participation in Practice,2020-01-10T13:16:53Z
2019,DIV,GB,19,00-0024061,CB,Tramon Williams,Tramon,Williams,,,,Not Injury Related,,Limited Participation in Practice,2020-01-10T13:16:53Z
2019,DIV,GB,19,00-0034185,DT,Tyler Lancaster,Tyler,Lancaster,Illness,,Questionable,Illness,,Did Not Participate In Practice,2020-01-10T13:17:14Z
2019,DIV,GB,19,00-0032794,RB,Dan Vitale,Dan,Vitale,Knee,Illness,Questionable,Knee,Illness,Did Not Participate In Practice,2020-01-10T13:17:14Z
2019,DIV,GB,19,00-0034995,RB,Dexter Williams,Dexter,Williams,Illness,,Questionable,Illness,,Did Not Participate In Practice,2020-01-10T13:17:14Z
2019,DIV,GB,19,00-0033120,DT,Kenny Clark,Kenny,Clark,Back,,Questionable,Back,,Limited Participation in Practice,2020-01-10T13:17:14Z
2019,DIV,HOU,19,00-0025900,T,Chris Clark,Chris,Clark,,,,Concussion,,Full Participation in Practice,2020-01-10T12:02:21Z
2019,DIV,HOU,19,00-0034163,LB,Jacob Martin,Jacob,Martin,,,,Illness,,Full Participation in Practice,2020-01-10T12:02:55Z
2019,DIV,HOU,19,00-0034594,S,A.J. Moore,A.J.,Moore,,,,Hip,,Full Participation in Practice,2020-01-10T12:02:50Z
2019,DIV,HOU,19,00-0027949,DE,J.J. Watt,J.J.,Watt,,,,Shoulder,,Full Participation in Practice,2020-01-10T12:02:45Z
2019,DIV,HOU,19,00-0030312,S,Jahleel Addae,Jahleel,Addae,Knee,,Questionable,Knee,,Limited Participation in Practice,2020-01-10T12:03:54Z
2019,DIV,HOU,19,00-0034364,TE,Jordan Akins,Jordan,Akins,Hamstring,,Questionable,Hamstring,,Limited Participation in Practice,2020-01-10T12:03:54Z
2019,DIV,HOU,19,00-0034435,CB,Keion Crossen,Keion,Crossen,Hamstring,,Questionable,Hamstring,,Limited Participation in Practice,2020-01-10T12:03:54Z
2019,DIV,HOU,19,00-0029738,TE,Darren Fells,Darren,Fells,Hip,,Questionable,Hip,,Limited Participation in Practice,2020-01-10T12:03:54Z
2019,DIV,HOU,19,00-0033127,WR,Will Fuller,Will,Fuller,Groin,,Questionable,Groin,,Limited Participation in Practice,2020-01-10T12:03:54Z
2019,DIV,HOU,19,00-0024239,CB,Johnathan Joseph,Johnathan,Joseph,Hamstring,,Questionable,Hamstring,,Limited Participation in Practice,2020-01-10T12:03:54Z
2019,DIV,HOU,19,00-0030085,WR,Kenny Stills,Kenny,Stills,Knee,,Questionable,Knee,,Limited Participation in Practice,2020-01-10T12:03:54Z
2019,DIV,KC,19,00-0033902,DE,Tanoh Kpassagnon,Tanoh,Kpassagnon,,,,Neck,,Full Participation in Practice,2020-01-10T12:46:17Z
2019,DIV,KC,19,00-0031958,C,Austin Reiter,Austin,Reiter,,,,Wrist,,Full Participation in Practice,2020-01-10T12:46:17Z
2019,DIV,KC,19,00-0033831,G,Andrew Wylie,Andrew,Wylie,,,,Ankle,,Full Participation in Practice,2020-01-10T12:46:17Z
2019,DIV,KC,19,00-0029676,CB,Morris Claiborne,Morris,Claiborne,Not Injury Related,Shoulder,Out,Not Injury Related,Shoulder,Did Not Participate In Practice,2020-01-10T12:46:48Z
2019,DIV,KC,19,00-0032762,DT,Chris Jones,Chris,Jones,Calf,,Questionable,Calf,,Did Not Participate In Practice,2020-01-10T12:46:36Z
2019,DIV,KC,19,00-0030506,TE,Travis Kelce,Travis,Kelce,Knee,,Questionable,Knee,,Limited Participation in Practice,2020-01-10T12:46:36Z
2019,DIV,MIN,19,00-0034270,TE,Tyler Conklin,Tyler,Conklin,,,,Knee,,Full Participation in Practice,2020-01-09T10:53:53Z
2019,DIV,MIN,19,00-0033893,RB,Dalvin Cook,Dalvin,Cook,,,,Shoulder,,Full Participation in Practice,2020-01-09T10:53:53Z
2019,DIV,MIN,19,00-0031588,WR,Stefon Diggs,Stefon,Diggs,,,,Illness,,Full Participation in Practice,2020-01-09T10:54:19Z
2019,DIV,MIN,19,00-0027885,DT,Linval Joseph,Linval,Joseph,,,,Knee,,Full Participation in Practice,2020-01-09T10:54:06Z
2019,DIV,MIN,19,00-0029992,G,Josh Kline,Josh,Kline,,,,Elbow,,Full Participation in Practice,2020-01-09T10:53:53Z
2019,DIV,MIN,19,00-0033969,DE,Ifeadi Odenigbo,Ifeadi,Odenigbo,,,,Hamstring,,Full Participation in Practice,2020-01-07T14:39:56Z
2019,DIV,MIN,19,00-0030575,CB,Xavier Rhodes,Xavier,Rhodes,,,,Ankle,Shoulder,Full Participation in Practice,2020-01-09T10:53:53Z
2019,DIV,MIN,19,00-0031242,DT,Shamar Stephen,Shamar,Stephen,,,,Knee,,Full Participation in Practice,2020-01-09T10:53:53Z
2019,DIV,MIN,19,00-0032448,DE,Stephen Weatherly,Stephen,Weatherly,,,,Foot,,Full Participation in Practice,2020-01-09T10:53:53Z
2019,DIV,MIN,19,00-0032389,CB,Mackensie Alexander,Mackensie,Alexander,Knee,,Out,Knee,,Did Not Participate In Practice,2020-01-09T10:57:15Z
2019,DIV,MIN,19,00-0032454,S,Jayron Kearse,Jayron,Kearse,Toe,Knee,Out,Toe,Knee,Did Not Participate In Practice,2020-01-10T13:20:35Z
2019,DIV,MIN,19,00-0030035,WR,Adam Thielen,Adam,Thielen,Ankle,,Questionable,Ankle,,Did Not Participate In Practice,2020-01-09T10:57:03Z
2019,DIV,SEA,19,00-0035672,LB,Cody Barton,Cody,Barton,,,,Hip,,Full Participation in Practice,2020-01-10T14:08:26Z
2019,DIV,SEA,19,00-0030300,WR,Jaron Brown,Jaron,Brown,,,,Knee,,Full Participation in Practice,2020-01-10T14:08:26Z
2019,DIV,SEA,19,00-0031364,DE,Jadeveon Clowney,Jadeveon,Clowney,,,,Core,,Full Participation in Practice,2020-01-10T14:09:28Z
2019,DIV,SEA,19,00-0034756,CB,Tre Flowers,Tre,Flowers,,,,Knee,,Full Participation in Practice,2020-01-10T14:09:52Z
2019,DIV,SEA,19,00-0032443,C,Joey Hunt,Joey,Hunt,,,,Fibula,,Full Participation in Practice,2020-01-10T14:10:05Z
2019,DIV,SEA,19,00-0034729,T,Jamarco Jones,Jamarco,Jones,,,,Shoulder,,Full Participation in Practice,2020-01-10T14:08:26Z
2019,DIV,SEA,19,00-0035640,WR,DK Metcalf,DK,Metcalf,,,,Not Injury Related,,Full Participation in Practice,2020-01-10T14:08:26Z
2019,DIV,SEA,19,00-0032387,DT,Jarran Reed,Jarran,Reed,,,,Biceps,Ankle,Full Participation in Practice,2020-01-10T14:08:26Z
2019,DIV,SEA,19,00-0034867,WR,Malik Turner,Malik,Turner,,,,Concussion,,Full Participation in Practice,2020-01-10T14:08:26Z
2019,DIV,SEA,19,00-0027812,LB,Dekoda Watson,Dekoda,Watson,,,,Calf,,Full Participation in Practice,2020-01-10T14:08:26Z
2019,DIV,SEA,19,00-0027869,G,Mike Iupati,Mike,Iupati,Neck,,Doubtful,Neck,,Did Not Participate In Practice,2020-01-10T13:05:26Z
2019,DIV,SEA,19,00-0030059,DE,Ezekiel Ansah,Ezekiel,Ansah,Neck,,Questionable,Neck,,Did Not Participate In Practice,2020-01-10T13:06:03Z
2019,DIV,SEA,19,00-0035139,S,Marquise Blair,Marquise,Blair,Ankle,,Questionable,Ankle,,Did Not Participate In Practice,2020-01-10T13:06:31Z
2019,DIV,SEA,19,00-0026166,T,Duane Brown,Duane,Brown,Knee,,Questionable,Knee,,Limited Participation in Practice,2020-01-10T13:05:41Z
2019,DIV,SEA,19,00-0032466,T,George Fant,George,Fant,Groin,,Questionable,Groin,,Limited Participation in Practice,2020-01-10T13:05:51Z
2019,DIV,SEA,19,00-0032416,DT,Quinton Jefferson,Quinton,Jefferson,Ankle,,Questionable,Ankle,,Limited Participation in Practice,2020-01-10T13:06:20Z
2019,DIV,SF,19,00-0033973,LB,Elijah Lee,Elijah,Lee,,,,Illness,,Did Not Participate In Practice,2020-01-09T13:29:23Z
2019,DIV,SF,19,00-0028177,G,Mike Person,Mike,Person,,,,Neck,,Full Participation in Practice,2020-01-09T13:28:56Z
2019,DIV,SF,19,00-0031297,DE,Dee Ford,Dee,Ford,Quadricep,Hamstring,Questionable,Quadricep,Hamstring,Limited Participation in Practice,2020-01-09T13:29:28Z
2019,DIV,SF,19,00-0034320,DE,Kentavius Street,Kentavius,Street,Knee,,Questionable,Knee,,Limited Participation in Practice,2020-01-09T13:29:28Z
2019,DIV,TEN,19,00-0032386,LB,Kamalei Correa,Kamalei,Correa,,,,Illness,,Full Participation in Practice,2020-01-09T12:03:37Z
2019,DIV,TEN,19,00-0035649,G,Nate Davis,Nate,Davis,,,,Illness,,Full Participation in Practice,2020-01-09T12:03:42Z
2019,DIV,TEN,19,00-0033878,CB,Adoree' Jackson,Adoree',Jackson,,,,Foot,,Full Participation in Practice,2020-01-09T12:03:59Z
2019,DIV,TEN,19,00-0028087,RB,Dion Lewis,Dion,Lewis,,,,Shoulder,,Full Participation in Practice,2020-01-09T12:04:12Z
2019,DIV,TEN,19,00-0032464,WR,Kalif Raymond,Kalif,Raymond,,,,Concussion,,Full Participation in Practice,2020-01-09T12:03:29Z
2019,DIV,TEN,19,00-0033954,LB,Jayon Brown,Jayon,Brown,Shoulder,,Out,Shoulder,,Did Not Participate In Practice,2020-01-09T12:04:36Z
2019,DIV,TEN,19,00-0032009,WR,Adam Humphries,Adam,Humphries,Ankle,,Out,Ankle,,Did Not Participate In Practice,2020-01-09T12:04:48Z
2019,DIV,TEN,19,00-0033386,WR,Cody Hollister,Cody,Hollister,Ankle,,Questionable,Ankle,,Limited Participation in Practice,2020-01-09T12:04:29Z
2019,CON,GB,20,00-0032626,WR,Geronimo Allison,Geronimo,Allison,,,,Illness,,Full Participation in Practice,2020-01-17T12:45:39Z
2019,CON,GB,20,00-0031584,S,Adrian Amos,Adrian,Amos,,,,Chest,,Full Participation in Practice,2020-01-17T12:45:27Z
2019,CON,GB,20,00-0027875,T,Bryan Bulaga,Bryan,Bulaga,,,,Not Injury Related,,Full Participation in Practice,2020-01-17T12:45:27Z
2019,CON,GB,20,00-0033120,DT,Kenny Clark,Kenny,Clark,,,,Back,,Full Participation in Practice,2020-01-17T12:45:46Z
2019,CON,GB,20,00-0031068,WR,Ryan Grant,Ryan,Grant,,,,Not Injury Related,,Full Participation in Practice,2020-01-17T12:45:27Z
2019,CON,GB,20,00-0034521,WR,Allen Lazard,Allen,Lazard,,,,Ankle,,Full Participation in Practice,2020-01-17T12:45:54Z
2019,CON,GB,20,00-0032408,LB,Blake Martinez,Blake,Martinez,,,,Hand,,Full Participation in Practice,2020-01-17T12:45:27Z
2019,CON,GB,20,00-0031433,G,Billy Turner,Billy,Turner,,,,Ankle,,Full Participation in Practice,2020-01-17T12:45:27Z
2019,CON,GB,20,00-0027696,TE,Jimmy Graham,Jimmy,Graham,,,,Not Injury Related,,Limited Participation in Practice,2020-01-17T12:45:27Z
2019,CON,GB,20,00-0024243,TE,Marcedes Lewis,Marcedes,Lewis,,,,Not Injury Related,,Limited Participation in Practice,2020-01-17T12:45:27Z
2019,CON,GB,20,00-0031935,LB,Preston Smith,Preston,Smith,,,,Ankle,,Limited Participation in Practice,2020-01-17T12:45:27Z
2019,CON,GB,20,00-0024061,CB,Tramon Williams,Tramon,Williams,,,,Not Injury Related,,Limited Participation in Practice,2020-01-17T12:45:27Z
2019,CON,GB,20,00-0034162,P,J.K. Scott,J.K.,Scott,Illness,,Questionable,,,"
    ",2020-01-18T13:50:10Z
2019,CON,GB,20,00-0032794,RB,Dan Vitale,Dan,Vitale,Knee,,Questionable,Knee,,Limited Participation in Practice,2020-01-17T12:46:02Z
2019,CON,KC,20,00-0029676,CB,Morris Claiborne,Morris,Claiborne,,,,Shoulder,,Full Participation in Practice,2020-01-17T12:33:53Z
2019,CON,KC,20,00-0033084,CB,Kendall Fuller,Kendall,Fuller,,,,Knee,,Full Participation in Practice,2020-01-17T12:33:53Z
2019,CON,KC,20,00-0033902,DE,Tanoh Kpassagnon,Tanoh,Kpassagnon,,,,Neck,,Full Participation in Practice,2020-01-17T12:33:53Z
2019,CON,KC,20,00-0031958,C,Austin Reiter,Austin,Reiter,,,,Wrist,,Full Participation in Practice,2020-01-17T12:33:53Z
2019,CON,KC,20,00-0035656,DT,Khalen Saunders,Khalen,Saunders,,,,Knee,,Full Participation in Practice,2020-01-17T12:33:53Z
2019,CON,KC,20,00-0033831,G,Andrew Wylie,Andrew,Wylie,,,,Ankle,,Full Participation in Practice,2020-01-17T12:33:53Z
2019,CON,KC,20,00-0030506,TE,Travis Kelce,Travis,Kelce,,,,Knee,,Limited Participation in Practice,2020-01-17T12:33:53Z
2019,CON,KC,20,00-0032762,DT,Chris Jones,Chris,Jones,Calf,,Questionable,Calf,,Limited Participation in Practice,2020-01-17T12:34:30Z
2019,CON,KC,20,00-0027029,RB,LeSean McCoy,LeSean,McCoy,Illness,,Questionable,Illness,,Limited Participation in Practice,2020-01-17T12:34:30Z
2019,CON,KC,20,00-0025708,QB,Matt Moore,Matt,Moore,Illness,,Questionable,Illness,,Limited Participation in Practice,2020-01-17T12:34:30Z
2019,CON,SF,20,00-0032058,RB,Tevin Coleman,Tevin,Coleman,,,,Elbow,,Full Participation in Practice,2020-01-17T13:30:25Z
2019,CON,SF,20,00-0031297,DE,Dee Ford,Dee,Ford,,,,Quadricep,Hamstring,Full Participation in Practice,2020-01-17T13:30:37Z
2019,CON,SF,20,00-0033288,TE,George Kittle,George,Kittle,,,,Ankle,,Full Participation in Practice,2020-01-17T13:30:25Z
2019,CON,SF,20,00-0031687,RB,Raheem Mostert,Raheem,Mostert,,,,Calf,,Full Participation in Practice,2020-01-17T13:30:25Z
2019,CON,SF,20,00-0032109,LB,Kwon Alexander,Kwon,Alexander,,,,Pectoral,,Limited Participation in Practice,2020-01-17T13:30:25Z
2019,CON,TEN,20,00-0030411,CB,Logan Ryan,Logan,Ryan,,,,Illness,,Full Participation in Practice,2020-01-17T11:56:11Z
2019,CON,TEN,20,00-0033954,LB,Jayon Brown,Jayon,Brown,Shoulder,,Questionable,Shoulder,,Limited Participation in Practice,2020-01-17T11:56:34Z
2019,CON,TEN,20,00-0033057,T,Jack Conklin,Jack,Conklin,Shoulder,,Questionable,Shoulder,,Limited Participation in Practice,2020-01-17T11:56:34Z
2019,CON,TEN,20,00-0034743,LB,Rashaan Evans,Rashaan,Evans,Foot,,Questionable,Foot,,Limited Participation in Practice,2020-01-17T11:56:34Z
2019,CON,TEN,20,00-0033386,WR,Cody Hollister,Cody,Hollister,Ankle,,Questionable,Ankle,,Limited Participation in Practice,2020-01-17T11:56:34Z
2019,CON,TEN,20,00-0032009,WR,Adam Humphries,Adam,Humphries,Ankle,,Questionable,Ankle,,Limited Participation in Practice,2020-01-17T11:56:34Z
2019,CON,TEN,20,00-0033878,CB,Adoree' Jackson,Adoree',Jackson,Foot,,Questionable,Foot,,Limited Participation in Practice,2020-01-17T11:56:34Z
2019,CON,TEN,20,00-0035292,LB,David Long,David,Long,Knee,,Questionable,Knee,,Limited Participation in Practice,2020-01-17T11:56:34Z
2019,SB,KC,21,00-0032762,DT,Chris Jones,Chris,Jones,,,,Calf,,Full Participation in Practice,2020-01-31T11:30:17Z
2019,SB,KC,21,00-0030506,TE,Travis Kelce,Travis,Kelce,,,,Knee,,Full Participation in Practice,2020-01-31T11:30:17Z
2019,SB,KC,21,00-0031958,C,Austin Reiter,Austin,Reiter,,,,Wrist,,Full Participation in Practice,2020-01-31T11:30:17Z
2019,SB,KC,21,00-0034319,TE,Deon Yelder,Deon,Yelder,,,,Achilles,,Full Participation in Practice,2020-01-31T11:30:17Z
2019,SB,SF,21,00-0032109,LB,Kwon Alexander,Kwon,Alexander,,,,Pectoral,,Full Participation in Practice,2020-01-31T11:33:22Z
2019,SB,SF,21,00-0032058,RB,Tevin Coleman,Tevin,Coleman,,,,Shoulder,,Full Participation in Practice,2020-01-31T11:33:27Z
2019,SB,SF,21,00-0032057,S,Jaquiski Tartt,Jaquiski,Tartt,,,,Ribs,,Full Participation in Practice,2020-01-31T11:33:37Z
