season,game_type,team,week,gsis_id,position,full_name,first_name,last_name,report_primary_injury,report_secondary_injury,report_status,practice_primary_injury,practice_secondary_injury,practice_status,date_modified
2010,REG,ARI,1,00-0027007,RB,Chris Wells,Chris,Wells,Knee,,Questionable,Knee,,Did Not Participate In Practice,2010-09-10T12:13:53Z
2010,REG,ARI,1,00-0022288,RB,Jason Wright,Jason,Wright,Toe,,Questionable,Toe,,Limited Participation in Practice,2010-09-10T12:13:44Z
2010,REG,ARI,1,00-0025668,CB,Michael Adams,Michael,Adams,Shoulder,,Probable,Shoulder,,Full Participation in Practice,
2010,REG,ARI,1,00-0026939,LB,Will Davis,Will,Davis,Knee,,Probable,Knee,,Full Participation in Practice,
2010,REG,ARI,1,00-0022921,WR,Larry Fitzgerald,Larry,Fitzgerald,Knee,,Probable,Knee,,Full Participation in Practice,
2010,REG,ARI,1,00-0025602,TE,Ben Patrick,Ben,Patrick,Knee,,Probable,Knee,,Full Participation in Practice,
2010,REG,ARI,1,00-0013126,LB,Joey Porter,Joey,Porter,Back,,Probable,Back,,Full Participation in Practice,
2010,REG,ARI,1,00-0027691,WR,Andre Roberts,Andre,Roberts,Shoulder,,Probable,Shoulder,,Full Participation in Practice,
2010,REG,ATL,1,00-0022781,WR,Michael Jenkins,Michael,Jenkins,Shoulder,,Out,Shoulder,,Did Not Participate In Practice,2010-09-10T12:53:27Z
2010,REG,ATL,1,00-0024183,CB,Brent Grimes,Brent,Grimes,Hip,,Questionable,Hip,,Full Participation in Practice,2010-09-10T12:52:50Z
2010,REG,ATL,1,00-0027686,DT,Corey Peters,Corey,Peters,Knee,,Questionable,Knee,,Full Participation in Practice,2010-09-10T12:53:15Z
2010,REG,ATL,1,00-0027717,C,Joe Hawley,Joe,Hawley,Hip,,Questionable,Hip,,Limited Participation in Practice,2010-09-10T12:53:04Z
2010,REG,BAL,1,00-0027665,DT,Terrence Cody,Terrence,Cody,Knee,,Out,Knee,,Out (Definitely Will Not Play),2010-09-11T11:05:21Z
2010,REG,BAL,1,00-0025787,T,Jared Gaither,Jared,Gaither,Back,,Out,Back,,Out (Definitely Will Not Play),2010-09-11T11:05:28Z
2010,REG,BAL,1,00-0021147,WR,Donte' Stallworth,Donte',Stallworth,Foot,,Out,Foot,,Out (Definitely Will Not Play),2010-09-11T11:05:54Z
2010,REG,BAL,1,00-0026239,T,Oniel Cousins,Oniel,Cousins,Head,,Probable,Head,,Full Participation in Practice,
2010,REG,BAL,1,00-0027060,CB,Lardarius Webb,Lardarius,Webb,Knee,,Probable,Knee,,Full Participation in Practice,
2010,REG,BAL,1,00-0027033,LB,Paul Kruger,Paul,Kruger,Shoulder,,Probable,Shoulder,,Limited Participation in Practice,
2010,REG,BUF,1,00-0027209,LB,Antonio Coleman,Antonio,Coleman,Hamstring,,Out,Hamstring,,Did Not Participate In Practice,2010-09-10T11:54:58Z
2010,REG,BUF,1,00-0021970,LB,Kawika Mitchell,Kawika,Mitchell,Foot,,Out,Foot,,Did Not Participate In Practice,2010-09-10T11:55:09Z
2010,REG,BUF,1,00-0022810,LB,Reggie Torbor,Reggie,Torbor,Chest,,Out,Chest,,Did Not Participate In Practice,2010-09-10T11:55:21Z
2010,REG,BUF,1,00-0027018,S,Jairus Byrd,Jairus,Byrd,Groin,,Probable,Groin,,Full Participation in Practice,
2010,REG,CAR,1,00-0026159,T,Jeff Otah,Jeff,Otah,Knee,,Out,Knee,,Did Not Participate In Practice,2010-09-10T10:44:46Z
2010,REG,CAR,1,00-0025995,LB,Jordan Senn,Jordan,Senn,Ankle,,Out,Ankle,,Did Not Participate In Practice,2010-09-10T10:45:23Z
2010,REG,CAR,1,00-0026790,RB,Tyrell Sutton,Tyrell,Sutton,Shoulder,,Out,Shoulder,,Did Not Participate In Practice,2010-09-10T10:45:40Z
2010,REG,CAR,1,00-0022047,DE,Tyler Brayton,Tyler,Brayton,Ankle,,Probable,Ankle,,Full Participation in Practice,2010-09-10T10:44:31Z
2010,REG,CHI,1,00-0026210,WR,Earl Bennett,Earl,Bennett,,,,Hamstring,,Full Participation in Practice,
2010,REG,CHI,1,00-0024750,LB,Nick Roach,Nick,Roach,,,,Knee,,Full Participation in Practice,
2010,REG,CHI,1,00-0027680,S,Major Wright,Major,Wright,,,,Finger,,Full Participation in Practice,
2010,REG,CHI,1,00-0026260,S,Craig Steltz,Craig,Steltz,Ankle,,Questionable,Ankle,,Full Participation in Practice,2010-09-10T13:04:21Z
2010,REG,CHI,1,00-0022128,LB,Lance Briggs,Lance,Briggs,Ankle,,Probable,Ankle,,Full Participation in Practice,
2010,REG,CHI,1,00-0003035,RB,Desmond Clark,Desmond,Clark,Ankle,,Probable,Ankle,,Full Participation in Practice,
2010,REG,CIN,1,00-0027697,CB,Brandon Ghee,Brandon,Ghee,Head,,Doubtful,Head,,Did Not Participate In Practice,2010-09-10T10:03:11Z
2010,REG,CIN,1,00-0026237,WR,Andre Caldwell,Andre,Caldwell,Groin,,Questionable,Groin,,Did Not Participate In Practice,2010-09-10T10:03:27Z
2010,REG,CIN,1,00-0025439,RB,Brian Leonard,Brian,Leonard,Foot,,Questionable,Foot,,Limited Participation in Practice,2010-09-10T10:03:40Z
2010,REG,CIN,1,00-0027720,DT,Geno Atkins,Geno,Atkins,Knee,,Probable,Knee,,Full Participation in Practice,
2010,REG,CIN,1,00-0023665,DT,Jonathan Fanene,Jonathan,Fanene,Hamstring,,Probable,Hamstring,,Full Participation in Practice,
2010,REG,CLE,1,00-0001563,LB,David Bowens,David,Bowens,,,,Knee,,Limited Participation in Practice,2010-09-08T12:46:27Z
2010,REG,CLE,1,00-0020107,S,Nick Sorensen,Nick,Sorensen,Head,,Out,Head,,Limited Participation in Practice,2010-09-10T12:45:31Z
2010,REG,CLE,1,00-0024249,LB,D'Qwell Jackson,D'Qwell,Jackson,Chest,,Out,Chest,,Out (Definitely Will Not Play),2010-09-10T12:44:57Z
2010,REG,CLE,1,00-0027694,G,Shawn Lauvao,Shawn,Lauvao,Ankle,,Doubtful,Ankle,,Did Not Participate In Practice,2010-09-10T12:45:56Z
2010,REG,CLE,1,00-0026742,LB,Marcus Benard,Marcus,Benard,Shoulder,,Questionable,Shoulder,,Limited Participation in Practice,2010-09-10T12:46:19Z
2010,REG,CLE,1,00-0020528,DT,Shaun Rogers,Shaun,Rogers,Ankle,,Questionable,Ankle,,Limited Participation in Practice,2010-09-10T12:46:47Z
2010,REG,CLE,1,00-0020348,G,Floyd Womack,Floyd,Womack,Knee,,Questionable,Knee,,Limited Participation in Practice,2010-09-10T12:47:20Z
2010,REG,CLE,1,00-0021273,TE,Robert Royal,Robert,Royal,Ankle,,Probable,Ankle,,Full Participation in Practice,2010-09-10T12:47:40Z
2010,REG,DAL,1,00-0021160,T,Marc Colombo,Marc,Colombo,Knee,,Out,Knee,,Did Not Participate In Practice,2010-09-10T12:08:47Z
2010,REG,DAL,1,00-0021348,G,Kyle Kosier,Kyle,Kosier,Knee,,Out,Knee,,Did Not Participate In Practice,2010-09-10T12:08:54Z
2010,REG,DAL,1,00-0027778,T,Sam Young,Sam,Young,Knee,,Out,Knee,,Did Not Participate In Practice,2010-09-10T12:09:01Z
2010,REG,DAL,1,00-0023590,S,Gerald Sensabaugh,Gerald,Sensabaugh,Shoulder,,Probable,Shoulder,,Full Participation in Practice,
2010,REG,DEN,1,00-0025457,T,Ryan Harris,Ryan,Harris,Ankle,,Out,Ankle,,Did Not Participate In Practice,2010-09-10T12:59:40Z
2010,REG,DEN,1,00-0027024,S,Darcel McBath,Darcel,McBath,Forearm,,Out,Forearm,,Did Not Participate In Practice,2010-09-10T12:59:55Z
2010,REG,DEN,1,00-0027094,RB,Andre Brown,Andre,Brown,Toe,,Questionable,Toe,,Full Participation in Practice,2010-09-10T12:59:05Z
2010,REG,DEN,1,00-0027874,WR,Demaryius Thomas,Demaryius,Thomas,Foot,,Questionable,Foot,,Full Participation in Practice,2010-09-10T13:00:09Z
2010,REG,DEN,1,00-0021154,TE,Daniel Graham,Daniel,Graham,Chest,,Probable,Chest,,Full Participation in Practice,2010-09-10T12:59:25Z
2010,REG,DEN,1,00-0026988,RB,Knowshon Moreno,Knowshon,Moreno,Hamstring,,Probable,Hamstring,,Full Participation in Practice,
2010,REG,DET,1,00-0027050,LB,DeAndre Levy,DeAndre,Levy,Groin,,Doubtful,Groin,,Did Not Participate In Practice,2010-09-10T12:57:51Z
2010,REG,DET,1,00-0027009,S,Louis Delmas,Louis,Delmas,Groin,,Questionable,Groin,,Limited Participation in Practice,2010-09-10T12:57:40Z
2010,REG,DET,1,00-0023621,S,C.C. Brown,C.C.,Brown,Forearm,,Probable,Forearm,,Full Participation in Practice,
2010,REG,DET,1,00-0025471,CB,Jonathan Wade,Jonathan,Wade,Finger,,Probable,Finger,,Full Participation in Practice,
2010,REG,GB,1,00-0026934,CB,Brandon Underwood,Brandon,Underwood,Shoulder,,Out,Shoulder,,Did Not Participate In Practice,2010-09-10T12:01:25Z
2010,REG,GB,1,00-0025579,LB,Desmond Bishop,Desmond,Bishop,Hamstring,,Questionable,Hamstring,,Did Not Participate In Practice,2010-09-10T11:59:41Z
2010,REG,GB,1,00-0027664,DE,Mike Neal,Mike,Neal,Abdomen,,Questionable,Abdomen,,Did Not Participate In Practice,2010-09-10T12:01:08Z
2010,REG,GB,1,00-0019702,T,Chad Clifton,Chad,Clifton,Knee,,Probable,Knee,,Did Not Participate In Practice,2010-09-10T12:00:19Z
2010,REG,GB,1,00-0024422,S,Derrick Martin,Derrick,Martin,Ankle,,Probable,Ankle,,Did Not Participate In Practice,2010-09-10T12:00:51Z
2010,REG,GB,1,00-0027875,T,Bryan Bulaga,Bryan,Bulaga,Hip,,Probable,Hip,,Full Participation in Practice,
2010,REG,GB,1,00-0021706,DE,Cullen Jenkins,Cullen,Jenkins,Calf,,Probable,Calf,,Full Participation in Practice,
2010,REG,GB,1,00-0026946,LB,Brad Jones,Brad,Jones,Shoulder,,Probable,Shoulder,,Full Participation in Practice,
2010,REG,GB,1,00-0027002,LB,Clay Matthews,Clay,Matthews,Hamstring,,Probable,Hamstring,,Full Participation in Practice,
2010,REG,GB,1,00-0023559,LB,Brady Poppinga,Brady,Poppinga,Knee,,Probable,Knee,,Limited Participation in Practice,
2010,REG,GB,1,00-0018227,CB,Charles Woodson,Charles,Woodson,Toe,,Probable,Toe,,Limited Participation in Practice,2010-09-10T12:01:40Z
2010,REG,HOU,1,00-0026219,CB,Antwaun Molden,Antwaun,Molden,Ankle,,Doubtful,Ankle,,Did Not Participate In Practice,2010-09-10T12:02:02Z
2010,REG,HOU,1,00-0027872,CB,Kareem Jackson,Kareem,Jackson,Eye,,Probable,Eye,,Full Participation in Practice,
2010,REG,HOU,1,00-0026229,RB,Steve Slaton,Steve,Slaton,Toe,,Probable,Toe,,Full Participation in Practice,
2010,REG,HOU,1,00-0026166,T,Duane Brown,Duane,Brown,Hamstring,,Probable,Hamstring,,Limited Participation in Practice,
2010,REG,HOU,1,00-0024313,TE,Owen Daniels,Owen,Daniels,Knee,,Probable,Knee,,Limited Participation in Practice,
2010,REG,HOU,1,00-0023750,DE,Mario Williams,Mario,Williams,Groin,,Probable,Groin,,Limited Participation in Practice,
2010,REG,IND,1,00-0025429,T,Tony Ugoh,Tony,Ugoh,,,,Foot,,Did Not Participate In Practice,2010-09-08T13:15:53Z
2010,REG,IND,1,00-0022944,CB,Bob Sanders,Bob,Sanders,,,,Rested,Not Injury Related,Full Participation in Practice,2010-09-10T12:13:28Z
2010,REG,IND,1,00-0026921,LB,Cody Glenn,Cody,Glenn,Hamstring,,Questionable,Hamstring,,Did Not Participate In Practice,2010-09-10T12:14:32Z
2010,REG,IND,1,00-0024413,T,Charlie Johnson,Charlie,Johnson,Foot,,Questionable,Foot,,Did Not Participate In Practice,2010-09-10T12:14:52Z
2010,REG,IND,1,00-0026674,CB,Jacob Lacey,Jacob,Lacey,Head,,Questionable,Head,,Did Not Participate In Practice,2010-09-10T12:15:03Z
2010,REG,IND,1,00-0014375,C,Jeff Saturday,Jeff,Saturday,Knee,,Questionable,Knee,,Did Not Participate In Practice,2010-09-10T12:15:12Z
2010,REG,IND,1,00-0025419,WR,Anthony Gonzalez,Anthony,Gonzalez,Back,,Questionable,Back,,Limited Participation in Practice,2010-09-10T12:14:44Z
2010,REG,JAX,1,00-0027105,WR,Jarett Dillard,Jarett,Dillard,Foot,,Out,Foot,,Did Not Participate In Practice,2010-09-10T10:02:18Z
2010,REG,JAX,1,00-0027800,KR,Scotty McGee,Scotty,McGee,Shoulder,,Out,Shoulder,,Did Not Participate In Practice,2010-09-10T10:02:30Z
2010,REG,JAX,1,00-0027779,RB,Deji Karim,Deji,Karim,Thumb,,Questionable,Thumb,,Limited Participation in Practice,2010-09-10T10:02:45Z
2010,REG,KC,1,00-0027741,LB,Cameron Sheffield,Cameron,Sheffield,Neck,,Out,Neck,,Out (Definitely Will Not Play),2010-09-11T13:56:12Z
2010,REG,KC,1,00-0027651,WR,Dexter McCluster,Dexter,McCluster,Illness,,Doubtful,Illness,,Limited Participation in Practice,2010-09-11T17:26:16Z
2010,REG,KC,1,00-0024235,LB,Tamba Hali,Tamba,Hali,Foot,,Questionable,Foot,,Limited Participation in Practice,2010-09-11T13:56:57Z
2010,REG,KC,1,00-0024350,T,Ryan O'Callaghan,Ryan,O'Callaghan,Groin,,Questionable,Groin,,Limited Participation in Practice,2010-09-11T13:57:15Z
2010,REG,MIA,1,00-0022841,C,Jake Grove,Jake,Grove,,,,Shoulder,,Full Participation in Practice,2010-09-08T12:35:32Z
2010,REG,MIA,1,00-0023505,LB,Channing Crowder,Channing,Crowder,Groin,,Questionable,Groin,,Did Not Participate In Practice,2010-09-10T11:24:37Z
2010,REG,MIA,1,00-0024334,WR,Brandon Marshall,Brandon,Marshall,Ankle,,Probable,Ankle,,Full Participation in Practice,2010-09-10T11:25:19Z
2010,REG,MIA,1,00-0025820,T,Jake Long,Jake,Long,Knee,,Probable,Knee,,Limited Participation in Practice,2010-09-10T11:25:02Z
2010,REG,MIN,1,00-0027649,CB,Chris Cook,Chris,Cook,Knee,,Out,Knee,,Did Not Participate In Practice,2010-09-08T09:43:50Z
2010,REG,MIN,1,00-0022155,DT,Jimmy Kennedy,Jimmy,Kennedy,Knee,,Out,Knee,,Did Not Participate In Practice,2010-09-08T09:44:01Z
2010,REG,MIN,1,00-0027888,RB,Toby Gerhart,Toby,Gerhart,Knee,,Questionable,Knee,,Limited Participation in Practice,2010-09-08T09:44:13Z
2010,REG,MIN,1,00-0024263,CB,Cedric Griffin,Cedric,Griffin,Knee,,Questionable,Knee,,Limited Participation in Practice,2010-09-08T09:44:24Z
2010,REG,MIN,1,00-0005106,QB,Brett Favre,Brett,Favre,Ankle,,Probable,Ankle,,Full Participation in Practice,
2010,REG,MIN,1,00-0026952,S,Jamarca Sanford,Jamarca,Sanford,Ankle,,Probable,Ankle,,Full Participation in Practice,
2010,REG,MIN,1,00-0026327,C,John Sullivan,John,Sullivan,Calf,,Probable,Calf,,Limited Participation in Practice,
2010,REG,NE,1,00-0011754,WR,Randy Moss,Randy,Moss,,,,Illness,,Did Not Participate In Practice,2010-09-08T12:56:55Z
2010,REG,NE,1,00-0023535,T,Nick Kaczur,Nick,Kaczur,Back,,Out,Back,,Did Not Participate In Practice,2010-09-10T12:49:41Z
2010,REG,NE,1,00-0026202,CB,Terrence Wheatley,Terrence,Wheatley,Foot,,Out,Foot,,Did Not Participate In Practice,2010-09-10T12:49:54Z
2010,REG,NE,1,00-0026071,CB,Kyle Arrington,Kyle,Arrington,Groin,,Questionable,Groin,,Full Participation in Practice,2010-09-10T12:50:04Z
2010,REG,NE,1,00-0027150,WR,Julian Edelman,Julian,Edelman,Foot,,Questionable,Foot,,Limited Participation in Practice,2010-09-10T12:50:12Z
2010,REG,NE,1,00-0024236,RB,Laurence Maroney,Laurence,Maroney,Thigh,,Questionable,Thigh,,Limited Participation in Practice,2010-09-10T12:50:44Z
2010,REG,NE,1,00-0027016,DT,Ron Brace,Ron,Brace,Ankle,,Probable,Ankle,,Full Participation in Practice,
2010,REG,NE,1,00-0019596,QB,Tom Brady,Tom,Brady,right Shoulder,,Probable,right Shoulder,,Full Participation in Practice,
2010,REG,NE,1,00-0027661,LB,Jermaine Cunningham,Jermaine,Cunningham,Ankle,,Probable,Ankle,,Full Participation in Practice,
2010,REG,NE,1,00-0027838,DE,Brandon Deaderick,Brandon,Deaderick,Toe,,Probable,Toe,,Full Participation in Practice,
2010,REG,NE,1,00-0027713,TE,Aaron Hernandez,Aaron,Hernandez,Knee,,Probable,Knee,,Full Participation in Practice,
2010,REG,NE,1,00-0024442,S,Jarrad Page,Jarrad,Page,Back,,Probable,Back,,Full Participation in Practice,2010-09-10T12:51:28Z
2010,REG,NE,1,00-0027138,DE,Myron Pryor,Myron,Pryor,Knee,,Probable,Knee,,Full Participation in Practice,
2010,REG,NE,1,00-0026293,WR,Matt Slater,Matt,Slater,Hamstring,,Probable,Hamstring,,Full Participation in Practice,
2010,REG,NO,1,00-0027086,LB,Stanley Arnoux,Stanley,Arnoux,Ankle,,Out,Ankle,,Did Not Participate In Practice,2010-09-08T10:19:59Z
2010,REG,NO,1,00-0027531,RB,Chris Ivory,Chris,Ivory,Knee,,Out,Knee,,Did Not Participate In Practice,2010-09-08T10:20:11Z
2010,REG,NO,1,00-0024424,T,Zach Strief,Zach,Strief,Knee,,Questionable,Knee,,Did Not Participate In Practice,2010-09-08T10:20:25Z
2010,REG,NO,1,00-0022753,DT,Tony Hargrove,Tony,Hargrove,Knee,,Probable,Knee,,Did Not Participate In Practice,
2010,REG,NO,1,00-0024466,WR,Marques Colston,Marques,Colston,Kidney,,Probable,Kidney,,Full Participation in Practice,
2010,REG,NO,1,00-0027696,TE,Jimmy Graham,Jimmy,Graham,Ankle,,Probable,Ankle,,Full Participation in Practice,
2010,REG,NO,1,00-0013255,S,Pierson Prioleau,Pierson,Prioleau,Knee,,Probable,Knee,,Full Participation in Practice,
2010,REG,NO,1,00-0026180,CB,Tracy Porter,Tracy,Porter,Knee,,Probable,Knee,,Limited Participation in Practice,
2010,REG,NO,1,00-0022778,LB,Jonathan Vilma,Jonathan,Vilma,Groin,,Probable,Groin,,Limited Participation in Practice,
2010,REG,NYG,1,00-0025611,S,Michael Johnson,Michael,Johnson,,,,Not Injury Related,,Did Not Participate In Practice,2010-09-08T11:47:39Z
2010,REG,NYG,1,00-0027715,LB,Phillip Dillard,Phillip,Dillard,Hamstring,,Out,Hamstring,,Did Not Participate In Practice,2010-09-10T14:07:26Z
2010,REG,NYG,1,00-0025407,CB,Aaron Ross,Aaron,Ross,Foot,,Doubtful,Foot,,Limited Participation in Practice,2010-09-10T14:07:36Z
2010,REG,NYG,1,00-0024311,LB,Gerris Wilkinson,Gerris,Wilkinson,Groin,,Questionable,Groin,,Full Participation in Practice,2010-09-10T14:07:46Z
2010,REG,NYG,1,00-0023693,LB,Chase Blackburn,Chase,Blackburn,Knee,,Probable,Knee,,Full Participation in Practice,2010-09-10T14:07:15Z
2010,REG,NYG,1,00-0023566,DT,Chris Canty,Chris,Canty,Groin,,Probable,Groin,,Full Participation in Practice,
2010,REG,NYG,1,00-0019276,C,Shaun O'Hara,Shaun,O'Hara,Ankle,Achilles,Probable,Ankle,Achilles,Full Participation in Practice,
2010,REG,NYG,1,00-0023478,CB,Corey Webster,Corey,Webster,Groin,,Probable,Groin,,Full Participation in Practice,
2010,REG,NYJ,1,00-0019545,DE,Shaun Ellis,Shaun,Ellis,,,,Knee,,Limited Participation in Practice,2010-09-09T13:00:34Z
2010,REG,NYJ,1,00-0022120,LB,Calvin Pace,Calvin,Pace,Foot,,Out,Foot,,Out (Definitely Will Not Play),2010-09-11T11:29:16Z
2010,REG,NYJ,1,00-0023469,S,Brodney Pool,Brodney,Pool,Ankle,,Questionable,Ankle,,Limited Participation in Practice,2010-09-11T11:29:25Z
2010,REG,NYJ,1,00-0027321,TE,Jeff Cumberland,Jeff,Cumberland,Not Injury Related,,Probable,Not Injury Related,,Full Participation in Practice,2010-09-11T11:29:38Z
2010,REG,OAK,1,00-0027788,LB,Travis Goethel,Travis,Goethel,Back,,Out,Back,,Did Not Participate In Practice,2010-09-10T11:07:15Z
2010,REG,OAK,1,00-0027738,CB,Walter McFadden,Walter,McFadden,Hamstring,,Out,Hamstring,,Did Not Participate In Practice,2010-09-10T11:07:24Z
2010,REG,OAK,1,00-0026366,WR,Chaz Schilens,Chaz,Schilens,Knee,,Out,Knee,,Did Not Participate In Practice,2010-09-10T11:07:36Z
2010,REG,OAK,1,00-0026533,DT,Desmond Bryant,Desmond,Bryant,Elbow,,Questionable,Elbow,,Limited Participation in Practice,2010-09-10T11:07:00Z
2010,REG,OAK,1,00-0025487,RB,Michael Bush,Michael,Bush,Thumb,,Questionable,Thumb,,Limited Participation in Practice,2010-09-10T11:07:08Z
2010,REG,PIT,1,00-0022177,QB,Byron Leftwich,Byron,Leftwich,Knee,,Out,Knee,,Did Not Participate In Practice,2010-09-10T11:37:44Z
2010,REG,PIT,1,00-0023362,G,Chris Kemoeatu,Chris,Kemoeatu,Foot,,Probable,Foot,,Full Participation in Practice,
2010,REG,SD,1,00-0023446,LB,Shawne Merriman,Shawne,Merriman,Achilles,,Doubtful,Achilles,,Did Not Participate In Practice,2010-09-11T12:19:01Z
2010,REG,SD,1,00-0019041,QB,Billy Volek,Billy,Volek,Knee,,Probable,Knee,,Full Participation in Practice,
2010,REG,SEA,1,00-0027859,T,Russell Okung,Russell,Okung,Ankle,,Out,Ankle,,Out (Definitely Will Not Play),2010-09-10T13:35:51Z
2010,REG,SEA,1,00-0021178,G,Chester Pitts,Chester,Pitts,Knee,,Questionable,Knee,,Limited Participation in Practice,2010-09-10T13:35:32Z
2010,REG,SEA,1,00-0021340,DE,Raheem Brock,Raheem,Brock,Back,,Probable,Back,,Limited Participation in Practice,
2010,REG,SEA,1,00-0027783,TE,Anthony McCoy,Anthony,McCoy,Ankle,,Probable,Ankle,,Limited Participation in Practice,
2010,REG,SF,1,00-0024495,LB,Ahmad Brooks,Ahmad,Brooks,Lacerated Kidney,,Out,Lacerated Kidney,,Out (Definitely Will Not Play),2010-09-10T11:56:19Z
2010,REG,SF,1,00-0021341,C,Eric Heitmann,Eric,Heitmann,Fibula,,Out,Fibula,,Out (Definitely Will Not Play),2010-09-10T11:56:57Z
2010,REG,SF,1,00-0027608,WR,Kyle Williams,Kyle,Williams,Toe,,Out,Toe,,Out (Definitely Will Not Play),2010-09-10T11:57:09Z
2010,REG,SF,1,00-0020384,CB,William James,William,James,Ankle,,Doubtful,Ankle,,Did Not Participate In Practice,2010-09-10T11:56:31Z
2010,REG,SF,1,00-0026763,LB,Diyral Briggs,Diyral,Briggs,Concussion,,Probable,Concussion,,Full Participation in Practice,
2010,REG,STL,1,00-0023053,S,James Butler,James,Butler,Knee,,Probable,Knee,,Limited Participation in Practice,2010-09-10T11:23:56Z
2010,REG,TB,1,00-0022710,LB,Niko Koutouvides,Niko,Koutouvides,,,,Neck,,Full Participation in Practice,
2010,REG,TB,1,00-0026993,QB,Josh Freeman,Josh,Freeman,right Thumb,,Probable,right Thumb,,Full Participation in Practice,
2010,REG,TB,1,00-0027650,DT,Brian Price,Brian,Price,Hamstring,,Probable,Hamstring,,Full Participation in Practice,
2010,REG,TB,1,00-0024305,WR,Maurice Stovall,Maurice,Stovall,Ankle,,Probable,Ankle,,Full Participation in Practice,
2010,REG,TEN,1,00-0021085,LB,Will Witherspoon,Will,Witherspoon,,,,Not Injury Related,,Did Not Participate In Practice,
2010,REG,TEN,1,00-0025610,T,Mike Otto,Mike,Otto,Knee,,Out,Knee,,Did Not Participate In Practice,2010-09-10T12:07:12Z
2010,REG,TEN,1,00-0021490,DT,Tony Brown,Tony,Brown,Knee,,Questionable,Knee,,Did Not Participate In Practice,2010-09-10T12:06:45Z
2010,REG,TEN,1,00-0026243,DE,William Hayes,William,Hayes,Knee,,Questionable,Knee,,Did Not Participate In Practice,2010-09-10T12:07:06Z
2010,REG,TEN,1,00-0023812,LB,Colin Allred,Colin,Allred,Ankle,,Questionable,Ankle,,Full Participation in Practice,2010-09-10T12:06:36Z
2010,REG,TEN,1,00-0025502,G,Leroy Harris,Leroy,Harris,Ankle,,Questionable,Ankle,,Full Participation in Practice,2010-09-10T12:06:55Z
2010,REG,TEN,1,00-0025591,DE,Jacob Ford,Jacob,Ford,Back,,Probable,Back,,Full Participation in Practice,
2010,REG,TEN,1,00-0021982,WR,Justin Gage,Justin,Gage,Hand,,Probable,Hand,,Full Participation in Practice,
2010,REG,WAS,1,00-0026320,S,Kareem Moore,Kareem,Moore,Knee,,Doubtful,Knee,,Did Not Participate In Practice,2010-09-10T13:18:25Z
2010,REG,WAS,1,00-0023447,T,Jammal Brown,Jammal,Brown,Hip,,Questionable,Hip,,Full Participation in Practice,2010-09-10T13:17:43Z
2010,REG,WAS,1,00-0020489,LB,Andre Carter,Andre,Carter,Illness,,Questionable,Illness,,Full Participation in Practice,2010-09-10T13:17:57Z
2010,REG,WAS,1,00-0011022,QB,Donovan McNabb,Donovan,McNabb,Ankle,,Questionable,Ankle,,Full Participation in Practice,2010-09-10T13:18:35Z
2010,REG,WAS,1,00-0014655,RB,Mike Sellers,Mike,Sellers,Knee,,Questionable,Knee,,Full Participation in Practice,2010-09-10T13:18:53Z
2010,REG,WAS,1,00-0027704,LB,Perry Riley,Perry,Riley,Foot,,Questionable,Foot,,Limited Participation in Practice,2010-09-10T13:18:46Z
2010,REG,ARI,2,00-0026221,WR,Early Doucet,Early,Doucet,Groin,,Out,Groin,,Did Not Participate In Practice,2010-09-17T12:20:07Z
2010,REG,ARI,2,00-0023663,S,Hamza Abdullah,Hamza,Abdullah,Hamstring,,Questionable,Hamstring,,Limited Participation in Practice,2010-09-17T12:20:14Z
2010,REG,ARI,2,00-0026256,DE,Kenny Iwebema,Kenny,Iwebema,Knee,,Questionable,Knee,,Limited Participation in Practice,2010-09-17T12:20:21Z
2010,REG,ARI,2,00-0027007,RB,Chris Wells,Chris,Wells,Knee,,Questionable,Knee,,Limited Participation in Practice,2010-09-17T12:20:29Z
2010,REG,ARI,2,00-0022921,WR,Larry Fitzgerald,Larry,Fitzgerald,Knee,,Probable,Knee,,Full Participation in Practice,2010-09-17T12:19:59Z
2010,REG,ARI,2,00-0022288,RB,Jason Wright,Jason,Wright,Toe,,Probable,Toe,,Full Participation in Practice,2010-09-17T12:19:59Z
2010,REG,ATL,2,00-0027735,CB,Dominique Franks,Dominique,Franks,,,,Not Injury Related,,Did Not Participate In Practice,2010-09-16T12:29:14Z
2010,REG,ATL,2,00-0022781,WR,Michael Jenkins,Michael,Jenkins,Shoulder,,Out,Shoulder,,Did Not Participate In Practice,2010-09-17T11:37:12Z
2010,REG,ATL,2,00-0022218,S,Erik Coleman,Erik,Coleman,Knee,,Questionable,Knee,,Did Not Participate In Practice,2010-09-17T11:34:51Z
2010,REG,ATL,2,00-0022245,T,Tyson Clabo,Tyson,Clabo,Ankle,,Probable,Ankle,,Full Participation in Practice,2010-09-17T11:34:38Z
2010,REG,ATL,2,00-0027717,C,Joe Hawley,Joe,Hawley,Hip,,Probable,Hip,,Full Participation in Practice,2010-09-17T11:34:38Z
2010,REG,ATL,2,00-0027062,CB,Christopher Owens,Christopher,Owens,Knee,,Probable,Knee,,Full Participation in Practice,2010-09-17T11:34:38Z
2010,REG,ATL,2,00-0022735,CB,Dunta Robinson,Dunta,Robinson,Ankle,,Probable,Ankle,,Full Participation in Practice,2010-09-17T11:34:38Z
2010,REG,ATL,2,00-0021229,CB,Brian Williams,Brian,Williams,Hamstring,,Probable,Hamstring,,Full Participation in Practice,2010-09-17T11:34:38Z
2010,REG,BAL,2,00-0025787,T,Jared Gaither,Jared,Gaither,Back,,Out,Back,,Out (Definitely Will Not Play),2010-09-17T11:12:18Z
2010,REG,BAL,2,00-0021147,WR,Donte' Stallworth,Donte',Stallworth,Foot,,Out,Foot,,Out (Definitely Will Not Play),2010-09-17T11:12:58Z
2010,REG,BAL,2,00-0022139,LB,Jarret Johnson,Jarret,Johnson,Back,,Questionable,Back,,Did Not Participate In Practice,2010-09-17T11:12:39Z
2010,REG,BAL,2,00-0027665,DT,Terrence Cody,Terrence,Cody,Knee,,Questionable,Knee,,Limited Participation in Practice,2010-09-17T11:12:10Z
2010,REG,BAL,2,00-0026211,LB,Tavares Gooden,Tavares,Gooden,Thigh,,Questionable,Thigh,,Limited Participation in Practice,2010-09-17T11:12:25Z
2010,REG,BAL,2,00-0020516,TE,Todd Heap,Todd,Heap,Shoulder,,Questionable,Shoulder,,Limited Participation in Practice,2010-09-17T11:12:34Z
2010,REG,BAL,2,00-0009889,LB,Ray Lewis,Ray,Lewis,Foot,,Questionable,Foot,,Limited Participation in Practice,2010-09-17T11:12:45Z
2010,REG,BAL,2,00-0026407,LB,Jameel McClain,Jameel,McClain,Knee,,Questionable,Knee,,Limited Participation in Practice,2010-09-17T11:12:51Z
2010,REG,BAL,2,00-0022084,WR,Anquan Boldin,Anquan,Boldin,Thigh,,Probable,Thigh,,Full Participation in Practice,2010-09-17T11:11:36Z
2010,REG,BAL,2,00-0026246,WR,Marcus Smith,Marcus,Smith,Knee,,Probable,Knee,,Full Participation in Practice,2010-09-17T11:11:36Z
2010,REG,BUF,2,00-0027126,S,Cary Harris,Cary,Harris,Hamstring,,Out,Hamstring,,Did Not Participate In Practice,2010-09-17T10:07:04Z
2010,REG,BUF,2,00-0025421,LB,Paul Posluszny,Paul,Posluszny,Knee,,Out,Knee,,Did Not Participate In Practice,2010-09-17T10:07:24Z
2010,REG,BUF,2,00-0011626,P,Brian Moorman,Brian,Moorman,Back,,Questionable,Back,,Did Not Participate In Practice,2010-09-17T10:06:35Z
2010,REG,BUF,2,00-0027209,LB,Antonio Coleman,Antonio,Coleman,Hamstring,,Probable,Hamstring,,Full Participation in Practice,2010-09-17T10:05:29Z
2010,REG,BUF,2,00-0023602,C,Geoff Hangartner,Geoff,Hangartner,Ankle,,Probable,Ankle,,Full Participation in Practice,2010-09-17T10:05:29Z
2010,REG,BUF,2,00-0022810,LB,Reggie Torbor,Reggie,Torbor,Chest,,Probable,Chest,,Full Participation in Practice,2010-09-17T10:05:29Z
2010,REG,CAR,2,00-0026753,WR,Charly Martin,Charly,Martin,,,,Concussion,Hamstring,Did Not Participate In Practice,2010-09-16T10:31:43Z
2010,REG,CAR,2,00-0026159,T,Jeff Otah,Jeff,Otah,Knee,,Out,Knee,,Out (Definitely Will Not Play),2010-09-17T11:14:56Z
2010,REG,CAR,2,00-0024745,DT,Louis Leonard,Louis,Leonard,Elbow,,Doubtful,Elbow,,Did Not Participate In Practice,2010-09-17T11:14:03Z
2010,REG,CAR,2,00-0022047,DE,Tyler Brayton,Tyler,Brayton,Ankle,,Questionable,Ankle,,Did Not Participate In Practice,2010-09-17T11:12:10Z
2010,REG,CAR,2,00-0022914,CB,Chris Gamble,Chris,Gamble,Ankle,,Questionable,Ankle,,Did Not Participate In Practice,2010-09-17T11:12:56Z
2010,REG,CAR,2,00-0025995,LB,Jordan Senn,Jordan,Senn,Ankle,,Questionable,Ankle,,Limited Participation in Practice,2010-09-17T11:15:51Z
2010,REG,CAR,2,00-0027681,WR,Brandon LaFell,Brandon,LaFell,Hamstring,,Probable,Hamstring,,Full Participation in Practice,2010-09-17T11:13:27Z
2010,REG,CAR,2,00-0025708,QB,Matt Moore,Matt,Moore,Concussion,,Probable,Concussion,,Full Participation in Practice,2010-09-17T11:14:38Z
2010,REG,CAR,2,00-0026790,RB,Tyrell Sutton,Tyrell,Sutton,Shoulder,,Probable,Shoulder,,Full Participation in Practice,2010-09-17T11:16:15Z
2010,REG,CHI,2,00-0024447,WR,Devin Aromashodu,Devin,Aromashodu,,,,Knee,,Full Participation in Practice,2010-09-16T12:59:35Z
2010,REG,CHI,2,00-0026210,WR,Earl Bennett,Earl,Bennett,,,,Hamstring,,Full Participation in Practice,2010-09-15T13:14:42Z
2010,REG,CHI,2,00-0026184,RB,Matt Forte,Matt,Forte,,,,Knee,,Full Participation in Practice,2010-09-16T12:59:49Z
2010,REG,CHI,2,00-0021983,LB,Hunter Hillenmeyer,Hunter,Hillenmeyer,Head,,Out,Head,,Out (Definitely Will Not Play),2010-09-17T13:03:04Z
2010,REG,CHI,2,00-0024750,LB,Nick Roach,Nick,Roach,Hamstring,,Questionable,Hamstring,,Limited Participation in Practice,2010-09-17T13:03:14Z
2010,REG,CHI,2,00-0022128,LB,Lance Briggs,Lance,Briggs,Ankle,,Probable,Ankle,,Full Participation in Practice,2010-09-17T13:02:49Z
2010,REG,CIN,2,00-0023665,DT,Jonathan Fanene,Jonathan,Fanene,Hamstring,,Out,Hamstring,,Did Not Participate In Practice,2010-09-17T10:12:18Z
2010,REG,CIN,2,00-0025439,RB,Brian Leonard,Brian,Leonard,Foot,,Questionable,Foot,,Full Participation in Practice,2010-09-17T10:12:34Z
2010,REG,CIN,2,00-0026149,LB,Keith Rivers,Keith,Rivers,Foot,,Questionable,Foot,,Limited Participation in Practice,2010-09-17T10:12:41Z
2010,REG,CIN,2,00-0023439,RB,Cedric Benson,Cedric,Benson,Shoulder,,Probable,Shoulder,,Full Participation in Practice,2010-09-17T10:11:51Z
2010,REG,CIN,2,00-0026237,WR,Andre Caldwell,Andre,Caldwell,Groin,,Probable,Groin,,Full Participation in Practice,2010-09-17T10:11:51Z
2010,REG,CIN,2,00-0027697,CB,Brandon Ghee,Brandon,Ghee,Head,,Probable,Head,,Full Participation in Practice,2010-09-17T10:11:51Z
2010,REG,CLE,2,00-0027694,G,Shawn Lauvao,Shawn,Lauvao,Ankle,,Out,Ankle,,Did Not Participate In Practice,2010-09-17T11:56:52Z
2010,REG,CLE,2,00-0024249,LB,D'Qwell Jackson,D'Qwell,Jackson,Chest,,Out,Chest,,Limited Participation in Practice,2010-09-17T11:57:16Z
2010,REG,CLE,2,00-0004161,QB,Jake Delhomme,Jake,Delhomme,Ankle,,Doubtful,Ankle,,Did Not Participate In Practice,2010-09-17T11:57:41Z
2010,REG,CLE,2,00-0024834,CB,Derrick Roberson,Derrick,Roberson,Hip,,Doubtful,Hip,,Did Not Participate In Practice,2010-09-17T11:58:51Z
2010,REG,CLE,2,00-0020528,DT,Shaun Rogers,Shaun,Rogers,Ankle,Hip,Questionable,Ankle,Hip,Limited Participation in Practice,2010-09-17T11:59:34Z
2010,REG,CLE,2,00-0022145,LS,Ryan Pontbriand,Ryan,Pontbriand,Ankle,,Probable,Ankle,,Full Participation in Practice,2010-09-17T12:52:00Z
2010,REG,CLE,2,00-0020107,S,Nick Sorensen,Nick,Sorensen,Head,,Probable,Head,,Full Participation in Practice,2010-09-17T12:52:22Z
2010,REG,CLE,2,00-0026742,LB,Marcus Benard,Marcus,Benard,Shoulder,,Probable,Shoulder,,Limited Participation in Practice,2010-09-17T11:59:58Z
2010,REG,CLE,2,00-0020348,G,Floyd Womack,Floyd,Womack,Knee,,Probable,Knee,,Limited Participation in Practice,2010-09-17T12:00:21Z
2010,REG,DAL,2,00-0025582,RB,Deon Anderson,Deon,Anderson,Knee,,Out,Knee,,Did Not Participate In Practice,2010-09-17T12:34:38Z
2010,REG,DAL,2,00-0027663,LB,Sean Lee,Sean,Lee,Hamstring,,Out,Hamstring,,Did Not Participate In Practice,2010-09-17T12:34:45Z
2010,REG,DAL,2,00-0027778,T,Sam Young,Sam,Young,Knee,,Out,Knee,,Did Not Participate In Practice,2010-09-17T12:34:58Z
2010,REG,DAL,2,00-0021160,T,Marc Colombo,Marc,Colombo,Knee,,Probable,Knee,,Full Participation in Practice,2010-09-17T12:34:10Z
2010,REG,DAL,2,00-0021348,G,Kyle Kosier,Kyle,Kosier,Knee,,Probable,Knee,,Full Participation in Practice,2010-09-17T12:34:10Z
2010,REG,DAL,2,00-0023445,LB,DeMarcus Ware,DeMarcus,Ware,Head,,Probable,Head,,Full Participation in Practice,2010-09-17T12:34:10Z
2010,REG,DEN,2,00-0017813,DT,Jamal Williams,Jamal,Williams,,,,Not Injury Related,,Did Not Participate In Practice,2010-09-16T14:00:23Z
2010,REG,DEN,2,00-0025457,T,Ryan Harris,Ryan,Harris,Ankle,,Out,Ankle,,Did Not Participate In Practice,2010-09-17T13:06:16Z
2010,REG,DEN,2,00-0024236,RB,Laurence Maroney,Laurence,Maroney,Thigh,,Out,Thigh,,Did Not Participate In Practice,2010-09-17T13:06:49Z
2010,REG,DEN,2,00-0027024,S,Darcel McBath,Darcel,McBath,Forearm,,Out,Forearm,,Did Not Participate In Practice,2010-09-17T13:07:03Z
2010,REG,DEN,2,00-0024375,G,Chris Kuper,Chris,Kuper,Knee,Ankle,Questionable,Knee,Ankle,Did Not Participate In Practice,2010-09-17T13:06:32Z
2010,REG,DEN,2,00-0025828,LB,Wesley Woodyard,Wesley,Woodyard,Hamstring,,Questionable,Hamstring,,Limited Participation in Practice,2010-09-17T13:07:40Z
2010,REG,DEN,2,00-0026182,WR,Eddie Royal,Eddie,Royal,Groin,,Probable,Groin,,Full Participation in Practice,2010-09-17T13:07:14Z
2010,REG,DEN,2,00-0027874,WR,Demaryius Thomas,Demaryius,Thomas,Foot,,Probable,Foot,,Full Participation in Practice,2010-09-17T13:07:24Z
2010,REG,DET,2,00-0020382,DE,Kyle Vanden Bosch,Kyle,Vanden Bosch,,,,Not Injury Related,,Limited Participation in Practice,2010-09-17T12:37:29Z
2010,REG,DET,2,00-0026232,DE,Cliff Avril,Cliff,Avril,Knee,Finger,Out,Knee,Finger,Did Not Participate In Practice,2010-09-17T12:55:55Z
2010,REG,DET,2,00-0026498,QB,Matthew Stafford,Matthew,Stafford,right Shoulder,,Out,right Shoulder,,Did Not Participate In Practice,2010-09-17T12:56:08Z
2010,REG,DET,2,00-0027009,S,Louis Delmas,Louis,Delmas,Groin,Biceps,Questionable,Groin,Biceps,Limited Participation in Practice,2010-09-17T12:56:20Z
2010,REG,DET,2,00-0027050,LB,DeAndre Levy,DeAndre,Levy,Groin,,Questionable,Groin,,Limited Participation in Practice,2010-09-17T12:56:32Z
2010,REG,DET,2,00-0027880,RB,Jahvid Best,Jahvid,Best,Toe,,Probable,Toe,,Full Participation in Practice,2010-09-17T12:48:54Z
2010,REG,DET,2,00-0023621,S,C.C. Brown,C.C.,Brown,Forearm,,Probable,Forearm,,Limited Participation in Practice,2010-09-17T12:48:54Z
2010,REG,GB,2,00-0025579,LB,Desmond Bishop,Desmond,Bishop,Hamstring,,Questionable,Hamstring,,Did Not Participate In Practice,2010-09-17T11:25:48Z
2010,REG,GB,2,00-0024262,G,Daryn Colledge,Daryn,Colledge,Illness,,Questionable,Illness,,Did Not Participate In Practice,2010-09-17T11:26:11Z
2010,REG,GB,2,00-0025578,RB,Korey Hall,Korey,Hall,Hip,,Questionable,Hip,,Did Not Participate In Practice,2010-09-17T11:26:31Z
2010,REG,GB,2,00-0027664,DE,Mike Neal,Mike,Neal,Rib,,Questionable,Rib,,Did Not Participate In Practice,2010-09-17T11:26:45Z
2010,REG,GB,2,00-0026934,CB,Brandon Underwood,Brandon,Underwood,Shoulder,,Questionable,Shoulder,,Limited Participation in Practice,2010-09-17T11:26:56Z
2010,REG,GB,2,00-0024422,S,Derrick Martin,Derrick,Martin,Ankle,,Probable,Ankle,,Did Not Participate In Practice,2010-09-17T11:25:35Z
2010,REG,GB,2,00-0019702,T,Chad Clifton,Chad,Clifton,Knee,,Probable,Knee,,Full Participation in Practice,2010-09-17T11:25:35Z
2010,REG,GB,2,00-0018227,CB,Charles Woodson,Charles,Woodson,Toe,,Probable,Toe,,Full Participation in Practice,2010-09-17T11:25:35Z
2010,REG,GB,2,00-0021706,DE,Cullen Jenkins,Cullen,Jenkins,Hand,,Probable,Hand,,Limited Participation in Practice,2010-09-17T11:25:35Z
2010,REG,GB,2,00-0027002,LB,Clay Matthews,Clay,Matthews,Hamstring,,Probable,Hamstring,,Limited Participation in Practice,2010-09-17T11:25:35Z
2010,REG,HOU,2,00-0026219,CB,Antwaun Molden,Antwaun,Molden,Ankle,,Questionable,Ankle,,Limited Participation in Practice,2010-09-17T10:25:19Z
2010,REG,HOU,2,00-0025397,DT,Amobi Okoye,Amobi,Okoye,Ankle,,Questionable,Ankle,,Limited Participation in Practice,2010-09-17T10:25:07Z
2010,REG,HOU,2,00-0026313,S,Dominique Barber,Dominique,Barber,Shoulder,,Probable,Shoulder,,Full Participation in Practice,2010-09-17T10:24:28Z
2010,REG,HOU,2,00-0026166,T,Duane Brown,Duane,Brown,Hamstring,,Probable,Hamstring,,Full Participation in Practice,2010-09-17T10:24:28Z
2010,REG,HOU,2,00-0022397,RB,Vonta Leach,Vonta,Leach,Neck,,Probable,Neck,,Full Participation in Practice,2010-09-17T10:24:28Z
2010,REG,HOU,2,00-0019676,K,Neil Rackers,Neil,Rackers,Illness,,Probable,Illness,,Full Participation in Practice,2010-09-17T10:25:33Z
2010,REG,HOU,2,00-0022793,DE,Antonio Smith,Antonio,Smith,Back,,Probable,Back,,Full Participation in Practice,2010-09-17T10:25:49Z
2010,REG,HOU,2,00-0021931,WR,Kevin Walter,Kevin,Walter,Hip,,Probable,Hip,,Full Participation in Practice,2010-09-17T10:24:28Z
2010,REG,HOU,2,00-0023750,DE,Mario Williams,Mario,Williams,Groin,,Probable,Groin,,Full Participation in Practice,2010-09-17T10:24:28Z
2010,REG,HOU,2,00-0021992,S,Eugene Wilson,Eugene,Wilson,Back,,Probable,Back,,Full Participation in Practice,2010-09-17T10:24:28Z
2010,REG,HOU,2,00-0024313,TE,Owen Daniels,Owen,Daniels,Knee,,Probable,Knee,,Limited Participation in Practice,2010-09-17T10:24:28Z
2010,REG,IND,2,00-0021146,DE,Dwight Freeney,Dwight,Freeney,,,,Not Injury Related,,Full Participation in Practice,2010-09-17T11:59:09Z
2010,REG,IND,2,00-0025419,WR,Anthony Gonzalez,Anthony,Gonzalez,Ankle,,Out,Ankle,,Did Not Participate In Practice,2010-09-17T12:07:54Z
2010,REG,IND,2,00-0022944,CB,Bob Sanders,Bob,Sanders,Biceps,,Out,Biceps,,Did Not Participate In Practice,2010-09-17T12:07:59Z
2010,REG,IND,2,00-0021484,LB,Gary Brackett,Gary,Brackett,Back,,Questionable,Back,,Did Not Participate In Practice,2010-09-17T12:07:27Z
2010,REG,IND,2,00-0024413,T,Charlie Johnson,Charlie,Johnson,Foot,,Questionable,Foot,,Did Not Participate In Practice,2010-09-17T12:08:20Z
2010,REG,IND,2,00-0022059,DE,Robert Mathis,Robert,Mathis,Ankle,,Questionable,Ankle,,Did Not Participate In Practice,2010-09-17T12:08:45Z
2010,REG,IND,2,00-0025523,LB,Clint Session,Clint,Session,Hamstring,,Questionable,Hamstring,,Did Not Participate In Practice,2010-09-17T12:10:49Z
2010,REG,IND,2,00-0026672,LB,Ramon Humber,Ramon,Humber,Illness,,Questionable,Illness,,Full Participation in Practice,2010-09-17T12:08:11Z
2010,REG,IND,2,00-0026674,CB,Jacob Lacey,Jacob,Lacey,Head,,Questionable,Head,,Full Participation in Practice,2010-09-17T12:10:24Z
2010,REG,IND,2,00-0020399,T,Ryan Diem,Ryan,Diem,Neck,,Questionable,Neck,,Limited Participation in Practice,2010-09-17T12:07:39Z
2010,REG,IND,2,00-0027064,CB,Jerraud Powers,Jerraud,Powers,Foot,,Probable,Foot,,Did Not Participate In Practice,2010-09-17T12:12:18Z
2010,REG,IND,2,00-0026921,LB,Cody Glenn,Cody,Glenn,Hamstring,,Probable,Hamstring,,Full Participation in Practice,2010-09-17T12:06:38Z
2010,REG,IND,2,00-0014375,C,Jeff Saturday,Jeff,Saturday,Knee,,Probable,Knee,,Full Participation in Practice,2010-09-17T12:06:38Z
2010,REG,JAX,2,00-0027779,RB,Deji Karim,Deji,Karim,Thumb,,Out,Thumb,,Limited Participation in Practice,2010-09-17T10:17:30Z
2010,REG,JAX,2,00-0027800,KR,Scotty McGee,Scotty,McGee,Shoulder,,Out,Shoulder,,Limited Participation in Practice,2010-09-17T10:17:45Z
2010,REG,JAX,2,00-0024298,S,Anthony Smith,Anthony,Smith,Foot,,Questionable,Foot,,Limited Participation in Practice,2010-09-17T10:17:54Z
2010,REG,JAX,2,00-0021231,QB,David Garrard,David,Garrard,Back,,Probable,Back,,Full Participation in Practice,2010-09-17T10:17:03Z
2010,REG,KC,2,00-0026980,DE,Tyson Jackson,Tyson,Jackson,Knee,,Questionable,Knee,,Did Not Participate In Practice,2010-09-17T12:54:18Z
2010,REG,KC,2,00-0024235,LB,Tamba Hali,Tamba,Hali,Foot,,Questionable,Foot,,Limited Participation in Practice,2010-09-17T12:55:01Z
2010,REG,KC,2,00-0024350,T,Ryan O'Callaghan,Ryan,O'Callaghan,Groin,,Questionable,Groin,,Limited Participation in Practice,2010-09-17T12:55:39Z
2010,REG,KC,2,00-0026105,DE,Wallace Gilberry,Wallace,Gilberry,Back,,Probable,Back,,Full Participation in Practice,2010-09-17T12:54:37Z
2010,REG,KC,2,00-0021187,S,Jon McGraw,Jon,McGraw,Hamstring,,Probable,Hamstring,,Full Participation in Practice,2010-09-17T12:53:57Z
2010,REG,MIA,2,00-0023505,LB,Channing Crowder,Channing,Crowder,Groin,,Out,Groin,,Did Not Participate In Practice,2010-09-17T11:31:12Z
2010,REG,MIA,2,00-0027878,DE,Jared Odrick,Jared,Odrick,Ankle,,Out,Ankle,,Did Not Participate In Practice,2010-09-17T11:31:38Z
2010,REG,MIA,2,00-0025445,DE,Ikaika Alama-Francis,Ikaika,Alama-Francis,Illness,,Questionable,Illness,,Full Participation in Practice,2010-09-17T11:30:40Z
2010,REG,MIN,2,00-0027649,CB,Chris Cook,Chris,Cook,Knee,,Questionable,Knee,,Limited Participation in Practice,2010-09-17T11:42:22Z
2010,REG,MIN,2,00-0024263,CB,Cedric Griffin,Cedric,Griffin,Knee,,Questionable,Knee,,Limited Participation in Practice,2010-09-17T11:42:32Z
2010,REG,MIN,2,00-0026998,WR,Percy Harvin,Percy,Harvin,Hip,,Questionable,Hip,,Limited Participation in Practice,2010-09-17T11:42:59Z
2010,REG,MIN,2,00-0022155,DT,Jimmy Kennedy,Jimmy,Kennedy,Knee,,Questionable,Knee,,Limited Participation in Practice,2010-09-17T11:43:08Z
2010,REG,MIN,2,00-0005106,QB,Brett Favre,Brett,Favre,Ankle,Back,Probable,Ankle,Back,Full Participation in Practice,2010-09-17T11:42:13Z
2010,REG,MIN,2,00-0027888,RB,Toby Gerhart,Toby,Gerhart,Knee,,Probable,Knee,,Full Participation in Practice,2010-09-17T11:42:13Z
2010,REG,MIN,2,00-0021383,T,Bryant McKinnie,Bryant,McKinnie,Finger,,Probable,Finger,,Full Participation in Practice,2010-09-17T11:42:13Z
2010,REG,MIN,2,00-0026327,C,John Sullivan,John,Sullivan,Calf,,Probable,Calf,,Full Participation in Practice,2010-09-17T11:42:13Z
2010,REG,NE,2,00-0023535,T,Nick Kaczur,Nick,Kaczur,Back,,Out,Back,,Did Not Participate In Practice,2010-09-17T12:49:41Z
2010,REG,NE,2,00-0026202,CB,Terrence Wheatley,Terrence,Wheatley,Foot,,Out,Foot,,Did Not Participate In Practice,2010-09-17T12:49:51Z
2010,REG,NE,2,00-0027150,WR,Julian Edelman,Julian,Edelman,Foot,,Questionable,Foot,,Limited Participation in Practice,2010-09-17T12:50:10Z
2010,REG,NE,2,00-0019596,QB,Tom Brady,Tom,Brady,right Shoulder,,Probable,right Shoulder,,Full Participation in Practice,2010-09-17T12:35:05Z
2010,REG,NE,2,00-0016098,RB,Fred Taylor,Fred,Taylor,Toe,,Probable,Toe,,Full Participation in Practice,2010-09-17T12:35:05Z
2010,REG,NE,2,00-0022427,WR,Wes Welker,Wes,Welker,Not Injury Related,,Probable,Not Injury Related,,Limited Participation in Practice,2010-09-17T12:39:39Z
2010,REG,NO,2,00-0027531,RB,Chris Ivory,Chris,Ivory,Knee,,Out,Knee,,Did Not Participate In Practice,2010-09-18T12:46:13Z
2010,REG,NO,2,00-0024424,T,Zach Strief,Zach,Strief,Knee,,Out,Knee,,Did Not Participate In Practice,2010-09-18T12:46:20Z
2010,REG,NO,2,00-0025483,LB,Anthony Waters,Anthony,Waters,Hamstring,,Out,Hamstring,,Did Not Participate In Practice,2010-09-18T12:46:27Z
2010,REG,NO,2,00-0022078,T,Jon Stinchcomb,Jon,Stinchcomb,Not Injury Related,,Probable,Not Injury Related,,Did Not Participate In Practice,2010-09-18T12:46:42Z
2010,REG,NO,2,00-0022778,LB,Jonathan Vilma,Jonathan,Vilma,Groin,,Probable,Groin,,Full Participation in Practice,2010-09-18T12:45:53Z
2010,REG,NYG,2,00-0025611,S,Michael Johnson,Michael,Johnson,,,,Not Injury Related,,Did Not Participate In Practice,2010-09-15T13:14:13Z
2010,REG,NYG,2,00-0023693,LB,Chase Blackburn,Chase,Blackburn,Knee,,Out,Knee,,Did Not Participate In Practice,2010-09-17T12:10:20Z
2010,REG,NYG,2,00-0027715,LB,Phillip Dillard,Phillip,Dillard,Hamstring,,Out,Hamstring,,Did Not Participate In Practice,2010-09-17T12:10:35Z
2010,REG,NYG,2,00-0027036,T,Will Beatty,Will,Beatty,Foot,,Out,Foot,,Out (Definitely Will Not Play),2010-09-17T12:10:09Z
2010,REG,NYG,2,00-0025540,TE,Kevin Boss,Kevin,Boss,Concussion,,Out,Concussion,,Out (Definitely Will Not Play),2010-09-17T12:10:28Z
2010,REG,NYG,2,00-0021977,DE,Osi Umenyiora,Osi,Umenyiora,Knee,,Questionable,Knee,,Did Not Participate In Practice,2010-09-17T12:11:03Z
2010,REG,NYG,2,00-0027005,WR,Hakeem Nicks,Hakeem,Nicks,Ankle,,Questionable,Ankle,,Limited Participation in Practice,2010-09-17T12:10:43Z
2010,REG,NYG,2,00-0026824,CB,Bruce Johnson,Bruce,Johnson,Knee,,Probable,Knee,,Full Participation in Practice,2010-09-17T12:09:57Z
2010,REG,NYG,2,00-0025407,CB,Aaron Ross,Aaron,Ross,Foot,,Probable,Foot,,Full Participation in Practice,2010-09-17T12:09:57Z
2010,REG,NYG,2,00-0024311,LB,Gerris Wilkinson,Gerris,Wilkinson,Groin,,Probable,Groin,,Full Participation in Practice,2010-09-17T12:09:57Z
2010,REG,NYG,2,00-0019276,C,Shaun O'Hara,Shaun,O'Hara,Ankle,Achilles,Probable,Ankle,Achilles,Limited Participation in Practice,2010-09-17T12:09:57Z
2010,REG,NYJ,2,00-0020380,DT,Kris Jenkins,Kris,Jenkins,,,,Knee,,Out (Definitely Will Not Play),2010-09-15T12:51:38Z
2010,REG,NYJ,2,00-0022120,LB,Calvin Pace,Calvin,Pace,Foot,,Out,Foot,,Out (Definitely Will Not Play),2010-09-17T12:44:07Z
2010,REG,NYJ,2,00-0023469,S,Brodney Pool,Brodney,Pool,Ankle,,Questionable,Ankle,,Limited Participation in Practice,2010-09-17T12:44:15Z
2010,REG,NYJ,2,00-0025401,CB,Darrelle Revis,Darrelle,Revis,Hamstring,,Probable,Hamstring,,Limited Participation in Practice,2010-09-17T12:43:59Z
2010,REG,OAK,2,00-0027788,LB,Travis Goethel,Travis,Goethel,Back,,Out,Back,,Did Not Participate In Practice,2010-09-17T12:51:16Z
2010,REG,OAK,2,00-0027738,CB,Walter McFadden,Walter,McFadden,Hamstring,,Out,Hamstring,,Did Not Participate In Practice,2010-09-17T12:51:36Z
2010,REG,OAK,2,00-0026366,WR,Chaz Schilens,Chaz,Schilens,Knee,,Out,Knee,,Did Not Participate In Practice,2010-09-17T12:51:47Z
2010,REG,OAK,2,00-0022836,G,Robert Gallery,Robert,Gallery,Hamstring,,Doubtful,Hamstring,,Did Not Participate In Practice,2010-09-17T12:51:01Z
2010,REG,OAK,2,00-0020442,DE,Richard Seymour,Richard,Seymour,Hamstring,,Questionable,Hamstring,,Did Not Participate In Practice,2010-09-17T12:52:04Z
2010,REG,OAK,2,00-0025487,RB,Michael Bush,Michael,Bush,Thumb,,Questionable,Thumb,,Limited Participation in Practice,2010-09-17T12:50:46Z
2010,REG,OAK,2,00-0024201,S,Hiram Eugene,Hiram,Eugene,Hamstring,,Questionable,Hamstring,,Limited Participation in Practice,2010-09-17T12:52:56Z
2010,REG,OAK,2,00-0021949,CB,Chris Johnson,Chris,Johnson,Neck,,Questionable,Neck,,Limited Participation in Practice,2010-09-17T12:51:27Z
2010,REG,OAK,2,00-0022077,CB,Nnamdi Asomugha,Nnamdi,Asomugha,Groin,,Probable,Groin,,Full Participation in Practice,2010-09-17T12:50:28Z
2010,REG,OAK,2,00-0026533,DT,Desmond Bryant,Desmond,Bryant,Elbow,,Probable,Elbow,,Full Participation in Practice,2010-09-17T12:50:28Z
2010,REG,PHI,2,00-0024229,DT,Brodrick Bunkley,Brodrick,Bunkley,,,,Ankle,,Full Participation in Practice,2010-09-15T12:19:03Z
2010,REG,PHI,2,00-0024224,LB,Ernie Sims,Ernie,Sims,,,,Wrist,Quadricep,Full Participation in Practice,2010-09-15T12:21:38Z
2010,REG,PHI,2,00-0025474,LB,Stewart Bradley,Stewart,Bradley,Concussion,,Out,Concussion,,Did Not Participate In Practice,2010-09-17T10:47:39Z
2010,REG,PHI,2,00-0025423,QB,Kevin Kolb,Kevin,Kolb,Concussion,,Out,Concussion,,Did Not Participate In Practice,2010-09-17T10:47:46Z
2010,REG,PHI,2,00-0024324,WR,Jason Avant,Jason,Avant,Back,,Probable,Back,,Full Participation in Practice,2010-09-17T10:47:30Z
2010,REG,PHI,2,00-0025521,DE,Antwan Barnes,Antwan,Barnes,Wrist,,Probable,Wrist,,Full Participation in Practice,2010-09-17T10:47:30Z
2010,REG,PHI,2,00-0024011,RB,Mike Bell,Mike,Bell,Toe,,Probable,Toe,,Full Participation in Practice,2010-09-17T10:47:30Z
2010,REG,PHI,2,00-0024156,G,Nick Cole,Nick,Cole,Knee,,Probable,Knee,,Full Participation in Practice,2010-09-17T10:47:30Z
2010,REG,PHI,2,00-0023560,G,Todd Herremans,Todd,Herremans,Ankle,,Probable,Ankle,,Full Participation in Practice,2010-09-17T10:47:30Z
2010,REG,PHI,2,00-0027297,T,Austin Howard,Austin,Howard,Back,,Probable,Back,,Full Participation in Practice,2010-09-17T10:47:30Z
2010,REG,PHI,2,00-0025719,LB,Akeem Jordan,Akeem,Jordan,Groin,,Probable,Groin,,Full Participation in Practice,2010-09-17T10:47:30Z
2010,REG,PHI,2,00-0026187,DT,Trevor Laws,Trevor,Laws,Oblique,,Probable,Oblique,,Full Participation in Practice,2010-09-17T10:47:30Z
2010,REG,PHI,2,00-0024515,P,Saverio Rocca,Saverio,Rocca,left Hamstring,,Probable,left Hamstring,,Full Participation in Practice,2010-09-17T10:47:30Z
2010,REG,PIT,2,00-0022010,DE,Nick Eason,Nick,Eason,,,,Not Injury Related,,Did Not Participate In Practice,2010-09-16T12:18:30Z
2010,REG,PIT,2,00-0005082,LB,James Farrior,James,Farrior,,,,Not Injury Related,,Did Not Participate In Practice,2010-09-15T12:37:13Z
2010,REG,PIT,2,00-0022119,S,Troy Polamalu,Troy,Polamalu,,,,Not Injury Related,,Did Not Participate In Practice,2010-09-16T12:22:08Z
2010,REG,PIT,2,00-0015080,DE,Aaron Smith,Aaron,Smith,,,,Not Injury Related,,Did Not Participate In Practice,2010-09-15T12:37:41Z
2010,REG,PIT,2,00-0017162,WR,Hines Ward,Hines,Ward,,,,Not Injury Related,,Did Not Participate In Practice,2010-09-15T12:37:27Z
2010,REG,PIT,2,00-0020426,DT,Casey Hampton,Casey,Hampton,Hamstring,,Out,Hamstring,,Did Not Participate In Practice,2010-09-17T09:58:21Z
2010,REG,PIT,2,00-0022785,T,Max Starks,Max,Starks,Ankle,,Out,Ankle,,Did Not Participate In Practice,2010-09-17T09:58:45Z
2010,REG,PIT,2,00-0027685,WR,Emmanuel Sanders,Emmanuel,Sanders,Quadricep,,Doubtful,Quadricep,,Did Not Participate In Practice,2010-09-17T09:58:39Z
2010,REG,PIT,2,00-0027889,LB,Jason Worilds,Jason,Worilds,Shoulder,,Doubtful,Shoulder,,Did Not Participate In Practice,2010-09-17T09:58:49Z
2010,REG,PIT,2,00-0022064,WR,Arnaz Battle,Arnaz,Battle,Knee,,Probable,Knee,,Full Participation in Practice,2010-09-17T09:58:03Z
2010,REG,PIT,2,00-0022177,QB,Byron Leftwich,Byron,Leftwich,Knee,,Probable,Knee,,Full Participation in Practice,2010-09-17T09:58:03Z
2010,REG,PIT,2,00-0023497,CB,Bryant McFadden,Bryant,McFadden,Groin,,Probable,Groin,,Full Participation in Practice,2010-09-17T09:58:03Z
2010,REG,SD,2,00-0004112,LS,James Dearth,James,Dearth,,,,Foot,,Limited Participation in Practice,2010-09-16T18:03:01Z
2010,REG,SD,2,00-0021544,LB,Stephen Cooper,Stephen,Cooper,Knee,,Doubtful,Knee,,Did Not Participate In Practice,2010-09-17T13:14:46Z
2010,REG,SD,2,00-0026209,RB,Jacob Hester,Jacob,Hester,Foot,,Probable,Foot,,Full Participation in Practice,2010-09-17T13:14:29Z
2010,REG,SD,2,00-0023446,LB,Shawne Merriman,Shawne,Merriman,Achilles,,Probable,Achilles,,Full Participation in Practice,2010-09-17T13:14:29Z
2010,REG,SEA,2,00-0022855,T,Sean Locklear,Sean,Locklear,,,,Not Injury Related,,Did Not Participate In Practice,2010-09-16T14:19:00Z
2010,REG,SEA,2,00-0021178,G,Chester Pitts,Chester,Pitts,Knee,,Out,Knee,,Limited Participation in Practice,2010-09-17T13:26:35Z
2010,REG,SEA,2,00-0027859,T,Russell Okung,Russell,Okung,Ankle,,Out,Ankle,,Out (Definitely Will Not Play),2010-09-17T13:26:26Z
2010,REG,SEA,2,00-0023498,LB,Matt McCoy,Matt,McCoy,Quadricep,,Doubtful,Quadricep,,Did Not Participate In Practice,2010-09-17T13:26:19Z
2010,REG,SEA,2,00-0021577,DE,Chris Clemons,Chris,Clemons,Ankle,,Probable,Ankle,,Full Participation in Practice,2010-09-17T13:26:08Z
2010,REG,SEA,2,00-0026324,G,Mike Gibson,Mike,Gibson,Back,,Probable,Back,,Full Participation in Practice,2010-09-17T13:26:08Z
2010,REG,SEA,2,00-0023452,WR,Mike Williams,Mike,Williams,Thigh,,Probable,Thigh,,Full Participation in Practice,2010-09-17T13:26:08Z
2010,REG,SF,2,00-0024389,TE,Delanie Walker,Delanie,Walker,,,,Not Injury Related,,Did Not Participate In Practice,2010-09-17T15:36:33Z
2010,REG,SF,2,00-0021341,C,Eric Heitmann,Eric,Heitmann,Fibula,,Out,Fibula,,Out (Definitely Will Not Play),2010-09-18T13:43:56Z
2010,REG,SF,2,00-0025396,WR,Ted Ginn,Ted,Ginn,Knee,,Doubtful,Knee,,Did Not Participate In Practice,2010-09-18T13:43:44Z
2010,REG,SF,2,00-0020384,CB,William James,William,James,Ankle,,Doubtful,Ankle,,Did Not Participate In Practice,2010-09-18T13:44:12Z
2010,REG,SF,2,00-0026179,G,Chilo Rachal,Chilo,Rachal,Stinger,,Doubtful,Stinger,,Did Not Participate In Practice,2010-09-18T13:44:25Z
2010,REG,SF,2,00-0027608,WR,Kyle Williams,Kyle,Williams,Toe,,Doubtful,Toe,,Limited Participation in Practice,2010-09-18T13:44:47Z
2010,REG,SF,2,00-0027610,CB,Phillip Adams,Phillip,Adams,Hamstring,,Questionable,Hamstring,,Full Participation in Practice,2010-09-18T13:43:27Z
2010,REG,SF,2,00-0026762,T,Alex Boone,Alex,Boone,Calf,,Probable,Calf,,Full Participation in Practice,2010-09-18T13:43:06Z
2010,REG,SF,2,00-0024495,LB,Ahmad Brooks,Ahmad,Brooks,Elbow,,Probable,Elbow,,Full Participation in Practice,2010-09-18T13:43:06Z
2010,REG,SF,2,00-0023529,G,Adam Snyder,Adam,Snyder,Illness,,Probable,Illness,,Full Participation in Practice,2010-09-18T13:43:06Z
2010,REG,SF,2,00-0025398,LB,Patrick Willis,Patrick,Willis,Knee,Thumb,Probable,Knee,Thumb,Full Participation in Practice,2010-09-18T13:43:06Z
2010,REG,STL,2,00-0026368,LB,Chris Chamberlain,Chris,Chamberlain,Toe,,Out,Toe,,Out (Definitely Will Not Play),2010-09-17T11:47:22Z
2010,REG,STL,2,00-0027732,TE,Michael Hoomanawanui,Michael,Hoomanawanui,Ankle,,Out,Ankle,,Out (Definitely Will Not Play),2010-09-17T11:47:41Z
2010,REG,STL,2,00-0027845,LB,Josh Hull,Josh,Hull,Knee,,Out,Knee,,Out (Definitely Will Not Play),2010-09-17T11:48:03Z
2010,REG,STL,2,00-0024178,CB,Kevin Dockery,Kevin,Dockery,Hamstring,,Doubtful,Hamstring,,Did Not Participate In Practice,2010-09-17T12:15:52Z
2010,REG,STL,2,00-0025541,DT,Clifton Ryan,Clifton,Ryan,(Migraines),,Questionable,(migraines),,Did Not Participate In Practice,2010-09-17T12:17:53Z
2010,REG,STL,2,00-0026241,CB,Justin King,Justin,King,Hamstring,,Questionable,Hamstring,,Limited Participation in Practice,2010-09-17T12:18:57Z
2010,REG,STL,2,00-0022736,RB,Steven Jackson,Steven,Jackson,Knee,,Probable,Knee,,Full Participation in Practice,2010-09-17T12:19:36Z
2010,REG,STL,2,00-0019706,DT,Fred Robbins,Fred,Robbins,Foot,,Probable,Foot,,Full Participation in Practice,2010-09-17T12:20:18Z
2010,REG,STL,2,00-0025462,WR,Laurent Robinson,Laurent,Robinson,Ankle,,Probable,Ankle,,Full Participation in Practice,2010-09-17T12:21:30Z
2010,REG,STL,2,00-0027073,DT,Darell Scott,Darell,Scott,Knee,,Probable,Knee,,Full Participation in Practice,2010-09-17T12:22:32Z
2010,REG,TB,2,00-0024238,G,Davin Joseph,Davin,Joseph,,,,Quadricep,,Full Participation in Practice,2010-09-15T12:33:18Z
2010,REG,TB,2,00-0027055,DT,Roy Miller,Roy,Miller,,,,Illness,,Full Participation in Practice,2010-09-16T12:34:59Z
2010,REG,TB,2,00-0022710,LB,Niko Koutouvides,Niko,Koutouvides,Ankle,,Out,Ankle,,Did Not Participate In Practice,2010-09-17T10:29:20Z
2010,REG,TB,2,00-0026819,RB,Kareem Huggins,Kareem,Huggins,Groin,,Questionable,Groin,,Did Not Participate In Practice,2010-09-17T10:29:08Z
2010,REG,TB,2,00-0022922,TE,Kellen Winslow,Kellen,Winslow,Knee,,Questionable,Knee,,Limited Participation in Practice,2010-09-17T10:29:45Z
2010,REG,TB,2,00-0026993,QB,Josh Freeman,Josh,Freeman,right Thumb,,Probable,right Thumb,,Full Participation in Practice,2010-09-17T10:28:50Z
2010,REG,TB,2,00-0026723,RB,Chris Pressley,Chris,Pressley,Knee,,Probable,Knee,,Full Participation in Practice,2010-09-17T10:28:50Z
2010,REG,TEN,2,00-0025610,T,Mike Otto,Mike,Otto,Knee,,Out,Knee,,Did Not Participate In Practice,2010-09-17T11:57:51Z
2010,REG,TEN,2,00-0021490,DT,Tony Brown,Tony,Brown,Knee,,Questionable,Knee,,Full Participation in Practice,2010-09-17T11:57:39Z
2010,REG,TEN,2,00-0026243,DE,William Hayes,William,Hayes,Knee,,Questionable,Knee,,Full Participation in Practice,2010-09-17T11:57:44Z
2010,REG,WAS,2,00-0026320,S,Kareem Moore,Kareem,Moore,Knee,,Out,Knee,,Limited Participation in Practice,2010-09-17T13:26:16Z
2010,REG,WAS,2,00-0011022,QB,Donovan McNabb,Donovan,McNabb,Ankle,,Questionable,Ankle,,Full Participation in Practice,2010-09-17T13:26:07Z
2010,REG,WAS,2,00-0021179,RB,Clinton Portis,Clinton,Portis,Wrist,,Questionable,Wrist,,Full Participation in Practice,2010-09-17T13:26:22Z
2010,REG,WAS,2,00-0027704,LB,Perry Riley,Perry,Riley,Foot,,Questionable,Foot,,Full Participation in Practice,2010-09-17T13:26:33Z
2010,REG,WAS,2,00-0021149,DT,Albert Haynesworth,Albert,Haynesworth,Ankle,,Questionable,Ankle,,Limited Participation in Practice,2010-09-17T13:25:57Z
2010,REG,ARI,3,00-0026221,WR,Early Doucet,Early,Doucet,Groin,,Out,Groin,,Out (Definitely Will Not Play),2010-09-24T12:51:08Z
2010,REG,ARI,3,00-0025529,WR,Steve Breaston,Steve,Breaston,Knee,,Questionable,Knee,,Limited Participation in Practice,2010-09-24T12:50:53Z
2010,REG,ARI,3,00-0026939,LB,Will Davis,Will,Davis,Head,,Questionable,Head,,Limited Participation in Practice,2010-09-24T12:51:01Z
2010,REG,ARI,3,00-0005058,G,Alan Faneca,Alan,Faneca,Back,,Questionable,Back,,Limited Participation in Practice,2010-09-24T12:51:38Z
2010,REG,ARI,3,00-0027007,RB,Chris Wells,Chris,Wells,Knee,,Questionable,Knee,,Limited Participation in Practice,2010-09-24T12:51:18Z
2010,REG,ARI,3,00-0023663,S,Hamza Abdullah,Hamza,Abdullah,Hamstring,,Probable,Hamstring,,Full Participation in Practice,2010-09-24T12:50:41Z
2010,REG,ARI,3,00-0019538,LB,Clark Haggans,Clark,Haggans,Heel,,Probable,Heel,,Full Participation in Practice,2010-09-24T12:50:41Z
2010,REG,ARI,3,00-0026256,DE,Kenny Iwebema,Kenny,Iwebema,Knee,,Probable,Knee,,Full Participation in Practice,2010-09-24T12:50:41Z
2010,REG,ATL,3,00-0022218,S,Erik Coleman,Erik,Coleman,Knee,,Questionable,Knee,,Did Not Participate In Practice,2010-09-24T12:12:48Z
2010,REG,ATL,3,00-0022781,WR,Michael Jenkins,Michael,Jenkins,Shoulder,,Questionable,Shoulder,,Limited Participation in Practice,2010-09-24T12:12:56Z
2010,REG,ATL,3,00-0022821,RB,Michael Turner,Michael,Turner,Groin,,Probable,Groin,,Full Participation in Practice,2010-09-24T12:12:39Z
2010,REG,BAL,3,00-0025787,T,Jared Gaither,Jared,Gaither,Back,,Out,Back,,Did Not Participate In Practice,2010-09-24T11:37:44Z
2010,REG,BAL,3,00-0026211,LB,Tavares Gooden,Tavares,Gooden,Shoulder,,Out,Shoulder,,Out (Definitely Will Not Play),2010-09-24T11:37:50Z
2010,REG,BAL,3,00-0021147,WR,Donte' Stallworth,Donte',Stallworth,Foot,,Out,Foot,,Out (Definitely Will Not Play),2010-09-24T11:37:35Z
2010,REG,BAL,3,00-0020516,TE,Todd Heap,Todd,Heap,Shoulder,,Probable,Shoulder,,Full Participation in Practice,2010-09-24T11:36:53Z
2010,REG,BAL,3,00-0022139,LB,Jarret Johnson,Jarret,Johnson,Back,,Probable,Back,,Full Participation in Practice,2010-09-24T11:36:53Z
2010,REG,BAL,3,00-0026407,LB,Jameel McClain,Jameel,McClain,Knee,,Probable,Knee,,Full Participation in Practice,2010-09-24T11:36:53Z
2010,REG,BAL,3,00-0024227,DT,Haloti Ngata,Haloti,Ngata,Back,,Probable,Back,,Full Participation in Practice,2010-09-24T11:36:53Z
2010,REG,BAL,3,00-0026195,RB,Ray Rice,Ray,Rice,Ankle,,Probable,Ankle,,Full Participation in Practice,2010-09-24T11:36:53Z
2010,REG,BAL,3,00-0022161,LB,Terrell Suggs,Terrell,Suggs,Ankle,,Probable,Ankle,,Full Participation in Practice,2010-09-24T11:36:53Z
2010,REG,BAL,3,00-0026857,LB,Dannell Ellerbe,Dannell,Ellerbe,Knee,,Probable,Knee,,Limited Participation in Practice,2010-09-24T11:36:53Z
2010,REG,BAL,3,00-0010500,WR,Derrick Mason,Derrick,Mason,Knee,,Probable,Knee,,Limited Participation in Practice,2010-09-24T11:36:53Z
2010,REG,BAL,3,00-0025524,RB,Le'Ron McClain,Le'Ron,McClain,Shoulder,,Probable,Shoulder,,Limited Participation in Practice,2010-09-24T11:36:53Z
2010,REG,BUF,3,00-0025421,LB,Paul Posluszny,Paul,Posluszny,Knee,,Out,Knee,,Did Not Participate In Practice,2010-09-24T10:05:47Z
2010,REG,BUF,3,00-0024392,LB,Keith Ellison,Keith,Ellison,Knee,,Probable,Knee,,Full Participation in Practice,2010-09-24T10:05:39Z
2010,REG,BUF,3,00-0027126,S,Cary Harris,Cary,Harris,Hamstring,,Probable,Hamstring,,Full Participation in Practice,2010-09-24T10:05:39Z
2010,REG,BUF,3,00-0027027,G,Andy Levitre,Andy,Levitre,Neck,,Probable,Neck,,Full Participation in Practice,2010-09-24T10:05:39Z
2010,REG,CAR,3,00-0026159,T,Jeff Otah,Jeff,Otah,Knee,,Doubtful,Knee,,Did Not Participate In Practice,2010-09-24T11:24:51Z
2010,REG,CAR,3,00-0025470,DE,Charles Johnson,Charles,Johnson,Calf,,Questionable,Calf,,Limited Participation in Practice,2010-09-24T11:25:31Z
2010,REG,CAR,3,00-0026281,TE,Gary Barnidge,Gary,Barnidge,Ribs,,Probable,Ribs,,Limited Participation in Practice,2010-09-24T11:30:36Z
2010,REG,CAR,3,00-0022047,DE,Tyler Brayton,Tyler,Brayton,Ankle,,Probable,Ankle,,Limited Participation in Practice,2010-09-24T11:26:15Z
2010,REG,CAR,3,00-0027681,WR,Brandon LaFell,Brandon,LaFell,Hamstring,,Probable,Hamstring,,Limited Participation in Practice,2010-09-24T11:28:47Z
2010,REG,CAR,3,00-0024745,DT,Louis Leonard,Louis,Leonard,Elbow,,Probable,Elbow,,Limited Participation in Practice,2010-09-24T11:31:04Z
2010,REG,CAR,3,00-0025995,LB,Jordan Senn,Jordan,Senn,Ankle,,Probable,Ankle,,Limited Participation in Practice,2010-09-24T11:26:55Z
2010,REG,CAR,3,00-0020337,WR,Steve Smith,Steve,Smith,Thigh,,Probable,Thigh,,Limited Participation in Practice,2010-09-24T11:27:19Z
2010,REG,CHI,3,00-0026154,T,Chris Williams,Chris,Williams,Hamstring,,Out,Hamstring,,Did Not Participate In Practice,2010-09-25T12:47:00Z
2010,REG,CHI,3,00-0027680,S,Major Wright,Major,Wright,Hamstring,,Out,Hamstring,,Did Not Participate In Practice,2010-09-25T12:47:07Z
2010,REG,CHI,3,00-0022128,LB,Lance Briggs,Lance,Briggs,Ankle,,Probable,Ankle,,Full Participation in Practice,2010-09-25T12:46:34Z
2010,REG,CHI,3,00-0021604,DE,Israel Idonije,Israel,Idonije,Foot,,Probable,Foot,,Full Participation in Practice,2010-09-25T12:46:34Z
2010,REG,CHI,3,00-0024750,LB,Nick Roach,Nick,Roach,Hamstring,,Probable,Hamstring,,Full Participation in Practice,2010-09-25T12:46:34Z
2010,REG,CHI,3,00-0024100,LB,Brian Iwuh,Brian,Iwuh,Quadricep,,Probable,Quadricep,,Limited Participation in Practice,2010-09-25T12:46:34Z
2010,REG,CIN,3,00-0023665,DE,Jonathan Fanene,Jonathan,Fanene,Hamstring,,Out,Hamstring,,Did Not Participate In Practice,2010-09-24T11:07:28Z
2010,REG,CIN,3,00-0023441,CB,Adam Jones,Adam,Jones,Shoulder,,Doubtful,Shoulder,,Did Not Participate In Practice,2010-09-24T11:07:36Z
2010,REG,CIN,3,00-0024306,DE,Frostee Rucker,Frostee,Rucker,Toe,,Questionable,Toe,,Full Participation in Practice,2010-09-24T11:07:58Z
2010,REG,CIN,3,00-0022918,DE,Antwan Odom,Antwan,Odom,Wrist,,Questionable,Wrist,,Limited Participation in Practice,2010-09-24T11:07:48Z
2010,REG,CIN,3,00-0022696,DT,Tank Johnson,Tank,Johnson,Toe,,Probable,Toe,,Full Participation in Practice,2010-09-24T11:06:12Z
2010,REG,CIN,3,00-0025439,RB,Brian Leonard,Brian,Leonard,Foot,,Probable,Foot,,Full Participation in Practice,2010-09-24T11:06:12Z
2010,REG,CIN,3,00-0026149,LB,Keith Rivers,Keith,Rivers,Foot,,Probable,Foot,,Full Participation in Practice,2010-09-24T11:06:12Z
2010,REG,CIN,3,00-0012478,WR,Terrell Owens,Terrell,Owens,Back,,Probable,Back,,Limited Participation in Practice,2010-09-24T11:06:12Z
2010,REG,CLE,3,00-0022122,G,Eric Steinbach,Eric,Steinbach,,,,Thigh,,Full Participation in Practice,2010-09-22T12:50:25Z
2010,REG,CLE,3,00-0027694,G,Shawn Lauvao,Shawn,Lauvao,Ankle,,Out,Ankle,,Did Not Participate In Practice,2010-09-24T12:43:56Z
2010,REG,CLE,3,00-0004161,QB,Jake Delhomme,Jake,Delhomme,Ankle,,Doubtful,Ankle,,Did Not Participate In Practice,2010-09-24T12:44:14Z
2010,REG,CLE,3,00-0024249,LB,D'Qwell Jackson,D'Qwell,Jackson,Chest,,Doubtful,Chest,,Did Not Participate In Practice,2010-09-24T12:44:36Z
2010,REG,CLE,3,00-0027012,WR,Brian Robiskie,Brian,Robiskie,Hamstring,,Doubtful,Hamstring,,Did Not Participate In Practice,2010-09-24T12:45:09Z
2010,REG,CLE,3,00-0026742,LB,Marcus Benard,Marcus,Benard,Ankle,,Questionable,Ankle,,Did Not Participate In Practice,2010-09-24T12:45:34Z
2010,REG,CLE,3,00-0024359,RB,Jerome Harrison,Jerome,Harrison,Thigh,,Questionable,Thigh,,Did Not Participate In Practice,2010-09-24T12:45:53Z
2010,REG,CLE,3,00-0027776,WR,Carlton Mitchell,Carlton,Mitchell,Head,,Questionable,Head,,Did Not Participate In Practice,2010-09-24T12:46:10Z
2010,REG,CLE,3,00-0020528,DT,Shaun Rogers,Shaun,Rogers,Ankle,Hip,Questionable,Ankle,Hip,Did Not Participate In Practice,2010-09-24T12:46:49Z
2010,REG,CLE,3,00-0024394,RB,Lawrence Vickers,Lawrence,Vickers,Illness,,Questionable,Illness,,Did Not Participate In Practice,2010-09-24T12:47:10Z
2010,REG,CLE,3,00-0000846,LB,Eric Barton,Eric,Barton,Hip,,Probable,Hip,,Full Participation in Practice,2010-09-24T12:47:39Z
2010,REG,CLE,3,00-0024834,CB,Derrick Roberson,Derrick,Roberson,Hip,,Probable,Hip,,Full Participation in Practice,2010-09-24T12:48:53Z
2010,REG,CLE,3,00-0023481,LB,Matt Roth,Matt,Roth,Foot,,Probable,Foot,,Full Participation in Practice,2010-09-24T12:49:21Z
2010,REG,CLE,3,00-0026084,DE,Brian Schaefering,Brian,Schaefering,Wrist,,Probable,Wrist,,Full Participation in Practice,2010-09-24T12:49:37Z
2010,REG,CLE,3,00-0019573,DE,Robaire Smith,Robaire,Smith,Ankle,,Probable,Ankle,,Full Participation in Practice,2010-09-24T12:49:57Z
2010,REG,CLE,3,00-0019666,T,John St. Clair,John,St. Clair,Foot,,Probable,Foot,,Full Participation in Practice,2010-09-24T12:50:20Z
2010,REG,CLE,3,00-0025390,T,Joe Thomas,Joe,Thomas,Elbow,,Probable,Elbow,,Full Participation in Practice,2010-09-24T12:50:38Z
2010,REG,CLE,3,00-0020348,G,Floyd Womack,Floyd,Womack,Knee,,Probable,Knee,,Full Participation in Practice,2010-09-24T12:50:57Z
2010,REG,CLE,3,00-0023176,WR,Joshua Cribbs,Joshua,Cribbs,Ankle,,Probable,Ankle,,Limited Participation in Practice,2010-09-24T12:48:00Z
2010,REG,CLE,3,00-0026123,TE,Evan Moore,Evan,Moore,Head,,Probable,Head,,Limited Participation in Practice,2010-09-24T12:48:18Z
2010,REG,DAL,3,00-0023656,DT,Jay Ratliff,Jay,Ratliff,,,,Not Injury Related,,Did Not Participate In Practice,2010-09-23T12:52:41Z
2010,REG,DAL,3,00-0025582,RB,Deon Anderson,Deon,Anderson,Knee,,Out,Knee,,Did Not Participate In Practice,2010-09-24T11:16:47Z
2010,REG,DAL,3,00-0027663,LB,Sean Lee,Sean,Lee,Hamstring,,Questionable,Hamstring,,Full Participation in Practice,2010-09-24T11:17:18Z
2010,REG,DAL,3,00-0027778,T,Sam Young,Sam,Young,Knee,,Questionable,Knee,,Full Participation in Practice,2010-09-24T11:17:07Z
2010,REG,DAL,3,00-0027902,WR,Dez Bryant,Dez,Bryant,Ribs,,Probable,Ribs,,Full Participation in Practice,2010-09-24T11:16:37Z
2010,REG,DAL,3,00-0026165,CB,Mike Jenkins,Mike,Jenkins,Knee,,Probable,Knee,,Full Participation in Practice,2010-09-24T11:16:37Z
2010,REG,DAL,3,00-0022127,TE,Jason Witten,Jason,Witten,Head,,Probable,Head,,Full Participation in Practice,2010-09-24T11:16:37Z
2010,REG,DEN,3,00-0017813,DT,Jamal Williams,Jamal,Williams,,,,Not Injury Related,,Did Not Participate In Practice,2010-09-23T14:14:16Z
2010,REG,DEN,3,00-0025457,T,Ryan Harris,Ryan,Harris,Ankle,,Out,Ankle,,Did Not Participate In Practice,2010-09-24T12:42:59Z
2010,REG,DEN,3,00-0026988,RB,Knowshon Moreno,Knowshon,Moreno,Hamstring,,Out,Hamstring,,Did Not Participate In Practice,2010-09-24T12:43:58Z
2010,REG,DEN,3,00-0000585,CB,Champ Bailey,Champ,Bailey,Foot,,Questionable,Foot,,Limited Participation in Practice,2010-09-24T12:42:36Z
2010,REG,DEN,3,00-0021194,CB,Andre' Goodman,Andre',Goodman,Thigh,,Questionable,Thigh,,Limited Participation in Practice,2010-09-24T12:42:46Z
2010,REG,DEN,3,00-0024375,G,Chris Kuper,Chris,Kuper,Knee,,Questionable,Knee,,Limited Participation in Practice,2010-09-24T12:43:12Z
2010,REG,DEN,3,00-0025828,LB,Wesley Woodyard,Wesley,Woodyard,Hamstring,,Questionable,Hamstring,,Limited Participation in Practice,2010-09-24T12:43:40Z
2010,REG,DEN,3,00-0024236,RB,Laurence Maroney,Laurence,Maroney,Thigh,,Probable,Thigh,,Full Participation in Practice,2010-09-24T12:42:23Z
2010,REG,DEN,3,00-0027024,S,Darcel McBath,Darcel,McBath,Forearm,,Probable,Forearm,,Full Participation in Practice,2010-09-24T12:42:23Z
2010,REG,DET,3,00-0021999,WR,Nate Burleson,Nate,Burleson,Ankle,,Out,Ankle,,Did Not Participate In Practice,2010-09-24T14:41:07Z
2010,REG,DET,3,00-0027152,LB,Zack Follett,Zack,Follett,Concussion,,Out,Concussion,,Did Not Participate In Practice,2010-09-24T14:41:12Z
2010,REG,DET,3,00-0026498,QB,Matthew Stafford,Matthew,Stafford,right Shoulder,,Out,right Shoulder,,Did Not Participate In Practice,2010-09-24T14:41:21Z
2010,REG,DET,3,00-0026232,DE,Cliff Avril,Cliff,Avril,Knee,Finger,Questionable,Knee,Finger,Limited Participation in Practice,2010-09-24T14:41:36Z
2010,REG,DET,3,00-0022860,LB,Landon Johnson,Landon,Johnson,Neck,,Questionable,Neck,,Limited Participation in Practice,2010-09-24T14:42:27Z
2010,REG,DET,3,00-0027050,LB,DeAndre Levy,DeAndre,Levy,Groin,,Questionable,Groin,,Limited Participation in Practice,2010-09-24T14:42:05Z
2010,REG,DET,3,00-0022808,G,Stephen Peterman,Stephen,Peterman,Foot,,Questionable,Foot,,Limited Participation in Practice,2010-09-24T14:42:36Z
2010,REG,DET,3,00-0026635,LB,Ashlee Palmer,Ashlee,Palmer,Ankle,,Probable,Ankle,,Full Participation in Practice,2010-09-24T14:40:55Z
2010,REG,DET,3,00-0023621,S,C.C. Brown,C.C.,Brown,Forearm,,Probable,Forearm,,Limited Participation in Practice,2010-09-24T14:40:55Z
2010,REG,DET,3,00-0027009,S,Louis Delmas,Louis,Delmas,Groin,Biceps,Probable,Groin,Biceps,Limited Participation in Practice,2010-09-24T14:40:55Z
2010,REG,GB,3,00-0027664,DE,Mike Neal,Mike,Neal,Rib,,Questionable,Rib,,Did Not Participate In Practice,2010-09-25T12:07:28Z
2010,REG,GB,3,00-0024372,S,Charlie Peprah,Charlie,Peprah,Quadricep,,Questionable,Quadricep,,Did Not Participate In Practice,2010-09-25T12:07:36Z
2010,REG,GB,3,00-0026946,LB,Brad Jones,Brad,Jones,Knee,,Questionable,Knee,,Limited Participation in Practice,2010-09-25T12:07:19Z
2010,REG,GB,3,00-0020515,DE,Ryan Pickett,Ryan,Pickett,Hamstring,,Questionable,Hamstring,,Limited Participation in Practice,2010-09-25T12:07:54Z
2010,REG,GB,3,00-0024422,S,Derrick Martin,Derrick,Martin,Ankle,,Probable,Ankle,,Did Not Participate In Practice,2010-09-25T12:07:03Z
2010,REG,GB,3,00-0025579,LB,Desmond Bishop,Desmond,Bishop,Hamstring,,Probable,Hamstring,,Full Participation in Practice,2010-09-25T12:07:03Z
2010,REG,GB,3,00-0024262,G,Daryn Colledge,Daryn,Colledge,Knee,,Probable,Knee,,Full Participation in Practice,2010-09-25T12:07:03Z
2010,REG,GB,3,00-0026878,TE,Tom Crabtree,Tom,Crabtree,Arch,,Probable,Arch,,Full Participation in Practice,2010-09-25T12:07:03Z
2010,REG,GB,3,00-0025578,RB,Korey Hall,Korey,Hall,Hip,,Probable,Hip,,Full Participation in Practice,2010-09-25T12:07:03Z
2010,REG,GB,3,00-0021706,DE,Cullen Jenkins,Cullen,Jenkins,Hand,,Probable,Hand,,Full Participation in Practice,2010-09-25T12:07:03Z
2010,REG,GB,3,00-0027002,LB,Clay Matthews,Clay,Matthews,Hamstring,,Probable,Hamstring,,Full Participation in Practice,2010-09-25T12:07:03Z
2010,REG,GB,3,00-0023559,LB,Brady Poppinga,Brady,Poppinga,Knee,,Probable,Knee,,Full Participation in Practice,2010-09-25T12:07:03Z
2010,REG,GB,3,00-0026934,CB,Brandon Underwood,Brandon,Underwood,Shoulder,,Probable,Shoulder,,Full Participation in Practice,2010-09-25T12:07:03Z
2010,REG,GB,3,00-0018227,CB,Charles Woodson,Charles,Woodson,Toe,,Probable,Toe,,Full Participation in Practice,2010-09-25T12:07:03Z
2010,REG,GB,3,00-0019702,T,Chad Clifton,Chad,Clifton,Knee,,Probable,Knee,,Limited Participation in Practice,2010-09-25T12:07:03Z
2010,REG,HOU,3,00-0022044,WR,Andre Johnson,Andre,Johnson,Ankle,,Questionable,Ankle,,Limited Participation in Practice,2010-09-24T12:29:38Z
2010,REG,HOU,3,00-0027109,TE,James Casey,James,Casey,Ankle,,Probable,Ankle,,Full Participation in Practice,2010-09-24T12:29:18Z
2010,REG,HOU,3,00-0023630,TE,Joel Dreessen,Joel,Dreessen,Hip,,Probable,Hip,,Full Participation in Practice,2010-09-24T12:30:12Z
2010,REG,HOU,3,00-0022397,RB,Vonta Leach,Vonta,Leach,Knee,,Probable,Knee,,Full Participation in Practice,2010-09-24T12:29:18Z
2010,REG,HOU,3,00-0026219,CB,Antwaun Molden,Antwaun,Molden,Ankle,,Probable,Ankle,,Full Participation in Practice,2010-09-24T12:29:18Z
2010,REG,HOU,3,00-0024313,TE,Owen Daniels,Owen,Daniels,Knee,,Probable,Knee,,Limited Participation in Practice,2010-09-24T12:29:18Z
2010,REG,HOU,3,00-0025397,DT,Amobi Okoye,Amobi,Okoye,Ankle,,Probable,Ankle,,Limited Participation in Practice,2010-09-24T12:29:18Z
2010,REG,HOU,3,00-0023750,DE,Mario Williams,Mario,Williams,Groin,,Probable,Groin,,Limited Participation in Practice,2010-09-24T12:29:18Z
2010,REG,IND,3,00-0021146,DE,Dwight Freeney,Dwight,Freeney,,,,Rested,,Full Participation in Practice,2010-09-24T12:57:18Z
2010,REG,IND,3,00-0025419,WR,Anthony Gonzalez,Anthony,Gonzalez,Ankle,,Out,Ankle,,Did Not Participate In Practice,2010-09-24T13:01:20Z
2010,REG,IND,3,00-0026672,LB,Ramon Humber,Ramon,Humber,Hand,,Out,Hand,,Did Not Participate In Practice,2010-09-24T13:01:32Z
2010,REG,IND,3,00-0022944,CB,Bob Sanders,Bob,Sanders,Biceps,,Out,Biceps,,Did Not Participate In Practice,2010-09-24T13:02:14Z
2010,REG,IND,3,00-0025991,DT,Eric Foster,Eric,Foster,Knee,,Questionable,Knee,,Did Not Participate In Practice,2010-09-24T13:00:14Z
2010,REG,IND,3,00-0026345,WR,Pierre Garcon,Pierre,Garcon,Hamstring,,Questionable,Hamstring,,Did Not Participate In Practice,2010-09-24T13:01:07Z
2010,REG,IND,3,00-0024413,T,Charlie Johnson,Charlie,Johnson,Foot,,Questionable,Foot,,Did Not Participate In Practice,2010-09-24T13:01:43Z
2010,REG,IND,3,00-0027468,CB,Brandon King,Brandon,King,Hamstring,,Questionable,Hamstring,,Did Not Participate In Practice,2010-09-24T13:01:56Z
2010,REG,IND,3,00-0025523,LB,Clint Session,Clint,Session,Hamstring,,Questionable,Hamstring,,Did Not Participate In Practice,2010-09-24T13:02:30Z
2010,REG,IND,3,00-0024245,RB,Joseph Addai,Joseph,Addai,Knee,,Questionable,Knee,,Full Participation in Practice,2010-09-24T12:59:35Z
2010,REG,IND,3,00-0027064,CB,Jerraud Powers,Jerraud,Powers,Foot,,Probable,Foot,,Did Not Participate In Practice,2010-09-24T12:59:21Z
2010,REG,IND,3,00-0014375,C,Jeff Saturday,Jeff,Saturday,Knee,,Probable,Knee,,Did Not Participate In Practice,2010-09-24T12:59:21Z
2010,REG,IND,3,00-0021484,LB,Gary Brackett,Gary,Brackett,Back,,Probable,Back,,Full Participation in Practice,2010-09-24T12:59:21Z
2010,REG,JAX,3,00-0026356,DT,Landon Cohen,Landon,Cohen,Knee,,Out,Knee,,Did Not Participate In Practice,2010-09-24T10:37:28Z
2010,REG,JAX,3,00-0025435,LB,Justin Durant,Justin,Durant,Ankle,,Out,Ankle,,Did Not Participate In Practice,2010-09-24T10:37:35Z
2010,REG,JAX,3,00-0027779,RB,Deji Karim,Deji,Karim,Thumb,,Questionable,Thumb,,Full Participation in Practice,2010-09-24T10:37:47Z
2010,REG,JAX,3,00-0024298,S,Anthony Smith,Anthony,Smith,Foot,,Questionable,Foot,,Full Participation in Practice,2010-09-24T10:37:54Z
2010,REG,JAX,3,00-0024275,RB,Maurice Jones-Drew,Maurice,Jones-Drew,Ankle,,Probable,Ankle,,Full Participation in Practice,2010-09-24T10:36:48Z
2010,REG,JAX,3,00-0025536,G,Uche Nwaneri,Uche,Nwaneri,Foot,,Probable,Foot,,Full Participation in Practice,2010-09-24T10:36:48Z
2010,REG,JAX,3,00-0022895,G,Justin Smiley,Justin,Smiley,Ankle,,Probable,Ankle,,Full Participation in Practice,2010-09-24T10:36:48Z
2010,REG,JAX,3,00-0022839,LB,Daryl Smith,Daryl,Smith,Thigh,,Probable,Thigh,,Full Participation in Practice,2010-09-24T10:36:48Z
2010,REG,KC,3,00-0027072,CB,Donald Washington,Donald,Washington,,,,Not Injury Related,,Did Not Participate In Practice,2010-09-24T13:02:06Z
2010,REG,KC,3,00-0026980,DE,Tyson Jackson,Tyson,Jackson,Knee,,Doubtful,Knee,,Did Not Participate In Practice,2010-09-24T13:02:46Z
2010,REG,KC,3,00-0024350,T,Ryan O'Callaghan,Ryan,O'Callaghan,Groin,,Doubtful,Groin,,Did Not Participate In Practice,2010-09-24T13:03:15Z
2010,REG,KC,3,00-0026571,S,Reshard Langford,Reshard,Langford,Ankle,,Questionable,Ankle,,Limited Participation in Practice,2010-09-24T13:03:01Z
2010,REG,KC,3,00-0026105,DE,Wallace Gilberry,Wallace,Gilberry,Back,,Probable,Back,,Full Participation in Practice,2010-09-24T13:02:26Z
2010,REG,KC,3,00-0024235,LB,Tamba Hali,Tamba,Hali,Foot,,Probable,Foot,,Full Participation in Practice,2010-09-24T13:02:26Z
2010,REG,KC,3,00-0021187,S,Jon McGraw,Jon,McGraw,Hamstring,,Probable,Hamstring,,Full Participation in Practice,2010-09-24T13:02:26Z
2010,REG,MIA,3,00-0027878,DE,Jared Odrick,Jared,Odrick,Ankle,,Out,Ankle,,Did Not Participate In Practice,2010-09-24T11:06:13Z
2010,REG,MIA,3,00-0027678,G,John Jerry,John,Jerry,Illness,,Doubtful,Illness,,Did Not Participate In Practice,2010-09-24T11:05:40Z
2010,REG,MIA,3,00-0023505,LB,Channing Crowder,Channing,Crowder,Groin,,Questionable,Groin,,Limited Participation in Practice,2010-09-24T11:05:18Z
2010,REG,MIN,3,00-0027649,CB,Chris Cook,Chris,Cook,Knee,,Questionable,Knee,,Full Participation in Practice,2010-09-24T11:41:18Z
2010,REG,MIN,3,00-0022155,DT,Jimmy Kennedy,Jimmy,Kennedy,Knee,,Questionable,Knee,,Full Participation in Practice,2010-09-24T11:41:34Z
2010,REG,MIN,3,00-0024263,CB,Cedric Griffin,Cedric,Griffin,Knee,,Questionable,Knee,,Limited Participation in Practice,2010-09-24T11:41:25Z
2010,REG,MIN,3,00-0021197,LB,Ben Leber,Ben,Leber,Back,,Probable,Back,,Full Participation in Practice,2010-09-24T11:41:02Z
2010,REG,MIN,3,00-0021383,T,Bryant McKinnie,Bryant,McKinnie,Finger,,Probable,Finger,,Full Participation in Practice,2010-09-24T11:41:02Z
2010,REG,MIN,3,00-0026327,C,John Sullivan,John,Sullivan,Calf,,Probable,Calf,,Full Participation in Practice,2010-09-24T11:41:02Z
2010,REG,MIN,3,00-0022807,WR,Bernard Berrian,Bernard,Berrian,Knee,,Probable,Knee,,Limited Participation in Practice,2010-09-24T11:41:02Z
2010,REG,MIN,3,00-0005106,QB,Brett Favre,Brett,Favre,right Elbow,Ankle,Probable,right Elbow,Ankle,Limited Participation in Practice,2010-09-24T11:41:02Z
2010,REG,MIN,3,00-0026998,WR,Percy Harvin,Percy,Harvin,Hip,,Probable,Hip,,Limited Participation in Practice,2010-09-24T11:41:02Z
2010,REG,NE,3,00-0027150,WR,Julian Edelman,Julian,Edelman,,,,Foot,,Limited Participation in Practice,2010-09-23T12:40:24Z
2010,REG,NE,3,00-0005091,RB,Kevin Faulk,Kevin,Faulk,,,,Knee,Other - PLACED ON INJURED RESE,Out (Definitely Will Not Play),2010-09-22T13:11:48Z
2010,REG,NE,3,00-0023535,T,Nick Kaczur,Nick,Kaczur,Back,,Out,Back,,Out (Definitely Will Not Play),2010-09-24T12:08:55Z
2010,REG,NE,3,00-0026202,CB,Terrence Wheatley,Terrence,Wheatley,Foot,,Out,Foot,,Out (Definitely Will Not Play),2010-09-24T12:08:34Z
2010,REG,NE,3,00-0027693,WR,Taylor Price,Taylor,Price,Ankle,,Questionable,Ankle,,Did Not Participate In Practice,2010-09-24T12:08:16Z
2010,REG,NE,3,00-0019596,QB,Tom Brady,Tom,Brady,right Shoulder,,Probable,right Shoulder,,Full Participation in Practice,2010-09-24T12:06:59Z
2010,REG,NE,3,00-0016098,RB,Fred Taylor,Fred,Taylor,Toe,,Probable,Toe,,Full Participation in Practice,2010-09-24T12:06:59Z
2010,REG,NO,3,00-0024217,RB,Reggie Bush,Reggie,Bush,Fibula,,Out,Fibula,,Did Not Participate In Practice,2010-09-24T12:22:15Z
2010,REG,NO,3,00-0022344,CB,Randall Gay,Randall,Gay,Concussion,,Out,Concussion,,Did Not Participate In Practice,2010-09-24T12:22:21Z
2010,REG,NO,3,00-0025483,LB,Anthony Waters,Anthony,Waters,Hamstring,,Out,Hamstring,,Did Not Participate In Practice,2010-09-24T12:22:31Z
2010,REG,NO,3,00-0025453,S,Usama Young,Usama,Young,Quadricep,,Questionable,Quadricep,,Limited Participation in Practice,2010-09-24T12:22:43Z
2010,REG,NO,3,00-0021148,TE,Jeremy Shockey,Jeremy,Shockey,Quadricep,,Probable,Quadricep,,Did Not Participate In Practice,2010-09-24T12:22:56Z
2010,REG,NO,3,00-0027531,RB,Chris Ivory,Chris,Ivory,Knee,,Probable,Knee,,Full Participation in Practice,2010-09-24T12:22:06Z
2010,REG,NO,3,00-0024424,T,Zach Strief,Zach,Strief,Knee,,Probable,Knee,,Full Participation in Practice,2010-09-24T12:22:06Z
2010,REG,NYG,3,00-0027715,LB,Phillip Dillard,Phillip,Dillard,Hamstring,,Out,Hamstring,,Did Not Participate In Practice,2010-09-24T10:22:19Z
2010,REG,NYG,3,00-0025611,S,Michael Johnson,Michael,Johnson,Back,,Out,Back,,Did Not Participate In Practice,2010-09-24T10:22:36Z
2010,REG,NYG,3,00-0027036,T,Will Beatty,Will,Beatty,Foot,,Out,Foot,,Out (Definitely Will Not Play),2010-09-24T10:21:57Z
2010,REG,NYG,3,00-0019276,C,Shaun O'Hara,Shaun,O'Hara,Ankle,Achilles,Doubtful,Ankle,Achilles,Did Not Participate In Practice,2010-09-24T10:22:51Z
2010,REG,NYG,3,00-0023509,DE,Justin Tuck,Justin,Tuck,Shoulder,,Questionable,Shoulder,,Did Not Participate In Practice,2010-09-24T10:23:21Z
2010,REG,NYG,3,00-0023693,LB,Chase Blackburn,Chase,Blackburn,Knee,,Questionable,Knee,,Limited Participation in Practice,2010-09-24T10:22:08Z
2010,REG,NYG,3,00-0025540,TE,Kevin Boss,Kevin,Boss,Concussion,,Probable,Concussion,,Full Participation in Practice,2010-09-24T10:21:44Z
2010,REG,NYG,3,00-0026235,WR,Mario Manningham,Mario,Manningham,Illness,,Probable,Illness,,Full Participation in Practice,2010-09-24T10:21:44Z
2010,REG,NYG,3,00-0025407,CB,Aaron Ross,Aaron,Ross,Foot,,Probable,Foot,,Full Participation in Practice,2010-09-24T10:21:44Z
2010,REG,NYJ,3,00-0022000,T,Wayne Hunter,Wayne,Hunter,Shin,,Out,Shin,,Did Not Participate In Practice,2010-09-24T11:38:11Z
2010,REG,NYJ,3,00-0022120,LB,Calvin Pace,Calvin,Pace,Foot,,Out,Foot,,Out (Definitely Will Not Play),2010-09-24T11:38:22Z
2010,REG,NYJ,3,00-0025401,CB,Darrelle Revis,Darrelle,Revis,Hamstring,,Out,Hamstring,,Out (Definitely Will Not Play),2010-09-24T11:38:28Z
2010,REG,NYJ,3,00-0024244,C,Nick Mangold,Nick,Mangold,Shoulder,,Questionable,Shoulder,,Limited Participation in Practice,2010-09-24T11:38:17Z
2010,REG,NYJ,3,00-0016112,LB,Jason Taylor,Jason,Taylor,Elbow,,Questionable,Elbow,,Limited Participation in Practice,2010-09-24T11:38:35Z
2010,REG,OAK,3,00-0024222,S,Michael Huff,Michael,Huff,,,,Illness,,Limited Participation in Practice,2010-09-23T15:32:28Z
2010,REG,OAK,3,00-0022836,G,Robert Gallery,Robert,Gallery,Hamstring,,Out,Hamstring,,Did Not Participate In Practice,2010-09-24T12:23:06Z
2010,REG,OAK,3,00-0027788,LB,Travis Goethel,Travis,Goethel,Back,,Out,Back,,Did Not Participate In Practice,2010-09-24T12:23:20Z
2010,REG,OAK,3,00-0026366,WR,Chaz Schilens,Chaz,Schilens,Knee,,Out,Knee,,Did Not Participate In Practice,2010-09-24T12:24:01Z
2010,REG,OAK,3,00-0021144,DT,John Henderson,John,Henderson,Foot,,Questionable,Foot,,Did Not Participate In Practice,2010-09-24T12:23:32Z
2010,REG,OAK,3,00-0021949,CB,Chris Johnson,Chris,Johnson,Neck,Ankle,Questionable,Neck,Ankle,Did Not Participate In Practice,2010-09-24T12:23:43Z
2010,REG,OAK,3,00-0024201,S,Hiram Eugene,Hiram,Eugene,Hamstring,,Questionable,Hamstring,,Limited Participation in Practice,2010-09-24T12:22:58Z
2010,REG,OAK,3,00-0027738,CB,Walter McFadden,Walter,McFadden,Hamstring,,Questionable,Hamstring,,Limited Participation in Practice,2010-09-24T12:23:52Z
2010,REG,OAK,3,00-0023945,LB,Ricky Brown,Ricky,Brown,Hamstring,,Probable,Hamstring,,Full Participation in Practice,2010-09-24T12:24:25Z
2010,REG,OAK,3,00-0025487,RB,Michael Bush,Michael,Bush,Thumb,,Probable,Thumb,,Full Participation in Practice,2010-09-24T12:22:44Z
2010,REG,OAK,3,00-0020442,DT,Richard Seymour,Richard,Seymour,Hamstring,,Probable,Hamstring,,Full Participation in Practice,2010-09-24T12:22:44Z
2010,REG,PHI,3,00-0024156,G,Nick Cole,Nick,Cole,Knee,,Probable,Knee,,Did Not Participate In Practice,2010-09-24T11:11:47Z
2010,REG,PHI,3,00-0025474,LB,Stewart Bradley,Stewart,Bradley,Concussion,,Probable,Concussion,,Full Participation in Practice,2010-09-24T11:11:47Z
2010,REG,PHI,3,00-0025549,TE,Brent Celek,Brent,Celek,Chest,,Probable,Chest,,Full Participation in Practice,2010-09-24T11:11:47Z
2010,REG,PHI,3,00-0027865,DE,Brandon Graham,Brandon,Graham,Shoulder,,Probable,Shoulder,,Full Participation in Practice,2010-09-24T11:11:47Z
2010,REG,PHI,3,00-0023560,G,Todd Herremans,Todd,Herremans,Ankle,,Probable,Ankle,,Full Participation in Practice,2010-09-24T11:11:47Z
2010,REG,PHI,3,00-0027297,T,Austin Howard,Austin,Howard,Back,,Probable,Back,,Full Participation in Practice,2010-09-24T11:11:47Z
2010,REG,PHI,3,00-0025423,QB,Kevin Kolb,Kevin,Kolb,Concussion,,Probable,Concussion,,Full Participation in Practice,2010-09-24T11:11:47Z
2010,REG,PHI,3,00-0026187,DT,Trevor Laws,Trevor,Laws,Oblique,,Probable,Oblique,,Full Participation in Practice,2010-09-24T11:11:47Z
2010,REG,PIT,3,00-0026296,QB,Dennis Dixon,Dennis,Dixon,Knee,,Out,Knee,,Did Not Participate In Practice,2010-09-24T10:54:14Z
2010,REG,PIT,3,00-0023528,G,Trai Essex,Trai,Essex,Ankle,,Out,Ankle,,Did Not Participate In Practice,2010-09-24T10:54:19Z
2010,REG,PIT,3,00-0020426,DT,Casey Hampton,Casey,Hampton,Hamstring,,Probable,Hamstring,,Full Participation in Practice,2010-09-24T10:54:05Z
2010,REG,PIT,3,00-0023362,G,Chris Kemoeatu,Chris,Kemoeatu,Knee,,Probable,Knee,,Full Participation in Practice,2010-09-24T10:54:05Z
2010,REG,PIT,3,00-0022785,T,Max Starks,Max,Starks,Ankle,,Probable,Ankle,,Full Participation in Practice,2010-09-24T10:54:05Z
2010,REG,PIT,3,00-0017162,WR,Hines Ward,Hines,Ward,Calf,,Probable,Calf,,Full Participation in Practice,2010-09-24T10:54:05Z
2010,REG,SD,3,00-0027864,RB,Ryan Mathews,Ryan,Mathews,Ankle,,Doubtful,Ankle,,Did Not Participate In Practice,2010-09-24T13:23:36Z
2010,REG,SD,3,00-0026992,LB,Larry English,Larry,English,Foot,,Questionable,Foot,,Did Not Participate In Practice,2010-09-24T13:22:55Z
2010,REG,SD,3,00-0024755,LB,Jyles Tucker,Jyles,Tucker,Not Injury Related,,Questionable,Not Injury Related,,Did Not Participate In Practice,2010-09-24T13:23:51Z
2010,REG,SD,3,00-0021544,LB,Stephen Cooper,Stephen,Cooper,Knee,,Questionable,Knee,,Limited Participation in Practice,2010-09-24T13:23:25Z
2010,REG,SD,3,00-0022414,WR,Malcom Floyd,Malcom,Floyd,Hamstring,,Probable,Hamstring,,Full Participation in Practice,2010-09-24T13:22:09Z
2010,REG,SD,3,00-0021381,CB,Quentin Jammer,Quentin,Jammer,Foot,,Probable,Foot,,Full Participation in Practice,2010-09-24T13:22:09Z
2010,REG,SEA,3,00-0025548,LB,Will Herring,Will,Herring,,,,Non Injury Related,,Did Not Participate In Practice,2010-09-23T15:50:14Z
2010,REG,SEA,3,00-0023452,WR,Mike Williams,Mike,Williams,,,,Thigh,,Full Participation in Practice,2010-09-23T15:50:14Z
2010,REG,SEA,3,00-0027859,T,Russell Okung,Russell,Okung,Ankle,,Out,Ankle,,Did Not Participate In Practice,2010-09-24T13:54:59Z
2010,REG,SEA,3,00-0023533,LB,LeRoy Hill,LeRoy,Hill,Calf,Achilles,Out,Calf,Achilles,Out (Definitely Will Not Play),2010-09-24T13:54:42Z
2010,REG,SEA,3,00-0027727,DE,E.J. Wilson,E.J.,Wilson,Knee,,Questionable,Knee,,Did Not Participate In Practice,2010-09-24T13:55:19Z
2010,REG,SEA,3,00-0020368,G,Ben Hamilton,Ben,Hamilton,Knee,,Probable,Knee,,Full Participation in Practice,2010-09-24T13:54:23Z
2010,REG,SEA,3,00-0023498,LB,Matt McCoy,Matt,McCoy,Quadricep,,Probable,Quadricep,,Full Participation in Practice,2010-09-24T13:54:23Z
2010,REG,SEA,3,00-0021178,G,Chester Pitts,Chester,Pitts,Knee,,Probable,Knee,,Full Participation in Practice,2010-09-24T13:54:23Z
2010,REG,SEA,3,00-0024460,RB,Quinton Ganther,Quinton,Ganther,Knee,,Probable,Knee,,Limited Participation in Practice,2010-09-24T13:54:23Z
2010,REG,SEA,3,00-0022855,T,Sean Locklear,Sean,Locklear,Knee,,Probable,Knee,,Limited Participation in Practice,2010-09-24T13:54:23Z
2010,REG,SF,3,00-0023529,G,Adam Snyder,Adam,Snyder,,,,Not Injury Related,,Did Not Participate In Practice,2010-09-22T17:57:24Z
2010,REG,SF,3,00-0021341,C,Eric Heitmann,Eric,Heitmann,Fibula,,Out,Fibula,,Did Not Participate In Practice,2010-09-24T12:59:45Z
2010,REG,SF,3,00-0025396,WR,Ted Ginn,Ted,Ginn,Knee,,Doubtful,Knee,,Did Not Participate In Practice,2010-09-24T12:59:36Z
2010,REG,SF,3,00-0020384,CB,William James,William,James,Ankle,,Doubtful,Ankle,,Limited Participation in Practice,2010-09-24T12:59:53Z
2010,REG,SF,3,00-0015474,LB,Takeo Spikes,Takeo,Spikes,Knee,,Questionable,Knee,,Did Not Participate In Practice,2010-09-24T13:00:01Z
2010,REG,SF,3,00-0027772,RB,Anthony Dixon,Anthony,Dixon,Back,,Probable,Back,,Full Participation in Practice,2010-09-24T12:59:25Z
2010,REG,STL,3,00-0023679,TE,Billy Bajema,Billy,Bajema,Knee,,Out,Knee,,Did Not Participate In Practice,2010-09-24T11:57:02Z
2010,REG,STL,3,00-0026368,LB,Chris Chamberlain,Chris,Chamberlain,Toe,,Out,Toe,,Out (Definitely Will Not Play),2010-09-24T11:57:12Z
2010,REG,STL,3,00-0027732,TE,Michael Hoomanawanui,Michael,Hoomanawanui,Ankle,,Out,Ankle,,Out (Definitely Will Not Play),2010-09-24T11:57:33Z
2010,REG,STL,3,00-0027073,DT,Darell Scott,Darell,Scott,Ankle,,Out,Ankle,,Out (Definitely Will Not Play),2010-09-24T11:58:19Z
2010,REG,STL,3,00-0024796,S,Craig Dahl,Craig,Dahl,Head,,Doubtful,Head,,Did Not Participate In Practice,2010-09-24T11:57:22Z
2010,REG,STL,3,00-0025462,WR,Laurent Robinson,Laurent,Robinson,Foot,,Doubtful,Foot,,Did Not Participate In Practice,2010-09-24T11:57:46Z
2010,REG,STL,3,00-0025541,DT,Clifton Ryan,Clifton,Ryan,Migraines,,Doubtful,Migraines,,Did Not Participate In Practice,2010-09-24T11:58:01Z
2010,REG,STL,3,00-0024178,CB,Kevin Dockery,Kevin,Dockery,Hamstring,,Probable,Hamstring,,Full Participation in Practice,2010-09-24T11:56:32Z
2010,REG,STL,3,00-0023752,TE,Daniel Fells,Daniel,Fells,Knee,,Probable,Knee,,Full Participation in Practice,2010-09-24T11:56:32Z
2010,REG,STL,3,00-0027648,T,Rodger Saffold,Rodger,Saffold,Back,,Probable,Back,,Full Participation in Practice,2010-09-24T11:56:32Z
2010,REG,STL,3,00-0023501,S,Oshiomogho Atogwe,Oshiomogho,Atogwe,Thigh,,Probable,Thigh,,Limited Participation in Practice,2010-09-24T11:56:39Z
2010,REG,STL,3,00-0022736,RB,Steven Jackson,Steven,Jackson,Knee,,Probable,Knee,,Limited Participation in Practice,2010-09-24T11:56:32Z
2010,REG,TB,3,00-0022710,LB,Niko Koutouvides,Niko,Koutouvides,Ankle,,Questionable,Ankle,,Did Not Participate In Practice,2010-09-24T11:53:39Z
2010,REG,TB,3,00-0027672,CB,Myron Lewis,Myron,Lewis,Knee,,Questionable,Knee,,Did Not Participate In Practice,2010-09-24T11:52:48Z
2010,REG,TB,3,00-0022157,C,Jeff Faine,Jeff,Faine,Calf,,Questionable,Calf,,Limited Participation in Practice,2010-09-24T11:53:13Z
2010,REG,TB,3,00-0026819,RB,Kareem Huggins,Kareem,Huggins,Groin,,Questionable,Groin,,Limited Participation in Practice,2010-09-24T11:53:25Z
2010,REG,TB,3,00-0026993,QB,Josh Freeman,Josh,Freeman,right Thumb,,Probable,right Thumb,,Full Participation in Practice,2010-09-24T11:52:29Z
2010,REG,TB,3,00-0023440,RB,Carnell Williams,Carnell,Williams,Hamstring,,Probable,Hamstring,,Full Participation in Practice,2010-09-24T11:52:29Z
2010,REG,TB,3,00-0022922,TE,Kellen Winslow,Kellen,Winslow,Knee,,Probable,Knee,,Full Participation in Practice,2010-09-24T11:52:29Z
2010,REG,TEN,3,00-0025591,DE,Jacob Ford,Jacob,Ford,Knee,,Out,Knee,,Did Not Participate In Practice,2010-09-24T13:41:30Z
2010,REG,TEN,3,00-0025610,T,Mike Otto,Mike,Otto,Knee,,Out,Knee,,Did Not Participate In Practice,2010-09-24T13:41:40Z
2010,REG,TEN,3,00-0021490,DT,Tony Brown,Tony,Brown,Knee,,Questionable,Knee,,Full Participation in Practice,2010-09-24T13:41:08Z
2010,REG,TEN,3,00-0024429,CB,Cortland Finnegan,Cortland,Finnegan,Thigh,,Probable,Thigh,,Did Not Participate In Practice,2010-09-24T13:40:48Z
2010,REG,TEN,3,00-0022695,DE,Jason Babin,Jason,Babin,Elbow,,Probable,Elbow,,Full Participation in Practice,2010-09-24T13:40:48Z
2010,REG,WAS,3,00-0023611,DT,Anthony Bryant,Anthony,Bryant,Head,,Out,Head,,Out (Definitely Will Not Play),2010-09-24T12:24:20Z
2010,REG,WAS,3,00-0021149,DT,Albert Haynesworth,Albert,Haynesworth,Ankle,,Questionable,Ankle,,Full Participation in Practice,2010-09-24T12:24:45Z
2010,REG,WAS,3,00-0025393,S,LaRon Landry,LaRon,Landry,Wrist,,Questionable,Wrist,,Full Participation in Practice,2010-09-24T12:25:03Z
2010,REG,WAS,3,00-0026320,S,Kareem Moore,Kareem,Moore,Knee,,Questionable,Knee,,Full Participation in Practice,2010-09-24T12:25:13Z
2010,REG,WAS,3,00-0021179,RB,Clinton Portis,Clinton,Portis,Wrist,,Questionable,Wrist,,Full Participation in Practice,2010-09-24T12:25:31Z
2010,REG,WAS,3,00-0026465,WR,Anthony Armstrong,Anthony,Armstrong,Groin,,Questionable,Groin,,Limited Participation in Practice,2010-09-24T12:24:29Z
2010,REG,WAS,3,00-0026389,S,Chris Horton,Chris,Horton,Ankle,,Questionable,Ankle,,Limited Participation in Practice,2010-09-24T12:24:55Z
2010,REG,WAS,3,00-0027857,T,Trent Williams,Trent,Williams,Knee,Toe,Questionable,Knee,Toe,Limited Participation in Practice,2010-09-24T12:26:10Z
2010,REG,ARI,4,00-0025529,WR,Steve Breaston,Steve,Breaston,Knee,,Out,Knee,,Did Not Participate In Practice,2010-10-01T12:32:18Z
2010,REG,ARI,4,00-0026221,WR,Early Doucet,Early,Doucet,Groin,,Out,Groin,,Did Not Participate In Practice,2010-10-01T12:32:25Z
2010,REG,ARI,4,00-0019104,LB,Paris Lenon,Paris,Lenon,Pelvis,,Questionable,Pelvis,,Limited Participation in Practice,2010-10-01T12:32:33Z
2010,REG,ARI,4,00-0005058,G,Alan Faneca,Alan,Faneca,Back,,Probable,Back,,Full Participation in Practice,2010-10-01T12:32:09Z
2010,REG,ARI,4,00-0027007,RB,Chris Wells,Chris,Wells,Knee,,Probable,Knee,,Full Participation in Practice,2010-10-01T12:32:09Z
2010,REG,ATL,4,00-0027871,LB,Sean Weatherspoon,Sean,Weatherspoon,Ankle,,Questionable,Ankle,,Did Not Participate In Practice,2010-10-01T11:30:27Z
2010,REG,ATL,4,00-0022218,S,Erik Coleman,Erik,Coleman,Knee,,Questionable,Knee,,Full Participation in Practice,2010-10-01T11:30:06Z
2010,REG,ATL,4,00-0022781,WR,Michael Jenkins,Michael,Jenkins,Shoulder,,Questionable,Shoulder,,Limited Participation in Practice,2010-10-01T11:30:17Z
2010,REG,ATL,4,00-0024183,CB,Brent Grimes,Brent,Grimes,Not Injury Related,,Probable,Not Injury Related,,Did Not Participate In Practice,2010-10-01T11:30:45Z
2010,REG,BAL,4,00-0025787,T,Jared Gaither,Jared,Gaither,Back,,Out,Back,,Did Not Participate In Practice,2010-10-01T11:21:34Z
2010,REG,BAL,4,00-0026211,LB,Tavares Gooden,Tavares,Gooden,Shoulder,,Out,Shoulder,,Out (Definitely Will Not Play),2010-10-01T11:22:31Z
2010,REG,BAL,4,00-0021147,WR,Donte' Stallworth,Donte',Stallworth,Foot,,Out,Foot,,Out (Definitely Will Not Play),2010-10-01T11:22:25Z
2010,REG,BAL,4,00-0021998,DE,Cory Redding,Cory,Redding,Head,,Questionable,Head,,Did Not Participate In Practice,2010-10-01T11:22:10Z
2010,REG,BAL,4,00-0024714,LB,Edgar Jones,Edgar,Jones,Thigh,,Questionable,Thigh,,Limited Participation in Practice,2010-10-01T11:21:44Z
2010,REG,BAL,4,00-0024379,T,Tony Moll,Tony,Moll,Hip,,Questionable,Hip,,Limited Participation in Practice,2010-10-01T11:22:04Z
2010,REG,BAL,4,00-0026195,RB,Ray Rice,Ray,Rice,Knee,,Questionable,Knee,,Limited Participation in Practice,2010-10-01T11:22:16Z
2010,REG,BAL,4,00-0001263,C,Matt Birk,Matt,Birk,Back,,Probable,Back,,Full Participation in Practice,2010-10-01T11:20:53Z
2010,REG,BAL,4,00-0024271,G,Chris Chester,Chris,Chester,Back,,Probable,Back,,Full Participation in Practice,2010-10-01T11:20:53Z
2010,REG,BAL,4,00-0020516,TE,Todd Heap,Todd,Heap,Shoulder,,Probable,Shoulder,,Full Participation in Practice,2010-10-01T11:20:53Z
2010,REG,BAL,4,00-0023008,CB,Chris Carr,Chris,Carr,Thigh,,Probable,Thigh,,Limited Participation in Practice,2010-10-01T11:21:52Z
2010,REG,BAL,4,00-0022139,LB,Jarret Johnson,Jarret,Johnson,Back,,Probable,Back,,Limited Participation in Practice,2010-10-01T11:20:53Z
2010,REG,BUF,4,00-0021257,LB,Andra Davis,Andra,Davis,Shoulder,,Out,Shoulder,,Did Not Participate In Practice,2010-10-01T09:56:13Z
2010,REG,BUF,4,00-0022008,CB,Terrence McGee,Terrence,McGee,Knee,,Out,Knee,,Did Not Participate In Practice,2010-10-01T09:56:25Z
2010,REG,BUF,4,00-0020492,DE,Marcus Stroud,Marcus,Stroud,Ankle,,Out,Ankle,,Did Not Participate In Practice,2010-10-01T09:56:43Z
2010,REG,BUF,4,00-0025421,LB,Paul Posluszny,Paul,Posluszny,Knee,,Probable,Knee,,Full Participation in Practice,2010-10-01T09:56:32Z
2010,REG,BUF,4,00-0025864,TE,Jonathan Stupar,Jonathan,Stupar,Foot,,Probable,Foot,,Full Participation in Practice,2010-10-01T09:56:55Z
2010,REG,CAR,4,00-0026159,T,Jeff Otah,Jeff,Otah,Knee,,Out,Knee,,Out (Definitely Will Not Play),2010-10-01T09:53:22Z
2010,REG,CAR,4,00-0024335,LB,Jamar Williams,Jamar,Williams,Neck,,Out,Neck,,Out (Definitely Will Not Play),2010-10-01T09:54:10Z
2010,REG,CAR,4,00-0022047,DE,Tyler Brayton,Tyler,Brayton,Ankle,,Questionable,Ankle,,Limited Participation in Practice,2010-10-01T09:52:27Z
2010,REG,CAR,4,00-0027774,DE,Greg Hardy,Greg,Hardy,Foot,,Questionable,Foot,,Limited Participation in Practice,2010-10-01T09:53:04Z
2010,REG,CAR,4,00-0026390,G,Mackenzy Bernadeau,Mackenzy,Bernadeau,Shoulder,,Probable,Shoulder,,Full Participation in Practice,2010-10-01T09:52:02Z
2010,REG,CAR,4,00-0022214,G,Travelle Wharton,Travelle,Wharton,Ankle,,Probable,Ankle,,Full Participation in Practice,2010-10-01T09:53:46Z
2010,REG,CHI,4,00-0026154,T,Chris Williams,Chris,Williams,Hamstring,,Out,Hamstring,,Did Not Participate In Practice,2010-10-01T11:56:15Z
2010,REG,CHI,4,00-0027680,S,Major Wright,Major,Wright,Hamstring,,Out,Hamstring,,Did Not Participate In Practice,2010-10-01T11:56:25Z
2010,REG,CHI,4,00-0023614,S,Chris Harris,Chris,Harris,Neck,,Probable,Neck,,Full Participation in Practice,2010-10-01T11:56:00Z
2010,REG,CHI,4,00-0021604,DE,Israel Idonije,Israel,Idonije,Foot,,Probable,Foot,,Full Participation in Practice,2010-10-01T11:56:00Z
2010,REG,CHI,4,00-0020260,G,Roberto Garza,Roberto,Garza,Knee,,Probable,Knee,,Limited Participation in Practice,2010-10-01T11:56:00Z
2010,REG,CIN,4,00-0023665,DE,Jonathan Fanene,Jonathan,Fanene,Hamstring,,Out,Hamstring,,Did Not Participate In Practice,2010-10-01T09:56:58Z
2010,REG,CIN,4,00-0022918,DE,Antwan Odom,Antwan,Odom,Wrist,,Questionable,Wrist,,Full Participation in Practice,2010-10-01T09:57:12Z
2010,REG,CIN,4,00-0026149,LB,Keith Rivers,Keith,Rivers,Foot,,Questionable,Foot,,Full Participation in Practice,2010-10-01T09:57:25Z
2010,REG,CIN,4,00-0027687,WR,Jordan Shipley,Jordan,Shipley,Shoulder,,Questionable,Shoulder,,Limited Participation in Practice,2010-10-01T09:57:38Z
2010,REG,CIN,4,00-0012478,WR,Terrell Owens,Terrell,Owens,Back,,Probable,Back,,Did Not Participate In Practice,2010-10-01T09:58:25Z
2010,REG,CIN,4,00-0023439,RB,Cedric Benson,Cedric,Benson,Knee,,Probable,Knee,,Full Participation in Practice,2010-10-01T09:56:36Z
2010,REG,CIN,4,00-0023441,CB,Adam Jones,Adam,Jones,Shoulder,,Probable,Shoulder,,Full Participation in Practice,2010-10-01T09:56:36Z
2010,REG,CIN,4,00-0026725,LB,Dan Skuta,Dan,Skuta,Ankle,,Probable,Ankle,,Full Participation in Practice,2010-10-01T09:56:36Z
2010,REG,CLE,4,00-0023176,WR,Joshua Cribbs,Joshua,Cribbs,,,,Ankle,,Limited Participation in Practice,2010-09-30T12:11:02Z
2010,REG,CLE,4,00-0024834,CB,Derrick Roberson,Derrick,Roberson,Hip,,Doubtful,Hip,,Did Not Participate In Practice,2010-10-01T12:28:41Z
2010,REG,CLE,4,00-0019666,T,John St. Clair,John,St. Clair,Ankle,,Doubtful,Ankle,,Did Not Participate In Practice,2010-10-01T12:28:59Z
2010,REG,CLE,4,00-0021262,DE,Kenyon Coleman,Kenyon,Coleman,Knee,,Questionable,Knee,,Did Not Participate In Practice,2010-10-01T12:29:37Z
2010,REG,CLE,4,00-0004161,QB,Jake Delhomme,Jake,Delhomme,Ankle,,Questionable,Ankle,,Limited Participation in Practice,2010-10-01T12:30:16Z
2010,REG,CLE,4,00-0027694,G,Shawn Lauvao,Shawn,Lauvao,Ankle,,Questionable,Ankle,,Limited Participation in Practice,2010-10-01T12:30:33Z
2010,REG,CLE,4,00-0027012,WR,Brian Robiskie,Brian,Robiskie,Hamstring,,Questionable,Hamstring,,Limited Participation in Practice,2010-10-01T12:30:54Z
2010,REG,CLE,4,00-0020528,DT,Shaun Rogers,Shaun,Rogers,Ankle,Hip,Questionable,Ankle,Hip,Limited Participation in Practice,2010-10-01T12:31:26Z
2010,REG,CLE,4,00-0019573,DE,Robaire Smith,Robaire,Smith,Back,,Questionable,Back,,Limited Participation in Practice,2010-10-01T12:31:45Z
2010,REG,CLE,4,00-0026742,LB,Marcus Benard,Marcus,Benard,Ankle,,Probable,Ankle,,Full Participation in Practice,2010-10-01T12:32:17Z
2010,REG,CLE,4,00-0027130,RB,James Davis,James,Davis,Thigh,,Probable,Thigh,,Full Participation in Practice,2010-10-01T12:33:56Z
2010,REG,CLE,4,00-0024359,RB,Jerome Harrison,Jerome,Harrison,Thigh,,Probable,Thigh,,Full Participation in Practice,2010-10-01T12:34:14Z
2010,REG,CLE,4,00-0025390,T,Joe Thomas,Joe,Thomas,Elbow,,Probable,Elbow,,Full Participation in Practice,2010-10-01T12:34:38Z
2010,REG,CLE,4,00-0024394,RB,Lawrence Vickers,Lawrence,Vickers,Groin,,Probable,Groin,,Full Participation in Practice,2010-10-01T12:35:18Z
2010,REG,CLE,4,00-0025697,LB,Jason Trusnik,Jason,Trusnik,Head,,Probable,Head,,Limited Participation in Practice,2010-10-01T12:35:00Z
2010,REG,DEN,4,00-0022097,WR,Brandon Lloyd,Brandon,Lloyd,,,,Not Injury Related,,Did Not Participate In Practice,2010-09-29T14:24:43Z
2010,REG,DEN,4,00-0017813,DT,Jamal Williams,Jamal,Williams,,,,Not Injury Related,,Did Not Participate In Practice,2010-09-30T14:12:17Z
2010,REG,DEN,4,00-0026323,RB,Spencer Larsen,Spencer,Larsen,Ankle,,Out,Ankle,,Did Not Participate In Practice,2010-10-01T12:50:15Z
2010,REG,DEN,4,00-0026988,RB,Knowshon Moreno,Knowshon,Moreno,Hamstring,,Out,Hamstring,,Did Not Participate In Practice,2010-10-01T12:50:25Z
2010,REG,DEN,4,00-0025828,LB,Wesley Woodyard,Wesley,Woodyard,Hamstring,,Out,Hamstring,,Did Not Participate In Practice,2010-10-01T12:50:40Z
2010,REG,DEN,4,00-0021194,CB,Andre' Goodman,Andre',Goodman,Quadricep,,Questionable,Quadricep,,Limited Participation in Practice,2010-10-01T12:49:48Z
2010,REG,DEN,4,00-0025457,T,Ryan Harris,Ryan,Harris,Ankle,,Questionable,Ankle,,Limited Participation in Practice,2010-10-01T12:50:00Z
2010,REG,DEN,4,00-0004073,S,Brian Dawkins,Brian,Dawkins,Ankle,,Probable,Ankle,,Full Participation in Practice,2010-10-01T12:49:33Z
2010,REG,DET,4,00-0027129,RB,Aaron Brown,Aaron,Brown,Finger,,Out,Finger,,Did Not Participate In Practice,2010-10-01T12:36:04Z
2010,REG,DET,4,00-0026498,QB,Matthew Stafford,Matthew,Stafford,right Shoulder,,Out,right Shoulder,,Did Not Participate In Practice,2010-10-01T12:36:13Z
2010,REG,DET,4,00-0021999,WR,Nate Burleson,Nate,Burleson,Ankle,,Doubtful,Ankle,,Did Not Participate In Practice,2010-10-01T12:36:23Z
2010,REG,DET,4,00-0027050,LB,DeAndre Levy,DeAndre,Levy,Groin,,Doubtful,Groin,,Did Not Participate In Practice,2010-10-01T12:36:38Z
2010,REG,DET,4,00-0027880,RB,Jahvid Best,Jahvid,Best,Toe,,Questionable,Toe,,Limited Participation in Practice,2010-10-01T12:36:49Z
2010,REG,DET,4,00-0027084,DT,Sammie Lee Hill,Sammie Lee,Hill,Ankle,,Questionable,Ankle,,Limited Participation in Practice,2010-10-01T12:36:58Z
2010,REG,DET,4,00-0027671,CB,Amari Spievey,Amari,Spievey,Illness,,Probable,Illness,,Did Not Participate In Practice,2010-10-01T12:37:37Z
2010,REG,DET,4,00-0020382,DE,Kyle Vanden Bosch,Kyle,Vanden Bosch,Back,,Probable,Back,,Did Not Participate In Practice,2010-10-01T12:35:54Z
2010,REG,DET,4,00-0027152,LB,Zack Follett,Zack,Follett,Concussion,,Probable,Concussion,,Full Participation in Practice,2010-10-01T12:35:54Z
2010,REG,DET,4,00-0025428,CB,Chris Houston,Chris,Houston,Knee,,Probable,Knee,,Full Participation in Practice,2010-10-01T12:35:54Z
2010,REG,DET,4,00-0022860,LB,Landon Johnson,Landon,Johnson,Neck,,Probable,Neck,,Full Participation in Practice,2010-10-01T12:35:54Z
2010,REG,DET,4,00-0022808,G,Stephen Peterman,Stephen,Peterman,Foot,,Probable,Foot,,Full Participation in Practice,2010-10-01T12:35:54Z
2010,REG,DET,4,00-0026232,DE,Cliff Avril,Cliff,Avril,Knee,Finger,Probable,Knee,Finger,Limited Participation in Practice,2010-10-01T12:35:54Z
2010,REG,DET,4,00-0023621,S,C.C. Brown,C.C.,Brown,Forearm,,Probable,Forearm,,Limited Participation in Practice,2010-10-01T12:35:54Z
2010,REG,DET,4,00-0027009,S,Louis Delmas,Louis,Delmas,Groin,Biceps,Probable,Groin,Biceps,Limited Participation in Practice,2010-10-01T12:35:54Z
2010,REG,GB,4,00-0022711,LB,Brandon Chillar,Brandon,Chillar,Shoulder,,Out,Shoulder,,Did Not Participate In Practice,2010-10-01T11:05:22Z
2010,REG,GB,4,00-0027440,CB,Sam Shields,Sam,Shields,Calf,,Doubtful,Calf,,Did Not Participate In Practice,2010-10-01T11:06:03Z
2010,REG,GB,4,00-0027664,DE,Mike Neal,Mike,Neal,Rib,,Questionable,Rib,,Full Participation in Practice,2010-10-01T11:05:36Z
2010,REG,GB,4,00-0024372,S,Charlie Peprah,Charlie,Peprah,Quadricep,,Questionable,Quadricep,,Limited Participation in Practice,2010-10-01T11:05:47Z
2010,REG,GB,4,00-0023559,LB,Brady Poppinga,Brady,Poppinga,Hamstring,,Questionable,Hamstring,,Limited Participation in Practice,2010-10-01T11:05:55Z
2010,REG,GB,4,00-0024422,S,Derrick Martin,Derrick,Martin,Ankle,,Probable,Ankle,,Did Not Participate In Practice,2010-10-01T11:05:13Z
2010,REG,GB,4,00-0023486,S,Nick Collins,Nick,Collins,Knee,,Probable,Knee,,Full Participation in Practice,2010-10-01T11:05:13Z
2010,REG,GB,4,00-0021706,DE,Cullen Jenkins,Cullen,Jenkins,Hand,,Probable,Hand,,Full Participation in Practice,2010-10-01T11:05:13Z
2010,REG,GB,4,00-0026946,LB,Brad Jones,Brad,Jones,Knee,,Probable,Knee,,Full Participation in Practice,2010-10-01T11:05:13Z
2010,REG,GB,4,00-0018227,CB,Charles Woodson,Charles,Woodson,Toe,,Probable,Toe,,Full Participation in Practice,2010-10-01T11:05:13Z
2010,REG,GB,4,00-0019702,T,Chad Clifton,Chad,Clifton,Knee,,Probable,Knee,,Limited Participation in Practice,2010-10-01T11:05:13Z
2010,REG,HOU,4,00-0021225,LB,Kevin Bentley,Kevin,Bentley,Knee,,Out,Knee,,Out (Definitely Will Not Play),2010-10-01T10:32:12Z
2010,REG,HOU,4,00-0021992,S,Eugene Wilson,Eugene,Wilson,Hamstring,,Doubtful,Hamstring,,Did Not Participate In Practice,2010-10-01T10:33:28Z
2010,REG,HOU,4,00-0024313,TE,Owen Daniels,Owen,Daniels,Hamstring,,Questionable,Hamstring,,Did Not Participate In Practice,2010-10-01T10:32:28Z
2010,REG,HOU,4,00-0022044,WR,Andre Johnson,Andre,Johnson,Ankle,,Questionable,Ankle,,Did Not Participate In Practice,2010-10-01T10:32:42Z
2010,REG,HOU,4,00-0027703,WR,Darryl Sharpton,Darryl,Sharpton,Ankle,,Questionable,Ankle,,Limited Participation in Practice,2010-10-01T10:33:13Z
2010,REG,HOU,4,00-0026258,LB,Xavier Adibi,Xavier,Adibi,Hamstring,,Probable,Hamstring,,Full Participation in Practice,2010-10-01T10:31:56Z
2010,REG,HOU,4,00-0024248,LB,DeMeco Ryans,DeMeco,Ryans,Quadricep,,Probable,Quadricep,,Full Participation in Practice,2010-10-01T10:31:56Z
2010,REG,HOU,4,00-0023750,DE,Mario Williams,Mario,Williams,Groin,,Probable,Groin,,Full Participation in Practice,2010-10-01T10:31:56Z
2010,REG,IND,4,00-0021146,DE,Dwight Freeney,Dwight,Freeney,,,,Rested,,Full Participation in Practice,2010-10-01T11:19:55Z
2010,REG,IND,4,00-0027831,LB,Kavell Conner,Kavell,Conner,Foot,,Out,Foot,,Did Not Participate In Practice,2010-10-01T11:21:54Z
2010,REG,IND,4,00-0025419,WR,Anthony Gonzalez,Anthony,Gonzalez,Ankle,,Out,Ankle,,Did Not Participate In Practice,2010-10-01T11:22:27Z
2010,REG,IND,4,00-0022944,CB,Bob Sanders,Bob,Sanders,Biceps,,Out,Biceps,,Did Not Participate In Practice,2010-10-01T11:23:47Z
2010,REG,IND,4,00-0024245,RB,Joseph Addai,Joseph,Addai,Knee,,Questionable,Knee,,Did Not Participate In Practice,2010-10-01T11:21:10Z
2010,REG,IND,4,00-0027003,RB,Donald Brown,Donald,Brown,Hamstring,,Questionable,Hamstring,,Did Not Participate In Practice,2010-10-01T11:21:25Z
2010,REG,IND,4,00-0026345,WR,Pierre Garcon,Pierre,Garcon,Hamstring,,Questionable,Hamstring,,Did Not Participate In Practice,2010-10-01T11:22:12Z
2010,REG,IND,4,00-0024413,T,Charlie Johnson,Charlie,Johnson,Foot,,Questionable,Foot,,Did Not Participate In Practice,2010-10-01T11:23:04Z
2010,REG,IND,4,00-0027468,CB,Brandon King,Brandon,King,Hamstring,,Questionable,Hamstring,,Did Not Participate In Practice,2010-10-01T11:23:16Z
2010,REG,IND,4,00-0026376,G,Jamey Richard,Jamey,Richard,Shoulder,,Questionable,Shoulder,,Did Not Participate In Practice,2010-10-01T11:23:35Z
2010,REG,IND,4,00-0027092,WR,Austin Collie,Austin,Collie,Heel,,Questionable,Heel,,Full Participation in Practice,2010-10-01T11:21:40Z
2010,REG,IND,4,00-0025523,LB,Clint Session,Clint,Session,Hamstring,,Questionable,Hamstring,,Full Participation in Practice,2010-10-01T11:24:18Z
2010,REG,IND,4,00-0027064,CB,Jerraud Powers,Jerraud,Powers,Foot,,Probable,Foot,,Did Not Participate In Practice,2010-10-01T11:20:53Z
2010,REG,IND,4,00-0021484,LB,Gary Brackett,Gary,Brackett,Back,,Probable,Back,,Full Participation in Practice,2010-10-01T11:20:53Z
2010,REG,IND,4,00-0014375,C,Jeff Saturday,Jeff,Saturday,Knee,,Probable,Knee,,Full Participation in Practice,2010-10-01T11:20:53Z
2010,REG,JAX,4,00-0025435,LB,Justin Durant,Justin,Durant,Ankle,,Out,Ankle,,Did Not Participate In Practice,2010-10-01T10:51:08Z
2010,REG,JAX,4,00-0023537,S,Sean Considine,Sean,Considine,Hamstring,,Doubtful,Hamstring,,Did Not Participate In Practice,2010-10-01T10:51:20Z
2010,REG,JAX,4,00-0026356,DT,Landon Cohen,Landon,Cohen,Knee,,Probable,Knee,,Full Participation in Practice,2010-10-01T10:50:58Z
2010,REG,JAX,4,00-0022080,CB,Rashean Mathis,Rashean,Mathis,Thigh,,Probable,Thigh,,Full Participation in Practice,2010-10-01T10:50:58Z
2010,REG,MIA,4,00-0027678,G,John Jerry,John,Jerry,Illness,,Out,Illness,,Did Not Participate In Practice,2010-10-02T12:03:13Z
2010,REG,MIA,4,00-0027878,DE,Jared Odrick,Jared,Odrick,Ankle,,Out,Ankle,,Did Not Participate In Practice,2010-10-02T12:03:45Z
2010,REG,MIA,4,00-0023505,LB,Channing Crowder,Channing,Crowder,Groin,,Doubtful,Groin,,Limited Participation in Practice,2010-10-02T12:04:03Z
2010,REG,MIA,4,00-0027744,CB,Nolan Carroll,Nolan,Carroll,Hand,,Probable,Hand,,Full Participation in Practice,2010-10-02T12:02:39Z
2010,REG,MIA,4,00-0025820,T,Jake Long,Jake,Long,Knee,,Probable,Knee,,Full Participation in Practice,2010-10-02T12:03:28Z
2010,REG,NE,4,00-0023535,T,Nick Kaczur,Nick,Kaczur,Back,,Out,Back,,Did Not Participate In Practice,2010-10-02T10:00:42Z
2010,REG,NE,4,00-0016098,RB,Fred Taylor,Fred,Taylor,Toe,,Out,Toe,,Did Not Participate In Practice,2010-10-02T10:00:52Z
2010,REG,NE,4,00-0026202,CB,Terrence Wheatley,Terrence,Wheatley,Foot,,Out,Foot,,Did Not Participate In Practice,2010-10-02T10:01:00Z
2010,REG,NE,4,00-0019596,QB,Tom Brady,Tom,Brady,right Shoulder,,Probable,right Shoulder,,Full Participation in Practice,2010-10-02T10:00:15Z
2010,REG,NO,4,00-0024217,RB,Reggie Bush,Reggie,Bush,Fibula,,Out,Fibula,,Did Not Participate In Practice,2010-10-01T11:54:15Z
2010,REG,NO,4,00-0025483,LB,Anthony Waters,Anthony,Waters,Hamstring,,Doubtful,Hamstring,,Limited Participation in Practice,2010-10-01T11:54:38Z
2010,REG,NO,4,00-0024258,S,Roman Harper,Roman,Harper,Hamstring,,Questionable,Hamstring,,Limited Participation in Practice,2010-10-01T11:54:23Z
2010,REG,NO,4,00-0024813,RB,Pierre Thomas,Pierre,Thomas,Ankle,,Questionable,Ankle,,Limited Participation in Practice,2010-10-01T11:54:31Z
2010,REG,NO,4,00-0025453,S,Usama Young,Usama,Young,Quadricep,,Probable,Quadricep,,Full Participation in Practice,2010-10-01T11:54:06Z
2010,REG,NYG,4,00-0019276,C,Shaun O'Hara,Shaun,O'Hara,Ankle,Achilles,Out,Ankle,Achilles,Did Not Participate In Practice,2010-10-01T10:27:50Z
2010,REG,NYG,4,00-0027036,T,Will Beatty,Will,Beatty,Foot,,Out,Foot,,Out (Definitely Will Not Play),2010-10-01T10:27:12Z
2010,REG,NYG,4,00-0019648,LB,Keith Bulluck,Keith,Bulluck,Toe,,Doubtful,Toe,,Did Not Participate In Practice,2010-10-01T10:27:34Z
2010,REG,NYG,4,00-0021977,DE,Osi Umenyiora,Osi,Umenyiora,Knee,,Questionable,Knee,,Did Not Participate In Practice,2010-10-01T10:28:10Z
2010,REG,NYG,4,00-0021261,DT,Rocky Bernard,Rocky,Bernard,Back,,Questionable,Back,,Limited Participation in Practice,2010-10-01T10:27:22Z
2010,REG,NYG,4,00-0023693,LB,Chase Blackburn,Chase,Blackburn,Knee,,Probable,Knee,,Full Participation in Practice,2010-10-01T10:27:01Z
2010,REG,NYG,4,00-0027715,LB,Phillip Dillard,Phillip,Dillard,Hamstring,,Probable,Hamstring,,Full Participation in Practice,2010-10-01T10:27:01Z
2010,REG,NYG,4,00-0026235,WR,Mario Manningham,Mario,Manningham,Concussion,,Probable,Concussion,,Full Participation in Practice,2010-10-01T10:27:01Z
2010,REG,NYG,4,00-0025951,WR,Darius Reynaud,Darius,Reynaud,Illness,,Probable,Illness,,Full Participation in Practice,2010-10-01T10:27:01Z
2010,REG,NYJ,4,00-0022000,T,Wayne Hunter,Wayne,Hunter,Shin,,Out,Shin,,Did Not Participate In Practice,2010-10-01T10:53:34Z
2010,REG,NYJ,4,00-0025401,CB,Darrelle Revis,Darrelle,Revis,Hamstring,,Out,Hamstring,,Did Not Participate In Practice,2010-10-01T10:54:08Z
2010,REG,NYJ,4,00-0026662,LB,Jamaal Westerman,Jamaal,Westerman,Ankle,,Out,Ankle,,Did Not Participate In Practice,2010-10-01T10:54:35Z
2010,REG,NYJ,4,00-0024244,C,Nick Mangold,Nick,Mangold,Shoulder,,Questionable,Shoulder,,Limited Participation in Practice,2010-10-01T10:53:42Z
2010,REG,NYJ,4,00-0022120,LB,Calvin Pace,Calvin,Pace,Foot,,Questionable,Foot,,Limited Participation in Practice,2010-10-01T10:53:52Z
2010,REG,NYJ,4,00-0018234,T,Damien Woody,Damien,Woody,Not Injury Related,,Probable,Not Injury Related,,Full Participation in Practice,2010-10-01T10:53:26Z
2010,REG,NYJ,4,00-0016112,LB,Jason Taylor,Jason,Taylor,Elbow,,Probable,Elbow,,Limited Participation in Practice,2010-10-01T10:53:26Z
2010,REG,OAK,4,00-0023945,LB,Ricky Brown,Ricky,Brown,Hamstring,,Out,Hamstring,,Did Not Participate In Practice,2010-10-01T12:32:33Z
2010,REG,OAK,4,00-0022836,G,Robert Gallery,Robert,Gallery,Hamstring,,Out,Hamstring,,Did Not Participate In Practice,2010-10-01T12:33:47Z
2010,REG,OAK,4,00-0027788,LB,Travis Goethel,Travis,Goethel,Back,,Out,Back,,Did Not Participate In Practice,2010-10-01T12:34:00Z
2010,REG,OAK,4,00-0027738,CB,Walter McFadden,Walter,McFadden,Hamstring,,Out,Hamstring,,Did Not Participate In Practice,2010-10-01T12:35:09Z
2010,REG,OAK,4,00-0026366,WR,Chaz Schilens,Chaz,Schilens,Knee,,Out,Knee,,Did Not Participate In Practice,2010-10-01T12:36:11Z
2010,REG,OAK,4,00-0024201,S,Hiram Eugene,Hiram,Eugene,Hamstring,,Questionable,Hamstring,,Did Not Participate In Practice,2010-10-01T12:33:18Z
2010,REG,OAK,4,00-0021144,DT,John Henderson,John,Henderson,Foot,,Questionable,Foot,,Did Not Participate In Practice,2010-10-01T12:34:23Z
2010,REG,OAK,4,00-0027810,CB,Jeremy Ware,Jeremy,Ware,Ankle,,Questionable,Ankle,,Did Not Participate In Practice,2010-10-01T12:37:00Z
2010,REG,OAK,4,00-0026983,WR,Darrius Heyward-Bey,Darrius,Heyward-Bey,Groin,,Questionable,Groin,,Limited Participation in Practice,2010-10-01T12:37:25Z
2010,REG,OAK,4,00-0021949,CB,Chris Johnson,Chris,Johnson,Neck,Ankle,Questionable,Neck,Ankle,Limited Participation in Practice,2010-10-01T12:34:47Z
2010,REG,OAK,4,00-0027089,WR,Louis Murphy,Louis,Murphy,Collarbone,,Questionable,Collarbone,,Limited Participation in Practice,2010-10-01T12:35:49Z
2010,REG,OAK,4,00-0020442,DT,Richard Seymour,Richard,Seymour,Hamstring,,Questionable,Hamstring,,Limited Participation in Practice,2010-10-01T12:36:30Z
2010,REG,OAK,4,00-0025487,RB,Michael Bush,Michael,Bush,Thumb,,Probable,Thumb,,Full Participation in Practice,2010-10-01T12:32:18Z
2010,REG,OAK,4,00-0019632,G,Cooper Carlisle,Cooper,Carlisle,Knee,,Probable,Knee,,Full Participation in Practice,2010-10-01T12:32:18Z
2010,REG,OAK,4,00-0026192,LB,Quentin Groves,Quentin,Groves,Ribs,,Probable,Ribs,,Full Participation in Practice,2010-10-01T12:32:18Z
2010,REG,OAK,4,00-0023583,G,Daniel Loper,Daniel,Loper,Knee,,Probable,Knee,,Full Participation in Practice,2010-10-01T12:32:18Z
2010,REG,OAK,4,00-0025425,TE,Zach Miller,Zach,Miller,Hip,,Probable,Hip,,Full Participation in Practice,2010-10-01T12:32:18Z
2010,REG,OAK,4,00-0026393,RB,Marcel Reece,Marcel,Reece,Neck,,Probable,Neck,,Full Participation in Practice,2010-10-01T12:32:18Z
2010,REG,OAK,4,00-0021181,T,Langston Walker,Langston,Walker,Elbow,,Probable,Elbow,,Full Participation in Practice,2010-10-01T12:32:18Z
2010,REG,PHI,4,00-0024011,RB,Mike Bell,Mike,Bell,,,,Illness,,Did Not Participate In Practice,2010-09-30T12:17:28Z
2010,REG,PHI,4,00-0024224,LB,Ernie Sims,Ernie,Sims,,,,Ankle,,Full Participation in Practice,2010-09-29T12:30:46Z
2010,REG,PHI,4,00-0024156,G,Nick Cole,Nick,Cole,Knee,,Questionable,Knee,,Did Not Participate In Practice,2010-10-01T10:38:18Z
2010,REG,PHI,4,00-0025549,TE,Brent Celek,Brent,Celek,Wrist,,Probable,Wrist,,Full Participation in Practice,2010-10-01T10:38:07Z
2010,REG,PHI,4,00-0027865,DE,Brandon Graham,Brandon,Graham,Ankle,,Probable,Ankle,,Full Participation in Practice,2010-10-01T10:38:07Z
2010,REG,PHI,4,00-0027297,T,Austin Howard,Austin,Howard,Back,,Probable,Back,,Full Participation in Practice,2010-10-01T10:38:07Z
2010,REG,PHI,4,00-0026995,WR,Jeremy Maclin,Jeremy,Maclin,Back,,Probable,Back,,Full Participation in Practice,2010-10-01T10:38:07Z
2010,REG,PIT,4,00-0026296,QB,Dennis Dixon,Dennis,Dixon,Knee,,Out,Knee,,Did Not Participate In Practice,2010-10-01T10:04:51Z
2010,REG,PIT,4,00-0023528,G,Trai Essex,Trai,Essex,Ankle,,Out,Ankle,,Did Not Participate In Practice,2010-10-01T10:04:55Z
2010,REG,PIT,4,00-0019940,DT,Chris Hoke,Chris,Hoke,Knee,,Out,Knee,,Did Not Participate In Practice,2010-10-01T10:05:17Z
2010,REG,SD,4,00-0021544,LB,Stephen Cooper,Stephen,Cooper,,,,Knee,,Full Participation in Practice,2010-09-29T16:11:09Z
2010,REG,SD,4,00-0026992,LB,Larry English,Larry,English,Foot,,Out,Foot,,Out (Definitely Will Not Play),2010-10-01T13:48:43Z
2010,REG,SD,4,00-0023446,LB,Shawne Merriman,Shawne,Merriman,Calf,,Doubtful,Calf,,Did Not Participate In Practice,2010-10-01T13:53:25Z
2010,REG,SD,4,00-0027710,S,Darrell Stuckey,Darrell,Stuckey,Hamstring,,Doubtful,Hamstring,,Did Not Participate In Practice,2010-10-01T13:53:34Z
2010,REG,SD,4,00-0027052,G,Louis Vasquez,Louis,Vasquez,Knee,,Doubtful,Knee,,Did Not Participate In Practice,2010-10-01T13:53:42Z
2010,REG,SD,4,00-0021546,G,Kris Dielman,Kris,Dielman,Illness,,Probable,Illness,,Full Participation in Practice,2010-10-01T13:48:24Z
2010,REG,SD,4,00-0027864,RB,Ryan Mathews,Ryan,Mathews,Elbow,,Probable,Elbow,,Full Participation in Practice,2010-10-01T13:53:09Z
2010,REG,SD,4,00-0025627,LB,Brandon Siler,Brandon,Siler,Foot,,Probable,Foot,,Full Participation in Practice,2010-10-01T13:48:24Z
2010,REG,SEA,4,00-0021178,G,Chester Pitts,Chester,Pitts,,,,Knee,,Full Participation in Practice,2010-09-29T15:40:32Z
2010,REG,SEA,4,00-0023533,LB,LeRoy Hill,LeRoy,Hill,,,,Calf,Achilles,Out (Definitely Will Not Play),2010-09-30T15:45:55Z
2010,REG,SEA,4,00-0027727,DE,E.J. Wilson,E.J.,Wilson,Knee,,Doubtful,Knee,,Did Not Participate In Practice,2010-10-01T13:52:51Z
2010,REG,SEA,4,00-0022855,T,Sean Locklear,Sean,Locklear,Knee,,Questionable,Knee,,Did Not Participate In Practice,2010-10-01T13:52:09Z
2010,REG,SEA,4,00-0022046,CB,Marcus Trufant,Marcus,Trufant,Ankle,,Questionable,Ankle,,Did Not Participate In Practice,2010-10-01T13:52:38Z
2010,REG,SEA,4,00-0025472,DT,Brandon Mebane,Brandon,Mebane,Calf,,Questionable,Calf,,Limited Participation in Practice,2010-10-01T13:52:22Z
2010,REG,SEA,4,00-0026981,LB,Aaron Curry,Aaron,Curry,Hamstring,,Probable,Hamstring,,Full Participation in Practice,2010-10-01T13:50:47Z
2010,REG,SEA,4,00-0020368,G,Ben Hamilton,Ben,Hamilton,Knee,,Probable,Knee,,Full Participation in Practice,2010-10-01T13:50:47Z
2010,REG,SEA,4,00-0027859,T,Russell Okung,Russell,Okung,Ankle,,Probable,Ankle,,Full Participation in Practice,2010-10-01T13:50:47Z
2010,REG,SEA,4,00-0023452,WR,Mike Williams,Mike,Williams,Shoulder,,Probable,Shoulder,,Full Participation in Practice,2010-10-01T13:50:47Z
2010,REG,SEA,4,00-0021577,DE,Chris Clemons,Chris,Clemons,Ankle,,Probable,Ankle,,Limited Participation in Practice,2010-10-01T13:50:47Z
2010,REG,SF,4,00-0025396,WR,Ted Ginn,Ted,Ginn,Knee,,Doubtful,Knee,,Did Not Participate In Practice,2010-10-01T12:24:27Z
2010,REG,SF,4,00-0021341,C,Eric Heitmann,Eric,Heitmann,Fibula,,Doubtful,Fibula,,Limited Participation in Practice,2010-10-01T12:24:48Z
2010,REG,SF,4,00-0020384,CB,William James,William,James,Ankle,,Questionable,Ankle,,Limited Participation in Practice,2010-10-01T12:25:01Z
2010,REG,SF,4,00-0021185,WR,Michael Lewis,Michael,Lewis,Ankle,Not Injury Related,Probable,Ankle,Not Injury Related,Did Not Participate In Practice,2010-10-01T12:25:23Z
2010,REG,SF,4,00-0025513,S,Dashon Goldson,Dashon,Goldson,Knee,Foot,Probable,Knee,Foot,Limited Participation in Practice,2010-10-01T12:24:41Z
2010,REG,SF,4,00-0015474,LB,Takeo Spikes,Takeo,Spikes,Knee,,Probable,Knee,,Limited Participation in Practice,2010-10-01T12:24:16Z
2010,REG,STL,4,00-0023679,TE,Billy Bajema,Billy,Bajema,Knee,,Out,Knee,,Did Not Participate In Practice,2010-10-01T11:17:48Z
2010,REG,STL,4,00-0026368,LB,Chris Chamberlain,Chris,Chamberlain,Toe,,Out,Toe,,Did Not Participate In Practice,2010-10-01T11:17:59Z
2010,REG,STL,4,00-0027732,TE,Michael Hoomanawanui,Michael,Hoomanawanui,Ankle,,Out,Ankle,,Did Not Participate In Practice,2010-10-01T11:18:40Z
2010,REG,STL,4,00-0025541,DT,Clifton Ryan,Clifton,Ryan,migraines,,Out,migraines,,Did Not Participate In Practice,2010-10-01T11:19:26Z
2010,REG,STL,4,00-0027073,DT,Darell Scott,Darell,Scott,Ankle,,Out,Ankle,,Did Not Participate In Practice,2010-10-01T11:19:38Z
2010,REG,STL,4,00-0025462,WR,Laurent Robinson,Laurent,Robinson,Foot,,Doubtful,Foot,,Did Not Participate In Practice,2010-10-01T11:19:10Z
2010,REG,STL,4,00-0027256,S,Darian Stewart,Darian,Stewart,Hamstring,,Doubtful,Hamstring,,Did Not Participate In Practice,2010-10-01T11:19:54Z
2010,REG,STL,4,00-0023501,S,Oshiomogho Atogwe,Oshiomogho,Atogwe,Thigh,,Questionable,Thigh,,Limited Participation in Practice,2010-10-01T11:17:41Z
2010,REG,STL,4,00-0022736,RB,Steven Jackson,Steven,Jackson,Groin,,Questionable,Groin,,Limited Participation in Practice,2010-10-01T11:18:55Z
2010,REG,STL,4,00-0024796,S,Craig Dahl,Craig,Dahl,Head,,Probable,Head,,Full Participation in Practice,2010-10-01T11:17:29Z
2010,REG,STL,4,00-0027257,RB,Keith Toston,Keith,Toston,Shoulder,,Probable,Shoulder,,Full Participation in Practice,2010-10-01T11:17:29Z
2010,REG,TEN,4,00-0027136,CB,Jason McCourty,Jason,McCourty,Forearm,,Out,Forearm,,Did Not Participate In Practice,2010-10-01T12:06:52Z
2010,REG,TEN,4,00-0025591,DE,Jacob Ford,Jacob,Ford,Knee,,Questionable,Knee,,Did Not Participate In Practice,2010-10-01T12:06:46Z
2010,REG,TEN,4,00-0021490,DT,Tony Brown,Tony,Brown,Knee,,Questionable,Knee,,Full Participation in Practice,2010-10-01T12:06:39Z
2010,REG,WAS,4,00-0023259,LB,Lorenzo Alexander,Lorenzo,Alexander,,,,Ankle,,Limited Participation in Practice,2010-10-01T11:49:27Z
2010,REG,WAS,4,00-0023611,DT,Anthony Bryant,Anthony,Bryant,Head,,Out,Head,,Limited Participation in Practice,2010-10-01T11:50:10Z
2010,REG,WAS,4,00-0026465,WR,Anthony Armstrong,Anthony,Armstrong,Groin,,Questionable,Groin,,Full Participation in Practice,2010-10-01T11:49:40Z
2010,REG,WAS,4,00-0001231,P,Josh Bidwell,Josh,Bidwell,right Hip,,Questionable,right Hip,,Full Participation in Practice,2010-10-01T11:50:28Z
2010,REG,WAS,4,00-0022923,CB,DeAngelo Hall,DeAngelo,Hall,Back,,Questionable,Back,,Full Participation in Practice,2010-10-01T11:50:55Z
2010,REG,WAS,4,00-0021149,DT,Albert Haynesworth,Albert,Haynesworth,Thumb,,Questionable,Thumb,,Full Participation in Practice,2010-10-01T11:50:05Z
2010,REG,WAS,4,00-0026389,S,Chris Horton,Chris,Horton,Ankle,,Questionable,Ankle,,Full Participation in Practice,2010-10-01T11:50:44Z
2010,REG,WAS,4,00-0026320,S,Kareem Moore,Kareem,Moore,Knee,,Questionable,Knee,,Full Participation in Practice,2010-10-01T11:51:08Z
2010,REG,WAS,4,00-0021179,RB,Clinton Portis,Clinton,Portis,Wrist,,Questionable,Wrist,,Full Participation in Practice,2010-10-01T11:49:53Z
2010,REG,WAS,4,00-0027214,RB,Keiland Williams,Keiland,Williams,Ankle,,Questionable,Ankle,,Full Participation in Practice,2010-10-01T11:50:33Z
2010,REG,WAS,4,00-0026248,G,Kory Lichtensteiger,Kory,Lichtensteiger,Knee,,Questionable,Knee,,Limited Participation in Practice,2010-10-01T11:49:58Z
2010,REG,WAS,4,00-0027857,T,Trent Williams,Trent,Williams,Toe,Knee,Questionable,Toe,Knee,Limited Participation in Practice,2010-10-01T11:49:47Z
2010,REG,ARI,5,00-0025529,WR,Steve Breaston,Steve,Breaston,Knee,,Out,Knee,,Did Not Participate In Practice,2010-10-08T12:44:32Z
2010,REG,ARI,5,00-0026221,WR,Early Doucet,Early,Doucet,Groin,,Out,Groin,,Did Not Participate In Practice,2010-10-08T12:44:39Z
2010,REG,ARI,5,00-0026256,DE,Kenny Iwebema,Kenny,Iwebema,Knee,,Questionable,Knee,,Limited Participation in Practice,2010-10-08T12:44:47Z
2010,REG,ARI,5,00-0022786,S,Matt Ware,Matt,Ware,Ankle,,Questionable,Ankle,,Limited Participation in Practice,2010-10-08T12:44:54Z
2010,REG,ARI,5,00-0025420,DT,Alan Branch,Alan,Branch,Shoulder,,Probable,Shoulder,,Full Participation in Practice,2010-10-08T12:44:21Z
2010,REG,ARI,5,00-0019104,LB,Paris Lenon,Paris,Lenon,Pelvis,,Probable,Pelvis,,Full Participation in Practice,2010-10-08T12:44:21Z
2010,REG,ATL,5,00-0026177,LB,Curtis Lofton,Curtis,Lofton,Knee,,Questionable,Knee,,Full Participation in Practice,2010-10-08T11:25:25Z
2010,REG,ATL,5,00-0027871,LB,Sean Weatherspoon,Sean,Weatherspoon,Ankle,,Questionable,Ankle,,Full Participation in Practice,2010-10-08T11:25:32Z
2010,REG,ATL,5,00-0022781,WR,Michael Jenkins,Michael,Jenkins,Shoulder,,Questionable,Shoulder,,Limited Participation in Practice,2010-10-08T11:25:16Z
2010,REG,BAL,5,00-0025787,T,Jared Gaither,Jared,Gaither,Back,,Out,Back,,Out (Definitely Will Not Play),2010-10-08T12:57:09Z
2010,REG,BAL,5,00-0026211,LB,Tavares Gooden,Tavares,Gooden,Shoulder,,Out,Shoulder,,Out (Definitely Will Not Play),2010-10-08T12:57:15Z
2010,REG,BAL,5,00-0027033,DE,Paul Kruger,Paul,Kruger,Knee,,Out,Knee,,Out (Definitely Will Not Play),2010-10-08T12:57:23Z
2010,REG,BAL,5,00-0021147,WR,Donte' Stallworth,Donte',Stallworth,Foot,,Out,Foot,,Out (Definitely Will Not Play),2010-10-08T12:57:31Z
2010,REG,BAL,5,00-0026911,LB,Jason Phillips,Jason,Phillips,Illness,,Questionable,Illness,,Did Not Participate In Practice,2010-10-08T12:56:47Z
2010,REG,BAL,5,00-0024714,LB,Edgar Jones,Edgar,Jones,Thigh,,Questionable,Thigh,,Limited Participation in Practice,2010-10-08T12:57:40Z
2010,REG,BAL,5,00-0026226,S,Tom Zbikowski,Tom,Zbikowski,Thigh,,Questionable,Thigh,,Limited Participation in Practice,2010-10-08T12:57:00Z
2010,REG,BAL,5,00-0020516,TE,Todd Heap,Todd,Heap,Shoulder,,Probable,Shoulder,,Full Participation in Practice,2010-10-08T12:56:16Z
2010,REG,BAL,5,00-0025524,RB,Le'Ron McClain,Le'Ron,McClain,Shoulder,,Probable,Shoulder,,Full Participation in Practice,2010-10-08T12:56:16Z
2010,REG,BAL,5,00-0026195,RB,Ray Rice,Ray,Rice,Knee,,Probable,Knee,,Full Participation in Practice,2010-10-08T12:56:16Z
2010,REG,BAL,5,00-0023458,CB,Fabian Washington,Fabian,Washington,Illness,,Probable,Illness,,Full Participation in Practice,2010-10-08T12:56:16Z
2010,REG,BUF,5,00-0024392,LB,Keith Ellison,Keith,Ellison,Knee,,Out,Knee,,Did Not Participate In Practice,2010-10-08T09:51:41Z
2010,REG,BUF,5,00-0022008,CB,Terrence McGee,Terrence,McGee,Back,,Out,Back,,Did Not Participate In Practice,2010-10-08T09:51:51Z
2010,REG,BUF,5,00-0027777,LB,Arthur Moats,Arthur,Moats,Elbow,,Out,Elbow,,Did Not Participate In Practice,2010-10-08T09:52:05Z
2010,REG,BUF,5,00-0021951,S,Bryan Scott,Bryan,Scott,Knee,,Out,Knee,,Did Not Participate In Practice,2010-10-08T09:52:13Z
2010,REG,BUF,5,00-0027088,TE,Shawn Nelson,Shawn,Nelson,Groin,,Questionable,Groin,,Limited Participation in Practice,2010-10-08T09:51:11Z
2010,REG,BUF,5,00-0024285,CB,Ashton Youboty,Ashton,Youboty,Hamstring,,Questionable,Hamstring,,Limited Participation in Practice,2010-10-08T09:52:29Z
2010,REG,BUF,5,00-0021257,LB,Andra Davis,Andra,Davis,Shoulder,,Probable,Shoulder,,Full Participation in Practice,2010-10-08T09:50:49Z
2010,REG,BUF,5,00-0020492,DE,Marcus Stroud,Marcus,Stroud,Ankle,,Probable,Ankle,,Full Participation in Practice,2010-10-08T09:50:49Z
2010,REG,CAR,5,00-0027035,S,Sherrod Martin,Sherrod,Martin,Concussion,,Out,Concussion,,Out (Definitely Will Not Play),2010-10-08T12:18:17Z
2010,REG,CAR,5,00-0026159,T,Jeff Otah,Jeff,Otah,Knee,,Out,Knee,,Out (Definitely Will Not Play),2010-10-08T12:19:33Z
2010,REG,CAR,5,00-0020337,WR,Steve Smith,Steve,Smith,Ankle,,Out,Ankle,,Out (Definitely Will Not Play),2010-10-08T12:19:59Z
2010,REG,CAR,5,00-0024335,LB,Jamar Williams,Jamar,Williams,Neck,,Out,Neck,,Out (Definitely Will Not Play),2010-10-08T12:20:51Z
2010,REG,CAR,5,00-0026944,CB,Captain Munnerlyn,Captain,Munnerlyn,Foot,,Probable,Foot,,Full Participation in Practice,2010-10-08T12:18:52Z
2010,REG,CAR,5,00-0024242,RB,DeAngelo Williams,DeAngelo,Williams,Illness,,Probable,Illness,,Full Participation in Practice,2010-10-08T12:20:23Z
2010,REG,CHI,5,00-0003315,QB,Todd Collins,Todd,Collins,,,,Neck,,Full Participation in Practice,2010-10-06T12:54:01Z
2010,REG,CHI,5,00-0026961,G,Lance Louis,Lance,Louis,,,,Knee,,Full Participation in Practice,2010-10-07T12:49:02Z
2010,REG,CHI,5,00-0026154,T,Chris Williams,Chris,Williams,Hamstring,,Out,Hamstring,,Did Not Participate In Practice,2010-10-08T12:53:56Z
2010,REG,CHI,5,00-0027680,S,Major Wright,Major,Wright,Hamstring,,Out,Hamstring,,Did Not Participate In Practice,2010-10-08T12:54:03Z
2010,REG,CHI,5,00-0024226,QB,Jay Cutler,Jay,Cutler,Head,,Out,Head,,Limited Participation in Practice,2010-10-08T12:53:49Z
2010,REG,CIN,5,00-0023665,DE,Jonathan Fanene,Jonathan,Fanene,Hamstring,,Out,Hamstring,,Did Not Participate In Practice,2010-10-08T09:57:35Z
2010,REG,CIN,5,00-0027687,WR,Jordan Shipley,Jordan,Shipley,Concussion,,Out,Concussion,,Did Not Participate In Practice,2010-10-08T09:57:54Z
2010,REG,CIN,5,00-0021143,S,Roy Williams,Roy,Williams,Knee,,Doubtful,Knee,,Did Not Participate In Practice,2010-10-08T09:58:07Z
2010,REG,CIN,5,00-0020397,WR,Chad Johnson,Chad,Johnson,Groin,,Probable,Groin,,Did Not Participate In Practice,2010-10-08T09:59:35Z
2010,REG,CIN,5,00-0019635,LB,Dhani Jones,Dhani,Jones,Hamstring,,Probable,Hamstring,,Full Participation in Practice,2010-10-08T09:56:59Z
2010,REG,CIN,5,00-0024239,CB,Johnathan Joseph,Johnathan,Joseph,Forearm,,Probable,Forearm,,Full Participation in Practice,2010-10-08T09:56:59Z
2010,REG,CIN,5,00-0026941,RB,Bernard Scott,Bernard,Scott,Hamstring,,Probable,Hamstring,,Full Participation in Practice,2010-10-08T09:56:59Z
2010,REG,CIN,5,00-0026217,DT,Pat Sims,Pat,Sims,Knee,,Probable,Knee,,Full Participation in Practice,2010-10-08T09:56:59Z
2010,REG,CLE,5,00-0019666,T,John St. Clair,John,St. Clair,Ankle,,Out,Ankle,,Did Not Participate In Practice,2010-10-08T12:26:05Z
2010,REG,CLE,5,00-0026367,RB,Peyton Hillis,Peyton,Hillis,Thigh,,Questionable,Thigh,,Did Not Participate In Practice,2010-10-08T12:28:44Z
2010,REG,CLE,5,00-0021262,DE,Kenyon Coleman,Kenyon,Coleman,Knee,,Questionable,Knee,,Limited Participation in Practice,2010-10-08T12:27:10Z
2010,REG,CLE,5,00-0004161,QB,Jake Delhomme,Jake,Delhomme,Ankle,,Questionable,Ankle,,Limited Participation in Practice,2010-10-08T12:27:31Z
2010,REG,CLE,5,00-0026997,C,Alex Mack,Alex,Mack,Shoulder,,Questionable,Shoulder,,Limited Participation in Practice,2010-10-08T12:29:11Z
2010,REG,CLE,5,00-0020528,DT,Shaun Rogers,Shaun,Rogers,Ankle,Hip,Questionable,Ankle,Hip,Limited Participation in Practice,2010-10-08T12:30:41Z
2010,REG,CLE,5,00-0019573,DE,Robaire Smith,Robaire,Smith,Back,,Questionable,Back,,Limited Participation in Practice,2010-10-08T12:29:40Z
2010,REG,CLE,5,00-0020107,CB,Nick Sorensen,Nick,Sorensen,Calf,,Questionable,Calf,,Limited Participation in Practice,2010-10-08T12:30:02Z
2010,REG,CLE,5,00-0023176,WR,Joshua Cribbs,Joshua,Cribbs,Ankle,,Probable,Ankle,,Full Participation in Practice,2010-10-08T12:31:31Z
2010,REG,CLE,5,00-0024359,RB,Jerome Harrison,Jerome,Harrison,Thigh,,Probable,Thigh,,Full Participation in Practice,2010-10-08T12:31:50Z
2010,REG,CLE,5,00-0027694,G,Shawn Lauvao,Shawn,Lauvao,Ankle,,Probable,Ankle,,Full Participation in Practice,2010-10-08T12:32:06Z
2010,REG,CLE,5,00-0027012,WR,Brian Robiskie,Brian,Robiskie,Hamstring,,Probable,Hamstring,,Full Participation in Practice,2010-10-08T12:32:26Z
2010,REG,CLE,5,00-0021273,TE,Robert Royal,Robert,Royal,Calf,,Probable,Calf,,Full Participation in Practice,2010-10-08T12:32:45Z
2010,REG,DAL,5,00-0027419,RB,Chris Gronkowski,Chris,Gronkowski,Groin,,Questionable,Groin,,Did Not Participate In Practice,2010-10-08T11:54:36Z
2010,REG,DAL,5,00-0027902,WR,Dez Bryant,Dez,Bryant,Ribs,,Probable,Ribs,,Full Participation in Practice,2010-10-08T11:54:28Z
2010,REG,DAL,5,00-0021348,G,Kyle Kosier,Kyle,Kosier,Knee,,Probable,Knee,,Full Participation in Practice,2010-10-08T11:54:28Z
2010,REG,DAL,5,00-0022127,TE,Jason Witten,Jason,Witten,Knee,,Probable,Knee,,Full Participation in Practice,2010-10-08T11:54:28Z
2010,REG,DEN,5,00-0000585,CB,Champ Bailey,Champ,Bailey,,,,Not Injury Related,,Did Not Participate In Practice,2010-10-06T14:20:06Z
2010,REG,DEN,5,00-0017813,DE,Jamal Williams,Jamal,Williams,,,,Not Injury Related,,Did Not Participate In Practice,2010-10-07T14:13:59Z
2010,REG,DEN,5,00-0026323,RB,Spencer Larsen,Spencer,Larsen,Ankle,,Out,Ankle,,Did Not Participate In Practice,2010-10-08T12:48:29Z
2010,REG,DEN,5,00-0026988,RB,Knowshon Moreno,Knowshon,Moreno,Hamstring,,Out,Hamstring,,Did Not Participate In Practice,2010-10-08T12:48:39Z
2010,REG,DEN,5,00-0021194,CB,Andre' Goodman,Andre',Goodman,Quadricep,,Questionable,Quadricep,,Limited Participation in Practice,2010-10-08T12:48:18Z
2010,REG,DEN,5,00-0025828,LB,Wesley Woodyard,Wesley,Woodyard,Hamstring,,Questionable,Hamstring,,Limited Participation in Practice,2010-10-08T12:48:53Z
2010,REG,DET,5,00-0027050,LB,DeAndre Levy,DeAndre,Levy,Groin,Ankle,Out,Groin,Ankle,Did Not Participate In Practice,2010-10-08T12:48:36Z
2010,REG,DET,5,00-0026498,QB,Matthew Stafford,Matthew,Stafford,right Shoulder,,Out,right Shoulder,,Did Not Participate In Practice,2010-10-08T12:48:58Z
2010,REG,DET,5,00-0027129,RB,Aaron Brown,Aaron,Brown,Finger,,Doubtful,Finger,,Limited Participation in Practice,2010-10-08T12:48:10Z
2010,REG,DET,5,00-0027880,RB,Jahvid Best,Jahvid,Best,Toe,,Questionable,Toe,,Limited Participation in Practice,2010-10-08T12:48:02Z
2010,REG,DET,5,00-0023621,S,C.C. Brown,C.C.,Brown,Quadricep,,Questionable,Quadricep,,Limited Participation in Practice,2010-10-08T12:48:21Z
2010,REG,DET,5,00-0024276,TE,Tony Scheffler,Tony,Scheffler,Concussion,,Questionable,Concussion,,Limited Participation in Practice,2010-10-08T12:48:44Z
2010,REG,DET,5,00-0021999,WR,Nate Burleson,Nate,Burleson,Ankle,,Probable,Ankle,,Limited Participation in Practice,2010-10-08T12:47:51Z
2010,REG,DET,5,00-0027009,S,Louis Delmas,Louis,Delmas,Groin,,Probable,Groin,,Limited Participation in Practice,2010-10-08T12:47:51Z
2010,REG,DET,5,00-0027084,DT,Sammie Lee Hill,Sammie Lee,Hill,Knee,,Probable,Knee,,Limited Participation in Practice,2010-10-08T12:47:51Z
2010,REG,GB,5,00-0027676,S,Morgan Burnett,Morgan,Burnett,,,,Knee,,Out (Definitely Will Not Play),2010-10-07T12:43:43Z
2010,REG,GB,5,00-0021990,LB,Nick Barnett,Nick,Barnett,Wrist,,Out,Wrist,,Did Not Participate In Practice,2010-10-08T11:29:37Z
2010,REG,GB,5,00-0022711,LB,Brandon Chillar,Brandon,Chillar,Shoulder,,Out,Shoulder,,Did Not Participate In Practice,2010-10-08T11:29:44Z
2010,REG,GB,5,00-0027106,RB,Quinn Johnson,Quinn,Johnson,Glute,,Out,Glute,,Did Not Participate In Practice,2010-10-08T11:29:59Z
2010,REG,GB,5,00-0027440,CB,Sam Shields,Sam,Shields,Calf,,Out,Calf,,Did Not Participate In Practice,2010-10-08T11:30:10Z
2010,REG,GB,5,00-0019502,T,Mark Tauscher,Mark,Tauscher,Shoulder,,Doubtful,Shoulder,,Did Not Participate In Practice,2010-10-08T11:30:16Z
2010,REG,GB,5,00-0024422,S,Derrick Martin,Derrick,Martin,Ankle,,Probable,Ankle,,Did Not Participate In Practice,2010-10-08T11:29:24Z
2010,REG,GB,5,00-0023486,S,Nick Collins,Nick,Collins,Knee,,Probable,Knee,,Full Participation in Practice,2010-10-08T11:29:24Z
2010,REG,GB,5,00-0021706,DE,Cullen Jenkins,Cullen,Jenkins,Hand,,Probable,Hand,,Full Participation in Practice,2010-10-08T11:29:24Z
2010,REG,GB,5,00-0024372,S,Charlie Peprah,Charlie,Peprah,Quadricep,,Probable,Quadricep,,Full Participation in Practice,2010-10-08T11:29:24Z
2010,REG,GB,5,00-0018227,CB,Charles Woodson,Charles,Woodson,Toe,,Probable,Toe,,Full Participation in Practice,2010-10-08T11:29:24Z
2010,REG,GB,5,00-0019702,T,Chad Clifton,Chad,Clifton,Knee,,Probable,Knee,,Limited Participation in Practice,2010-10-08T11:29:24Z
2010,REG,HOU,5,00-0021225,LB,Kevin Bentley,Kevin,Bentley,Knee,,Out,Knee,,Out (Definitely Will Not Play),2010-10-08T11:36:26Z
2010,REG,HOU,5,00-0025460,WR,Jacoby Jones,Jacoby,Jones,Calf,,Doubtful,Calf,,Did Not Participate In Practice,2010-10-08T11:37:13Z
2010,REG,HOU,5,00-0022044,WR,Andre Johnson,Andre,Johnson,Ankle,,Questionable,Ankle,,Limited Participation in Practice,2010-10-08T11:36:42Z
2010,REG,HOU,5,00-0022770,RB,Derrick Ward,Derrick,Ward,Ribs,,Questionable,Ribs,,Limited Participation in Practice,2010-10-08T11:37:50Z
2010,REG,HOU,5,00-0023750,DE,Mario Williams,Mario,Williams,Groin,,Questionable,Groin,,Limited Participation in Practice,2010-10-08T11:38:01Z
2010,REG,HOU,5,00-0026417,DE,Jesse Nading,Jesse,Nading,Knee,,Probable,Knee,,Full Participation in Practice,2010-10-08T11:36:11Z
2010,REG,HOU,5,00-0027703,LB,Darryl Sharpton,Darryl,Sharpton,Ankle,,Probable,Ankle,,Full Participation in Practice,2010-10-08T11:36:11Z
2010,REG,HOU,5,00-0026313,S,Dominique Barber,Dominique,Barber,Ribs,,Probable,Ribs,,Limited Participation in Practice,2010-10-08T11:36:11Z
2010,REG,HOU,5,00-0024313,TE,Owen Daniels,Owen,Daniels,Hamstring,,Probable,Hamstring,,Limited Participation in Practice,2010-10-08T11:36:11Z
2010,REG,HOU,5,00-0024269,S,Bernard Pollard,Bernard,Pollard,Neck,,Probable,Neck,,Limited Participation in Practice,2010-10-08T11:36:11Z
2010,REG,HOU,5,00-0021992,S,Eugene Wilson,Eugene,Wilson,Hamstring,,Probable,Hamstring,,Limited Participation in Practice,2010-10-08T11:36:11Z
2010,REG,IND,5,00-0021146,DE,Dwight Freeney,Dwight,Freeney,,,,Rested,,Full Participation in Practice,2010-10-08T12:29:12Z
2010,REG,IND,5,00-0027831,LB,Kavell Conner,Kavell,Conner,Foot,,Out,Foot,,Did Not Participate In Practice,2010-10-08T12:31:36Z
2010,REG,IND,5,00-0025419,WR,Anthony Gonzalez,Anthony,Gonzalez,Ankle,,Out,Ankle,,Did Not Participate In Practice,2010-10-08T12:32:02Z
2010,REG,IND,5,00-0022944,CB,Bob Sanders,Bob,Sanders,Biceps,,Out,Biceps,,Did Not Participate In Practice,2010-10-08T12:36:23Z
2010,REG,IND,5,00-0027003,RB,Donald Brown,Donald,Brown,Hamstring,,Questionable,Hamstring,,Did Not Participate In Practice,2010-10-08T12:31:04Z
2010,REG,IND,5,00-0026342,RB,Mike Hart,Mike,Hart,Knee,,Questionable,Knee,,Did Not Participate In Practice,2010-10-08T12:32:14Z
2010,REG,IND,5,00-0024413,T,Charlie Johnson,Charlie,Johnson,Foot,,Questionable,Foot,,Did Not Participate In Practice,2010-10-08T12:35:17Z
2010,REG,IND,5,00-0026674,CB,Jacob Lacey,Jacob,Lacey,Foot,,Questionable,Foot,,Did Not Participate In Practice,2010-10-08T12:35:47Z
2010,REG,IND,5,00-0024245,RB,Joseph Addai,Joseph,Addai,Knee,,Questionable,Knee,,Full Participation in Practice,2010-10-08T12:30:22Z
2010,REG,IND,5,00-0026345,WR,Pierre Garcon,Pierre,Garcon,Hamstring,,Questionable,Hamstring,,Full Participation in Practice,2010-10-08T12:31:52Z
2010,REG,IND,5,00-0027468,CB,Brandon King,Brandon,King,Hamstring,,Questionable,Hamstring,,Full Participation in Practice,2010-10-08T12:35:32Z
2010,REG,IND,5,00-0026376,G,Jamey Richard,Jamey,Richard,Shoulder,,Questionable,Shoulder,,Full Participation in Practice,2010-10-08T12:36:09Z
2010,REG,IND,5,00-0024421,CB,Antoine Bethea,Antoine,Bethea,Hamstring,,Questionable,Hamstring,,Limited Participation in Practice,2010-10-08T12:30:41Z
2010,REG,IND,5,00-0027092,WR,Austin Collie,Austin,Collie,Foot,,Questionable,Foot,,Limited Participation in Practice,2010-10-08T12:31:22Z
2010,REG,IND,5,00-0027064,CB,Jerraud Powers,Jerraud,Powers,Foot,,Probable,Foot,,Did Not Participate In Practice,2010-10-08T12:30:04Z
2010,REG,IND,5,00-0021484,LB,Gary Brackett,Gary,Brackett,Back,,Probable,Back,,Full Participation in Practice,2010-10-08T12:30:04Z
2010,REG,IND,5,00-0025523,LB,Clint Session,Clint,Session,Hamstring,,Probable,Hamstring,,Full Participation in Practice,2010-10-08T12:30:04Z
2010,REG,IND,5,00-0020498,WR,Reggie Wayne,Reggie,Wayne,Knee,,Probable,Knee,,Full Participation in Practice,2010-10-08T12:30:04Z
2010,REG,JAX,5,00-0025435,LB,Justin Durant,Justin,Durant,Ankle,,Out,Ankle,,Did Not Participate In Practice,2010-10-08T10:06:55Z
2010,REG,JAX,5,00-0023537,S,Sean Considine,Sean,Considine,Hamstring,,Doubtful,Hamstring,,Limited Participation in Practice,2010-10-08T10:06:46Z
2010,REG,JAX,5,00-0027155,RB,Rashad Jennings,Rashad,Jennings,Shoulder,,Doubtful,Shoulder,,Limited Participation in Practice,2010-10-08T10:07:06Z
2010,REG,JAX,5,00-0024275,RB,Maurice Jones-Drew,Maurice,Jones-Drew,Ankle,,Probable,Ankle,,Full Participation in Practice,2010-10-08T10:06:31Z
2010,REG,JAX,5,00-0022895,G,Justin Smiley,Justin,Smiley,Ankle,,Probable,Ankle,,Full Participation in Practice,2010-10-08T10:06:31Z
2010,REG,KC,5,00-0026571,S,Reshard Langford,Reshard,Langford,Ankle,,Doubtful,Ankle,,Did Not Participate In Practice,2010-10-08T12:47:56Z
2010,REG,KC,5,00-0026980,DE,Tyson Jackson,Tyson,Jackson,Knee,,Questionable,Knee,,Full Participation in Practice,2010-10-08T12:47:32Z
2010,REG,KC,5,00-0024350,T,Ryan O'Callaghan,Ryan,O'Callaghan,Groin,,Questionable,Groin,,Full Participation in Practice,2010-10-08T12:47:46Z
2010,REG,MIN,5,00-0027649,CB,Chris Cook,Chris,Cook,Knee,,Out,Knee,,Did Not Participate In Practice,2010-10-09T11:21:30Z
2010,REG,MIN,5,00-0026327,C,John Sullivan,John,Sullivan,Calf,,Questionable,Calf,,Limited Participation in Practice,2010-10-09T11:21:43Z
2010,REG,MIN,5,00-0021383,T,Bryant McKinnie,Bryant,McKinnie,Finger,,Probable,Finger,,Full Participation in Practice,2010-10-09T11:21:18Z
2010,REG,MIN,5,00-0005106,QB,Brett Favre,Brett,Favre,right Elbow,Ankle,Probable,right Elbow,Ankle,Limited Participation in Practice,2010-10-09T11:21:18Z
2010,REG,MIN,5,00-0022054,TE,Visanthe Shiancoe,Visanthe,Shiancoe,Hamstring,,Probable,Hamstring,,Limited Participation in Practice,2010-10-09T11:21:18Z
2010,REG,NO,5,00-0024217,RB,Reggie Bush,Reggie,Bush,Fibula,,Out,Fibula,,Did Not Participate In Practice,2010-10-08T12:25:27Z
2010,REG,NO,5,00-0026180,CB,Tracy Porter,Tracy,Porter,Knee,,Out,Knee,,Did Not Participate In Practice,2010-10-08T12:25:39Z
2010,REG,NO,5,00-0024813,RB,Pierre Thomas,Pierre,Thomas,Ankle,,Out,Ankle,,Did Not Participate In Practice,2010-10-08T12:25:54Z
2010,REG,NO,5,00-0024258,S,Roman Harper,Roman,Harper,Hamstring,,Questionable,Hamstring,,Limited Participation in Practice,2010-10-08T12:24:57Z
2010,REG,NO,5,00-0013255,S,Pierson Prioleau,Pierson,Prioleau,Chest,,Questionable,Chest,,Limited Participation in Practice,2010-10-08T12:25:05Z
2010,REG,NO,5,00-0022911,DE,Will Smith,Will,Smith,Groin,,Questionable,Groin,,Limited Participation in Practice,2010-10-08T12:25:14Z
2010,REG,NO,5,00-0027086,LB,Stanley Arnoux,Stanley,Arnoux,Ankle,,Probable,Ankle,,Full Participation in Practice,2010-10-08T12:24:41Z
2010,REG,NO,5,00-0020531,QB,Drew Brees,Drew,Brees,Knee,,Probable,Knee,,Full Participation in Practice,2010-10-08T12:24:41Z
2010,REG,NO,5,00-0024466,WR,Marques Colston,Marques,Colston,Rib,,Probable,Rib,,Full Participation in Practice,2010-10-08T12:24:41Z
2010,REG,NO,5,00-0022344,CB,Randall Gay,Randall,Gay,Foot,,Probable,Foot,,Full Participation in Practice,2010-10-08T12:24:41Z
2010,REG,NO,5,00-0027696,TE,Jimmy Graham,Jimmy,Graham,Ankle,,Probable,Ankle,,Full Participation in Practice,2010-10-08T12:24:41Z
2010,REG,NO,5,00-0027531,RB,Chris Ivory,Chris,Ivory,Knee,,Probable,Knee,,Full Participation in Practice,2010-10-08T12:24:41Z
2010,REG,NO,5,00-0022078,T,Jon Stinchcomb,Jon,Stinchcomb,Shoulder,,Probable,Shoulder,,Full Participation in Practice,2010-10-08T12:24:41Z
2010,REG,NO,5,00-0024424,T,Zach Strief,Zach,Strief,Knee,,Probable,Knee,,Full Participation in Practice,2010-10-08T12:24:41Z
2010,REG,NO,5,00-0023186,CB,Leigh Torrence,Leigh,Torrence,Toe,,Probable,Toe,,Full Participation in Practice,2010-10-08T12:24:41Z
2010,REG,NO,5,00-0025483,LB,Anthony Waters,Anthony,Waters,Hamstring,,Probable,Hamstring,,Full Participation in Practice,2010-10-08T12:24:41Z
2010,REG,NO,5,00-0021960,DE,Jimmy Wilkerson,Jimmy,Wilkerson,Knee,,Probable,Knee,,Full Participation in Practice,2010-10-08T12:24:41Z
2010,REG,NO,5,00-0025453,S,Usama Young,Usama,Young,Quadricep,,Probable,Quadricep,,Full Participation in Practice,2010-10-08T12:24:41Z
2010,REG,NO,5,00-0021148,TE,Jeremy Shockey,Jeremy,Shockey,Knee,,Probable,Knee,,Limited Participation in Practice,2010-10-08T12:24:41Z
2010,REG,NYG,5,00-0019648,LB,Keith Bulluck,Keith,Bulluck,Toe,,Out,Toe,,Did Not Participate In Practice,2010-10-08T10:17:25Z
2010,REG,NYG,5,00-0023683,RB,Madison Hedgecock,Madison,Hedgecock,Hamstring,,Out,Hamstring,,Did Not Participate In Practice,2010-10-08T10:17:31Z
2010,REG,NYG,5,00-0024247,DE,Mathias Kiwanuka,Mathias,Kiwanuka,Neck,,Out,Neck,,Did Not Participate In Practice,2010-10-08T10:17:38Z
2010,REG,NYG,5,00-0019276,C,Shaun O'Hara,Shaun,O'Hara,Ankle,Achilles,Out,Ankle,Achilles,Did Not Participate In Practice,2010-10-08T10:18:01Z
2010,REG,NYG,5,00-0027036,T,Will Beatty,Will,Beatty,Foot,,Out,Foot,,Out (Definitely Will Not Play),2010-10-08T10:17:07Z
2010,REG,NYG,5,00-0026171,S,Kenny Phillips,Kenny,Phillips,Knee,,Questionable,Knee,,Did Not Participate In Practice,2010-10-08T10:18:14Z
2010,REG,NYG,5,00-0025637,RB,Ahmad Bradshaw,Ahmad,Bradshaw,Ankle,,Questionable,Ankle,,Limited Participation in Practice,2010-10-08T10:17:14Z
2010,REG,NYG,5,00-0026203,CB,Terrell Thomas,Terrell,Thomas,Hamstring,,Questionable,Hamstring,,Limited Participation in Practice,2010-10-08T10:18:25Z
2010,REG,NYG,5,00-0025576,C,Adam Koets,Adam,Koets,Knee,,Probable,Knee,,Limited Participation in Practice,2010-10-08T10:17:50Z
2010,REG,NYG,5,00-0021977,DE,Osi Umenyiora,Osi,Umenyiora,Knee,,Probable,Knee,,Limited Participation in Practice,2010-10-08T10:16:52Z
2010,REG,NYJ,5,00-0026662,LB,Jamaal Westerman,Jamaal,Westerman,Ankle,,Questionable,Ankle,,Limited Participation in Practice,2010-10-09T11:39:03Z
2010,REG,NYJ,5,00-0027739,RB,John Conner,John,Conner,Neck,,Probable,Neck,,Full Participation in Practice,2010-10-09T11:38:48Z
2010,REG,NYJ,5,00-0019545,DE,Shaun Ellis,Shaun,Ellis,Knee,,Probable,Knee,,Full Participation in Practice,2010-10-09T11:38:48Z
2010,REG,NYJ,5,00-0022000,T,Wayne Hunter,Wayne,Hunter,Shin,,Probable,Shin,,Full Participation in Practice,2010-10-09T11:38:48Z
2010,REG,NYJ,5,00-0024244,C,Nick Mangold,Nick,Mangold,Shoulder,,Probable,Shoulder,,Full Participation in Practice,2010-10-09T11:38:48Z
2010,REG,NYJ,5,00-0020969,G,Brandon Moore,Brandon,Moore,Hamstring,,Probable,Hamstring,,Full Participation in Practice,2010-10-09T11:38:48Z
2010,REG,NYJ,5,00-0022120,LB,Calvin Pace,Calvin,Pace,Foot,,Probable,Foot,,Full Participation in Practice,2010-10-09T11:38:48Z
2010,REG,NYJ,5,00-0025401,CB,Darrelle Revis,Darrelle,Revis,Hamstring,,Probable,Hamstring,,Full Participation in Practice,2010-10-09T11:38:48Z
2010,REG,NYJ,5,00-0016112,LB,Jason Taylor,Jason,Taylor,Elbow,,Probable,Elbow,,Full Participation in Practice,2010-10-09T11:38:48Z
2010,REG,OAK,5,00-0027904,LB,Rolando McClain,Rolando,McClain,,,,Not Injury Related,,Full Participation in Practice,2010-10-08T12:42:43Z
2010,REG,OAK,5,00-0020514,RB,Michael Bennett,Michael,Bennett,Hamstring,,Out,Hamstring,,Did Not Participate In Practice,2010-10-08T12:44:20Z
2010,REG,OAK,5,00-0022836,G,Robert Gallery,Robert,Gallery,Hamstring,,Out,Hamstring,,Did Not Participate In Practice,2010-10-08T12:45:08Z
2010,REG,OAK,5,00-0027788,LB,Travis Goethel,Travis,Goethel,Back,,Out,Back,,Did Not Participate In Practice,2010-10-08T12:45:18Z
2010,REG,OAK,5,00-0021144,DT,John Henderson,John,Henderson,Foot,,Out,Foot,,Did Not Participate In Practice,2010-10-08T12:46:12Z
2010,REG,OAK,5,00-0024253,LB,Thomas Howard,Thomas,Howard,Knee,,Out,Knee,,Did Not Participate In Practice,2010-10-08T12:46:41Z
2010,REG,OAK,5,00-0026144,RB,Darren McFadden,Darren,McFadden,Hamstring,,Out,Hamstring,,Did Not Participate In Practice,2010-10-08T12:47:31Z
2010,REG,OAK,5,00-0026366,WR,Chaz Schilens,Chaz,Schilens,Knee,,Out,Knee,,Did Not Participate In Practice,2010-10-08T12:48:25Z
2010,REG,OAK,5,00-0023945,LB,Ricky Brown,Ricky,Brown,Hamstring,,Questionable,Hamstring,,Limited Participation in Practice,2010-10-08T12:44:45Z
2010,REG,OAK,5,00-0026192,LB,Quentin Groves,Quentin,Groves,Hamstring,,Questionable,Hamstring,,Limited Participation in Practice,2010-10-08T12:45:58Z
2010,REG,OAK,5,00-0027738,CB,Walter McFadden,Walter,McFadden,Hamstring,,Questionable,Hamstring,,Limited Participation in Practice,2010-10-08T12:47:52Z
2010,REG,OAK,5,00-0027810,CB,Jeremy Ware,Jeremy,Ware,Ankle,,Questionable,Ankle,,Limited Participation in Practice,2010-10-08T12:48:38Z
2010,REG,OAK,5,00-0024201,S,Hiram Eugene,Hiram,Eugene,Hamstring,,Probable,Hamstring,,Full Participation in Practice,2010-10-08T12:44:04Z
2010,REG,OAK,5,00-0024408,QB,Bruce Gradkowski,Bruce,Gradkowski,right Shoulder,,Probable,right Shoulder,,Full Participation in Practice,2010-10-08T12:45:40Z
2010,REG,OAK,5,00-0021949,CB,Chris Johnson,Chris,Johnson,Ankle,,Probable,Ankle,,Full Participation in Practice,2010-10-08T12:44:04Z
2010,REG,OAK,5,00-0025425,TE,Zach Miller,Zach,Miller,Hip,,Probable,Hip,,Full Participation in Practice,2010-10-08T12:48:15Z
2010,REG,PHI,5,00-0027758,WR,Riley Cooper,Riley,Cooper,Concussion,,Out,Concussion,,Did Not Participate In Practice,2010-10-08T09:23:17Z
2010,REG,PHI,5,00-0021956,CB,Asante Samuel,Asante,Samuel,Concussion,,Out,Concussion,,Did Not Participate In Practice,2010-10-08T09:23:37Z
2010,REG,PHI,5,00-0020245,QB,Michael Vick,Michael,Vick,Rib,,Out,Rib,,Did Not Participate In Practice,2010-10-08T09:23:42Z
2010,REG,PHI,5,00-0024156,G,Nick Cole,Nick,Cole,Knee,,Questionable,Knee,,Did Not Participate In Practice,2010-10-08T09:23:02Z
2010,REG,PHI,5,00-0027029,RB,LeSean McCoy,LeSean,McCoy,Rib,,Questionable,Rib,,Full Participation in Practice,2010-10-08T09:23:31Z
2010,REG,PHI,5,00-0021911,G,Reggie Wells,Reggie,Wells,Illness,,Probable,Illness,,Did Not Participate In Practice,2010-10-08T09:24:04Z
2010,REG,PHI,5,00-0027798,CB,Jorrick Calvin,Jorrick,Calvin,Shoulder,,Probable,Shoulder,,Full Participation in Practice,2010-10-08T09:22:52Z
2010,REG,PHI,5,00-0025549,TE,Brent Celek,Brent,Celek,Wrist,,Probable,Wrist,,Full Participation in Practice,2010-10-08T09:22:52Z
2010,REG,PHI,5,00-0023560,G,Todd Herremans,Todd,Herremans,Shoulder,,Probable,Shoulder,,Full Participation in Practice,2010-10-08T09:22:52Z
2010,REG,PHI,5,00-0027297,T,Austin Howard,Austin,Howard,Back,,Probable,Back,,Full Participation in Practice,2010-10-08T09:22:52Z
2010,REG,PHI,5,00-0025719,LB,Akeem Jordan,Akeem,Jordan,Abdomen,,Probable,Abdomen,,Full Participation in Practice,2010-10-08T09:22:52Z
2010,REG,SD,5,00-0026992,LB,Larry English,Larry,English,Foot,,Out,Foot,,Out (Definitely Will Not Play),2010-10-08T13:18:27Z
2010,REG,SD,5,00-0025627,LB,Brandon Siler,Brandon,Siler,Foot,,Doubtful,Foot,,Did Not Participate In Practice,2010-10-08T13:18:46Z
2010,REG,SD,5,00-0027710,S,Darrell Stuckey,Darrell,Stuckey,Hamstring,,Doubtful,Hamstring,,Did Not Participate In Practice,2010-10-08T13:18:54Z
2010,REG,SD,5,00-0023446,LB,Shawne Merriman,Shawne,Merriman,Calf,,Questionable,Calf,,Full Participation in Practice,2010-10-08T13:18:38Z
2010,REG,SD,5,00-0027052,G,Louis Vasquez,Louis,Vasquez,Knee,,Questionable,Knee,,Full Participation in Practice,2010-10-08T13:19:05Z
2010,REG,SD,5,00-0024734,LB,Antwan Applewhite,Antwan,Applewhite,Foot,,Probable,Foot,,Full Participation in Practice,2010-10-08T13:18:11Z
2010,REG,SD,5,00-0027864,RB,Ryan Mathews,Ryan,Mathews,Ankle,,Probable,Ankle,,Limited Participation in Practice,2010-10-08T13:19:21Z
2010,REG,SF,5,00-0024389,TE,Delanie Walker,Delanie,Walker,Ankle,,Out,Ankle,,Out (Definitely Will Not Play),2010-10-08T14:20:10Z
2010,REG,SF,5,00-0027608,WR,Kyle Williams,Kyle,Williams,Finger,,Questionable,Finger,,Did Not Participate In Practice,2010-10-08T14:20:22Z
2010,REG,SF,5,00-0026179,G,Chilo Rachal,Chilo,Rachal,Knee,,Probable,Knee,,Full Participation in Practice,2010-10-08T14:20:02Z
2010,REG,STL,5,00-0026368,LB,Chris Chamberlain,Chris,Chamberlain,Toe,,Out,Toe,,Did Not Participate In Practice,2010-10-08T11:39:29Z
2010,REG,STL,5,00-0024178,CB,Kevin Dockery,Kevin,Dockery,Hamstring,,Out,Hamstring,,Did Not Participate In Practice,2010-10-08T11:35:21Z
2010,REG,STL,5,00-0027073,DT,Darell Scott,Darell,Scott,Ankle,,Out,Ankle,,Did Not Participate In Practice,2010-10-08T11:36:45Z
2010,REG,STL,5,00-0023679,TE,Billy Bajema,Billy,Bajema,Knee,,Out,Knee,,Limited Participation in Practice,2010-10-08T11:42:32Z
2010,REG,STL,5,00-0026241,CB,Justin King,Justin,King,right Calf,,Questionable,right Calf,,Did Not Participate In Practice,2010-10-08T11:39:03Z
2010,REG,STL,5,00-0025541,DT,Clifton Ryan,Clifton,Ryan,migraines,,Questionable,migraines,,Full Participation in Practice,2010-10-08T11:47:02Z
2010,REG,STL,5,00-0027732,TE,Michael Hoomanawanui,Michael,Hoomanawanui,Ankle,,Questionable,Ankle,,Limited Participation in Practice,2010-10-08T11:43:26Z
2010,REG,STL,5,00-0022736,RB,Steven Jackson,Steven,Jackson,Groin,,Probable,Groin,,Full Participation in Practice,2010-10-08T11:45:25Z
2010,REG,STL,5,00-0025462,WR,Laurent Robinson,Laurent,Robinson,Ankle,,Probable,Ankle,,Full Participation in Practice,2010-10-08T11:46:12Z
2010,REG,STL,5,00-0027648,T,Rodger Saffold,Rodger,Saffold,tibia,,Probable,tibia,,Full Participation in Practice,2010-10-08T11:47:53Z
2010,REG,STL,5,00-0027256,S,Darian Stewart,Darian,Stewart,Hamstring,,Probable,Hamstring,,Full Participation in Practice,2010-10-08T11:48:55Z
2010,REG,STL,5,00-0023327,DT,Gary Gibson,Gary,Gibson,Shoulder,,Probable,Shoulder,,Limited Participation in Practice,2010-10-08T11:41:31Z
2010,REG,STL,5,00-0022684,P,Donnie Jones,Donnie,Jones,left Calf,,Probable,left Calf,,Limited Participation in Practice,2010-10-08T11:44:27Z
2010,REG,TB,5,00-0025569,LB,Adam Hayward,Adam,Hayward,Illness,,Probable,Illness,,Did Not Participate In Practice,2010-10-08T10:57:15Z
2010,REG,TB,5,00-0022710,LB,Niko Koutouvides,Niko,Koutouvides,Ankle,,Probable,Ankle,,Full Participation in Practice,2010-10-08T10:56:39Z
2010,REG,TB,5,00-0026906,DE,Kyle Moore,Kyle,Moore,Shoulder,,Probable,Shoulder,,Full Participation in Practice,2010-10-08T10:56:39Z
2010,REG,TB,5,00-0024305,WR,Maurice Stovall,Maurice,Stovall,Back,,Probable,Back,,Full Participation in Practice,2010-10-08T10:56:39Z
2010,REG,TB,5,00-0022922,TE,Kellen Winslow,Kellen,Winslow,Knee,,Probable,Knee,,Full Participation in Practice,2010-10-08T10:56:39Z
2010,REG,TEN,5,00-0021982,WR,Justin Gage,Justin,Gage,Hamstring,,Out,Hamstring,,Did Not Participate In Practice,2010-10-08T12:02:29Z
2010,REG,TEN,5,00-0027136,CB,Jason McCourty,Jason,McCourty,Forearm,,Out,Forearm,,Did Not Participate In Practice,2010-10-08T12:02:51Z
2010,REG,TEN,5,00-0027038,DT,Sen'Derrick Marks,Sen'Derrick,Marks,Knee,,Doubtful,Knee,,Did Not Participate In Practice,2010-10-08T12:02:45Z
2010,REG,TEN,5,00-0025502,G,Leroy Harris,Leroy,Harris,Ankle,,Questionable,Ankle,,Did Not Participate In Practice,2010-10-08T12:02:38Z
2010,REG,TEN,5,00-0021490,DT,Tony Brown,Tony,Brown,Knee,,Questionable,Knee,,Full Participation in Practice,2010-10-08T12:02:20Z
2010,REG,TEN,5,00-0025591,DE,Jacob Ford,Jacob,Ford,Ankle,,Probable,Ankle,,Full Participation in Practice,2010-10-08T12:01:32Z
2010,REG,WAS,5,00-0001231,P,Josh Bidwell,Josh,Bidwell,,,,right Hip,,Did Not Participate In Practice,2010-10-06T12:43:08Z
2010,REG,WAS,5,00-0021179,RB,Clinton Portis,Clinton,Portis,Groin,,Out,Groin,,Out (Definitely Will Not Play),2010-10-08T11:53:17Z
2010,REG,WAS,5,00-0021149,DT,Albert Haynesworth,Albert,Haynesworth,Not Injury Related,,Questionable,Not Injury Related,,Did Not Participate In Practice,2010-10-08T11:54:13Z
2010,REG,WAS,5,00-0026389,S,Chris Horton,Chris,Horton,Ankle,,Questionable,Ankle,,Full Participation in Practice,2010-10-08T11:52:41Z
2010,REG,WAS,5,00-0025393,S,LaRon Landry,LaRon,Landry,Wrist,,Questionable,Wrist,,Full Participation in Practice,2010-10-08T11:52:49Z
2010,REG,WAS,5,00-0026248,G,Kory Lichtensteiger,Kory,Lichtensteiger,Knee,,Questionable,Knee,,Full Participation in Practice,2010-10-08T11:53:00Z
2010,REG,WAS,5,00-0011022,QB,Donovan McNabb,Donovan,McNabb,Thigh,,Questionable,Thigh,,Full Participation in Practice,2010-10-08T11:53:08Z
2010,REG,WAS,5,00-0027857,T,Trent Williams,Trent,Williams,Toe,,Questionable,Toe,,Limited Participation in Practice,2010-10-08T11:53:24Z
2010,REG,ATL,6,00-0027871,LB,Sean Weatherspoon,Sean,Weatherspoon,Knee,,Questionable,Knee,,Did Not Participate In Practice,2010-10-15T11:51:50Z
2010,REG,ATL,6,00-0019546,DE,John Abraham,John,Abraham,Back,,Questionable,Back,,Limited Participation in Practice,2010-10-15T11:51:23Z
2010,REG,ATL,6,00-0021227,TE,Justin Peelle,Justin,Peelle,Groin,,Questionable,Groin,,Limited Participation in Practice,2010-10-15T11:51:38Z
2010,REG,ATL,6,00-0005231,WR,Brian Finneran,Brian,Finneran,Knee,,Probable,Knee,,Full Participation in Practice,2010-10-15T11:51:12Z
2010,REG,ATL,6,00-0026177,LB,Curtis Lofton,Curtis,Lofton,Knee,,Probable,Knee,,Full Participation in Practice,2010-10-15T11:51:12Z
2010,REG,BAL,6,00-0025787,T,Jared Gaither,Jared,Gaither,Back,,Out,Back,,Out (Definitely Will Not Play),2010-10-15T11:55:42Z
2010,REG,BAL,6,00-0026211,LB,Tavares Gooden,Tavares,Gooden,Shoulder,,Out,Shoulder,,Out (Definitely Will Not Play),2010-10-15T11:55:47Z
2010,REG,BAL,6,00-0021147,WR,Donte' Stallworth,Donte',Stallworth,Foot,,Out,Foot,,Out (Definitely Will Not Play),2010-10-15T11:56:33Z
2010,REG,BAL,6,00-0027033,LB,Paul Kruger,Paul,Kruger,Knee,,Doubtful,Knee,,Limited Participation in Practice,2010-10-15T11:56:15Z
2010,REG,BAL,6,00-0024227,DT,Haloti Ngata,Haloti,Ngata,Knee,,Questionable,Knee,,Limited Participation in Practice,2010-10-15T11:56:23Z
2010,REG,BAL,6,00-0025442,CB,Josh Wilson,Josh,Wilson,Thigh,,Questionable,Thigh,,Limited Participation in Practice,2010-10-15T11:56:39Z
2010,REG,BAL,6,00-0022049,S,Ken Hamlin,Ken,Hamlin,Ankle,,Probable,Ankle,,Limited Participation in Practice,2010-10-15T11:55:58Z
2010,REG,BAL,6,00-0024714,TE,Edgar Jones,Edgar,Jones,Thigh,,Probable,Thigh,,Limited Participation in Practice,2010-10-15T11:56:08Z
2010,REG,BAL,6,00-0025524,RB,Le'Ron McClain,Le'Ron,McClain,Shoulder,Knee,Probable,Shoulder,Knee,Limited Participation in Practice,2010-10-15T11:55:34Z
2010,REG,BAL,6,00-0026407,LB,Jameel McClain,Jameel,McClain,Knee,,Probable,Knee,,Limited Participation in Practice,2010-10-15T11:55:34Z
2010,REG,BAL,6,00-0026195,RB,Ray Rice,Ray,Rice,Knee,,Probable,Knee,,Limited Participation in Practice,2010-10-15T11:55:34Z
2010,REG,CHI,6,00-0024226,QB,Jay Cutler,Jay,Cutler,,,,Head,,Full Participation in Practice,2010-10-13T13:00:19Z
2010,REG,CHI,6,00-0019456,LB,Brian Urlacher,Brian,Urlacher,,,,Groin,,Full Participation in Practice,2010-10-14T12:56:50Z
2010,REG,CHI,6,00-0026154,T,Chris Williams,Chris,Williams,,,,Hamstring,,Full Participation in Practice,2010-10-13T13:00:38Z
2010,REG,CHI,6,00-0020260,G,Roberto Garza,Roberto,Garza,Knee,,Out,Knee,,Did Not Participate In Practice,2010-10-15T13:00:29Z
2010,REG,CHI,6,00-0027680,S,Major Wright,Major,Wright,Hamstring,,Out,Hamstring,,Did Not Participate In Practice,2010-10-15T13:00:38Z
2010,REG,CHI,6,00-0022128,LB,Lance Briggs,Lance,Briggs,Ankle,,Questionable,Ankle,,Did Not Participate In Practice,2010-10-15T13:00:18Z
2010,REG,CHI,6,00-0022123,CB,Charles Tillman,Charles,Tillman,Calf,,Probable,Calf,,Full Participation in Practice,2010-10-15T13:00:02Z
2010,REG,CLE,6,00-0004161,QB,Jake Delhomme,Jake,Delhomme,Ankle,,Doubtful,Ankle,,Did Not Participate In Practice,2010-10-15T11:39:08Z
2010,REG,CLE,6,00-0019573,DE,Robaire Smith,Robaire,Smith,Back,,Doubtful,Back,,Did Not Participate In Practice,2010-10-15T11:39:31Z
2010,REG,CLE,6,00-0019666,T,John St. Clair,John,St. Clair,Ankle,,Doubtful,Ankle,,Did Not Participate In Practice,2010-10-15T11:39:52Z
2010,REG,CLE,6,00-0022055,QB,Seneca Wallace,Seneca,Wallace,Ankle,,Doubtful,Ankle,,Did Not Participate In Practice,2010-10-15T11:40:08Z
2010,REG,CLE,6,00-0021262,DE,Kenyon Coleman,Kenyon,Coleman,Knee,,Questionable,Knee,,Limited Participation in Practice,2010-10-15T11:40:38Z
2010,REG,CLE,6,00-0026367,RB,Peyton Hillis,Peyton,Hillis,Thigh,,Questionable,Thigh,,Limited Participation in Practice,2010-10-15T11:40:55Z
2010,REG,CLE,6,00-0020528,DT,Shaun Rogers,Shaun,Rogers,Elbow,,Questionable,Elbow,,Limited Participation in Practice,2010-10-15T11:41:18Z
2010,REG,CLE,6,00-0021273,TE,Robert Royal,Robert,Royal,Shoulder,,Questionable,Shoulder,,Limited Participation in Practice,2010-10-15T11:41:39Z
2010,REG,CLE,6,00-0020107,S,Nick Sorensen,Nick,Sorensen,Calf,,Questionable,Calf,,Limited Participation in Practice,2010-10-15T11:42:04Z
2010,REG,CLE,6,00-0020348,G,Floyd Womack,Floyd,Womack,Knee,,Questionable,Knee,,Limited Participation in Practice,2010-10-15T11:42:31Z
2010,REG,CLE,6,00-0023176,WR,Joshua Cribbs,Joshua,Cribbs,Ankle,,Probable,Ankle,,Full Participation in Practice,2010-10-15T11:47:01Z
2010,REG,CLE,6,00-0023405,S,Abram Elam,Abram,Elam,Knee,,Probable,Knee,,Full Participation in Practice,2010-10-15T11:47:26Z
2010,REG,CLE,6,00-0026997,C,Alex Mack,Alex,Mack,Shoulder,,Probable,Shoulder,,Full Participation in Practice,2010-10-15T11:47:43Z
2010,REG,CLE,6,00-0025390,T,Joe Thomas,Joe,Thomas,Shin,,Probable,Shin,,Full Participation in Practice,2010-10-15T11:47:56Z
2010,REG,DAL,6,00-0027902,WR,Dez Bryant,Dez,Bryant,Ribs,Ankle,Questionable,Ribs,Ankle,Did Not Participate In Practice,2010-10-15T11:58:23Z
2010,REG,DAL,6,00-0025624,S,Alan Ball,Alan,Ball,Shoulder,,Probable,Shoulder,,Full Participation in Practice,2010-10-15T11:57:59Z
2010,REG,DAL,6,00-0026201,TE,Martellus Bennett,Martellus,Bennett,Ankle,,Probable,Ankle,,Full Participation in Practice,2010-10-15T11:57:59Z
2010,REG,DAL,6,00-0027419,RB,Chris Gronkowski,Chris,Gronkowski,Groin,,Probable,Groin,,Full Participation in Practice,2010-10-15T11:57:59Z
2010,REG,DAL,6,00-0022137,LB,Bradie James,Bradie,James,Knee,,Probable,Knee,,Full Participation in Practice,2010-10-15T11:57:59Z
2010,REG,DAL,6,00-0022915,DE,Igor Olshansky,Igor,Olshansky,Knee,,Probable,Knee,,Full Participation in Practice,2010-10-15T11:57:59Z
2010,REG,DAL,6,00-0021385,C,Andre Gurode,Andre,Gurode,Knee,,Probable,Knee,,Limited Participation in Practice,2010-10-15T11:57:59Z
2010,REG,DEN,6,00-0026994,LB,Robert Ayers,Robert,Ayers,Foot,,Out,Foot,,Did Not Participate In Practice,2010-10-15T12:42:35Z
2010,REG,DEN,6,00-0004073,S,Brian Dawkins,Brian,Dawkins,Knee,,Out,Knee,,Did Not Participate In Practice,2010-10-15T12:42:50Z
2010,REG,DEN,6,00-0021194,CB,Andre' Goodman,Andre',Goodman,Quadricep,,Out,Quadricep,,Did Not Participate In Practice,2010-10-15T12:43:06Z
2010,REG,DEN,6,00-0027024,S,Darcel McBath,Darcel,McBath,Ankle,,Out,Ankle,,Did Not Participate In Practice,2010-10-15T12:43:32Z
2010,REG,DEN,6,00-0025828,LB,Wesley Woodyard,Wesley,Woodyard,Hamstring,,Out,Hamstring,,Did Not Participate In Practice,2010-10-15T12:44:08Z
2010,REG,DEN,6,00-0026323,RB,Spencer Larsen,Spencer,Larsen,Ankle,,Questionable,Ankle,,Limited Participation in Practice,2010-10-15T12:43:20Z
2010,REG,DEN,6,00-0026988,RB,Knowshon Moreno,Knowshon,Moreno,Hamstring,,Questionable,Hamstring,,Limited Participation in Practice,2010-10-15T12:43:45Z
2010,REG,DEN,6,00-0027874,WR,Demaryius Thomas,Demaryius,Thomas,Concussion,,Questionable,Concussion,,Limited Participation in Practice,2010-10-15T12:43:56Z
2010,REG,DEN,6,00-0027094,RB,Andre Brown,Andre,Brown,Illness,,Probable,Illness,,Full Participation in Practice,2010-10-15T12:42:22Z
2010,REG,DEN,6,00-0022034,LB,Mario Haggan,Mario,Haggan,Neck,,Probable,Neck,,Full Participation in Practice,2010-10-15T12:42:22Z
2010,REG,DET,6,00-0023832,LB,Spencer Havner,Spencer,Havner,,,,Hamstring,,Out (Definitely Will Not Play),2010-10-15T12:52:31Z
2010,REG,DET,6,00-0027050,LB,DeAndre Levy,DeAndre,Levy,Ankle,Groin,Out,Ankle,Groin,Did Not Participate In Practice,2010-10-15T12:53:34Z
2010,REG,DET,6,00-0025441,DE,Turk McBride,Turk,McBride,Ankle,,Out,Ankle,,Did Not Participate In Practice,2010-10-15T12:53:41Z
2010,REG,DET,6,00-0022216,CB,Nathan Vasher,Nathan,Vasher,Nose,Biceps,Out,Nose,Biceps,Did Not Participate In Practice,2010-10-15T12:53:48Z
2010,REG,DET,6,00-0025389,WR,Calvin Johnson,Calvin,Johnson,Shoulder,Knee,Questionable,Shoulder,Knee,Limited Participation in Practice,2010-10-15T12:54:03Z
2010,REG,DET,6,00-0022860,LB,Landon Johnson,Landon,Johnson,Concussion,,Questionable,Concussion,,Limited Participation in Practice,2010-10-15T12:54:11Z
2010,REG,DET,6,00-0026498,QB,Matthew Stafford,Matthew,Stafford,right Shoulder,,Questionable,right Shoulder,,Limited Participation in Practice,2010-10-15T12:54:22Z
2010,REG,DET,6,00-0027880,RB,Jahvid Best,Jahvid,Best,Toe,,Probable,Toe,,Limited Participation in Practice,2010-10-15T12:52:55Z
2010,REG,DET,6,00-0021999,WR,Nate Burleson,Nate,Burleson,Ankle,,Probable,Ankle,,Limited Participation in Practice,2010-10-15T12:52:55Z
2010,REG,DET,6,00-0027009,S,Louis Delmas,Louis,Delmas,Groin,,Probable,Groin,,Limited Participation in Practice,2010-10-15T12:52:55Z
2010,REG,DET,6,00-0026491,WR,Stefan Logan,Stefan,Logan,Foot,,Probable,Foot,,Limited Participation in Practice,2010-10-15T12:52:55Z
2010,REG,GB,6,00-0024422,S,Derrick Martin,Derrick,Martin,,,,Knee,,Out (Definitely Will Not Play),2010-10-13T13:00:54Z
2010,REG,GB,6,00-0022711,LB,Brandon Chillar,Brandon,Chillar,Shoulder,,Out,Shoulder,,Did Not Participate In Practice,2010-10-15T11:42:11Z
2010,REG,GB,6,00-0021990,LB,Nick Barnett,Nick,Barnett,Wrist,,Out,Wrist,,Out (Definitely Will Not Play),2010-10-15T11:41:59Z
2010,REG,GB,6,00-0026231,TE,Jermichael Finley,Jermichael,Finley,Knee,,Out,Knee,,Out (Definitely Will Not Play),2010-10-15T11:42:19Z
2010,REG,GB,6,00-0027002,LB,Clay Matthews,Clay,Matthews,Hamstring,,Doubtful,Hamstring,,Did Not Participate In Practice,2010-10-15T11:42:28Z
2010,REG,GB,6,00-0019502,T,Mark Tauscher,Mark,Tauscher,Shoulder,,Doubtful,Shoulder,,Did Not Participate In Practice,2010-10-15T11:44:36Z
2010,REG,GB,6,00-0027664,DE,Mike Neal,Mike,Neal,Shoulder,,Questionable,Shoulder,,Did Not Participate In Practice,2010-10-15T11:44:13Z
2010,REG,GB,6,00-0020515,DE,Ryan Pickett,Ryan,Pickett,Ankle,,Questionable,Ankle,,Did Not Participate In Practice,2010-10-15T11:44:21Z
2010,REG,GB,6,00-0004541,WR,Donald Driver,Donald,Driver,Quadricep,,Probable,Quadricep,,Did Not Participate In Practice,2010-10-15T11:42:48Z
2010,REG,GB,6,00-0023486,S,Nick Collins,Nick,Collins,Knee,,Probable,Knee,,Full Participation in Practice,2010-10-15T11:41:50Z
2010,REG,GB,6,00-0021706,DE,Cullen Jenkins,Cullen,Jenkins,Hamstring,Hand,Probable,Hamstring,Hand,Full Participation in Practice,2010-10-15T11:41:50Z
2010,REG,GB,6,00-0027106,RB,Quinn Johnson,Quinn,Johnson,Glute,,Probable,Glute,,Full Participation in Practice,2010-10-15T11:41:50Z
2010,REG,GB,6,00-0021929,TE,Donald Lee,Donald,Lee,Chest,,Probable,Chest,,Full Participation in Practice,2010-10-15T11:41:50Z
2010,REG,GB,6,00-0023459,QB,Aaron Rodgers,Aaron,Rodgers,Concussion,,Probable,Concussion,,Full Participation in Practice,2010-10-15T11:41:50Z
2010,REG,GB,6,00-0027440,CB,Sam Shields,Sam,Shields,Calf,,Probable,Calf,,Full Participation in Practice,2010-10-15T11:41:50Z
2010,REG,GB,6,00-0018227,CB,Charles Woodson,Charles,Woodson,Toe,,Probable,Toe,,Full Participation in Practice,2010-10-15T11:41:50Z
2010,REG,GB,6,00-0019702,T,Chad Clifton,Chad,Clifton,Knee,,Probable,Knee,,Limited Participation in Practice,2010-10-15T11:41:50Z
2010,REG,HOU,6,00-0026417,DE,Jesse Nading,Jesse,Nading,Knee,,Out,Knee,,Out (Definitely Will Not Play),2010-10-15T12:15:59Z
2010,REG,HOU,6,00-0026258,LB,Xavier Adibi,Xavier,Adibi,Hamstring,,Doubtful,Hamstring,,Did Not Participate In Practice,2010-10-15T12:15:01Z
2010,REG,HOU,6,00-0021225,LB,Kevin Bentley,Kevin,Bentley,Knee,,Doubtful,Knee,,Did Not Participate In Practice,2010-10-15T12:15:19Z
2010,REG,HOU,6,00-0023846,G,Mike Brisiel,Mike,Brisiel,Knee,,Doubtful,Knee,,Did Not Participate In Practice,2010-10-15T12:15:31Z
2010,REG,HOU,6,00-0027743,CB,Sherrick McManis,Sherrick,McManis,Hamstring,,Doubtful,Hamstring,,Did Not Participate In Practice,2010-10-15T12:15:48Z
2010,REG,HOU,6,00-0027819,WR,Dorin Dickerson,Dorin,Dickerson,Knee,,Questionable,Knee,,Limited Participation in Practice,2010-10-15T12:16:20Z
2010,REG,HOU,6,00-0025460,WR,Jacoby Jones,Jacoby,Jones,Calf,,Questionable,Calf,,Limited Participation in Practice,2010-10-15T12:16:52Z
2010,REG,HOU,6,00-0023750,DE,Mario Williams,Mario,Williams,Shoulder,,Questionable,Shoulder,,Limited Participation in Practice,2010-10-15T12:17:06Z
2010,REG,HOU,6,00-0026313,S,Dominique Barber,Dominique,Barber,Ribs,,Probable,Ribs,,Full Participation in Practice,2010-10-15T12:14:46Z
2010,REG,HOU,6,00-0026991,LB,Brian Cushing,Brian,Cushing,Knee,,Probable,Knee,,Full Participation in Practice,2010-10-15T12:14:46Z
2010,REG,HOU,6,00-0024313,TE,Owen Daniels,Owen,Daniels,Hamstring,,Probable,Hamstring,,Full Participation in Practice,2010-10-15T12:14:46Z
2010,REG,HOU,6,00-0026796,RB,Arian Foster,Arian,Foster,Knee,,Probable,Knee,,Full Participation in Practice,2010-10-15T12:14:46Z
2010,REG,HOU,6,00-0024269,S,Bernard Pollard,Bernard,Pollard,Neck,,Probable,Neck,,Full Participation in Practice,2010-10-15T12:14:46Z
2010,REG,HOU,6,00-0024248,LB,DeMeco Ryans,DeMeco,Ryans,Groin,,Probable,Groin,,Full Participation in Practice,2010-10-15T12:14:46Z
2010,REG,HOU,6,00-0027703,LB,Darryl Sharpton,Darryl,Sharpton,Ankle,,Probable,Ankle,,Full Participation in Practice,2010-10-15T12:14:46Z
2010,REG,HOU,6,00-0022770,RB,Derrick Ward,Derrick,Ward,Ribs,,Probable,Ribs,,Full Participation in Practice,2010-10-15T12:14:46Z
2010,REG,HOU,6,00-0022044,WR,Andre Johnson,Andre,Johnson,Ankle,,Probable,Ankle,,Limited Participation in Practice,2010-10-15T12:14:46Z
2010,REG,IND,6,00-0021146,DE,Dwight Freeney,Dwight,Freeney,,,,Rested,,Full Participation in Practice,2010-10-15T12:47:09Z
2010,REG,IND,6,00-0022059,DE,Robert Mathis,Robert,Mathis,,,,Rested,,Full Participation in Practice,2010-10-15T12:48:53Z
2010,REG,IND,6,00-0027831,LB,Kavell Conner,Kavell,Conner,Foot,,Out,Foot,,Did Not Participate In Practice,2010-10-15T12:51:56Z
2010,REG,IND,6,00-0022944,CB,Bob Sanders,Bob,Sanders,Biceps,,Out,Biceps,,Did Not Participate In Practice,2010-10-15T12:53:04Z
2010,REG,IND,6,00-0021484,LB,Gary Brackett,Gary,Brackett,Groin,,Questionable,Groin,,Did Not Participate In Practice,2010-10-15T12:51:33Z
2010,REG,IND,6,00-0027003,RB,Donald Brown,Donald,Brown,Hamstring,,Questionable,Hamstring,,Did Not Participate In Practice,2010-10-15T12:51:39Z
2010,REG,IND,6,00-0025419,WR,Anthony Gonzalez,Anthony,Gonzalez,Ankle,,Questionable,Ankle,,Did Not Participate In Practice,2010-10-15T12:52:19Z
2010,REG,IND,6,00-0024413,T,Charlie Johnson,Charlie,Johnson,Foot,,Questionable,Foot,,Did Not Participate In Practice,2010-10-15T12:52:41Z
2010,REG,IND,6,00-0026674,CB,Jacob Lacey,Jacob,Lacey,Foot,,Questionable,Foot,,Did Not Participate In Practice,2010-10-15T12:52:55Z
2010,REG,IND,6,00-0024245,RB,Joseph Addai,Joseph,Addai,Neck,,Questionable,Neck,,Full Participation in Practice,2010-10-15T12:51:25Z
2010,REG,IND,6,00-0027092,WR,Austin Collie,Austin,Collie,Foot,,Questionable,Foot,,Full Participation in Practice,2010-10-15T12:51:49Z
2010,REG,IND,6,00-0026345,WR,Pierre Garcon,Pierre,Garcon,Hamstring,,Questionable,Hamstring,,Full Participation in Practice,2010-10-15T12:52:11Z
2010,REG,IND,6,00-0026342,RB,Mike Hart,Mike,Hart,Hip,,Questionable,Hip,,Full Participation in Practice,2010-10-15T12:52:30Z
2010,REG,IND,6,00-0027064,CB,Jerraud Powers,Jerraud,Powers,Foot,,Probable,Foot,,Did Not Participate In Practice,2010-10-15T12:51:04Z
2010,REG,IND,6,00-0024421,CB,Antoine Bethea,Antoine,Bethea,Hamstring,,Probable,Hamstring,,Full Participation in Practice,2010-10-15T12:51:04Z
2010,REG,JAX,6,00-0026607,RB,Brock Bolen,Brock,Bolen,Groin,,Out,Groin,,Did Not Participate In Practice,2010-10-16T09:45:48Z
2010,REG,JAX,6,00-0027501,LB,Jacob Cutrera,Jacob,Cutrera,Calf,,Out,Calf,,Did Not Participate In Practice,2010-10-16T09:45:59Z
2010,REG,JAX,6,00-0023537,S,Sean Considine,Sean,Considine,Hamstring,,Probable,Hamstring,,Full Participation in Practice,2010-10-16T09:45:38Z
2010,REG,JAX,6,00-0025435,LB,Justin Durant,Justin,Durant,Ankle,,Probable,Ankle,,Full Participation in Practice,2010-10-16T09:45:38Z
2010,REG,JAX,6,00-0027155,RB,Rashad Jennings,Rashad,Jennings,Shoulder,,Probable,Shoulder,,Full Participation in Practice,2010-10-16T09:45:38Z
2010,REG,JAX,6,00-0024275,RB,Maurice Jones-Drew,Maurice,Jones-Drew,Ankle,,Probable,Ankle,,Full Participation in Practice,2010-10-16T09:45:38Z
2010,REG,JAX,6,00-0021269,DE,Aaron Kampman,Aaron,Kampman,Ankle,,Probable,Ankle,,Full Participation in Practice,2010-10-16T09:45:38Z
2010,REG,JAX,6,00-0022895,G,Justin Smiley,Justin,Smiley,Ankle,,Probable,Ankle,,Full Participation in Practice,2010-10-16T09:45:38Z
2010,REG,JAX,6,00-0027047,CB,Derek Cox,Derek,Cox,Hamstring,,Probable,Hamstring,,Limited Participation in Practice,2010-10-16T09:45:38Z
2010,REG,KC,6,00-0023534,P,Dustin Colquitt,Dustin,Colquitt,,,,Illness,,Full Participation in Practice,2010-10-14T12:59:13Z
2010,REG,KC,6,00-0026571,S,Reshard Langford,Reshard,Langford,Ankle,,Out,Ankle,,Did Not Participate In Practice,2010-10-15T12:49:29Z
2010,REG,KC,6,00-0020446,WR,Chris Chambers,Chris,Chambers,Finger,,Questionable,Finger,,Full Participation in Practice,2010-10-15T12:51:17Z
2010,REG,KC,6,00-0026980,DE,Tyson Jackson,Tyson,Jackson,Knee,,Questionable,Knee,,Full Participation in Practice,2010-10-15T12:49:21Z
2010,REG,KC,6,00-0027736,S,Kendrick Lewis,Kendrick,Lewis,Hamstring,,Questionable,Hamstring,,Full Participation in Practice,2010-10-15T12:50:05Z
2010,REG,KC,6,00-0024350,T,Ryan O'Callaghan,Ryan,O'Callaghan,Groin,,Questionable,Groin,,Full Participation in Practice,2010-10-15T12:49:41Z
2010,REG,MIA,6,00-0024102,DE,Tony McDaniel,Tony,McDaniel,,,,Not Injury Related,,Did Not Participate In Practice,2010-10-15T11:02:20Z
2010,REG,MIA,6,00-0022352,CB,Benny Sapp,Benny,Sapp,,,,Not Injury Related,,Did Not Participate In Practice,2010-10-14T12:40:10Z
2010,REG,MIA,6,00-0027878,DE,Jared Odrick,Jared,Odrick,Ankle,,Questionable,Ankle,,Limited Participation in Practice,2010-10-15T11:08:37Z
2010,REG,MIA,6,00-0023505,LB,Channing Crowder,Channing,Crowder,Groin,,Probable,Groin,,Full Participation in Practice,2010-10-15T11:07:59Z
2010,REG,MIA,6,00-0025820,T,Jake Long,Jake,Long,Knee,,Probable,Knee,,Full Participation in Practice,2010-10-15T11:08:18Z
2010,REG,MIN,6,00-0027760,G,Chris DeGeare,Chris,DeGeare,Ankle,,Out,Ankle,,Did Not Participate In Practice,2010-10-15T13:08:23Z
2010,REG,MIN,6,00-0027649,CB,Chris Cook,Chris,Cook,Knee,,Questionable,Knee,,Limited Participation in Practice,2010-10-15T13:08:34Z
2010,REG,MIN,6,00-0005106,QB,Brett Favre,Brett,Favre,Ankle,Elbow,Questionable,Ankle,Elbow,Limited Participation in Practice,2010-10-15T13:08:42Z
2010,REG,MIN,6,00-0026327,C,John Sullivan,John,Sullivan,Calf,,Questionable,Calf,,Limited Participation in Practice,2010-10-15T13:08:53Z
2010,REG,MIN,6,00-0025489,DE,Brian Robison,Brian,Robison,Ankle,,Probable,Ankle,,Full Participation in Practice,2010-10-15T13:08:06Z
2010,REG,MIN,6,00-0022054,TE,Visanthe Shiancoe,Visanthe,Shiancoe,Hamstring,,Probable,Hamstring,,Full Participation in Practice,2010-10-15T13:08:06Z
2010,REG,MIN,6,00-0022842,S,Madieu Williams,Madieu,Williams,Shoulder,,Probable,Shoulder,,Full Participation in Practice,2010-10-15T13:08:06Z
2010,REG,MIN,6,00-0026952,S,Jamarca Sanford,Jamarca,Sanford,Back,,Probable,Back,,Limited Participation in Practice,2010-10-15T13:08:06Z
2010,REG,NE,6,00-0016098,RB,Fred Taylor,Fred,Taylor,Toe,,Out,Toe,,Did Not Participate In Practice,2010-10-15T12:51:23Z
2010,REG,NE,6,00-0023567,S,James Sanders,James,Sanders,Hamstring,,Questionable,Hamstring,,Limited Participation in Practice,2010-10-15T12:51:34Z
2010,REG,NE,6,00-0019596,QB,Tom Brady,Tom,Brady,right Shoulder,,Probable,right Shoulder,,Full Participation in Practice,2010-10-15T12:51:03Z
2010,REG,NE,6,00-0026202,CB,Terrence Wheatley,Terrence,Wheatley,Foot,,Probable,Foot,,Full Participation in Practice,2010-10-15T12:51:03Z
2010,REG,NO,6,00-0024217,RB,Reggie Bush,Reggie,Bush,Fibula,,Out,Fibula,,Did Not Participate In Practice,2010-10-15T11:56:59Z
2010,REG,NO,6,00-0022344,CB,Randall Gay,Randall,Gay,Head,,Out,Head,,Did Not Participate In Practice,2010-10-15T11:57:11Z
2010,REG,NO,6,00-0026180,CB,Tracy Porter,Tracy,Porter,Knee,,Out,Knee,,Did Not Participate In Practice,2010-10-15T11:57:32Z
2010,REG,NO,6,00-0024813,RB,Pierre Thomas,Pierre,Thomas,Ankle,,Out,Ankle,,Did Not Participate In Practice,2010-10-15T11:57:53Z
2010,REG,NO,6,00-0022911,DE,Will Smith,Will,Smith,Groin,,Questionable,Groin,,Limited Participation in Practice,2010-10-15T11:57:41Z
2010,REG,NO,6,00-0022040,LB,Scott Shanle,Scott,Shanle,Hamstring,,Probable,Hamstring,,Did Not Participate In Practice,2010-10-15T11:56:44Z
2010,REG,NO,6,00-0027086,LB,Stanley Arnoux,Stanley,Arnoux,Ankle,,Probable,Ankle,,Full Participation in Practice,2010-10-15T11:56:44Z
2010,REG,NO,6,00-0020531,QB,Drew Brees,Drew,Brees,Knee,,Probable,Knee,,Full Participation in Practice,2010-10-15T11:56:44Z
2010,REG,NO,6,00-0023847,DE,Jeff Charleston,Jeff,Charleston,Neck,,Probable,Neck,,Full Participation in Practice,2010-10-15T11:56:44Z
2010,REG,NO,6,00-0024466,WR,Marques Colston,Marques,Colston,Rib,,Probable,Rib,,Full Participation in Practice,2010-10-15T11:56:44Z
2010,REG,NO,6,00-0027696,TE,Jimmy Graham,Jimmy,Graham,Ankle,,Probable,Ankle,,Full Participation in Practice,2010-10-15T11:56:44Z
2010,REG,NO,6,00-0027531,RB,Chris Ivory,Chris,Ivory,Knee,,Probable,Knee,,Full Participation in Practice,2010-10-15T11:56:44Z
2010,REG,NO,6,00-0022078,T,Jon Stinchcomb,Jon,Stinchcomb,Shoulder,,Probable,Shoulder,,Full Participation in Practice,2010-10-15T11:56:44Z
2010,REG,NO,6,00-0024424,T,Zach Strief,Zach,Strief,Knee,,Probable,Knee,,Full Participation in Practice,2010-10-15T11:56:44Z
2010,REG,NO,6,00-0023186,CB,Leigh Torrence,Leigh,Torrence,Toe,,Probable,Toe,,Full Participation in Practice,2010-10-15T11:56:44Z
2010,REG,NO,6,00-0025483,LB,Anthony Waters,Anthony,Waters,Hamstring,,Probable,Hamstring,,Full Participation in Practice,2010-10-15T11:56:44Z
2010,REG,NO,6,00-0021960,DE,Jimmy Wilkerson,Jimmy,Wilkerson,Knee,,Probable,Knee,,Full Participation in Practice,2010-10-15T11:56:44Z
2010,REG,NO,6,00-0025453,S,Usama Young,Usama,Young,Quadricep,,Probable,Quadricep,,Full Participation in Practice,2010-10-15T11:56:44Z
2010,REG,NO,6,00-0024258,S,Roman Harper,Roman,Harper,Hamstring,,Probable,Hamstring,,Limited Participation in Practice,2010-10-15T11:57:21Z
2010,REG,NYG,6,00-0027265,WR,Victor Cruz,Victor,Cruz,Hamstring,,Out,Hamstring,,Did Not Participate In Practice,2010-10-15T10:29:05Z
2010,REG,NYG,6,00-0023683,RB,Madison Hedgecock,Madison,Hedgecock,Hamstring,,Out,Hamstring,,Did Not Participate In Practice,2010-10-15T10:29:14Z
2010,REG,NYG,6,00-0027313,CB,Brian Jackson,Brian,Jackson,Neck,,Out,Neck,,Did Not Participate In Practice,2010-10-15T10:29:23Z
2010,REG,NYG,6,00-0024247,DE,Mathias Kiwanuka,Mathias,Kiwanuka,Neck,,Out,Neck,,Did Not Participate In Practice,2010-10-15T10:29:35Z
2010,REG,NYG,6,00-0027036,T,Will Beatty,Will,Beatty,Foot,,Out,Foot,,Out (Definitely Will Not Play),2010-10-15T10:28:43Z
2010,REG,NYG,6,00-0019648,LB,Keith Bulluck,Keith,Bulluck,Toe,,Questionable,Toe,,Limited Participation in Practice,2010-10-15T10:28:53Z
2010,REG,NYG,6,00-0019276,C,Shaun O'Hara,Shaun,O'Hara,Ankle,Achilles,Questionable,Ankle,Achilles,Limited Participation in Practice,2010-10-15T10:29:45Z
2010,REG,NYG,6,00-0019778,K,Lawrence Tynes,Lawrence,Tynes,left Ankle,,Questionable,left Ankle,,Limited Participation in Practice,2010-10-15T10:28:29Z
2010,REG,NYG,6,00-0024559,RB,Danny Ware,Danny,Ware,Groin,,Questionable,Groin,,Limited Participation in Practice,2010-10-15T10:30:06Z
2010,REG,NYG,6,00-0021977,DE,Osi Umenyiora,Osi,Umenyiora,Knee,,Probable,Knee,,Full Participation in Practice,2010-10-15T10:28:04Z
2010,REG,NYG,6,00-0026171,S,Kenny Phillips,Kenny,Phillips,Knee,,Probable,Knee,,Limited Participation in Practice,2010-10-15T10:29:54Z
2010,REG,NYJ,6,00-0025401,CB,Darrelle Revis,Darrelle,Revis,Hamstring,,Questionable,Hamstring,,Limited Participation in Practice,2010-10-15T10:32:45Z
2010,REG,NYJ,6,00-0023287,S,Jim Leonhard,Jim,Leonhard,Biceps,,Probable,Biceps,,Full Participation in Practice,2010-10-15T10:32:29Z
2010,REG,NYJ,6,00-0024244,C,Nick Mangold,Nick,Mangold,Shoulder,,Probable,Shoulder,,Full Participation in Practice,2010-10-15T10:32:29Z
2010,REG,NYJ,6,00-0020969,G,Brandon Moore,Brandon,Moore,Hamstring,,Probable,Hamstring,,Full Participation in Practice,2010-10-15T10:32:29Z
2010,REG,NYJ,6,00-0026662,LB,Jamaal Westerman,Jamaal,Westerman,Ankle,,Probable,Ankle,,Full Participation in Practice,2010-10-15T10:32:29Z
2010,REG,NYJ,6,00-0022120,LB,Calvin Pace,Calvin,Pace,Foot,,Probable,Foot,,Limited Participation in Practice,2010-10-15T10:32:29Z
2010,REG,OAK,6,00-0020514,RB,Michael Bennett,Michael,Bennett,Hamstring,,Out,Hamstring,,Did Not Participate In Practice,2010-10-15T12:37:57Z
2010,REG,OAK,6,00-0027788,LB,Travis Goethel,Travis,Goethel,Back,,Out,Back,,Did Not Participate In Practice,2010-10-15T12:38:05Z
2010,REG,OAK,6,00-0021144,DT,John Henderson,John,Henderson,Foot,,Out,Foot,,Did Not Participate In Practice,2010-10-15T12:38:42Z
2010,REG,OAK,6,00-0024253,LB,Thomas Howard,Thomas,Howard,Knee,,Out,Knee,,Did Not Participate In Practice,2010-10-15T12:38:57Z
2010,REG,OAK,6,00-0026366,WR,Chaz Schilens,Chaz,Schilens,Knee,,Out,Knee,,Did Not Participate In Practice,2010-10-15T12:39:14Z
2010,REG,OAK,6,00-0024408,QB,Bruce Gradkowski,Bruce,Gradkowski,right Shoulder,,Questionable,right Shoulder,,Did Not Participate In Practice,2010-10-15T12:38:15Z
2010,REG,OAK,6,00-0026192,LB,Quentin Groves,Quentin,Groves,Hamstring,,Questionable,Hamstring,,Limited Participation in Practice,2010-10-15T12:38:35Z
2010,REG,OAK,6,00-0025486,WR,Johnnie Lee Higgins,Johnnie Lee,Higgins,Knee,,Questionable,Knee,,Limited Participation in Practice,2010-10-15T12:38:48Z
2010,REG,OAK,6,00-0026144,RB,Darren McFadden,Darren,McFadden,Hamstring,,Questionable,Hamstring,,Limited Participation in Practice,2010-10-15T12:39:06Z
2010,REG,OAK,6,00-0022836,G,Robert Gallery,Robert,Gallery,Hamstring,,Probable,Hamstring,,Full Participation in Practice,2010-10-15T12:37:48Z
2010,REG,OAK,6,00-0023583,G,Daniel Loper,Daniel,Loper,Ankle,,Probable,Ankle,,Full Participation in Practice,2010-10-15T12:37:48Z
2010,REG,OAK,6,00-0027810,CB,Jeremy Ware,Jeremy,Ware,Ankle,,Probable,Ankle,,Full Participation in Practice,2010-10-15T12:37:48Z
2010,REG,PHI,6,00-0023579,DE,Trent Cole,Trent,Cole,,,,Hamstring,,Full Participation in Practice,2010-10-14T12:26:31Z
2010,REG,PHI,6,00-0024229,DT,Brodrick Bunkley,Brodrick,Bunkley,Elbow,,Out,Elbow,,Did Not Participate In Practice,2010-10-15T10:51:40Z
2010,REG,PHI,6,00-0022531,T,Jason Peters,Jason,Peters,Knee,,Out,Knee,,Out (Definitely Will Not Play),2010-10-15T10:51:46Z
2010,REG,PHI,6,00-0027758,WR,Riley Cooper,Riley,Cooper,Concussion,,Questionable,Concussion,,Full Participation in Practice,2010-10-15T10:52:26Z
2010,REG,PHI,6,00-0020245,QB,Michael Vick,Michael,Vick,Rib,,Questionable,Rib,,Limited Participation in Practice,2010-10-15T10:52:14Z
2010,REG,PHI,6,00-0025549,TE,Brent Celek,Brent,Celek,Wrist,,Probable,Wrist,,Full Participation in Practice,2010-10-15T10:51:17Z
2010,REG,PHI,6,00-0024156,G,Nick Cole,Nick,Cole,Knee,,Probable,Knee,,Full Participation in Practice,2010-10-15T10:51:17Z
2010,REG,PHI,6,00-0023560,G,Todd Herremans,Todd,Herremans,Knee,,Probable,Knee,,Full Participation in Practice,2010-10-15T10:51:17Z
2010,REG,PHI,6,00-0027297,T,Austin Howard,Austin,Howard,Back,,Probable,Back,,Full Participation in Practice,2010-10-15T10:51:17Z
2010,REG,PHI,6,00-0027029,RB,LeSean McCoy,LeSean,McCoy,Rib,,Probable,Rib,,Full Participation in Practice,2010-10-15T10:51:17Z
2010,REG,PHI,6,00-0023727,CB,Dimitri Patterson,Dimitri,Patterson,Back,,Probable,Back,,Full Participation in Practice,2010-10-15T10:51:17Z
2010,REG,PIT,6,00-0023528,G,Trai Essex,Trai,Essex,Ankle,,Doubtful,Ankle,,Limited Participation in Practice,2010-10-15T10:56:01Z
2010,REG,SD,6,00-0026992,LB,Larry English,Larry,English,Foot,,Out,Foot,,Out (Definitely Will Not Play),2010-10-15T12:45:03Z
2010,REG,SD,6,00-0025559,WR,Legedu Naanee,Legedu,Naanee,Hamstring,,Doubtful,Hamstring,,Did Not Participate In Practice,2010-10-15T12:45:13Z
2010,REG,SD,6,00-0025627,LB,Brandon Siler,Brandon,Siler,Foot,,Doubtful,Foot,,Did Not Participate In Practice,2010-10-15T12:45:25Z
2010,REG,SD,6,00-0025417,WR,Craig Davis,Craig,Davis,Ribs,,Probable,Ribs,,Full Participation in Practice,2010-10-15T12:44:46Z
2010,REG,SD,6,00-0027864,RB,Ryan Mathews,Ryan,Mathews,Ankle,,Probable,Ankle,,Full Participation in Practice,2010-10-15T12:44:46Z
2010,REG,SEA,6,00-0026178,TE,John Carlson,John,Carlson,,,,Not Injury Related,,Did Not Participate In Practice,2010-10-13T15:40:29Z
2010,REG,SEA,6,00-0025472,DT,Brandon Mebane,Brandon,Mebane,Calf,,Questionable,Calf,,Did Not Participate In Practice,2010-10-15T13:54:41Z
2010,REG,SEA,6,00-0021178,G,Chester Pitts,Chester,Pitts,Knee,,Questionable,Knee,,Full Participation in Practice,2010-10-15T13:54:50Z
2010,REG,SEA,6,00-0027828,DE,Dexter Davis,Dexter,Davis,Hamstring,,Probable,Hamstring,,Full Participation in Practice,2010-10-15T13:54:33Z
2010,REG,SEA,6,00-0022046,CB,Marcus Trufant,Marcus,Trufant,Ankle,,Probable,Ankle,,Full Participation in Practice,2010-10-15T13:54:33Z
2010,REG,SF,6,00-0026501,S,Curtis Taylor,Curtis,Taylor,Quadricep,,Out,Quadricep,,Did Not Participate In Practice,2010-10-15T13:16:09Z
2010,REG,SF,6,00-0024389,TE,Delanie Walker,Delanie,Walker,Ankle,,Out,Ankle,,Did Not Participate In Practice,2010-10-15T13:15:52Z
2010,REG,SF,6,00-0025415,T,Joe Staley,Joe,Staley,Shoulder,,Probable,Shoulder,,Full Participation in Practice,2010-10-15T13:15:40Z
2010,REG,SF,6,00-0025561,QB,Troy Smith,Troy,Smith,Abdomen,,Probable,Abdomen,,Limited Participation in Practice,2010-10-15T13:15:40Z
2010,REG,SF,6,00-0023529,G,Adam Snyder,Adam,Snyder,Quadricep,,Probable,Quadricep,,Limited Participation in Practice,2010-10-15T13:15:40Z
2010,REG,STL,6,00-0023327,DT,Gary Gibson,Gary,Gibson,,,,Shoulder,,Full Participation in Practice,2010-10-13T12:58:39Z
2010,REG,STL,6,00-0027256,S,Darian Stewart,Darian,Stewart,,,,Hamstring,,Full Participation in Practice,2010-10-13T13:00:07Z
2010,REG,STL,6,00-0026368,LB,Chris Chamberlain,Chris,Chamberlain,Toe,,Out,Toe,,Did Not Participate In Practice,2010-10-15T11:52:34Z
2010,REG,STL,6,00-0026392,LB,David Vobora,David,Vobora,Hamstring,,Questionable,Hamstring,,Did Not Participate In Practice,2010-10-15T11:52:44Z
2010,REG,STL,6,00-0023679,TE,Billy Bajema,Billy,Bajema,Knee,,Probable,Knee,,Full Participation in Practice,2010-10-15T11:52:17Z
2010,REG,STL,6,00-0023485,CB,Ron Bartell,Ron,Bartell,Calf,,Probable,Calf,,Full Participation in Practice,2010-10-15T11:52:17Z
2010,REG,STL,6,00-0022875,G,Jacob Bell,Jacob,Bell,Head,,Probable,Head,,Full Participation in Practice,2010-10-15T11:52:17Z
2010,REG,STL,6,00-0024178,CB,Kevin Dockery,Kevin,Dockery,Hamstring,,Probable,Hamstring,,Full Participation in Practice,2010-10-15T11:52:17Z
2010,REG,STL,6,00-0027700,WR,Mardy Gilyard,Mardy,Gilyard,Thigh,,Probable,Thigh,,Full Participation in Practice,2010-10-15T11:52:17Z
2010,REG,STL,6,00-0027732,TE,Michael Hoomanawanui,Michael,Hoomanawanui,Ankle,,Probable,Ankle,,Full Participation in Practice,2010-10-15T11:52:17Z
2010,REG,STL,6,00-0026241,CB,Justin King,Justin,King,Calf,,Probable,Calf,,Full Participation in Practice,2010-10-15T11:52:17Z
2010,REG,STL,6,00-0025633,RB,Kenneth Darby,Kenneth,Darby,Ribs,,Probable,Ribs,,Limited Participation in Practice,2010-10-15T11:52:17Z
2010,REG,STL,6,00-0027073,DT,Darell Scott,Darell,Scott,Ankle,,Probable,Ankle,,Limited Participation in Practice,2010-10-15T11:52:17Z
2010,REG,TB,6,00-0022157,C,Jeff Faine,Jeff,Faine,Quadricep,,Out,Quadricep,,Out (Definitely Will Not Play),2010-10-15T12:23:28Z
2010,REG,TB,6,00-0025902,CB,Elbert Mack,Elbert,Mack,Foot,,Questionable,Foot,,Did Not Participate In Practice,2010-10-15T12:23:49Z
2010,REG,TB,6,00-0026906,DE,Kyle Moore,Kyle,Moore,Shoulder,,Questionable,Shoulder,,Did Not Participate In Practice,2010-10-15T12:24:05Z
2010,REG,TB,6,00-0027702,WR,Mike Williams,Mike,Williams,Foot,,Questionable,Foot,,Limited Participation in Practice,2010-10-15T12:24:15Z
2010,REG,TB,6,00-0026618,DE,Michael Bennett,Michael,Bennett,Groin,,Probable,Groin,,Did Not Participate In Practice,2010-10-15T12:25:08Z
2010,REG,TB,6,00-0021755,RB,Earnest Graham,Earnest,Graham,Hamstring,,Probable,Hamstring,,Full Participation in Practice,2010-10-15T12:23:18Z
2010,REG,TB,6,00-0022844,S,Sean Jones,Sean,Jones,Back,,Probable,Back,,Full Participation in Practice,2010-10-15T12:23:18Z
2010,REG,TB,6,00-0022710,LB,Niko Koutouvides,Niko,Koutouvides,Ankle,,Probable,Ankle,,Full Participation in Practice,2010-10-15T12:23:18Z
2010,REG,TB,6,00-0022922,TE,Kellen Winslow,Kellen,Winslow,Knee,,Probable,Knee,,Full Participation in Practice,2010-10-15T12:23:18Z
2010,REG,TEN,6,00-0027893,WR,Damian Williams,Damian,Williams,,,,Illness,,Did Not Participate In Practice,2010-10-14T12:49:10Z
2010,REG,TEN,6,00-0021982,WR,Justin Gage,Justin,Gage,Hamstring,,Out,Hamstring,,Did Not Participate In Practice,2010-10-16T11:27:14Z
2010,REG,TEN,6,00-0027038,DT,Sen'Derrick Marks,Sen'Derrick,Marks,Knee,,Questionable,Knee,,Full Participation in Practice,2010-10-16T11:27:24Z
2010,REG,TEN,6,00-0027136,CB,Jason McCourty,Jason,McCourty,Forearm,,Questionable,Forearm,,Full Participation in Practice,2010-10-16T11:27:31Z
2010,REG,TEN,6,00-0022771,C,Eugene Amano,Eugene,Amano,Ankle,,Questionable,Ankle,,Limited Participation in Practice,2010-10-16T11:27:59Z
2010,REG,TEN,6,00-0021490,DT,Tony Brown,Tony,Brown,Knee,,Probable,Knee,,Did Not Participate In Practice,2010-10-16T11:25:44Z
2010,REG,TEN,6,00-0025825,P,Brett Kern,Brett,Kern,right Hamstring,,Probable,right Hamstring,,Did Not Participate In Practice,2010-10-16T11:25:44Z
2010,REG,TEN,6,00-0025502,G,Leroy Harris,Leroy,Harris,Ankle,,Probable,Ankle,,Full Participation in Practice,2010-10-16T11:27:47Z
2010,REG,TEN,6,00-0026164,RB,Chris Johnson,Chris,Johnson,Thigh,,Probable,Thigh,,Limited Participation in Practice,2010-10-16T11:25:44Z
2010,REG,WAS,6,00-0021149,DT,Albert Haynesworth,Albert,Haynesworth,,,,Not Injury Related,,Did Not Participate In Practice,2010-10-13T12:56:15Z
2010,REG,WAS,6,00-0021179,RB,Clinton Portis,Clinton,Portis,Groin,,Out,Groin,,Out (Definitely Will Not Play),2010-10-15T12:52:12Z
2010,REG,WAS,6,00-0024250,LB,Rocky McIntosh,Rocky,McIntosh,Concussion,,Questionable,Concussion,,Did Not Participate In Practice,2010-10-15T12:51:04Z
2010,REG,WAS,6,00-0023447,T,Jammal Brown,Jammal,Brown,Knee,,Questionable,Knee,,Full Participation in Practice,2010-10-15T12:50:28Z
2010,REG,WAS,6,00-0025393,S,LaRon Landry,LaRon,Landry,Wrist,,Questionable,Wrist,,Full Participation in Practice,2010-10-15T12:50:54Z
2010,REG,WAS,6,00-0011022,QB,Donovan McNabb,Donovan,McNabb,Hamstring,,Questionable,Hamstring,,Full Participation in Practice,2010-10-15T12:51:37Z
2010,REG,WAS,6,00-0026320,S,Kareem Moore,Kareem,Moore,Knee,,Questionable,Knee,,Full Participation in Practice,2010-10-15T12:52:01Z
2010,REG,WAS,6,00-0027857,T,Trent Williams,Trent,Williams,Toe,Knee,Questionable,Toe,Knee,Full Participation in Practice,2010-10-15T12:52:22Z
2010,REG,ARI,7,00-0025529,WR,Steve Breaston,Steve,Breaston,Knee,,Questionable,Knee,,Limited Participation in Practice,2010-10-22T13:03:44Z
2010,REG,ARI,7,00-0026939,LB,Will Davis,Will,Davis,Groin,,Questionable,Groin,,Limited Participation in Practice,2010-10-22T13:04:26Z
2010,REG,ARI,7,00-0026221,WR,Early Doucet,Early,Doucet,Groin,,Questionable,Groin,,Limited Participation in Practice,2010-10-22T13:03:52Z
2010,REG,ARI,7,00-0026256,DE,Kenny Iwebema,Kenny,Iwebema,Knee,,Questionable,Knee,,Limited Participation in Practice,2010-10-22T13:04:00Z
2010,REG,ARI,7,00-0026727,LB,Reggie Walker,Reggie,Walker,Hamstring,,Questionable,Hamstring,,Limited Participation in Practice,2010-10-22T13:04:07Z
2010,REG,ARI,7,00-0022786,S,Matt Ware,Matt,Ware,Ankle,,Probable,Ankle,,Full Participation in Practice,2010-10-22T13:03:35Z
2010,REG,ARI,7,00-0027349,WR,Stephen Williams,Stephen,Williams,Back,,Probable,Back,,Limited Participation in Practice,2010-10-22T13:03:35Z
2010,REG,ATL,7,00-0026177,LB,Curtis Lofton,Curtis,Lofton,,,,Knee,,Limited Participation in Practice,2010-10-20T12:35:21Z
2010,REG,ATL,7,00-0021227,TE,Justin Peelle,Justin,Peelle,Groin,,Out,Groin,,Out (Definitely Will Not Play),2010-10-22T11:31:12Z
2010,REG,ATL,7,00-0027871,LB,Sean Weatherspoon,Sean,Weatherspoon,Knee,,Out,Knee,,Out (Definitely Will Not Play),2010-10-22T11:31:42Z
2010,REG,ATL,7,00-0022735,CB,Dunta Robinson,Dunta,Robinson,Head,Knee,Questionable,Head,Knee,Did Not Participate In Practice,2010-10-22T11:31:25Z
2010,REG,ATL,7,00-0026855,RB,Antone Smith,Antone,Smith,Shoulder,,Questionable,Shoulder,,Did Not Participate In Practice,2010-10-22T11:31:33Z
2010,REG,BAL,7,00-0026226,S,Tom Zbikowski,Tom,Zbikowski,Foot,,Out,Foot,,Did Not Participate In Practice,2010-10-22T11:42:09Z
2010,REG,BAL,7,00-0025787,T,Jared Gaither,Jared,Gaither,Back,,Out,Back,,Out (Definitely Will Not Play),2010-10-22T11:39:41Z
2010,REG,BAL,7,00-0026211,LB,Tavares Gooden,Tavares,Gooden,Shoulder,,Out,Shoulder,,Out (Definitely Will Not Play),2010-10-22T11:39:49Z
2010,REG,BAL,7,00-0021147,WR,Donte' Stallworth,Donte',Stallworth,Foot,,Out,Foot,,Out (Definitely Will Not Play),2010-10-22T11:40:53Z
2010,REG,BAL,7,00-0027755,WR,David Reed,David,Reed,Thigh,,Questionable,Thigh,,Did Not Participate In Practice,2010-10-22T11:42:45Z
2010,REG,BAL,7,00-0020516,TE,Todd Heap,Todd,Heap,Neck,,Questionable,Neck,,Full Participation in Practice,2010-10-22T11:40:01Z
2010,REG,BAL,7,00-0022139,LB,Jarret Johnson,Jarret,Johnson,Back,,Probable,Back,,Full Participation in Practice,2010-10-22T11:39:23Z
2010,REG,BAL,7,00-0024714,LB,Edgar Jones,Edgar,Jones,Thigh,,Probable,Thigh,,Full Participation in Practice,2010-10-22T11:39:23Z
2010,REG,BAL,7,00-0027033,LB,Paul Kruger,Paul,Kruger,Knee,,Probable,Knee,,Full Participation in Practice,2010-10-22T11:39:23Z
2010,REG,BAL,7,00-0010500,WR,Derrick Mason,Derrick,Mason,Ankle,Finger,Probable,Ankle,Finger,Full Participation in Practice,2010-10-22T11:39:23Z
2010,REG,BAL,7,00-0024379,T,Tony Moll,Tony,Moll,Eye,,Probable,Eye,,Full Participation in Practice,2010-10-22T11:39:23Z
2010,REG,BAL,7,00-0026346,S,Haruki Nakamura,Haruki,Nakamura,Back,,Probable,Back,,Full Participation in Practice,2010-10-22T11:39:23Z
2010,REG,BAL,7,00-0026195,RB,Ray Rice,Ray,Rice,Ankle,,Probable,Ankle,,Full Participation in Practice,2010-10-22T11:39:23Z
2010,REG,BAL,7,00-0026246,WR,Marcus Smith,Marcus,Smith,Back,,Probable,Back,,Full Participation in Practice,2010-10-22T11:39:23Z
2010,REG,BAL,7,00-0025442,CB,Josh Wilson,Josh,Wilson,Thigh,,Probable,Thigh,,Full Participation in Practice,2010-10-22T11:39:23Z
2010,REG,BUF,7,00-0018613,T,Cornell Green,Cornell,Green,Knee,,Out,Knee,,Did Not Participate In Practice,2010-10-22T11:58:54Z
2010,REG,BUF,7,00-0022008,CB,Terrence McGee,Terrence,McGee,Back,,Out,Back,,Did Not Participate In Practice,2010-10-22T11:59:00Z
2010,REG,BUF,7,00-0024348,DT,Kyle Williams,Kyle,Williams,Ankle,,Questionable,Ankle,,Did Not Participate In Practice,2010-10-22T11:58:44Z
2010,REG,BUF,7,00-0024392,LB,Keith Ellison,Keith,Ellison,Knee,,Questionable,Knee,,Limited Participation in Practice,2010-10-22T11:58:35Z
2010,REG,BUF,7,00-0027777,LB,Arthur Moats,Arthur,Moats,Elbow,,Probable,Elbow,,Full Participation in Practice,2010-10-22T11:58:21Z
2010,REG,BUF,7,00-0027088,TE,Shawn Nelson,Shawn,Nelson,Groin,,Probable,Groin,,Full Participation in Practice,2010-10-22T11:58:21Z
2010,REG,BUF,7,00-0021951,S,Bryan Scott,Bryan,Scott,Knee,,Probable,Knee,,Full Participation in Practice,2010-10-22T11:58:21Z
2010,REG,CAR,7,00-0026159,T,Jeff Otah,Jeff,Otah,Knee,,Out,Knee,,Out (Definitely Will Not Play),2010-10-22T11:53:01Z
2010,REG,CAR,7,00-0024335,LB,Jamar Williams,Jamar,Williams,Neck,,Out,Neck,,Out (Definitely Will Not Play),2010-10-22T11:54:24Z
2010,REG,CAR,7,00-0025542,TE,Dante Rosario,Dante,Rosario,Knee,,Probable,Knee,,Full Participation in Practice,2010-10-22T11:53:23Z
2010,REG,CAR,7,00-0020337,WR,Steve Smith,Steve,Smith,Ankle,,Probable,Ankle,,Full Participation in Practice,2010-10-22T11:53:44Z
2010,REG,CAR,7,00-0022214,G,Travelle Wharton,Travelle,Wharton,Knee,,Probable,Knee,,Full Participation in Practice,2010-10-22T11:54:02Z
2010,REG,CHI,7,00-0026282,CB,Zackary Bowman,Zackary,Bowman,Foot,,Doubtful,Foot,,Did Not Participate In Practice,2010-10-22T12:37:46Z
2010,REG,CHI,7,00-0020260,G,Roberto Garza,Roberto,Garza,Knee,,Doubtful,Knee,,Did Not Participate In Practice,2010-10-22T12:37:28Z
2010,REG,CHI,7,00-0022128,LB,Lance Briggs,Lance,Briggs,Ankle,,Questionable,Ankle,,Limited Participation in Practice,2010-10-22T12:36:42Z
2010,REG,CHI,7,00-0027680,S,Major Wright,Major,Wright,Hamstring,,Questionable,Hamstring,,Limited Participation in Practice,2010-10-22T12:37:02Z
2010,REG,CHI,7,00-0023614,S,Chris Harris,Chris,Harris,Knee,,Probable,Knee,,Full Participation in Practice,2010-10-22T12:35:40Z
2010,REG,CHI,7,00-0024257,S,Danieal Manning,Danieal,Manning,Back,,Probable,Back,,Full Participation in Practice,2010-10-22T12:36:00Z
2010,REG,CHI,7,00-0019456,LB,Brian Urlacher,Brian,Urlacher,Groin,,Probable,Groin,,Full Participation in Practice,2010-10-22T12:36:22Z
2010,REG,CIN,7,00-0025439,RB,Brian Leonard,Brian,Leonard,Thigh,,Out,Thigh,,Did Not Participate In Practice,2010-10-22T10:10:09Z
2010,REG,CIN,7,00-0021143,S,Roy Williams,Roy,Williams,Knee,,Out,Knee,,Did Not Participate In Practice,2010-10-22T10:10:27Z
2010,REG,CIN,7,00-0023665,DE,Jonathan Fanene,Jonathan,Fanene,Hamstring,,Questionable,Hamstring,,Full Participation in Practice,2010-10-22T10:10:43Z
2010,REG,CIN,7,00-0026217,DT,Pat Sims,Pat,Sims,Knee,,Questionable,Knee,,Full Participation in Practice,2010-10-22T10:11:04Z
2010,REG,CIN,7,00-0024239,CB,Johnathan Joseph,Johnathan,Joseph,Ankle,,Questionable,Ankle,,Limited Participation in Practice,2010-10-22T10:10:53Z
2010,REG,CLE,7,00-0026742,LB,Marcus Benard,Marcus,Benard,,,,Not Injury Related,,Did Not Participate In Practice,2010-10-21T12:15:23Z
2010,REG,CLE,7,00-0004161,QB,Jake Delhomme,Jake,Delhomme,Ankle,,Doubtful,Ankle,,Did Not Participate In Practice,2010-10-22T12:04:47Z
2010,REG,CLE,7,00-0027026,WR,Mohamed Massaquoi,Mohamed,Massaquoi,Head,,Doubtful,Head,,Did Not Participate In Practice,2010-10-22T12:05:04Z
2010,REG,CLE,7,00-0019666,T,John St. Clair,John,St. Clair,Ankle,,Doubtful,Ankle,,Did Not Participate In Practice,2010-10-22T12:05:19Z
2010,REG,CLE,7,00-0022055,QB,Seneca Wallace,Seneca,Wallace,Ankle,,Doubtful,Ankle,,Did Not Participate In Practice,2010-10-22T12:05:37Z
2010,REG,CLE,7,00-0021262,DE,Kenyon Coleman,Kenyon,Coleman,Knee,,Questionable,Knee,,Limited Participation in Practice,2010-10-22T12:05:54Z
2010,REG,CLE,7,00-0020528,DT,Shaun Rogers,Shaun,Rogers,Ankle,,Questionable,Ankle,,Limited Participation in Practice,2010-10-22T12:06:22Z
2010,REG,CLE,7,00-0021273,TE,Robert Royal,Robert,Royal,Elbow,,Questionable,Elbow,,Limited Participation in Practice,2010-10-22T12:06:49Z
2010,REG,CLE,7,00-0026367,RB,Peyton Hillis,Peyton,Hillis,Thigh,,Probable,Thigh,,Full Participation in Practice,2010-10-22T12:07:36Z
2010,REG,CLE,7,00-0026997,C,Alex Mack,Alex,Mack,Shoulder,,Probable,Shoulder,,Full Participation in Practice,2010-10-22T12:07:50Z
2010,REG,CLE,7,00-0022943,TE,Benjamin Watson,Benjamin,Watson,Ankle,,Probable,Ankle,,Full Participation in Practice,2010-10-22T12:08:09Z
2010,REG,CLE,7,00-0020348,G,Floyd Womack,Floyd,Womack,Knee,,Probable,Knee,,Full Participation in Practice,2010-10-22T12:08:24Z
2010,REG,CLE,7,00-0023176,WR,Joshua Cribbs,Joshua,Cribbs,Head,,Probable,Head,,Limited Participation in Practice,2010-10-22T12:07:19Z
2010,REG,DAL,7,00-0021160,T,Marc Colombo,Marc,Colombo,,,,Not Injury Related,,Did Not Participate In Practice,2010-10-21T12:53:21Z
2010,REG,DAL,7,00-0021348,G,Kyle Kosier,Kyle,Kosier,Ankle,,Out,Ankle,,Did Not Participate In Practice,2010-10-23T11:24:17Z
2010,REG,DAL,7,00-0026165,CB,Mike Jenkins,Mike,Jenkins,Not Injury Related,,Probable,Not Injury Related,,Did Not Participate In Practice,2010-10-23T11:25:06Z
2010,REG,DAL,7,00-0027902,WR,Dez Bryant,Dez,Bryant,Ankle,,Probable,Ankle,,Full Participation in Practice,2010-10-23T11:23:57Z
2010,REG,DAL,7,00-0021385,C,Andre Gurode,Andre,Gurode,Knee,,Probable,Knee,,Full Participation in Practice,2010-10-23T11:23:57Z
2010,REG,DAL,7,00-0022137,LB,Bradie James,Bradie,James,Knee,,Probable,Knee,,Full Participation in Practice,2010-10-23T11:23:57Z
2010,REG,DEN,7,00-0022097,WR,Brandon Lloyd,Brandon,Lloyd,,,,Not Injury Related,,Did Not Participate In Practice,2010-10-20T14:23:06Z
2010,REG,DEN,7,00-0017813,DT,Jamal Williams,Jamal,Williams,,,,Not Injury Related,,Did Not Participate In Practice,2010-10-21T14:06:08Z
2010,REG,DEN,7,00-0026994,LB,Robert Ayers,Robert,Ayers,Foot,,Out,Foot,,Did Not Participate In Practice,2010-10-22T12:46:47Z
2010,REG,DEN,7,00-0004073,S,Brian Dawkins,Brian,Dawkins,Knee,,Out,Knee,,Did Not Participate In Practice,2010-10-22T12:47:05Z
2010,REG,DEN,7,00-0021194,CB,Andre' Goodman,Andre',Goodman,Quadricep,,Out,Quadricep,,Did Not Participate In Practice,2010-10-22T12:47:15Z
2010,REG,DEN,7,00-0027024,S,Darcel McBath,Darcel,McBath,Ankle,,Out,Ankle,,Did Not Participate In Practice,2010-10-22T12:47:23Z
2010,REG,DEN,7,00-0025828,LB,Wesley Woodyard,Wesley,Woodyard,Hamstring,,Out,Hamstring,,Did Not Participate In Practice,2010-10-22T12:48:02Z
2010,REG,DEN,7,00-0000585,CB,Champ Bailey,Champ,Bailey,Ribs,,Questionable,Ribs,,Limited Participation in Practice,2010-10-22T12:46:57Z
2010,REG,DEN,7,00-0026182,WR,Eddie Royal,Eddie,Royal,Groin,,Questionable,Groin,,Limited Participation in Practice,2010-10-22T12:47:36Z
2010,REG,DEN,7,00-0023648,DE,Kevin Vickerson,Kevin,Vickerson,Groin,,Questionable,Groin,,Limited Participation in Practice,2010-10-22T12:47:46Z
2010,REG,GB,7,00-0027664,DE,Mike Neal,Mike,Neal,Shoulder,,Out,Shoulder,,Out (Definitely Will Not Play),2010-10-22T11:38:28Z
2010,REG,GB,7,00-0023559,LB,Brady Poppinga,Brady,Poppinga,Knee,,Out,Knee,,Out (Definitely Will Not Play),2010-10-22T11:38:56Z
2010,REG,GB,7,00-0027768,G,Marshall Newhouse,Marshall,Newhouse,Back,,Doubtful,Back,,Did Not Participate In Practice,2010-10-22T11:38:37Z
2010,REG,GB,7,00-0022711,LB,Brandon Chillar,Brandon,Chillar,Shoulder,,Questionable,Shoulder,,Full Participation in Practice,2010-10-22T11:38:06Z
2010,REG,GB,7,00-0027002,LB,Clay Matthews,Clay,Matthews,Hamstring,,Questionable,Hamstring,,Limited Participation in Practice,2010-10-22T11:38:20Z
2010,REG,GB,7,00-0020515,DE,Ryan Pickett,Ryan,Pickett,Ankle,,Questionable,Ankle,,Limited Participation in Practice,2010-10-22T11:38:47Z
2010,REG,GB,7,00-0019502,T,Mark Tauscher,Mark,Tauscher,Shoulder,,Questionable,Shoulder,,Limited Participation in Practice,2010-10-22T11:39:06Z
2010,REG,GB,7,00-0019702,T,Chad Clifton,Chad,Clifton,Knee,,Probable,Knee,,Did Not Participate In Practice,2010-10-22T11:37:55Z
2010,REG,GB,7,00-0018227,CB,Charles Woodson,Charles,Woodson,Toe,,Probable,Toe,,Did Not Participate In Practice,2010-10-22T11:37:55Z
2010,REG,GB,7,00-0023486,S,Nick Collins,Nick,Collins,Knee,,Probable,Knee,,Full Participation in Practice,2010-10-22T11:37:55Z
2010,REG,GB,7,00-0021706,DE,Cullen Jenkins,Cullen,Jenkins,Hand,,Probable,Hand,,Full Participation in Practice,2010-10-22T11:37:55Z
2010,REG,GB,7,00-0004541,WR,Donald Driver,Donald,Driver,Quadricep,,Probable,Quadricep,,Limited Participation in Practice,2010-10-22T11:37:55Z
2010,REG,GB,7,00-0024220,LB,A.J. Hawk,A.J.,Hawk,Groin,,Probable,Groin,,Limited Participation in Practice,2010-10-22T11:37:55Z
2010,REG,JAX,7,00-0021231,QB,David Garrard,David,Garrard,Concussion,,Out,Concussion,,Did Not Participate In Practice,2010-10-22T10:14:44Z
2010,REG,JAX,7,00-0026607,RB,Brock Bolen,Brock,Bolen,Groin,,Questionable,Groin,,Limited Participation in Practice,2010-10-22T10:14:24Z
2010,REG,JAX,7,00-0025479,QB,Trent Edwards,Trent,Edwards,right Thumb,,Questionable,right Thumb,,Limited Participation in Practice,2010-10-22T10:14:35Z
2010,REG,JAX,7,00-0027862,DT,Tyson Alualu,Tyson,Alualu,Knee,,Probable,Knee,,Full Participation in Practice,2010-10-22T10:14:13Z
2010,REG,JAX,7,00-0027047,CB,Derek Cox,Derek,Cox,Hamstring,,Probable,Hamstring,,Full Participation in Practice,2010-10-22T10:14:13Z
2010,REG,JAX,7,00-0025466,WR,Mike Sims-Walker,Mike,Sims-Walker,Shoulder,,Probable,Shoulder,,Full Participation in Practice,2010-10-22T10:14:13Z
2010,REG,KC,7,00-0020446,WR,Chris Chambers,Chris,Chambers,,,,Finger,,Full Participation in Practice,2010-10-20T13:16:05Z
2010,REG,KC,7,00-0026980,DE,Tyson Jackson,Tyson,Jackson,,,,Knee,,Full Participation in Practice,2010-10-20T12:59:45Z
2010,REG,KC,7,00-0024350,T,Ryan O'Callaghan,Ryan,O'Callaghan,,,,Groin,,Full Participation in Practice,2010-10-20T12:59:59Z
2010,REG,KC,7,00-0026571,S,Reshard Langford,Reshard,Langford,Ankle,,Out,Ankle,,Limited Participation in Practice,2010-10-22T12:53:30Z
2010,REG,KC,7,00-0027736,S,Kendrick Lewis,Kendrick,Lewis,Hamstring,,Questionable,Hamstring,,Full Participation in Practice,2010-10-22T12:53:41Z
2010,REG,MIA,7,00-0027878,DE,Jared Odrick,Jared,Odrick,,,,Foot,,Did Not Participate In Practice,2010-10-21T10:17:16Z
2010,REG,MIA,7,00-0022405,RB,Lousaka Polite,Lousaka,Polite,Knee,,Questionable,Knee,,Limited Participation in Practice,2010-10-22T11:49:44Z
2010,REG,MIA,7,00-0022927,LB,Karlos Dansby,Karlos,Dansby,Knee,,Probable,Knee,,Full Participation in Practice,2010-10-22T11:50:06Z
2010,REG,MIN,7,00-0025940,S,Husain Abdullah,Husain,Abdullah,Concussion,,Out,Concussion,,Did Not Participate In Practice,2010-10-22T11:31:55Z
2010,REG,MIN,7,00-0027760,T,Chris DeGeare,Chris,DeGeare,Ankle,,Questionable,Ankle,,Limited Participation in Practice,2010-10-22T11:32:08Z
2010,REG,MIN,7,00-0021157,CB,Lito Sheppard,Lito,Sheppard,Hand,,Questionable,Hand,,Limited Participation in Practice,2010-10-22T11:32:16Z
2010,REG,MIN,7,00-0027649,CB,Chris Cook,Chris,Cook,Knee,,Probable,Knee,,Full Participation in Practice,2010-10-22T11:31:43Z
2010,REG,MIN,7,00-0005106,QB,Brett Favre,Brett,Favre,Ankle,Elbow,Probable,Ankle,Elbow,Full Participation in Practice,2010-10-22T11:31:43Z
2010,REG,MIN,7,00-0026292,DT,Letroy Guion,Letroy,Guion,Toe,,Probable,Toe,,Full Participation in Practice,2010-10-22T11:31:43Z
2010,REG,MIN,7,00-0022081,LB,E.J. Henderson,E.J.,Henderson,Knee,,Probable,Knee,,Full Participation in Practice,2010-10-22T11:31:43Z
2010,REG,MIN,7,00-0009323,TE,Jim Kleinsasser,Jim,Kleinsasser,Groin,,Probable,Groin,,Full Participation in Practice,2010-10-22T11:31:43Z
2010,REG,MIN,7,00-0025489,DE,Brian Robison,Brian,Robison,Ankle,,Probable,Ankle,,Full Participation in Practice,2010-10-22T11:31:43Z
2010,REG,MIN,7,00-0026327,C,John Sullivan,John,Sullivan,Calf,,Probable,Calf,,Full Participation in Practice,2010-10-22T11:31:43Z
2010,REG,MIN,7,00-0024266,T,Ryan Cook,Ryan,Cook,Wrist,,Probable,Wrist,,Limited Participation in Practice,2010-10-22T11:31:43Z
2010,REG,MIN,7,00-0026998,WR,Percy Harvin,Percy,Harvin,Hamstring,,Probable,Hamstring,,Limited Participation in Practice,2010-10-22T11:31:43Z
2010,REG,NE,7,00-0022427,WR,Wes Welker,Wes,Welker,,,,Not Injury Related,,Limited Participation in Practice,2010-10-20T15:37:08Z
2010,REG,NE,7,00-0024442,S,Jarrad Page,Jarrad,Page,Calf,,Out,Calf,,Did Not Participate In Practice,2010-10-22T11:43:35Z
2010,REG,NE,7,00-0016098,RB,Fred Taylor,Fred,Taylor,Toe,,Out,Toe,,Did Not Participate In Practice,2010-10-22T11:43:51Z
2010,REG,NE,7,00-0026071,CB,Kyle Arrington,Kyle,Arrington,Groin,,Questionable,Groin,,Limited Participation in Practice,2010-10-22T11:44:08Z
2010,REG,NE,7,00-0027150,WR,Julian Edelman,Julian,Edelman,Concussion,,Questionable,Concussion,,Limited Participation in Practice,2010-10-22T11:44:24Z
2010,REG,NE,7,00-0019596,QB,Tom Brady,Tom,Brady,right Shoulder,,Probable,right Shoulder,,Full Participation in Practice,2010-10-22T11:43:20Z
2010,REG,NE,7,00-0023567,S,James Sanders,James,Sanders,Hamstring,,Probable,Hamstring,,Full Participation in Practice,2010-10-22T11:43:20Z
2010,REG,NO,7,00-0021148,TE,Jeremy Shockey,Jeremy,Shockey,,,,Illness,,Limited Participation in Practice,2010-10-20T12:15:27Z
2010,REG,NO,7,00-0024217,RB,Reggie Bush,Reggie,Bush,Fibula,,Out,Fibula,,Did Not Participate In Practice,2010-10-22T12:05:50Z
2010,REG,NO,7,00-0026180,CB,Tracy Porter,Tracy,Porter,Knee,,Out,Knee,,Did Not Participate In Practice,2010-10-22T12:06:02Z
2010,REG,NO,7,00-0024813,RB,Pierre Thomas,Pierre,Thomas,Ankle,,Out,Ankle,,Did Not Participate In Practice,2010-10-22T12:06:12Z
2010,REG,NO,7,00-0022527,CB,Jabari Greer,Jabari,Greer,Shoulder,,Questionable,Shoulder,,Did Not Participate In Practice,2010-10-22T12:05:05Z
2010,REG,NO,7,00-0022040,LB,Scott Shanle,Scott,Shanle,Hamstring,,Questionable,Hamstring,,Limited Participation in Practice,2010-10-22T12:05:12Z
2010,REG,NO,7,00-0020531,QB,Drew Brees,Drew,Brees,Knee,,Probable,Knee,,Full Participation in Practice,2010-10-22T12:04:49Z
2010,REG,NO,7,00-0024323,G,Jahri Evans,Jahri,Evans,Hamstring,,Probable,Hamstring,,Full Participation in Practice,2010-10-22T12:04:49Z
2010,REG,NO,7,00-0022840,RB,Julius Jones,Julius,Jones,Shoulder,,Probable,Shoulder,,Full Participation in Practice,2010-10-22T12:04:49Z
2010,REG,NO,7,00-0022078,T,Jon Stinchcomb,Jon,Stinchcomb,Shoulder,,Probable,Shoulder,,Full Participation in Practice,2010-10-22T12:04:49Z
2010,REG,NO,7,00-0024424,T,Zach Strief,Zach,Strief,Knee,,Probable,Knee,,Full Participation in Practice,2010-10-22T12:04:49Z
2010,REG,NO,7,00-0023186,CB,Leigh Torrence,Leigh,Torrence,Shoulder,,Probable,Shoulder,,Full Participation in Practice,2010-10-22T12:04:49Z
2010,REG,NO,7,00-0025483,LB,Anthony Waters,Anthony,Waters,Hamstring,,Probable,Hamstring,,Full Participation in Practice,2010-10-22T12:04:49Z
2010,REG,NO,7,00-0024258,S,Roman Harper,Roman,Harper,Hamstring,,Probable,Hamstring,,Limited Participation in Practice,2010-10-22T12:04:49Z
2010,REG,NO,7,00-0027882,CB,Patrick Robinson,Patrick,Robinson,Knee,,Probable,Knee,,Limited Participation in Practice,2010-10-22T12:04:49Z
2010,REG,NO,7,00-0022911,DE,Will Smith,Will,Smith,Groin,,Probable,Groin,,Limited Participation in Practice,2010-10-22T12:04:49Z
2010,REG,NYG,7,00-0023683,RB,Madison Hedgecock,Madison,Hedgecock,Hamstring,,Out,Hamstring,,Did Not Participate In Practice,2010-10-25T08:16:35Z
2010,REG,NYG,7,00-0024247,DE,Mathias Kiwanuka,Mathias,Kiwanuka,Neck,,Out,Neck,,Did Not Participate In Practice,2010-10-25T08:16:35Z
2010,REG,NYG,7,00-0027036,T,Will Beatty,Will,Beatty,Foot,,Out,Foot,,Out (Definitely Will Not Play),2010-10-25T08:16:35Z
2010,REG,NYG,7,00-0027005,WR,Hakeem Nicks,Hakeem,Nicks,Hamstring,,Questionable,Hamstring,,Limited Participation in Practice,2010-10-25T08:16:35Z
2010,REG,NYG,7,00-0019648,LB,Keith Bulluck,Keith,Bulluck,Toe,,Probable,Toe,,Full Participation in Practice,2010-10-25T08:16:35Z
2010,REG,NYG,7,00-0027313,CB,Brian Jackson,Brian,Jackson,Neck,,Probable,Neck,,Full Participation in Practice,2010-10-25T08:16:35Z
2010,REG,NYG,7,00-0023509,DE,Justin Tuck,Justin,Tuck,Ankle,,Probable,Ankle,,Full Participation in Practice,2010-10-25T08:16:35Z
2010,REG,NYG,7,00-0019778,K,Lawrence Tynes,Lawrence,Tynes,left Ankle,,Probable,left Ankle,,Full Participation in Practice,2010-10-25T08:16:35Z
2010,REG,NYG,7,00-0021977,DE,Osi Umenyiora,Osi,Umenyiora,Knee,,Probable,Knee,,Full Participation in Practice,2010-10-25T08:16:35Z
2010,REG,NYG,7,00-0024559,RB,Danny Ware,Danny,Ware,Groin,,Probable,Groin,,Full Participation in Practice,2010-10-25T08:16:35Z
2010,REG,OAK,7,00-0027788,LB,Travis Goethel,Travis,Goethel,Back,,Out,Back,,Did Not Participate In Practice,2010-10-22T12:48:51Z
2010,REG,OAK,7,00-0021144,DT,John Henderson,John,Henderson,Foot,,Out,Foot,,Did Not Participate In Practice,2010-10-22T12:49:23Z
2010,REG,OAK,7,00-0024253,LB,Thomas Howard,Thomas,Howard,Knee,,Out,Knee,,Did Not Participate In Practice,2010-10-22T12:49:31Z
2010,REG,OAK,7,00-0026366,WR,Chaz Schilens,Chaz,Schilens,Knee,,Out,Knee,,Did Not Participate In Practice,2010-10-22T12:50:11Z
2010,REG,OAK,7,00-0027135,TE,Brandon Myers,Brandon,Myers,Concussion,,Questionable,Concussion,,Did Not Participate In Practice,2010-10-22T12:50:00Z
2010,REG,OAK,7,00-0020514,RB,Michael Bennett,Michael,Bennett,Hamstring,,Questionable,Hamstring,,Limited Participation in Practice,2010-10-22T12:44:24Z
2010,REG,OAK,7,00-0026240,S,Tyvon Branch,Tyvon,Branch,Back,,Questionable,Back,,Limited Participation in Practice,2010-10-22T12:44:45Z
2010,REG,OAK,7,00-0023460,QB,Jason Campbell,Jason,Campbell,Knee,,Questionable,Knee,,Limited Participation in Practice,2010-10-22T12:44:59Z
2010,REG,OAK,7,00-0024201,S,Hiram Eugene,Hiram,Eugene,Back,,Questionable,Back,,Limited Participation in Practice,2010-10-22T12:48:36Z
2010,REG,OAK,7,00-0024408,QB,Bruce Gradkowski,Bruce,Gradkowski,right Shoulder,,Questionable,right Shoulder,,Limited Participation in Practice,2010-10-22T12:49:12Z
2010,REG,OAK,7,00-0026144,RB,Darren McFadden,Darren,McFadden,Hamstring,,Questionable,Hamstring,,Limited Participation in Practice,2010-10-22T12:49:45Z
2010,REG,PHI,7,00-0024229,DT,Brodrick Bunkley,Brodrick,Bunkley,Elbow,,Out,Elbow,,Did Not Participate In Practice,2010-10-22T10:41:58Z
2010,REG,PHI,7,00-0026189,WR,DeSean Jackson,DeSean,Jackson,Concussion,,Out,Concussion,,Did Not Participate In Practice,2010-10-22T10:42:06Z
2010,REG,PHI,7,00-0022531,T,Jason Peters,Jason,Peters,Knee,,Out,Knee,,Did Not Participate In Practice,2010-10-22T10:42:14Z
2010,REG,PHI,7,00-0020245,QB,Michael Vick,Michael,Vick,Rib,,Questionable,Rib,,Full Participation in Practice,2010-10-22T10:42:24Z
2010,REG,PHI,7,00-0025549,TE,Brent Celek,Brent,Celek,Wrist,,Probable,Wrist,,Full Participation in Practice,2010-10-22T10:41:47Z
2010,REG,PHI,7,00-0024156,G,Nick Cole,Nick,Cole,Knee,,Probable,Knee,,Full Participation in Practice,2010-10-22T10:41:47Z
2010,REG,PHI,7,00-0027835,S,Kurt Coleman,Kurt,Coleman,Quadricep,,Probable,Quadricep,,Full Participation in Practice,2010-10-22T10:41:47Z
2010,REG,PHI,7,00-0027758,WR,Riley Cooper,Riley,Cooper,Concussion,,Probable,Concussion,,Full Participation in Practice,2010-10-22T10:41:47Z
2010,REG,PHI,7,00-0027865,DE,Brandon Graham,Brandon,Graham,Illness,Ankle,Probable,Illness,Ankle,Full Participation in Practice,2010-10-22T10:41:47Z
2010,REG,PHI,7,00-0027029,RB,LeSean McCoy,LeSean,McCoy,Rib,,Probable,Rib,,Full Participation in Practice,2010-10-22T10:41:47Z
2010,REG,PIT,7,00-0020712,LB,James Harrison,James,Harrison,,,,Not Injury Related,,Did Not Participate In Practice,2010-10-20T12:30:54Z
2010,REG,PIT,7,00-0021344,DE,Brett Keisel,Brett,Keisel,Hamstring,,Out,Hamstring,,Did Not Participate In Practice,2010-10-22T10:02:05Z
2010,REG,PIT,7,00-0023528,G,Trai Essex,Trai,Essex,Ankle,,Questionable,Ankle,,Limited Participation in Practice,2010-10-22T10:01:58Z
2010,REG,SD,7,00-0025627,LB,Brandon Siler,Brandon,Siler,,,,Foot,,Full Participation in Practice,2010-10-20T16:01:48Z
2010,REG,SD,7,00-0026992,LB,Larry English,Larry,English,Foot,,Out,Foot,,Did Not Participate In Practice,2010-10-22T13:45:31Z
2010,REG,SD,7,00-0022737,K,Nate Kaeding,Nate,Kaeding,right Groin,,Out,right Groin,,Did Not Participate In Practice,2010-10-22T13:45:57Z
2010,REG,SD,7,00-0022414,WR,Malcom Floyd,Malcom,Floyd,Hamstring,,Doubtful,Hamstring,,Did Not Participate In Practice,2010-10-22T13:45:39Z
2010,REG,SD,7,00-0025559,WR,Legedu Naanee,Legedu,Naanee,Hamstring,,Doubtful,Hamstring,,Did Not Participate In Practice,2010-10-22T13:46:05Z
2010,REG,SD,7,00-0021547,TE,Antonio Gates,Antonio,Gates,Toe,,Questionable,Toe,,Did Not Participate In Practice,2010-10-22T13:45:46Z
2010,REG,SD,7,00-0027597,LB,Kion Wilson,Kion,Wilson,Ankle,,Questionable,Ankle,,Limited Participation in Practice,2010-10-22T13:45:19Z
2010,REG,SD,7,00-0025417,WR,Craig Davis,Craig,Davis,Ribs,,Probable,Ribs,,Full Participation in Practice,2010-10-22T13:44:58Z
2010,REG,SD,7,00-0027864,RB,Ryan Mathews,Ryan,Mathews,Ankle,,Probable,Ankle,,Full Participation in Practice,2010-10-22T13:44:58Z
2010,REG,SEA,7,00-0024246,CB,Kelly Jennings,Kelly,Jennings,Hamstring,,Questionable,Hamstring,,Did Not Participate In Practice,2010-10-22T13:15:21Z
2010,REG,SEA,7,00-0025472,DT,Brandon Mebane,Brandon,Mebane,Calf,,Questionable,Calf,,Did Not Participate In Practice,2010-10-22T13:15:25Z
2010,REG,SEA,7,00-0027828,DE,Dexter Davis,Dexter,Davis,Hamstring,,Questionable,Hamstring,,Limited Participation in Practice,2010-10-22T13:15:16Z
2010,REG,SF,7,00-0023468,C,David Baas,David,Baas,,,,Not Injury Related,,Did Not Participate In Practice,2010-10-20T15:04:56Z
2010,REG,SF,7,00-0021341,C,Eric Heitmann,Eric,Heitmann,Neck,,Out,Neck,,Out (Definitely Will Not Play),2010-10-22T12:39:16Z
2010,REG,SF,7,00-0020495,CB,Nate Clements,Nate,Clements,Ankle,,Questionable,Ankle,,Limited Participation in Practice,2010-10-22T12:39:40Z
2010,REG,SF,7,00-0024389,TE,Delanie Walker,Delanie,Walker,Ankle,,Questionable,Ankle,,Limited Participation in Practice,2010-10-22T12:39:30Z
2010,REG,SF,7,00-0024221,TE,Vernon Davis,Vernon,Davis,Knee,,Probable,Knee,,Full Participation in Practice,2010-10-22T12:39:04Z
2010,REG,SF,7,00-0024354,LB,Parys Haralson,Parys,Haralson,Calf,,Probable,Calf,,Full Participation in Practice,2010-10-22T12:39:04Z
2010,REG,SF,7,00-0024237,LB,Manny Lawson,Manny,Lawson,Rib,,Probable,Rib,,Full Participation in Practice,2010-10-22T12:39:04Z
2010,REG,SF,7,00-0026314,WR,Josh Morgan,Josh,Morgan,Thigh,,Probable,Thigh,,Full Participation in Practice,2010-10-22T12:39:04Z
2010,REG,SF,7,00-0020535,DT,Justin Smith,Justin,Smith,Hand,,Probable,Hand,,Full Participation in Practice,2010-10-22T12:39:04Z
2010,REG,STL,7,00-0026241,CB,Justin King,Justin,King,Hamstring,,Out,Hamstring,,Did Not Participate In Practice,2010-10-22T11:49:45Z
2010,REG,STL,7,00-0025541,DT,Clifton Ryan,Clifton,Ryan,(migraines),,Out,(migraines),,Did Not Participate In Practice,2010-10-22T11:50:07Z
2010,REG,STL,7,00-0027256,S,Darian Stewart,Darian,Stewart,Hamstring,,Out,Hamstring,,Did Not Participate In Practice,2010-10-22T11:50:25Z
2010,REG,STL,7,00-0027700,WR,Mardy Gilyard,Mardy,Gilyard,Hamstring,,Doubtful,Hamstring,,Did Not Participate In Practice,2010-10-22T11:50:56Z
2010,REG,STL,7,00-0023485,CB,Ron Bartell,Ron,Bartell,Thigh,,Questionable,Thigh,,Limited Participation in Practice,2010-10-22T11:51:26Z
2010,REG,STL,7,00-0026368,LB,Chris Chamberlain,Chris,Chamberlain,Toe,,Questionable,Toe,,Limited Participation in Practice,2010-10-22T11:52:28Z
2010,REG,STL,7,00-0019467,LB,Na'il Diggs,Na'il,Diggs,Knee,,Probable,Knee,,Full Participation in Practice,2010-10-22T11:54:12Z
2010,REG,STL,7,00-0024178,CB,Kevin Dockery,Kevin,Dockery,Hamstring,,Probable,Hamstring,,Full Participation in Practice,2010-10-22T11:54:54Z
2010,REG,STL,7,00-0027073,DT,Darell Scott,Darell,Scott,Ankle,,Probable,Ankle,,Full Participation in Practice,2010-10-22T11:55:17Z
2010,REG,STL,7,00-0027670,CB,Jerome Murphy,Jerome,Murphy,Hamstring,,Probable,Hamstring,,Limited Participation in Practice,2010-10-22T11:52:55Z
2010,REG,STL,7,00-0026392,LB,David Vobora,David,Vobora,Hamstring,,Probable,Hamstring,,Limited Participation in Practice,2010-10-22T11:53:32Z
2010,REG,TB,7,00-0027650,DT,Brian Price,Brian,Price,Pelvis,,Out,Pelvis,,Did Not Participate In Practice,2010-10-22T12:03:22Z
2010,REG,TB,7,00-0022157,C,Jeff Faine,Jeff,Faine,Quadricep,,Out,Quadricep,,Out (Definitely Will Not Play),2010-10-22T12:02:24Z
2010,REG,TB,7,00-0025902,CB,Elbert Mack,Elbert,Mack,Heel,,Doubtful,Heel,,Did Not Participate In Practice,2010-10-22T12:02:59Z
2010,REG,TB,7,00-0021755,RB,Earnest Graham,Earnest,Graham,Hamstring,,Questionable,Hamstring,,Did Not Participate In Practice,2010-10-22T12:02:39Z
2010,REG,TB,7,00-0019954,G,Keydrick Vincent,Keydrick,Vincent,Back,,Questionable,Back,,Did Not Participate In Practice,2010-10-22T12:03:52Z
2010,REG,TB,7,00-0024238,G,Davin Joseph,Davin,Joseph,Knee,,Questionable,Knee,,Full Participation in Practice,2010-10-22T12:02:47Z
2010,REG,TB,7,00-0023471,LB,Barrett Ruud,Barrett,Ruud,Toe,,Questionable,Toe,,Full Participation in Practice,2010-10-22T12:03:42Z
2010,REG,TB,7,00-0026906,DE,Kyle Moore,Kyle,Moore,Shoulder,,Probable,Shoulder,,Full Participation in Practice,2010-10-22T12:02:11Z
2010,REG,TB,7,00-0022922,TE,Kellen Winslow,Kellen,Winslow,Knee,,Probable,Knee,,Full Participation in Practice,2010-10-22T12:02:11Z
2010,REG,TEN,7,00-0027006,WR,Kenny Britt,Kenny,Britt,,,,Not Injury Related,,Did Not Participate In Practice,2010-10-22T11:43:55Z
2010,REG,TEN,7,00-0021490,DT,Tony Brown,Tony,Brown,Knee,,Questionable,Knee,,Did Not Participate In Practice,2010-10-22T11:45:15Z
2010,REG,TEN,7,00-0023612,TE,Bo Scaife,Bo,Scaife,Groin,,Questionable,Groin,,Did Not Participate In Practice,2010-10-22T11:45:37Z
2010,REG,TEN,7,00-0024218,QB,Vince Young,Vince,Young,Knee,Ankle,Questionable,Knee,Ankle,Did Not Participate In Practice,2010-10-22T11:45:42Z
2010,REG,TEN,7,00-0021982,WR,Justin Gage,Justin,Gage,Hamstring,,Questionable,Hamstring,,Full Participation in Practice,2010-10-22T11:45:23Z
2010,REG,TEN,7,00-0027136,CB,Jason McCourty,Jason,McCourty,Forearm,,Questionable,Forearm,,Full Participation in Practice,2010-10-22T11:45:31Z
2010,REG,TEN,7,00-0003292,QB,Kerry Collins,Kerry,Collins,right Finger,,Probable,right Finger,,Full Participation in Practice,2010-10-22T11:44:12Z
2010,REG,TEN,7,00-0026164,RB,Chris Johnson,Chris,Johnson,Thigh,,Probable,Thigh,,Full Participation in Practice,2010-10-22T11:44:12Z
2010,REG,TEN,7,00-0026194,DT,Jason Jones,Jason,Jones,Shoulder,,Probable,Shoulder,,Full Participation in Practice,2010-10-22T11:44:12Z
2010,REG,WAS,7,00-0025997,RB,Chad Simpson,Chad,Simpson,,,,Hamstring,,Limited Participation in Practice,2010-10-22T13:45:56Z
2010,REG,WAS,7,00-0021179,RB,Clinton Portis,Clinton,Portis,Groin,,Out,Groin,,Out (Definitely Will Not Play),2010-10-22T13:46:38Z
2010,REG,WAS,7,00-0022738,TE,Chris Cooley,Chris,Cooley,Head,,Questionable,Head,,Full Participation in Practice,2010-10-22T13:46:11Z
2010,REG,WAS,7,00-0022923,CB,DeAngelo Hall,DeAngelo,Hall,Back,,Questionable,Back,,Full Participation in Practice,2010-10-22T13:46:18Z
2010,REG,WAS,7,00-0024250,LB,Rocky McIntosh,Rocky,McIntosh,Head,,Questionable,Head,,Full Participation in Practice,2010-10-22T13:46:31Z
2010,REG,WAS,7,00-0023444,CB,Carlos Rogers,Carlos,Rogers,Shoulder,,Questionable,Shoulder,,Full Participation in Practice,2010-10-22T13:46:45Z
2010,REG,WAS,7,00-0027857,T,Trent Williams,Trent,Williams,Knee,Toe,Questionable,Knee,Toe,Full Participation in Practice,2010-10-22T13:47:03Z
2010,REG,WAS,7,00-0025393,S,LaRon Landry,LaRon,Landry,Achilles,,Questionable,Achilles,,Limited Participation in Practice,2010-10-22T13:46:24Z
2010,REG,WAS,7,00-0014655,RB,Mike Sellers,Mike,Sellers,Heel,,Questionable,Heel,,Limited Participation in Practice,2010-10-22T13:46:54Z
2010,REG,ARI,8,00-0019538,LB,Clark Haggans,Clark,Haggans,Groin,,Doubtful,Groin,,Did Not Participate In Practice,2010-10-29T12:45:52Z
2010,REG,ARI,8,00-0025420,DT,Alan Branch,Alan,Branch,Back,,Questionable,Back,,Limited Participation in Practice,2010-10-29T12:46:00Z
2010,REG,ARI,8,00-0025529,WR,Steve Breaston,Steve,Breaston,Knee,,Questionable,Knee,,Limited Participation in Practice,2010-10-29T12:46:07Z
2010,REG,ARI,8,00-0026939,LB,Will Davis,Will,Davis,Knee,,Questionable,Knee,,Limited Participation in Practice,2010-10-29T12:45:33Z
2010,REG,ARI,8,00-0026221,WR,Early Doucet,Early,Doucet,Groin,,Questionable,Groin,,Limited Participation in Practice,2010-10-29T12:46:14Z
2010,REG,ARI,8,00-0027347,QB,Max Hall,Max,Hall,Head,,Probable,Head,,Full Participation in Practice,2010-10-29T12:44:49Z
2010,REG,ARI,8,00-0026727,LB,Reggie Walker,Reggie,Walker,Hamstring,,Probable,Hamstring,,Full Participation in Practice,2010-10-29T12:44:49Z
2010,REG,ARI,8,00-0027877,DT,Dan Williams,Dan,Williams,Groin,,Probable,Groin,,Full Participation in Practice,2010-10-29T12:44:49Z
2010,REG,ARI,8,00-0013126,LB,Joey Porter,Joey,Porter,Groin,,Probable,Groin,,Limited Participation in Practice,2010-10-29T12:44:49Z
2010,REG,ARI,8,00-0026910,CB,Gregory Toler,Gregory,Toler,Back,,Probable,Back,,Limited Participation in Practice,2010-10-29T12:44:49Z
2010,REG,BUF,8,00-0018613,T,Cornell Green,Cornell,Green,Knee,,Out,Knee,,Did Not Participate In Practice,2010-10-29T09:47:40Z
2010,REG,BUF,8,00-0027018,S,Jairus Byrd,Jairus,Byrd,Thigh,,Questionable,Thigh,,Full Participation in Practice,2010-10-29T09:47:08Z
2010,REG,BUF,8,00-0024392,LB,Keith Ellison,Keith,Ellison,Knee,,Questionable,Knee,,Full Participation in Practice,2010-10-29T09:47:16Z
2010,REG,BUF,8,00-0022008,CB,Terrence McGee,Terrence,McGee,Back,,Questionable,Back,,Full Participation in Practice,2010-10-29T09:47:32Z
2010,REG,BUF,8,00-0026359,T,Demetress Bell,Demetress,Bell,Knee,,Probable,Knee,,Full Participation in Practice,2010-10-29T09:47:00Z
2010,REG,CAR,8,00-0022047,DE,Tyler Brayton,Tyler,Brayton,,,,Not Injury Related,,Full Participation in Practice,2010-10-28T11:21:25Z
2010,REG,CAR,8,00-0026159,T,Jeff Otah,Jeff,Otah,Knee,,Out,Knee,,Out (Definitely Will Not Play),2010-10-29T11:03:51Z
2010,REG,CAR,8,00-0026174,WR,Devin Thomas,Devin,Thomas,Groin,,Doubtful,Groin,,Did Not Participate In Practice,2010-10-29T11:04:42Z
2010,REG,CAR,8,00-0024242,RB,DeAngelo Williams,DeAngelo,Williams,Foot,,Doubtful,Foot,,Did Not Participate In Practice,2010-10-29T11:05:21Z
2010,REG,CIN,8,00-0023665,DE,Jonathan Fanene,Jonathan,Fanene,Hamstring,,Out,Hamstring,,Out (Definitely Will Not Play),2010-10-29T11:10:40Z
2010,REG,CIN,8,00-0021143,S,Roy Williams,Roy,Williams,Knee,,Doubtful,Knee,,Limited Participation in Practice,2010-10-29T11:09:26Z
2010,REG,CIN,8,00-0025439,RB,Brian Leonard,Brian,Leonard,Thigh,,Questionable,Thigh,,Full Participation in Practice,2010-10-29T11:09:39Z
2010,REG,CIN,8,00-0024356,LB,Brandon Johnson,Brandon,Johnson,Knee,,Questionable,Knee,,Limited Participation in Practice,2010-10-29T11:09:53Z
2010,REG,CIN,8,00-0024239,CB,Johnathan Joseph,Johnathan,Joseph,Ankle,,Questionable,Ankle,,Limited Participation in Practice,2010-10-29T11:10:06Z
2010,REG,CIN,8,00-0025640,S,Chinedum Ndukwe,Chinedum,Ndukwe,Knee,,Questionable,Knee,,Limited Participation in Practice,2010-10-29T11:10:16Z
2010,REG,CIN,8,00-0026928,CB,Morgan Trent,Morgan,Trent,Knee,,Questionable,Knee,,Limited Participation in Practice,2010-10-29T11:10:29Z
2010,REG,CIN,8,00-0025405,CB,Leon Hall,Leon,Hall,Hamstring,,Probable,Hamstring,,Full Participation in Practice,2010-10-29T11:09:10Z
2010,REG,CIN,8,00-0012478,WR,Terrell Owens,Terrell,Owens,Hand,,Probable,Hand,,Full Participation in Practice,2010-10-29T11:09:10Z
2010,REG,CIN,8,00-0021429,QB,Carson Palmer,Carson,Palmer,Hip,,Probable,Hip,,Full Participation in Practice,2010-10-29T11:09:10Z
2010,REG,CIN,8,00-0026149,LB,Keith Rivers,Keith,Rivers,Foot,,Probable,Foot,,Full Participation in Practice,2010-10-29T11:09:10Z
2010,REG,CIN,8,00-0026982,T,Andre Smith,Andre,Smith,Ankle,,Probable,Ankle,,Full Participation in Practice,2010-10-29T11:09:10Z
2010,REG,DAL,8,00-0024307,DE,Jason Hatcher,Jason,Hatcher,Groin,,Out,Groin,,Did Not Participate In Practice,2010-10-29T11:30:13Z
2010,REG,DAL,8,00-0022094,G,Montrae Holland,Montrae,Holland,Groin,,Out,Groin,,Did Not Participate In Practice,2010-10-29T11:30:21Z
2010,REG,DAL,8,00-0021348,G,Kyle Kosier,Kyle,Kosier,Ankle,,Out,Ankle,,Did Not Participate In Practice,2010-10-29T11:30:30Z
2010,REG,DAL,8,00-0021678,QB,Tony Romo,Tony,Romo,left Shoulder,,Out,left Shoulder,,Did Not Participate In Practice,2010-10-29T11:30:43Z
2010,REG,DAL,8,00-0022045,CB,Terence Newman,Terence,Newman,Ribs,,Questionable,Ribs,,Did Not Participate In Practice,2010-10-29T11:30:37Z
2010,REG,DAL,8,00-0027902,WR,Dez Bryant,Dez,Bryant,Ankle,,Probable,Ankle,,Full Participation in Practice,2010-10-29T11:30:04Z
2010,REG,DAL,8,00-0022137,LB,Bradie James,Bradie,James,Knee,,Probable,Knee,,Full Participation in Practice,2010-10-29T11:30:04Z
2010,REG,DEN,8,00-0026994,LB,Robert Ayers,Robert,Ayers,Foot,,Out,Foot,,Did Not Participate In Practice,2010-10-29T10:11:24Z
2010,REG,DEN,8,00-0027737,CB,Perrish Cox,Perrish,Cox,Concussion,,Out,Concussion,,Did Not Participate In Practice,2010-10-29T10:11:39Z
2010,REG,DEN,8,00-0027024,S,Darcel McBath,Darcel,McBath,Ankle,,Out,Ankle,,Did Not Participate In Practice,2010-10-29T10:12:04Z
2010,REG,DEN,8,00-0023648,DE,Kevin Vickerson,Kevin,Vickerson,Groin,,Out,Groin,,Did Not Participate In Practice,2010-10-29T10:12:23Z
2010,REG,DEN,8,00-0025828,LB,Wesley Woodyard,Wesley,Woodyard,Hamstring,,Out,Hamstring,,Did Not Participate In Practice,2010-10-29T10:12:40Z
2010,REG,DEN,8,00-0004073,S,Brian Dawkins,Brian,Dawkins,Knee,,Probable,Knee,,Full Participation in Practice,2010-10-29T10:11:09Z
2010,REG,DEN,8,00-0021194,CB,Andre' Goodman,Andre',Goodman,Quadricep,,Probable,Quadricep,,Full Participation in Practice,2010-10-29T10:11:09Z
2010,REG,DEN,8,00-0026182,WR,Eddie Royal,Eddie,Royal,Groin,,Probable,Groin,,Full Participation in Practice,2010-10-29T10:11:09Z
2010,REG,DET,8,00-0020679,QB,Shaun Hill,Shaun,Hill,left Forearm,,Out,left Forearm,,Did Not Participate In Practice,2010-10-29T12:41:09Z
2010,REG,DET,8,00-0027152,LB,Zack Follett,Zack,Follett,Neck,,Out,Neck,,Out (Definitely Will Not Play),2010-10-29T12:41:00Z
2010,REG,DET,8,00-0022156,WR,Bryant Johnson,Bryant,Johnson,Foot,,Questionable,Foot,,Limited Participation in Practice,2010-10-29T12:41:16Z
2010,REG,DET,8,00-0027050,LB,DeAndre Levy,DeAndre,Levy,Ankle,,Questionable,Ankle,,Limited Participation in Practice,2010-10-29T12:41:23Z
2010,REG,DET,8,00-0025441,DE,Turk McBride,Turk,McBride,Ankle,,Questionable,Ankle,,Limited Participation in Practice,2010-10-29T12:41:31Z
2010,REG,DET,8,00-0026227,DT,Andre Fluellen,Andre,Fluellen,Concussion,,Probable,Concussion,,Full Participation in Practice,2010-10-29T12:40:50Z
2010,REG,DET,8,00-0027880,RB,Jahvid Best,Jahvid,Best,Toe,,Probable,Toe,,Limited Participation in Practice,2010-10-29T12:40:50Z
2010,REG,DET,8,00-0027009,S,Louis Delmas,Louis,Delmas,Groin,,Probable,Groin,,Limited Participation in Practice,2010-10-29T12:40:50Z
2010,REG,GB,8,00-0026946,LB,Brad Jones,Brad,Jones,,,,Shoulder,,Out (Definitely Will Not Play),2010-10-28T12:52:53Z
2010,REG,GB,8,00-0020515,DE,Ryan Pickett,Ryan,Pickett,Ankle,,Questionable,Ankle,,Did Not Participate In Practice,2010-10-29T11:34:44Z
2010,REG,GB,8,00-0021706,DE,Cullen Jenkins,Cullen,Jenkins,Calf,,Questionable,Calf,,Limited Participation in Practice,2010-10-29T11:34:33Z
2010,REG,GB,8,00-0019502,T,Mark Tauscher,Mark,Tauscher,Shoulder,,Questionable,Shoulder,,Limited Participation in Practice,2010-10-29T11:34:53Z
2010,REG,GB,8,00-0023486,S,Nick Collins,Nick,Collins,Knee,,Probable,Knee,,Full Participation in Practice,2010-10-29T11:34:14Z
2010,REG,GB,8,00-0027768,G,Marshall Newhouse,Marshall,Newhouse,Back,,Probable,Back,,Full Participation in Practice,2010-10-29T11:34:14Z
2010,REG,GB,8,00-0019702,T,Chad Clifton,Chad,Clifton,Knee,,Probable,Knee,,Limited Participation in Practice,2010-10-29T11:34:14Z
2010,REG,GB,8,00-0004541,WR,Donald Driver,Donald,Driver,Quadricep,,Probable,Quadricep,,Limited Participation in Practice,2010-10-29T11:34:14Z
2010,REG,GB,8,00-0018227,CB,Charles Woodson,Charles,Woodson,Toe,,Probable,Toe,,Limited Participation in Practice,2010-10-29T11:34:14Z
2010,REG,HOU,8,00-0026229,RB,Steve Slaton,Steve,Slaton,,,,Not Injury Related,,Did Not Participate In Practice,2010-10-28T13:39:23Z
2010,REG,HOU,8,00-0027684,DT,Earl Mitchell,Earl,Mitchell,Ankle,,Doubtful,Ankle,,Did Not Participate In Practice,2010-10-30T10:52:36Z
2010,REG,HOU,8,00-0026417,DE,Jesse Nading,Jesse,Nading,Knee,,Doubtful,Knee,,Did Not Participate In Practice,2010-10-30T10:52:51Z
2010,REG,HOU,8,00-0023846,G,Mike Brisiel,Mike,Brisiel,Knee,,Questionable,Knee,,Limited Participation in Practice,2010-10-30T10:52:15Z
2010,REG,HOU,8,00-0026258,LB,Xavier Adibi,Xavier,Adibi,Hamstring,,Probable,Hamstring,,Full Participation in Practice,2010-10-30T10:52:03Z
2010,REG,HOU,8,00-0024313,TE,Owen Daniels,Owen,Daniels,Knee,,Probable,Knee,,Full Participation in Practice,2010-10-30T10:52:03Z
2010,REG,HOU,8,00-0027819,WR,Dorin Dickerson,Dorin,Dickerson,Knee,,Probable,Knee,,Full Participation in Practice,2010-10-30T10:52:03Z
2010,REG,HOU,8,00-0027718,TE,Garrett Graham,Garrett,Graham,Shoulder,,Probable,Shoulder,,Full Participation in Practice,2010-10-30T10:52:03Z
2010,REG,HOU,8,00-0022044,WR,Andre Johnson,Andre,Johnson,Ankle,,Probable,Ankle,,Full Participation in Practice,2010-10-30T10:52:03Z
2010,REG,HOU,8,00-0027743,CB,Sherrick McManis,Sherrick,McManis,Hamstring,,Probable,Hamstring,,Full Participation in Practice,2010-10-30T10:52:03Z
2010,REG,HOU,8,00-0023511,CB,Karl Paymah,Karl,Paymah,Wrist,,Probable,Wrist,,Full Participation in Practice,2010-10-30T10:52:03Z
2010,REG,HOU,8,00-0027703,LB,Darryl Sharpton,Darryl,Sharpton,Ankle,,Probable,Ankle,,Full Participation in Practice,2010-10-30T10:52:03Z
2010,REG,HOU,8,00-0021225,LB,Kevin Bentley,Kevin,Bentley,Knee,,Probable,Knee,,Limited Participation in Practice,2010-10-30T10:52:03Z
2010,REG,IND,8,00-0027092,WR,Austin Collie,Austin,Collie,Hand,,Out,Hand,,Did Not Participate In Practice,2010-10-30T11:06:58Z
2010,REG,IND,8,00-0027831,LB,Kavell Conner,Kavell,Conner,Foot,,Out,Foot,,Did Not Participate In Practice,2010-10-30T11:07:09Z
2010,REG,IND,8,00-0025539,DT,Antonio Johnson,Antonio,Johnson,Knee,,Out,Knee,,Did Not Participate In Practice,2010-10-30T11:07:42Z
2010,REG,IND,8,00-0022944,CB,Bob Sanders,Bob,Sanders,Biceps,,Out,Biceps,,Did Not Participate In Practice,2010-10-30T11:08:18Z
2010,REG,IND,8,00-0024245,RB,Joseph Addai,Joseph,Addai,Neck,,Doubtful,Neck,,Did Not Participate In Practice,2010-10-30T11:06:35Z
2010,REG,IND,8,00-0026674,CB,Jacob Lacey,Jacob,Lacey,Foot,,Questionable,Foot,,Did Not Participate In Practice,2010-10-30T11:08:03Z
2010,REG,IND,8,00-0027064,CB,Jerraud Powers,Jerraud,Powers,Foot,,Questionable,Foot,,Did Not Participate In Practice,2010-10-30T11:08:10Z
2010,REG,IND,8,00-0027003,RB,Donald Brown,Donald,Brown,Hamstring,,Questionable,Hamstring,,Full Participation in Practice,2010-10-30T11:06:48Z
2010,REG,IND,8,00-0026345,WR,Pierre Garcon,Pierre,Garcon,Hamstring,,Questionable,Hamstring,,Full Participation in Practice,2010-10-30T11:07:18Z
2010,REG,IND,8,00-0025419,WR,Anthony Gonzalez,Anthony,Gonzalez,Ankle,,Questionable,Ankle,,Full Participation in Practice,2010-10-30T11:07:31Z
2010,REG,IND,8,00-0020498,WR,Reggie Wayne,Reggie,Wayne,Hamstring,,Questionable,Hamstring,,Full Participation in Practice,2010-10-30T11:08:27Z
2010,REG,IND,8,00-0021484,LB,Gary Brackett,Gary,Brackett,Groin,,Probable,Groin,,Full Participation in Practice,2010-10-30T11:06:23Z
2010,REG,JAX,8,00-0022342,LB,Eric Alexander,Eric,Alexander,Calf,,Questionable,Calf,,Limited Participation in Practice,2010-10-29T10:05:20Z
2010,REG,JAX,8,00-0001545,QB,Todd Bouman,Todd,Bouman,right Finger,,Questionable,right Finger,,Limited Participation in Practice,2010-10-29T10:03:49Z
2010,REG,JAX,8,00-0024405,DE,Jeremy Mincey,Jeremy,Mincey,Hand,,Questionable,Hand,,Limited Participation in Practice,2010-10-29T10:04:05Z
2010,REG,JAX,8,00-0025479,QB,Trent Edwards,Trent,Edwards,right Thumb,,Probable,right Thumb,,Full Participation in Practice,2010-10-29T10:03:37Z
2010,REG,JAX,8,00-0021231,QB,David Garrard,David,Garrard,Concussion,,Probable,Concussion,,Full Participation in Practice,2010-10-29T10:03:37Z
2010,REG,JAX,8,00-0022895,G,Justin Smiley,Justin,Smiley,Foot,,Probable,Foot,,Full Participation in Practice,2010-10-29T10:03:37Z
2010,REG,KC,8,00-0026571,S,Reshard Langford,Reshard,Langford,Ankle,,Questionable,Ankle,,Full Participation in Practice,2010-10-29T12:46:23Z
2010,REG,KC,8,00-0022350,G,Ryan Lilja,Ryan,Lilja,Hand,,Questionable,Hand,,Full Participation in Practice,2010-10-29T12:46:30Z
2010,REG,KC,8,00-0027651,WR,Dexter McCluster,Dexter,McCluster,Ankle,,Questionable,Ankle,,Limited Participation in Practice,2010-10-29T12:46:36Z
2010,REG,MIA,8,00-0027762,S,Reshad Jones,Reshad,Jones,Knee,,Out,Knee,,Did Not Participate In Practice,2010-10-29T11:11:24Z
2010,REG,MIA,8,00-0025582,RB,Deon Anderson,Deon,Anderson,Triceps,,Questionable,Triceps,,Limited Participation in Practice,2010-10-29T11:11:55Z
2010,REG,MIA,8,00-0027744,CB,Nolan Carroll,Nolan,Carroll,Ankle,,Questionable,Ankle,,Limited Participation in Practice,2010-10-29T11:11:07Z
2010,REG,MIN,8,00-0026952,S,Jamarca Sanford,Jamarca,Sanford,,,,Not Injury Related,,Did Not Participate In Practice,2010-10-29T12:11:30Z
2010,REG,MIN,8,00-0027760,G,Chris DeGeare,Chris,DeGeare,Ankle,,Questionable,Ankle,,Limited Participation in Practice,2010-10-29T12:11:47Z
2010,REG,MIN,8,00-0005106,QB,Brett Favre,Brett,Favre,Foot,Ankle,Questionable,Foot,Ankle,Limited Participation in Practice,2010-10-29T12:11:54Z
2010,REG,MIN,8,00-0021157,CB,Lito Sheppard,Lito,Sheppard,Hand,,Questionable,Hand,,Limited Participation in Practice,2010-10-29T12:12:04Z
2010,REG,MIN,8,00-0025940,S,Husain Abdullah,Husain,Abdullah,Concussion,,Probable,Concussion,,Full Participation in Practice,2010-10-29T12:11:35Z
2010,REG,MIN,8,00-0027649,CB,Chris Cook,Chris,Cook,Knee,,Probable,Knee,,Full Participation in Practice,2010-10-29T12:11:35Z
2010,REG,MIN,8,00-0026292,DT,Letroy Guion,Letroy,Guion,Hamstring,,Probable,Hamstring,,Full Participation in Practice,2010-10-29T12:11:35Z
2010,REG,MIN,8,00-0020466,G,Steve Hutchinson,Steve,Hutchinson,Quadricep,,Probable,Quadricep,,Full Participation in Practice,2010-10-29T12:11:35Z
2010,REG,MIN,8,00-0026327,C,John Sullivan,John,Sullivan,Calf,,Probable,Calf,,Full Participation in Practice,2010-10-29T12:11:35Z
2010,REG,MIN,8,00-0017899,DT,Pat Williams,Pat,Williams,Quadricep,,Probable,Quadricep,,Full Participation in Practice,2010-10-29T12:11:35Z
2010,REG,NE,8,00-0022712,DT,Vince Wilfork,Vince,Wilfork,,,,Not Injury Related,,Did Not Participate In Practice,2010-10-27T12:46:35Z
2010,REG,NE,8,00-0024442,S,Jarrad Page,Jarrad,Page,Calf,,Out,Calf,,Out (Definitely Will Not Play),2010-10-29T13:00:01Z
2010,REG,NE,8,00-0016098,RB,Fred Taylor,Fred,Taylor,Toe,,Out,Toe,,Out (Definitely Will Not Play),2010-10-29T13:00:09Z
2010,REG,NE,8,00-0021192,WR,Deion Branch,Deion,Branch,Hamstring,,Questionable,Hamstring,,Limited Participation in Practice,2010-10-29T12:59:09Z
2010,REG,NE,8,00-0027010,S,Patrick Chung,Patrick,Chung,Knee,,Questionable,Knee,,Limited Participation in Practice,2010-10-29T12:59:28Z
2010,REG,NE,8,00-0026293,WR,Matt Slater,Matt,Slater,Ankle,,Questionable,Ankle,,Limited Participation in Practice,2010-10-29T12:59:20Z
2010,REG,NE,8,00-0023255,DE,Mike Wright,Mike,Wright,Knee,,Questionable,Knee,,Limited Participation in Practice,2010-10-29T12:59:48Z
2010,REG,NE,8,00-0019596,QB,Tom Brady,Tom,Brady,right Shoulder,,Probable,right Shoulder,,Full Participation in Practice,2010-10-29T12:58:58Z
2010,REG,NO,8,00-0024217,RB,Reggie Bush,Reggie,Bush,Fibula,,Out,Fibula,,Did Not Participate In Practice,2010-10-29T12:08:18Z
2010,REG,NO,8,00-0024813,RB,Pierre Thomas,Pierre,Thomas,Ankle,,Out,Ankle,,Did Not Participate In Practice,2010-10-29T12:08:30Z
2010,REG,NO,8,00-0022527,CB,Jabari Greer,Jabari,Greer,Shoulder,,Doubtful,Shoulder,,Limited Participation in Practice,2010-10-29T12:08:57Z
2010,REG,NO,8,00-0026180,CB,Tracy Porter,Tracy,Porter,Knee,,Questionable,Knee,,Limited Participation in Practice,2010-10-29T12:08:49Z
2010,REG,NO,8,00-0022040,LB,Scott Shanle,Scott,Shanle,Hamstring,,Questionable,Hamstring,,Limited Participation in Practice,2010-10-29T12:08:39Z
2010,REG,NO,8,00-0024323,G,Jahri Evans,Jahri,Evans,Ankle,,Probable,Ankle,,Full Participation in Practice,2010-10-29T12:08:10Z
2010,REG,NO,8,00-0022840,RB,Julius Jones,Julius,Jones,Shoulder,,Probable,Shoulder,,Full Participation in Practice,2010-10-29T12:08:10Z
2010,REG,NO,8,00-0014724,S,Darren Sharper,Darren,Sharper,Knee,,Probable,Knee,,Full Participation in Practice,2010-10-29T12:08:10Z
2010,REG,NO,8,00-0022911,DE,Will Smith,Will,Smith,Groin,,Probable,Groin,,Full Participation in Practice,2010-10-29T12:08:10Z
2010,REG,NO,8,00-0024424,T,Zach Strief,Zach,Strief,Knee,,Probable,Knee,,Full Participation in Practice,2010-10-29T12:08:10Z
2010,REG,NO,8,00-0023186,CB,Leigh Torrence,Leigh,Torrence,Shoulder,,Probable,Shoulder,,Full Participation in Practice,2010-10-29T12:08:10Z
2010,REG,NO,8,00-0025483,LB,Anthony Waters,Anthony,Waters,Hamstring,,Probable,Hamstring,,Full Participation in Practice,2010-10-29T12:08:10Z
2010,REG,NO,8,00-0021267,C,Jonathan Goodwin,Jonathan,Goodwin,Groin,,Probable,Groin,,Limited Participation in Practice,2010-10-29T12:08:10Z
2010,REG,NYJ,8,00-0024244,C,Nick Mangold,Nick,Mangold,Shoulder,,Probable,Shoulder,,Full Participation in Practice,2010-10-29T11:54:56Z
2010,REG,NYJ,8,00-0022120,LB,Calvin Pace,Calvin,Pace,Foot,,Probable,Foot,,Full Participation in Practice,2010-10-29T11:54:56Z
2010,REG,NYJ,8,00-0025401,CB,Darrelle Revis,Darrelle,Revis,Hamstring,,Probable,Hamstring,,Full Participation in Practice,2010-10-29T11:54:56Z
2010,REG,OAK,8,00-0024201,S,Hiram Eugene,Hiram,Eugene,,,,Pectoral,,Limited Participation in Practice,2010-10-27T15:38:44Z
2010,REG,OAK,8,00-0025447,C,Samson Satele,Samson,Satele,,,,Concussion,,Limited Participation in Practice,2010-10-27T15:41:32Z
2010,REG,OAK,8,00-0027045,DE,Matt Shaughnessy,Matt,Shaughnessy,,,,Concussion,,Limited Participation in Practice,2010-10-27T15:42:14Z
2010,REG,OAK,8,00-0021144,DT,John Henderson,John,Henderson,Foot,,Out,Foot,,Did Not Participate In Practice,2010-10-29T12:44:35Z
2010,REG,OAK,8,00-0027089,WR,Louis Murphy,Louis,Murphy,Chest,,Out,Chest,,Did Not Participate In Practice,2010-10-29T12:45:00Z
2010,REG,OAK,8,00-0026366,WR,Chaz Schilens,Chaz,Schilens,Knee,,Out,Knee,,Did Not Participate In Practice,2010-10-29T12:45:10Z
2010,REG,OAK,8,00-0020514,RB,Michael Bennett,Michael,Bennett,Hamstring,,Questionable,Hamstring,,Limited Participation in Practice,2010-10-29T12:43:31Z
2010,REG,OAK,8,00-0022836,G,Robert Gallery,Robert,Gallery,Calf,,Questionable,Calf,,Limited Participation in Practice,2010-10-29T12:44:14Z
2010,REG,OAK,8,00-0027788,LB,Travis Goethel,Travis,Goethel,Back,,Questionable,Back,,Limited Participation in Practice,2010-10-29T12:44:23Z
2010,REG,OAK,8,00-0024408,QB,Bruce Gradkowski,Bruce,Gradkowski,right Shoulder,,Questionable,right Shoulder,,Limited Participation in Practice,2010-10-29T12:44:29Z
2010,REG,OAK,8,00-0024253,LB,Thomas Howard,Thomas,Howard,Knee,,Questionable,Knee,,Limited Participation in Practice,2010-10-29T12:44:41Z
2010,REG,OAK,8,00-0021949,CB,Chris Johnson,Chris,Johnson,Concussion,,Questionable,Concussion,,Limited Participation in Practice,2010-10-29T12:44:48Z
2010,REG,OAK,8,00-0025425,TE,Zach Miller,Zach,Miller,Foot,,Questionable,Foot,,Limited Participation in Practice,2010-10-29T12:44:53Z
2010,REG,OAK,8,00-0026536,WR,Nick Miller,Nick,Miller,Ankle,,Questionable,Ankle,,Limited Participation in Practice,2010-10-29T12:47:26Z
2010,REG,OAK,8,00-0024228,LB,Kamerion Wimbley,Kamerion,Wimbley,Groin,,Questionable,Groin,,Limited Participation in Practice,2010-10-29T12:45:18Z
2010,REG,PIT,8,00-0027870,C,Maurkice Pouncey,Maurkice,Pouncey,,,,Illness,,Did Not Participate In Practice,2010-10-28T12:14:49Z
2010,REG,PIT,8,00-0015080,DE,Aaron Smith,Aaron,Smith,Triceps,,Out,Triceps,,Did Not Participate In Practice,2010-10-29T10:42:04Z
2010,REG,PIT,8,00-0021344,DE,Brett Keisel,Brett,Keisel,Hamstring,,Doubtful,Hamstring,,Did Not Participate In Practice,2010-10-29T10:41:53Z
2010,REG,PIT,8,00-0000045,T,Flozell Adams,Flozell,Adams,Ankle,,Probable,Ankle,,Full Participation in Practice,2010-10-29T10:41:44Z
2010,REG,PIT,8,00-0025433,LB,LaMarr Woodley,LaMarr,Woodley,Hamstring,,Probable,Hamstring,,Full Participation in Practice,2010-10-29T10:41:44Z
2010,REG,SD,8,00-0026992,LB,Larry English,Larry,English,Foot,,Out,Foot,,Did Not Participate In Practice,2010-10-29T13:18:34Z
2010,REG,SD,8,00-0022737,K,Nate Kaeding,Nate,Kaeding,right Groin,,Out,right Groin,,Did Not Participate In Practice,2010-10-29T13:55:31Z
2010,REG,SD,8,00-0022414,WR,Malcom Floyd,Malcom,Floyd,Hamstring,,Doubtful,Hamstring,,Did Not Participate In Practice,2010-10-29T13:18:42Z
2010,REG,SD,8,00-0025559,WR,Legedu Naanee,Legedu,Naanee,Hamstring,,Doubtful,Hamstring,,Did Not Participate In Practice,2010-10-29T13:56:09Z
2010,REG,SD,8,00-0025627,LB,Brandon Siler,Brandon,Siler,Foot,,Questionable,Foot,,Did Not Participate In Practice,2010-10-29T13:55:15Z
2010,REG,SD,8,00-0021547,TE,Antonio Gates,Antonio,Gates,Toe,,Questionable,Toe,,Full Participation in Practice,2010-10-29T13:55:42Z
2010,REG,SD,8,00-0001980,K,Kris Brown,Kris,Brown,left Ankle,,Questionable,left Ankle,,Limited Participation in Practice,2010-10-29T13:18:06Z
2010,REG,SD,8,00-0025417,WR,Craig Davis,Craig,Davis,Ribs,,Questionable,Ribs,,Limited Participation in Practice,2010-10-29T13:18:24Z
2010,REG,SD,8,00-0027585,WR,Richard Goodman,Richard,Goodman,Hand,,Probable,Hand,,Full Participation in Practice,2010-10-29T13:17:48Z
2010,REG,SEA,8,00-0021577,DE,Chris Clemons,Chris,Clemons,,,,Not Injury Related,,Full Participation in Practice,2010-10-28T15:33:33Z
2010,REG,SEA,8,00-0020368,G,Ben Hamilton,Ben,Hamilton,,,,Not Injury Related,,Full Participation in Practice,2010-10-28T15:33:38Z
2010,REG,SEA,8,00-0024246,CB,Kelly Jennings,Kelly,Jennings,Hamstring,,Questionable,Hamstring,,Did Not Participate In Practice,2010-10-29T13:09:31Z
2010,REG,SEA,8,00-0025472,DT,Brandon Mebane,Brandon,Mebane,Calf,,Questionable,Calf,,Did Not Participate In Practice,2010-10-29T13:09:43Z
2010,REG,SEA,8,00-0027859,T,Russell Okung,Russell,Okung,Ankle,,Questionable,Ankle,,Did Not Participate In Practice,2010-10-29T13:09:48Z
2010,REG,SEA,8,00-0024315,RB,Michael Robinson,Michael,Robinson,Hamstring,,Questionable,Hamstring,,Did Not Participate In Practice,2010-10-29T13:09:56Z
2010,REG,SEA,8,00-0027711,CB,Walter Thurmond,Walter,Thurmond,Head,,Questionable,Head,,Did Not Participate In Practice,2010-10-29T13:10:34Z
2010,REG,SEA,8,00-0023498,LB,Matt McCoy,Matt,McCoy,Hamstring,,Questionable,Hamstring,,Limited Participation in Practice,2010-10-29T13:09:38Z
2010,REG,SEA,8,00-0015754,WR,Brandon Stokley,Brandon,Stokley,Qblique,,Questionable,Oblique,,Limited Participation in Practice,2010-10-29T13:10:27Z
2010,REG,SF,8,00-0021341,C,Eric Heitmann,Eric,Heitmann,Neck,,Out,Neck,,Out (Definitely Will Not Play),2010-10-29T11:12:10Z
2010,REG,SF,8,00-0023436,QB,Alex Smith,Alex,Smith,left Shoulder,,Out,left Shoulder,,Out (Definitely Will Not Play),2010-10-29T11:11:56Z
2010,REG,SF,8,00-0025534,CB,Tarell Brown,Tarell,Brown,Back,,Doubtful,Back,,Limited Participation in Practice,2010-10-29T11:13:13Z
2010,REG,SF,8,00-0024221,TE,Vernon Davis,Vernon,Davis,Ankle,,Questionable,Ankle,,Limited Participation in Practice,2010-10-29T11:12:59Z
2010,REG,SF,8,00-0027772,RB,Anthony Dixon,Anthony,Dixon,Hamstring,,Questionable,Hamstring,,Limited Participation in Practice,2010-10-29T11:12:53Z
2010,REG,SF,8,00-0024495,LB,Ahmad Brooks,Ahmad,Brooks,Knee,,Probable,Knee,,Full Participation in Practice,2010-10-29T11:11:32Z
2010,REG,SF,8,00-0020495,CB,Nate Clements,Nate,Clements,Ankle,,Probable,Ankle,,Limited Participation in Practice,2010-10-29T11:11:32Z
2010,REG,SF,8,00-0023529,G,Adam Snyder,Adam,Snyder,Back,,Probable,Back,,Limited Participation in Practice,2010-10-29T11:12:41Z
2010,REG,STL,8,00-0026241,CB,Justin King,Justin,King,Hamstring,,Out,Hamstring,,Did Not Participate In Practice,2010-10-29T11:15:37Z
2010,REG,STL,8,00-0027769,TE,Fendi Onobun,Fendi,Onobun,Back,,Out,Back,,Did Not Participate In Practice,2010-10-29T11:15:54Z
2010,REG,STL,8,00-0027256,S,Darian Stewart,Darian,Stewart,Hamstring,,Out,Hamstring,,Did Not Participate In Practice,2010-10-29T11:16:57Z
2010,REG,STL,8,00-0026979,T,Jason Smith,Jason,Smith,Concussion,,Questionable,Concussion,,Did Not Participate In Practice,2010-10-29T11:16:40Z
2010,REG,STL,8,00-0027912,WR,Danario Alexander,Danario,Alexander,Knee,,Questionable,Knee,,Full Participation in Practice,2010-10-29T11:17:17Z
2010,REG,STL,8,00-0023485,CB,Ron Bartell,Ron,Bartell,Neck,,Questionable,Neck,,Limited Participation in Practice,2010-10-29T11:15:12Z
2010,REG,STL,8,00-0022736,RB,Steven Jackson,Steven,Jackson,Finger,,Questionable,Finger,,Limited Participation in Practice,2010-10-29T11:15:25Z
2010,REG,STL,8,00-0019706,DT,Fred Robbins,Fred,Robbins,Toe,,Questionable,Toe,,Limited Participation in Practice,2010-10-29T11:16:09Z
2010,REG,STL,8,00-0027073,DT,Darell Scott,Darell,Scott,Ankle,,Questionable,Ankle,,Limited Participation in Practice,2010-10-29T11:16:22Z
2010,REG,STL,8,00-0023053,S,James Butler,James,Butler,Knee,,Probable,Knee,,Full Participation in Practice,2010-10-29T11:15:02Z
2010,REG,STL,8,00-0027700,WR,Mardy Gilyard,Mardy,Gilyard,Hamstring,,Probable,Hamstring,,Full Participation in Practice,2010-10-29T11:15:02Z
2010,REG,STL,8,00-0026392,LB,David Vobora,David,Vobora,Hamstring,,Probable,Hamstring,,Full Participation in Practice,2010-10-29T11:15:02Z
2010,REG,STL,8,00-0027011,LB,James Laurinaitis,James,Laurinaitis,Knee,,Probable,Knee,,Limited Participation in Practice,2010-10-29T11:15:02Z
2010,REG,TB,8,00-0019954,G,Keydrick Vincent,Keydrick,Vincent,,,,Back,,Did Not Participate In Practice,2010-10-28T10:56:50Z
2010,REG,TB,8,00-0027650,DT,Brian Price,Brian,Price,Pelvis,,Out,Pelvis,,Did Not Participate In Practice,2010-10-29T09:59:47Z
2010,REG,TB,8,00-0024274,T,Jeremy Trueblood,Jeremy,Trueblood,Knee,,Out,Knee,,Did Not Participate In Practice,2010-10-29T10:00:05Z
2010,REG,TB,8,00-0022157,C,Jeff Faine,Jeff,Faine,Quadricep,,Out,Quadricep,,Out (Definitely Will Not Play),2010-10-29T09:58:27Z
2010,REG,TB,8,00-0027450,WR,Preston Parker,Preston,Parker,Knee,,Doubtful,Knee,,Did Not Participate In Practice,2010-10-29T09:59:31Z
2010,REG,TB,8,00-0026315,LB,Geno Hayes,Geno,Hayes,Knee,,Questionable,Knee,,Full Participation in Practice,2010-10-29T09:59:09Z
2010,REG,TB,8,00-0026906,DE,Kyle Moore,Kyle,Moore,Shoulder,,Questionable,Shoulder,,Full Participation in Practice,2010-10-29T09:59:20Z
2010,REG,TB,8,00-0027325,RB,LeGarrette Blount,LeGarrette,Blount,Illness,,Probable,Illness,,Full Participation in Practice,2010-10-29T09:57:54Z
2010,REG,TB,8,00-0021755,RB,Earnest Graham,Earnest,Graham,Hamstring,,Probable,Hamstring,,Full Participation in Practice,2010-10-29T09:57:54Z
2010,REG,TB,8,00-0025902,CB,Elbert Mack,Elbert,Mack,Heel,,Probable,Heel,,Full Participation in Practice,2010-10-29T09:57:54Z
2010,REG,TB,8,00-0027042,DE,Alex Magee,Alex,Magee,Illness,,Probable,Illness,,Full Participation in Practice,2010-10-29T09:57:54Z
2010,REG,TB,8,00-0026160,CB,Aqib Talib,Aqib,Talib,Calf,,Probable,Calf,,Full Participation in Practice,2010-10-29T09:57:54Z
2010,REG,TB,8,00-0022922,TE,Kellen Winslow,Kellen,Winslow,Knee,,Probable,Knee,,Full Participation in Practice,2010-10-29T09:57:54Z
2010,REG,TEN,8,00-0021490,DT,Tony Brown,Tony,Brown,Knee,,Out,Knee,,Did Not Participate In Practice,2010-10-29T12:07:03Z
2010,REG,TEN,8,00-0027066,CB,Ryan Mouton,Ryan,Mouton,Hamstring,,Out,Hamstring,,Did Not Participate In Practice,2010-10-29T12:07:20Z
2010,REG,TEN,8,00-0020470,LB,Jamie Winborn,Jamie,Winborn,Shoulder,,Out,Shoulder,,Did Not Participate In Practice,2010-10-29T12:07:27Z
2010,REG,TEN,8,00-0021982,WR,Justin Gage,Justin,Gage,Hamstring,,Questionable,Hamstring,,Full Participation in Practice,2010-10-29T12:07:11Z
2010,REG,TEN,8,00-0003292,QB,Kerry Collins,Kerry,Collins,right Finger,,Probable,right Finger,,Full Participation in Practice,2010-10-29T12:06:37Z
2010,REG,TEN,8,00-0025591,DE,Jacob Ford,Jacob,Ford,Hamstring,,Probable,Hamstring,,Full Participation in Practice,2010-10-29T12:06:37Z
2010,REG,TEN,8,00-0025502,G,Leroy Harris,Leroy,Harris,Hip,,Probable,Hip,,Full Participation in Practice,2010-10-29T12:06:37Z
2010,REG,TEN,8,00-0026164,RB,Chris Johnson,Chris,Johnson,Thigh,,Probable,Thigh,,Full Participation in Practice,2010-10-29T12:06:37Z
2010,REG,TEN,8,00-0024218,QB,Vince Young,Vince,Young,Knee,Ankle,Probable,Knee,Ankle,Full Participation in Practice,2010-10-29T12:06:37Z
2010,REG,WAS,8,00-0021179,RB,Clinton Portis,Clinton,Portis,Groin,,Out,Groin,,Out (Definitely Will Not Play),2010-10-29T13:26:54Z
2010,REG,WAS,8,00-0022738,TE,Chris Cooley,Chris,Cooley,Foot,,Questionable,Foot,,Full Participation in Practice,2010-10-29T13:25:40Z
2010,REG,WAS,8,00-0022923,CB,DeAngelo Hall,DeAngelo,Hall,Back,,Questionable,Back,,Full Participation in Practice,2010-10-29T13:25:46Z
2010,REG,WAS,8,00-0026248,G,Kory Lichtensteiger,Kory,Lichtensteiger,Back,,Questionable,Back,,Full Participation in Practice,2010-10-29T13:26:13Z
2010,REG,WAS,8,00-0011022,QB,Donovan McNabb,Donovan,McNabb,Hamstring,,Questionable,Hamstring,,Full Participation in Practice,2010-10-29T13:26:19Z
2010,REG,WAS,8,00-0026989,LB,Brian Orakpo,Brian,Orakpo,Ankle,,Questionable,Ankle,,Full Participation in Practice,2010-10-29T13:26:38Z
2010,REG,WAS,8,00-0020450,C,Casey Rabach,Casey,Rabach,Foot,,Questionable,Foot,,Full Participation in Practice,2010-10-29T13:27:46Z
2010,REG,WAS,8,00-0025997,RB,Chad Simpson,Chad,Simpson,Hamstring,,Questionable,Hamstring,,Full Participation in Practice,2010-10-29T13:28:01Z
2010,REG,WAS,8,00-0023447,T,Jammal Brown,Jammal,Brown,Hip,,Questionable,Hip,,Limited Participation in Practice,2010-10-29T13:25:35Z
2010,REG,WAS,8,00-0024583,T,Stephon Heyer,Stephon,Heyer,Ankle,,Questionable,Ankle,,Limited Participation in Practice,2010-10-29T13:26:01Z
2010,REG,WAS,8,00-0025393,S,LaRon Landry,LaRon,Landry,Achilles,,Questionable,Achilles,,Limited Participation in Practice,2010-10-29T13:26:07Z
2010,REG,WAS,8,00-0026320,S,Kareem Moore,Kareem,Moore,Knee,,Questionable,Knee,,Limited Participation in Practice,2010-10-29T13:26:26Z
2010,REG,WAS,8,00-0014655,RB,Mike Sellers,Mike,Sellers,Foot,,Questionable,Foot,,Limited Participation in Practice,2010-10-29T13:27:55Z
2010,REG,ARI,9,00-0019538,LB,Clark Haggans,Clark,Haggans,Groin,,Doubtful,Groin,,Did Not Participate In Practice,2010-11-05T12:17:36Z
2010,REG,ARI,9,00-0027007,RB,Chris Wells,Chris,Wells,Knee,,Questionable,Knee,,Limited Participation in Practice,2010-11-05T12:17:29Z
2010,REG,ARI,9,00-0025420,DT,Alan Branch,Alan,Branch,Back,,Probable,Back,,Full Participation in Practice,2010-11-05T12:17:20Z
2010,REG,ARI,9,00-0026939,LB,Will Davis,Will,Davis,Groin,,Probable,Groin,,Full Participation in Practice,2010-11-05T12:17:20Z
2010,REG,ARI,9,00-0026221,WR,Early Doucet,Early,Doucet,Groin,,Probable,Groin,,Full Participation in Practice,2010-11-05T12:17:20Z
2010,REG,ARI,9,00-0026256,DE,Kenny Iwebema,Kenny,Iwebema,Shoulder,,Probable,Shoulder,,Full Participation in Practice,2010-11-05T12:17:20Z
2010,REG,ARI,9,00-0025529,WR,Steve Breaston,Steve,Breaston,Knee,,Probable,Knee,,Limited Participation in Practice,2010-11-05T12:17:20Z
2010,REG,ATL,9,00-0021227,TE,Justin Peelle,Justin,Peelle,Groin,,Out,Groin,,Out (Definitely Will Not Play),2010-11-05T12:46:51Z
2010,REG,ATL,9,00-0027871,LB,Sean Weatherspoon,Sean,Weatherspoon,Knee,,Questionable,Knee,,Did Not Participate In Practice,2010-11-05T12:47:02Z
2010,REG,ATL,9,00-0022143,RB,Ovie Mughelli,Ovie,Mughelli,Hamstring,,Questionable,Hamstring,,Limited Participation in Practice,2010-11-05T12:46:42Z
2010,REG,ATL,9,00-0019546,DE,John Abraham,John,Abraham,Ankle,,Probable,Ankle,,Full Participation in Practice,2010-11-05T12:46:23Z
2010,REG,ATL,9,00-0026177,LB,Curtis Lofton,Curtis,Lofton,Knee,,Probable,Knee,,Full Participation in Practice,2010-11-05T12:46:23Z
2010,REG,ATL,9,00-0022735,CB,Dunta Robinson,Dunta,Robinson,Head,Knee,Probable,Head,Knee,Full Participation in Practice,2010-11-05T12:46:23Z
2010,REG,ATL,9,00-0026855,RB,Antone Smith,Antone,Smith,Shoulder,,Probable,Shoulder,,Full Participation in Practice,2010-11-05T12:46:23Z
2010,REG,BAL,9,00-0020516,TE,Todd Heap,Todd,Heap,,,,Back,,Full Participation in Practice,2010-11-03T12:49:02Z
2010,REG,BAL,9,00-0010500,WR,Derrick Mason,Derrick,Mason,,,,Ankle,,Full Participation in Practice,2010-11-03T12:49:22Z
2010,REG,BAL,9,00-0021377,S,Ed Reed,Ed,Reed,,,,Ankle,,Full Participation in Practice,2010-11-03T12:49:38Z
2010,REG,BAL,9,00-0026226,S,Tom Zbikowski,Tom,Zbikowski,Foot,,Out,Foot,,Did Not Participate In Practice,2010-11-05T12:05:27Z
2010,REG,BAL,9,00-0021147,WR,Donte' Stallworth,Donte',Stallworth,Foot,,Probable,Foot,,Full Participation in Practice,2010-11-05T12:04:57Z
2010,REG,BAL,9,00-0027714,TE,Dennis Pitta,Dennis,Pitta,Head,,Probable,Head,,Limited Participation in Practice,2010-11-05T13:14:56Z
2010,REG,BUF,9,00-0021257,LB,Andra Davis,Andra,Davis,Shoulder,,Out,Shoulder,,Did Not Participate In Practice,2010-11-05T09:35:26Z
2010,REG,BUF,9,00-0018613,T,Cornell Green,Cornell,Green,Knee,,Out,Knee,,Did Not Participate In Practice,2010-11-05T09:36:13Z
2010,REG,BUF,9,00-0026359,T,Demetress Bell,Demetress,Bell,Knee,,Probable,Knee,,Full Participation in Practice,2010-11-05T09:35:08Z
2010,REG,BUF,9,00-0027542,G,Cord Howard,Cord,Howard,Shoulder,,Probable,Shoulder,,Full Participation in Practice,2010-11-05T09:35:08Z
2010,REG,BUF,9,00-0027518,WR,Donald Jones,Donald,Jones,Knee,,Probable,Knee,,Full Participation in Practice,2010-11-05T09:35:08Z
2010,REG,BUF,9,00-0022008,CB,Terrence McGee,Terrence,McGee,Back,,Probable,Back,,Full Participation in Practice,2010-11-05T09:35:08Z
2010,REG,BUF,9,00-0027004,G,Eric Wood,Eric,Wood,Knee,,Probable,Knee,,Full Participation in Practice,2010-11-05T09:35:08Z
2010,REG,CAR,9,00-0026159,T,Jeff Otah,Jeff,Otah,Knee,,Out,Knee,,Out (Definitely Will Not Play),2010-11-05T10:49:33Z
2010,REG,CAR,9,00-0024242,RB,DeAngelo Williams,DeAngelo,Williams,Foot,,Doubtful,Foot,,Did Not Participate In Practice,2010-11-05T10:49:57Z
2010,REG,CAR,9,00-0026214,LB,Dan Connor,Dan,Connor,Hip,,Probable,Hip,,Full Participation in Practice,2010-11-05T10:49:13Z
2010,REG,CHI,9,00-0020260,G,Roberto Garza,Roberto,Garza,,,,Knee,,Full Participation in Practice,2010-11-03T13:05:33Z
2010,REG,CHI,9,00-0026282,CB,Zackary Bowman,Zackary,Bowman,Foot,,Out,Foot,,Did Not Participate In Practice,2010-11-05T12:27:15Z
2010,REG,CHI,9,00-0003035,TE,Desmond Clark,Desmond,Clark,Neck,,Questionable,Neck,,Did Not Participate In Practice,2010-11-05T12:27:44Z
2010,REG,CHI,9,00-0022128,LB,Lance Briggs,Lance,Briggs,Ankle,,Probable,Ankle,,Full Participation in Practice,2010-11-05T12:27:02Z
2010,REG,CHI,9,00-0026537,G,Edwin Williams,Edwin,Williams,Back,,Probable,Back,,Full Participation in Practice,2010-11-05T12:27:02Z
2010,REG,CIN,9,00-0022696,DT,Tank Johnson,Tank,Johnson,,,,Knee,,Did Not Participate In Practice,2010-11-05T11:12:13Z
2010,REG,CIN,9,00-0027731,LB,Roddrick Muckelroy,Roddrick,Muckelroy,,,,Ankle,,Did Not Participate In Practice,2010-11-05T11:12:13Z
2010,REG,CIN,9,00-0024239,CB,Johnathan Joseph,Johnathan,Joseph,,,,Ankle,,Full Participation in Practice,2010-11-05T11:12:13Z
2010,REG,CIN,9,00-0025640,S,Chinedum Ndukwe,Chinedum,Ndukwe,,,,Knee,,Full Participation in Practice,2010-11-05T11:12:13Z
2010,REG,CIN,9,00-0021143,S,Roy Williams,Roy,Williams,,,,Knee,,Full Participation in Practice,2010-11-05T11:12:13Z
2010,REG,CIN,9,00-0026149,LB,Keith Rivers,Keith,Rivers,,,,Foot,,Limited Participation in Practice,2010-11-05T11:12:13Z
2010,REG,CIN,9,00-0024306,DE,Frostee Rucker,Frostee,Rucker,,,,Knee,,Limited Participation in Practice,2010-11-05T11:12:13Z
2010,REG,CIN,9,00-0023665,DE,Jonathan Fanene,Jonathan,Fanene,,,,Hamstring,,Out (Definitely Will Not Play),2010-11-05T11:12:13Z
2010,REG,CLE,9,00-0025697,LB,Jason Trusnik,Jason,Trusnik,,,,Not Injury Related,,Did Not Participate In Practice,2010-11-03T13:02:33Z
2010,REG,CLE,9,00-0004161,QB,Jake Delhomme,Jake,Delhomme,Ankle,,Doubtful,Ankle,,Did Not Participate In Practice,2010-11-05T11:15:59Z
2010,REG,CLE,9,00-0019666,T,John St. Clair,John,St. Clair,Ankle,,Doubtful,Ankle,,Did Not Participate In Practice,2010-11-05T11:16:16Z
2010,REG,CLE,9,00-0022055,QB,Seneca Wallace,Seneca,Wallace,Ankle,,Questionable,Ankle,,Did Not Participate In Practice,2010-11-05T11:17:43Z
2010,REG,CLE,9,00-0021262,DE,Kenyon Coleman,Kenyon,Coleman,Knee,,Questionable,Knee,,Limited Participation in Practice,2010-11-05T11:16:38Z
2010,REG,CLE,9,00-0020528,DT,Shaun Rogers,Shaun,Rogers,Ankle,,Questionable,Ankle,,Limited Participation in Practice,2010-11-05T11:17:04Z
2010,REG,CLE,9,00-0023481,LB,Matt Roth,Matt,Roth,Hamstring,,Questionable,Hamstring,,Limited Participation in Practice,2010-11-05T11:17:25Z
2010,REG,CLE,9,00-0023506,TE,Alex Smith,Alex,Smith,Ankle,,Probable,Ankle,,Full Participation in Practice,2010-11-05T11:17:58Z
2010,REG,DAL,9,00-0024307,DE,Jason Hatcher,Jason,Hatcher,Groin,,Out,Groin,,Did Not Participate In Practice,2010-11-05T11:30:38Z
2010,REG,DAL,9,00-0022094,G,Montrae Holland,Montrae,Holland,Groin,,Out,Groin,,Did Not Participate In Practice,2010-11-05T11:30:44Z
2010,REG,DAL,9,00-0027726,S,Akwasi Owusu-Ansah,Akwasi,Owusu-Ansah,Ankle,,Out,Ankle,,Did Not Participate In Practice,2010-11-05T11:30:53Z
2010,REG,DAL,9,00-0021678,QB,Tony Romo,Tony,Romo,left Shoulder,,Out,left Shoulder,,Did Not Participate In Practice,2010-11-05T11:30:58Z
2010,REG,DAL,9,00-0021160,T,Marc Colombo,Marc,Colombo,Back,,Probable,Back,,Full Participation in Practice,2010-11-05T11:30:30Z
2010,REG,DAL,9,00-0022137,LB,Bradie James,Bradie,James,Knee,,Probable,Knee,,Full Participation in Practice,2010-11-05T11:30:30Z
2010,REG,DAL,9,00-0026162,RB,Felix Jones,Felix,Jones,Ankle,,Probable,Ankle,,Full Participation in Practice,2010-11-05T11:30:30Z
2010,REG,DAL,9,00-0021348,G,Kyle Kosier,Kyle,Kosier,Ankle,,Probable,Ankle,,Full Participation in Practice,2010-11-05T11:30:30Z
2010,REG,DAL,9,00-0022045,CB,Terence Newman,Terence,Newman,Ribs,,Probable,Ribs,,Full Participation in Practice,2010-11-05T11:30:30Z
2010,REG,DET,9,00-0023621,S,C.C. Brown,C.C.,Brown,Knee,,Out,Knee,,Did Not Participate In Practice,2010-11-05T12:46:15Z
2010,REG,DET,9,00-0023313,LB,Isaiah Ekejiuba,Isaiah,Ekejiuba,Knee,,Out,Knee,,Did Not Participate In Practice,2010-11-05T12:46:25Z
2010,REG,DET,9,00-0020679,QB,Shaun Hill,Shaun,Hill,left Forearm,,Doubtful,left Forearm,,Limited Participation in Practice,2010-11-05T12:46:37Z
2010,REG,DET,9,00-0026635,LB,Ashlee Palmer,Ashlee,Palmer,Hamstring,,Questionable,Hamstring,,Limited Participation in Practice,2010-11-05T12:46:56Z
2010,REG,DET,9,00-0026204,RB,Kevin Smith,Kevin,Smith,Knee,,Questionable,Knee,,Limited Participation in Practice,2010-11-05T12:46:45Z
2010,REG,DET,9,00-0027880,RB,Jahvid Best,Jahvid,Best,Toe,,Probable,Toe,,Full Participation in Practice,2010-11-05T12:46:01Z
2010,REG,DET,9,00-0025389,WR,Calvin Johnson,Calvin,Johnson,Shoulder,,Probable,Shoulder,,Full Participation in Practice,2010-11-05T12:46:01Z
2010,REG,DET,9,00-0022156,WR,Bryant Johnson,Bryant,Johnson,Foot,,Probable,Foot,,Full Participation in Practice,2010-11-05T12:46:01Z
2010,REG,DET,9,00-0027050,LB,DeAndre Levy,DeAndre,Levy,Ankle,,Probable,Ankle,,Full Participation in Practice,2010-11-05T12:46:01Z
2010,REG,DET,9,00-0025441,DE,Turk McBride,Turk,McBride,Ankle,,Probable,Ankle,,Full Participation in Practice,2010-11-05T12:46:01Z
2010,REG,DET,9,00-0026498,QB,Matthew Stafford,Matthew,Stafford,Foot,,Probable,Foot,,Full Participation in Practice,2010-11-05T12:46:01Z
2010,REG,DET,9,00-0027009,S,Louis Delmas,Louis,Delmas,Ankle,,Probable,Ankle,,Limited Participation in Practice,2010-11-05T12:46:01Z
2010,REG,DET,9,00-0026996,TE,Brandon Pettigrew,Brandon,Pettigrew,Ankle,,Probable,Ankle,,Limited Participation in Practice,2010-11-05T12:46:01Z
2010,REG,GB,9,00-0004541,WR,Donald Driver,Donald,Driver,Quadricep,,Out,Quadricep,,Out (Definitely Will Not Play),2010-11-05T11:11:27Z
2010,REG,GB,9,00-0026200,CB,Patrick Lee,Patrick,Lee,Ankle,,Out,Ankle,,Out (Definitely Will Not Play),2010-11-05T11:11:35Z
2010,REG,GB,9,00-0027753,TE,Andrew Quarless,Andrew,Quarless,Shoulder,,Questionable,Shoulder,,Did Not Participate In Practice,2010-11-05T11:11:48Z
2010,REG,GB,9,00-0020515,DE,Ryan Pickett,Ryan,Pickett,Ankle,,Questionable,Ankle,,Limited Participation in Practice,2010-11-05T11:12:11Z
2010,REG,GB,9,00-0019502,T,Mark Tauscher,Mark,Tauscher,Shoulder,,Questionable,Shoulder,,Limited Participation in Practice,2010-11-05T11:11:57Z
2010,REG,GB,9,00-0024262,G,Daryn Colledge,Daryn,Colledge,Back,,Probable,Back,,Full Participation in Practice,2010-11-05T11:11:17Z
2010,REG,GB,9,00-0027201,RB,Dimitri Nance,Dimitri,Nance,Ankle,,Probable,Ankle,,Full Participation in Practice,2010-11-05T11:11:17Z
2010,REG,GB,9,00-0023459,QB,Aaron Rodgers,Aaron,Rodgers,Ankle,,Probable,Ankle,,Full Participation in Practice,2010-11-05T11:11:17Z
2010,REG,GB,9,00-0019702,T,Chad Clifton,Chad,Clifton,Hamstring,Knee,Probable,Hamstring,Knee,Limited Participation in Practice,2010-11-05T11:11:17Z
2010,REG,GB,9,00-0023486,S,Nick Collins,Nick,Collins,Knee,,Probable,Knee,,Limited Participation in Practice,2010-11-05T11:11:17Z
2010,REG,GB,9,00-0021706,DE,Cullen Jenkins,Cullen,Jenkins,Calf,,Probable,Calf,,Limited Participation in Practice,2010-11-05T11:11:17Z
2010,REG,GB,9,00-0027002,LB,Clay Matthews,Clay,Matthews,Shin,,Probable,Shin,,Limited Participation in Practice,2010-11-05T11:11:17Z
2010,REG,GB,9,00-0018227,CB,Charles Woodson,Charles,Woodson,Toe,,Probable,Toe,,Limited Participation in Practice,2010-11-05T11:11:17Z
2010,REG,HOU,9,00-0026258,LB,Xavier Adibi,Xavier,Adibi,Hamstring,,Questionable,Hamstring,,Did Not Participate In Practice,2010-11-05T11:33:40Z
2010,REG,HOU,9,00-0023472,DT,Shaun Cody,Shaun,Cody,Knee,,Questionable,Knee,,Did Not Participate In Practice,2010-11-05T11:34:09Z
2010,REG,HOU,9,00-0024313,TE,Owen Daniels,Owen,Daniels,Hamstring,,Questionable,Hamstring,,Did Not Participate In Practice,2010-11-05T11:34:37Z
2010,REG,HOU,9,00-0026417,DE,Jesse Nading,Jesse,Nading,Ankle,,Questionable,Ankle,,Did Not Participate In Practice,2010-11-05T11:35:44Z
2010,REG,HOU,9,00-0027684,DT,Earl Mitchell,Earl,Mitchell,Ankle,,Questionable,Ankle,,Full Participation in Practice,2010-11-05T11:35:29Z
2010,REG,HOU,9,00-0021225,LB,Kevin Bentley,Kevin,Bentley,Knee,,Probable,Knee,,Full Participation in Practice,2010-11-05T11:33:54Z
2010,REG,HOU,9,00-0023846,G,Mike Brisiel,Mike,Brisiel,Knee,,Probable,Knee,,Full Participation in Practice,2010-11-05T11:33:29Z
2010,REG,HOU,9,00-0027718,TE,Garrett Graham,Garrett,Graham,Shoulder,,Probable,Shoulder,,Full Participation in Practice,2010-11-05T11:33:29Z
2010,REG,HOU,9,00-0026274,LB,Stanford Keglar,Stanford,Keglar,Thigh,,Probable,Thigh,,Full Participation in Practice,2010-11-05T11:33:29Z
2010,REG,HOU,9,00-0023511,CB,Karl Paymah,Karl,Paymah,Wrist,,Probable,Wrist,,Full Participation in Practice,2010-11-05T11:33:29Z
2010,REG,HOU,9,00-0027703,LB,Darryl Sharpton,Darryl,Sharpton,Ankle,,Probable,Ankle,,Full Participation in Practice,2010-11-05T11:33:29Z
2010,REG,HOU,9,00-0022044,WR,Andre Johnson,Andre,Johnson,Ankle,,Probable,Ankle,,Limited Participation in Practice,2010-11-05T11:33:29Z
2010,REG,HOU,9,00-0023750,DE,Mario Williams,Mario,Williams,Hip,,Probable,Hip,,Limited Participation in Practice,2010-11-05T11:33:29Z
2010,REG,IND,9,00-0021146,DE,Dwight Freeney,Dwight,Freeney,,,,Rested,,Full Participation in Practice,2010-11-05T11:57:14Z
2010,REG,IND,9,00-0025539,DT,Antonio Johnson,Antonio,Johnson,Knee,,Out,Knee,,Did Not Participate In Practice,2010-11-05T11:58:02Z
2010,REG,IND,9,00-0022944,CB,Bob Sanders,Bob,Sanders,Biceps,,Out,Biceps,,Did Not Participate In Practice,2010-11-05T11:57:54Z
2010,REG,IND,9,00-0024245,RB,Joseph Addai,Joseph,Addai,Neck,,Doubtful,Neck,,Did Not Participate In Practice,2010-11-05T11:58:11Z
2010,REG,IND,9,00-0027761,TE,Brody Eldridge,Brody,Eldridge,Rib,,Questionable,Rib,,Did Not Participate In Practice,2010-11-05T11:58:57Z
2010,REG,IND,9,00-0025419,WR,Anthony Gonzalez,Anthony,Gonzalez,Knee,,Questionable,Knee,,Did Not Participate In Practice,2010-11-05T11:59:12Z
2010,REG,IND,9,00-0026342,RB,Mike Hart,Mike,Hart,Ankle,,Questionable,Ankle,,Did Not Participate In Practice,2010-11-05T11:59:21Z
2010,REG,IND,9,00-0027064,CB,Jerraud Powers,Jerraud,Powers,Foot,,Questionable,Foot,,Did Not Participate In Practice,2010-11-05T11:59:53Z
2010,REG,IND,9,00-0025523,LB,Clint Session,Clint,Session,Elbow,,Questionable,Elbow,,Did Not Participate In Practice,2010-11-05T12:00:01Z
2010,REG,IND,9,00-0026264,CB,Justin Tryon,Justin,Tryon,Foot,,Questionable,Foot,,Did Not Participate In Practice,2010-11-05T12:00:12Z
2010,REG,IND,9,00-0027092,WR,Austin Collie,Austin,Collie,Hand,,Questionable,Hand,,Full Participation in Practice,2010-11-05T11:58:26Z
2010,REG,IND,9,00-0027831,LB,Kavell Conner,Kavell,Conner,Foot,,Questionable,Foot,,Full Participation in Practice,2010-11-05T11:58:35Z
2010,REG,IND,9,00-0020399,T,Ryan Diem,Ryan,Diem,Quad,,Questionable,Quad,,Full Participation in Practice,2010-11-05T11:58:48Z
2010,REG,IND,9,00-0026674,CB,Jacob Lacey,Jacob,Lacey,Foot,,Questionable,Foot,,Full Participation in Practice,2010-11-05T11:59:32Z
2010,REG,IND,9,00-0022059,DE,Robert Mathis,Robert,Mathis,Knee,,Questionable,Knee,,Full Participation in Practice,2010-11-05T11:59:42Z
2010,REG,KC,9,00-0022764,LB,Charlie Anderson,Charlie,Anderson,,,,Not Injury Related,,Out (Definitely Will Not Play),2010-11-05T12:56:56Z
2010,REG,KC,9,00-0022350,G,Ryan Lilja,Ryan,Lilja,Hand,,Questionable,Hand,,Full Participation in Practice,2010-11-05T13:03:02Z
2010,REG,KC,9,00-0027736,S,Kendrick Lewis,Kendrick,Lewis,Hamstring,,Questionable,Hamstring,,Limited Participation in Practice,2010-11-05T12:57:37Z
2010,REG,KC,9,00-0027651,WR,Dexter McCluster,Dexter,McCluster,Ankle,,Questionable,Ankle,,Limited Participation in Practice,2010-11-05T12:57:47Z
2010,REG,MIA,9,00-0022067,S,Yeremiah Bell,Yeremiah,Bell,Toe,,Questionable,Toe,,Limited Participation in Practice,2010-11-05T11:00:23Z
2010,REG,MIA,9,00-0024172,RB,Patrick Cobbs,Patrick,Cobbs,Hamstring,,Questionable,Hamstring,,Limited Participation in Practice,2010-11-05T11:00:50Z
2010,REG,MIA,9,00-0023505,LB,Channing Crowder,Channing,Crowder,Thumb,,Probable,Thumb,,Full Participation in Practice,2010-11-05T11:01:17Z
2010,REG,MIN,9,00-0022807,WR,Bernard Berrian,Bernard,Berrian,,,,Groin,,Limited Participation in Practice,2010-11-05T11:58:59Z
2010,REG,MIN,9,00-0026998,WR,Percy Harvin,Percy,Harvin,Ankle,,Questionable,Ankle,,Limited Participation in Practice,2010-11-05T12:01:31Z
2010,REG,MIN,9,00-0021943,CB,Frank Walker,Frank,Walker,Hamstring,,Questionable,Hamstring,,Limited Participation in Practice,2010-11-05T12:01:19Z
2010,REG,MIN,9,00-0027058,CB,Asher Allen,Asher,Allen,Back,,Probable,Back,,Full Participation in Practice,2010-11-05T12:01:05Z
2010,REG,MIN,9,00-0027649,CB,Chris Cook,Chris,Cook,Quadricep,,Probable,Quadricep,,Full Participation in Practice,2010-11-05T12:01:05Z
2010,REG,MIN,9,00-0005106,QB,Brett Favre,Brett,Favre,Foot,Ankle,Probable,Foot,Ankle,Full Participation in Practice,2010-11-05T12:01:05Z
2010,REG,MIN,9,00-0021197,LB,Ben Leber,Ben,Leber,Knee,,Probable,Knee,,Full Participation in Practice,2010-11-05T12:01:05Z
2010,REG,MIN,9,00-0021157,CB,Lito Sheppard,Lito,Sheppard,Hand,,Probable,Hand,,Full Participation in Practice,2010-11-05T12:01:05Z
2010,REG,MIN,9,00-0026327,C,John Sullivan,John,Sullivan,Calf,,Probable,Calf,,Full Participation in Practice,2010-11-05T12:01:05Z
2010,REG,MIN,9,00-0017899,DT,Pat Williams,Pat,Williams,Elbow,,Probable,Elbow,,Full Participation in Practice,2010-11-05T12:01:05Z
2010,REG,MIN,9,00-0027760,G,Chris DeGeare,Chris,DeGeare,Ankle,,Probable,Ankle,,Limited Participation in Practice,2010-11-05T12:01:05Z
2010,REG,NE,9,00-0027713,TE,Aaron Hernandez,Aaron,Hernandez,,,,Not Injury Related,,Did Not Participate In Practice,2010-11-03T12:52:27Z
2010,REG,NE,9,00-0024442,S,Jarrad Page,Jarrad,Page,Calf,,Out,Calf,,Did Not Participate In Practice,2010-11-05T12:46:40Z
2010,REG,NE,9,00-0016098,RB,Fred Taylor,Fred,Taylor,Toe,,Out,Toe,,Did Not Participate In Practice,2010-11-05T12:47:02Z
2010,REG,NE,9,00-0021192,WR,Deion Branch,Deion,Branch,Hamstring,,Questionable,Hamstring,,Limited Participation in Practice,2010-11-05T12:46:15Z
2010,REG,NE,9,00-0027010,S,Patrick Chung,Patrick,Chung,Knee,,Questionable,Knee,,Limited Participation in Practice,2010-11-05T12:46:26Z
2010,REG,NE,9,00-0026293,WR,Matt Slater,Matt,Slater,Ankle,,Questionable,Ankle,,Limited Participation in Practice,2010-11-05T12:46:52Z
2010,REG,NE,9,00-0022038,LB,Tully Banta-Cain,Tully,Banta-Cain,Not Injury Related,,Probable,Not Injury Related,,Did Not Participate In Practice,2010-11-05T12:47:29Z
2010,REG,NE,9,00-0019596,QB,Tom Brady,Tom,Brady,right Shoulder,,Probable,right Shoulder,,Full Participation in Practice,2010-11-05T12:45:46Z
2010,REG,NE,9,00-0027668,LB,Brandon Spikes,Brandon,Spikes,Knee,,Probable,Knee,,Limited Participation in Practice,2010-11-05T12:48:06Z
2010,REG,NO,9,00-0027882,CB,Patrick Robinson,Patrick,Robinson,Ankle,,Out,Ankle,,Did Not Participate In Practice,2010-11-05T11:47:09Z
2010,REG,NO,9,00-0024813,RB,Pierre Thomas,Pierre,Thomas,Ankle,,Out,Ankle,,Did Not Participate In Practice,2010-11-05T11:47:17Z
2010,REG,NO,9,00-0024217,RB,Reggie Bush,Reggie,Bush,Fibula,,Doubtful,Fibula,,Limited Participation in Practice,2010-11-05T11:46:51Z
2010,REG,NO,9,00-0013255,S,Pierson Prioleau,Pierson,Prioleau,Ankle,,Questionable,Ankle,,Limited Participation in Practice,2010-11-05T11:46:35Z
2010,REG,NO,9,00-0024466,WR,Marques Colston,Marques,Colston,Hand,,Probable,Hand,,Full Participation in Practice,2010-11-05T11:46:17Z
2010,REG,NO,9,00-0021267,C,Jonathan Goodwin,Jonathan,Goodwin,Groin,,Probable,Groin,,Full Participation in Practice,2010-11-05T11:46:17Z
2010,REG,NO,9,00-0022527,CB,Jabari Greer,Jabari,Greer,Shoulder,,Probable,Shoulder,,Full Participation in Practice,2010-11-05T11:46:17Z
2010,REG,NO,9,00-0025824,K,Garrett Hartley,Garrett,Hartley,right Ankle,,Probable,right Ankle,,Full Participation in Practice,2010-11-05T11:46:17Z
2010,REG,NO,9,00-0027531,RB,Chris Ivory,Chris,Ivory,Concussion,,Probable,Concussion,,Full Participation in Practice,2010-11-05T11:46:17Z
2010,REG,NO,9,00-0026180,CB,Tracy Porter,Tracy,Porter,Knee,,Probable,Knee,,Full Participation in Practice,2010-11-05T11:46:17Z
2010,REG,NO,9,00-0022040,LB,Scott Shanle,Scott,Shanle,Hamstring,,Probable,Hamstring,,Full Participation in Practice,2010-11-05T11:46:17Z
2010,REG,NO,9,00-0022078,T,Jon Stinchcomb,Jon,Stinchcomb,Knee,,Probable,Knee,,Limited Participation in Practice,2010-11-05T11:46:17Z
2010,REG,NYG,9,00-0027036,T,Will Beatty,Will,Beatty,Foot,,Out,Foot,,Did Not Participate In Practice,2010-11-05T10:18:56Z
2010,REG,NYG,9,00-0023683,RB,Madison Hedgecock,Madison,Hedgecock,Hamstring,,Out,Hamstring,,Did Not Participate In Practice,2010-11-05T10:19:05Z
2010,REG,NYG,9,00-0019276,C,Shaun O'Hara,Shaun,O'Hara,Foot,,Out,Foot,,Did Not Participate In Practice,2010-11-05T10:19:16Z
2010,REG,NYG,9,00-0025951,WR,Darius Reynaud,Darius,Reynaud,Hamstring,,Questionable,Hamstring,,Limited Participation in Practice,2010-11-05T10:19:43Z
2010,REG,NYG,9,00-0020463,T,Kareem McKenzie,Kareem,McKenzie,Illness,,Probable,Illness,,Full Participation in Practice,2010-11-05T10:18:47Z
2010,REG,NYG,9,00-0024467,DE,Dave Tollefson,Dave,Tollefson,Illness,,Probable,Illness,,Full Participation in Practice,2010-11-05T10:18:47Z
2010,REG,NYG,9,00-0021977,DE,Osi Umenyiora,Osi,Umenyiora,Knee,,Probable,Knee,,Full Participation in Practice,2010-11-05T10:18:47Z
2010,REG,NYG,9,00-0024311,LB,Gerris Wilkinson,Gerris,Wilkinson,Hand,,Probable,Hand,,Full Participation in Practice,2010-11-05T10:18:47Z
2010,REG,NYJ,9,00-0025434,LB,David Harris,David,Harris,Back,,Probable,Back,,Full Participation in Practice,2010-11-05T12:26:39Z
2010,REG,NYJ,9,00-0022120,LB,Calvin Pace,Calvin,Pace,Foot,,Probable,Foot,,Full Participation in Practice,2010-11-05T12:26:39Z
2010,REG,NYJ,9,00-0023469,S,Brodney Pool,Brodney,Pool,Head,,Probable,Head,,Full Participation in Practice,2010-11-05T12:26:39Z
2010,REG,NYJ,9,00-0025401,CB,Darrelle Revis,Darrelle,Revis,Hamstring,,Probable,Hamstring,,Full Participation in Practice,2010-11-05T12:26:39Z
2010,REG,OAK,9,00-0021144,DT,John Henderson,John,Henderson,Foot,,Out,Foot,,Did Not Participate In Practice,2010-11-05T12:47:44Z
2010,REG,OAK,9,00-0027089,WR,Louis Murphy,Louis,Murphy,Chest,,Out,Chest,,Did Not Participate In Practice,2010-11-05T12:48:11Z
2010,REG,OAK,9,00-0026366,WR,Chaz Schilens,Chaz,Schilens,Knee,,Out,Knee,,Did Not Participate In Practice,2010-11-05T12:48:21Z
2010,REG,OAK,9,00-0022077,CB,Nnamdi Asomugha,Nnamdi,Asomugha,Ankle,,Doubtful,Ankle,,Did Not Participate In Practice,2010-11-05T12:47:27Z
2010,REG,OAK,9,00-0025425,TE,Zach Miller,Zach,Miller,Foot,,Doubtful,Foot,,Did Not Participate In Practice,2010-11-05T12:47:59Z
2010,REG,OAK,9,00-0024201,S,Hiram Eugene,Hiram,Eugene,Pectoral,,Questionable,Pectoral,,Limited Participation in Practice,2010-11-05T12:47:36Z
2010,REG,OAK,9,00-0024408,QB,Bruce Gradkowski,Bruce,Gradkowski,right Shoulder,,Probable,right Shoulder,,Limited Participation in Practice,2010-11-05T12:47:15Z
2010,REG,OAK,9,00-0026983,WR,Darrius Heyward-Bey,Darrius,Heyward-Bey,Shoulder,,Probable,Shoulder,,Limited Participation in Practice,2010-11-05T12:47:15Z
2010,REG,OAK,9,00-0025447,C,Samson Satele,Samson,Satele,Knee,,Probable,Knee,,Limited Participation in Practice,2010-11-05T12:47:15Z
2010,REG,PHI,9,00-0026370,T,King Dunlap,King,Dunlap,Knee,,Out,Knee,,Did Not Participate In Practice,2010-11-05T10:54:29Z
2010,REG,PHI,9,00-0023519,CB,Ellis Hobbs,Ellis,Hobbs,Hip,,Out,Hip,,Did Not Participate In Practice,2010-11-05T10:54:35Z
2010,REG,PHI,9,00-0024229,DT,Brodrick Bunkley,Brodrick,Bunkley,Elbow,,Probable,Elbow,,Full Participation in Practice,2010-11-05T10:54:19Z
2010,REG,PHI,9,00-0024156,G,Nick Cole,Nick,Cole,Knee,,Probable,Knee,,Full Participation in Practice,2010-11-05T10:54:19Z
2010,REG,PHI,9,00-0027865,DE,Brandon Graham,Brandon,Graham,Ankle,,Probable,Ankle,,Full Participation in Practice,2010-11-05T10:54:19Z
2010,REG,PHI,9,00-0026189,WR,DeSean Jackson,DeSean,Jackson,Concussion,,Probable,Concussion,,Full Participation in Practice,2010-11-05T10:54:19Z
2010,REG,PHI,9,00-0019986,DE,Juqua Parker,Juqua,Parker,Hip,,Probable,Hip,,Full Participation in Practice,2010-11-05T10:54:19Z
2010,REG,PHI,9,00-0022531,T,Jason Peters,Jason,Peters,Knee,,Probable,Knee,,Full Participation in Practice,2010-11-05T10:54:19Z
2010,REG,PHI,9,00-0020245,QB,Michael Vick,Michael,Vick,Rib,,Probable,Rib,,Full Participation in Practice,2010-11-05T10:54:19Z
2010,REG,PIT,9,00-0015080,DE,Aaron Smith,Aaron,Smith,Triceps,,Out,Triceps,,Did Not Participate In Practice,2010-11-06T09:55:25Z
2010,REG,SD,9,00-0022737,K,Nate Kaeding,Nate,Kaeding,right Groin,,Out,right Groin,,Did Not Participate In Practice,2010-11-05T12:22:10Z
2010,REG,SD,9,00-0022414,WR,Malcom Floyd,Malcom,Floyd,Hamstring,,Doubtful,Hamstring,,Did Not Participate In Practice,2010-11-05T12:21:19Z
2010,REG,SD,9,00-0021547,TE,Antonio Gates,Antonio,Gates,Toe,Foot,Doubtful,Toe,Foot,Did Not Participate In Practice,2010-11-05T12:21:42Z
2010,REG,SD,9,00-0025559,WR,Legedu Naanee,Legedu,Naanee,Hamstring,,Doubtful,Hamstring,,Did Not Participate In Practice,2010-11-05T12:22:23Z
2010,REG,SD,9,00-0025627,LB,Brandon Siler,Brandon,Siler,Foot,,Doubtful,Foot,,Did Not Participate In Practice,2010-11-05T12:22:30Z
2010,REG,SD,9,00-0026992,LB,Larry English,Larry,English,Foot,,Questionable,Foot,,Limited Participation in Practice,2010-11-05T12:21:09Z
2010,REG,SD,9,00-0027585,WR,Richard Goodman,Richard,Goodman,Hamstring,,Questionable,Hamstring,,Limited Participation in Practice,2010-11-05T12:21:58Z
2010,REG,SD,9,00-0021381,CB,Quentin Jammer,Quentin,Jammer,Not Injury Related,,Probable,Not Injury Related,,Did Not Participate In Practice,2010-11-05T12:22:50Z
2010,REG,SD,9,00-0023477,LB,Kevin Burnett,Kevin,Burnett,Shoulder,,Probable,Shoulder,,Full Participation in Practice,2010-11-05T12:20:56Z
2010,REG,SD,9,00-0021546,G,Kris Dielman,Kris,Dielman,Neck,,Probable,Neck,,Full Participation in Practice,2010-11-05T12:20:56Z
2010,REG,SEA,9,00-0021577,DE,Chris Clemons,Chris,Clemons,,,,Coach's Decision,,Did Not Participate In Practice,2010-11-03T15:31:42Z
2010,REG,SEA,9,00-0021178,T,Chester Pitts,Chester,Pitts,,,,Not Injury Related,,Did Not Participate In Practice,2010-11-05T13:44:00Z
2010,REG,SEA,9,00-0022409,S,Jordan Babineaux,Jordan,Babineaux,,,,Illness,,Full Participation in Practice,2010-11-04T15:41:15Z
2010,REG,SEA,9,00-0023461,C,Chris Spencer,Chris,Spencer,,,,Neck,,Full Participation in Practice,2010-11-04T15:41:50Z
2010,REG,SEA,9,00-0021684,DT,Colin Cole,Colin,Cole,Ankle,,Out,Ankle,,Out (Definitely Will Not Play),2010-11-05T13:44:49Z
2010,REG,SEA,9,00-0007091,QB,Matt Hasselbeck,Matt,Hasselbeck,Head,,Out,Head,,Out (Definitely Will Not Play),2010-11-05T13:44:57Z
2010,REG,SEA,9,00-0027891,WR,Golden Tate,Golden,Tate,Ankle,,Out,Ankle,,Out (Definitely Will Not Play),2010-11-05T13:46:01Z
2010,REG,SEA,9,00-0027859,T,Russell Okung,Russell,Okung,Ankle,,Doubtful,Ankle,,Did Not Participate In Practice,2010-11-05T13:45:19Z
2010,REG,SEA,9,00-0024315,RB,Michael Robinson,Michael,Robinson,Hamstring,,Questionable,Hamstring,,Did Not Participate In Practice,2010-11-05T13:45:51Z
2010,REG,SEA,9,00-0025472,DT,Brandon Mebane,Brandon,Mebane,Calf,,Questionable,Calf,,Limited Participation in Practice,2010-11-05T13:45:08Z
2010,REG,SEA,9,00-0025826,T,Tyler Polumbus,Tyler,Polumbus,Knee,,Questionable,Knee,,Limited Participation in Practice,2010-11-05T13:45:43Z
2010,REG,SEA,9,00-0023452,WR,Mike Williams,Mike,Williams,Knee,,Probable,Knee,,Full Participation in Practice,2010-11-05T13:43:29Z
2010,REG,TB,9,00-0022157,C,Jeff Faine,Jeff,Faine,Quadricep,,Out,Quadricep,,Did Not Participate In Practice,2010-11-05T12:29:08Z
2010,REG,TB,9,00-0021755,RB,Earnest Graham,Earnest,Graham,Hamstring,,Out,Hamstring,,Did Not Participate In Practice,2010-11-05T12:29:15Z
2010,REG,TB,9,00-0021382,DT,Ryan Sims,Ryan,Sims,Knee,,Out,Knee,,Did Not Participate In Practice,2010-11-05T12:29:33Z
2010,REG,TB,9,00-0024274,T,Jeremy Trueblood,Jeremy,Trueblood,Knee,,Out,Knee,,Did Not Participate In Practice,2010-11-05T12:30:13Z
2010,REG,TB,9,00-0026953,WR,Sammie Stroughter,Sammie,Stroughter,Foot,,Questionable,Foot,,Did Not Participate In Practice,2010-11-05T12:29:46Z
2010,REG,TB,9,00-0027856,DT,Gerald McCoy,Gerald,McCoy,Neck,,Probable,Neck,,Full Participation in Practice,2010-11-05T12:29:00Z
2010,REG,TB,9,00-0026906,DE,Kyle Moore,Kyle,Moore,Shoulder,,Probable,Shoulder,,Full Participation in Practice,2010-11-05T12:29:00Z
2010,REG,TB,9,00-0027450,WR,Preston Parker,Preston,Parker,Knee,,Probable,Knee,,Full Participation in Practice,2010-11-05T12:29:00Z
2010,REG,TB,9,00-0022922,TE,Kellen Winslow,Kellen,Winslow,Knee,,Probable,Knee,,Full Participation in Practice,2010-11-05T12:29:00Z
2010,REG,ARI,10,00-0022930,DT,Darnell Dockett,Darnell,Dockett,Shoulder,,Questionable,Shoulder,,Limited Participation in Practice,2010-11-12T11:57:18Z
2010,REG,ARI,10,00-0019538,LB,Clark Haggans,Clark,Haggans,Groin,,Questionable,Groin,,Limited Participation in Practice,2010-11-12T11:57:25Z
2010,REG,ARI,10,00-0019104,LB,Paris Lenon,Paris,Lenon,Ankle,,Questionable,Ankle,,Limited Participation in Practice,2010-11-12T11:57:32Z
2010,REG,ARI,10,00-0027007,RB,Chris Wells,Chris,Wells,Knee,,Questionable,Knee,,Limited Participation in Practice,2010-11-12T11:57:41Z
2010,REG,ARI,10,00-0026939,LB,Will Davis,Will,Davis,Knee,,Probable,Knee,,Limited Participation in Practice,2010-11-12T11:57:08Z
2010,REG,ARI,10,00-0013126,LB,Joey Porter,Joey,Porter,Knee,,Probable,Knee,,Limited Participation in Practice,2010-11-12T11:57:08Z
2010,REG,ARI,10,00-0023557,S,Kerry Rhodes,Kerry,Rhodes,Hand,,Probable,Hand,,Limited Participation in Practice,2010-11-12T11:57:08Z
2010,REG,ATL,10,00-0019709,QB,Chris Redman,Chris,Redman,,,,Not Injury Related,,Did Not Participate In Practice,2010-11-08T17:28:45Z
2010,REG,ATL,10,00-0021227,TE,Justin Peelle,Justin,Peelle,Groin,,Out,Groin,,Out (Definitely Will Not Play),2010-11-10T09:32:19Z
2010,REG,ATL,10,00-0027871,LB,Sean Weatherspoon,Sean,Weatherspoon,Knee,,Questionable,Knee,,Did Not Participate In Practice,2010-11-10T09:32:44Z
2010,REG,ATL,10,00-0010711,C,Todd McClure,Todd,McClure,Knee,,Questionable,Knee,,Limited Participation in Practice,2010-11-10T09:32:11Z
2010,REG,ATL,10,00-0023462,WR,Roddy White,Roddy,White,Knee,,Questionable,Knee,,Limited Participation in Practice,2010-11-10T09:32:53Z
2010,REG,ATL,10,00-0005231,WR,Brian Finneran,Brian,Finneran,Knee,Ribs,Probable,Knee,Ribs,Limited Participation in Practice,2010-11-10T09:31:49Z
2010,REG,ATL,10,00-0026177,LB,Curtis Lofton,Curtis,Lofton,Knee,,Probable,Knee,,Limited Participation in Practice,2010-11-10T09:31:49Z
2010,REG,ATL,10,00-0025631,RB,Jason Snelling,Jason,Snelling,Knee,,Probable,Knee,,Limited Participation in Practice,2010-11-10T09:31:49Z
2010,REG,ATL,10,00-0021229,CB,Brian Williams,Brian,Williams,Hamstring,,Probable,Hamstring,,Limited Participation in Practice,2010-11-10T09:31:49Z
2010,REG,BAL,10,00-0026226,S,Tom Zbikowski,Tom,Zbikowski,Foot,,Out,Foot,,Did Not Participate In Practice,2010-11-10T09:13:11Z
2010,REG,BUF,10,00-0021257,LB,Andra Davis,Andra,Davis,Shoulder,,Out,Shoulder,,Did Not Participate In Practice,2010-11-12T09:45:16Z
2010,REG,BUF,10,00-0023446,LB,Shawne Merriman,Shawne,Merriman,Calf,Achilles,Out,Calf,Achilles,Did Not Participate In Practice,2010-11-12T09:45:41Z
2010,REG,BUF,10,00-0023490,WR,Roscoe Parrish,Roscoe,Parrish,Wrist,,Out,Wrist,,Did Not Participate In Practice,2010-11-12T09:45:27Z
2010,REG,BUF,10,00-0027542,G,Cord Howard,Cord,Howard,Shoulder,,Doubtful,Shoulder,,Did Not Participate In Practice,2010-11-12T09:45:55Z
2010,REG,BUF,10,00-0026359,T,Demetress Bell,Demetress,Bell,Knee,,Probable,Knee,,Full Participation in Practice,2010-11-12T09:45:03Z
2010,REG,BUF,10,00-0026254,CB,Reggie Corner,Reggie,Corner,Ankle,,Probable,Ankle,,Full Participation in Practice,2010-11-12T09:45:03Z
2010,REG,BUF,10,00-0022910,WR,Lee Evans,Lee,Evans,Ankle,,Probable,Ankle,,Full Participation in Practice,2010-11-12T09:45:03Z
2010,REG,BUF,10,00-0021995,LB,Chris Kelsay,Chris,Kelsay,Knee,,Probable,Knee,,Full Participation in Practice,2010-11-12T09:45:03Z
2010,REG,BUF,10,00-0027004,G,Eric Wood,Eric,Wood,Fibula,,Probable,Fibula,,Full Participation in Practice,2010-11-12T09:45:03Z
2010,REG,CAR,10,00-0024273,CB,Richard Marshall,Richard,Marshall,,,,Not Injury Related,,Did Not Participate In Practice,2010-11-11T12:21:53Z
2010,REG,CAR,10,00-0027774,DE,Greg Hardy,Greg,Hardy,Concussion,,Out,Concussion,,Out (Definitely Will Not Play),2010-11-12T09:23:51Z
2010,REG,CAR,10,00-0026153,RB,Jonathan Stewart,Jonathan,Stewart,Concussion,,Out,Concussion,,Out (Definitely Will Not Play),2010-11-12T09:24:55Z
2010,REG,CAR,10,00-0026790,RB,Tyrell Sutton,Tyrell,Sutton,Ankle,,Out,Ankle,,Out (Definitely Will Not Play),2010-11-12T09:25:29Z
2010,REG,CAR,10,00-0024242,RB,DeAngelo Williams,DeAngelo,Williams,Foot,,Out,Foot,,Out (Definitely Will Not Play),2010-11-12T09:25:50Z
2010,REG,CAR,10,00-0027107,LB,Nic Harris,Nic,Harris,Knee,,Probable,Knee,,Full Participation in Practice,2010-11-12T09:24:20Z
2010,REG,CHI,10,00-0024277,CB,Tim Jennings,Tim,Jennings,,,,Knee,,Full Participation in Practice,2010-11-11T13:08:57Z
2010,REG,CHI,10,00-0026907,CB,D.J. Moore,D.J.,Moore,,,,Head,,Full Participation in Practice,2010-11-11T13:09:04Z
2010,REG,CHI,10,00-0026282,CB,Zackary Bowman,Zackary,Bowman,Foot,,Questionable,Foot,,Limited Participation in Practice,2010-11-12T12:17:05Z
2010,REG,CHI,10,00-0009472,C,Olin Kreutz,Olin,Kreutz,Hamstring,,Questionable,Hamstring,,Limited Participation in Practice,2010-11-12T12:17:16Z
2010,REG,CIN,10,00-0026932,RB,Cedric Peerman,Cedric,Peerman,,,,Illness,,Full Participation in Practice,2010-11-11T12:22:30Z
2010,REG,CIN,10,00-0023665,DE,Jonathan Fanene,Jonathan,Fanene,Hamstring,,Out,Hamstring,,Out (Definitely Will Not Play),2010-11-12T11:11:55Z
2010,REG,CIN,10,00-0026982,T,Andre Smith,Andre,Smith,Foot,,Out,Foot,,Out (Definitely Will Not Play),2010-11-12T11:12:04Z
2010,REG,CIN,10,00-0022167,S,Chris Crocker,Chris,Crocker,Calf,,Doubtful,Calf,,Did Not Participate In Practice,2010-11-12T11:12:13Z
2010,REG,CIN,10,00-0022696,DT,Tank Johnson,Tank,Johnson,Knee,,Doubtful,Knee,,Did Not Participate In Practice,2010-11-12T11:12:25Z
2010,REG,CIN,10,00-0027662,DE,Carlos Dunlap,Carlos,Dunlap,Illness,,Questionable,Illness,,Did Not Participate In Practice,2010-11-12T11:12:33Z
2010,REG,CIN,10,00-0026928,CB,Morgan Trent,Morgan,Trent,Knee,,Questionable,Knee,,Did Not Participate In Practice,2010-11-12T11:13:00Z
2010,REG,CIN,10,00-0020397,WR,Chad Johnson,Chad,Johnson,Ankle,,Probable,Ankle,,Full Participation in Practice,2010-11-12T11:11:41Z
2010,REG,CIN,10,00-0027014,LB,Rey Maualuga,Rey,Maualuga,Knee,,Probable,Knee,,Full Participation in Practice,2010-11-12T11:11:41Z
2010,REG,CIN,10,00-0027731,LB,Roddrick Muckelroy,Roddrick,Muckelroy,Ankle,,Probable,Ankle,,Full Participation in Practice,2010-11-12T11:11:41Z
2010,REG,CIN,10,00-0026149,LB,Keith Rivers,Keith,Rivers,Foot,,Probable,Foot,,Full Participation in Practice,2010-11-12T11:11:41Z
2010,REG,CIN,10,00-0021429,QB,Carson Palmer,Carson,Palmer,right Shoulder,,Probable,right Shoulder,,Limited Participation in Practice,2010-11-12T11:11:41Z
2010,REG,CLE,10,00-0026742,LB,Marcus Benard,Marcus,Benard,Illness,,Questionable,Illness,,Did Not Participate In Practice,2010-11-12T12:52:56Z
2010,REG,CLE,10,00-0021262,DE,Kenyon Coleman,Kenyon,Coleman,Knee,,Questionable,Knee,,Limited Participation in Practice,2010-11-12T12:53:17Z
2010,REG,CLE,10,00-0004161,QB,Jake Delhomme,Jake,Delhomme,Ankle,,Questionable,Ankle,,Limited Participation in Practice,2010-11-12T12:53:34Z
2010,REG,CLE,10,00-0020528,DT,Shaun Rogers,Shaun,Rogers,Ankle,,Questionable,Ankle,,Limited Participation in Practice,2010-11-12T12:53:51Z
2010,REG,CLE,10,00-0019666,T,John St. Clair,John,St. Clair,Ankle,,Questionable,Ankle,,Limited Participation in Practice,2010-11-12T12:54:08Z
2010,REG,CLE,10,00-0022055,QB,Seneca Wallace,Seneca,Wallace,Ankle,,Questionable,Ankle,,Limited Participation in Practice,2010-11-12T12:54:25Z
2010,REG,CLE,10,00-0026084,DE,Brian Schaefering,Brian,Schaefering,Shoulder,,Probable,Shoulder,,Full Participation in Practice,2010-11-12T12:55:08Z
2010,REG,CLE,10,00-0022247,S,Mike Adams,Mike,Adams,Head,,Probable,Head,,Limited Participation in Practice,2010-11-12T12:54:44Z
2010,REG,DAL,10,00-0024307,DE,Jason Hatcher,Jason,Hatcher,Groin,,Out,Groin,,Did Not Participate In Practice,2010-11-12T11:34:09Z
2010,REG,DAL,10,00-0027826,DE,Sean Lissemore,Sean,Lissemore,Ankle,,Out,Ankle,,Did Not Participate In Practice,2010-11-12T11:34:16Z
2010,REG,DAL,10,00-0021678,QB,Tony Romo,Tony,Romo,left Shoulder,,Out,left Shoulder,,Did Not Participate In Practice,2010-11-12T11:34:22Z
2010,REG,DAL,10,00-0022094,G,Montrae Holland,Montrae,Holland,Groin,,Probable,Groin,,Full Participation in Practice,2010-11-12T11:34:02Z
2010,REG,DAL,10,00-0022137,LB,Bradie James,Bradie,James,Knee,,Probable,Knee,,Full Participation in Practice,2010-11-12T11:34:02Z
2010,REG,DAL,10,00-0022045,CB,Terence Newman,Terence,Newman,Ribs,,Probable,Ribs,,Full Participation in Practice,2010-11-12T11:34:02Z
2010,REG,DAL,10,00-0025413,LB,Anthony Spencer,Anthony,Spencer,Neck,,Probable,Neck,,Full Participation in Practice,2010-11-12T11:34:02Z
2010,REG,DEN,10,00-0022780,LB,D.J. Williams,D.J.,Williams,,,,Not Injury Related,,Did Not Participate In Practice,2010-11-12T11:49:23Z
2010,REG,DEN,10,00-0026994,LB,Robert Ayers,Robert,Ayers,Foot,,Out,Foot,,Did Not Participate In Practice,2010-11-12T11:49:46Z
2010,REG,DEN,10,00-0021194,CB,Andre' Goodman,Andre',Goodman,Hip,,Out,Hip,,Did Not Participate In Practice,2010-11-12T11:49:56Z
2010,REG,DEN,10,00-0027024,S,Darcel McBath,Darcel,McBath,Ankle,,Questionable,Ankle,,Limited Participation in Practice,2010-11-12T11:50:10Z
2010,REG,DEN,10,00-0023648,DE,Kevin Vickerson,Kevin,Vickerson,Groin,,Questionable,Groin,,Limited Participation in Practice,2010-11-12T11:50:18Z
2010,REG,DEN,10,00-0025828,LB,Wesley Woodyard,Wesley,Woodyard,Hamstring,,Questionable,Hamstring,,Limited Participation in Practice,2010-11-12T11:50:29Z
2010,REG,DET,10,00-0006800,K,Jason Hanson,Jason,Hanson,right Knee,,Out,right Knee,,Did Not Participate In Practice,2010-11-12T12:42:39Z
2010,REG,DET,10,00-0026498,QB,Matthew Stafford,Matthew,Stafford,right Shoulder,,Out,right Shoulder,,Did Not Participate In Practice,2010-11-12T12:43:08Z
2010,REG,DET,10,00-0023313,LB,Isaiah Ekejiuba,Isaiah,Ekejiuba,Knee,,Doubtful,Knee,,Did Not Participate In Practice,2010-11-12T12:42:32Z
2010,REG,DET,10,00-0026232,DE,Cliff Avril,Cliff,Avril,Quadricep,,Questionable,Quadricep,,Did Not Participate In Practice,2010-11-12T12:42:16Z
2010,REG,DET,10,00-0023621,S,C.C. Brown,C.C.,Brown,Knee,,Questionable,Knee,,Limited Participation in Practice,2010-11-12T12:42:24Z
2010,REG,DET,10,00-0025428,CB,Chris Houston,Chris,Houston,Shoulder,,Questionable,Shoulder,,Limited Participation in Practice,2010-11-12T12:43:18Z
2010,REG,DET,10,00-0027013,CB,Alphonso Smith,Alphonso,Smith,Shoulder,,Questionable,Shoulder,,Limited Participation in Practice,2010-11-12T12:43:36Z
2010,REG,DET,10,00-0020679,QB,Shaun Hill,Shaun,Hill,left Forearm,,Probable,left Forearm,,Full Participation in Practice,2010-11-12T12:42:09Z
2010,REG,DET,10,00-0025441,DE,Turk McBride,Turk,McBride,Ankle,,Probable,Ankle,,Full Participation in Practice,2010-11-12T12:42:09Z
2010,REG,DET,10,00-0020382,DE,Kyle Vanden Bosch,Kyle,Vanden Bosch,Knee,,Probable,Knee,,Full Participation in Practice,2010-11-12T12:42:09Z
2010,REG,DET,10,00-0027880,RB,Jahvid Best,Jahvid,Best,Toe,,Probable,Toe,,Limited Participation in Practice,2010-11-12T12:42:09Z
2010,REG,DET,10,00-0022808,G,Stephen Peterman,Stephen,Peterman,Foot,,Probable,Foot,,Limited Participation in Practice,2010-11-12T12:42:09Z
2010,REG,DET,10,00-0026204,RB,Kevin Smith,Kevin,Smith,Knee,,Probable,Knee,,Limited Participation in Practice,2010-11-12T12:42:09Z
2010,REG,DET,10,00-0022906,DT,Corey Williams,Corey,Williams,Groin,,Probable,Groin,,Limited Participation in Practice,2010-11-12T12:42:09Z
2010,REG,HOU,10,00-0026313,S,Dominique Barber,Dominique,Barber,,,,Knee,,Out (Definitely Will Not Play),2010-11-11T11:21:21Z
2010,REG,HOU,10,00-0024313,TE,Owen Daniels,Owen,Daniels,Hamstring,,Out,Hamstring,,Out (Definitely Will Not Play),2010-11-12T10:41:29Z
2010,REG,HOU,10,00-0026258,LB,Xavier Adibi,Xavier,Adibi,Hamstring,,Doubtful,Hamstring,,Did Not Participate In Practice,2010-11-12T10:41:15Z
2010,REG,HOU,10,00-0027081,CB,Glover Quin,Glover,Quin,Neck,,Questionable,Neck,,Full Participation in Practice,2010-11-12T10:41:47Z
2010,REG,HOU,10,00-0022044,WR,Andre Johnson,Andre,Johnson,Ankle,,Questionable,Ankle,,Limited Participation in Practice,2010-11-12T10:42:03Z
2010,REG,HOU,10,00-0026417,DE,Jesse Nading,Jesse,Nading,Knee,,Questionable,Knee,,Limited Participation in Practice,2010-11-12T10:42:13Z
2010,REG,HOU,10,00-0024373,DE,Mark Anderson,Mark,Anderson,Arm,,Probable,Arm,,Full Participation in Practice,2010-11-12T10:38:35Z
2010,REG,HOU,10,00-0021225,LB,Kevin Bentley,Kevin,Bentley,Knee,,Probable,Knee,,Full Participation in Practice,2010-11-12T10:38:35Z
2010,REG,HOU,10,00-0023846,G,Mike Brisiel,Mike,Brisiel,Back,,Probable,Back,,Full Participation in Practice,2010-11-12T10:38:35Z
2010,REG,HOU,10,00-0027718,TE,Garrett Graham,Garrett,Graham,Shoulder,,Probable,Shoulder,,Full Participation in Practice,2010-11-12T10:38:35Z
2010,REG,HOU,10,00-0026274,LB,Stanford Keglar,Stanford,Keglar,Thigh,,Probable,Thigh,,Full Participation in Practice,2010-11-12T10:38:35Z
2010,REG,HOU,10,00-0027684,DT,Earl Mitchell,Earl,Mitchell,Ankle,,Probable,Ankle,,Full Participation in Practice,2010-11-12T10:38:35Z
2010,REG,HOU,10,00-0023511,CB,Karl Paymah,Karl,Paymah,Wrist,,Probable,Wrist,,Full Participation in Practice,2010-11-12T10:38:35Z
2010,REG,HOU,10,00-0022787,QB,Matt Schaub,Matt,Schaub,Ribs,,Probable,Ribs,,Full Participation in Practice,2010-11-12T10:38:35Z
2010,REG,HOU,10,00-0023750,DE,Mario Williams,Mario,Williams,Groin,,Probable,Groin,,Full Participation in Practice,2010-11-12T10:38:35Z
2010,REG,HOU,10,00-0023472,DT,Shaun Cody,Shaun,Cody,Knee,,Probable,Knee,,Limited Participation in Practice,2010-11-12T10:38:35Z
2010,REG,IND,10,00-0027892,LB,Pat Angerer,Pat,Angerer,,,,Illness,,Did Not Participate In Practice,2010-11-12T11:41:41Z
2010,REG,IND,10,00-0021146,DE,Dwight Freeney,Dwight,Freeney,,,,Rested,,Full Participation in Practice,2010-11-12T11:40:25Z
2010,REG,IND,10,00-0022059,DE,Robert Mathis,Robert,Mathis,,,,Rested,,Full Participation in Practice,2010-11-12T11:41:23Z
2010,REG,IND,10,00-0027092,WR,Austin Collie,Austin,Collie,Concussion,,Out,Concussion,,Did Not Participate In Practice,2010-11-12T11:42:49Z
2010,REG,IND,10,00-0022944,CB,Bob Sanders,Bob,Sanders,Biceps,,Out,Biceps,,Did Not Participate In Practice,2010-11-12T11:43:38Z
2010,REG,IND,10,00-0024245,RB,Joseph Addai,Joseph,Addai,Neck,,Doubtful,Neck,,Did Not Participate In Practice,2010-11-12T11:42:34Z
2010,REG,IND,10,00-0021484,LB,Gary Brackett,Gary,Brackett,Toe,,Questionable,Toe,,Did Not Participate In Practice,2010-11-12T11:42:42Z
2010,REG,IND,10,00-0026342,RB,Mike Hart,Mike,Hart,Ankle,,Questionable,Ankle,,Did Not Participate In Practice,2010-11-12T11:43:04Z
2010,REG,IND,10,00-0025523,LB,Clint Session,Clint,Session,Elbow,,Questionable,Elbow,,Did Not Participate In Practice,2010-11-12T11:43:58Z
2010,REG,IND,10,00-0026264,CB,Justin Tryon,Justin,Tryon,Foot,,Questionable,Foot,,Did Not Participate In Practice,2010-11-12T11:44:15Z
2010,REG,IND,10,00-0027477,WR,Blair White,Blair,White,Shoulder,,Questionable,Shoulder,,Did Not Participate In Practice,2010-11-12T11:44:26Z
2010,REG,IND,10,00-0024413,T,Charlie Johnson,Charlie,Johnson,Back,,Questionable,Back,,Full Participation in Practice,2010-11-12T11:43:19Z
2010,REG,IND,10,00-0027064,CB,Jerraud Powers,Jerraud,Powers,Foot,,Questionable,Foot,,Full Participation in Practice,2010-11-12T11:43:28Z
2010,REG,IND,10,00-0026267,TE,Jacob Tamme,Jacob,Tamme,Back,,Questionable,Back,,Full Participation in Practice,2010-11-12T11:44:06Z
2010,REG,IND,10,00-0027761,TE,Brody Eldridge,Brody,Eldridge,Rib,,Questionable,Rib,,Limited Participation in Practice,2010-11-12T11:42:58Z
2010,REG,IND,10,00-0025539,DT,Antonio Johnson,Antonio,Johnson,Knee,,Questionable,Knee,,Limited Participation in Practice,2010-11-12T11:43:12Z
2010,REG,JAX,10,00-0021269,DE,Aaron Kampman,Aaron,Kampman,Knee,,Out,Knee,,Did Not Participate In Practice,2010-11-12T10:11:48Z
2010,REG,JAX,10,00-0027862,DT,Tyson Alualu,Tyson,Alualu,Knee,,Probable,Knee,,Full Participation in Practice,2010-11-12T10:11:36Z
2010,REG,JAX,10,00-0022897,RB,Greg Jones,Greg,Jones,Ankle,,Probable,Ankle,,Full Participation in Practice,2010-11-12T10:11:36Z
2010,REG,JAX,10,00-0024405,DE,Jeremy Mincey,Jeremy,Mincey,Hand,,Probable,Hand,,Full Participation in Practice,2010-11-12T10:11:36Z
2010,REG,JAX,10,00-0022839,LB,Daryl Smith,Daryl,Smith,Back,,Probable,Back,,Full Participation in Practice,2010-11-12T10:11:36Z
2010,REG,KC,10,00-0027736,S,Kendrick Lewis,Kendrick,Lewis,Hamstring,,Questionable,Hamstring,,Limited Participation in Practice,2010-11-12T12:58:06Z
2010,REG,KC,10,00-0027651,WR,Dexter McCluster,Dexter,McCluster,Ankle,,Questionable,Ankle,,Limited Participation in Practice,2010-11-12T12:58:12Z
2010,REG,KC,10,00-0021187,S,Jon McGraw,Jon,McGraw,Knee,Head,Questionable,Knee,Head,Limited Participation in Practice,2010-11-12T12:57:59Z
2010,REG,KC,10,00-0018584,G,Brian Waters,Brian,Waters,Shoulder,,Questionable,Shoulder,,Limited Participation in Practice,2010-11-12T12:58:19Z
2010,REG,MIA,10,00-0024399,S,Tyrone Culver,Tyrone,Culver,Ankle,,Questionable,Ankle,,Limited Participation in Practice,2010-11-12T11:08:37Z
2010,REG,MIA,10,00-0027358,WR,Roberto Wallace,Roberto,Wallace,Knee,,Questionable,Knee,,Limited Participation in Practice,2010-11-12T11:08:52Z
2010,REG,MIA,10,00-0022067,S,Yeremiah Bell,Yeremiah,Bell,Toe,,Probable,Toe,,Full Participation in Practice,2010-11-12T11:09:13Z
2010,REG,MIA,10,00-0027115,S,Chris Clemons,Chris,Clemons,Groin,,Probable,Groin,,Full Participation in Practice,2010-11-12T11:08:18Z
2010,REG,MIA,10,00-0022927,LB,Karlos Dansby,Karlos,Dansby,Elbow,,Probable,Elbow,,Full Participation in Practice,2010-11-12T11:08:18Z
2010,REG,MIA,10,00-0024268,TE,Anthony Fasano,Anthony,Fasano,Chest,,Probable,Chest,,Full Participation in Practice,2010-11-12T11:08:18Z
2010,REG,MIA,10,00-0025820,T,Jake Long,Jake,Long,Knee,,Probable,Knee,,Full Participation in Practice,2010-11-12T11:08:18Z
2010,REG,MIN,10,00-0027058,CB,Asher Allen,Asher,Allen,Concussion,,Doubtful,Concussion,,Did Not Participate In Practice,2010-11-12T11:48:13Z
2010,REG,MIN,10,00-0026952,S,Jamarca Sanford,Jamarca,Sanford,Hamstring,,Doubtful,Hamstring,,Did Not Participate In Practice,2010-11-12T11:48:21Z
2010,REG,MIN,10,00-0022807,WR,Bernard Berrian,Bernard,Berrian,Groin,,Questionable,Groin,,Limited Participation in Practice,2010-11-12T11:49:05Z
2010,REG,MIN,10,00-0026998,WR,Percy Harvin,Percy,Harvin,Ankle,Illness,Questionable,Ankle,Illness,Limited Participation in Practice,2010-11-12T11:48:29Z
2010,REG,MIN,10,00-0027701,DE,Everson Griffen,Everson,Griffen,Shoulder,,Probable,Shoulder,,Full Participation in Practice,2010-11-12T11:47:59Z
2010,REG,MIN,10,00-0027030,T,Phil Loadholt,Phil,Loadholt,Knee,,Probable,Knee,,Full Participation in Practice,2010-11-12T11:47:59Z
2010,REG,MIN,10,00-0021157,CB,Lito Sheppard,Lito,Sheppard,Hand,,Probable,Hand,,Full Participation in Practice,2010-11-12T11:47:59Z
2010,REG,MIN,10,00-0021943,CB,Frank Walker,Frank,Walker,Hamstring,,Probable,Hamstring,,Full Participation in Practice,2010-11-12T11:47:59Z
2010,REG,MIN,10,00-0005106,QB,Brett Favre,Brett,Favre,Ankle,Foot,Probable,Ankle,Foot,Limited Participation in Practice,2010-11-12T11:47:59Z
2010,REG,MIN,10,00-0017899,DT,Pat Williams,Pat,Williams,Elbow,,Probable,Elbow,,Limited Participation in Practice,2010-11-12T11:47:59Z
2010,REG,NE,10,00-0023567,S,James Sanders,James,Sanders,,,,Not Injury Related,,Did Not Participate In Practice,2010-11-10T13:01:03Z
2010,REG,NE,10,00-0024333,K,Stephen Gostkowski,Stephen,Gostkowski,,,,Placed On Injured Reserve (Thigh),,Out (Definitely Will Not Play),2010-11-11T12:46:55Z
2010,REG,NE,10,00-0024442,S,Jarrad Page,Jarrad,Page,Calf,,Out,Calf,,Did Not Participate In Practice,2010-11-12T12:52:55Z
2010,REG,NE,10,00-0027138,DE,Myron Pryor,Myron,Pryor,Back,,Questionable,Back,,Did Not Participate In Practice,2010-11-12T12:53:10Z
2010,REG,NE,10,00-0027010,S,Patrick Chung,Patrick,Chung,Knee,,Questionable,Knee,,Limited Participation in Practice,2010-11-12T12:52:32Z
2010,REG,NE,10,00-0020457,G,Steve Neal,Steve,Neal,Shoulder,,Questionable,Shoulder,,Limited Participation in Practice,2010-11-12T12:52:41Z
2010,REG,NE,10,00-0016098,RB,Fred Taylor,Fred,Taylor,Toe,,Questionable,Toe,,Limited Participation in Practice,2010-11-12T12:53:31Z
2010,REG,NE,10,00-0023255,DE,Mike Wright,Mike,Wright,Groin,,Questionable,Groin,,Limited Participation in Practice,2010-11-12T12:53:44Z
2010,REG,NE,10,00-0019596,QB,Tom Brady,Tom,Brady,right Shoulder,Foot,Probable,right Shoulder,Foot,Limited Participation in Practice,2010-11-12T12:52:13Z
2010,REG,NYG,10,00-0021922,T,David Diehl,David,Diehl,Hip,Hamstring,Out,Hip,Hamstring,Did Not Participate In Practice,2010-11-12T10:33:17Z
2010,REG,NYG,10,00-0023683,RB,Madison Hedgecock,Madison,Hedgecock,Hamstring,,Out,Hamstring,,Did Not Participate In Practice,2010-11-12T10:33:43Z
2010,REG,NYG,10,00-0019276,C,Shaun O'Hara,Shaun,O'Hara,Foot,,Out,Foot,,Did Not Participate In Practice,2010-11-12T10:34:04Z
2010,REG,NYG,10,00-0025951,WR,Darius Reynaud,Darius,Reynaud,Hamstring,,Out,Hamstring,,Did Not Participate In Practice,2010-11-12T10:34:25Z
2010,REG,NYG,10,00-0025438,WR,Steve Smith,Steve,Smith,Pectoral,,Out,Pectoral,,Did Not Participate In Practice,2010-11-12T10:34:42Z
2010,REG,NYG,10,00-0027036,T,Will Beatty,Will,Beatty,Foot,,Questionable,Foot,,Limited Participation in Practice,2010-11-12T10:32:57Z
2010,REG,NYG,10,00-0023545,RB,Brandon Jacobs,Brandon,Jacobs,Illness,,Probable,Illness,,Full Participation in Practice,2010-11-12T10:32:39Z
2010,REG,NYG,10,00-0021977,DE,Osi Umenyiora,Osi,Umenyiora,Knee,,Probable,Knee,,Full Participation in Practice,2010-11-12T10:32:39Z
2010,REG,NYG,10,00-0024311,LB,Gerris Wilkinson,Gerris,Wilkinson,Hand,,Probable,Hand,,Full Participation in Practice,2010-11-12T10:32:39Z
2010,REG,NYJ,10,00-0026899,RB,Shonn Greene,Shonn,Greene,,,,Not Injury Related,,Did Not Participate In Practice,2010-11-12T11:15:36Z
2010,REG,NYJ,10,00-0013694,RB,Tony Richardson,Tony,Richardson,,,,Not Injury Related,,Full Participation in Practice,2010-11-11T12:29:44Z
2010,REG,NYJ,10,00-0020536,RB,LaDainian Tomlinson,LaDainian,Tomlinson,,,,Not Injury Related,,Full Participation in Practice,2010-11-11T12:29:48Z
2010,REG,NYJ,10,00-0024588,CB,Marquice Cole,Marquice,Cole,Hamstring,,Out,Hamstring,,Did Not Participate In Practice,2010-11-12T11:15:50Z
2010,REG,NYJ,10,00-0027170,LB,Joshua Mauga,Joshua,Mauga,Hamstring,,Questionable,Hamstring,,Limited Participation in Practice,2010-11-12T11:16:00Z
2010,REG,NYJ,10,00-0022120,LB,Calvin Pace,Calvin,Pace,Foot,,Probable,Foot,,Full Participation in Practice,2010-11-12T11:15:41Z
2010,REG,NYJ,10,00-0025401,CB,Darrelle Revis,Darrelle,Revis,Hamstring,,Probable,Hamstring,,Full Participation in Practice,2010-11-12T11:15:41Z
2010,REG,NYJ,10,00-0026500,G,Matt Slauson,Matt,Slauson,Knee,,Probable,Knee,,Full Participation in Practice,2010-11-12T11:15:41Z
2010,REG,NYJ,10,00-0018234,T,Damien Woody,Damien,Woody,Knee,,Probable,Knee,,Full Participation in Practice,2010-11-12T11:15:41Z
2010,REG,PHI,10,00-0023560,G,Todd Herremans,Todd,Herremans,,,,Shoulder,,Full Participation in Practice,2010-11-12T12:21:25Z
2010,REG,PHI,10,00-0027652,S,Nate Allen,Nate,Allen,Neck,,Out,Neck,,Did Not Participate In Practice,2010-11-13T10:38:19Z
2010,REG,PHI,10,00-0023519,CB,Ellis Hobbs,Ellis,Hobbs,Hip,,Out,Hip,,Limited Participation in Practice,2010-11-13T10:38:57Z
2010,REG,PHI,10,00-0026370,T,King Dunlap,King,Dunlap,Knee,,Doubtful,Knee,,Limited Participation in Practice,2010-11-13T10:38:37Z
2010,REG,PHI,10,00-0024314,G,Max Jean-Gilles,Max,Jean-Gilles,Concussion,,Questionable,Concussion,,Full Participation in Practice,2010-11-13T10:38:46Z
2010,REG,PHI,10,00-0024229,DT,Brodrick Bunkley,Brodrick,Bunkley,Elbow,,Probable,Elbow,,Full Participation in Practice,2010-11-13T10:38:11Z
2010,REG,PHI,10,00-0019986,DE,Juqua Parker,Juqua,Parker,Hip,,Probable,Hip,,Full Participation in Practice,2010-11-13T10:38:11Z
2010,REG,PHI,10,00-0024156,G,Nick Cole,Nick,Cole,Knee,,Probable,Knee,,Limited Participation in Practice,2010-11-13T10:38:11Z
2010,REG,PIT,10,00-0020737,K,Jeff Reed,Jeff,Reed,,,,Illness,,Did Not Participate In Practice,2010-11-10T12:42:16Z
2010,REG,PIT,10,00-0015080,DE,Aaron Smith,Aaron,Smith,Triceps,,Out,Triceps,,Did Not Participate In Practice,2010-11-12T11:10:30Z
2010,REG,PIT,10,00-0021344,DE,Brett Keisel,Brett,Keisel,Hamstring,,Doubtful,Hamstring,,Did Not Participate In Practice,2010-11-12T11:10:06Z
2010,REG,PIT,10,00-0023362,G,Chris Kemoeatu,Chris,Kemoeatu,Knee,Ankle,Doubtful,Knee,Ankle,Did Not Participate In Practice,2010-11-12T11:10:16Z
2010,REG,PIT,10,00-0022900,S,Will Allen,Will,Allen,Illness,,Probable,Concussion,,Full Participation in Practice,2010-11-12T11:09:55Z
2010,REG,PIT,10,00-0023465,TE,Heath Miller,Heath,Miller,Knee,,Probable,Knee,,Full Participation in Practice,2010-11-12T11:09:55Z
2010,REG,PIT,10,00-0022217,RB,Mewelde Moore,Mewelde,Moore,Concussion,,Probable,Concussion,,Full Participation in Practice,2010-11-12T11:09:55Z
2010,REG,PIT,10,00-0026566,RB,Isaac Redman,Isaac,Redman,Concussion,,Probable,Concussion,,Full Participation in Practice,2010-11-12T11:09:55Z
2010,REG,SEA,10,00-0027866,S,Earl Thomas,Earl,Thomas,,,,Not Injury Related,,Did Not Participate In Practice,2010-11-11T15:42:57Z
2010,REG,SEA,10,00-0021684,DT,Colin Cole,Colin,Cole,Ankle,,Out,Ankle,,Did Not Participate In Practice,2010-11-12T13:20:11Z
2010,REG,SEA,10,00-0027891,WR,Golden Tate,Golden,Tate,Ankle,,Out,Ankle,,Did Not Participate In Practice,2010-11-12T13:20:52Z
2010,REG,SEA,10,00-0026324,G,Mike Gibson,Mike,Gibson,Ankle,,Doubtful,Ankle,,Did Not Participate In Practice,2010-11-12T13:20:18Z
2010,REG,SEA,10,00-0024315,RB,Michael Robinson,Michael,Robinson,Hamstring,,Doubtful,Hamstring,,Did Not Participate In Practice,2010-11-12T13:20:43Z
2010,REG,SEA,10,00-0027859,T,Russell Okung,Russell,Okung,Ankle,,Questionable,Ankle,,Limited Participation in Practice,2010-11-12T13:20:31Z
2010,REG,SEA,10,00-0021340,DE,Raheem Brock,Raheem,Brock,Back,,Probable,Back,,Did Not Participate In Practice,2010-11-12T13:19:52Z
2010,REG,SEA,10,00-0021213,TE,Chris Baker,Chris,Baker,Foot,,Probable,Foot,,Full Participation in Practice,2010-11-12T13:19:52Z
2010,REG,SEA,10,00-0025399,RB,Marshawn Lynch,Marshawn,Lynch,Thigh,,Probable,Thigh,,Full Participation in Practice,2010-11-12T13:19:52Z
2010,REG,SEA,10,00-0023480,LB,Lofa Tatupu,Lofa,Tatupu,Knee,,Probable,Knee,,Full Participation in Practice,2010-11-12T13:19:52Z
2010,REG,SEA,10,00-0023452,WR,Mike Williams,Mike,Williams,Finger,,Probable,Finger,,Full Participation in Practice,2010-11-12T13:19:52Z
2010,REG,SEA,10,00-0015754,WR,Brandon Stokley,Brandon,Stokley,Calf,,Probable,Calf,,Limited Participation in Practice,2010-11-12T13:21:34Z
2010,REG,SF,10,00-0023436,QB,Alex Smith,Alex,Smith,left Shoulder,,Out,left Shoulder,,Limited Participation in Practice,2010-11-12T13:11:40Z
2010,REG,SF,10,00-0026179,G,Chilo Rachal,Chilo,Rachal,Not Injury Related,,Probable,Not Injury Related,,Did Not Participate In Practice,2010-11-12T13:12:00Z
2010,REG,SF,10,00-0020495,CB,Nate Clements,Nate,Clements,Ankle,,Probable,Ankle,,Full Participation in Practice,2010-11-12T13:11:18Z
2010,REG,STL,10,00-0027912,WR,Danario Alexander,Danario,Alexander,Knee,,Out,Knee,,Did Not Participate In Practice,2010-11-12T11:12:55Z
2010,REG,STL,10,00-0023053,S,James Butler,James,Butler,Ankle,,Out,Ankle,,Did Not Participate In Practice,2010-11-12T11:13:16Z
2010,REG,STL,10,00-0027769,TE,Fendi Onobun,Fendi,Onobun,Back,,Doubtful,Back,,Limited Participation in Practice,2010-11-12T11:14:25Z
2010,REG,STL,10,00-0023485,CB,Ron Bartell,Ron,Bartell,Neck,,Probable,Neck,,Full Participation in Practice,2010-11-12T11:15:30Z
2010,REG,STL,10,00-0027011,LB,James Laurinaitis,James,Laurinaitis,Knee,,Probable,Knee,,Full Participation in Practice,2010-11-12T11:15:53Z
2010,REG,STL,10,00-0026712,RB,Brit Miller,Brit,Miller,Calf,,Probable,Calf,,Full Participation in Practice,2010-11-12T11:16:08Z
2010,REG,STL,10,00-0026392,LB,David Vobora,David,Vobora,Hamstring,,Probable,Hamstring,,Full Participation in Practice,2010-11-12T11:16:28Z
2010,REG,STL,10,00-0019467,LB,Na'il Diggs,Na'il,Diggs,Shin,,Probable,Shin,,Limited Participation in Practice,2010-11-12T11:13:40Z
2010,REG,STL,10,00-0019387,DE,James Hall,James,Hall,Hand,,Probable,Hand,,Limited Participation in Practice,2010-11-12T11:14:04Z
2010,REG,STL,10,00-0022736,RB,Steven Jackson,Steven,Jackson,Finger,,Probable,Finger,,Limited Participation in Practice,2010-11-12T11:14:43Z
2010,REG,STL,10,00-0027648,T,Rodger Saffold,Rodger,Saffold,Shoulder,,Probable,Shoulder,,Limited Participation in Practice,2010-11-12T11:15:06Z
2010,REG,TB,10,00-0021755,RB,Earnest Graham,Earnest,Graham,Hamstring,,Out,Hamstring,,Did Not Participate In Practice,2010-11-12T11:32:16Z
2010,REG,TB,10,00-0026906,DE,Kyle Moore,Kyle,Moore,Shoulder,,Out,Shoulder,,Did Not Participate In Practice,2010-11-12T11:32:26Z
2010,REG,TB,10,00-0021382,DT,Ryan Sims,Ryan,Sims,Knee,,Out,Knee,,Did Not Participate In Practice,2010-11-12T11:32:34Z
2010,REG,TB,10,00-0026953,WR,Sammie Stroughter,Sammie,Stroughter,Foot,,Questionable,Foot,,Did Not Participate In Practice,2010-11-12T11:32:43Z
2010,REG,TB,10,00-0025455,LB,Quincy Black,Quincy,Black,Ankle,,Questionable,Ankle,,Full Participation in Practice,2010-11-12T11:31:59Z
2010,REG,TB,10,00-0022157,C,Jeff Faine,Jeff,Faine,Quadricep,,Questionable,Quadricep,,Full Participation in Practice,2010-11-12T11:32:08Z
2010,REG,TB,10,00-0024274,T,Jeremy Trueblood,Jeremy,Trueblood,Knee,,Questionable,Knee,,Full Participation in Practice,2010-11-12T11:32:53Z
2010,REG,TB,10,00-0022922,TE,Kellen Winslow,Kellen,Winslow,Knee,,Probable,Knee,,Full Participation in Practice,2010-11-12T11:31:50Z
2010,REG,TEN,10,00-0027006,WR,Kenny Britt,Kenny,Britt,Hamstring,,Out,Hamstring,,Out (Definitely Will Not Play),2010-11-12T11:54:44Z
2010,REG,TEN,10,00-0027066,CB,Ryan Mouton,Ryan,Mouton,Hamstring,,Questionable,Hamstring,,Full Participation in Practice,2010-11-12T11:54:52Z
2010,REG,TEN,10,00-0024218,QB,Vince Young,Vince,Young,Ankle,,Questionable,Ankle,,Limited Participation in Practice,2010-11-12T11:55:01Z
2010,REG,TEN,10,00-0021490,DT,Tony Brown,Tony,Brown,Knee,,Probable,Knee,,Full Participation in Practice,2010-11-12T11:54:38Z
2010,REG,TEN,10,00-0026164,RB,Chris Johnson,Chris,Johnson,Thigh,,Probable,Thigh,,Full Participation in Practice,2010-11-12T11:54:38Z
2010,REG,WAS,10,00-0024583,T,Stephon Heyer,Stephon,Heyer,Ankle,,Questionable,Ankle,,Full Participation in Practice,2010-11-13T11:44:49Z
2010,REG,WAS,10,00-0025393,S,LaRon Landry,LaRon,Landry,Achilles,,Questionable,Achilles,,Full Participation in Practice,2010-11-13T11:44:56Z
2010,REG,WAS,10,00-0011022,QB,Donovan McNabb,Donovan,McNabb,Hamstring,Groin,Questionable,Hamstring,Groin,Full Participation in Practice,2010-11-13T11:45:26Z
2010,REG,WAS,10,00-0026989,LB,Brian Orakpo,Brian,Orakpo,Back,,Questionable,Back,,Full Participation in Practice,2010-11-13T11:45:34Z
2010,REG,WAS,10,00-0027618,WR,Brandon Banks,Brandon,Banks,Knee,,Questionable,Knee,,Limited Participation in Practice,2010-11-13T11:44:32Z
2010,REG,WAS,10,00-0021179,RB,Clinton Portis,Clinton,Portis,Groin,,Questionable,Groin,,Limited Participation in Practice,2010-11-13T11:45:41Z
2010,REG,WAS,10,00-0026279,RB,Ryan Torain,Ryan,Torain,Hamstring,,Questionable,Hamstring,,Limited Participation in Practice,2010-11-13T11:45:47Z
2010,REG,ARI,11,00-0026956,RB,LaRod Stephens-Howling,LaRod,Stephens-Howling,Hamstring,,Questionable,Hamstring,,Did Not Participate In Practice,2010-11-19T11:34:33Z
2010,REG,ARI,11,00-0022930,DT,Darnell Dockett,Darnell,Dockett,Shoulder,,Questionable,Shoulder,,Limited Participation in Practice,2010-11-19T11:34:05Z
2010,REG,ARI,11,00-0019538,LB,Clark Haggans,Clark,Haggans,Groin,,Questionable,Groin,,Limited Participation in Practice,2010-11-19T11:34:10Z
2010,REG,ARI,11,00-0023557,S,Kerry Rhodes,Kerry,Rhodes,Hand,Back,Questionable,Hand,Back,Limited Participation in Practice,2010-11-19T11:34:26Z
2010,REG,ARI,11,00-0026910,CB,Gregory Toler,Gregory,Toler,Foot,,Questionable,Foot,,Limited Participation in Practice,2010-11-19T11:34:42Z
2010,REG,ARI,11,00-0026727,LB,Reggie Walker,Reggie,Walker,Hamstring,,Questionable,Hamstring,,Limited Participation in Practice,2010-11-19T11:33:56Z
2010,REG,ARI,11,00-0027007,RB,Chris Wells,Chris,Wells,Knee,,Questionable,Knee,,Limited Participation in Practice,2010-11-19T11:34:47Z
2010,REG,ARI,11,00-0022288,RB,Jason Wright,Jason,Wright,Head,,Questionable,Head,,Limited Participation in Practice,2010-11-19T11:34:54Z
2010,REG,ARI,11,00-0026939,LB,Will Davis,Will,Davis,Knee,,Probable,Knee,,Full Participation in Practice,2010-11-19T11:33:13Z
2010,REG,ARI,11,00-0019104,LB,Paris Lenon,Paris,Lenon,Ankle,,Probable,Ankle,,Full Participation in Practice,2010-11-19T11:33:13Z
2010,REG,ARI,11,00-0023108,TE,Stephen Spach,Stephen,Spach,Foot,,Probable,Foot,,Full Participation in Practice,2010-11-19T11:33:13Z
2010,REG,ARI,11,00-0027877,DT,Dan Williams,Dan,Williams,Calf,,Probable,Calf,,Full Participation in Practice,2010-11-19T11:33:13Z
2010,REG,ATL,11,00-0027871,LB,Sean Weatherspoon,Sean,Weatherspoon,Knee,,Questionable,Knee,,Full Participation in Practice,2010-11-19T11:43:55Z
2010,REG,ATL,11,00-0019546,DE,John Abraham,John,Abraham,Groin,,Questionable,Groin,,Limited Participation in Practice,2010-11-19T11:43:45Z
2010,REG,ATL,11,00-0026177,LB,Curtis Lofton,Curtis,Lofton,Knee,,Probable,Knee,,Full Participation in Practice,2010-11-19T11:43:30Z
2010,REG,ATL,11,00-0021227,TE,Justin Peelle,Justin,Peelle,Groin,,Probable,Groin,,Full Participation in Practice,2010-11-19T11:43:30Z
2010,REG,BAL,11,00-0023458,CB,Fabian Washington,Fabian,Washington,,,,Illness,,Did Not Participate In Practice,2010-11-18T12:05:34Z
2010,REG,BAL,11,00-0025473,T,Marshal Yanda,Marshal,Yanda,,,,Not Injury Related,,Did Not Participate In Practice,2010-11-18T12:05:48Z
2010,REG,BAL,11,00-0026226,S,Tom Zbikowski,Tom,Zbikowski,Foot,,Out,Foot,,Did Not Participate In Practice,2010-11-19T11:37:07Z
2010,REG,BAL,11,00-0024271,G,Chris Chester,Chris,Chester,Illness,,Questionable,Illness,,Did Not Participate In Practice,2010-11-19T11:37:21Z
2010,REG,BAL,11,00-0026211,LB,Tavares Gooden,Tavares,Gooden,Head,,Probable,Head,,Full Participation in Practice,2010-11-19T11:30:51Z
2010,REG,BAL,11,00-0020516,TE,Todd Heap,Todd,Heap,Chest,,Probable,Chest,,Full Participation in Practice,2010-11-19T11:30:51Z
2010,REG,BUF,11,00-0022610,DE,Spencer Johnson,Spencer,Johnson,Hamstring,,Out,Hamstring,,Did Not Participate In Practice,2010-11-19T10:17:02Z
2010,REG,BUF,11,00-0023446,LB,Shawne Merriman,Shawne,Merriman,Calf,Achilles,Out,Calf,Achilles,Did Not Participate In Practice,2010-11-19T10:17:23Z
2010,REG,BUF,11,00-0027861,RB,C.J. Spiller,C.J.,Spiller,Hamstring,,Out,Hamstring,,Did Not Participate In Practice,2010-11-19T10:17:31Z
2010,REG,BUF,11,00-0027542,G,Cord Howard,Cord,Howard,Shoulder,,Questionable,Shoulder,,Limited Participation in Practice,2010-11-19T10:16:51Z
2010,REG,BUF,11,00-0020804,RB,Corey McIntyre,Corey,McIntyre,Ankle,,Questionable,Ankle,,Limited Participation in Practice,2010-11-19T10:17:16Z
2010,REG,BUF,11,00-0024348,DT,Kyle Williams,Kyle,Williams,Hamstring,,Questionable,Hamstring,,Limited Participation in Practice,2010-11-19T10:17:41Z
2010,REG,BUF,11,00-0026359,T,Demetress Bell,Demetress,Bell,Knee,,Probable,Knee,,Full Participation in Practice,2010-11-19T10:16:29Z
2010,REG,BUF,11,00-0027004,G,Eric Wood,Eric,Wood,Fibula,,Probable,Fibula,,Full Participation in Practice,2010-11-19T10:16:29Z
2010,REG,CAR,11,00-0027659,QB,Jimmy Clausen,Jimmy,Clausen,Concussion,,Out,Concussion,,Out (Definitely Will Not Play),2010-11-19T11:22:20Z
2010,REG,CAR,11,00-0024406,S,Marcus Hudson,Marcus,Hudson,Ankle,,Out,Ankle,,Out (Definitely Will Not Play),2010-11-19T11:24:16Z
2010,REG,CAR,11,00-0027681,WR,Brandon LaFell,Brandon,LaFell,Concussion,,Out,Concussion,,Out (Definitely Will Not Play),2010-11-19T11:25:08Z
2010,REG,CAR,11,00-0026153,RB,Jonathan Stewart,Jonathan,Stewart,Concussion,,Out,Concussion,,Out (Definitely Will Not Play),2010-11-19T11:25:30Z
2010,REG,CAR,11,00-0026790,RB,Tyrell Sutton,Tyrell,Sutton,Ankle,,Out,Ankle,,Out (Definitely Will Not Play),2010-11-19T11:25:57Z
2010,REG,CAR,11,00-0022214,G,Travelle Wharton,Travelle,Wharton,Toe,,Out,Toe,,Out (Definitely Will Not Play),2010-11-19T11:26:17Z
2010,REG,CAR,11,00-0025412,LB,Jon Beason,Jon,Beason,Knee,,Probable,Knee,,Full Participation in Practice,2010-11-19T11:21:57Z
2010,REG,CAR,11,00-0027774,DE,Greg Hardy,Greg,Hardy,Concussion,,Probable,Concussion,,Full Participation in Practice,2010-11-19T11:22:42Z
2010,REG,CAR,11,00-0027107,LB,Nic Harris,Nic,Harris,Knee,,Probable,Knee,,Full Participation in Practice,2010-11-19T11:23:10Z
2010,REG,CAR,11,00-0025470,DE,Charles Johnson,Charles,Johnson,Hip,,Probable,Hip,,Full Participation in Practice,2010-11-19T11:24:45Z
2010,REG,CHI,11,00-0009472,C,Olin Kreutz,Olin,Kreutz,,,,Hamstring,,Limited Participation in Practice,2010-11-15T16:54:06Z
2010,REG,CHI,11,00-0022050,LB,Pisa Tinoisamoa,Pisa,Tinoisamoa,Knee,,Out,Knee,,Out (Definitely Will Not Play),2010-11-17T11:28:57Z
2010,REG,CHI,11,00-0026282,CB,Zackary Bowman,Zackary,Bowman,Foot,,Probable,Foot,,Full Participation in Practice,2010-11-17T11:28:47Z
2010,REG,CHI,11,00-0023429,WR,Rashied Davis,Rashied,Davis,Quadricep,,Probable,Quadricep,,Full Participation in Practice,2010-11-17T11:28:47Z
2010,REG,CHI,11,00-0024272,WR,Devin Hester,Devin,Hester,Shoulder,,Probable,Shoulder,,Full Participation in Practice,2010-11-17T11:28:47Z
2010,REG,CHI,11,00-0026913,WR,Johnny Knox,Johnny,Knox,Ankle,,Probable,Ankle,,Full Participation in Practice,2010-11-17T11:28:47Z
2010,REG,CIN,11,00-0023665,DE,Jonathan Fanene,Jonathan,Fanene,Hamstring,,Out,Hamstring,,Out (Definitely Will Not Play),2010-11-19T10:16:45Z
2010,REG,CIN,11,00-0022918,DE,Antwan Odom,Antwan,Odom,Wrist,,Out,Wrist,,Out (Definitely Will Not Play),2010-11-19T10:16:58Z
2010,REG,CIN,11,00-0026982,T,Andre Smith,Andre,Smith,Foot,,Out,Foot,,Out (Definitely Will Not Play),2010-11-19T10:17:09Z
2010,REG,CIN,11,00-0026928,CB,Morgan Trent,Morgan,Trent,Knee,,Out,Knee,,Out (Definitely Will Not Play),2010-11-19T10:17:24Z
2010,REG,CIN,11,00-0022696,DT,Tank Johnson,Tank,Johnson,Knee,,Doubtful,Knee,,Did Not Participate In Practice,2010-11-19T10:17:33Z
2010,REG,CIN,11,00-0024306,DE,Frostee Rucker,Frostee,Rucker,Knee,,Doubtful,Knee,,Did Not Participate In Practice,2010-11-19T10:17:42Z
2010,REG,CIN,11,00-0023439,RB,Cedric Benson,Cedric,Benson,Foot,,Questionable,Foot,,Full Participation in Practice,2010-11-19T10:17:57Z
2010,REG,CIN,11,00-0022167,S,Chris Crocker,Chris,Crocker,Calf,,Questionable,Calf,,Limited Participation in Practice,2010-11-19T10:18:04Z
2010,REG,CIN,11,00-0027014,LB,Rey Maualuga,Rey,Maualuga,Thigh,,Questionable,Thigh,,Limited Participation in Practice,2010-11-19T10:18:13Z
2010,REG,CIN,11,00-0020397,WR,Chad Johnson,Chad,Johnson,Shoulder,,Probable,Shoulder,,Full Participation in Practice,2010-11-19T10:14:24Z
2010,REG,CIN,11,00-0025640,S,Chinedum Ndukwe,Chinedum,Ndukwe,Thigh,,Probable,Thigh,,Full Participation in Practice,2010-11-19T10:14:24Z
2010,REG,CIN,11,00-0021429,QB,Carson Palmer,Carson,Palmer,right Shoulder,,Probable,right Shoulder,,Full Participation in Practice,2010-11-19T10:14:24Z
2010,REG,CIN,11,00-0027697,CB,Brandon Ghee,Brandon,Ghee,Groin,,Probable,Groin,,Limited Participation in Practice,2010-11-19T10:14:24Z
2010,REG,CIN,11,00-0024239,CB,Johnathan Joseph,Johnathan,Joseph,Neck,,Probable,Neck,,Limited Participation in Practice,2010-11-19T10:14:24Z
2010,REG,CLE,11,00-0021259,LB,Scott Fujita,Scott,Fujita,Knee,,Out,Knee,,Did Not Participate In Practice,2010-11-19T12:11:45Z
2010,REG,CLE,11,00-0022247,S,Mike Adams,Mike,Adams,Abdomen,,Questionable,Abdomen,,Did Not Participate In Practice,2010-11-19T12:13:24Z
2010,REG,CLE,11,00-0023176,WR,Joshua Cribbs,Joshua,Cribbs,Foot,,Questionable,Foot,,Did Not Participate In Practice,2010-11-19T12:14:29Z
2010,REG,CLE,11,00-0023481,LB,Matt Roth,Matt,Roth,Illness,,Questionable,Illness,,Did Not Participate In Practice,2010-11-19T12:17:39Z
2010,REG,CLE,11,00-0021186,CB,Sheldon Brown,Sheldon,Brown,Shoulder,,Questionable,Shoulder,,Limited Participation in Practice,2010-11-19T12:13:45Z
2010,REG,CLE,11,00-0021262,DE,Kenyon Coleman,Kenyon,Coleman,Knee,,Questionable,Knee,,Limited Participation in Practice,2010-11-19T12:14:09Z
2010,REG,CLE,11,00-0004161,QB,Jake Delhomme,Jake,Delhomme,Ankle,,Questionable,Ankle,,Limited Participation in Practice,2010-11-19T12:14:55Z
2010,REG,CLE,11,00-0020528,DT,Shaun Rogers,Shaun,Rogers,Ankle,,Questionable,Ankle,,Limited Participation in Practice,2010-11-19T12:17:19Z
2010,REG,CLE,11,00-0022122,G,Eric Steinbach,Eric,Steinbach,Calf,,Questionable,Calf,,Limited Participation in Practice,2010-11-19T12:17:56Z
2010,REG,CLE,11,00-0020348,G,Floyd Womack,Floyd,Womack,Knee,,Questionable,Knee,,Limited Participation in Practice,2010-11-19T12:18:20Z
2010,REG,CLE,11,00-0000846,LB,Eric Barton,Eric,Barton,Thigh,,Probable,Illness,,Full Participation in Practice,2010-11-19T12:12:12Z
2010,REG,CLE,11,00-0026742,LB,Marcus Benard,Marcus,Benard,Illness,,Probable,Illness,,Full Participation in Practice,2010-11-19T12:12:34Z
2010,REG,DAL,11,00-0027826,DE,Sean Lissemore,Sean,Lissemore,Ankle,,Out,Ankle,,Did Not Participate In Practice,2010-11-19T11:26:54Z
2010,REG,DAL,11,00-0021678,QB,Tony Romo,Tony,Romo,left Shoulder,,Out,left Shoulder,,Did Not Participate In Practice,2010-11-19T11:27:12Z
2010,REG,DAL,11,00-0022045,CB,Terence Newman,Terence,Newman,Ankle,,Questionable,Ankle,,Limited Participation in Practice,2010-11-19T11:27:01Z
2010,REG,DAL,11,00-0024307,DE,Jason Hatcher,Jason,Hatcher,Groin,,Probable,Groin,,Full Participation in Practice,2010-11-19T11:26:45Z
2010,REG,DAL,11,00-0022137,LB,Bradie James,Bradie,James,Knee,,Probable,Knee,,Full Participation in Practice,2010-11-19T11:26:45Z
2010,REG,DAL,11,00-0026165,CB,Mike Jenkins,Mike,Jenkins,Neck,,Probable,Neck,,Full Participation in Practice,2010-11-19T11:26:45Z
2010,REG,DAL,11,00-0026780,WR,Kevin Ogletree,Kevin,Ogletree,Back,,Probable,Back,,Full Participation in Practice,2010-11-19T11:26:45Z
2010,REG,DAL,11,00-0023656,DT,Jay Ratliff,Jay,Ratliff,Knee,,Probable,Knee,,Full Participation in Practice,2010-11-19T11:26:45Z
2010,REG,DEN,11,00-0017813,DT,Jamal Williams,Jamal,Williams,,,,Not Injury Related,,Did Not Participate In Practice,2010-11-19T13:48:55Z
2010,REG,DEN,11,00-0021194,CB,Andre' Goodman,Andre',Goodman,Hip,,Out,Hip,,Did Not Participate In Practice,2010-11-20T12:24:42Z
2010,REG,DEN,11,00-0026994,LB,Robert Ayers,Robert,Ayers,Foot,,Questionable,Foot,,Limited Participation in Practice,2010-11-20T12:24:33Z
2010,REG,DEN,11,00-0027024,S,Darcel McBath,Darcel,McBath,Ankle,,Questionable,Ankle,,Limited Participation in Practice,2010-11-20T12:24:50Z
2010,REG,DEN,11,00-0026182,WR,Eddie Royal,Eddie,Royal,Hamstring,,Questionable,Hamstring,,Limited Participation in Practice,2010-11-20T12:24:57Z
2010,REG,DET,11,00-0026232,DE,Cliff Avril,Cliff,Avril,Quadricep,,Out,Quadricep,,Did Not Participate In Practice,2010-11-19T12:52:11Z
2010,REG,DET,11,00-0006800,K,Jason Hanson,Jason,Hanson,right Knee,,Out,right Knee,,Did Not Participate In Practice,2010-11-19T12:52:43Z
2010,REG,DET,11,00-0026204,RB,Kevin Smith,Kevin,Smith,Thumb,,Out,Thumb,,Did Not Participate In Practice,2010-11-19T12:52:54Z
2010,REG,DET,11,00-0026498,QB,Matthew Stafford,Matthew,Stafford,right Shoulder,,Out,right Shoulder,,Did Not Participate In Practice,2010-11-19T12:53:08Z
2010,REG,DET,11,00-0023313,LB,Isaiah Ekejiuba,Isaiah,Ekejiuba,Knee,,Questionable,Knee,,Limited Participation in Practice,2010-11-19T12:53:19Z
2010,REG,DET,11,00-0024276,TE,Tony Scheffler,Tony,Scheffler,Shoulder,,Questionable,Shoulder,,Limited Participation in Practice,2010-11-19T12:53:30Z
2010,REG,DET,11,00-0027728,T,Jason Fox,Jason,Fox,Illness,,Probable,Illness,,Did Not Participate In Practice,2010-11-19T12:51:42Z
2010,REG,DET,11,00-0025428,CB,Chris Houston,Chris,Houston,Shoulder,,Probable,Shoulder,,Full Participation in Practice,2010-11-19T12:51:42Z
2010,REG,DET,11,00-0025389,WR,Calvin Johnson,Calvin,Johnson,Knee,,Probable,Knee,,Full Participation in Practice,2010-11-19T12:51:42Z
2010,REG,DET,11,00-0025441,DE,Turk McBride,Turk,McBride,Ankle,,Probable,Ankle,,Full Participation in Practice,2010-11-19T12:51:42Z
2010,REG,DET,11,00-0027013,CB,Alphonso Smith,Alphonso,Smith,Shoulder,,Probable,Shoulder,,Full Participation in Practice,2010-11-19T12:51:42Z
2010,REG,DET,11,00-0027880,RB,Jahvid Best,Jahvid,Best,Toe,,Probable,Toe,,Limited Participation in Practice,2010-11-19T12:51:42Z
2010,REG,DET,11,00-0021999,WR,Nate Burleson,Nate,Burleson,Thigh,,Probable,Thigh,,Limited Participation in Practice,2010-11-19T12:52:05Z
2010,REG,DET,11,00-0024233,LB,Bobby Carpenter,Bobby,Carpenter,Toe,,Probable,Toe,,Limited Participation in Practice,2010-11-19T12:51:42Z
2010,REG,DET,11,00-0023563,C,Dylan Gandy,Dylan,Gandy,Calf,,Probable,Calf,,Limited Participation in Practice,2010-11-19T12:53:52Z
2010,REG,DET,11,00-0027050,LB,DeAndre Levy,DeAndre,Levy,Groin,,Probable,Groin,,Limited Participation in Practice,2010-11-19T12:54:18Z
2010,REG,DET,11,00-0022906,DT,Corey Williams,Corey,Williams,Shoulder,Groin,Probable,Shoulder,Groin,Limited Participation in Practice,2010-11-19T12:51:42Z
2010,REG,GB,11,00-0025578,RB,Korey Hall,Korey,Hall,Back,,Questionable,Back,,Did Not Participate In Practice,2010-11-19T11:12:00Z
2010,REG,GB,11,00-0004541,WR,Donald Driver,Donald,Driver,Quadricep,,Questionable,Quadricep,,Limited Participation in Practice,2010-11-19T11:11:52Z
2010,REG,GB,11,00-0020515,DE,Ryan Pickett,Ryan,Pickett,Ankle,,Questionable,Ankle,,Limited Participation in Practice,2010-11-19T11:12:07Z
2010,REG,GB,11,00-0022711,LB,Brandon Chillar,Brandon,Chillar,Shoulder,,Probable,Shoulder,,Full Participation in Practice,2010-11-19T11:11:21Z
2010,REG,GB,11,00-0026200,CB,Patrick Lee,Patrick,Lee,Ankle,,Probable,Ankle,,Full Participation in Practice,2010-11-19T11:11:21Z
2010,REG,GB,11,00-0027753,TE,Andrew Quarless,Andrew,Quarless,Shoulder,,Probable,Shoulder,,Full Participation in Practice,2010-11-19T11:11:21Z
2010,REG,GB,11,00-0018227,CB,Charles Woodson,Charles,Woodson,Toe,,Probable,Toe,,Full Participation in Practice,2010-11-19T11:11:21Z
2010,REG,GB,11,00-0025579,LB,Desmond Bishop,Desmond,Bishop,Hip,,Probable,Hip,,Limited Participation in Practice,2010-11-19T11:11:38Z
2010,REG,GB,11,00-0019702,T,Chad Clifton,Chad,Clifton,Knee,,Probable,Knee,,Limited Participation in Practice,2010-11-19T11:11:21Z
2010,REG,GB,11,00-0027002,LB,Clay Matthews,Clay,Matthews,Shin,,Probable,Shin,,Limited Participation in Practice,2010-11-19T11:11:21Z
2010,REG,GB,11,00-0022832,C,Scott Wells,Scott,Wells,Arch,,Probable,Arch,,Limited Participation in Practice,2010-11-19T11:11:21Z
2010,REG,HOU,11,00-0024313,TE,Owen Daniels,Owen,Daniels,Hamstring,,Out,Hamstring,,Did Not Participate In Practice,2010-11-19T10:48:16Z
2010,REG,HOU,11,00-0026417,DE,Jesse Nading,Jesse,Nading,Knee,,Out,Knee,,Did Not Participate In Practice,2010-11-19T10:48:25Z
2010,REG,HOU,11,00-0025605,LB,Zach Diles,Zach,Diles,Illness,,Questionable,Illness,,Did Not Participate In Practice,2010-11-19T10:48:00Z
2010,REG,HOU,11,00-0026258,LB,Xavier Adibi,Xavier,Adibi,Hamstring,,Questionable,Hamstring,,Full Participation in Practice,2010-11-19T10:47:10Z
2010,REG,HOU,11,00-0022787,QB,Matt Schaub,Matt,Schaub,Knee,,Questionable,Knee,,Full Participation in Practice,2010-11-19T10:48:08Z
2010,REG,HOU,11,00-0026796,RB,Arian Foster,Arian,Foster,Not Injury Related,,Probable,Not Injury Related,,Did Not Participate In Practice,2010-11-19T10:47:48Z
2010,REG,HOU,11,00-0024373,DE,Mark Anderson,Mark,Anderson,Arm,,Probable,Arm,,Full Participation in Practice,2010-11-19T10:46:54Z
2010,REG,HOU,11,00-0021225,LB,Kevin Bentley,Kevin,Bentley,Knee,,Probable,Knee,,Full Participation in Practice,2010-11-19T10:46:54Z
2010,REG,HOU,11,00-0023846,G,Mike Brisiel,Mike,Brisiel,Knee,Ribs,Probable,Knee,Ribs,Full Participation in Practice,2010-11-19T10:46:54Z
2010,REG,HOU,11,00-0023472,DT,Shaun Cody,Shaun,Cody,Knee,,Probable,Knee,,Full Participation in Practice,2010-11-19T10:46:54Z
2010,REG,HOU,11,00-0027872,CB,Kareem Jackson,Kareem,Jackson,Shin,,Probable,Shin,,Full Participation in Practice,2010-11-19T10:46:54Z
2010,REG,HOU,11,00-0026274,LB,Stanford Keglar,Stanford,Keglar,Quadricep,,Probable,Quadricep,,Full Participation in Practice,2010-11-19T10:46:54Z
2010,REG,HOU,11,00-0021931,WR,Kevin Walter,Kevin,Walter,Knee,,Probable,Knee,,Full Participation in Practice,2010-11-19T10:46:54Z
2010,REG,HOU,11,00-0022044,WR,Andre Johnson,Andre,Johnson,Ankle,,Probable,Ankle,,Limited Participation in Practice,2010-11-19T10:46:54Z
2010,REG,HOU,11,00-0023633,C,Chris Myers,Chris,Myers,Shoulder,,Probable,Shoulder,,Limited Participation in Practice,2010-11-19T10:46:54Z
2010,REG,HOU,11,00-0016689,P,Matt Turk,Matt,Turk,right Hip,,Probable,right Hip,,Limited Participation in Practice,2010-11-19T10:46:54Z
2010,REG,HOU,11,00-0023750,DE,Mario Williams,Mario,Williams,Groin,,Probable,Groin,,Limited Participation in Practice,2010-11-19T10:46:54Z
2010,REG,IND,11,00-0021146,DE,Dwight Freeney,Dwight,Freeney,,,,Rested,,Full Participation in Practice,2010-11-19T12:38:31Z
2010,REG,IND,11,00-0022059,DE,Robert Mathis,Robert,Mathis,,,,Rested,,Full Participation in Practice,2010-11-19T12:40:14Z
2010,REG,IND,11,00-0022944,CB,Bob Sanders,Bob,Sanders,Biceps,,Out,Biceps,,Did Not Participate In Practice,2010-11-19T12:41:14Z
2010,REG,IND,11,00-0024245,RB,Joseph Addai,Joseph,Addai,Neck,,Questionable,Neck,,Did Not Participate In Practice,2010-11-19T12:41:23Z
2010,REG,IND,11,00-0021484,LB,Gary Brackett,Gary,Brackett,Toe,,Questionable,Toe,,Did Not Participate In Practice,2010-11-19T12:41:30Z
2010,REG,IND,11,00-0026342,RB,Mike Hart,Mike,Hart,Ankle,,Questionable,Ankle,,Did Not Participate In Practice,2010-11-19T12:42:01Z
2010,REG,IND,11,00-0025523,LB,Clint Session,Clint,Session,Elbow,,Questionable,Elbow,,Did Not Participate In Practice,2010-11-19T12:42:15Z
2010,REG,IND,11,00-0026264,CB,Justin Tryon,Justin,Tryon,Foot,,Questionable,Foot,,Did Not Participate In Practice,2010-11-19T12:42:24Z
2010,REG,IND,11,00-0027092,WR,Austin Collie,Austin,Collie,Concussion,,Questionable,Concussion,,Full Participation in Practice,2010-11-19T12:41:37Z
2010,REG,IND,11,00-0027761,TE,Brody Eldridge,Brody,Eldridge,Rib,,Questionable,Rib,,Full Participation in Practice,2010-11-19T12:41:49Z
2010,REG,IND,11,00-0023495,CB,Kelvin Hayden,Kelvin,Hayden,Neck,,Questionable,Neck,,Full Participation in Practice,2010-11-19T12:42:09Z
2010,REG,IND,11,00-0020498,WR,Reggie Wayne,Reggie,Wayne,Knee,,Questionable,Knee,,Full Participation in Practice,2010-11-19T12:42:32Z
2010,REG,IND,11,00-0027477,WR,Blair White,Blair,White,Shoulder,,Questionable,Shoulder,,Full Participation in Practice,2010-11-19T12:42:38Z
2010,REG,IND,11,00-0023213,CB,Aaron Francisco,Aaron,Francisco,Rib,,Questionable,Rib,,Limited Participation in Practice,2010-11-19T12:43:08Z
2010,REG,JAX,11,00-0025466,WR,Mike Sims-Walker,Mike,Sims-Walker,Ankle,,Doubtful,Ankle,,Limited Participation in Practice,2010-11-19T10:04:09Z
2010,REG,JAX,11,00-0025435,LB,Justin Durant,Justin,Durant,Shin,,Probable,Shin,,Full Participation in Practice,2010-11-19T10:03:53Z
2010,REG,JAX,11,00-0024405,DE,Jeremy Mincey,Jeremy,Mincey,Hand,,Probable,Hand,,Full Participation in Practice,2010-11-19T10:03:53Z
2010,REG,JAX,11,00-0027862,DT,Tyson Alualu,Tyson,Alualu,Knee,,Probable,Knee,,Limited Participation in Practice,2010-11-19T10:03:53Z
2010,REG,KC,11,00-0021187,S,Jon McGraw,Jon,McGraw,Knee,Head,Out,Knee,Head,Did Not Participate In Practice,2010-11-19T12:51:36Z
2010,REG,KC,11,00-0027695,TE,Tony Moeaki,Tony,Moeaki,Head,,Out,Head,,Did Not Participate In Practice,2010-11-19T12:51:43Z
2010,REG,KC,11,00-0027736,S,Kendrick Lewis,Kendrick,Lewis,Hamstring,,Questionable,Hamstring,,Full Participation in Practice,2010-11-19T12:51:23Z
2010,REG,KC,11,00-0022350,G,Ryan Lilja,Ryan,Lilja,Foot,,Questionable,Foot,,Limited Participation in Practice,2010-11-19T12:52:11Z
2010,REG,KC,11,00-0027651,WR,Dexter McCluster,Dexter,McCluster,Ankle,,Questionable,Ankle,,Limited Participation in Practice,2010-11-19T12:51:30Z
2010,REG,KC,11,00-0027072,S,Donald Washington,Donald,Washington,Calf,,Questionable,Calf,,Limited Participation in Practice,2010-11-19T12:52:30Z
2010,REG,KC,11,00-0018584,G,Brian Waters,Brian,Waters,Groin,,Questionable,Groin,,Limited Participation in Practice,2010-11-19T12:51:52Z
2010,REG,MIA,11,00-0024334,WR,Brandon Marshall,Brandon,Marshall,,,,Hamstring,,Full Participation in Practice,2010-11-17T11:18:00Z
2010,REG,MIA,11,00-0023639,C,Joe Berger,Joe,Berger,Knee,,Out,Knee,,Did Not Participate In Practice,2010-11-17T11:18:19Z
2010,REG,MIA,11,00-0027115,S,Chris Clemons,Chris,Clemons,Hamstring,,Out,Hamstring,,Did Not Participate In Practice,2010-11-17T11:18:55Z
2010,REG,MIA,11,00-0026197,QB,Chad Henne,Chad,Henne,Knee,,Doubtful,Knee,,Did Not Participate In Practice,2010-11-17T11:19:04Z
2010,REG,MIA,11,00-0024399,S,Tyrone Culver,Tyrone,Culver,Ankle,,Questionable,Ankle,,Limited Participation in Practice,2010-11-17T11:19:19Z
2010,REG,MIA,11,00-0025820,T,Jake Long,Jake,Long,Shoulder,,Questionable,Shoulder,,Limited Participation in Practice,2010-11-17T11:19:32Z
2010,REG,MIA,11,00-0027358,WR,Roberto Wallace,Roberto,Wallace,Knee,,Questionable,Knee,,Limited Participation in Practice,2010-11-17T11:19:43Z
2010,REG,MIA,11,00-0022067,S,Yeremiah Bell,Yeremiah,Bell,Toe,,Probable,Toe,,Full Participation in Practice,2010-11-17T11:18:05Z
2010,REG,MIA,11,00-0022890,T,Vernon Carey,Vernon,Carey,Knee,,Probable,Knee,,Full Participation in Practice,2010-11-17T11:18:05Z
2010,REG,MIA,11,00-0023505,LB,Channing Crowder,Channing,Crowder,Ribs,,Probable,Ribs,,Full Participation in Practice,2010-11-17T11:18:05Z
2010,REG,MIA,11,00-0022927,LB,Karlos Dansby,Karlos,Dansby,Elbow,,Probable,Elbow,,Full Participation in Practice,2010-11-17T11:18:05Z
2010,REG,MIA,11,00-0024365,LB,Tim Dobbins,Tim,Dobbins,Ankle,,Probable,Ankle,,Full Participation in Practice,2010-11-17T11:18:05Z
2010,REG,MIA,11,00-0026206,DE,Kendall Langford,Kendall,Langford,Ankle,,Probable,Ankle,,Full Participation in Practice,2010-11-17T11:18:05Z
2010,REG,MIA,11,00-0023368,LB,Cameron Wake,Cameron,Wake,Hip,,Probable,Hip,,Full Participation in Practice,2010-11-17T11:18:05Z
2010,REG,MIN,11,00-0025552,S,Eric Frampton,Eric,Frampton,Hamstring,,Out,Hamstring,,Did Not Participate In Practice,2010-11-19T10:55:48Z
2010,REG,MIN,11,00-0022807,WR,Bernard Berrian,Bernard,Berrian,Groin,,Questionable,Groin,,Limited Participation in Practice,2010-11-19T10:55:57Z
2010,REG,MIN,11,00-0022266,G,Anthony Herrera,Anthony,Herrera,Elbow,,Questionable,Elbow,,Limited Participation in Practice,2010-11-19T10:56:04Z
2010,REG,MIN,11,00-0026327,C,John Sullivan,John,Sullivan,Calf,,Questionable,Calf,,Limited Participation in Practice,2010-11-19T10:56:17Z
2010,REG,MIN,11,00-0027058,CB,Asher Allen,Asher,Allen,Concussion,,Probable,Concussion,,Full Participation in Practice,2010-11-19T10:55:33Z
2010,REG,MIN,11,00-0027649,CB,Chris Cook,Chris,Cook,Knee,,Probable,Knee,,Full Participation in Practice,2010-11-19T10:55:33Z
2010,REG,MIN,11,00-0005106,QB,Brett Favre,Brett,Favre,Ankle,Foot,Probable,Ankle,Foot,Full Participation in Practice,2010-11-19T10:55:33Z
2010,REG,MIN,11,00-0026998,WR,Percy Harvin,Percy,Harvin,Ankle,,Probable,Ankle,,Full Participation in Practice,2010-11-19T10:55:33Z
2010,REG,MIN,11,00-0026952,S,Jamarca Sanford,Jamarca,Sanford,Hamstring,,Probable,Hamstring,,Full Participation in Practice,2010-11-19T10:55:33Z
2010,REG,NE,11,00-0026909,G,Rich Ohrnberger,Rich,Ohrnberger,Illness,,Questionable,Illness,,Did Not Participate In Practice,2010-11-19T12:45:59Z
2010,REG,NE,11,00-0027138,DT,Myron Pryor,Myron,Pryor,Back,,Questionable,Back,,Did Not Participate In Practice,2010-11-19T12:44:36Z
2010,REG,NE,11,00-0027057,WR,Brandon Tate,Brandon,Tate,Illness,,Questionable,Illness,,Did Not Participate In Practice,2010-11-19T12:45:37Z
2010,REG,NE,11,00-0026269,CB,Jonathan Wilhite,Jonathan,Wilhite,Hip,,Questionable,Hip,,Did Not Participate In Practice,2010-11-19T12:44:59Z
2010,REG,NE,11,00-0020457,G,Steve Neal,Steve,Neal,Shoulder,,Questionable,Shoulder,,Limited Participation in Practice,2010-11-19T12:44:03Z
2010,REG,NE,11,00-0024442,S,Jarrad Page,Jarrad,Page,Calf,,Questionable,Calf,,Limited Participation in Practice,2010-11-19T12:44:21Z
2010,REG,NE,11,00-0016098,RB,Fred Taylor,Fred,Taylor,Toe,,Questionable,Toe,,Limited Participation in Practice,2010-11-19T12:44:47Z
2010,REG,NE,11,00-0019596,QB,Tom Brady,Tom,Brady,right Shoulder,Foot,Probable,right Shoulder,Foot,Limited Participation in Practice,2010-11-19T12:43:34Z
2010,REG,NO,11,00-0014724,S,Darren Sharper,Darren,Sharper,Hamstring,,Out,Hamstring,,Did Not Participate In Practice,2010-11-19T11:16:06Z
2010,REG,NO,11,00-0021148,TE,Jeremy Shockey,Jeremy,Shockey,Rib,,Out,Rib,,Did Not Participate In Practice,2010-11-19T11:16:13Z
2010,REG,NO,11,00-0024813,RB,Pierre Thomas,Pierre,Thomas,Ankle,,Out,Ankle,,Did Not Participate In Practice,2010-11-19T11:16:23Z
2010,REG,NO,11,00-0009530,LS,Jason Kyle,Jason,Kyle,Shoulder,,Questionable,Shoulder,,Did Not Participate In Practice,2010-11-19T13:56:30Z
2010,REG,NO,11,00-0024217,RB,Reggie Bush,Reggie,Bush,Fibula,,Questionable,Fibula,,Limited Participation in Practice,2010-11-19T11:15:41Z
2010,REG,NO,11,00-0026990,S,Malcolm Jenkins,Malcolm,Jenkins,Neck,,Questionable,Neck,,Limited Participation in Practice,2010-11-19T11:15:49Z
2010,REG,NO,11,00-0027882,CB,Patrick Robinson,Patrick,Robinson,Ankle,,Questionable,Ankle,,Limited Participation in Practice,2010-11-19T11:15:58Z
2010,REG,NO,11,00-0022078,T,Jon Stinchcomb,Jon,Stinchcomb,Knee,,Probable,Knee,,Full Participation in Practice,2010-11-19T11:15:27Z
2010,REG,NO,11,00-0027531,RB,Chris Ivory,Chris,Ivory,Shoulder,,Probable,Shoulder,,Limited Participation in Practice,2010-11-19T11:15:27Z
2010,REG,NYG,11,00-0021922,T,David Diehl,David,Diehl,Hip,Hamstring,Out,Hip,Hamstring,Did Not Participate In Practice,2010-11-19T10:28:59Z
2010,REG,NYG,11,00-0019276,C,Shaun O'Hara,Shaun,O'Hara,Foot,,Out,Foot,,Did Not Participate In Practice,2010-11-19T10:29:22Z
2010,REG,NYG,11,00-0025438,WR,Steve Smith,Steve,Smith,Pectoral,,Out,Pectoral,,Did Not Participate In Practice,2010-11-19T10:29:34Z
2010,REG,NYG,11,00-0023683,RB,Madison Hedgecock,Madison,Hedgecock,Hamstring,,Out,Hamstring,,Limited Participation in Practice,2010-11-19T10:29:13Z
2010,REG,NYG,11,00-0022779,G,Shawn Andrews,Shawn,Andrews,Back,,Questionable,Back,,Did Not Participate In Practice,2010-11-19T10:28:47Z
2010,REG,NYG,11,00-0025951,WR,Darius Reynaud,Darius,Reynaud,Hamstring,,Probable,Hamstring,,Full Participation in Practice,2010-11-19T10:28:36Z
2010,REG,NYG,11,00-0021977,DE,Osi Umenyiora,Osi,Umenyiora,Knee,,Probable,Knee,,Full Participation in Practice,2010-11-19T10:28:36Z
2010,REG,NYG,11,00-0024311,LB,Gerris Wilkinson,Gerris,Wilkinson,Hand,,Probable,Hand,,Full Participation in Practice,2010-11-19T10:28:36Z
2010,REG,NYG,11,00-0025540,TE,Kevin Boss,Kevin,Boss,Back,,Probable,Back,,Limited Participation in Practice,2010-11-19T10:28:36Z
2010,REG,NYG,11,00-0023478,CB,Corey Webster,Corey,Webster,Toe,,Probable,Toe,,Limited Participation in Practice,2010-11-19T10:28:36Z
2010,REG,NYJ,11,00-0013694,RB,Tony Richardson,Tony,Richardson,,,,Not Injury Related,,Full Participation in Practice,2010-11-18T12:20:27Z
2010,REG,NYJ,11,00-0020536,RB,LaDainian Tomlinson,LaDainian,Tomlinson,,,,Not Injury Related,,Full Participation in Practice,2010-11-18T12:20:32Z
2010,REG,NYJ,11,00-0024588,CB,Marquice Cole,Marquice,Cole,Hamstring,,Out,Hamstring,,Did Not Participate In Practice,2010-11-19T12:28:16Z
2010,REG,NYJ,11,00-0022811,WR,Jerricho Cotchery,Jerricho,Cotchery,Groin,,Out,Groin,,Did Not Participate In Practice,2010-11-19T12:28:23Z
2010,REG,NYJ,11,00-0026253,CB,Dwight Lowery,Dwight,Lowery,Head,,Out,Head,,Out (Definitely Will Not Play),2010-11-19T12:28:29Z
2010,REG,NYJ,11,00-0024244,C,Nick Mangold,Nick,Mangold,Shoulder,,Probable,Shoulder,,Full Participation in Practice,2010-11-19T12:28:08Z
2010,REG,NYJ,11,00-0027170,LB,Joshua Mauga,Joshua,Mauga,Hamstring,,Probable,Hamstring,,Full Participation in Practice,2010-11-19T12:28:08Z
2010,REG,NYJ,11,00-0022120,LB,Calvin Pace,Calvin,Pace,Foot,,Probable,Foot,,Full Participation in Practice,2010-11-19T12:28:08Z
2010,REG,NYJ,11,00-0025401,CB,Darrelle Revis,Darrelle,Revis,Hamstring,,Probable,Hamstring,,Full Participation in Practice,2010-11-19T12:28:08Z
2010,REG,NYJ,11,00-0026898,QB,Mark Sanchez,Mark,Sanchez,Calf,,Probable,Calf,,Full Participation in Practice,2010-11-19T12:28:08Z
2010,REG,NYJ,11,00-0026500,G,Matt Slauson,Matt,Slauson,Knee,,Probable,Knee,,Full Participation in Practice,2010-11-19T12:28:08Z
2010,REG,NYJ,11,00-0024312,S,Eric Smith,Eric,Smith,Ankle,,Probable,Ankle,,Full Participation in Practice,2010-11-19T12:28:08Z
2010,REG,NYJ,11,00-0018234,T,Damien Woody,Damien,Woody,Knee,,Probable,Knee,,Full Participation in Practice,2010-11-19T12:28:08Z
2010,REG,NYJ,11,00-0025434,LB,David Harris,David,Harris,Calf,,Probable,Calf,,Limited Participation in Practice,2010-11-19T12:29:10Z
2010,REG,NYJ,11,00-0024318,WR,Brad Smith,Brad,Smith,Back,,Probable,Back,,Limited Participation in Practice,2010-11-19T12:29:42Z
2010,REG,OAK,11,00-0026366,WR,Chaz Schilens,Chaz,Schilens,Knee,,Out,Knee,,Limited Participation in Practice,2010-11-19T12:13:09Z
2010,REG,OAK,11,00-0022077,CB,Nnamdi Asomugha,Nnamdi,Asomugha,Ankle,,Questionable,Ankle,,Limited Participation in Practice,2010-11-19T12:12:37Z
2010,REG,OAK,11,00-0021144,DT,John Henderson,John,Henderson,Foot,,Questionable,Foot,,Limited Participation in Practice,2010-11-19T12:12:45Z
2010,REG,OAK,11,00-0026983,WR,Darrius Heyward-Bey,Darrius,Heyward-Bey,Hamstring,,Questionable,Hamstring,,Limited Participation in Practice,2010-11-19T12:12:53Z
2010,REG,OAK,11,00-0025425,TE,Zach Miller,Zach,Miller,Foot,,Questionable,Foot,,Limited Participation in Practice,2010-11-19T12:13:01Z
2010,REG,PHI,11,00-0026370,T,King Dunlap,King,Dunlap,Knee,,Questionable,Knee,,Full Participation in Practice,2010-11-19T10:44:32Z
2010,REG,PHI,11,00-0019986,DE,Juqua Parker,Juqua,Parker,Hip,,Questionable,Hip,,Limited Participation in Practice,2010-11-19T10:44:19Z
2010,REG,PHI,11,00-0027652,S,Nate Allen,Nate,Allen,Neck,,Probable,Neck,,Full Participation in Practice,2010-11-19T10:44:03Z
2010,REG,PHI,11,00-0024229,DT,Brodrick Bunkley,Brodrick,Bunkley,Elbow,,Probable,Elbow,,Full Participation in Practice,2010-11-19T10:44:03Z
2010,REG,PHI,11,00-0027798,CB,Jorrick Calvin,Jorrick,Calvin,Hand,,Probable,Hand,,Full Participation in Practice,2010-11-19T10:44:03Z
2010,REG,PHI,11,00-0024156,G,Nick Cole,Nick,Cole,Knee,,Probable,Knee,,Full Participation in Practice,2010-11-19T10:44:03Z
2010,REG,PHI,11,00-0023519,CB,Ellis Hobbs,Ellis,Hobbs,Hip,,Probable,Hip,,Full Participation in Practice,2010-11-19T10:44:03Z
2010,REG,PHI,11,00-0027029,RB,LeSean McCoy,LeSean,McCoy,Shoulder,,Probable,Shoulder,,Full Participation in Practice,2010-11-19T10:44:03Z
2010,REG,PHI,11,00-0024224,LB,Ernie Sims,Ernie,Sims,Ankle,,Probable,Ankle,,Full Participation in Practice,2010-11-19T10:44:03Z
2010,REG,PIT,11,00-0022010,DE,Nick Eason,Nick,Eason,,,,Illness,,Did Not Participate In Practice,2010-11-18T12:27:25Z
2010,REG,PIT,11,00-0026564,DT,Steve McLendon,Steve,McLendon,,,,Illness,,Did Not Participate In Practice,2010-11-17T12:40:58Z
2010,REG,PIT,11,00-0022900,S,Will Allen,Will,Allen,Concussion,,Out,Concussion,,Did Not Participate In Practice,2010-11-19T10:14:44Z
2010,REG,PIT,11,00-0015080,DE,Aaron Smith,Aaron,Smith,Triceps,,Out,Triceps,,Did Not Participate In Practice,2010-11-19T10:15:09Z
2010,REG,PIT,11,00-0021344,DE,Brett Keisel,Brett,Keisel,Hamstring,,Questionable,Hamstring,,Full Participation in Practice,2010-11-19T10:14:57Z
2010,REG,PIT,11,00-0027763,CB,Crezdon Butler,Crezdon,Butler,Quadricep,,Probable,Quadricep,,Full Participation in Practice,2010-11-19T10:13:15Z
2010,REG,PIT,11,00-0023362,G,Chris Kemoeatu,Chris,Kemoeatu,Ankle,,Probable,Ankle,,Full Participation in Practice,2010-11-19T10:13:15Z
2010,REG,PIT,11,00-0022119,S,Troy Polamalu,Troy,Polamalu,Achilles,,Probable,Achilles,,Full Participation in Practice,2010-11-19T10:13:15Z
2010,REG,PIT,11,00-0025402,LB,Lawrence Timmons,Lawrence,Timmons,Hip,,Probable,Hip,,Full Participation in Practice,2010-11-19T10:13:15Z
2010,REG,PIT,11,00-0017162,WR,Hines Ward,Hines,Ward,Concussion,,Probable,Concussion,,Full Participation in Practice,2010-11-19T10:13:15Z
2010,REG,SD,11,00-0023998,S,Steve Gregory,Steve,Gregory,Shoulder,,Doubtful,Shoulder,,Did Not Participate In Practice,2010-11-20T12:46:36Z
2010,REG,SD,11,00-0027864,RB,Ryan Mathews,Ryan,Mathews,Ankle,,Doubtful,Ankle,,Did Not Participate In Practice,2010-11-20T12:47:14Z
2010,REG,SD,11,00-0025559,WR,Legedu Naanee,Legedu,Naanee,Hamstring,,Doubtful,Hamstring,,Did Not Participate In Practice,2010-11-20T12:47:26Z
2010,REG,SD,11,00-0021547,TE,Antonio Gates,Antonio,Gates,Toe,Foot,Questionable,Toe,Foot,Did Not Participate In Practice,2010-11-20T12:46:49Z
2010,REG,SD,11,00-0022714,TE,Kris Wilson,Kris,Wilson,Back,,Questionable,Back,,Did Not Participate In Practice,2010-11-20T12:47:40Z
2010,REG,SD,11,00-0023450,DE,Travis Johnson,Travis,Johnson,Shoulder,,Questionable,Shoulder,,Limited Participation in Practice,2010-11-20T12:47:02Z
2010,REG,SD,11,00-0022414,WR,Malcom Floyd,Malcom,Floyd,Hamstring,,Probable,Hamstring,,Full Participation in Practice,2010-11-20T12:46:19Z
2010,REG,SD,11,00-0022737,K,Nate Kaeding,Nate,Kaeding,Groin,,Probable,Groin,,Full Participation in Practice,2010-11-20T12:46:19Z
2010,REG,SD,11,00-0025627,LB,Brandon Siler,Brandon,Siler,Foot,,Probable,Foot,,Full Participation in Practice,2010-11-20T12:46:19Z
2010,REG,SEA,11,00-0021684,DT,Colin Cole,Colin,Cole,Ankle,,Out,Ankle,,Did Not Participate In Practice,2010-11-19T13:19:18Z
2010,REG,SEA,11,00-0026324,G,Mike Gibson,Mike,Gibson,Ankle,,Out,Ankle,,Did Not Participate In Practice,2010-11-19T13:19:25Z
2010,REG,SEA,11,00-0027783,TE,Anthony McCoy,Anthony,McCoy,Knee,,Out,Knee,,Did Not Participate In Practice,2010-11-19T13:19:33Z
2010,REG,SEA,11,00-0024315,RB,Michael Robinson,Michael,Robinson,Hamstring,,Doubtful,Hamstring,,Did Not Participate In Practice,2010-11-19T13:19:45Z
2010,REG,SEA,11,00-0015754,WR,Brandon Stokley,Brandon,Stokley,Calf,,Doubtful,Calf,,Limited Participation in Practice,2010-11-19T13:20:16Z
2010,REG,SEA,11,00-0027891,WR,Golden Tate,Golden,Tate,Ankle,,Doubtful,Ankle,,Limited Participation in Practice,2010-11-19T13:20:22Z
2010,REG,SEA,11,00-0027866,S,Earl Thomas,Earl,Thomas,Not Injury Related,,Probable,Not Injury Related,,Did Not Participate In Practice,2010-11-19T13:20:52Z
2010,REG,SEA,11,00-0007091,QB,Matt Hasselbeck,Matt,Hasselbeck,left Wrist,,Probable,left Wrist,,Full Participation in Practice,2010-11-19T13:19:01Z
2010,REG,SEA,11,00-0027859,T,Russell Okung,Russell,Okung,Ankle,,Probable,Ankle,,Full Participation in Practice,2010-11-19T13:19:01Z
2010,REG,SEA,11,00-0023480,LB,Lofa Tatupu,Lofa,Tatupu,Knee,,Probable,Knee,,Full Participation in Practice,2010-11-19T13:19:01Z
2010,REG,SF,11,00-0011970,K,Joe Nedney,Joe,Nedney,right Knee,,Out,right Knee,,Did Not Participate In Practice,2010-11-19T12:58:50Z
2010,REG,SF,11,00-0025415,T,Joe Staley,Joe,Staley,Fibula,,Out,Fibula,,Out (Definitely Will Not Play),2010-11-19T12:58:58Z
2010,REG,SF,11,00-0020384,CB,William James,William,James,Concussion,,Doubtful,Concussion,,Limited Participation in Practice,2010-11-19T12:58:40Z
2010,REG,SF,11,00-0020495,CB,Nate Clements,Nate,Clements,Quadricep,,Probable,Quadricep,,Full Participation in Practice,2010-11-19T12:58:30Z
2010,REG,SF,11,00-0023500,RB,Frank Gore,Frank,Gore,Foot,,Probable,Foot,,Full Participation in Practice,2010-11-19T12:58:30Z
2010,REG,SF,11,00-0023529,G,Adam Snyder,Adam,Snyder,Shoulder,,Probable,Shoulder,,Full Participation in Practice,2010-11-19T12:58:30Z
2010,REG,STL,11,00-0027912,WR,Danario Alexander,Danario,Alexander,Knee,,Questionable,Knee,,Limited Participation in Practice,2010-11-19T11:47:20Z
2010,REG,STL,11,00-0019706,DT,Fred Robbins,Fred,Robbins,Back,,Questionable,Back,,Limited Participation in Practice,2010-11-19T11:47:41Z
2010,REG,STL,11,00-0023053,S,James Butler,James,Butler,Ankle,,Probable,Ankle,,Full Participation in Practice,2010-11-19T11:47:11Z
2010,REG,STL,11,00-0026712,RB,Brit Miller,Brit,Miller,Head,,Probable,Head,,Full Participation in Practice,2010-11-19T11:47:11Z
2010,REG,STL,11,00-0027648,T,Rodger Saffold,Rodger,Saffold,Ankle,,Probable,Ankle,,Full Participation in Practice,2010-11-19T11:47:11Z
2010,REG,STL,11,00-0022684,P,Donnie Jones,Donnie,Jones,left Calf,,Probable,left Calf,,Limited Participation in Practice,2010-11-19T11:47:11Z
2010,REG,TB,11,00-0026906,DE,Kyle Moore,Kyle,Moore,Shoulder,,Out,Shoulder,,Did Not Participate In Practice,2010-11-19T11:06:34Z
2010,REG,TB,11,00-0024274,T,Jeremy Trueblood,Jeremy,Trueblood,Knee,,Questionable,Knee,,Full Participation in Practice,2010-11-19T11:07:05Z
2010,REG,TB,11,00-0025455,LB,Quincy Black,Quincy,Black,Ankle,,Questionable,Ankle,,Limited Participation in Practice,2010-11-19T11:06:14Z
2010,REG,TB,11,00-0021382,DT,Ryan Sims,Ryan,Sims,Knee,Toe,Questionable,Knee,Toe,Limited Participation in Practice,2010-11-19T11:08:32Z
2010,REG,TB,11,00-0026953,WR,Sammie Stroughter,Sammie,Stroughter,Foot,,Questionable,Foot,,Limited Participation in Practice,2010-11-19T11:06:55Z
2010,REG,TB,11,00-0027702,WR,Mike Williams,Mike,Williams,Not Injury Related,,Probable,Not Injury Related,,Did Not Participate In Practice,2010-11-19T11:07:25Z
2010,REG,TB,11,00-0021755,RB,Earnest Graham,Earnest,Graham,Hamstring,,Probable,Hamstring,,Full Participation in Practice,2010-11-19T11:06:26Z
2010,REG,TB,11,00-0022922,TE,Kellen Winslow,Kellen,Winslow,Knee,,Probable,Knee,,Full Participation in Practice,2010-11-19T11:06:00Z
2010,REG,TEN,11,00-0027006,WR,Kenny Britt,Kenny,Britt,Hamstring,,Out,Hamstring,,Did Not Participate In Practice,2010-11-19T12:22:30Z
2010,REG,TEN,11,00-0026225,TE,Craig Stevens,Craig,Stevens,Knee,,Out,Knee,,Did Not Participate In Practice,2010-11-19T12:22:54Z
2010,REG,TEN,11,00-0003292,QB,Kerry Collins,Kerry,Collins,Calf,,Doubtful,Calf,,Did Not Participate In Practice,2010-11-19T12:22:39Z
2010,REG,TEN,11,00-0023543,S,Vincent Fuller,Vincent,Fuller,Hamstring,,Questionable,Hamstring,,Did Not Participate In Practice,2010-11-19T12:22:48Z
2010,REG,TEN,11,00-0021490,DT,Tony Brown,Tony,Brown,Knee,,Probable,Knee,,Full Participation in Practice,2010-11-19T12:22:20Z
2010,REG,TEN,11,00-0024429,CB,Cortland Finnegan,Cortland,Finnegan,Shin,,Probable,Shin,,Full Participation in Practice,2010-11-19T12:22:20Z
2010,REG,TEN,11,00-0020962,K,Rob Bironas,Rob,Bironas,Back,,Probable,Back,,Limited Participation in Practice,2010-11-19T12:22:20Z
2010,REG,WAS,11,00-0026279,RB,Ryan Torain,Ryan,Torain,Hamstring,,Out,Hamstring,,Out (Definitely Will Not Play),2010-11-19T11:24:10Z
2010,REG,WAS,11,00-0027159,DE,Jeremy Jarmon,Jeremy,Jarmon,Hamstring,,Questionable,Hamstring,,Did Not Participate In Practice,2010-11-19T11:23:39Z
2010,REG,WAS,11,00-0023447,T,Jammal Brown,Jammal,Brown,Head,,Questionable,Head,,Full Participation in Practice,2010-11-19T11:23:10Z
2010,REG,WAS,11,00-0027618,WR,Brandon Banks,Brandon,Banks,Knee,,Questionable,Knee,,Limited Participation in Practice,2010-11-19T11:23:03Z
2010,REG,WAS,11,00-0024410,DE,Kedric Golston,Kedric,Golston,Elbow,,Questionable,Elbow,,Limited Participation in Practice,2010-11-19T11:23:20Z
2010,REG,WAS,11,00-0020801,G,Artis Hicks,Artis,Hicks,Thigh,,Questionable,Thigh,,Limited Participation in Practice,2010-11-19T11:23:33Z
2010,REG,WAS,11,00-0025393,S,LaRon Landry,LaRon,Landry,Achilles,,Questionable,Achilles,,Limited Participation in Practice,2010-11-19T11:23:43Z
2010,REG,WAS,11,00-0021179,RB,Clinton Portis,Clinton,Portis,Groin,,Questionable,Groin,,Limited Participation in Practice,2010-11-19T11:23:58Z
2010,REG,WAS,11,00-0023444,CB,Carlos Rogers,Carlos,Rogers,Hamstring,,Questionable,Hamstring,,Limited Participation in Practice,2010-11-19T11:24:04Z
2010,REG,WAS,11,00-0011022,QB,Donovan McNabb,Donovan,McNabb,Hamstring,,Probable,Hamstring,,Full Participation in Practice,2010-11-19T11:23:49Z
2010,REG,ARI,12,00-0025529,WR,Steve Breaston,Steve,Breaston,Knee,,Questionable,Knee,,Limited Participation in Practice,2010-11-27T12:24:50Z
2010,REG,ARI,12,00-0026190,DE,Calais Campbell,Calais,Campbell,Ankle,,Questionable,Ankle,,Limited Participation in Practice,2010-11-27T12:24:56Z
2010,REG,ARI,12,00-0019538,LB,Clark Haggans,Clark,Haggans,Groin,,Questionable,Groin,,Limited Participation in Practice,2010-11-27T12:25:03Z
2010,REG,ARI,12,00-0026956,RB,LaRod Stephens-Howling,LaRod,Stephens-Howling,Hamstring,,Questionable,Hamstring,,Limited Participation in Practice,2010-11-27T12:25:10Z
2010,REG,ARI,12,00-0026910,CB,Gregory Toler,Gregory,Toler,Foot,,Questionable,Foot,,Limited Participation in Practice,2010-11-27T12:25:15Z
2010,REG,ARI,12,00-0027877,DT,Dan Williams,Dan,Williams,Toe,,Questionable,Toe,,Limited Participation in Practice,2010-11-27T12:25:25Z
2010,REG,ARI,12,00-0025668,CB,Michael Adams,Michael,Adams,Ribs,,Probable,Ribs,,Full Participation in Practice,2010-11-27T12:24:40Z
2010,REG,ARI,12,00-0022930,DT,Darnell Dockett,Darnell,Dockett,Shoulder,,Probable,Shoulder,,Full Participation in Practice,2010-11-27T12:24:40Z
2010,REG,ARI,12,00-0026221,WR,Early Doucet,Early,Doucet,Head,,Probable,Head,,Full Participation in Practice,2010-11-27T12:24:40Z
2010,REG,ARI,12,00-0023557,S,Kerry Rhodes,Kerry,Rhodes,Hand,Back,Probable,Hand,Back,Full Participation in Practice,2010-11-27T12:24:40Z
2010,REG,ARI,12,00-0026727,LB,Reggie Walker,Reggie,Walker,Hamstring,,Probable,Hamstring,,Full Participation in Practice,2010-11-27T12:24:40Z
2010,REG,ATL,12,00-0026855,RB,Antone Smith,Antone,Smith,Hamstring,,Doubtful,Hamstring,,Did Not Participate In Practice,2010-11-26T10:09:04Z
2010,REG,ATL,12,00-0027770,S,Shann Schillinger,Shann,Schillinger,Head,,Questionable,Head,,Full Participation in Practice,2010-11-26T10:08:50Z
2010,REG,ATL,12,00-0019546,DE,John Abraham,John,Abraham,Groin,,Questionable,Groin,,Limited Participation in Practice,2010-11-26T10:08:29Z
2010,REG,ATL,12,00-0026177,LB,Curtis Lofton,Curtis,Lofton,Knee,,Probable,Knee,,Full Participation in Practice,2010-11-26T10:08:14Z
2010,REG,ATL,12,00-0027686,DT,Corey Peters,Corey,Peters,Rib,,Probable,Rib,,Full Participation in Practice,2010-11-26T10:08:14Z
2010,REG,ATL,12,00-0024535,WR,Eric Weems,Eric,Weems,Pectoral,,Probable,Pectoral,,Full Participation in Practice,2010-11-26T10:08:14Z
2010,REG,ATL,12,00-0023462,WR,Roddy White,Roddy,White,Knee,,Probable,Knee,,Full Participation in Practice,2010-11-26T10:08:14Z
2010,REG,BAL,12,00-0024271,G,Chris Chester,Chris,Chester,Illness,,Questionable,Illness,,Did Not Participate In Practice,2010-11-26T10:43:22Z
2010,REG,BAL,12,00-0026226,S,Tom Zbikowski,Tom,Zbikowski,Foot,,Questionable,Foot,,Full Participation in Practice,2010-11-26T10:43:36Z
2010,REG,BAL,12,00-0027675,TE,Ed Dickson,Ed,Dickson,Thigh,,Questionable,Thigh,,Limited Participation in Practice,2010-11-26T10:43:27Z
2010,REG,BAL,12,00-0021998,DE,Cory Redding,Cory,Redding,Elbow,,Questionable,Elbow,,Limited Participation in Practice,2010-11-26T10:43:32Z
2010,REG,BAL,12,00-0021377,S,Ed Reed,Ed,Reed,Illness,,Probable,Illness,,Full Participation in Practice,2010-11-26T10:43:14Z
2010,REG,BUF,12,00-0024392,LB,Keith Ellison,Keith,Ellison,Knee,,Out,Knee,,Did Not Participate In Practice,2010-11-26T10:03:19Z
2010,REG,BUF,12,00-0022610,DE,Spencer Johnson,Spencer,Johnson,Hamstring,,Out,Hamstring,,Did Not Participate In Practice,2010-11-26T10:03:26Z
2010,REG,BUF,12,00-0023446,LB,Shawne Merriman,Shawne,Merriman,Calf,Achilles,Out,Calf,Achilles,Did Not Participate In Practice,2010-11-26T10:03:38Z
2010,REG,BUF,12,00-0027004,G,Eric Wood,Eric,Wood,Ankle,,Out,Ankle,,Did Not Participate In Practice,2010-11-26T10:03:11Z
2010,REG,BUF,12,00-0022008,CB,Terrence McGee,Terrence,McGee,Knee,,Questionable,Knee,,Did Not Participate In Practice,2010-11-26T10:03:54Z
2010,REG,BUF,12,00-0027088,TE,Shawn Nelson,Shawn,Nelson,Illness,,Questionable,Illness,,Did Not Participate In Practice,2010-11-26T10:02:56Z
2010,REG,BUF,12,00-0027861,RB,C.J. Spiller,C.J.,Spiller,Hamstring,,Questionable,Hamstring,,Limited Participation in Practice,2010-11-26T10:04:03Z
2010,REG,BUF,12,00-0026359,T,Demetress Bell,Demetress,Bell,Knee,,Probable,Knee,,Full Participation in Practice,2010-11-26T10:02:39Z
2010,REG,BUF,12,00-0021995,LB,Chris Kelsay,Chris,Kelsay,Knee,,Probable,Knee,,Full Participation in Practice,2010-11-26T10:02:39Z
2010,REG,BUF,12,00-0024348,DT,Kyle Williams,Kyle,Williams,Ankle,,Probable,Ankle,,Full Participation in Practice,2010-11-26T10:02:39Z
2010,REG,CAR,12,00-0024406,S,Marcus Hudson,Marcus,Hudson,Ankle,,Doubtful,Ankle,,Did Not Participate In Practice,2010-11-26T11:03:39Z
2010,REG,CAR,12,00-0027799,S,Jordan Pugh,Jordan,Pugh,Hamstring,,Doubtful,Hamstring,,Did Not Participate In Practice,2010-11-26T11:05:37Z
2010,REG,CAR,12,00-0026790,RB,Tyrell Sutton,Tyrell,Sutton,Ankle,,Doubtful,Ankle,,Did Not Participate In Practice,2010-11-26T11:06:53Z
2010,REG,CAR,12,00-0022214,G,Travelle Wharton,Travelle,Wharton,Toe,,Doubtful,Toe,,Did Not Participate In Practice,2010-11-26T11:07:10Z
2010,REG,CAR,12,00-0027659,QB,Jimmy Clausen,Jimmy,Clausen,Concussion,,Probable,Concussion,,Full Participation in Practice,2010-11-26T11:02:38Z
2010,REG,CAR,12,00-0022914,CB,Chris Gamble,Chris,Gamble,Not Injury Related,,Probable,Not Injury Related,,Full Participation in Practice,2010-11-26T11:03:02Z
2010,REG,CAR,12,00-0027681,WR,Brandon LaFell,Brandon,LaFell,Concussion,,Probable,Concussion,,Full Participation in Practice,2010-11-26T11:04:11Z
2010,REG,CAR,12,00-0026944,CB,Captain Munnerlyn,Captain,Munnerlyn,Shoulder,,Probable,Shoulder,,Full Participation in Practice,2010-11-26T11:04:33Z
2010,REG,CAR,12,00-0026153,RB,Jonathan Stewart,Jonathan,Stewart,Concussion,,Probable,Concussion,,Full Participation in Practice,2010-11-26T11:06:28Z
2010,REG,CAR,12,00-0027801,QB,Tony Pike,Tony,Pike,right Shoulder,,Probable,Shoulder,,Limited Participation in Practice,2010-11-26T11:05:01Z
2010,REG,CAR,12,00-0022101,QB,Brian St. Pierre,Brian,St. Pierre,right Shoulder,,Probable,Shoulder,,Limited Participation in Practice,2010-11-26T11:06:07Z
2010,REG,CHI,12,00-0022050,LB,Pisa Tinoisamoa,Pisa,Tinoisamoa,,,,Knee,,Full Participation in Practice,2010-11-25T11:00:26Z
2010,REG,CIN,12,00-0021143,S,Roy Williams,Roy,Williams,Head,,Out,Head,,Did Not Participate In Practice,2010-11-24T09:47:45Z
2010,REG,CIN,12,00-0022918,DE,Antwan Odom,Antwan,Odom,Wrist,,Out,Wrist,,Limited Participation in Practice,2010-11-24T09:47:25Z
2010,REG,CIN,12,00-0022167,S,Chris Crocker,Chris,Crocker,Knee,,Out,Knee,,Out (Definitely Will Not Play),2010-11-24T09:46:50Z
2010,REG,CIN,12,00-0022696,DT,Tank Johnson,Tank,Johnson,Knee,,Out,Knee,,Out (Definitely Will Not Play),2010-11-24T09:47:01Z
2010,REG,CIN,12,00-0024306,DE,Frostee Rucker,Frostee,Rucker,Knee,,Out,Knee,,Out (Definitely Will Not Play),2010-11-24T09:47:10Z
2010,REG,CIN,12,00-0027697,CB,Brandon Ghee,Brandon,Ghee,Groin,,Questionable,Groin,,Did Not Participate In Practice,2010-11-24T09:47:54Z
2010,REG,CIN,12,00-0024239,CB,Johnathan Joseph,Johnathan,Joseph,Ankle,,Questionable,Ankle,,Did Not Participate In Practice,2010-11-24T09:48:04Z
2010,REG,CIN,12,00-0026720,CB,Rico Murray,Rico,Murray,Ankle,,Questionable,Ankle,,Did Not Participate In Practice,2010-11-24T09:48:12Z
2010,REG,CIN,12,00-0021429,QB,Carson Palmer,Carson,Palmer,Foot,,Probable,Foot,,Full Participation in Practice,2010-11-24T09:46:34Z
2010,REG,CIN,12,00-0023920,T,Dennis Roland,Dennis,Roland,Knee,,Probable,Knee,,Full Participation in Practice,2010-11-24T09:46:34Z
2010,REG,CLE,12,00-0021259,LB,Scott Fujita,Scott,Fujita,Knee,,Out,Knee,,Did Not Participate In Practice,2010-11-26T12:55:11Z
2010,REG,CLE,12,00-0027688,QB,Colt McCoy,Colt,McCoy,Ankle,,Doubtful,Ankle,,Did Not Participate In Practice,2010-11-26T12:55:51Z
2010,REG,CLE,12,00-0025440,CB,Eric Wright,Eric,Wright,Knee,,Doubtful,Knee,,Did Not Participate In Practice,2010-11-26T12:55:32Z
2010,REG,CLE,12,00-0023176,WR,Joshua Cribbs,Joshua,Cribbs,Foot,,Questionable,Foot,,Did Not Participate In Practice,2010-11-26T12:57:56Z
2010,REG,CLE,12,00-0022247,S,Mike Adams,Mike,Adams,Abdomen,,Questionable,Abdomen,,Limited Participation in Practice,2010-11-26T12:57:08Z
2010,REG,CLE,12,00-0000846,LB,Eric Barton,Eric,Barton,Shoulder,,Questionable,Shoulder,,Limited Participation in Practice,2010-11-26T12:57:24Z
2010,REG,CLE,12,00-0021262,DE,Kenyon Coleman,Kenyon,Coleman,Knee,,Questionable,Knee,,Limited Participation in Practice,2010-11-26T12:57:39Z
2010,REG,CLE,12,00-0020528,DT,Shaun Rogers,Shaun,Rogers,Ankle,,Questionable,Ankle,,Limited Participation in Practice,2010-11-26T12:58:31Z
2010,REG,CLE,12,00-0022943,TE,Benjamin Watson,Benjamin,Watson,Ankle,,Questionable,Ankle,,Limited Participation in Practice,2010-11-26T12:58:13Z
2010,REG,CLE,12,00-0020348,G,Floyd Womack,Floyd,Womack,Knee,,Probable,Knee,,Full Participation in Practice,2010-11-26T12:56:13Z
2010,REG,DAL,12,00-0027826,DE,Sean Lissemore,Sean,Lissemore,Ankle,,Out,Ankle,,Did Not Participate In Practice,2010-11-24T10:54:25Z
2010,REG,DAL,12,00-0021678,QB,Tony Romo,Tony,Romo,left Shoulder,,Out,left Shoulder,,Did Not Participate In Practice,2010-11-24T10:54:37Z
2010,REG,DAL,12,00-0026162,RB,Felix Jones,Felix,Jones,Hip,,Questionable,Hip,,Limited Participation in Practice,2010-11-24T10:54:17Z
2010,REG,DAL,12,00-0022137,LB,Bradie James,Bradie,James,Knee,,Probable,Knee,,Full Participation in Practice,2010-11-24T10:54:06Z
2010,REG,DAL,12,00-0022045,CB,Terence Newman,Terence,Newman,Ankle,,Probable,Ankle,,Full Participation in Practice,2010-11-24T10:54:06Z
2010,REG,DEN,12,00-0021194,CB,Andre' Goodman,Andre',Goodman,Hip,,Out,Hip,,Did Not Participate In Practice,2010-11-26T13:03:52Z
2010,REG,DEN,12,00-0027024,S,Darcel McBath,Darcel,McBath,Quadricep,,Out,Quadricep,,Did Not Participate In Practice,2010-11-26T13:04:04Z
2010,REG,DEN,12,00-0027874,WR,Demaryius Thomas,Demaryius,Thomas,Ankle,,Out,Ankle,,Did Not Participate In Practice,2010-11-26T13:04:15Z
2010,REG,DEN,12,00-0022780,LB,D.J. Williams,D.J.,Williams,Concussion,,Questionable,Concussion,,Limited Participation in Practice,2010-11-26T13:03:39Z
2010,REG,DEN,12,00-0026994,LB,Robert Ayers,Robert,Ayers,Foot,,Probable,Foot,,Full Participation in Practice,2010-11-26T13:03:25Z
2010,REG,DET,12,00-0006800,K,Jason Hanson,Jason,Hanson,right Knee,,Out,right Knee,,Did Not Participate In Practice,2010-11-24T12:55:09Z
2010,REG,DET,12,00-0026168,DE,Lawrence Jackson,Lawrence,Jackson,Concussion,,Out,Concussion,,Did Not Participate In Practice,2010-11-24T12:55:17Z
2010,REG,DET,12,00-0026498,QB,Matthew Stafford,Matthew,Stafford,right Shoulder,,Out,right Shoulder,,Did Not Participate In Practice,2010-11-24T12:55:38Z
2010,REG,DET,12,00-0024276,TE,Tony Scheffler,Tony,Scheffler,Rib,,Doubtful,Rib,,Did Not Participate In Practice,2010-11-24T12:55:46Z
2010,REG,DET,12,00-0026232,DE,Cliff Avril,Cliff,Avril,Quadricep,,Questionable,Quadricep,,Limited Participation in Practice,2010-11-24T12:53:45Z
2010,REG,DET,12,00-0023313,LB,Isaiah Ekejiuba,Isaiah,Ekejiuba,Knee,,Questionable,Knee,,Limited Participation in Practice,2010-11-24T12:54:00Z
2010,REG,DET,12,00-0023563,C,Dylan Gandy,Dylan,Gandy,Calf,,Questionable,Calf,,Limited Participation in Practice,2010-11-24T12:54:37Z
2010,REG,DET,12,00-0022906,DT,Corey Williams,Corey,Williams,Shoulder,,Questionable,Shoulder,,Limited Participation in Practice,2010-11-24T12:54:49Z
2010,REG,DET,12,00-0020679,QB,Shaun Hill,Shaun,Hill,Quadricep,,Probable,Quadricep,,Full Participation in Practice,2010-11-24T12:53:30Z
2010,REG,DET,12,00-0027050,LB,DeAndre Levy,DeAndre,Levy,Groin,,Probable,Groin,,Full Participation in Practice,2010-11-24T12:53:30Z
2010,REG,DET,12,00-0020382,DE,Kyle Vanden Bosch,Kyle,Vanden Bosch,Knee,,Probable,Knee,,Full Participation in Practice,2010-11-24T12:53:30Z
2010,REG,DET,12,00-0027880,RB,Jahvid Best,Jahvid,Best,Toe,,Probable,Toe,,Limited Participation in Practice,2010-11-24T12:53:30Z
2010,REG,GB,12,00-0023404,S,Atari Bigby,Atari,Bigby,Hamstring,,Out,Hamstring,,Out (Definitely Will Not Play),2010-11-26T11:42:18Z
2010,REG,GB,12,00-0024298,S,Anthony Smith,Anthony,Smith,Ankle,,Doubtful,Ankle,,Did Not Participate In Practice,2010-11-26T11:42:26Z
2010,REG,GB,12,00-0022832,C,Scott Wells,Scott,Wells,Arch,,Probable,Arch,,Did Not Participate In Practice,2010-11-26T11:42:09Z
2010,REG,GB,12,00-0004541,WR,Donald Driver,Donald,Driver,Quadricep,,Probable,Quadricep,,Full Participation in Practice,2010-11-26T11:42:09Z
2010,REG,GB,12,00-0021706,DE,Cullen Jenkins,Cullen,Jenkins,Calf,,Probable,Calf,,Full Participation in Practice,2010-11-26T11:42:09Z
2010,REG,GB,12,00-0020515,DE,Ryan Pickett,Ryan,Pickett,Ankle,,Probable,Ankle,,Full Participation in Practice,2010-11-26T11:42:09Z
2010,REG,GB,12,00-0018227,CB,Charles Woodson,Charles,Woodson,Toe,,Probable,Toe,,Full Participation in Practice,2010-11-26T11:42:09Z
2010,REG,GB,12,00-0019702,T,Chad Clifton,Chad,Clifton,Knee,,Probable,Knee,,Limited Participation in Practice,2010-11-26T11:42:09Z
2010,REG,GB,12,00-0027002,LB,Clay Matthews,Clay,Matthews,Shin,,Probable,Shin,,Limited Participation in Practice,2010-11-26T11:42:09Z
2010,REG,HOU,12,00-0026258,LB,Xavier Adibi,Xavier,Adibi,Hamstring,,Out,Hamstring,,Did Not Participate In Practice,2010-11-26T10:27:13Z
2010,REG,HOU,12,00-0024313,TE,Owen Daniels,Owen,Daniels,Hamstring,,Out,Hamstring,,Did Not Participate In Practice,2010-11-26T10:27:47Z
2010,REG,HOU,12,00-0026417,DE,Jesse Nading,Jesse,Nading,Knee,,Out,Knee,,Did Not Participate In Practice,2010-11-26T10:28:01Z
2010,REG,HOU,12,00-0024465,WR,David Anderson,David,Anderson,Hamstring,,Questionable,Hamstring,,Limited Participation in Practice,2010-11-26T10:27:21Z
2010,REG,HOU,12,00-0023472,DT,Shaun Cody,Shaun,Cody,Illness,,Questionable,Illness,,Limited Participation in Practice,2010-11-26T10:27:31Z
2010,REG,HOU,12,00-0021225,LB,Kevin Bentley,Kevin,Bentley,Shoulder,Knee,Probable,Shoulder,Knee,Full Participation in Practice,2010-11-26T10:27:07Z
2010,REG,HOU,12,00-0025605,LB,Zach Diles,Zach,Diles,Illness,,Probable,Illness,,Full Participation in Practice,2010-11-26T10:27:07Z
2010,REG,HOU,12,00-0022044,WR,Andre Johnson,Andre,Johnson,Ankle,,Probable,Ankle,,Full Participation in Practice,2010-11-26T10:27:07Z
2010,REG,HOU,12,00-0027081,CB,Glover Quin,Glover,Quin,Hand,,Probable,Hand,,Full Participation in Practice,2010-11-26T10:27:07Z
2010,REG,HOU,12,00-0022787,QB,Matt Schaub,Matt,Schaub,Knee,,Probable,Knee,,Full Participation in Practice,2010-11-26T10:27:07Z
2010,REG,HOU,12,00-0027224,LS,Jonathan Weeks,Jonathan,Weeks,Knee,,Probable,Knee,,Full Participation in Practice,2010-11-26T10:27:07Z
2010,REG,HOU,12,00-0026991,LB,Brian Cushing,Brian,Cushing,Knee,,Probable,Knee,,Limited Participation in Practice,2010-11-26T10:27:07Z
2010,REG,HOU,12,00-0023750,DE,Mario Williams,Mario,Williams,Groin,,Probable,Groin,,Limited Participation in Practice,2010-11-26T10:27:07Z
2010,REG,IND,12,00-0021146,DE,Dwight Freeney,Dwight,Freeney,,,,Rested,,Full Participation in Practice,2010-11-26T12:35:33Z
2010,REG,IND,12,00-0022059,DE,Robert Mathis,Robert,Mathis,,,,Not Injury Related,,Full Participation in Practice,2010-11-26T12:36:19Z
2010,REG,IND,12,00-0022944,CB,Bob Sanders,Bob,Sanders,Biceps,,Out,Biceps,,Did Not Participate In Practice,2010-11-26T12:37:43Z
2010,REG,IND,12,00-0027092,WR,Austin Collie,Austin,Collie,Concussion,,Out,Concussion,,Limited Participation in Practice,2010-11-26T12:37:20Z
2010,REG,IND,12,00-0024245,RB,Joseph Addai,Joseph,Addai,Neck,,Doubtful,Neck,,Did Not Participate In Practice,2010-11-26T12:37:12Z
2010,REG,IND,12,00-0021484,LB,Gary Brackett,Gary,Brackett,Toe,,Questionable,Toe,,Did Not Participate In Practice,2010-11-26T12:37:35Z
2010,REG,IND,12,00-0027761,TE,Brody Eldridge,Brody,Eldridge,Rib,,Questionable,Rib,,Did Not Participate In Practice,2010-11-26T12:37:27Z
2010,REG,IND,12,00-0026342,RB,Mike Hart,Mike,Hart,Ankle,,Questionable,Ankle,,Did Not Participate In Practice,2010-11-26T12:38:00Z
2010,REG,IND,12,00-0025523,LB,Clint Session,Clint,Session,Elbow,,Questionable,Elbow,,Did Not Participate In Practice,2010-11-26T12:38:21Z
2010,REG,IND,12,00-0027467,RB,Javarris James,Javarris,James,Knee,,Questionable,Knee,,Full Participation in Practice,2010-11-26T12:38:14Z
2010,REG,IND,12,00-0020498,WR,Reggie Wayne,Reggie,Wayne,Knee,,Questionable,Knee,,Full Participation in Practice,2010-11-26T12:38:34Z
2010,REG,IND,12,00-0026264,CB,Justin Tryon,Justin,Tryon,Foot,,Questionable,Foot,,Limited Participation in Practice,2010-11-26T12:38:28Z
2010,REG,JAX,12,00-0026984,T,Eugene Monroe,Eugene,Monroe,Head,,Out,Head,,Did Not Participate In Practice,2010-11-26T10:29:55Z
2010,REG,JAX,12,00-0024275,RB,Maurice Jones-Drew,Maurice,Jones-Drew,Abdomen,,Questionable,Abdomen,,Limited Participation in Practice,2010-11-26T10:29:36Z
2010,REG,JAX,12,00-0025466,WR,Mike Sims-Walker,Mike,Sims-Walker,Ankle,,Questionable,Ankle,,Limited Participation in Practice,2010-11-26T10:29:45Z
2010,REG,JAX,12,00-0027862,DT,Tyson Alualu,Tyson,Alualu,Knee,,Probable,Knee,,Full Participation in Practice,2010-11-26T10:29:19Z
2010,REG,JAX,12,00-0023537,S,Sean Considine,Sean,Considine,Thumb,,Probable,Thumb,,Full Participation in Practice,2010-11-26T10:29:19Z
2010,REG,JAX,12,00-0025435,LB,Justin Durant,Justin,Durant,Shoulder,,Probable,Shoulder,,Full Participation in Practice,2010-11-26T10:29:19Z
2010,REG,JAX,12,00-0027742,DE,Larry Hart,Larry,Hart,Shoulder,,Probable,Shoulder,,Full Participation in Practice,2010-11-26T10:29:19Z
2010,REG,JAX,12,00-0022897,RB,Greg Jones,Greg,Jones,Ankle,,Probable,Ankle,,Full Participation in Practice,2010-11-26T10:29:19Z
2010,REG,KC,12,00-0026175,CB,Brandon Flowers,Brandon,Flowers,Hamstring,,Doubtful,Hamstring,,Did Not Participate In Practice,2010-11-26T12:37:41Z
2010,REG,KC,12,00-0026155,T,Branden Albert,Branden,Albert,Groin,,Questionable,Groin,,Full Participation in Practice,2010-11-26T12:37:31Z
2010,REG,KC,12,00-0022350,G,Ryan Lilja,Ryan,Lilja,Foot,,Questionable,Foot,,Full Participation in Practice,2010-11-26T12:37:48Z
2010,REG,KC,12,00-0027651,WR,Dexter McCluster,Dexter,McCluster,Ankle,,Questionable,Ankle,,Full Participation in Practice,2010-11-26T12:37:55Z
2010,REG,KC,12,00-0027695,TE,Tony Moeaki,Tony,Moeaki,Head,,Questionable,Head,,Full Participation in Practice,2010-11-26T12:38:07Z
2010,REG,KC,12,00-0021187,S,Jon McGraw,Jon,McGraw,Head,,Questionable,Head,,Limited Participation in Practice,2010-11-26T12:38:01Z
2010,REG,MIA,12,00-0027037,CB,Sean Smith,Sean,Smith,,,,Not Injury Related,,Did Not Participate In Practice,2010-11-25T10:46:15Z
2010,REG,MIA,12,00-0024334,WR,Brandon Marshall,Brandon,Marshall,Hamstring,,Doubtful,Hamstring,,Did Not Participate In Practice,2010-11-26T10:58:25Z
2010,REG,MIA,12,00-0023639,C,Joe Berger,Joe,Berger,Knee,,Questionable,Knee,,Limited Participation in Practice,2010-11-26T10:57:26Z
2010,REG,MIA,12,00-0022927,LB,Karlos Dansby,Karlos,Dansby,Toe,,Questionable,Toe,,Limited Participation in Practice,2010-11-26T10:57:49Z
2010,REG,MIA,12,00-0026197,QB,Chad Henne,Chad,Henne,Knee,,Questionable,Knee,,Limited Participation in Practice,2010-11-26T10:58:42Z
2010,REG,MIA,12,00-0027358,WR,Roberto Wallace,Roberto,Wallace,Knee,,Questionable,Knee,,Limited Participation in Practice,2010-11-26T10:58:16Z
2010,REG,MIA,12,00-0022890,T,Vernon Carey,Vernon,Carey,Knee,,Probable,Knee,,Full Participation in Practice,2010-11-26T10:57:12Z
2010,REG,MIA,12,00-0027115,S,Chris Clemons,Chris,Clemons,Groin,,Probable,Groin,,Full Participation in Practice,2010-11-26T10:57:12Z
2010,REG,MIA,12,00-0024399,S,Tyrone Culver,Tyrone,Culver,Ankle,,Probable,Ankle,,Full Participation in Practice,2010-11-26T10:57:12Z
2010,REG,MIA,12,00-0027762,S,Reshad Jones,Reshad,Jones,Shin,,Probable,Shin,,Full Participation in Practice,2010-11-26T10:57:12Z
2010,REG,MIA,12,00-0025820,T,Jake Long,Jake,Long,Shoulder,,Probable,Shoulder,,Full Participation in Practice,2010-11-26T10:57:12Z
2010,REG,MIN,12,00-0026952,S,Jamarca Sanford,Jamarca,Sanford,Hamstring,,Out,Hamstring,,Limited Participation in Practice,2010-11-26T11:49:42Z
2010,REG,MIN,12,00-0022807,WR,Bernard Berrian,Bernard,Berrian,Groin,,Questionable,Groin,,Limited Participation in Practice,2010-11-26T11:49:55Z
2010,REG,MIN,12,00-0027649,CB,Chris Cook,Chris,Cook,Knee,,Questionable,Knee,,Limited Participation in Practice,2010-11-26T11:50:29Z
2010,REG,MIN,12,00-0025552,S,Eric Frampton,Eric,Frampton,Hamstring,,Questionable,Hamstring,,Limited Participation in Practice,2010-11-26T11:50:54Z
2010,REG,MIN,12,00-0025431,WR,Sidney Rice,Sidney,Rice,Hip,,Questionable,Hip,,Limited Participation in Practice,2010-11-26T11:50:00Z
2010,REG,MIN,12,00-0025940,S,Husain Abdullah,Husain,Abdullah,Ankle,,Probable,Ankle,,Full Participation in Practice,2010-11-26T11:49:26Z
2010,REG,MIN,12,00-0005106,QB,Brett Favre,Brett,Favre,right Shoulder,Foot,Probable,right Shoulder,Foot,Full Participation in Practice,2010-11-26T11:49:26Z
2010,REG,MIN,12,00-0024232,LB,Chad Greenway,Chad,Greenway,Eye,,Probable,Eye,,Full Participation in Practice,2010-11-26T11:49:26Z
2010,REG,MIN,12,00-0026327,C,John Sullivan,John,Sullivan,Calf,,Probable,Calf,,Full Participation in Practice,2010-11-26T11:49:26Z
2010,REG,MIN,12,00-0022740,DE,Jared Allen,Jared,Allen,Neck,,Probable,Neck,,Limited Participation in Practice,2010-11-26T11:49:26Z
2010,REG,NE,12,00-0019596,QB,Tom Brady,Tom,Brady,right Shoulder,Foot,Questionable,right Shoulder,Foot,Did Not Participate In Practice,2010-11-24T10:20:19Z
2010,REG,NE,12,00-0020457,G,Steve Neal,Steve,Neal,Shoulder,,Questionable,Shoulder,,Did Not Participate In Practice,2010-11-24T10:20:35Z
2010,REG,NE,12,00-0026269,CB,Jonathan Wilhite,Jonathan,Wilhite,Hip,,Questionable,Hip,,Did Not Participate In Practice,2010-11-24T10:21:05Z
2010,REG,NE,12,00-0023255,DE,Mike Wright,Mike,Wright,Neck,Concussion,Questionable,Neck,Concussion,Did Not Participate In Practice,2010-11-24T10:21:13Z
2010,REG,NE,12,00-0023880,T,Mark LeVoir,Mark,LeVoir,Elbow,,Questionable,Elbow,,Limited Participation in Practice,2010-11-24T10:20:27Z
2010,REG,NE,12,00-0024442,S,Jarrad Page,Jarrad,Page,Calf,,Questionable,Calf,,Limited Participation in Practice,2010-11-24T10:20:44Z
2010,REG,NE,12,00-0027138,DT,Myron Pryor,Myron,Pryor,Back,,Questionable,Back,,Limited Participation in Practice,2010-11-24T10:20:52Z
2010,REG,NE,12,00-0016098,RB,Fred Taylor,Fred,Taylor,Toe,,Questionable,Toe,,Limited Participation in Practice,2010-11-24T10:20:59Z
2010,REG,NO,12,00-0027086,LB,Stanley Arnoux,Stanley,Arnoux,,,,Achilles,,Did Not Participate In Practice,2010-11-22T12:52:48Z
2010,REG,NO,12,00-0022078,T,Jon Stinchcomb,Jon,Stinchcomb,,,,Knee,,Full Participation in Practice,2010-11-22T12:49:38Z
2010,REG,NO,12,00-0021184,RB,Ladell Betts,Ladell,Betts,Neck,Head,Out,Neck,Head,Did Not Participate In Practice,2010-11-24T10:19:44Z
2010,REG,NO,12,00-0024813,RB,Pierre Thomas,Pierre,Thomas,Ankle,,Out,Ankle,,Did Not Participate In Practice,2010-11-24T10:20:39Z
2010,REG,NO,12,00-0024217,RB,Reggie Bush,Reggie,Bush,Fibula,,Questionable,Fibula,,Limited Participation in Practice,2010-11-24T10:19:52Z
2010,REG,NO,12,00-0026990,S,Malcolm Jenkins,Malcolm,Jenkins,Neck,,Questionable,Neck,,Limited Participation in Practice,2010-11-24T10:20:09Z
2010,REG,NO,12,00-0014724,S,Darren Sharper,Darren,Sharper,Hamstring,,Questionable,Hamstring,,Limited Participation in Practice,2010-11-24T10:20:16Z
2010,REG,NO,12,00-0021148,TE,Jeremy Shockey,Jeremy,Shockey,Rib,,Questionable,Rib,,Limited Participation in Practice,2010-11-24T10:20:25Z
2010,REG,NO,12,00-0025512,T,Jermon Bushrod,Jermon,Bushrod,Knee,,Probable,Knee,,Full Participation in Practice,2010-11-24T10:19:37Z
2010,REG,NO,12,00-0027551,DE,Junior Galette,Junior,Galette,Shoulder,,Probable,Shoulder,,Full Participation in Practice,2010-11-24T10:19:37Z
2010,REG,NO,12,00-0027531,RB,Chris Ivory,Chris,Ivory,Shoulder,Knee,Probable,Shoulder,Knee,Full Participation in Practice,2010-11-24T10:19:37Z
2010,REG,NO,12,00-0027882,CB,Patrick Robinson,Patrick,Robinson,Ankle,,Probable,Ankle,,Full Participation in Practice,2010-11-24T10:19:37Z
2010,REG,NO,12,00-0026147,DT,Sedrick Ellis,Sedrick,Ellis,Quadricep,,Probable,Quadricep,,Limited Participation in Practice,2010-11-24T10:19:37Z
2010,REG,NO,12,00-0021267,C,Jonathan Goodwin,Jonathan,Goodwin,Back,,Probable,Back,,Limited Participation in Practice,2010-11-24T10:19:37Z
2010,REG,NO,12,00-0022753,DT,Tony Hargrove,Tony,Hargrove,Knee,,Probable,Knee,,Limited Participation in Practice,2010-11-24T10:19:37Z
2010,REG,NO,12,00-0025453,S,Usama Young,Usama,Young,Calf,,Probable,Calf,,Limited Participation in Practice,2010-11-24T10:19:37Z
2010,REG,NYG,12,00-0023683,RB,Madison Hedgecock,Madison,Hedgecock,,,,Hamstring,,Limited Participation in Practice,2010-11-26T08:47:59Z
2010,REG,NYG,12,00-0021922,T,David Diehl,David,Diehl,Hip,Hamstring,Out,Hip,Hamstring,Did Not Participate In Practice,2010-11-26T11:18:40Z
2010,REG,NYG,12,00-0027005,WR,Hakeem Nicks,Hakeem,Nicks,Lower Leg,,Out,Lower Leg,,Did Not Participate In Practice,2010-11-26T11:18:49Z
2010,REG,NYG,12,00-0019276,C,Shaun O'Hara,Shaun,O'Hara,Foot,,Out,Foot,,Did Not Participate In Practice,2010-11-26T11:18:58Z
2010,REG,NYG,12,00-0025438,WR,Steve Smith,Steve,Smith,Pectoral,,Out,Pectoral,,Did Not Participate In Practice,2010-11-26T11:19:08Z
2010,REG,NYG,12,00-0022779,G,Shawn Andrews,Shawn,Andrews,Back,,Doubtful,Back,,Did Not Participate In Practice,2010-11-26T11:18:24Z
2010,REG,NYG,12,00-0024330,CB,Will Blackmon,Will,Blackmon,Chest,,Questionable,Chest,,Limited Participation in Practice,2010-11-26T11:18:33Z
2010,REG,NYG,12,00-0025407,CB,Aaron Ross,Aaron,Ross,Illness,,Probable,Illness,,Did Not Participate In Practice,2010-11-26T11:18:12Z
2010,REG,NYG,12,00-0023509,DE,Justin Tuck,Justin,Tuck,Quadricep,,Probable,Quadricep,,Full Participation in Practice,2010-11-26T11:17:49Z
2010,REG,NYG,12,00-0021977,DE,Osi Umenyiora,Osi,Umenyiora,Knee,,Probable,Knee,,Full Participation in Practice,2010-11-26T11:17:49Z
2010,REG,NYG,12,00-0024311,LB,Gerris Wilkinson,Gerris,Wilkinson,Hand,,Probable,Hand,,Full Participation in Practice,2010-11-26T11:17:49Z
2010,REG,NYJ,12,00-0022811,WR,Jerricho Cotchery,Jerricho,Cotchery,Groin,,Out,Groin,,Out (Definitely Will Not Play),2010-11-24T12:38:43Z
2010,REG,NYJ,12,00-0026253,CB,Dwight Lowery,Dwight,Lowery,Concussion,,Out,Concussion,,Out (Definitely Will Not Play),2010-11-24T12:39:06Z
2010,REG,NYJ,12,00-0018234,T,Damien Woody,Damien,Woody,Knee,,Questionable,Knee,,Did Not Participate In Practice,2010-11-24T12:38:54Z
2010,REG,NYJ,12,00-0024588,CB,Marquice Cole,Marquice,Cole,Hamstring,,Questionable,Hamstring,,Limited Participation in Practice,2010-11-24T12:38:19Z
2010,REG,NYJ,12,00-0024403,CB,Drew Coleman,Drew,Coleman,Groin,,Questionable,Groin,,Limited Participation in Practice,2010-11-24T12:38:32Z
2010,REG,NYJ,12,00-0019545,DE,Shaun Ellis,Shaun,Ellis,Knee,,Probable,Knee,,Full Participation in Practice,2010-11-24T12:38:08Z
2010,REG,NYJ,12,00-0025434,LB,David Harris,David,Harris,Calf,,Probable,Calf,,Full Participation in Practice,2010-11-24T12:38:08Z
2010,REG,NYJ,12,00-0025753,S,James Ihedigbo,James,Ihedigbo,Neck,,Probable,Neck,,Full Participation in Practice,2010-11-24T12:38:08Z
2010,REG,NYJ,12,00-0024244,C,Nick Mangold,Nick,Mangold,Shoulder,,Probable,Shoulder,,Full Participation in Practice,2010-11-24T12:38:08Z
2010,REG,NYJ,12,00-0022120,LB,Calvin Pace,Calvin,Pace,Foot,,Probable,Foot,,Full Participation in Practice,2010-11-24T12:38:08Z
2010,REG,NYJ,12,00-0023523,DT,Sione Pouha,Sione,Pouha,Ankle,,Probable,Ankle,,Full Participation in Practice,2010-11-24T12:38:08Z
2010,REG,NYJ,12,00-0025401,CB,Darrelle Revis,Darrelle,Revis,Hamstring,,Probable,Hamstring,,Full Participation in Practice,2010-11-24T12:38:08Z
2010,REG,NYJ,12,00-0026898,QB,Mark Sanchez,Mark,Sanchez,Calf,,Probable,Calf,,Full Participation in Practice,2010-11-24T12:38:08Z
2010,REG,NYJ,12,00-0026500,G,Matt Slauson,Matt,Slauson,Knee,,Probable,Knee,,Full Participation in Practice,2010-11-24T12:38:08Z
2010,REG,NYJ,12,00-0024318,WR,Brad Smith,Brad,Smith,Back,,Probable,Back,,Full Participation in Practice,2010-11-24T12:38:08Z
2010,REG,OAK,12,00-0021949,CB,Chris Johnson,Chris,Johnson,Groin,,Out,Groin,,Did Not Participate In Practice,2010-11-26T12:48:38Z
2010,REG,OAK,12,00-0026366,WR,Chaz Schilens,Chaz,Schilens,Knee,,Out,Knee,,Did Not Participate In Practice,2010-11-26T12:48:59Z
2010,REG,OAK,12,00-0025425,TE,Zach Miller,Zach,Miller,Foot,,Questionable,Foot,,Limited Participation in Practice,2010-11-26T12:48:49Z
2010,REG,OAK,12,00-0022077,CB,Nnamdi Asomugha,Nnamdi,Asomugha,Ankle,,Probable,Ankle,,Full Participation in Practice,2010-11-26T12:48:24Z
2010,REG,OAK,12,00-0026240,S,Tyvon Branch,Tyvon,Branch,Shoulder,,Probable,Shoulder,,Full Participation in Practice,2010-11-26T12:48:24Z
2010,REG,OAK,12,00-0024201,S,Hiram Eugene,Hiram,Eugene,Neck,,Probable,Neck,,Full Participation in Practice,2010-11-26T12:48:24Z
2010,REG,OAK,12,00-0022836,G,Robert Gallery,Robert,Gallery,Fibula,,Probable,Fibula,,Full Participation in Practice,2010-11-26T12:48:24Z
2010,REG,OAK,12,00-0026983,WR,Darrius Heyward-Bey,Darrius,Heyward-Bey,Hamstring,,Probable,Hamstring,,Full Participation in Practice,2010-11-26T12:48:24Z
2010,REG,PHI,12,00-0026541,DT,Antonio Dixon,Antonio,Dixon,Abdomen,,Questionable,Abdomen,,Did Not Participate In Practice,2010-11-26T11:09:00Z
2010,REG,PHI,12,00-0019986,DE,Juqua Parker,Juqua,Parker,Hip,,Questionable,Hip,,Did Not Participate In Practice,2010-11-26T11:09:07Z
2010,REG,PHI,12,00-0021956,CB,Asante Samuel,Asante,Samuel,Knee,,Questionable,Knee,,Did Not Participate In Practice,2010-11-26T11:09:14Z
2010,REG,PHI,12,00-0024229,DT,Brodrick Bunkley,Brodrick,Bunkley,Elbow,,Probable,Elbow,,Full Participation in Practice,2010-11-26T11:08:26Z
2010,REG,PHI,12,00-0027798,CB,Jorrick Calvin,Jorrick,Calvin,Back,,Probable,Back,,Full Participation in Practice,2010-11-26T11:08:26Z
2010,REG,PHI,12,00-0023560,G,Todd Herremans,Todd,Herremans,Knee,,Probable,Knee,,Full Participation in Practice,2010-11-26T11:08:48Z
2010,REG,PHI,12,00-0027029,RB,LeSean McCoy,LeSean,McCoy,Shoulder,,Probable,Shoulder,,Full Participation in Practice,2010-11-26T11:08:26Z
2010,REG,PHI,12,00-0024224,LB,Ernie Sims,Ernie,Sims,Ankle,,Probable,Ankle,,Full Participation in Practice,2010-11-26T11:08:26Z
2010,REG,PHI,12,00-0024156,G,Nick Cole,Nick,Cole,Knee,,Probable,Knee,,Limited Participation in Practice,2010-11-26T11:08:26Z
2010,REG,PIT,12,00-0027793,WR,Antonio Brown,Antonio,Brown,Knee,,Out,Knee,,Did Not Participate In Practice,2010-11-26T09:50:23Z
2010,REG,PIT,12,00-0015080,DE,Aaron Smith,Aaron,Smith,Triceps,,Out,Triceps,,Did Not Participate In Practice,2010-11-26T09:50:40Z
2010,REG,PIT,12,00-0025464,TE,Matt Spaeth,Matt,Spaeth,Concussion,,Doubtful,Concussion,,Did Not Participate In Practice,2010-11-26T09:50:45Z
2010,REG,PIT,12,00-0022119,S,Troy Polamalu,Troy,Polamalu,Ankle,,Questionable,Ankle,,Full Participation in Practice,2010-11-26T09:50:31Z
2010,REG,SD,12,00-0022766,WR,Patrick Crayton,Patrick,Crayton,Wrist,,Out,Wrist,,Out (Definitely Will Not Play),2010-11-26T14:21:33Z
2010,REG,SD,12,00-0027864,RB,Ryan Mathews,Ryan,Mathews,Ankle,,Doubtful,Ankle,,Did Not Participate In Practice,2010-11-26T14:22:27Z
2010,REG,SD,12,00-0021547,TE,Antonio Gates,Antonio,Gates,Toe,Foot,Questionable,Toe,Foot,Did Not Participate In Practice,2010-11-26T14:21:52Z
2010,REG,SD,12,00-0022158,CB,Donald Strickland,Donald,Strickland,Hip,,Questionable,Hip,,Did Not Participate In Practice,2010-11-26T14:22:51Z
2010,REG,SD,12,00-0027052,G,Louis Vasquez,Louis,Vasquez,Neck,,Questionable,Neck,,Did Not Participate In Practice,2010-11-26T14:23:01Z
2010,REG,SD,12,00-0023998,S,Steve Gregory,Steve,Gregory,Shoulder,,Questionable,Shoulder,,Full Participation in Practice,2010-11-26T14:22:04Z
2010,REG,SD,12,00-0022414,WR,Malcom Floyd,Malcom,Floyd,Hamstring,,Questionable,Hamstring,,Limited Participation in Practice,2010-11-26T14:21:43Z
2010,REG,SD,12,00-0023450,DE,Travis Johnson,Travis,Johnson,Shoulder,,Questionable,Shoulder,,Limited Participation in Practice,2010-11-26T14:22:20Z
2010,REG,SD,12,00-0022714,TE,Kris Wilson,Kris,Wilson,Back,,Questionable,Back,,Limited Participation in Practice,2010-11-26T14:23:15Z
2010,REG,SD,12,00-0026209,RB,Jacob Hester,Jacob,Hester,Foot,,Probable,Foot,,Full Participation in Practice,2010-11-26T14:21:21Z
2010,REG,SD,12,00-0025559,WR,Legedu Naanee,Legedu,Naanee,Hamstring,,Probable,Hamstring,,Full Participation in Practice,2010-11-26T14:22:44Z
2010,REG,SD,12,00-0021236,TE,Randy McMichael,Randy,McMichael,Hamstring,,Probable,Hamstring,,Limited Participation in Practice,2010-11-26T14:22:37Z
2010,REG,SEA,12,00-0021684,DT,Colin Cole,Colin,Cole,Ankle,,Out,Ankle,,Did Not Participate In Practice,2010-11-26T13:20:23Z
2010,REG,SEA,12,00-0027783,TE,Anthony McCoy,Anthony,McCoy,Knee,,Out,Knee,,Did Not Participate In Practice,2010-11-26T13:20:32Z
2010,REG,SEA,12,00-0021178,G,Chester Pitts,Chester,Pitts,Ankle,,Out,Ankle,,Did Not Participate In Practice,2010-11-26T13:20:47Z
2010,REG,SEA,12,00-0023452,WR,Mike Williams,Mike,Williams,Foot,,Questionable,Foot,,Did Not Participate In Practice,2010-11-26T13:21:09Z
2010,REG,SEA,12,00-0024315,RB,Michael Robinson,Michael,Robinson,Hamstring,,Questionable,Hamstring,,Full Participation in Practice,2010-11-26T13:20:56Z
2010,REG,SEA,12,00-0021577,DE,Chris Clemons,Chris,Clemons,Ankle,,Probable,Ankle,,Full Participation in Practice,2010-11-26T13:19:41Z
2010,REG,SEA,12,00-0026324,G,Mike Gibson,Mike,Gibson,Ankle,,Probable,Ankle,,Full Participation in Practice,2010-11-26T13:19:41Z
2010,REG,SEA,12,00-0007091,QB,Matt Hasselbeck,Matt,Hasselbeck,Wrist,,Probable,Wrist,,Full Participation in Practice,2010-11-26T13:19:41Z
2010,REG,SEA,12,00-0023461,C,Chris Spencer,Chris,Spencer,Finger,,Probable,Finger,,Full Participation in Practice,2010-11-26T13:19:41Z
2010,REG,SEA,12,00-0015754,WR,Brandon Stokley,Brandon,Stokley,Calf,,Probable,Calf,,Full Participation in Practice,2010-11-26T13:19:41Z
2010,REG,SEA,12,00-0027891,WR,Golden Tate,Golden,Tate,Ankle,,Probable,Ankle,,Full Participation in Practice,2010-11-26T13:19:41Z
2010,REG,SEA,12,00-0023480,LB,Lofa Tatupu,Lofa,Tatupu,Knee,,Probable,Knee,,Full Participation in Practice,2010-11-26T13:19:41Z
2010,REG,SEA,12,00-0022046,CB,Marcus Trufant,Marcus,Trufant,Concussion,,Probable,Concussion,,Full Participation in Practice,2010-11-26T13:19:41Z
2010,REG,SF,12,00-0025415,T,Joe Staley,Joe,Staley,Fibula,,Out,Fibula,,Out (Definitely Will Not Play),2010-11-27T12:59:29Z
2010,REG,SF,12,00-0020384,CB,William James,William,James,Concussion,,Doubtful,Concussion,,Did Not Participate In Practice,2010-11-27T12:58:20Z
2010,REG,SF,12,00-0011970,K,Joe Nedney,Joe,Nedney,right Knee,,Doubtful,right Knee,,Did Not Participate In Practice,2010-11-27T12:59:07Z
2010,REG,SF,12,00-0025513,S,Dashon Goldson,Dashon,Goldson,Ankle,,Questionable,Ankle,,Limited Participation in Practice,2010-11-27T12:58:55Z
2010,REG,SF,12,00-0020495,CB,Nate Clements,Nate,Clements,Ankle,,Probable,Ankle,,Full Participation in Practice,2010-11-27T12:58:02Z
2010,REG,SF,12,00-0024221,TE,Vernon Davis,Vernon,Davis,Ankle,,Probable,Ankle,,Full Participation in Practice,2010-11-27T12:58:02Z
2010,REG,SF,12,00-0027863,T,Anthony Davis,Anthony,Davis,Ankle,,Probable,Ankle,,Full Participation in Practice,2010-11-27T12:58:02Z
2010,REG,SF,12,00-0023500,RB,Frank Gore,Frank,Gore,Ankle,,Probable,Ankle,,Full Participation in Practice,2010-11-27T12:58:02Z
2010,REG,SF,12,00-0026314,WR,Josh Morgan,Josh,Morgan,Shoulder,,Probable,Shoulder,,Full Participation in Practice,2010-11-27T12:58:02Z
2010,REG,STL,12,00-0027912,WR,Danario Alexander,Danario,Alexander,Knee,,Questionable,Knee,,Limited Participation in Practice,2010-11-26T12:07:54Z
2010,REG,STL,12,00-0025462,WR,Laurent Robinson,Laurent,Robinson,Toe,,Probable,Toe,,Full Participation in Practice,2010-11-26T12:08:26Z
2010,REG,STL,12,00-0027648,T,Rodger Saffold,Rodger,Saffold,Shoulder,,Probable,Shoulder,,Full Participation in Practice,2010-11-26T12:08:12Z
2010,REG,STL,12,00-0022684,P,Donnie Jones,Donnie,Jones,lf. calf,,Probable,left Calf,,Limited Participation in Practice,2010-11-26T12:07:15Z
2010,REG,TB,12,00-0026906,DE,Kyle Moore,Kyle,Moore,Shoulder,,Out,Shoulder,,Did Not Participate In Practice,2010-11-26T10:17:02Z
2010,REG,TB,12,00-0025455,LB,Quincy Black,Quincy,Black,Ankle,,Probable,Ankle,,Full Participation in Practice,2010-11-26T10:16:52Z
2010,REG,TB,12,00-0026953,WR,Sammie Stroughter,Sammie,Stroughter,Foot,,Probable,Foot,,Full Participation in Practice,2010-11-26T10:16:52Z
2010,REG,TB,12,00-0024274,T,Jeremy Trueblood,Jeremy,Trueblood,Knee,,Probable,Knee,,Full Participation in Practice,2010-11-26T10:16:52Z
2010,REG,TB,12,00-0022922,TE,Kellen Winslow,Kellen,Winslow,Knee,,Probable,Knee,,Full Participation in Practice,2010-11-26T10:16:52Z
2010,REG,TEN,12,00-0027006,WR,Kenny Britt,Kenny,Britt,Hamstring,,Out,Hamstring,,Did Not Participate In Practice,2010-11-26T11:50:55Z
2010,REG,TEN,12,00-0022814,DE,Dave Ball,Dave,Ball,Concussion,,Doubtful,Concussion,,Did Not Participate In Practice,2010-11-26T11:50:48Z
2010,REG,TEN,12,00-0021490,DT,Tony Brown,Tony,Brown,Knee,,Questionable,Knee,,Did Not Participate In Practice,2010-11-26T11:51:01Z
2010,REG,TEN,12,00-0003292,QB,Kerry Collins,Kerry,Collins,Calf,,Questionable,Calf,,Did Not Participate In Practice,2010-11-26T11:51:08Z
2010,REG,TEN,12,00-0026194,DT,Jason Jones,Jason,Jones,Knee,,Questionable,Knee,,Did Not Participate In Practice,2010-11-26T11:51:14Z
2010,REG,TEN,12,00-0026225,TE,Craig Stevens,Craig,Stevens,Knee,,Questionable,Knee,,Limited Participation in Practice,2010-11-26T11:51:20Z
2010,REG,TEN,12,00-0020962,K,Rob Bironas,Rob,Bironas,right Groin,,Probable,right Groin,,Did Not Participate In Practice,2010-11-26T11:50:33Z
2010,REG,WAS,12,00-0021179,RB,Clinton Portis,Clinton,Portis,,,,Abdomen,Groin,Out (Definitely Will Not Play),2010-11-24T12:25:13Z
2010,REG,WAS,12,00-0025393,S,LaRon Landry,LaRon,Landry,Achilles,,Out,Achilles,,Out (Definitely Will Not Play),2010-11-26T13:03:26Z
2010,REG,WAS,12,00-0026279,RB,Ryan Torain,Ryan,Torain,Hamstring,,Out,Hamstring,,Out (Definitely Will Not Play),2010-11-26T13:04:17Z
2010,REG,WAS,12,00-0027159,DE,Jeremy Jarmon,Jeremy,Jarmon,Hamstring,,Questionable,Hamstring,,Did Not Participate In Practice,2010-11-26T13:03:21Z
2010,REG,WAS,12,00-0023259,LB,Lorenzo Alexander,Lorenzo,Alexander,Hamstring,,Questionable,Hamstring,,Limited Participation in Practice,2010-11-26T13:02:51Z
2010,REG,WAS,12,00-0027618,WR,Brandon Banks,Brandon,Banks,Knee,,Questionable,Knee,,Limited Participation in Practice,2010-11-26T13:02:56Z
2010,REG,WAS,12,00-0022132,G,Derrick Dockery,Derrick,Dockery,Knee,,Questionable,Knee,,Limited Participation in Practice,2010-11-26T13:03:01Z
2010,REG,WAS,12,00-0024410,DE,Kedric Golston,Kedric,Golston,Elbow,Groin,Questionable,Elbow,Groin,Limited Participation in Practice,2010-11-26T13:03:08Z
2010,REG,WAS,12,00-0020801,G,Artis Hicks,Artis,Hicks,Thigh,,Questionable,Thigh,,Limited Participation in Practice,2010-11-26T13:03:16Z
2010,REG,WAS,12,00-0024250,LB,Rocky McIntosh,Rocky,McIntosh,Thigh,,Questionable,Thigh,,Limited Participation in Practice,2010-11-26T13:03:34Z
2010,REG,WAS,12,00-0020494,WR,Santana Moss,Santana,Moss,Knee,,Questionable,Knee,,Limited Participation in Practice,2010-11-26T13:03:47Z
2010,REG,WAS,12,00-0020450,C,Casey Rabach,Casey,Rabach,Knee,,Questionable,Knee,,Limited Participation in Practice,2010-11-26T13:03:53Z
2010,REG,WAS,12,00-0023444,CB,Carlos Rogers,Carlos,Rogers,Hamstring,,Questionable,Hamstring,,Limited Participation in Practice,2010-11-26T13:04:07Z
2010,REG,WAS,12,00-0011022,QB,Donovan McNabb,Donovan,McNabb,Hamstring,,Probable,Hamstring,,Full Participation in Practice,2010-11-26T13:03:40Z
2010,REG,ARI,13,00-0026190,DE,Calais Campbell,Calais,Campbell,Ankle,,Questionable,Ankle,,Limited Participation in Practice,2010-12-03T11:52:50Z
2010,REG,ARI,13,00-0019538,LB,Clark Haggans,Clark,Haggans,Groin,,Questionable,Groin,,Limited Participation in Practice,2010-12-03T11:52:57Z
2010,REG,ARI,13,00-0026910,CB,Gregory Toler,Gregory,Toler,Foot,,Questionable,Foot,,Limited Participation in Practice,2010-12-03T11:53:01Z
2010,REG,ARI,13,00-0027877,DT,Dan Williams,Dan,Williams,Knee,,Questionable,Knee,,Limited Participation in Practice,2010-12-03T11:53:08Z
2010,REG,ARI,13,00-0027347,QB,Max Hall,Max,Hall,Illness,,Probable,Illness,,Did Not Participate In Practice,2010-12-03T11:53:27Z
2010,REG,ARI,13,00-0022930,DT,Darnell Dockett,Darnell,Dockett,Shoulder,,Probable,Shoulder,,Full Participation in Practice,2010-12-03T11:52:37Z
2010,REG,ARI,13,00-0019104,LB,Paris Lenon,Paris,Lenon,Knee,,Probable,Knee,,Full Participation in Practice,2010-12-03T11:52:37Z
2010,REG,ARI,13,00-0026156,CB,Dominique Rodgers-Cromartie,Dominique,Rodgers-Cromartie,Shoulder,,Probable,Shoulder,,Full Participation in Practice,2010-12-03T11:52:37Z
2010,REG,ARI,13,00-0022786,S,Matt Ware,Matt,Ware,Shoulder,,Probable,Shoulder,,Full Participation in Practice,2010-12-03T11:52:37Z
2010,REG,ARI,13,00-0025529,WR,Steve Breaston,Steve,Breaston,Knee,,Probable,Knee,,Limited Participation in Practice,2010-12-03T11:52:37Z
2010,REG,ATL,13,00-0026855,RB,Antone Smith,Antone,Smith,Hamstring,,Questionable,Hamstring,,Did Not Participate In Practice,2010-12-03T11:31:28Z
2010,REG,ATL,13,00-0025631,RB,Jason Snelling,Jason,Snelling,Hamstring,,Questionable,Hamstring,,Did Not Participate In Practice,2010-12-03T11:31:17Z
2010,REG,ATL,13,00-0019546,DE,John Abraham,John,Abraham,Groin,,Probable,Groin,,Full Participation in Practice,2010-12-03T11:30:46Z
2010,REG,ATL,13,00-0026294,DE,Kroy Biermann,Kroy,Biermann,Ankle,,Probable,Ankle,,Full Participation in Practice,2010-12-03T11:30:46Z
2010,REG,ATL,13,00-0022781,WR,Michael Jenkins,Michael,Jenkins,Quadricep,,Probable,Quadricep,,Full Participation in Practice,2010-12-03T11:30:46Z
2010,REG,ATL,13,00-0026177,LB,Curtis Lofton,Curtis,Lofton,Knee,,Probable,Knee,,Full Participation in Practice,2010-12-03T11:30:46Z
2010,REG,ATL,13,00-0027031,S,William Moore,William,Moore,Thigh,,Probable,Thigh,,Full Participation in Practice,2010-12-03T11:30:46Z
2010,REG,ATL,13,00-0024535,WR,Eric Weems,Eric,Weems,Pectoral,,Probable,Pectoral,,Full Participation in Practice,2010-12-03T11:30:46Z
2010,REG,ATL,13,00-0023462,WR,Roddy White,Roddy,White,Knee,,Probable,Knee,,Full Participation in Practice,2010-12-03T11:30:46Z
2010,REG,BAL,13,00-0026999,T,Michael Oher,Michael,Oher,Knee,,Questionable,Knee,,Did Not Participate In Practice,2010-12-03T11:33:51Z
2010,REG,BAL,13,00-0024360,S,Dawan Landry,Dawan,Landry,Head,,Questionable,Head,,Limited Participation in Practice,2010-12-03T11:33:38Z
2010,REG,BAL,13,00-0025524,RB,Le'Ron McClain,Le'Ron,McClain,Ankle,,Questionable,Ankle,,Limited Participation in Practice,2010-12-03T11:33:45Z
2010,REG,BAL,13,00-0024271,G,Chris Chester,Chris,Chester,Infection,,Probable,Infection,,Full Participation in Practice,2010-12-03T11:33:31Z
2010,REG,BAL,13,00-0027675,TE,Ed Dickson,Ed,Dickson,Thigh,,Probable,Thigh,,Full Participation in Practice,2010-12-03T11:33:31Z
2010,REG,BAL,13,00-0010500,WR,Derrick Mason,Derrick,Mason,Illness,,Probable,Illness,,Full Participation in Practice,2010-12-03T11:33:31Z
2010,REG,BUF,13,00-0022750,DE,Dwan Edwards,Dwan,Edwards,Hamstring,,Out,Hamstring,,Did Not Participate In Practice,2010-12-03T09:36:57Z
2010,REG,BUF,13,00-0027088,TE,Shawn Nelson,Shawn,Nelson,Illness,,Out,Illness,,Did Not Participate In Practice,2010-12-03T09:36:50Z
2010,REG,BUF,13,00-0022810,LB,Reggie Torbor,Reggie,Torbor,Shoulder,,Out,Shoulder,,Did Not Participate In Practice,2010-12-03T09:37:03Z
2010,REG,BUF,13,00-0027004,G,Eric Wood,Eric,Wood,Ankle,,Out,Ankle,,Did Not Participate In Practice,2010-12-03T09:36:39Z
2010,REG,BUF,13,00-0022008,CB,Terrence McGee,Terrence,McGee,Knee,,Doubtful,Knee,,Did Not Participate In Practice,2010-12-03T09:37:12Z
2010,REG,BUF,13,00-0027655,DT,Torell Troup,Torell,Troup,Fibula,,Questionable,Fibula,,Limited Participation in Practice,2010-12-03T09:37:19Z
2010,REG,BUF,13,00-0026359,T,Demetress Bell,Demetress,Bell,Knee,,Probable,Knee,,Full Participation in Practice,2010-12-03T09:36:29Z
2010,REG,BUF,13,00-0022610,DE,Spencer Johnson,Spencer,Johnson,Hamstring,,Probable,Hamstring,,Full Participation in Practice,2010-12-03T09:36:29Z
2010,REG,BUF,13,00-0021995,LB,Chris Kelsay,Chris,Kelsay,Illness,,Probable,Illness,,Full Participation in Practice,2010-12-03T09:36:29Z
2010,REG,BUF,13,00-0027861,RB,C.J. Spiller,C.J.,Spiller,Hamstring,,Probable,Hamstring,,Full Participation in Practice,2010-12-03T09:36:29Z
2010,REG,CAR,13,00-0027080,RB,Mike Goodson,Mike,Goodson,,,,Not Injury Related,,Did Not Participate In Practice,2010-12-02T12:37:06Z
2010,REG,CAR,13,00-0027801,QB,Tony Pike,Tony,Pike,,,,right Shoulder,,Limited Participation in Practice,2010-12-02T12:39:09Z
2010,REG,CAR,13,00-0022214,G,Travelle Wharton,Travelle,Wharton,Toe,,Out,Toe,,Did Not Participate In Practice,2010-12-03T13:12:59Z
2010,REG,CAR,13,00-0022914,CB,Chris Gamble,Chris,Gamble,Hamstring,,Questionable,Hamstring,,Did Not Participate In Practice,2010-12-03T13:16:43Z
2010,REG,CAR,13,00-0026381,G,Geoff Schwartz,Geoff,Schwartz,Back,,Questionable,Back,,Did Not Participate In Practice,2010-12-03T13:13:31Z
2010,REG,CAR,13,00-0024406,S,Marcus Hudson,Marcus,Hudson,Ankle,,Questionable,Ankle,,Limited Participation in Practice,2010-12-03T13:15:58Z
2010,REG,CAR,13,00-0022101,QB,Brian St. Pierre,Brian,St. Pierre,right Shoulder,,Questionable,right Shoulder,,Limited Participation in Practice,2010-12-03T13:13:51Z
2010,REG,CAR,13,00-0026790,RB,Tyrell Sutton,Tyrell,Sutton,Ankle,,Questionable,Ankle,,Limited Participation in Practice,2010-12-03T13:14:12Z
2010,REG,CAR,13,00-0024303,LB,James Anderson,James,Anderson,Concussion,,Probable,Concussion,,Limited Participation in Practice,2010-12-03T13:14:46Z
2010,REG,CAR,13,00-0027840,CB,Robert McClain,Robert,McClain,Hip,,Probable,Hip,,Limited Participation in Practice,2010-12-03T13:15:35Z
2010,REG,CAR,13,00-0026944,CB,Captain Munnerlyn,Captain,Munnerlyn,Shoulder,,Probable,Shoulder,,Limited Participation in Practice,2010-12-03T13:15:43Z
2010,REG,CAR,13,00-0027799,S,Jordan Pugh,Jordan,Pugh,Hamstring,,Probable,Hamstring,,Limited Participation in Practice,2010-12-03T13:15:03Z
2010,REG,CHI,13,00-0023429,WR,Rashied Davis,Rashied,Davis,,,,Shoulder,,Limited Participation in Practice,2010-12-01T13:01:55Z
2010,REG,CHI,13,00-0022050,LB,Pisa Tinoisamoa,Pisa,Tinoisamoa,Knee,,Out,Knee,,Out (Definitely Will Not Play),2010-12-03T11:51:26Z
2010,REG,CIN,13,00-0027873,TE,Jermaine Gresham,Jermaine,Gresham,,,,Not Injury Related,,Did Not Participate In Practice,2010-12-02T12:47:56Z
2010,REG,CIN,13,00-0012478,WR,Terrell Owens,Terrell,Owens,,,,Illness,,Did Not Participate In Practice,2010-12-01T12:49:37Z
2010,REG,CIN,13,00-0022918,DE,Antwan Odom,Antwan,Odom,Wrist,,Out,Wrist,,Out (Definitely Will Not Play),2010-12-03T09:58:26Z
2010,REG,CIN,13,00-0027697,CB,Brandon Ghee,Brandon,Ghee,Groin,,Doubtful,Groin,,Did Not Participate In Practice,2010-12-03T09:58:34Z
2010,REG,CIN,13,00-0024239,CB,Johnathan Joseph,Johnathan,Joseph,Ankle,,Probable,Ankle,,Full Participation in Practice,2010-12-03T09:58:16Z
2010,REG,CIN,13,00-0026720,CB,Rico Murray,Rico,Murray,Ankle,,Probable,Ankle,,Full Participation in Practice,2010-12-03T09:58:16Z
2010,REG,CIN,13,00-0026217,DT,Pat Sims,Pat,Sims,Knee,,Probable,Knee,,Full Participation in Practice,2010-12-03T09:58:16Z
2010,REG,CIN,13,00-0024270,T,Andrew Whitworth,Andrew,Whitworth,Knee,,Probable,Knee,,Full Participation in Practice,2010-12-03T09:58:16Z
2010,REG,CIN,13,00-0021143,S,Roy Williams,Roy,Williams,Head,,Probable,Head,,Full Participation in Practice,2010-12-03T09:58:16Z
2010,REG,CLE,13,00-0026367,RB,Peyton Hillis,Peyton,Hillis,,,,Not Injury Related,,Did Not Participate In Practice,2010-12-03T12:57:58Z
2010,REG,CLE,13,00-0021259,LB,Scott Fujita,Scott,Fujita,Knee,,Doubtful,Knee,,Did Not Participate In Practice,2010-12-03T13:03:20Z
2010,REG,CLE,13,00-0027688,QB,Colt McCoy,Colt,McCoy,Ankle,,Doubtful,Ankle,,Did Not Participate In Practice,2010-12-03T13:03:35Z
2010,REG,CLE,13,00-0020528,DT,Shaun Rogers,Shaun,Rogers,Ankle,Hip,Questionable,Ankle,Hip,Did Not Participate In Practice,2010-12-03T13:05:11Z
2010,REG,CLE,13,00-0000846,LB,Eric Barton,Eric,Barton,Shoulder,,Questionable,Shoulder,,Limited Participation in Practice,2010-12-03T13:04:10Z
2010,REG,CLE,13,00-0021262,DE,Kenyon Coleman,Kenyon,Coleman,Knee,,Questionable,Knee,,Limited Participation in Practice,2010-12-03T13:04:33Z
2010,REG,CLE,13,00-0023176,WR,Joshua Cribbs,Joshua,Cribbs,Foot,,Questionable,Foot,,Limited Participation in Practice,2010-12-03T13:04:50Z
2010,REG,CLE,13,00-0027653,S,T.J. Ward,T.J.,Ward,Thigh,,Questionable,Thigh,,Limited Participation in Practice,2010-12-03T13:05:29Z
2010,REG,CLE,13,00-0024394,RB,Lawrence Vickers,Lawrence,Vickers,Calf,,Probable,Calf,,Full Participation in Practice,2010-12-03T13:05:55Z
2010,REG,CLE,13,00-0020348,G,Floyd Womack,Floyd,Womack,Knee,,Probable,Knee,,Full Participation in Practice,2010-12-03T13:06:09Z
2010,REG,CLE,13,00-0025440,CB,Eric Wright,Eric,Wright,Knee,,Probable,Knee,,Full Participation in Practice,2010-12-03T13:06:25Z
2010,REG,DAL,13,00-0027826,DE,Sean Lissemore,Sean,Lissemore,,,,Ankle,,Did Not Participate In Practice,2010-12-02T12:33:02Z
2010,REG,DAL,13,00-0023544,RB,Marion Barber,Marion,Barber,Calf,,Out,Calf,,Did Not Participate In Practice,2010-12-03T11:08:58Z
2010,REG,DAL,13,00-0021678,QB,Tony Romo,Tony,Romo,left Shoulder,,Out,left Shoulder,,Did Not Participate In Practice,2010-12-03T11:09:22Z
2010,REG,DAL,13,00-0001820,LB,Keith Brooking,Keith,Brooking,Foot,,Questionable,Foot,,Limited Participation in Practice,2010-12-03T11:09:04Z
2010,REG,DAL,13,00-0022137,LB,Bradie James,Bradie,James,Knee,,Probable,Knee,,Full Participation in Practice,2010-12-03T11:08:50Z
2010,REG,DAL,13,00-0027902,WR,Dez Bryant,Dez,Bryant,Back,,Probable,Back,,Limited Participation in Practice,2010-12-03T11:08:50Z
2010,REG,DAL,13,00-0027421,CB,Bryan McCann,Bryan,McCann,Ankle,,Probable,Ankle,,Limited Participation in Practice,2010-12-03T11:08:50Z
2010,REG,DEN,13,00-0004073,S,Brian Dawkins,Brian,Dawkins,Knee,,Out,Knee,,Did Not Participate In Practice,2010-12-03T12:27:19Z
2010,REG,DEN,13,00-0021194,CB,Andre' Goodman,Andre',Goodman,Hip,,Out,Hip,,Did Not Participate In Practice,2010-12-03T12:27:24Z
2010,REG,DEN,13,00-0027024,S,Darcel McBath,Darcel,McBath,Quadricep,,Out,Quadricep,,Did Not Participate In Practice,2010-12-03T12:27:29Z
2010,REG,DEN,13,00-0027874,WR,Demaryius Thomas,Demaryius,Thomas,Ankle,,Out,Ankle,,Did Not Participate In Practice,2010-12-03T12:27:34Z
2010,REG,DET,13,00-0020679,QB,Shaun Hill,Shaun,Hill,right Finger,,Out,right Finger,,Did Not Participate In Practice,2010-12-03T13:45:39Z
2010,REG,DET,13,00-0026498,QB,Matthew Stafford,Matthew,Stafford,right Shoulder,,Out,right Shoulder,,Did Not Participate In Practice,2010-12-03T13:45:53Z
2010,REG,DET,13,00-0020382,DE,Kyle Vanden Bosch,Kyle,Vanden Bosch,Neck,,Doubtful,Neck,,Did Not Participate In Practice,2010-12-03T13:46:04Z
2010,REG,DET,13,00-0026157,T,Gosder Cherilus,Gosder,Cherilus,Knee,,Questionable,Knee,,Limited Participation in Practice,2010-12-03T13:46:13Z
2010,REG,DET,13,00-0006800,K,Jason Hanson,Jason,Hanson,right Knee,,Probable,right Knee,,Did Not Participate In Practice,2010-12-03T13:45:27Z
2010,REG,DET,13,00-0026232,DE,Cliff Avril,Cliff,Avril,Quadricep,,Probable,Quadricep,,Full Participation in Practice,2010-12-03T13:45:27Z
2010,REG,DET,13,00-0022906,DT,Corey Williams,Corey,Williams,Shoulder,,Probable,Shoulder,,Full Participation in Practice,2010-12-03T13:45:27Z
2010,REG,DET,13,00-0027880,RB,Jahvid Best,Jahvid,Best,Toe,,Probable,Toe,,Limited Participation in Practice,2010-12-03T13:45:27Z
2010,REG,DET,13,00-0021999,WR,Nate Burleson,Nate,Burleson,Hamstring,,Probable,Hamstring,,Limited Participation in Practice,2010-12-03T13:45:27Z
2010,REG,DET,13,00-0027050,LB,DeAndre Levy,DeAndre,Levy,Groin,,Probable,Groin,,Limited Participation in Practice,2010-12-03T13:45:27Z
2010,REG,DET,13,00-0024276,TE,Tony Scheffler,Tony,Scheffler,Rib,,Probable,Rib,,Limited Participation in Practice,2010-12-03T13:45:27Z
2010,REG,GB,13,00-0026200,CB,Patrick Lee,Patrick,Lee,Ankle,,Out,Ankle,,Did Not Participate In Practice,2010-12-03T12:02:54Z
2010,REG,GB,13,00-0023404,S,Atari Bigby,Atari,Bigby,Hamstring,,Doubtful,Hamstring,,Did Not Participate In Practice,2010-12-03T12:02:43Z
2010,REG,GB,13,00-0024298,S,Anthony Smith,Anthony,Smith,Ankle,,Doubtful,Ankle,,Did Not Participate In Practice,2010-12-03T12:03:03Z
2010,REG,GB,13,00-0023486,S,Nick Collins,Nick,Collins,Shoulder,,Probable,Shoulder,,Full Participation in Practice,2010-12-03T12:02:19Z
2010,REG,GB,13,00-0021706,DE,Cullen Jenkins,Cullen,Jenkins,Calf,,Probable,Calf,,Full Participation in Practice,2010-12-03T12:02:19Z
2010,REG,GB,13,00-0024267,WR,Greg Jennings,Greg,Jennings,Foot,,Probable,Foot,,Full Participation in Practice,2010-12-03T12:02:19Z
2010,REG,GB,13,00-0027201,RB,Dimitri Nance,Dimitri,Nance,Concussion,,Probable,Concussion,,Full Participation in Practice,2010-12-03T12:02:19Z
2010,REG,GB,13,00-0027875,T,Bryan Bulaga,Bryan,Bulaga,Ankle,,Probable,Ankle,,Limited Participation in Practice,2010-12-03T12:02:33Z
2010,REG,GB,13,00-0019702,T,Chad Clifton,Chad,Clifton,Knee,,Probable,Knee,,Limited Participation in Practice,2010-12-03T12:02:19Z
2010,REG,GB,13,00-0027002,LB,Clay Matthews,Clay,Matthews,Shin,,Probable,Shin,,Limited Participation in Practice,2010-12-03T12:02:19Z
2010,REG,GB,13,00-0020515,DE,Ryan Pickett,Ryan,Pickett,Ankle,,Probable,Ankle,,Limited Participation in Practice,2010-12-03T12:02:19Z
2010,REG,GB,13,00-0018227,CB,Charles Woodson,Charles,Woodson,Toe,,Probable,Toe,,Limited Participation in Practice,2010-12-03T12:02:19Z
2010,REG,HOU,13,00-0027575,S,Torri Williams,Torri,Williams,,,,Hamstring,,Did Not Participate In Practice,2010-11-30T11:39:48Z
2010,REG,HOU,13,00-0026258,LB,Xavier Adibi,Xavier,Adibi,Hamstring,,Out,Hamstring,,Did Not Participate In Practice,2010-12-01T09:03:21Z
2010,REG,HOU,13,00-0024313,TE,Owen Daniels,Owen,Daniels,Hamstring,,Out,Hamstring,,Did Not Participate In Practice,2010-12-01T09:03:35Z
2010,REG,HOU,13,00-0026417,DE,Jesse Nading,Jesse,Nading,Knee,,Questionable,Knee,,Did Not Participate In Practice,2010-12-01T09:04:29Z
2010,REG,HOU,13,00-0024465,WR,David Anderson,David,Anderson,Hamstring,,Questionable,Hamstring,,Limited Participation in Practice,2010-12-01T09:04:04Z
2010,REG,HOU,13,00-0021931,WR,Kevin Walter,Kevin,Walter,Calf,,Questionable,Calf,,Limited Participation in Practice,2010-12-01T09:04:58Z
2010,REG,HOU,13,00-0021225,LB,Kevin Bentley,Kevin,Bentley,Knee,Shoulder,Probable,Knee,Shoulder,Full Participation in Practice,2010-12-01T09:02:54Z
2010,REG,HOU,13,00-0023630,TE,Joel Dreessen,Joel,Dreessen,Knee,,Probable,Knee,,Full Participation in Practice,2010-12-01T09:02:54Z
2010,REG,HOU,13,00-0025460,WR,Jacoby Jones,Jacoby,Jones,Illness,,Probable,Illness,,Full Participation in Practice,2010-12-01T09:02:54Z
2010,REG,HOU,13,00-0027081,CB,Glover Quin,Glover,Quin,Hand,,Probable,Hand,,Full Participation in Practice,2010-12-01T09:02:54Z
2010,REG,HOU,13,00-0022787,QB,Matt Schaub,Matt,Schaub,Knee,,Probable,Knee,,Full Participation in Practice,2010-12-01T09:02:54Z
2010,REG,HOU,13,00-0024281,T,Eric Winston,Eric,Winston,Shoulder,,Probable,Shoulder,,Full Participation in Practice,2010-12-01T09:02:54Z
2010,REG,HOU,13,00-0026991,LB,Brian Cushing,Brian,Cushing,Knee,,Probable,Knee,,Limited Participation in Practice,2010-12-01T09:02:54Z
2010,REG,HOU,13,00-0023750,DE,Mario Williams,Mario,Williams,Groin,,Probable,Groin,,Limited Participation in Practice,2010-12-01T09:02:54Z
2010,REG,IND,13,00-0021146,DE,Dwight Freeney,Dwight,Freeney,,,,Rested,,Full Participation in Practice,2010-12-03T12:32:35Z
2010,REG,IND,13,00-0022059,DE,Robert Mathis,Robert,Mathis,,,,Rested,,Full Participation in Practice,2010-12-03T12:34:52Z
2010,REG,IND,13,00-0022944,CB,Bob Sanders,Bob,Sanders,Biceps,,Out,Biceps,,Did Not Participate In Practice,2010-12-03T12:36:18Z
2010,REG,IND,13,00-0024245,RB,Joseph Addai,Joseph,Addai,Neck,,Doubtful,Neck,,Did Not Participate In Practice,2010-12-03T12:38:31Z
2010,REG,IND,13,00-0027092,WR,Austin Collie,Austin,Collie,Concussion,,Questionable,Concussion,,Did Not Participate In Practice,2010-12-03T12:37:01Z
2010,REG,IND,13,00-0026342,RB,Mike Hart,Mike,Hart,Ankle,,Questionable,Ankle,,Did Not Participate In Practice,2010-12-03T12:37:23Z
2010,REG,IND,13,00-0023495,CB,Kelvin Hayden,Kelvin,Hayden,Neck,,Questionable,Neck,,Did Not Participate In Practice,2010-12-03T12:37:31Z
2010,REG,IND,13,00-0025523,LB,Clint Session,Clint,Session,Elbow,,Questionable,Elbow,,Did Not Participate In Practice,2010-12-03T12:38:02Z
2010,REG,IND,13,00-0020498,WR,Reggie Wayne,Reggie,Wayne,Knee,,Questionable,Knee,,Did Not Participate In Practice,2010-12-03T12:36:43Z
2010,REG,IND,13,00-0021484,LB,Gary Brackett,Gary,Brackett,Toe,,Questionable,Toe,,Full Participation in Practice,2010-12-03T12:36:52Z
2010,REG,IND,13,00-0027761,TE,Brody Eldridge,Brody,Eldridge,Rib,,Questionable,Rib,,Full Participation in Practice,2010-12-03T12:37:10Z
2010,REG,IND,13,00-0023213,CB,Aaron Francisco,Aaron,Francisco,Thigh,,Questionable,Thigh,,Full Participation in Practice,2010-12-03T12:37:16Z
2010,REG,IND,13,00-0027829,DE,Ricardo Mathews,Ricardo,Mathews,Back,,Questionable,Back,,Full Participation in Practice,2010-12-03T12:37:46Z
2010,REG,IND,13,00-0024692,DT,Daniel Muir,Daniel,Muir,Hamstring,,Questionable,Hamstring,,Full Participation in Practice,2010-12-03T12:37:54Z
2010,REG,IND,13,00-0026264,CB,Justin Tryon,Justin,Tryon,Foot,,Questionable,Foot,,Full Participation in Practice,2010-12-03T12:38:12Z
2010,REG,IND,13,00-0024413,T,Charlie Johnson,Charlie,Johnson,Back,,Questionable,Back,,Limited Participation in Practice,2010-12-03T12:37:38Z
2010,REG,JAX,13,00-0027501,LB,Jacob Cutrera,Jacob,Cutrera,,,,Head,,Limited Participation in Practice,2010-12-01T13:05:31Z
2010,REG,JAX,13,00-0025466,WR,Mike Sims-Walker,Mike,Sims-Walker,Ankle,,Out,Ankle,,Did Not Participate In Practice,2010-12-03T10:06:45Z
2010,REG,JAX,13,00-0026202,CB,Terrence Wheatley,Terrence,Wheatley,Hamstring,,Out,Hamstring,,Did Not Participate In Practice,2010-12-03T10:06:52Z
2010,REG,JAX,13,00-0025942,DT,Leger Douzable,Leger,Douzable,Ankle,,Questionable,Ankle,,Full Participation in Practice,2010-12-03T10:06:32Z
2010,REG,JAX,13,00-0027862,DT,Tyson Alualu,Tyson,Alualu,Knee,,Probable,Knee,,Full Participation in Practice,2010-12-03T10:06:18Z
2010,REG,JAX,13,00-0021231,QB,David Garrard,David,Garrard,left Wrist,,Probable,left Wrist,,Full Participation in Practice,2010-12-03T10:06:18Z
2010,REG,JAX,13,00-0025463,WR,Jason Hill,Jason,Hill,Calf,,Probable,Calf,,Full Participation in Practice,2010-12-03T10:06:18Z
2010,REG,JAX,13,00-0022089,G,Vincent Manuwai,Vincent,Manuwai,Back,,Probable,Back,,Full Participation in Practice,2010-12-03T10:06:18Z
2010,REG,KC,13,00-0026868,CB,Jackie Bates,Jackie,Bates,Knee,,Out,Knee,,Did Not Participate In Practice,2010-12-03T12:47:28Z
2010,REG,KC,13,00-0026175,CB,Brandon Flowers,Brandon,Flowers,Hamstring,,Questionable,Hamstring,,Limited Participation in Practice,2010-12-03T12:47:37Z
2010,REG,KC,13,00-0022350,G,Ryan Lilja,Ryan,Lilja,Foot,,Probable,Foot,,Full Participation in Practice,2010-12-03T12:47:20Z
2010,REG,KC,13,00-0021187,S,Jon McGraw,Jon,McGraw,Head,,Probable,Head,,Full Participation in Practice,2010-12-03T12:47:20Z
2010,REG,KC,13,00-0027736,S,Kendrick Lewis,Kendrick,Lewis,Ankle,,Probable,Ankle,,Limited Participation in Practice,2010-12-03T12:47:20Z
2010,REG,MIA,13,00-0023505,LB,Channing Crowder,Channing,Crowder,Knee,,Doubtful,Knee,,Did Not Participate In Practice,2010-12-03T10:58:32Z
2010,REG,MIA,13,00-0006915,CB,Al Harris,Al,Harris,Hamstring,,Doubtful,Hamstring,,Did Not Participate In Practice,2010-12-03T10:59:00Z
2010,REG,MIA,13,00-0024334,WR,Brandon Marshall,Brandon,Marshall,Hamstring,,Questionable,Hamstring,,Limited Participation in Practice,2010-12-03T10:58:46Z
2010,REG,MIA,13,00-0023639,C,Joe Berger,Joe,Berger,Knee,,Probable,Knee,,Full Participation in Practice,2010-12-03T10:57:14Z
2010,REG,MIA,13,00-0022890,T,Vernon Carey,Vernon,Carey,Knee,,Probable,Knee,,Full Participation in Practice,2010-12-03T10:57:14Z
2010,REG,MIA,13,00-0022927,LB,Karlos Dansby,Karlos,Dansby,Toe,,Probable,Toe,,Full Participation in Practice,2010-12-03T10:57:14Z
2010,REG,MIA,13,00-0027762,S,Reshad Jones,Reshad,Jones,Ankle,,Probable,Ankle,,Full Participation in Practice,2010-12-03T10:57:14Z
2010,REG,MIA,13,00-0025820,T,Jake Long,Jake,Long,Knee,,Probable,Knee,,Full Participation in Practice,2010-12-03T10:57:14Z
2010,REG,MIA,13,00-0026172,DE,Phillip Merling,Phillip,Merling,Achilles,,Probable,Achilles,,Full Participation in Practice,2010-12-03T10:57:14Z
2010,REG,MIN,13,00-0027649,CB,Chris Cook,Chris,Cook,Knee,,Out,Knee,,Did Not Participate In Practice,2010-12-03T11:11:09Z
2010,REG,MIN,13,00-0026998,WR,Percy Harvin,Percy,Harvin,Illness,,Questionable,Illness,,Did Not Participate In Practice,2010-12-03T11:12:25Z
2010,REG,MIN,13,00-0020466,G,Steve Hutchinson,Steve,Hutchinson,Thumb,,Questionable,Thumb,,Did Not Participate In Practice,2010-12-03T11:11:49Z
2010,REG,MIN,13,00-0021508,WR,Greg Lewis,Greg,Lewis,Concussion,,Questionable,Concussion,,Did Not Participate In Practice,2010-12-03T11:11:25Z
2010,REG,MIN,13,00-0024342,DE,Ray Edwards,Ray,Edwards,Ankle,,Questionable,Ankle,,Limited Participation in Practice,2010-12-03T11:11:34Z
2010,REG,MIN,13,00-0025394,RB,Adrian Peterson,Adrian,Peterson,Ankle,,Questionable,Ankle,,Limited Participation in Practice,2010-12-03T11:11:58Z
2010,REG,MIN,13,00-0026952,S,Jamarca Sanford,Jamarca,Sanford,Hamstring,,Questionable,Hamstring,,Limited Participation in Practice,2010-12-03T11:12:08Z
2010,REG,MIN,13,00-0025940,S,Husain Abdullah,Husain,Abdullah,Ankle,,Probable,Ankle,,Full Participation in Practice,2010-12-03T11:10:45Z
2010,REG,MIN,13,00-0022807,WR,Bernard Berrian,Bernard,Berrian,Groin,,Probable,Groin,,Full Participation in Practice,2010-12-03T11:10:45Z
2010,REG,MIN,13,00-0005106,QB,Brett Favre,Brett,Favre,right Shoulder,Ankle,Probable,right Shoulder,Ankle,Full Participation in Practice,2010-12-03T11:10:45Z
2010,REG,MIN,13,00-0025552,S,Eric Frampton,Eric,Frampton,Hamstring,,Probable,Hamstring,,Full Participation in Practice,2010-12-03T11:10:45Z
2010,REG,MIN,13,00-0025431,WR,Sidney Rice,Sidney,Rice,Hip,,Probable,Hip,,Full Participation in Practice,2010-12-03T11:10:45Z
2010,REG,NE,13,00-0020457,G,Steve Neal,Steve,Neal,,,,Shoulder,PLACED ON INJURED RESERVE,Out (Definitely Will Not Play),2010-12-02T12:55:45Z
2010,REG,NE,13,00-0027138,DE,Myron Pryor,Myron,Pryor,Back,,Questionable,Back,,Did Not Participate In Practice,2010-12-04T13:59:09Z
2010,REG,NE,13,00-0026269,CB,Jonathan Wilhite,Jonathan,Wilhite,Hip,,Questionable,Hip,,Did Not Participate In Practice,2010-12-04T13:59:19Z
2010,REG,NE,13,00-0023255,DE,Mike Wright,Mike,Wright,Concussion,,Questionable,Concussion,,Did Not Participate In Practice,2010-12-04T13:59:27Z
2010,REG,NE,13,00-0019596,QB,Tom Brady,Tom,Brady,right Shoulder,Foot,Probable,right Shoulder,Foot,Limited Participation in Practice,2010-12-04T13:58:55Z
2010,REG,NO,13,00-0021184,RB,Ladell Betts,Ladell,Betts,Neck,,Out,Neck,,Did Not Participate In Practice,2010-12-03T11:01:44Z
2010,REG,NO,13,00-0024813,RB,Pierre Thomas,Pierre,Thomas,Ankle,,Questionable,Ankle,,Limited Participation in Practice,2010-12-03T11:01:50Z
2010,REG,NO,13,00-0025483,LB,Anthony Waters,Anthony,Waters,Ankle,,Questionable,Ankle,,Limited Participation in Practice,2010-12-03T11:01:56Z
2010,REG,NYG,13,00-0022779,G,Shawn Andrews,Shawn,Andrews,Back,,Out,Back,,Did Not Participate In Practice,2010-12-03T10:25:02Z
2010,REG,NYG,13,00-0024330,CB,Will Blackmon,Will,Blackmon,Chest,,Out,Chest,,Did Not Participate In Practice,2010-12-03T10:25:12Z
2010,REG,NYG,13,00-0027005,WR,Hakeem Nicks,Hakeem,Nicks,Lower Leg,,Out,Lower Leg,,Did Not Participate In Practice,2010-12-03T10:25:32Z
2010,REG,NYG,13,00-0019276,C,Shaun O'Hara,Shaun,O'Hara,Foot,,Out,Foot,,Did Not Participate In Practice,2010-12-03T10:25:41Z
2010,REG,NYG,13,00-0021922,T,David Diehl,David,Diehl,Hip,Hamstring,Doubtful,Hip,Hamstring,Limited Participation in Practice,2010-12-03T10:25:20Z
2010,REG,NYG,13,00-0025438,WR,Steve Smith,Steve,Smith,Pectoral,,Doubtful,Pectoral,,Limited Participation in Practice,2010-12-03T10:25:55Z
2010,REG,NYG,13,00-0027313,S,Brian Jackson,Brian,Jackson,Hand,,Probable,Hand,,Full Participation in Practice,2010-12-03T10:24:50Z
2010,REG,NYG,13,00-0025407,CB,Aaron Ross,Aaron,Ross,Back,,Probable,Back,,Full Participation in Practice,2010-12-03T10:24:50Z
2010,REG,NYG,13,00-0021977,DE,Osi Umenyiora,Osi,Umenyiora,Knee,,Probable,Knee,,Full Participation in Practice,2010-12-03T10:24:50Z
2010,REG,NYJ,13,00-0023287,S,Jim Leonhard,Jim,Leonhard,Calf,Shin,Out,Calf,Shin,Out (Definitely Will Not Play),2010-12-04T10:35:53Z
2010,REG,NYJ,13,00-0026253,CB,Dwight Lowery,Dwight,Lowery,Concussion,,Questionable,Concussion,,Limited Participation in Practice,2010-12-04T10:35:44Z
2010,REG,NYJ,13,00-0018234,T,Damien Woody,Damien,Woody,Knee,,Questionable,Knee,,Limited Participation in Practice,2010-12-04T10:36:18Z
2010,REG,NYJ,13,00-0024588,CB,Marquice Cole,Marquice,Cole,Hamstring,,Probable,Hamstring,,Full Participation in Practice,2010-12-04T10:35:33Z
2010,REG,NYJ,13,00-0024403,CB,Drew Coleman,Drew,Coleman,Groin,,Probable,Groin,,Full Participation in Practice,2010-12-04T10:35:33Z
2010,REG,NYJ,13,00-0022811,WR,Jerricho Cotchery,Jerricho,Cotchery,Groin,,Probable,Groin,,Full Participation in Practice,2010-12-04T10:35:33Z
2010,REG,NYJ,13,00-0019545,DE,Shaun Ellis,Shaun,Ellis,Knee,,Probable,Knee,,Full Participation in Practice,2010-12-04T10:35:33Z
2010,REG,NYJ,13,00-0025434,LB,David Harris,David,Harris,Calf,,Probable,Calf,,Full Participation in Practice,2010-12-04T10:35:33Z
2010,REG,NYJ,13,00-0022000,T,Wayne Hunter,Wayne,Hunter,Back,,Probable,Back,,Full Participation in Practice,2010-12-04T10:35:33Z
2010,REG,NYJ,13,00-0024244,C,Nick Mangold,Nick,Mangold,Shoulder,,Probable,Shoulder,,Full Participation in Practice,2010-12-04T10:35:33Z
2010,REG,NYJ,13,00-0022120,LB,Calvin Pace,Calvin,Pace,Foot,,Probable,Foot,,Full Participation in Practice,2010-12-04T10:35:33Z
2010,REG,NYJ,13,00-0023523,DT,Sione Pouha,Sione,Pouha,Ankle,,Probable,Ankle,,Full Participation in Practice,2010-12-04T10:35:33Z
2010,REG,NYJ,13,00-0026898,QB,Mark Sanchez,Mark,Sanchez,Calf,,Probable,Calf,,Full Participation in Practice,2010-12-04T10:35:33Z
2010,REG,NYJ,13,00-0026500,G,Matt Slauson,Matt,Slauson,Knee,,Probable,Knee,,Full Participation in Practice,2010-12-04T10:35:33Z
2010,REG,NYJ,13,00-0024318,WR,Brad Smith,Brad,Smith,Back,,Probable,Back,,Full Participation in Practice,2010-12-04T10:35:33Z
2010,REG,OAK,13,00-0024408,QB,Bruce Gradkowski,Bruce,Gradkowski,,,,right Shoulder,,Did Not Participate In Practice,2010-12-01T15:58:34Z
2010,REG,OAK,13,00-0021949,CB,Chris Johnson,Chris,Johnson,Groin,,Doubtful,Groin,,Did Not Participate In Practice,2010-12-03T12:52:32Z
2010,REG,OAK,13,00-0027904,LB,Rolando McClain,Rolando,McClain,Foot,,Questionable,Foot,,Did Not Participate In Practice,2010-12-03T12:52:49Z
2010,REG,OAK,13,00-0022077,CB,Nnamdi Asomugha,Nnamdi,Asomugha,Ankle,,Questionable,Ankle,,Limited Participation in Practice,2010-12-03T12:52:03Z
2010,REG,OAK,13,00-0026240,S,Tyvon Branch,Tyvon,Branch,Shoulder,,Questionable,Shoulder,,Limited Participation in Practice,2010-12-03T12:52:19Z
2010,REG,OAK,13,00-0025425,TE,Zach Miller,Zach,Miller,Foot,Fibula,Questionable,Foot,Fibula,Limited Participation in Practice,2010-12-03T12:53:04Z
2010,REG,OAK,13,00-0026366,WR,Chaz Schilens,Chaz,Schilens,Knee,,Questionable,Knee,,Limited Participation in Practice,2010-12-03T12:53:18Z
2010,REG,OAK,13,00-0020442,DT,Richard Seymour,Richard,Seymour,Knee,,Questionable,Knee,,Limited Participation in Practice,2010-12-03T12:53:35Z
2010,REG,PHI,13,00-0000108,K,David Akers,David,Akers,,,,right Hamstring,,Full Participation in Practice,2010-11-30T12:10:47Z
2010,REG,PHI,13,00-0019986,DE,Juqua Parker,Juqua,Parker,Hip,,Out,Hip,,Did Not Participate In Practice,2010-12-01T08:05:59Z
2010,REG,PHI,13,00-0027758,WR,Riley Cooper,Riley,Cooper,Knee,,Questionable,Knee,,Did Not Participate In Practice,2010-12-01T08:06:21Z
2010,REG,PHI,13,00-0021956,CB,Asante Samuel,Asante,Samuel,Knee,,Questionable,Knee,,Limited Participation in Practice,2010-12-01T08:06:10Z
2010,REG,PHI,13,00-0027798,CB,Jorrick Calvin,Jorrick,Calvin,Back,,Probable,Back,,Full Participation in Practice,2010-12-01T08:05:48Z
2010,REG,PHI,13,00-0024156,G,Nick Cole,Nick,Cole,Knee,,Probable,Knee,,Full Participation in Practice,2010-12-01T08:05:48Z
2010,REG,PHI,13,00-0027706,CB,Trevard Lindley,Trevard,Lindley,Knee,,Probable,Knee,,Full Participation in Practice,2010-12-01T08:05:48Z
2010,REG,PHI,13,00-0027029,RB,LeSean McCoy,LeSean,McCoy,Shoulder,,Probable,Shoulder,,Full Participation in Practice,2010-12-01T08:05:48Z
2010,REG,PIT,13,00-0026903,CB,Keenan Lewis,Keenan,Lewis,,,,Illness,,Did Not Participate In Practice,2010-12-02T12:24:37Z
2010,REG,PIT,13,00-0015080,DE,Aaron Smith,Aaron,Smith,Triceps,,Out,Triceps,,Did Not Participate In Practice,2010-12-03T10:37:03Z
2010,REG,PIT,13,00-0025464,TE,Matt Spaeth,Matt,Spaeth,Concussion,,Out,Concussion,,Did Not Participate In Practice,2010-12-03T10:37:08Z
2010,REG,PIT,13,00-0022924,QB,Ben Roethlisberger,Ben,Roethlisberger,Foot,,Questionable,Foot,,Limited Participation in Practice,2010-12-03T10:36:57Z
2010,REG,PIT,13,00-0000045,T,Flozell Adams,Flozell,Adams,Back,,Probable,Back,,Full Participation in Practice,2010-12-03T10:36:33Z
2010,REG,PIT,13,00-0022010,DE,Nick Eason,Nick,Eason,Knee,,Probable,Knee,,Full Participation in Practice,2010-12-03T10:36:33Z
2010,REG,PIT,13,00-0021344,DE,Brett Keisel,Brett,Keisel,Calf,,Probable,Calf,,Full Participation in Practice,2010-12-03T10:36:33Z
2010,REG,PIT,13,00-0023497,CB,Bryant McFadden,Bryant,McFadden,Hamstring,,Probable,Hamstring,,Full Participation in Practice,2010-12-03T10:36:33Z
2010,REG,PIT,13,00-0022119,S,Troy Polamalu,Troy,Polamalu,Ankle,,Probable,Ankle,,Full Participation in Practice,2010-12-03T10:36:33Z
2010,REG,SD,13,00-0022766,WR,Patrick Crayton,Patrick,Crayton,Wrist,,Out,Wrist,,Did Not Participate In Practice,2010-12-03T13:16:45Z
2010,REG,SD,13,00-0023496,WR,Vincent Jackson,Vincent,Jackson,Calf,,Doubtful,Calf,,Did Not Participate In Practice,2010-12-03T13:17:01Z
2010,REG,SD,13,00-0027052,G,Louis Vasquez,Louis,Vasquez,Neck,,Doubtful,Neck,,Did Not Participate In Practice,2010-12-03T13:17:11Z
2010,REG,SD,13,00-0021544,LB,Stephen Cooper,Stephen,Cooper,Knee,,Questionable,Knee,,Did Not Participate In Practice,2010-12-03T13:17:29Z
2010,REG,SD,13,00-0022414,WR,Malcom Floyd,Malcom,Floyd,Hamstring,,Questionable,Hamstring,,Full Participation in Practice,2010-12-03T13:17:39Z
2010,REG,SD,13,00-0021547,TE,Antonio Gates,Antonio,Gates,Toe,Foot,Questionable,Toe,Foot,Limited Participation in Practice,2010-12-03T13:17:47Z
2010,REG,SD,13,00-0023998,S,Steve Gregory,Steve,Gregory,Shoulder,,Questionable,Shoulder,,Limited Participation in Practice,2010-12-03T13:18:06Z
2010,REG,SD,13,00-0026069,RB,Mike Tolbert,Mike,Tolbert,Hand,,Questionable,Hand,,Limited Participation in Practice,2010-12-03T13:18:22Z
2010,REG,SD,13,00-0023450,DE,Travis Johnson,Travis,Johnson,Shoulder,,Probable,Shoulder,,Full Participation in Practice,2010-12-03T13:16:30Z
2010,REG,SD,13,00-0027864,RB,Ryan Mathews,Ryan,Mathews,Ankle,,Probable,Ankle,,Full Participation in Practice,2010-12-03T13:16:30Z
2010,REG,SD,13,00-0022158,CB,Donald Strickland,Donald,Strickland,Hip,,Probable,Hip,,Full Participation in Practice,2010-12-03T13:16:30Z
2010,REG,SD,13,00-0022714,TE,Kris Wilson,Kris,Wilson,Back,,Probable,Back,,Full Participation in Practice,2010-12-03T13:16:30Z
2010,REG,SEA,13,00-0021684,DT,Colin Cole,Colin,Cole,Ankle,,Doubtful,Ankle,,Did Not Participate In Practice,2010-12-03T13:17:11Z
2010,REG,SEA,13,00-0021178,T,Chester Pitts,Chester,Pitts,Ankle,,Doubtful,Ankle,,Did Not Participate In Practice,2010-12-03T13:17:21Z
2010,REG,SEA,13,00-0026178,TE,John Carlson,John,Carlson,Hip,,Questionable,Hip,,Did Not Participate In Practice,2010-12-03T13:16:55Z
2010,REG,SEA,13,00-0023452,WR,Mike Williams,Mike,Williams,Foot,,Questionable,Foot,,Full Participation in Practice,2010-12-03T13:17:45Z
2010,REG,SEA,13,00-0021577,DE,Chris Clemons,Chris,Clemons,Ankle,,Probable,Ankle,,Full Participation in Practice,2010-12-03T13:16:46Z
2010,REG,SEA,13,00-0007091,QB,Matt Hasselbeck,Matt,Hasselbeck,left Wrist,,Probable,left Wrist,,Full Participation in Practice,2010-12-03T13:16:46Z
2010,REG,SEA,13,00-0023480,LB,Lofa Tatupu,Lofa,Tatupu,Knee,,Probable,Knee,,Full Participation in Practice,2010-12-03T13:16:46Z
2010,REG,SEA,13,00-0022046,CB,Marcus Trufant,Marcus,Trufant,Lower leg,,Probable,Lower leg,,Full Participation in Practice,2010-12-03T13:16:46Z
2010,REG,SF,13,00-0011970,K,Joe Nedney,Joe,Nedney,right Knee,,Out,right Knee,,Did Not Participate In Practice,2010-12-03T13:04:55Z
2010,REG,SF,13,00-0025415,T,Joe Staley,Joe,Staley,Fibula,,Out,Fibula,,Out (Definitely Will Not Play),2010-12-03T13:05:04Z
2010,REG,SF,13,00-0020384,CB,William James,William,James,Concussion,,Doubtful,Concussion,,Did Not Participate In Practice,2010-12-03T13:04:40Z
2010,REG,SF,13,00-0024354,LB,Parys Haralson,Parys,Haralson,Ankle,,Questionable,Ankle,,Did Not Participate In Practice,2010-12-03T13:04:23Z
2010,REG,SF,13,00-0023468,C,David Baas,David,Baas,Concussion,,Questionable,Concussion,,Limited Participation in Practice,2010-12-03T13:04:13Z
2010,REG,SF,13,00-0022843,CB,Shawntae Spencer,Shawntae,Spencer,Quadricep,,Questionable,Quadricep,,Limited Participation in Practice,2010-12-03T13:05:27Z
2010,REG,SF,13,00-0026314,WR,Josh Morgan,Josh,Morgan,Shoulder,,Probable,Shoulder,,Full Participation in Practice,2010-12-03T13:03:56Z
2010,REG,SF,13,00-0021216,RB,Brian Westbrook,Brian,Westbrook,Ankle,,Probable,Ankle,,Full Participation in Practice,2010-12-03T13:03:56Z
2010,REG,STL,13,00-0027732,TE,Michael Hoomanawanui,Michael,Hoomanawanui,Ankle,,Out,Ankle,,Out (Definitely Will Not Play),2010-12-03T11:21:01Z
2010,REG,STL,13,00-0027670,CB,Jerome Murphy,Jerome,Murphy,Hamstring,,Doubtful,Hamstring,,Did Not Participate In Practice,2010-12-03T11:21:48Z
2010,REG,STL,13,00-0022796,RB,Mike Karney,Mike,Karney,Groin,,Questionable,Groin,,Limited Participation in Practice,2010-12-03T11:21:24Z
2010,REG,STL,13,00-0022684,P,Donnie Jones,Donnie,Jones,lf. calf,,Probable,lf. calf,,Full Participation in Practice,2010-12-03T11:22:34Z
2010,REG,STL,13,00-0026241,CB,Justin King,Justin,King,Shoulder,,Probable,Shoulder,,Full Participation in Practice,2010-12-03T11:22:48Z
2010,REG,STL,13,00-0027073,DT,Darell Scott,Darell,Scott,Foot,,Probable,Foot,,Full Participation in Practice,2010-12-03T11:22:13Z
2010,REG,TB,13,00-0025455,LB,Quincy Black,Quincy,Black,Ankle,,Questionable,Ankle,,Did Not Participate In Practice,2010-12-03T12:25:30Z
2010,REG,TB,13,00-0027812,LB,Dekoda Watson,Dekoda,Watson,Hamstring,,Questionable,Hamstring,,Limited Participation in Practice,2010-12-03T12:25:43Z
2010,REG,TB,13,00-0023471,LB,Barrett Ruud,Barrett,Ruud,Back,,Probable,Back,,Full Participation in Practice,2010-12-03T12:25:01Z
2010,REG,TB,13,00-0023440,RB,Carnell Williams,Carnell,Williams,Ribs,,Probable,Ribs,,Full Participation in Practice,2010-12-03T12:25:01Z
2010,REG,TB,13,00-0022922,TE,Kellen Winslow,Kellen,Winslow,Knee,,Probable,Knee,,Full Participation in Practice,2010-12-03T12:25:01Z
2010,REG,TEN,13,00-0027038,DT,Sen'Derrick Marks,Sen'Derrick,Marks,Ankle,,Doubtful,Ankle,,Did Not Participate In Practice,2010-12-03T12:07:28Z
2010,REG,TEN,13,00-0021490,DT,Tony Brown,Tony,Brown,Knee,,Questionable,Knee,,Did Not Participate In Practice,2010-12-03T12:07:10Z
2010,REG,TEN,13,00-0027066,CB,Ryan Mouton,Ryan,Mouton,Hamstring,,Questionable,Hamstring,,Did Not Participate In Practice,2010-12-03T12:07:41Z
2010,REG,TEN,13,00-0022814,DE,Dave Ball,Dave,Ball,Concussion,,Questionable,Concussion,,Full Participation in Practice,2010-12-03T12:06:56Z
2010,REG,TEN,13,00-0027006,WR,Kenny Britt,Kenny,Britt,Hamstring,,Questionable,Hamstring,,Full Participation in Practice,2010-12-03T12:07:03Z
2010,REG,TEN,13,00-0026194,DT,Jason Jones,Jason,Jones,Knee,,Questionable,Knee,,Full Participation in Practice,2010-12-03T12:07:22Z
2010,REG,TEN,13,00-0025406,S,Michael Griffin,Michael,Griffin,Illness,,Probable,Illness,,Did Not Participate In Practice,2010-12-03T12:08:13Z
2010,REG,TEN,13,00-0022695,DE,Jason Babin,Jason,Babin,Ankle,,Probable,Ankle,,Full Participation in Practice,2010-12-03T12:04:51Z
2010,REG,TEN,13,00-0020962,K,Rob Bironas,Rob,Bironas,right Groin,,Probable,right Groin,,Full Participation in Practice,2010-12-03T12:04:51Z
2010,REG,TEN,13,00-0003292,QB,Kerry Collins,Kerry,Collins,Calf,,Probable,Calf,,Full Participation in Practice,2010-12-03T12:04:51Z
2010,REG,TEN,13,00-0021230,LB,David Thornton,David,Thornton,Hip,,Probable,Hip,,Full Participation in Practice,2010-12-03T12:04:51Z
2010,REG,TEN,13,00-0027705,CB,Alterraun Verner,Alterraun,Verner,Knee,,Probable,Knee,,Full Participation in Practice,2010-12-03T12:04:51Z
2010,REG,WAS,13,00-0024250,LB,Rocky McIntosh,Rocky,McIntosh,,,,Not Injury Related,,Did Not Participate In Practice,2010-12-01T12:37:00Z
2010,REG,WAS,13,00-0025393,S,LaRon Landry,LaRon,Landry,Achilles,,Out,Achilles,,Did Not Participate In Practice,2010-12-03T14:31:28Z
2010,REG,WAS,13,00-0023444,CB,Carlos Rogers,Carlos,Rogers,Hamstring,,Out,Hamstring,,Did Not Participate In Practice,2010-12-03T14:31:37Z
2010,REG,WAS,13,00-0023259,LB,Lorenzo Alexander,Lorenzo,Alexander,Hamstring,,Questionable,Hamstring,,Full Participation in Practice,2010-12-03T14:31:57Z
2010,REG,WAS,13,00-0027618,WR,Brandon Banks,Brandon,Banks,Knee,,Questionable,Knee,,Full Participation in Practice,2010-12-03T14:32:00Z
2010,REG,WAS,13,00-0022132,G,Derrick Dockery,Derrick,Dockery,Knee,,Questionable,Knee,,Full Participation in Practice,2010-12-03T14:32:04Z
2010,REG,WAS,13,00-0027159,DE,Jeremy Jarmon,Jeremy,Jarmon,Hamstring,,Questionable,Hamstring,,Full Participation in Practice,2010-12-03T14:32:22Z
2010,REG,WAS,13,00-0026320,S,Kareem Moore,Kareem,Moore,Knee,,Questionable,Knee,,Full Participation in Practice,2010-12-03T14:32:30Z
2010,REG,WAS,13,00-0020494,WR,Santana Moss,Santana,Moss,Knee,,Questionable,Knee,,Full Participation in Practice,2010-12-03T14:32:47Z
2010,REG,WAS,13,00-0026989,LB,Brian Orakpo,Brian,Orakpo,Ankle,,Questionable,Ankle,,Full Participation in Practice,2010-12-03T14:32:57Z
2010,REG,WAS,13,00-0020450,C,Casey Rabach,Casey,Rabach,Knee,,Questionable,Knee,,Full Participation in Practice,2010-12-03T14:33:04Z
2010,REG,WAS,13,00-0023570,WR,Roydell Williams,Roydell,Williams,Foot,,Questionable,Foot,,Full Participation in Practice,2010-12-03T14:33:16Z
2010,REG,WAS,13,00-0024410,DE,Kedric Golston,Kedric,Golston,Elbow,Groin,Questionable,Elbow,Groin,Limited Participation in Practice,2010-12-03T14:32:10Z
2010,REG,WAS,13,00-0021149,DT,Albert Haynesworth,Albert,Haynesworth,Illness,,Questionable,Illness,,Limited Participation in Practice,2010-12-03T14:55:18Z
2010,REG,WAS,13,00-0020801,G,Artis Hicks,Artis,Hicks,Thigh,,Questionable,Thigh,,Limited Participation in Practice,2010-12-03T14:32:14Z
2010,REG,WAS,13,00-0026279,RB,Ryan Torain,Ryan,Torain,Hamstring,,Questionable,Hamstring,,Limited Participation in Practice,2010-12-03T14:33:13Z
2010,REG,WAS,13,00-0027857,T,Trent Williams,Trent,Williams,Shoulder,,Questionable,Shoulder,,Limited Participation in Practice,2010-12-03T14:33:23Z
2010,REG,WAS,13,00-0011022,QB,Donovan McNabb,Donovan,McNabb,Hamstring,,Probable,Hamstring,,Full Participation in Practice,2010-12-03T14:33:52Z
2010,REG,ARI,14,00-0023645,QB,Derek Anderson,Derek,Anderson,Head,,Doubtful,Head,,Did Not Participate In Practice,2010-12-10T11:46:45Z
2010,REG,ARI,14,00-0019538,LB,Clark Haggans,Clark,Haggans,Groin,,Questionable,Groin,,Limited Participation in Practice,2010-12-10T11:46:52Z
2010,REG,ARI,14,00-0013126,LB,Joey Porter,Joey,Porter,Knee,,Questionable,Knee,,Limited Participation in Practice,2010-12-10T11:46:59Z
2010,REG,ARI,14,00-0022921,WR,Larry Fitzgerald,Larry,Fitzgerald,Not Injury Related,,Probable,Not Injury Related,,Did Not Participate In Practice,2010-12-10T11:46:36Z
2010,REG,ARI,14,00-0025668,CB,Michael Adams,Michael,Adams,Shoulder,,Probable,Shoulder,,Full Participation in Practice,2010-12-10T11:46:15Z
2010,REG,ARI,14,00-0025529,WR,Steve Breaston,Steve,Breaston,Knee,,Probable,Knee,,Full Participation in Practice,2010-12-10T11:46:15Z
2010,REG,ARI,14,00-0022930,DT,Darnell Dockett,Darnell,Dockett,Shoulder,,Probable,Shoulder,,Full Participation in Practice,2010-12-10T11:46:15Z
2010,REG,ARI,14,00-0026910,CB,Gregory Toler,Gregory,Toler,Foot,,Probable,Foot,,Full Participation in Practice,2010-12-10T11:46:15Z
2010,REG,ARI,14,00-0026190,DE,Calais Campbell,Calais,Campbell,Ankle,,Probable,Ankle,,Limited Participation in Practice,2010-12-10T11:46:15Z
2010,REG,ARI,14,00-0019770,K,Jay Feely,Jay,Feely,right Groin,,Probable,right Groin,,Limited Participation in Practice,2010-12-10T11:46:15Z
2010,REG,ATL,14,00-0021222,LB,Coy Wire,Coy,Wire,Head,,Doubtful,Head,,Did Not Participate In Practice,2010-12-10T11:30:26Z
2010,REG,ATL,14,00-0025631,RB,Jason Snelling,Jason,Snelling,Hamstring,,Questionable,Hamstring,,Did Not Participate In Practice,2010-12-10T11:30:12Z
2010,REG,ATL,14,00-0026177,LB,Curtis Lofton,Curtis,Lofton,Knee,,Questionable,Knee,,Full Participation in Practice,2010-12-10T11:30:02Z
2010,REG,ATL,14,00-0019546,DE,John Abraham,John,Abraham,Groin,,Probable,Groin,,Full Participation in Practice,2010-12-10T11:29:32Z
2010,REG,ATL,14,00-0023494,DT,Jonathan Babineaux,Jonathan,Babineaux,Shoulder,,Probable,Shoulder,,Full Participation in Practice,2010-12-10T11:29:32Z
2010,REG,ATL,14,00-0026294,DE,Kroy Biermann,Kroy,Biermann,Ankle,,Probable,Ankle,,Full Participation in Practice,2010-12-10T11:29:32Z
2010,REG,ATL,14,00-0023180,G,Harvey Dahl,Harvey,Dahl,Knee,,Probable,Knee,,Full Participation in Practice,2010-12-10T11:29:32Z
2010,REG,ATL,14,00-0006101,TE,Tony Gonzalez,Tony,Gonzalez,Ankle,,Probable,Ankle,,Full Participation in Practice,2010-12-10T11:29:32Z
2010,REG,ATL,14,00-0026855,RB,Antone Smith,Antone,Smith,Hamstring,,Probable,Hamstring,,Full Participation in Practice,2010-12-10T11:29:32Z
2010,REG,ATL,14,00-0023462,WR,Roddy White,Roddy,White,Knee,,Probable,Knee,,Full Participation in Practice,2010-12-10T11:29:32Z
2010,REG,BAL,14,00-0020516,TE,Todd Heap,Todd,Heap,Thigh,,Out,Thigh,,Did Not Participate In Practice,2010-12-11T10:51:18Z
2010,REG,BAL,14,00-0023458,CB,Fabian Washington,Fabian,Washington,Thigh,,Questionable,Thigh,,Did Not Participate In Practice,2010-12-11T10:51:42Z
2010,REG,BAL,14,00-0025524,RB,Le'Ron McClain,Le'Ron,McClain,Ankle,,Probable,Ankle,,Full Participation in Practice,2010-12-11T10:51:12Z
2010,REG,BAL,14,00-0027060,CB,Lardarius Webb,Lardarius,Webb,Thigh,,Probable,Thigh,,Full Participation in Practice,2010-12-11T10:51:12Z
2010,REG,BAL,14,00-0026226,S,Tom Zbikowski,Tom,Zbikowski,Foot,,Probable,Foot,,Full Participation in Practice,2010-12-11T10:51:33Z
2010,REG,BUF,14,00-0027209,LB,Antonio Coleman,Antonio,Coleman,Knee,,Out,Knee,,Did Not Participate In Practice,2010-12-10T09:27:55Z
2010,REG,BUF,14,00-0023602,C,Geoff Hangartner,Geoff,Hangartner,Knee,,Out,Knee,,Did Not Participate In Practice,2010-12-10T09:28:06Z
2010,REG,BUF,14,00-0027088,TE,Shawn Nelson,Shawn,Nelson,Illness,,Out,Illness,,Did Not Participate In Practice,2010-12-10T09:27:49Z
2010,REG,BUF,14,00-0027053,G,Kraig Urbik,Kraig,Urbik,Knee,,Out,Knee,,Did Not Participate In Practice,2010-12-10T09:27:42Z
2010,REG,BUF,14,00-0027500,TE,Mike Caussin,Mike,Caussin,Illness,,Questionable,Illness,,Did Not Participate In Practice,2010-12-10T09:29:46Z
2010,REG,BUF,14,00-0024348,DT,Kyle Williams,Kyle,Williams,Neck,,Questionable,Neck,,Did Not Participate In Practice,2010-12-10T09:28:57Z
2010,REG,BUF,14,00-0022008,CB,Terrence McGee,Terrence,McGee,Knee,,Questionable,Knee,,Limited Participation in Practice,2010-12-10T09:29:05Z
2010,REG,BUF,14,00-0024223,S,Donte Whitner,Donte,Whitner,Knee,,Questionable,Knee,,Limited Participation in Practice,2010-12-10T09:29:11Z
2010,REG,BUF,14,00-0026359,T,Demetress Bell,Demetress,Bell,Knee,,Probable,Knee,,Full Participation in Practice,2010-12-10T09:27:29Z
2010,REG,BUF,14,00-0020804,RB,Corey McIntyre,Corey,McIntyre,Not Injury Related,,Probable,Not Injury Related,,Full Participation in Practice,2010-12-10T09:27:29Z
2010,REG,CAR,14,00-0027107,LB,Nic Harris,Nic,Harris,Head,,Out,Head,,Out (Definitely Will Not Play),2010-12-10T11:39:37Z
2010,REG,CAR,14,00-0022914,CB,Chris Gamble,Chris,Gamble,Hamstring,,Doubtful,Hamstring,,Did Not Participate In Practice,2010-12-10T11:38:52Z
2010,REG,CAR,14,00-0022214,G,Travelle Wharton,Travelle,Wharton,Toe,,Doubtful,Toe,,Did Not Participate In Practice,2010-12-10T11:43:24Z
2010,REG,CAR,14,00-0024765,DT,Ed Johnson,Ed,Johnson,Knee,,Questionable,Knee,,Did Not Participate In Practice,2010-12-10T11:40:37Z
2010,REG,CAR,14,00-0025412,LB,Jon Beason,Jon,Beason,Knee,,Questionable,Knee,,Limited Participation in Practice,2010-12-10T11:37:48Z
2010,REG,CAR,14,00-0026944,CB,Captain Munnerlyn,Captain,Munnerlyn,Shoulder,,Questionable,Shoulder,,Limited Participation in Practice,2010-12-10T11:42:11Z
2010,REG,CAR,14,00-0027043,LB,Jason Williams,Jason,Williams,Knee,,Questionable,Knee,,Limited Participation in Practice,2010-12-10T11:44:32Z
2010,REG,CAR,14,00-0024406,S,Marcus Hudson,Marcus,Hudson,Ankle,,Probable,Ankle,,Full Participation in Practice,2010-12-10T11:40:16Z
2010,REG,CAR,14,00-0026790,RB,Tyrell Sutton,Tyrell,Sutton,Ankle,,Probable,Ankle,,Full Participation in Practice,2010-12-10T11:42:47Z
2010,REG,CHI,14,00-0026230,DT,Marcus Harrison,Marcus,Harrison,,,,Illness,,Did Not Participate In Practice,2010-12-09T14:00:51Z
2010,REG,CHI,14,00-0021314,RB,Chester Taylor,Chester,Taylor,,,,Knee,,Limited Participation in Practice,2010-12-09T13:35:19Z
2010,REG,CHI,14,00-0022050,LB,Pisa Tinoisamoa,Pisa,Tinoisamoa,Knee,,Out,Knee,,Out (Definitely Will Not Play),2010-12-10T12:46:23Z
2010,REG,CHI,14,00-0024750,LB,Nick Roach,Nick,Roach,Back,,Questionable,Back,,Full Participation in Practice,2010-12-10T12:46:32Z
2010,REG,CIN,14,00-0026941,RB,Bernard Scott,Bernard,Scott,,,,Illness,,Full Participation in Practice,2010-12-09T13:12:28Z
2010,REG,CIN,14,00-0027697,CB,Brandon Ghee,Brandon,Ghee,,,,Groin,,Out (Definitely Will Not Play),2010-12-09T13:10:14Z
2010,REG,CIN,14,00-0026720,CB,Rico Murray,Rico,Murray,Ankle,,Doubtful,Ankle,,Did Not Participate In Practice,2010-12-10T10:00:35Z
2010,REG,CIN,14,00-0027873,TE,Jermaine Gresham,Jermaine,Gresham,Not Injury Related,,Questionable,Not Injury Related,,Did Not Participate In Practice,2010-12-10T11:27:55Z
2010,REG,CIN,14,00-0024239,CB,Johnathan Joseph,Johnathan,Joseph,Ankle,,Questionable,Ankle,,Limited Participation in Practice,2010-12-10T10:00:52Z
2010,REG,CIN,14,00-0024670,C,Kyle Cook,Kyle,Cook,Shoulder,,Probable,Shoulder,,Full Participation in Practice,2010-12-10T10:00:20Z
2010,REG,CIN,14,00-0027662,DE,Carlos Dunlap,Carlos,Dunlap,Hip,,Probable,Hip,,Full Participation in Practice,2010-12-10T10:00:20Z
2010,REG,CIN,14,00-0023958,G,Nate Livings,Nate,Livings,Ankle,,Probable,Ankle,,Full Participation in Practice,2010-12-10T10:00:20Z
2010,REG,CIN,14,00-0027014,LB,Rey Maualuga,Rey,Maualuga,Shoulder,,Probable,Shoulder,,Full Participation in Practice,2010-12-10T10:00:20Z
2010,REG,CIN,14,00-0012478,WR,Terrell Owens,Terrell,Owens,Knee,,Probable,Knee,,Full Participation in Practice,2010-12-10T10:00:20Z
2010,REG,CIN,14,00-0026217,DT,Pat Sims,Pat,Sims,Knee,,Probable,Knee,,Limited Participation in Practice,2010-12-10T10:00:20Z
2010,REG,CLE,14,00-0026001,LB,Titus Brown,Titus,Brown,Head,,Doubtful,Head,,Did Not Participate In Practice,2010-12-10T12:38:52Z
2010,REG,CLE,14,00-0021259,LB,Scott Fujita,Scott,Fujita,Knee,,Doubtful,Knee,,Did Not Participate In Practice,2010-12-10T12:39:11Z
2010,REG,CLE,14,00-0026123,TE,Evan Moore,Evan,Moore,Hip,,Doubtful,Hip,,Did Not Participate In Practice,2010-12-10T12:39:28Z
2010,REG,CLE,14,00-0000846,LB,Eric Barton,Eric,Barton,Shoulder,,Questionable,Shoulder,,Limited Participation in Practice,2010-12-10T12:40:37Z
2010,REG,CLE,14,00-0021262,DE,Kenyon Coleman,Kenyon,Coleman,Knee,,Questionable,Knee,,Limited Participation in Practice,2010-12-10T12:40:59Z
2010,REG,CLE,14,00-0023176,WR,Joshua Cribbs,Joshua,Cribbs,Foot,,Questionable,Foot,,Limited Participation in Practice,2010-12-10T12:41:22Z
2010,REG,CLE,14,00-0027688,QB,Colt McCoy,Colt,McCoy,Ankle,,Questionable,Ankle,,Limited Participation in Practice,2010-12-10T12:42:05Z
2010,REG,CLE,14,00-0020528,DT,Shaun Rogers,Shaun,Rogers,Ankle,Hip,Questionable,Ankle,Hip,Limited Participation in Practice,2010-12-10T12:42:52Z
2010,REG,CLE,14,00-0020348,G,Floyd Womack,Floyd,Womack,Knee,Shoulder,Questionable,Knee,Shoulder,Limited Participation in Practice,2010-12-10T12:43:14Z
2010,REG,CLE,14,00-0026742,LB,Marcus Benard,Marcus,Benard,Not Injury Related,,Probable,Not Injury Related,,Full Participation in Practice,2010-12-10T12:39:55Z
2010,REG,CLE,14,00-0025440,CB,Eric Wright,Eric,Wright,Knee,,Probable,Knee,,Full Participation in Practice,2010-12-10T12:40:12Z
2010,REG,DAL,14,00-0023544,RB,Marion Barber,Marion,Barber,Calf,,Out,Calf,,Did Not Participate In Practice,2010-12-10T11:23:58Z
2010,REG,DAL,14,00-0021678,QB,Tony Romo,Tony,Romo,left Shoulder,,Out,left Shoulder,,Did Not Participate In Practice,2010-12-10T11:24:06Z
2010,REG,DAL,14,00-0023590,S,Gerald Sensabaugh,Gerald,Sensabaugh,Thigh,,Questionable,Thigh,,Limited Participation in Practice,2010-12-10T11:24:13Z
2010,REG,DAL,14,00-0001820,LB,Keith Brooking,Keith,Brooking,Foot,,Probable,Foot,,Full Participation in Practice,2010-12-10T11:23:51Z
2010,REG,DAL,14,00-0022137,LB,Bradie James,Bradie,James,Knee,,Probable,Knee,,Full Participation in Practice,2010-12-10T11:23:51Z
2010,REG,DAL,14,00-0027663,LB,Sean Lee,Sean,Lee,Shoulder,,Probable,Shoulder,,Full Participation in Practice,2010-12-10T11:23:51Z
2010,REG,DAL,14,00-0026283,CB,Orlando Scandrick,Orlando,Scandrick,Concussion,,Probable,Concussion,,Full Participation in Practice,2010-12-10T11:23:51Z
2010,REG,DEN,14,00-0020389,G,Russ Hochstein,Russ,Hochstein,,,,Not Injury Related,,Did Not Participate In Practice,2010-12-08T14:16:22Z
2010,REG,DEN,14,00-0017813,DT,Jamal Williams,Jamal,Williams,,,,Not Injury Related,,Did Not Participate In Practice,2010-12-08T14:01:05Z
2010,REG,DEN,14,00-0004073,S,Brian Dawkins,Brian,Dawkins,Knee,,Out,Knee,,Did Not Participate In Practice,2010-12-10T12:54:25Z
2010,REG,DEN,14,00-0026323,RB,Spencer Larsen,Spencer,Larsen,Hamstring,,Out,Hamstring,,Did Not Participate In Practice,2010-12-10T12:54:33Z
2010,REG,DEN,14,00-0027874,WR,Demaryius Thomas,Demaryius,Thomas,Ankle,,Out,Ankle,,Did Not Participate In Practice,2010-12-10T12:55:53Z
2010,REG,DEN,14,00-0027737,CB,Perrish Cox,Perrish,Cox,Not Injury Related,,Questionable,Not Injury Related,,Did Not Participate In Practice,2010-12-10T12:56:18Z
2010,REG,DEN,14,00-0021194,CB,Andre' Goodman,Andre',Goodman,Quadricep,,Questionable,Quadricep,,Limited Participation in Practice,2010-12-10T12:54:49Z
2010,REG,DEN,14,00-0027024,S,Darcel McBath,Darcel,McBath,Quadricep,Ankle,Questionable,Quadricep,Ankle,Limited Participation in Practice,2010-12-10T12:55:08Z
2010,REG,DEN,14,00-0023853,K,Matt Prater,Matt,Prater,right Groin,,Questionable,right Groin,,Limited Participation in Practice,2010-12-10T12:55:34Z
2010,REG,DET,14,00-0020679,QB,Shaun Hill,Shaun,Hill,right Finger,,Out,right Finger,,Did Not Participate In Practice,2010-12-10T12:55:51Z
2010,REG,DET,14,00-0026498,QB,Matthew Stafford,Matthew,Stafford,right Shoulder,,Out,right Shoulder,,Did Not Participate In Practice,2010-12-10T12:56:39Z
2010,REG,DET,14,00-0020382,DE,Kyle Vanden Bosch,Kyle,Vanden Bosch,Neck,,Out,Neck,,Did Not Participate In Practice,2010-12-10T14:34:53Z
2010,REG,DET,14,00-0027056,WR,Derrick Williams,Derrick,Williams,Ankle,,Out,Ankle,,Out (Definitely Will Not Play),2010-12-10T12:58:51Z
2010,REG,DET,14,00-0026157,T,Gosder Cherilus,Gosder,Cherilus,Knee,,Doubtful,Knee,,Did Not Participate In Practice,2010-12-10T12:55:33Z
2010,REG,DET,14,00-0023313,LB,Isaiah Ekejiuba,Isaiah,Ekejiuba,Knee,,Questionable,Knee,,Limited Participation in Practice,2010-12-10T12:55:39Z
2010,REG,DET,14,00-0021999,WR,Nate Burleson,Nate,Burleson,Hamstring,,Probable,Hamstring,,Full Participation in Practice,2010-12-10T12:55:22Z
2010,REG,DET,14,00-0026232,DE,Cliff Avril,Cliff,Avril,Quadricep,,Probable,Quadricep,,Limited Participation in Practice,2010-12-10T12:55:22Z
2010,REG,DET,14,00-0027880,RB,Jahvid Best,Jahvid,Best,Toe,,Probable,Toe,,Limited Participation in Practice,2010-12-10T12:55:22Z
2010,REG,DET,14,00-0025389,WR,Calvin Johnson,Calvin,Johnson,Groin,,Probable,Groin,,Limited Participation in Practice,2010-12-10T12:55:22Z
2010,REG,DET,14,00-0027050,LB,DeAndre Levy,DeAndre,Levy,Groin,,Probable,Groin,,Limited Participation in Practice,2010-12-10T12:55:22Z
2010,REG,GB,14,00-0026200,CB,Patrick Lee,Patrick,Lee,Ankle,,Out,Ankle,,Did Not Participate In Practice,2010-12-10T11:21:40Z
2010,REG,GB,14,00-0025578,RB,Korey Hall,Korey,Hall,Knee,,Out,Knee,,Out (Definitely Will Not Play),2010-12-10T11:21:25Z
2010,REG,GB,14,00-0021706,DE,Cullen Jenkins,Cullen,Jenkins,Calf,,Out,Calf,,Out (Definitely Will Not Play),2010-12-10T11:21:31Z
2010,REG,GB,14,00-0023404,S,Atari Bigby,Atari,Bigby,Hamstring,,Questionable,Hamstring,,Full Participation in Practice,2010-12-10T11:21:17Z
2010,REG,GB,14,00-0024298,S,Anthony Smith,Anthony,Smith,Ankle,,Questionable,Ankle,,Limited Participation in Practice,2010-12-10T11:21:50Z
2010,REG,GB,14,00-0004541,WR,Donald Driver,Donald,Driver,Hand,,Probable,Hand,,Full Participation in Practice,2010-12-10T11:21:06Z
2010,REG,GB,14,00-0020515,DE,Ryan Pickett,Ryan,Pickett,Ankle,,Probable,Ankle,,Full Participation in Practice,2010-12-10T11:21:06Z
2010,REG,GB,14,00-0026357,WR,Brett Swain,Brett,Swain,Knee,,Probable,Knee,,Full Participation in Practice,2010-12-10T11:21:06Z
2010,REG,GB,14,00-0019702,T,Chad Clifton,Chad,Clifton,Knees,Concussion,Probable,Knees,Concussion,Limited Participation in Practice,2010-12-10T11:21:06Z
2010,REG,GB,14,00-0023486,S,Nick Collins,Nick,Collins,Shoulder,,Probable,Shoulder,,Limited Participation in Practice,2010-12-10T11:21:06Z
2010,REG,GB,14,00-0027002,LB,Clay Matthews,Clay,Matthews,Shin,,Probable,Shin,,Limited Participation in Practice,2010-12-10T11:21:06Z
2010,REG,GB,14,00-0026176,WR,Jordy Nelson,Jordy,Nelson,Ankle,,Probable,Ankle,,Limited Participation in Practice,2010-12-10T11:22:07Z
2010,REG,GB,14,00-0018227,CB,Charles Woodson,Charles,Woodson,Toe,Ankle,Probable,Toe,Ankle,Limited Participation in Practice,2010-12-10T11:21:06Z
2010,REG,HOU,14,00-0027718,TE,Garrett Graham,Garrett,Graham,Hamstring,,Out,Hamstring,,Out (Definitely Will Not Play),2010-12-11T11:10:11Z
2010,REG,HOU,14,00-0026258,LB,Xavier Adibi,Xavier,Adibi,Hamstring,,Probable,Hamstring,,Full Participation in Practice,2010-12-11T11:09:55Z
2010,REG,HOU,14,00-0023846,G,Mike Brisiel,Mike,Brisiel,Shoulder,,Probable,Shoulder,,Full Participation in Practice,2010-12-11T11:09:55Z
2010,REG,HOU,14,00-0024313,TE,Owen Daniels,Owen,Daniels,Hamstring,,Probable,Hamstring,,Full Participation in Practice,2010-12-11T11:09:55Z
2010,REG,HOU,14,00-0023630,TE,Joel Dreessen,Joel,Dreessen,Ribs,,Probable,Ribs,,Full Participation in Practice,2010-12-11T11:09:55Z
2010,REG,HOU,14,00-0027081,CB,Glover Quin,Glover,Quin,Hand,,Probable,Hand,,Full Participation in Practice,2010-12-11T11:09:55Z
2010,REG,HOU,14,00-0022787,QB,Matt Schaub,Matt,Schaub,Knee,,Probable,Knee,,Full Participation in Practice,2010-12-11T11:09:55Z
2010,REG,HOU,14,00-0024281,T,Eric Winston,Eric,Winston,Shoulder,,Probable,Shoulder,,Full Participation in Practice,2010-12-11T11:09:55Z
2010,REG,HOU,14,00-0026991,LB,Brian Cushing,Brian,Cushing,Knee,,Probable,Knee,,Limited Participation in Practice,2010-12-11T11:09:55Z
2010,REG,HOU,14,00-0022044,WR,Andre Johnson,Andre,Johnson,Ankle,,Probable,Ankle,,Limited Participation in Practice,2010-12-11T11:09:55Z
2010,REG,HOU,14,00-0023750,DE,Mario Williams,Mario,Williams,Groin,,Probable,Groin,,Limited Participation in Practice,2010-12-11T11:09:55Z
2010,REG,IND,14,00-0021146,DE,Dwight Freeney,Dwight,Freeney,,,,Rested,,Did Not Participate In Practice,2010-12-08T12:53:16Z
2010,REG,IND,14,00-0027064,CB,Jerraud Powers,Jerraud,Powers,,,,Arm,Injured Reserve,Did Not Participate In Practice,2010-12-07T14:04:06Z
2010,REG,IND,14,00-0022059,DE,Robert Mathis,Robert,Mathis,,,,Rested,,Full Participation in Practice,2010-12-08T12:53:16Z
2010,REG,IND,14,00-0026342,RB,Mike Hart,Mike,Hart,Ankle,,Out,Ankle,,Did Not Participate In Practice,2010-12-08T12:56:27Z
2010,REG,IND,14,00-0023495,CB,Kelvin Hayden,Kelvin,Hayden,Neck,,Out,Neck,,Did Not Participate In Practice,2010-12-08T12:56:35Z
2010,REG,IND,14,00-0022944,CB,Bob Sanders,Bob,Sanders,Biceps,,Out,Biceps,,Did Not Participate In Practice,2010-12-08T12:57:37Z
2010,REG,IND,14,00-0025523,LB,Clint Session,Clint,Session,Elbow,,Out,Elbow,,Did Not Participate In Practice,2010-12-08T12:58:05Z
2010,REG,IND,14,00-0024245,RB,Joseph Addai,Joseph,Addai,Neck,,Out,Neck,,Limited Participation in Practice,2010-12-08T12:55:30Z
2010,REG,IND,14,00-0027092,WR,Austin Collie,Austin,Collie,Concussion,,Out,Concussion,,Limited Participation in Practice,2010-12-08T12:56:04Z
2010,REG,IND,14,00-0021484,LB,Gary Brackett,Gary,Brackett,Toe,,Questionable,Toe,,Full Participation in Practice,2010-12-08T12:55:38Z
2010,REG,IND,14,00-0027003,RB,Donald Brown,Donald,Brown,Ankle,,Questionable,Ankle,,Full Participation in Practice,2010-12-08T12:55:57Z
2010,REG,IND,14,00-0027761,TE,Brody Eldridge,Brody,Eldridge,Rib,,Questionable,Rib,,Full Participation in Practice,2010-12-08T12:56:15Z
2010,REG,IND,14,00-0024413,T,Charlie Johnson,Charlie,Johnson,Back,,Questionable,Back,,Full Participation in Practice,2010-12-08T12:57:17Z
2010,REG,IND,14,00-0027829,DE,Ricardo Mathews,Ricardo,Mathews,Back,,Questionable,Back,,Full Participation in Practice,2010-12-08T12:57:28Z
2010,REG,IND,14,00-0020498,WR,Reggie Wayne,Reggie,Wayne,Knee,,Questionable,Knee,,Full Participation in Practice,2010-12-08T12:58:23Z
2010,REG,IND,14,00-0026032,WR,Taj Smith,Taj,Smith,Hamstring,,Questionable,Hamstring,,Limited Participation in Practice,2010-12-08T12:58:44Z
2010,REG,IND,14,00-0026267,TE,Jacob Tamme,Jacob,Tamme,Knee,,Questionable,Knee,,Limited Participation in Practice,2010-12-08T12:58:14Z
2010,REG,JAX,14,00-0026960,S,Courtney Greene,Courtney,Greene,Shoulder,,Out,Shoulder,,Did Not Participate In Practice,2010-12-10T14:00:59Z
2010,REG,JAX,14,00-0027862,DT,Tyson Alualu,Tyson,Alualu,Knee,,Probable,Knee,,Full Participation in Practice,2010-12-10T14:00:25Z
2010,REG,JAX,14,00-0025435,LB,Justin Durant,Justin,Durant,Ankle,,Probable,Ankle,,Full Participation in Practice,2010-12-10T14:00:25Z
2010,REG,JAX,14,00-0022089,G,Vincent Manuwai,Vincent,Manuwai,Foot,,Probable,Foot,,Full Participation in Practice,2010-12-10T14:00:25Z
2010,REG,JAX,14,00-0027125,TE,Zach Miller,Zach,Miller,Ankle,,Probable,Ankle,,Full Participation in Practice,2010-12-10T14:00:25Z
2010,REG,JAX,14,00-0025466,WR,Mike Sims-Walker,Mike,Sims-Walker,Ankle,,Probable,Ankle,,Full Participation in Practice,2010-12-10T14:00:25Z
2010,REG,JAX,14,00-0026202,CB,Terrence Wheatley,Terrence,Wheatley,Hamstring,,Probable,Hamstring,,Full Participation in Practice,2010-12-10T14:00:25Z
2010,REG,KC,14,00-0023662,QB,Matt Cassel,Matt,Cassel,Illness,,Doubtful,Illness,,Did Not Participate In Practice,2010-12-10T13:07:28Z
2010,REG,KC,14,00-0027736,S,Kendrick Lewis,Kendrick,Lewis,Ankle,,Questionable,Ankle,,Full Participation in Practice,2010-12-10T13:07:37Z
2010,REG,KC,14,00-0027072,S,Donald Washington,Donald,Washington,Ankle,,Questionable,Ankle,,Full Participation in Practice,2010-12-10T13:07:43Z
2010,REG,MIA,14,00-0022890,T,Vernon Carey,Vernon,Carey,Knee,,Out,Knee,,Did Not Participate In Practice,2010-12-10T14:20:53Z
2010,REG,MIA,14,00-0027077,WR,Brian Hartline,Brian,Hartline,Finger,,Out,Finger,,Did Not Participate In Practice,2010-12-10T14:21:05Z
2010,REG,MIA,14,00-0023505,LB,Channing Crowder,Channing,Crowder,Knee,,Questionable,Knee,,Limited Participation in Practice,2010-12-10T14:21:27Z
2010,REG,MIA,14,00-0022927,LB,Karlos Dansby,Karlos,Dansby,Toe,,Questionable,Toe,,Limited Participation in Practice,2010-12-10T14:21:31Z
2010,REG,MIA,14,00-0026206,DE,Kendall Langford,Kendall,Langford,Neck,,Questionable,Neck,,Limited Participation in Practice,2010-12-10T14:21:35Z
2010,REG,MIA,14,00-0025820,T,Jake Long,Jake,Long,Knee,,Questionable,Knee,,Limited Participation in Practice,2010-12-10T14:21:40Z
2010,REG,MIA,14,00-0024334,WR,Brandon Marshall,Brandon,Marshall,Hamstring,,Questionable,Hamstring,,Limited Participation in Practice,2010-12-10T14:21:45Z
2010,REG,MIA,14,00-0027037,CB,Sean Smith,Sean,Smith,Ankle,,Questionable,Ankle,,Limited Participation in Practice,2010-12-10T14:22:11Z
2010,REG,MIN,14,00-0027649,CB,Chris Cook,Chris,Cook,Knee,,Out,Knee,,Did Not Participate In Practice,2010-12-10T11:23:15Z
2010,REG,MIN,14,00-0026183,S,Tyrell Johnson,Tyrell,Johnson,Knee,,Out,Knee,,Did Not Participate In Practice,2010-12-10T11:23:25Z
2010,REG,MIN,14,00-0026998,WR,Percy Harvin,Percy,Harvin,Illness,,Doubtful,Illness,,Did Not Participate In Practice,2010-12-10T11:23:50Z
2010,REG,MIN,14,00-0020466,G,Steve Hutchinson,Steve,Hutchinson,Thumb,,Questionable,Thumb,,Did Not Participate In Practice,2010-12-10T11:24:07Z
2010,REG,MIN,14,00-0024342,DE,Ray Edwards,Ray,Edwards,Ankle,,Questionable,Ankle,,Limited Participation in Practice,2010-12-10T11:24:20Z
2010,REG,MIN,14,00-0005106,QB,Brett Favre,Brett,Favre,Ankle,Chest,Questionable,Ankle,Chest,Limited Participation in Practice,2010-12-10T11:23:58Z
2010,REG,MIN,14,00-0027796,QB,Joe Webb,Joe,Webb,Hamstring,,Questionable,Hamstring,,Limited Participation in Practice,2010-12-10T11:24:29Z
2010,REG,MIN,14,00-0022807,WR,Bernard Berrian,Bernard,Berrian,Groin,,Probable,Groin,,Full Participation in Practice,2010-12-10T11:22:18Z
2010,REG,MIN,14,00-0027888,RB,Toby Gerhart,Toby,Gerhart,Hamstring,,Probable,Hamstring,,Full Participation in Practice,2010-12-10T11:22:18Z
2010,REG,MIN,14,00-0021508,WR,Greg Lewis,Greg,Lewis,Concussion,,Probable,Concussion,,Full Participation in Practice,2010-12-10T11:22:18Z
2010,REG,MIN,14,00-0025394,RB,Adrian Peterson,Adrian,Peterson,Ankle,,Probable,Ankle,,Full Participation in Practice,2010-12-10T11:22:18Z
2010,REG,MIN,14,00-0025431,WR,Sidney Rice,Sidney,Rice,Hip,,Probable,Hip,,Full Participation in Practice,2010-12-10T11:22:18Z
2010,REG,MIN,14,00-0026952,S,Jamarca Sanford,Jamarca,Sanford,Hamstring,,Probable,Hamstring,,Full Participation in Practice,2010-12-10T11:22:18Z
2010,REG,NE,14,00-0027010,S,Patrick Chung,Patrick,Chung,,,,Not Injury Related,,Did Not Participate In Practice,2010-12-09T12:52:12Z
2010,REG,NE,14,00-0027668,LB,Brandon Spikes,Brandon,Spikes,,,,Not Injury Related,,Did Not Participate In Practice,2010-12-09T12:52:30Z
2010,REG,NE,14,00-0026269,CB,Jonathan Wilhite,Jonathan,Wilhite,Hip,,Questionable,Hip,,Did Not Participate In Practice,2010-12-10T12:52:42Z
2010,REG,NE,14,00-0023255,DE,Mike Wright,Mike,Wright,Concussion,,Questionable,Concussion,,Did Not Participate In Practice,2010-12-10T12:52:50Z
2010,REG,NE,14,00-0027138,DE,Myron Pryor,Myron,Pryor,Back,,Questionable,Back,,Limited Participation in Practice,2010-12-10T12:52:31Z
2010,REG,NE,14,00-0019596,QB,Tom Brady,Tom,Brady,right Shoulder,Foot,Probable,right Shoulder,Foot,Limited Participation in Practice,2010-12-10T12:52:00Z
2010,REG,NO,14,00-0022078,T,Jon Stinchcomb,Jon,Stinchcomb,,,,Illness,,Did Not Participate In Practice,2010-12-08T12:53:49Z
2010,REG,NO,14,00-0027669,T,Charles Brown,Charles,Brown,Back,,Questionable,Back,,Limited Participation in Practice,2010-12-10T11:17:48Z
2010,REG,NO,14,00-0022840,RB,Julius Jones,Julius,Jones,Ankle,,Probable,Ankle,,Full Participation in Practice,2010-12-10T11:17:38Z
2010,REG,NO,14,00-0024813,RB,Pierre Thomas,Pierre,Thomas,Ankle,,Probable,Ankle,,Full Participation in Practice,2010-12-10T11:17:38Z
2010,REG,NYG,14,00-0022779,T,Shawn Andrews,Shawn,Andrews,Back,,Out,Back,,Did Not Participate In Practice,2010-12-10T10:15:54Z
2010,REG,NYG,14,00-0019276,C,Shaun O'Hara,Shaun,O'Hara,Foot,,Doubtful,Foot,,Limited Participation in Practice,2010-12-10T10:16:19Z
2010,REG,NYG,14,00-0027005,WR,Hakeem Nicks,Hakeem,Nicks,Lower leg,,Questionable,Lower leg,,Limited Participation in Practice,2010-12-10T10:16:09Z
2010,REG,NYG,14,00-0025438,WR,Steve Smith,Steve,Smith,Pectoral,,Questionable,Pectoral,,Limited Participation in Practice,2010-12-10T10:16:27Z
2010,REG,NYG,14,00-0024330,CB,Will Blackmon,Will,Blackmon,Chest,,Probable,Chest,,Full Participation in Practice,2010-12-10T10:15:45Z
2010,REG,NYG,14,00-0025637,RB,Ahmad Bradshaw,Ahmad,Bradshaw,Wrist,,Probable,Wrist,,Full Participation in Practice,2010-12-10T10:15:45Z
2010,REG,NYG,14,00-0021922,T,David Diehl,David,Diehl,Hip,Hamstring,Probable,Hip,Hamstring,Full Participation in Practice,2010-12-10T10:15:45Z
2010,REG,NYG,14,00-0021977,DE,Osi Umenyiora,Osi,Umenyiora,Knee,,Probable,Knee,,Full Participation in Practice,2010-12-10T10:15:45Z
2010,REG,NYG,14,00-0027313,S,Brian Jackson,Brian,Jackson,Hand,,Probable,Hand,,Limited Participation in Practice,2010-12-10T10:15:45Z
2010,REG,NYJ,14,00-0024240,WR,Santonio Holmes,Santonio,Holmes,,,,Back,,Full Participation in Practice,2010-12-10T11:49:23Z
2010,REG,NYJ,14,00-0025753,S,James Ihedigbo,James,Ihedigbo,Ankle,Knee,Out,Ankle,Knee,Did Not Participate In Practice,2010-12-10T11:50:18Z
2010,REG,NYJ,14,00-0018234,T,Damien Woody,Damien,Woody,Knee,,Questionable,Knee,,Did Not Participate In Practice,2010-12-10T11:50:26Z
2010,REG,NYJ,14,00-0019545,DE,Shaun Ellis,Shaun,Ellis,Knee,,Probable,Knee,,Full Participation in Practice,2010-12-10T11:50:06Z
2010,REG,NYJ,14,00-0024219,T,D'Brickashaw Ferguson,D'Brickashaw,Ferguson,Shoulder,,Probable,Shoulder,,Full Participation in Practice,2010-12-10T11:50:06Z
2010,REG,NYJ,14,00-0024244,C,Nick Mangold,Nick,Mangold,Shoulder,,Probable,Shoulder,,Full Participation in Practice,2010-12-10T11:50:06Z
2010,REG,NYJ,14,00-0023523,DT,Sione Pouha,Sione,Pouha,Ankle,,Probable,Ankle,,Full Participation in Practice,2010-12-10T11:50:06Z
2010,REG,NYJ,14,00-0013694,RB,Tony Richardson,Tony,Richardson,Not Injury Related,,Probable,Not Injury Related,,Full Participation in Practice,2010-12-10T11:50:06Z
2010,REG,NYJ,14,00-0024318,WR,Brad Smith,Brad,Smith,Hand,,Probable,Hand,,Full Participation in Practice,2010-12-10T11:50:06Z
2010,REG,NYJ,14,00-0020536,RB,LaDainian Tomlinson,LaDainian,Tomlinson,Not Injury Related,,Probable,Not Injury Related,,Full Participation in Practice,2010-12-10T11:50:06Z
2010,REG,OAK,14,00-0027904,LB,Rolando McClain,Rolando,McClain,Foot,,Questionable,Foot,,Did Not Participate In Practice,2010-12-10T11:22:22Z
2010,REG,OAK,14,00-0026536,WR,Nick Miller,Nick,Miller,Ankle,,Questionable,Ankle,,Did Not Participate In Practice,2010-12-10T11:22:31Z
2010,REG,OAK,14,00-0022077,CB,Nnamdi Asomugha,Nnamdi,Asomugha,Ankle,,Questionable,Ankle,,Limited Participation in Practice,2010-12-10T11:21:19Z
2010,REG,OAK,14,00-0026240,S,Tyvon Branch,Tyvon,Branch,Shoulder,,Questionable,Shoulder,,Limited Participation in Practice,2010-12-10T11:21:30Z
2010,REG,OAK,14,00-0024201,S,Hiram Eugene,Hiram,Eugene,Ribs,,Questionable,Ribs,,Limited Participation in Practice,2010-12-10T11:21:49Z
2010,REG,OAK,14,00-0021144,DT,John Henderson,John,Henderson,Knee,,Questionable,Knee,,Limited Participation in Practice,2010-12-10T11:22:00Z
2010,REG,OAK,14,00-0021949,CB,Chris Johnson,Chris,Johnson,Groin,,Questionable,Groin,,Limited Participation in Practice,2010-12-10T11:22:08Z
2010,REG,OAK,14,00-0025404,DE,Jarvis Moss,Jarvis,Moss,Hand,,Questionable,Hand,,Limited Participation in Practice,2010-12-10T11:22:49Z
2010,REG,OAK,14,00-0026366,WR,Chaz Schilens,Chaz,Schilens,Knee,,Questionable,Knee,,Limited Participation in Practice,2010-12-10T11:22:56Z
2010,REG,OAK,14,00-0025425,TE,Zach Miller,Zach,Miller,Foot,,Probable,Foot,,Full Participation in Practice,2010-12-10T11:21:09Z
2010,REG,PHI,14,00-0027758,WR,Riley Cooper,Riley,Cooper,,,,Knee,,Full Participation in Practice,2010-12-09T12:28:11Z
2010,REG,PHI,14,00-0024254,T,Winston Justice,Winston,Justice,Knee,,Questionable,Knee,,Did Not Participate In Practice,2010-12-10T10:44:07Z
2010,REG,PHI,14,00-0021956,CB,Asante Samuel,Asante,Samuel,Knee,,Questionable,Knee,,Did Not Participate In Practice,2010-12-10T10:43:56Z
2010,REG,PHI,14,00-0027798,CB,Jorrick Calvin,Jorrick,Calvin,Back,,Probable,Back,,Full Participation in Practice,2010-12-10T10:43:25Z
2010,REG,PHI,14,00-0024156,G,Nick Cole,Nick,Cole,Knee,,Probable,Knee,,Full Participation in Practice,2010-12-10T10:43:25Z
2010,REG,PHI,14,00-0026541,DT,Antonio Dixon,Antonio,Dixon,Back,,Probable,Back,,Full Participation in Practice,2010-12-10T10:43:45Z
2010,REG,PHI,14,00-0019986,DE,Juqua Parker,Juqua,Parker,Hip,,Probable,Hip,,Full Participation in Practice,2010-12-10T10:43:25Z
2010,REG,PHI,14,00-0020245,QB,Michael Vick,Michael,Vick,Quadricep,,Probable,Quadricep,,Full Participation in Practice,2010-12-10T10:43:25Z
2010,REG,PIT,14,00-0017162,WR,Hines Ward,Hines,Ward,,,,Not Injury Related,,Did Not Participate In Practice,2010-12-08T12:33:05Z
2010,REG,PIT,14,00-0026564,DT,Steve McLendon,Steve,McLendon,Stinger,,Out,Stinger,,Did Not Participate In Practice,2010-12-10T10:20:07Z
2010,REG,PIT,14,00-0023465,TE,Heath Miller,Heath,Miller,Concussion,,Out,Concussion,,Did Not Participate In Practice,2010-12-10T10:20:14Z
2010,REG,PIT,14,00-0015080,DE,Aaron Smith,Aaron,Smith,Triceps,,Out,Triceps,,Did Not Participate In Practice,2010-12-10T10:20:23Z
2010,REG,PIT,14,00-0000045,T,Flozell Adams,Flozell,Adams,Ankle,,Probable,Ankle,,Full Participation in Practice,2010-12-10T10:19:54Z
2010,REG,PIT,14,00-0022119,S,Troy Polamalu,Troy,Polamalu,Ankle,,Probable,Ankle,,Full Participation in Practice,2010-12-10T10:19:54Z
2010,REG,PIT,14,00-0026566,RB,Isaac Redman,Isaac,Redman,Ankle,,Probable,Ankle,,Full Participation in Practice,2010-12-10T10:19:54Z
2010,REG,SD,14,00-0022766,WR,Patrick Crayton,Patrick,Crayton,Wrist,,Out,Wrist,,Did Not Participate In Practice,2010-12-10T13:09:03Z
2010,REG,SD,14,00-0025559,WR,Legedu Naanee,Legedu,Naanee,Hamstring,,Doubtful,Hamstring,,Did Not Participate In Practice,2010-12-10T13:09:44Z
2010,REG,SD,14,00-0021547,TE,Antonio Gates,Antonio,Gates,Toe,Foot,Questionable,Toe,Foot,Did Not Participate In Practice,2010-12-10T13:09:27Z
2010,REG,SD,14,00-0023496,WR,Vincent Jackson,Vincent,Jackson,Calf,,Questionable,Calf,,Full Participation in Practice,2010-12-10T13:09:34Z
2010,REG,SD,14,00-0025627,LB,Brandon Siler,Brandon,Siler,Rib,,Questionable,Rib,,Full Participation in Practice,2010-12-10T13:09:56Z
2010,REG,SD,14,00-0027052,G,Louis Vasquez,Louis,Vasquez,Neck,,Questionable,Neck,,Full Participation in Practice,2010-12-10T13:10:20Z
2010,REG,SD,14,00-0023564,RB,Darren Sproles,Darren,Sproles,Concussion,,Questionable,Concussion,,Limited Participation in Practice,2010-12-10T13:10:11Z
2010,REG,SD,14,00-0021544,LB,Stephen Cooper,Stephen,Cooper,Knee,,Probable,Knee,,Full Participation in Practice,2010-12-10T13:10:38Z
2010,REG,SD,14,00-0022169,DT,Antonio Garay,Antonio,Garay,Ankle,,Probable,Ankle,,Full Participation in Practice,2010-12-10T13:08:49Z
2010,REG,SEA,14,00-0021178,T,Chester Pitts,Chester,Pitts,Ankle,,Doubtful,Ankle,,Did Not Participate In Practice,2010-12-10T12:48:56Z
2010,REG,SEA,14,00-0024463,WR,Ben Obomanu,Ben,Obomanu,Hand,,Questionable,Hand,,Did Not Participate In Practice,2010-12-10T12:48:49Z
2010,REG,SEA,14,00-0023452,WR,Mike Williams,Mike,Williams,Ankle,,Questionable,Ankle,,Did Not Participate In Practice,2010-12-10T12:49:03Z
2010,REG,SEA,14,00-0026178,TE,John Carlson,John,Carlson,Hip,,Probable,Hip,,Full Participation in Practice,2010-12-10T12:48:38Z
2010,REG,SEA,14,00-0021577,DE,Chris Clemons,Chris,Clemons,Ankle,,Probable,Ankle,,Full Participation in Practice,2010-12-10T12:48:38Z
2010,REG,SEA,14,00-0021684,DT,Colin Cole,Colin,Cole,Ankle,,Probable,Ankle,,Full Participation in Practice,2010-12-10T12:48:38Z
2010,REG,SEA,14,00-0007091,QB,Matt Hasselbeck,Matt,Hasselbeck,left Wrist,,Probable,left Wrist,,Full Participation in Practice,2010-12-10T12:48:38Z
2010,REG,SEA,14,00-0025848,CB,Roy Lewis,Roy,Lewis,Knee,,Probable,Knee,,Full Participation in Practice,2010-12-10T12:48:38Z
2010,REG,SEA,14,00-0023498,LB,Matt McCoy,Matt,McCoy,Head,,Probable,Head,,Full Participation in Practice,2010-12-10T12:48:38Z
2010,REG,SEA,14,00-0023480,LB,Lofa Tatupu,Lofa,Tatupu,Knee,,Probable,Knee,,Full Participation in Practice,2010-12-10T12:48:38Z
2010,REG,SF,14,00-0011970,K,Joe Nedney,Joe,Nedney,right Knee,,Out,right Knee,,Out (Definitely Will Not Play),2010-12-10T12:59:50Z
2010,REG,SF,14,00-0025415,T,Joe Staley,Joe,Staley,Fibula,,Out,Fibula,,Out (Definitely Will Not Play),2010-12-10T12:59:40Z
2010,REG,SF,14,00-0020384,CB,William James,William,James,Concussion,,Doubtful,Concussion,,Limited Participation in Practice,2010-12-10T13:00:50Z
2010,REG,SF,14,00-0025615,RB,DeShawn Wynn,DeShawn,Wynn,Ankle,,Doubtful,Ankle,,Limited Participation in Practice,2010-12-10T13:00:03Z
2010,REG,SF,14,00-0022147,DT,Aubrayo Franklin,Aubrayo,Franklin,Groin,,Questionable,Groin,,Full Participation in Practice,2010-12-10T13:00:23Z
2010,REG,SF,14,00-0020495,CB,Nate Clements,Nate,Clements,Knee,,Questionable,Knee,,Limited Participation in Practice,2010-12-10T13:00:14Z
2010,REG,SF,14,00-0024354,LB,Parys Haralson,Parys,Haralson,Ankle,,Questionable,Ankle,,Limited Participation in Practice,2010-12-10T13:00:38Z
2010,REG,SF,14,00-0027863,T,Anthony Davis,Anthony,Davis,Back,,Probable,Back,,Full Participation in Practice,2010-12-10T12:59:29Z
2010,REG,SF,14,00-0022843,CB,Shawntae Spencer,Shawntae,Spencer,Quadricep,,Probable,Quadricep,,Full Participation in Practice,2010-12-10T12:59:29Z
2010,REG,SF,14,00-0015474,LB,Takeo Spikes,Takeo,Spikes,Ankle,,Probable,Ankle,,Full Participation in Practice,2010-12-10T12:59:29Z
2010,REG,SF,14,00-0021216,RB,Brian Westbrook,Brian,Westbrook,Not Injury Related,,Probable,Not Injury Related,,Full Participation in Practice,2010-12-10T12:59:29Z
2010,REG,SF,14,00-0026314,WR,Josh Morgan,Josh,Morgan,Shoulder,,Probable,Shoulder,,Limited Participation in Practice,2010-12-10T12:59:29Z
2010,REG,SF,14,00-0024389,TE,Delanie Walker,Delanie,Walker,Ankle,,Probable,Ankle,,Limited Participation in Practice,2010-12-10T12:59:29Z
2010,REG,STL,14,00-0027732,TE,Michael Hoomanawanui,Michael,Hoomanawanui,Ankle,,Out,Ankle,,Did Not Participate In Practice,2010-12-10T11:07:53Z
2010,REG,STL,14,00-0023485,CB,Ron Bartell,Ron,Bartell,Neck,,Doubtful,Neck,,Did Not Participate In Practice,2010-12-10T11:07:17Z
2010,REG,STL,14,00-0025633,RB,Kenneth Darby,Kenneth,Darby,Ribs,,Doubtful,Ribs,,Did Not Participate In Practice,2010-12-10T11:07:37Z
2010,REG,STL,14,00-0026241,CB,Justin King,Justin,King,Shoulder,,Doubtful,Shoulder,,Did Not Participate In Practice,2010-12-10T11:08:11Z
2010,REG,STL,14,00-0023501,S,Oshiomogho Atogwe,Oshiomogho,Atogwe,Shoulder,,Questionable,Shoulder,,Full Participation in Practice,2010-12-10T11:07:06Z
2010,REG,STL,14,00-0024796,S,Craig Dahl,Craig,Dahl,Knee,,Probable,Knee,,Full Participation in Practice,2010-12-10T11:06:36Z
2010,REG,STL,14,00-0027670,CB,Jerome Murphy,Jerome,Murphy,Hamstring,,Probable,Hamstring,,Full Participation in Practice,2010-12-10T11:06:36Z
2010,REG,TB,14,00-0025443,DE,Tim Crowder,Tim,Crowder,Shoulder,,Questionable,Shoulder,,Did Not Participate In Practice,2010-12-10T10:44:44Z
2010,REG,TB,14,00-0022710,LB,Niko Koutouvides,Niko,Koutouvides,Ankle,,Questionable,Ankle,,Did Not Participate In Practice,2010-12-10T10:45:24Z
2010,REG,TB,14,00-0025455,LB,Quincy Black,Quincy,Black,Ankle,,Questionable,Ankle,,Full Participation in Practice,2010-12-10T10:44:59Z
2010,REG,TB,14,00-0027812,LB,Dekoda Watson,Dekoda,Watson,Hamstring,,Probable,Hamstring,,Full Participation in Practice,2010-12-10T10:44:18Z
2010,REG,TB,14,00-0027702,WR,Mike Williams,Mike,Williams,Knee,,Probable,Knee,,Full Participation in Practice,2010-12-10T10:44:18Z
2010,REG,TB,14,00-0022922,TE,Kellen Winslow,Kellen,Winslow,Knee,,Probable,Knee,,Full Participation in Practice,2010-12-10T10:44:18Z
2010,REG,TEN,14,00-0022814,DE,Dave Ball,Dave,Ball,Hip,Concussion,Questionable,Hip,Concussion,Did Not Participate In Practice,2010-12-08T12:28:52Z
2010,REG,TEN,14,00-0021490,DT,Tony Brown,Tony,Brown,Knee,,Questionable,Knee,,Did Not Participate In Practice,2010-12-08T12:29:13Z
2010,REG,TEN,14,00-0027038,DT,Sen'Derrick Marks,Sen'Derrick,Marks,Ankle,,Questionable,Ankle,,Did Not Participate In Practice,2010-12-08T12:29:27Z
2010,REG,TEN,14,00-0027066,CB,Ryan Mouton,Ryan,Mouton,Hamstring,,Questionable,Hamstring,,Did Not Participate In Practice,2010-12-08T12:29:32Z
2010,REG,TEN,14,00-0025591,DE,Jacob Ford,Jacob,Ford,Knee,,Probable,Knee,,Full Participation in Practice,2010-12-08T12:28:21Z
2010,REG,TEN,14,00-0026194,DT,Jason Jones,Jason,Jones,Shoulder,,Probable,Shoulder,,Full Participation in Practice,2010-12-08T12:28:21Z
2010,REG,WAS,14,00-0023259,LB,Lorenzo Alexander,Lorenzo,Alexander,Hamstring,,Questionable,Hamstring,,Full Participation in Practice,2010-12-10T13:54:08Z
2010,REG,WAS,14,00-0024410,DE,Kedric Golston,Kedric,Golston,Elbow,Groin,Questionable,Elbow,Groin,Full Participation in Practice,2010-12-10T13:54:20Z
2010,REG,WAS,14,00-0020494,WR,Santana Moss,Santana,Moss,Knee,,Questionable,Knee,,Full Participation in Practice,2010-12-10T13:54:41Z
2010,REG,WAS,14,00-0026989,LB,Brian Orakpo,Brian,Orakpo,Ankle,,Questionable,Ankle,,Full Participation in Practice,2010-12-10T13:54:47Z
2010,REG,WAS,14,00-0020450,C,Casey Rabach,Casey,Rabach,Knee,,Questionable,Knee,,Full Participation in Practice,2010-12-10T13:54:54Z
2010,REG,WAS,14,00-0026279,RB,Ryan Torain,Ryan,Torain,Hamstring,,Questionable,Hamstring,,Full Participation in Practice,2010-12-10T13:55:08Z
2010,REG,WAS,14,00-0027857,T,Trent Williams,Trent,Williams,Shoulder,,Questionable,Shoulder,,Full Participation in Practice,2010-12-10T13:55:16Z
2010,REG,WAS,14,00-0027618,WR,Brandon Banks,Brandon,Banks,Knee,,Questionable,Knee,,Limited Participation in Practice,2010-12-10T13:56:36Z
2010,REG,WAS,14,00-0025393,S,LaRon Landry,LaRon,Landry,Achilles,,Questionable,Achilles,,Limited Participation in Practice,2010-12-10T13:54:26Z
2010,REG,WAS,14,00-0026320,S,Kareem Moore,Kareem,Moore,Knee,Biceps,Questionable,Knee,Biceps,Limited Participation in Practice,2010-12-10T13:54:36Z
2010,REG,WAS,14,00-0023444,CB,Carlos Rogers,Carlos,Rogers,Hamstring,,Questionable,Hamstring,,Limited Participation in Practice,2010-12-10T13:55:01Z
2010,REG,WAS,14,00-0011022,QB,Donovan McNabb,Donovan,McNabb,Hamstring,,Probable,Hamstring,,Full Participation in Practice,2010-12-10T13:53:58Z
2010,REG,ARI,15,00-0023645,QB,Derek Anderson,Derek,Anderson,Head,,Doubtful,Head,,Did Not Participate In Practice,2010-12-17T11:40:13Z
2010,REG,ARI,15,00-0019538,LB,Clark Haggans,Clark,Haggans,Groin,,Questionable,Groin,,Limited Participation in Practice,2010-12-17T11:40:22Z
2010,REG,ARI,15,00-0025529,WR,Steve Breaston,Steve,Breaston,Knee,,Probable,Knee,,Full Participation in Practice,2010-12-17T11:40:04Z
2010,REG,ARI,15,00-0027007,RB,Chris Wells,Chris,Wells,Illness,,Probable,Illness,,Full Participation in Practice,2010-12-17T11:40:04Z
2010,REG,ARI,15,00-0026190,DE,Calais Campbell,Calais,Campbell,Ankle,,Probable,Ankle,,Limited Participation in Practice,2010-12-17T11:40:04Z
2010,REG,ARI,15,00-0019770,K,Jay Feely,Jay,Feely,right Groin,,Probable,right Groin,,Limited Participation in Practice,2010-12-17T11:40:04Z
2010,REG,ARI,15,00-0013126,LB,Joey Porter,Joey,Porter,Knee,,Probable,Knee,,Limited Participation in Practice,2010-12-17T11:40:04Z
2010,REG,ARI,15,00-0027730,LB,O'Brien Schofield,O'Brien,Schofield,Hamstring,,Probable,Hamstring,,Limited Participation in Practice,2010-12-17T11:40:04Z
2010,REG,ARI,15,00-0027886,LB,Daryl Washington,Daryl,Washington,Groin,,Probable,Groin,,Limited Participation in Practice,2010-12-17T11:40:41Z
2010,REG,ATL,15,00-0026177,LB,Curtis Lofton,Curtis,Lofton,Knee,,Questionable,Knee,,Full Participation in Practice,2010-12-17T09:23:30Z
2010,REG,ATL,15,00-0025631,RB,Jason Snelling,Jason,Snelling,Hamstring,,Questionable,Hamstring,,Full Participation in Practice,2010-12-17T09:23:18Z
2010,REG,ATL,15,00-0019546,DE,John Abraham,John,Abraham,Groin,,Probable,Groin,,Full Participation in Practice,2010-12-17T09:23:05Z
2010,REG,ATL,15,00-0023494,DT,Jonathan Babineaux,Jonathan,Babineaux,Shoulder,,Probable,Shoulder,,Full Participation in Practice,2010-12-17T09:23:05Z
2010,REG,ATL,15,00-0022245,T,Tyson Clabo,Tyson,Clabo,Ankle,,Probable,Ankle,,Full Participation in Practice,2010-12-17T09:23:05Z
2010,REG,ATL,15,00-0025496,LB,Stephen Nicholas,Stephen,Nicholas,Knee,,Probable,Knee,,Full Participation in Practice,2010-12-17T09:23:05Z
2010,REG,ATL,15,00-0023462,WR,Roddy White,Roddy,White,Knee,,Probable,Knee,,Full Participation in Practice,2010-12-17T09:23:05Z
2010,REG,ATL,15,00-0021222,LB,Coy Wire,Coy,Wire,Head,,Probable,Head,,Full Participation in Practice,2010-12-17T09:23:05Z
2010,REG,BAL,15,00-0020516,TE,Todd Heap,Todd,Heap,Thigh,,Out,Thigh,,Did Not Participate In Practice,2010-12-17T11:41:07Z
2010,REG,BAL,15,00-0026226,S,Tom Zbikowski,Tom,Zbikowski,Back,,Out,Back,,Did Not Participate In Practice,2010-12-17T11:41:29Z
2010,REG,BAL,15,00-0025524,RB,Le'Ron McClain,Le'Ron,McClain,Illness,,Questionable,Illness,,Did Not Participate In Practice,2010-12-17T11:41:16Z
2010,REG,BAL,15,00-0022178,RB,Willis McGahee,Willis,McGahee,Illness,,Questionable,Illness,,Did Not Participate In Practice,2010-12-17T11:41:44Z
2010,REG,BAL,15,00-0026211,LB,Tavares Gooden,Tavares,Gooden,Calf,,Probable,Calf,,Full Participation in Practice,2010-12-17T11:40:56Z
2010,REG,BAL,15,00-0010500,WR,Derrick Mason,Derrick,Mason,Ankle,,Probable,Ankle,,Full Participation in Practice,2010-12-17T11:40:56Z
2010,REG,BAL,15,00-0023458,CB,Fabian Washington,Fabian,Washington,Thigh,,Probable,Thigh,,Full Participation in Practice,2010-12-17T11:40:56Z
2010,REG,BUF,15,00-0022910,WR,Lee Evans,Lee,Evans,Ankle,,Out,Ankle,,Did Not Participate In Practice,2010-12-17T11:04:24Z
2010,REG,BUF,15,00-0023602,C,Geoff Hangartner,Geoff,Hangartner,Knee,,Out,Knee,,Did Not Participate In Practice,2010-12-17T11:04:30Z
2010,REG,BUF,15,00-0026359,T,Demetress Bell,Demetress,Bell,Knee,,Probable,Knee,,Full Participation in Practice,2010-12-17T11:04:14Z
2010,REG,BUF,15,00-0021994,CB,Drayton Florence,Drayton,Florence,Fibula,,Probable,Fibula,,Full Participation in Practice,2010-12-17T11:04:14Z
2010,REG,BUF,15,00-0021995,LB,Chris Kelsay,Chris,Kelsay,Knee,,Probable,Knee,,Full Participation in Practice,2010-12-17T11:04:14Z
2010,REG,BUF,15,00-0027027,G,Andy Levitre,Andy,Levitre,Knee,,Probable,Knee,,Full Participation in Practice,2010-12-17T11:04:14Z
2010,REG,CAR,15,00-0027692,WR,Armanti Edwards,Armanti,Edwards,Illness,,Doubtful,Illness,,Did Not Participate In Practice,2010-12-17T09:58:59Z
2010,REG,CAR,15,00-0024303,LB,James Anderson,James,Anderson,Ankle,,Probable,Ankle,,Full Participation in Practice,2010-12-17T09:58:36Z
2010,REG,CAR,15,00-0027774,DE,Greg Hardy,Greg,Hardy,Knee,,Probable,Knee,,Full Participation in Practice,2010-12-17T10:00:43Z
2010,REG,CAR,15,00-0027107,LB,Nic Harris,Nic,Harris,Head,,Probable,Head,,Full Participation in Practice,2010-12-17T10:01:22Z
2010,REG,CAR,15,00-0024406,S,Marcus Hudson,Marcus,Hudson,Ankle,,Probable,Ankle,,Full Participation in Practice,2010-12-17T10:02:09Z
2010,REG,CAR,15,00-0025995,LB,Jordan Senn,Jordan,Senn,Ankle,,Probable,Ankle,,Full Participation in Practice,2010-12-17T10:02:40Z
2010,REG,CAR,15,00-0022914,CB,Chris Gamble,Chris,Gamble,Ankle,Hamstring,Probable,Ankle,Hamstring,Limited Participation in Practice,2010-12-17T09:59:36Z
2010,REG,CHI,15,00-0021314,RB,Chester Taylor,Chester,Taylor,,,,Knee,,Full Participation in Practice,2010-12-17T12:47:51Z
2010,REG,CHI,15,00-0022123,CB,Charles Tillman,Charles,Tillman,,,,Foot,,Full Participation in Practice,2010-12-17T12:47:57Z
2010,REG,CHI,15,00-0022050,LB,Pisa Tinoisamoa,Pisa,Tinoisamoa,Knee,,Questionable,Knee,,Limited Participation in Practice,2010-12-18T11:35:29Z
2010,REG,CIN,15,00-0025471,CB,Jonathan Wade,Jonathan,Wade,Knee,,Doubtful,Knee,,Did Not Participate In Practice,2010-12-17T10:34:58Z
2010,REG,CIN,15,00-0012478,WR,Terrell Owens,Terrell,Owens,Knee,,Questionable,Knee,,Did Not Participate In Practice,2010-12-17T10:34:46Z
2010,REG,CIN,15,00-0020397,WR,Chad Johnson,Chad,Johnson,Ankle,,Probable,Ankle,,Full Participation in Practice,2010-12-17T10:34:13Z
2010,REG,CIN,15,00-0024239,CB,Johnathan Joseph,Johnathan,Joseph,Ankle,,Probable,Ankle,,Limited Participation in Practice,2010-12-17T10:34:13Z
2010,REG,CIN,15,00-0026149,LB,Keith Rivers,Keith,Rivers,Foot,,Probable,Foot,,Limited Participation in Practice,2010-12-17T10:34:13Z
2010,REG,CIN,15,00-0026217,DT,Pat Sims,Pat,Sims,Knee,,Probable,Knee,,Limited Participation in Practice,2010-12-17T10:34:13Z
2010,REG,CLE,15,00-0024011,RB,Mike Bell,Mike,Bell,,,,Illness,,Full Participation in Practice,2010-12-15T12:26:32Z
2010,REG,CLE,15,00-0026001,LB,Titus Brown,Titus,Brown,,,,Head,,Full Participation in Practice,2010-12-16T12:23:05Z
2010,REG,CLE,15,00-0021259,LB,Scott Fujita,Scott,Fujita,Knee,,Doubtful,Knee,,Did Not Participate In Practice,2010-12-17T11:39:04Z
2010,REG,CLE,15,00-0026123,TE,Evan Moore,Evan,Moore,Hip,,Doubtful,Hip,,Did Not Participate In Practice,2010-12-17T11:39:26Z
2010,REG,CLE,15,00-0026742,LB,Marcus Benard,Marcus,Benard,Shoulder,,Questionable,Shoulder,,Limited Participation in Practice,2010-12-17T11:39:48Z
2010,REG,CLE,15,00-0001563,LB,David Bowens,David,Bowens,Head,,Questionable,Head,,Limited Participation in Practice,2010-12-17T11:41:01Z
2010,REG,CLE,15,00-0021186,CB,Sheldon Brown,Sheldon,Brown,Shoulder,,Questionable,Shoulder,,Limited Participation in Practice,2010-12-17T11:41:16Z
2010,REG,CLE,15,00-0021262,DE,Kenyon Coleman,Kenyon,Coleman,Knee,,Questionable,Knee,,Limited Participation in Practice,2010-12-17T11:41:35Z
2010,REG,CLE,15,00-0020528,DT,Shaun Rogers,Shaun,Rogers,Ankle,Hip,Questionable,Ankle,Hip,Limited Participation in Practice,2010-12-17T11:42:01Z
2010,REG,CLE,15,00-0023176,WR,Joshua Cribbs,Joshua,Cribbs,Foot,,Probable,Foot,,Full Participation in Practice,2010-12-17T11:42:23Z
2010,REG,CLE,15,00-0027688,QB,Colt McCoy,Colt,McCoy,Ankle,,Probable,Ankle,,Full Participation in Practice,2010-12-17T11:42:52Z
2010,REG,CLE,15,00-0019666,T,John St. Clair,John,St. Clair,Ankle,,Probable,Ankle,,Full Participation in Practice,2010-12-17T11:43:11Z
2010,REG,CLE,15,00-0024394,RB,Lawrence Vickers,Lawrence,Vickers,Shoulder,Hamstring,Probable,Shoulder,Hamstring,Full Participation in Practice,2010-12-17T11:43:47Z
2010,REG,CLE,15,00-0020348,G,Floyd Womack,Floyd,Womack,Shoulder,,Probable,Shoulder,,Full Participation in Practice,2010-12-17T11:44:10Z
2010,REG,CLE,15,00-0025440,CB,Eric Wright,Eric,Wright,Knee,,Probable,Knee,,Full Participation in Practice,2010-12-17T11:44:26Z
2010,REG,CLE,15,00-0026084,DE,Brian Schaefering,Brian,Schaefering,Illness,,Probable,Illness,,Limited Participation in Practice,2010-12-17T13:20:13Z
2010,REG,DAL,15,00-0021678,QB,Tony Romo,Tony,Romo,left Shoulder,,Out,left Shoulder,,Did Not Participate In Practice,2010-12-17T11:58:55Z
2010,REG,DAL,15,00-0022909,WR,Roy Williams,Roy,Williams,Groin,,Questionable,Groin,,Did Not Participate In Practice,2010-12-17T11:59:04Z
2010,REG,DAL,15,00-0023544,RB,Marion Barber,Marion,Barber,Calf,,Questionable,Calf,,Limited Participation in Practice,2010-12-17T11:57:57Z
2010,REG,DAL,15,00-0024609,WR,Jesse Holley,Jesse,Holley,Knee,,Questionable,Knee,,Limited Participation in Practice,2010-12-17T11:58:20Z
2010,REG,DAL,15,00-0026201,TE,Martellus Bennett,Martellus,Bennett,Illness,,Probable,Illness,,Full Participation in Practice,2010-12-17T11:57:47Z
2010,REG,DAL,15,00-0001820,LB,Keith Brooking,Keith,Brooking,Foot,,Probable,Foot,,Full Participation in Practice,2010-12-17T11:57:47Z
2010,REG,DAL,15,00-0022137,LB,Bradie James,Bradie,James,Knee,,Probable,Knee,,Full Participation in Practice,2010-12-17T11:57:47Z
2010,REG,DAL,15,00-0027663,LB,Sean Lee,Sean,Lee,Shoulder,,Probable,Shoulder,,Full Participation in Practice,2010-12-17T11:57:47Z
2010,REG,DAL,15,00-0022045,CB,Terence Newman,Terence,Newman,Illness,,Probable,Illness,,Full Participation in Practice,2010-12-17T11:57:47Z
2010,REG,DEN,15,00-0017813,DT,Jamal Williams,Jamal,Williams,,,,Not Injury Related,,Did Not Participate In Practice,2010-12-16T13:54:50Z
2010,REG,DEN,15,00-0004073,S,Brian Dawkins,Brian,Dawkins,Knee,,Out,Knee,,Did Not Participate In Practice,2010-12-17T12:30:16Z
2010,REG,DEN,15,00-0023853,K,Matt Prater,Matt,Prater,right Groin,,Out,right Groin,,Did Not Participate In Practice,2010-12-17T12:31:01Z
2010,REG,DEN,15,00-0027874,WR,Demaryius Thomas,Demaryius,Thomas,Ankle,,Out,Ankle,,Limited Participation in Practice,2010-12-17T12:31:13Z
2010,REG,DEN,15,00-0027083,S,David Bruton,David,Bruton,Ribs,,Questionable,Ribs,,Limited Participation in Practice,2010-12-17T12:30:06Z
2010,REG,DEN,15,00-0027024,S,Darcel McBath,Darcel,McBath,Quadricep,,Questionable,Quadricep,,Limited Participation in Practice,2010-12-17T12:30:41Z
2010,REG,DEN,15,00-0023541,QB,Kyle Orton,Kyle,Orton,Ribs,,Questionable,Ribs,,Limited Participation in Practice,2010-12-17T12:30:53Z
2010,REG,DEN,15,00-0027276,LB,Kevin Alexander,Kevin,Alexander,Ankle,,Probable,Ankle,,Full Participation in Practice,2010-12-17T12:29:20Z
2010,REG,DEN,15,00-0027690,WR,Eric Decker,Eric,Decker,Foot,,Probable,Foot,,Full Participation in Practice,2010-12-17T12:29:20Z
2010,REG,DEN,15,00-0026323,RB,Spencer Larsen,Spencer,Larsen,Hamstring,,Probable,Hamstring,,Full Participation in Practice,2010-12-17T12:29:20Z
2010,REG,DEN,15,00-0022097,WR,Brandon Lloyd,Brandon,Lloyd,Calf,,Probable,Calf,,Full Participation in Practice,2010-12-17T12:29:20Z
2010,REG,DEN,15,00-0025508,DE,Marcus Thomas,Marcus,Thomas,Ankle,,Probable,Ankle,,Full Participation in Practice,2010-12-17T12:29:20Z
2010,REG,DET,15,00-0027808,DE,Willie Young,Willie,Young,,,,Not Injury Related,,Did Not Participate In Practice,2010-12-17T12:50:14Z
2010,REG,DET,15,00-0025428,CB,Chris Houston,Chris,Houston,,,,Illness,,Full Participation in Practice,2010-12-16T12:46:40Z
2010,REG,DET,15,00-0026157,T,Gosder Cherilus,Gosder,Cherilus,,,,Knee,,Out (Definitely Will Not Play),2010-12-16T12:46:26Z
2010,REG,DET,15,00-0026498,QB,Matthew Stafford,Matthew,Stafford,right Shoulder,,Out,right Shoulder,,Did Not Participate In Practice,2010-12-17T12:51:23Z
2010,REG,DET,15,00-0022860,LB,Landon Johnson,Landon,Johnson,Neck,,Doubtful,Neck,,Did Not Participate In Practice,2010-12-17T12:51:37Z
2010,REG,DET,15,00-0026232,DE,Cliff Avril,Cliff,Avril,Rib,,Questionable,Rib,,Limited Participation in Practice,2010-12-17T12:53:58Z
2010,REG,DET,15,00-0021493,LB,Vinny Ciurciu,Vinny,Ciurciu,Concussion,,Questionable,Concussion,,Limited Participation in Practice,2010-12-17T12:54:06Z
2010,REG,DET,15,00-0023790,WR,Brian Clark,Brian,Clark,Not Injury Related,,Questionable,Not Injury Related,,Limited Participation in Practice,2010-12-17T12:54:30Z
2010,REG,DET,15,00-0020679,QB,Shaun Hill,Shaun,Hill,right Finger,,Questionable,right Finger,,Limited Participation in Practice,2010-12-17T12:54:47Z
2010,REG,DET,15,00-0027050,LB,DeAndre Levy,DeAndre,Levy,Groin,,Probable,Groin,,Full Participation in Practice,2010-12-17T12:50:54Z
2010,REG,DET,15,00-0027880,RB,Jahvid Best,Jahvid,Best,Toe,,Probable,Toe,,Limited Participation in Practice,2010-12-17T12:50:54Z
2010,REG,DET,15,00-0025441,DE,Turk McBride,Turk,McBride,Ankle,,Probable,Ankle,,Limited Participation in Practice,2010-12-17T12:50:54Z
2010,REG,DET,15,00-0021182,RB,Maurice Morris,Maurice,Morris,Chest,,Probable,Chest,,Limited Participation in Practice,2010-12-17T12:50:54Z
2010,REG,GB,15,00-0021706,DE,Cullen Jenkins,Cullen,Jenkins,Calf,,Out,Calf,,Out (Definitely Will Not Play),2010-12-17T12:19:22Z
2010,REG,GB,15,00-0023459,QB,Aaron Rodgers,Aaron,Rodgers,Concussion,,Doubtful,Concussion,,Did Not Participate In Practice,2010-12-17T12:19:41Z
2010,REG,GB,15,00-0027442,LB,Frank Zombo,Frank,Zombo,Knee,,Doubtful,Knee,,Did Not Participate In Practice,2010-12-17T12:20:03Z
2010,REG,GB,15,00-0024298,S,Anthony Smith,Anthony,Smith,Ankle,,Questionable,Ankle,,Did Not Participate In Practice,2010-12-17T12:19:52Z
2010,REG,GB,15,00-0026200,CB,Patrick Lee,Patrick,Lee,Ankle,,Questionable,Ankle,,Full Participation in Practice,2010-12-17T12:19:32Z
2010,REG,GB,15,00-0026763,LB,Diyral Briggs,Diyral,Briggs,Ankle,,Questionable,Ankle,,Limited Participation in Practice,2010-12-17T12:19:01Z
2010,REG,GB,15,00-0023404,S,Atari Bigby,Atari,Bigby,Hamstring,,Probable,Hamstring,,Full Participation in Practice,2010-12-17T12:18:06Z
2010,REG,GB,15,00-0024262,G,Daryn Colledge,Daryn,Colledge,Knee,,Probable,Knee,,Full Participation in Practice,2010-12-17T12:18:06Z
2010,REG,GB,15,00-0025578,RB,Korey Hall,Korey,Hall,Knee,,Probable,Knee,,Full Participation in Practice,2010-12-17T12:18:06Z
2010,REG,GB,15,00-0026275,G,Josh Sitton,Josh,Sitton,Knee,,Probable,Knee,,Full Participation in Practice,2010-12-17T12:18:06Z
2010,REG,GB,15,00-0025579,LB,Desmond Bishop,Desmond,Bishop,Hamstring,,Probable,Hamstring,,Limited Participation in Practice,2010-12-17T12:18:32Z
2010,REG,GB,15,00-0019702,T,Chad Clifton,Chad,Clifton,Knees,,Probable,Knees,,Limited Participation in Practice,2010-12-17T12:18:06Z
2010,REG,GB,15,00-0027002,LB,Clay Matthews,Clay,Matthews,Shin,,Probable,Shin,,Limited Participation in Practice,2010-12-17T12:18:06Z
2010,REG,GB,15,00-0020515,DE,Ryan Pickett,Ryan,Pickett,Ankle,,Probable,Ankle,,Limited Participation in Practice,2010-12-17T12:18:06Z
2010,REG,GB,15,00-0018227,CB,Charles Woodson,Charles,Woodson,Toe,Ankle,Probable,Toe,Ankle,Limited Participation in Practice,2010-12-17T12:18:06Z
2010,REG,HOU,15,00-0027718,TE,Garrett Graham,Garrett,Graham,Hamstring,,Out,Hamstring,,Did Not Participate In Practice,2010-12-17T10:40:31Z
2010,REG,HOU,15,00-0026258,LB,Xavier Adibi,Xavier,Adibi,Hamstring,,Probable,Hamstring,,Full Participation in Practice,2010-12-17T10:40:18Z
2010,REG,HOU,15,00-0024313,TE,Owen Daniels,Owen,Daniels,Hamstring,,Probable,Hamstring,,Full Participation in Practice,2010-12-17T10:40:18Z
2010,REG,HOU,15,00-0023630,TE,Joel Dreessen,Joel,Dreessen,Hand,,Probable,Hand,,Full Participation in Practice,2010-12-17T10:40:18Z
2010,REG,HOU,15,00-0027081,CB,Glover Quin,Glover,Quin,Hand,,Probable,Hand,,Full Participation in Practice,2010-12-17T10:40:18Z
2010,REG,HOU,15,00-0022787,QB,Matt Schaub,Matt,Schaub,L. Arm,,Probable,L. Arm,,Full Participation in Practice,2010-12-17T10:40:18Z
2010,REG,HOU,15,00-0027703,LB,Darryl Sharpton,Darryl,Sharpton,Neck,,Probable,Neck,,Full Participation in Practice,2010-12-17T10:40:18Z
2010,REG,HOU,15,00-0021931,WR,Kevin Walter,Kevin,Walter,Knee,,Probable,Knee,,Full Participation in Practice,2010-12-17T10:40:18Z
2010,REG,HOU,15,00-0024281,T,Eric Winston,Eric,Winston,Shoulder,,Probable,Shoulder,,Full Participation in Practice,2010-12-17T10:40:18Z
2010,REG,HOU,15,00-0026991,LB,Brian Cushing,Brian,Cushing,Knee,Finger and Neck,Probable,Knee,Finger and Neck,Limited Participation in Practice,2010-12-17T10:40:18Z
2010,REG,HOU,15,00-0026796,RB,Arian Foster,Arian,Foster,Hip,,Probable,Hip,,Limited Participation in Practice,2010-12-17T10:40:18Z
2010,REG,HOU,15,00-0022044,WR,Andre Johnson,Andre,Johnson,Ankle,,Probable,Ankle,,Limited Participation in Practice,2010-12-17T10:40:18Z
2010,REG,HOU,15,00-0019676,K,Neil Rackers,Neil,Rackers,right Hamstring,,Probable,right Hamstring,,Limited Participation in Practice,2010-12-17T10:40:18Z
2010,REG,IND,15,00-0027761,TE,Brody Eldridge,Brody,Eldridge,,,,Rested,,Full Participation in Practice,2010-12-17T11:44:41Z
2010,REG,IND,15,00-0021146,DE,Dwight Freeney,Dwight,Freeney,,,,Rested,,Full Participation in Practice,2010-12-17T11:44:41Z
2010,REG,IND,15,00-0022059,DE,Robert Mathis,Robert,Mathis,,,,Rested,,Full Participation in Practice,2010-12-17T11:45:20Z
2010,REG,IND,15,00-0026342,RB,Mike Hart,Mike,Hart,Ankle,,Questionable,Ankle,,Did Not Participate In Practice,2010-12-17T11:51:23Z
2010,REG,IND,15,00-0023495,CB,Kelvin Hayden,Kelvin,Hayden,Neck,,Questionable,Neck,,Did Not Participate In Practice,2010-12-17T11:51:34Z
2010,REG,IND,15,00-0027092,WR,Austin Collie,Austin,Collie,Concussion,,Questionable,Concussion,,Full Participation in Practice,2010-12-17T11:50:22Z
2010,REG,IND,15,00-0024413,T,Charlie Johnson,Charlie,Johnson,Chest,,Questionable,Chest,,Full Participation in Practice,2010-12-17T11:51:43Z
2010,REG,IND,15,00-0027032,DT,Fili Moala,Fili,Moala,Knee,,Questionable,Knee,,Full Participation in Practice,2010-12-17T11:51:50Z
2010,REG,IND,15,00-0026267,TE,Jacob Tamme,Jacob,Tamme,Knee,,Questionable,Knee,,Full Participation in Practice,2010-12-17T11:52:14Z
2010,REG,IND,15,00-0024245,RB,Joseph Addai,Joseph,Addai,Neck,,Questionable,Neck,,Limited Participation in Practice,2010-12-17T11:50:15Z
2010,REG,IND,15,00-0026376,G,Jamey Richard,Jamey,Richard,Hip,,Questionable,Hip,,Limited Participation in Practice,2010-12-17T11:51:57Z
2010,REG,IND,15,00-0025523,LB,Clint Session,Clint,Session,Elbow,,Questionable,Elbow,,Limited Participation in Practice,2010-12-17T11:52:04Z
2010,REG,IND,15,00-0027153,G,Jaimie Thomas,Jaimie,Thomas,Illness,,Probable,Illness,,Full Participation in Practice,2010-12-17T11:49:32Z
2010,REG,JAX,15,00-0025435,LB,Justin Durant,Justin,Durant,Groin,,Out,Groin,,Did Not Participate In Practice,2010-12-17T11:04:03Z
2010,REG,JAX,15,00-0026202,CB,Terrence Wheatley,Terrence,Wheatley,Hamstring,,Out,Hamstring,,Did Not Participate In Practice,2010-12-17T11:05:15Z
2010,REG,JAX,15,00-0026960,S,Courtney Greene,Courtney,Greene,Shoulder,,Out,Shoulder,,Limited Participation in Practice,2010-12-17T11:04:21Z
2010,REG,JAX,15,00-0021231,QB,David Garrard,David,Garrard,Hamstring,,Questionable,Hamstring,,Limited Participation in Practice,2010-12-17T11:04:14Z
2010,REG,JAX,15,00-0024275,RB,Maurice Jones-Drew,Maurice,Jones-Drew,Knee,,Questionable,Knee,,Limited Participation in Practice,2010-12-17T11:04:32Z
2010,REG,JAX,15,00-0027511,DE,Aaron Morgan,Aaron,Morgan,Hamstring,,Questionable,Hamstring,,Limited Participation in Practice,2010-12-17T11:04:57Z
2010,REG,JAX,15,00-0027862,DT,Tyson Alualu,Tyson,Alualu,Knee,,Probable,Knee,,Full Participation in Practice,2010-12-17T11:03:46Z
2010,REG,JAX,15,00-0027752,DE,Austen Lane,Austen,Lane,Knee,,Probable,Knee,,Full Participation in Practice,2010-12-17T11:03:46Z
2010,REG,JAX,15,00-0027125,TE,Zach Miller,Zach,Miller,Ankle,,Probable,Ankle,,Full Participation in Practice,2010-12-17T11:03:46Z
2010,REG,JAX,15,00-0022089,G,Vincent Manuwai,Vincent,Manuwai,Foot,,Probable,Foot,,Limited Participation in Practice,2010-12-17T11:03:46Z
2010,REG,JAX,15,00-0024103,RB,Montell Owens,Montell,Owens,Hamstring,,Probable,Hamstring,,Limited Participation in Practice,2010-12-17T11:03:46Z
2010,REG,KC,15,00-0023662,QB,Matt Cassel,Matt,Cassel,Illness,,Questionable,Illness,,Limited Participation in Practice,2010-12-17T12:21:12Z
2010,REG,MIA,15,00-0023639,C,Joe Berger,Joe,Berger,Ankle,,Probable,Ankle,,Full Participation in Practice,2010-12-17T10:30:09Z
2010,REG,MIA,15,00-0027744,CB,Nolan Carroll,Nolan,Carroll,Knee,,Probable,Knee,,Full Participation in Practice,2010-12-17T10:30:09Z
2010,REG,MIA,15,00-0027762,S,Reshad Jones,Reshad,Jones,Rib,Hamstring,Probable,Rib,Hamstring,Full Participation in Practice,2010-12-17T10:30:09Z
2010,REG,MIA,15,00-0027037,CB,Sean Smith,Sean,Smith,Ankle,,Probable,Ankle,,Full Participation in Practice,2010-12-17T10:30:29Z
2010,REG,MIN,15,00-0005106,QB,Brett Favre,Brett,Favre,right Shoulder,Ankle,Out,right Shoulder,Ankle,Did Not Participate In Practice,2010-12-18T11:31:21Z
2010,REG,MIN,15,00-0020466,G,Steve Hutchinson,Steve,Hutchinson,Thumb,,Out,Thumb,,Did Not Participate In Practice,2010-12-18T11:31:04Z
2010,REG,MIN,15,00-0026183,S,Tyrell Johnson,Tyrell,Johnson,Knee,,Out,Knee,,Did Not Participate In Practice,2010-12-18T11:31:11Z
2010,REG,MIN,15,00-0026952,S,Jamarca Sanford,Jamarca,Sanford,Concussion,,Questionable,Concussion,,Did Not Participate In Practice,2010-12-18T11:31:50Z
2010,REG,MIN,15,00-0024342,DE,Ray Edwards,Ray,Edwards,Ankle,,Questionable,Ankle,,Limited Participation in Practice,2010-12-18T11:31:30Z
2010,REG,MIN,15,00-0025394,RB,Adrian Peterson,Adrian,Peterson,Ankle,Knee,Questionable,Ankle,Knee,Limited Participation in Practice,2010-12-18T11:31:39Z
2010,REG,MIN,15,00-0027058,CB,Asher Allen,Asher,Allen,Ankle,,Probable,Ankle,,Full Participation in Practice,2010-12-18T11:30:51Z
2010,REG,MIN,15,00-0027796,QB,Joe Webb,Joe,Webb,Hamstring,,Probable,Hamstring,,Full Participation in Practice,2010-12-18T11:30:51Z
2010,REG,NE,15,00-0027016,DT,Ron Brace,Ron,Brace,Concussion,,Questionable,Concussion,,Did Not Participate In Practice,2010-12-17T13:03:39Z
2010,REG,NE,15,00-0027713,TE,Aaron Hernandez,Aaron,Hernandez,Illness,,Questionable,Illness,,Did Not Participate In Practice,2010-12-17T13:03:26Z
2010,REG,NE,15,00-0027138,DE,Myron Pryor,Myron,Pryor,Back,,Questionable,Back,,Did Not Participate In Practice,2010-12-17T13:04:12Z
2010,REG,NE,15,00-0023255,DE,Mike Wright,Mike,Wright,Concussion,,Questionable,Concussion,,Did Not Participate In Practice,2010-12-17T13:04:27Z
2010,REG,NE,15,00-0027647,CB,Devin McCourty,Devin,McCourty,Rib,,Questionable,Rib,,Limited Participation in Practice,2010-12-17T13:04:05Z
2010,REG,NE,15,00-0020524,DE,Gerard Warren,Gerard,Warren,Knee,,Questionable,Knee,,Limited Participation in Practice,2010-12-17T13:04:21Z
2010,REG,NE,15,00-0026071,CB,Kyle Arrington,Kyle,Arrington,Elbow,,Probable,Elbow,,Full Participation in Practice,2010-12-17T13:02:38Z
2010,REG,NE,15,00-0019596,QB,Tom Brady,Tom,Brady,right Shoulder,Foot,Probable,right Shoulder,Foot,Limited Participation in Practice,2010-12-17T13:02:38Z
2010,REG,NE,15,00-0021192,WR,Deion Branch,Deion,Branch,Knee,,Probable,Knee,,Limited Participation in Practice,2010-12-17T13:02:38Z
2010,REG,NE,15,00-0027017,CB,Darius Butler,Darius,Butler,Thigh,,Probable,Thigh,,Limited Participation in Practice,2010-12-17T13:03:04Z
2010,REG,NO,15,00-0023503,WR,Courtney Roby,Courtney,Roby,Head,,Out,Head,,Did Not Participate In Practice,2010-12-17T11:10:04Z
2010,REG,NO,15,00-0024301,TE,David Thomas,David,Thomas,Knee,,Out,Knee,,Did Not Participate In Practice,2010-12-17T11:10:10Z
2010,REG,NO,15,00-0027531,RB,Chris Ivory,Chris,Ivory,Hamstring,,Questionable,Hamstring,,Did Not Participate In Practice,2010-12-17T11:09:54Z
2010,REG,NO,15,00-0022753,DT,Tony Hargrove,Tony,Hargrove,Knee,,Questionable,Knee,,Limited Participation in Practice,2010-12-17T11:09:48Z
2010,REG,NO,15,00-0026990,S,Malcolm Jenkins,Malcolm,Jenkins,Rib,,Probable,Rib,,Full Participation in Practice,2010-12-17T11:09:34Z
2010,REG,NO,15,00-0026180,CB,Tracy Porter,Tracy,Porter,Shoulder,,Probable,Shoulder,,Full Participation in Practice,2010-12-17T11:09:34Z
2010,REG,NO,15,00-0021148,TE,Jeremy Shockey,Jeremy,Shockey,Groin,,Probable,Groin,,Full Participation in Practice,2010-12-17T11:09:34Z
2010,REG,NO,15,00-0024424,T,Zach Strief,Zach,Strief,Knee,,Probable,Knee,,Full Participation in Practice,2010-12-17T11:09:34Z
2010,REG,NO,15,00-0024073,DT,Remi Ayodele,Remi,Ayodele,Ankle,,Probable,Ankle,,Limited Participation in Practice,2010-12-17T11:09:34Z
2010,REG,NO,15,00-0025512,T,Jermon Bushrod,Jermon,Bushrod,Ankle,,Probable,Ankle,,Limited Participation in Practice,2010-12-17T11:09:34Z
2010,REG,NO,15,00-0022778,LB,Jonathan Vilma,Jonathan,Vilma,Quadricep,,Probable,Quadricep,,Limited Participation in Practice,2010-12-17T11:09:34Z
2010,REG,NYG,15,00-0025438,WR,Steve Smith,Steve,Smith,,,,Knee,Pectoral,Out (Definitely Will Not Play),2010-12-16T10:51:04Z
2010,REG,NYG,15,00-0022779,G,Shawn Andrews,Shawn,Andrews,Back,,Questionable,Back,,Limited Participation in Practice,2010-12-17T10:23:04Z
2010,REG,NYG,15,00-0023593,LB,Michael Boley,Michael,Boley,Shoulder,,Questionable,Shoulder,,Limited Participation in Practice,2010-12-17T14:23:13Z
2010,REG,NYG,15,00-0019276,C,Shaun O'Hara,Shaun,O'Hara,Foot,,Questionable,Foot,,Limited Participation in Practice,2010-12-17T10:23:30Z
2010,REG,NYG,15,00-0026174,WR,Devin Thomas,Devin,Thomas,Hamstring,,Questionable,Hamstring,,Limited Participation in Practice,2010-12-17T10:23:46Z
2010,REG,NYG,15,00-0022838,G,Chris Snee,Chris,Snee,Hip,,Probable,Hip,,Full Participation in Practice,2010-12-17T10:22:47Z
2010,REG,NYG,15,00-0023509,DE,Justin Tuck,Justin,Tuck,Abdomen,,Probable,Abdomen,,Full Participation in Practice,2010-12-17T10:22:47Z
2010,REG,NYG,15,00-0021977,DE,Osi Umenyiora,Osi,Umenyiora,Knee,,Probable,Knee,,Full Participation in Practice,2010-12-17T10:22:47Z
2010,REG,NYG,15,00-0026235,WR,Mario Manningham,Mario,Manningham,Hip,,Probable,Hip,,Limited Participation in Practice,2010-12-17T10:22:47Z
2010,REG,NYJ,15,00-0013694,RB,Tony Richardson,Tony,Richardson,,,,Not Injury Related,,Full Participation in Practice,2010-12-16T12:54:58Z
2010,REG,NYJ,15,00-0020536,RB,LaDainian Tomlinson,LaDainian,Tomlinson,,,,Not Injury Related,,Full Participation in Practice,2010-12-16T12:55:04Z
2010,REG,NYJ,15,00-0013282,DE,Trevor Pryce,Trevor,Pryce,Hip,,Out,Hip,,Out (Definitely Will Not Play),2010-12-17T11:21:14Z
2010,REG,NYJ,15,00-0024312,S,Eric Smith,Eric,Smith,Concussion,,Out,Concussion,,Out (Definitely Will Not Play),2010-12-17T11:21:48Z
2010,REG,NYJ,15,00-0018234,T,Damien Woody,Damien,Woody,Knee,,Out,Knee,,Out (Definitely Will Not Play),2010-12-17T11:21:55Z
2010,REG,NYJ,15,00-0025753,S,James Ihedigbo,James,Ihedigbo,Ankle,Knee,Questionable,Ankle,Knee,Limited Participation in Practice,2010-12-17T11:21:08Z
2010,REG,NYJ,15,00-0024244,C,Nick Mangold,Nick,Mangold,Shoulder,,Probable,Shoulder,,Full Participation in Practice,2010-12-17T11:20:59Z
2010,REG,NYJ,15,00-0023523,DT,Sione Pouha,Sione,Pouha,Finger,,Probable,Finger,,Full Participation in Practice,2010-12-17T11:20:59Z
2010,REG,NYJ,15,00-0024318,WR,Brad Smith,Brad,Smith,Hand,,Probable,Hand,,Full Participation in Practice,2010-12-17T11:20:59Z
2010,REG,NYJ,15,00-0025401,CB,Darrelle Revis,Darrelle,Revis,Hamstring,,Probable,Hamstring,,Limited Participation in Practice,2010-12-17T11:20:59Z
2010,REG,OAK,15,00-0027904,LB,Rolando McClain,Rolando,McClain,Foot,,Questionable,Foot,,Did Not Participate In Practice,2010-12-17T12:43:47Z
2010,REG,OAK,15,00-0022077,CB,Nnamdi Asomugha,Nnamdi,Asomugha,Ankle,,Questionable,Ankle,,Limited Participation in Practice,2010-12-17T12:42:26Z
2010,REG,OAK,15,00-0024201,S,Hiram Eugene,Hiram,Eugene,Ribs,,Questionable,Ribs,,Limited Participation in Practice,2010-12-17T12:43:00Z
2010,REG,OAK,15,00-0025486,WR,Johnnie Lee Higgins,Johnnie Lee,Higgins,Ankle,,Questionable,Ankle,,Limited Participation in Practice,2010-12-17T12:43:25Z
2010,REG,OAK,15,00-0026536,WR,Nick Miller,Nick,Miller,Ankle,,Questionable,Ankle,,Limited Participation in Practice,2010-12-17T12:44:04Z
2010,REG,OAK,15,00-0023487,T,Khalif Barnes,Khalif,Barnes,Back,,Probable,Back,,Full Participation in Practice,2010-12-17T12:42:17Z
2010,REG,OAK,15,00-0022164,QB,Kyle Boller,Kyle,Boller,Quadricep,,Probable,Quadricep,,Full Participation in Practice,2010-12-17T12:42:17Z
2010,REG,OAK,15,00-0026240,S,Tyvon Branch,Tyvon,Branch,Shoulder,,Probable,Shoulder,,Full Participation in Practice,2010-12-17T12:42:17Z
2010,REG,OAK,15,00-0027788,LB,Travis Goethel,Travis,Goethel,Knee,,Probable,Knee,,Full Participation in Practice,2010-12-17T12:42:17Z
2010,REG,OAK,15,00-0021949,CB,Chris Johnson,Chris,Johnson,Groin,,Probable,Groin,,Full Participation in Practice,2010-12-17T12:42:17Z
2010,REG,OAK,15,00-0025425,TE,Zach Miller,Zach,Miller,Foot,,Probable,Foot,,Full Participation in Practice,2010-12-17T12:42:17Z
2010,REG,OAK,15,00-0020442,DT,Richard Seymour,Richard,Seymour,Knee,,Probable,Knee,,Full Participation in Practice,2010-12-17T12:42:17Z
2010,REG,PHI,15,00-0027721,LB,Keenan Clayton,Keenan,Clayton,Hamstring,,Out,Hamstring,,Did Not Participate In Practice,2010-12-17T10:49:47Z
2010,REG,PHI,15,00-0025474,LB,Stewart Bradley,Stewart,Bradley,Elbow,,Out,Elbow,,Out (Definitely Will Not Play),2010-12-17T10:49:41Z
2010,REG,PHI,15,00-0026189,WR,DeSean Jackson,DeSean,Jackson,Foot,,Questionable,Foot,,Limited Participation in Practice,2010-12-17T10:49:53Z
2010,REG,PHI,15,00-0024254,T,Winston Justice,Winston,Justice,Knee,,Questionable,Knee,,Limited Participation in Practice,2010-12-17T10:50:13Z
2010,REG,PHI,15,00-0021956,CB,Asante Samuel,Asante,Samuel,Knee,,Questionable,Knee,,Limited Participation in Practice,2010-12-17T10:50:07Z
2010,REG,PHI,15,00-0027798,CB,Jorrick Calvin,Jorrick,Calvin,Back,,Probable,Back,,Full Participation in Practice,2010-12-17T10:49:35Z
2010,REG,PHI,15,00-0024156,G,Nick Cole,Nick,Cole,Knee,,Probable,Knee,,Full Participation in Practice,2010-12-17T10:49:35Z
2010,REG,PHI,15,00-0027725,TE,Clay Harbor,Clay,Harbor,Abdomen,,Probable,Abdomen,,Full Participation in Practice,2010-12-17T10:49:35Z
2010,REG,PIT,15,00-0020712,LB,James Harrison,James,Harrison,,,,Illness,,Did Not Participate In Practice,2010-12-16T12:23:36Z
2010,REG,PIT,15,00-0017162,WR,Hines Ward,Hines,Ward,,,,Not Injury Related,,Did Not Participate In Practice,2010-12-15T12:31:06Z
2010,REG,PIT,15,00-0015080,DE,Aaron Smith,Aaron,Smith,Triceps,,Out,Triceps,,Did Not Participate In Practice,2010-12-17T11:35:49Z
2010,REG,PIT,15,00-0026564,DT,Steve McLendon,Steve,McLendon,Stinger,,Doubtful,Stinger,,Did Not Participate In Practice,2010-12-17T11:35:23Z
2010,REG,PIT,15,00-0022119,S,Troy Polamalu,Troy,Polamalu,Ankle,,Doubtful,Ankle,,Did Not Participate In Practice,2010-12-17T11:35:37Z
2010,REG,PIT,15,00-0023465,TE,Heath Miller,Heath,Miller,Concussion,,Questionable,Concussion,,Full Participation in Practice,2010-12-17T11:35:30Z
2010,REG,PIT,15,00-0000045,T,Flozell Adams,Flozell,Adams,Ankle,,Probable,Ankle,,Full Participation in Practice,2010-12-17T11:35:04Z
2010,REG,PIT,15,00-0023497,CB,Bryant McFadden,Bryant,McFadden,Hamstring,,Probable,Hamstring,,Full Participation in Practice,2010-12-17T11:35:04Z
2010,REG,SD,15,00-0021544,LB,Stephen Cooper,Stephen,Cooper,,,,Knee,,Full Participation in Practice,2010-12-13T16:47:39Z
2010,REG,SD,15,00-0022766,WR,Patrick Crayton,Patrick,Crayton,Wrist,,Out,Wrist,,Did Not Participate In Practice,2010-12-15T12:51:54Z
2010,REG,SD,15,00-0026992,LB,Larry English,Larry,English,Foot,,Out,Foot,,Did Not Participate In Practice,2010-12-15T12:52:04Z
2010,REG,SD,15,00-0021547,TE,Antonio Gates,Antonio,Gates,Toe,Foot,Doubtful,Toe,Foot,Did Not Participate In Practice,2010-12-15T12:52:14Z
2010,REG,SD,15,00-0022414,WR,Malcom Floyd,Malcom,Floyd,Hamstring,,Questionable,Hamstring,,Did Not Participate In Practice,2010-12-15T12:52:34Z
2010,REG,SD,15,00-0024352,S,Pat Watkins,Pat,Watkins,Knee,,Questionable,Knee,,Did Not Participate In Practice,2010-12-15T12:51:41Z
2010,REG,SD,15,00-0025627,LB,Brandon Siler,Brandon,Siler,Ribs,,Questionable,Ribs,,Full Participation in Practice,2010-12-15T12:52:43Z
2010,REG,SD,15,00-0027052,G,Louis Vasquez,Louis,Vasquez,Neck,,Questionable,Neck,,Full Participation in Practice,2010-12-15T12:52:53Z
2010,REG,SD,15,00-0022169,DT,Antonio Garay,Antonio,Garay,Ankle,,Probable,Ankle,,Full Participation in Practice,2010-12-15T12:51:13Z
2010,REG,SD,15,00-0024265,T,Marcus McNeill,Marcus,McNeill,Knee,,Probable,Knee,,Full Participation in Practice,2010-12-15T12:51:13Z
2010,REG,SD,15,00-0025559,WR,Legedu Naanee,Legedu,Naanee,Hamstring,,Probable,Hamstring,,Full Participation in Practice,2010-12-15T12:51:13Z
2010,REG,SD,15,00-0021542,DE,Jacques Cesaire,Jacques,Cesaire,Knee,,Probable,Knee,,Limited Participation in Practice,2010-12-15T12:51:13Z
2010,REG,SEA,15,00-0027711,CB,Walter Thurmond,Walter,Thurmond,Hamstring,,Questionable,Hamstring,,Did Not Participate In Practice,2010-12-17T12:55:51Z
2010,REG,SEA,15,00-0015754,WR,Brandon Stokley,Brandon,Stokley,Hamstring,,Questionable,Hamstring,,Full Participation in Practice,2010-12-17T12:55:44Z
2010,REG,SEA,15,00-0025848,CB,Roy Lewis,Roy,Lewis,Knee,,Questionable,Knee,,Limited Participation in Practice,2010-12-17T12:55:33Z
2010,REG,SEA,15,00-0010373,K,Olindo Mare,Olindo,Mare,left Hamstring,,Probable,left Hamstring,,Did Not Participate In Practice,2010-12-17T12:55:22Z
2010,REG,SEA,15,00-0021577,DE,Chris Clemons,Chris,Clemons,Ankle,,Probable,Ankle,,Full Participation in Practice,2010-12-17T12:55:22Z
2010,REG,SEA,15,00-0007091,QB,Matt Hasselbeck,Matt,Hasselbeck,left Wrist,,Probable,left Wrist,,Full Participation in Practice,2010-12-17T12:55:22Z
2010,REG,SEA,15,00-0024463,WR,Ben Obomanu,Ben,Obomanu,Hand,,Probable,Hand,,Full Participation in Practice,2010-12-17T12:55:22Z
2010,REG,SEA,15,00-0023461,C,Chris Spencer,Chris,Spencer,Shoulder,,Probable,Shoulder,,Full Participation in Practice,2010-12-17T12:55:22Z
2010,REG,SEA,15,00-0023452,WR,Mike Williams,Mike,Williams,Ankle,,Probable,Ankle,,Full Participation in Practice,2010-12-17T12:55:22Z
2010,REG,SF,15,00-0011970,K,Joe Nedney,Joe,Nedney,right Knee,,Out,right Knee,,Out (Definitely Will Not Play),2010-12-15T11:33:55Z
2010,REG,SF,15,00-0025415,T,Joe Staley,Joe,Staley,Fibula,,Out,Fibula,,Out (Definitely Will Not Play),2010-12-15T11:33:01Z
2010,REG,SF,15,00-0015474,LB,Takeo Spikes,Takeo,Spikes,Hand,,Questionable,Hand,,Did Not Participate In Practice,2010-12-15T11:33:18Z
2010,REG,SF,15,00-0025398,LB,Patrick Willis,Patrick,Willis,Hand,,Questionable,Hand,,Did Not Participate In Practice,2010-12-15T11:33:30Z
2010,REG,SF,15,00-0027894,LB,Navorro Bowman,Navorro,Bowman,Hamstring,,Questionable,Hamstring,,Limited Participation in Practice,2010-12-15T11:33:44Z
2010,REG,SF,15,00-0027780,TE,Nate Byham,Nate,Byham,Shoulder,,Probable,Shoulder,,Full Participation in Practice,2010-12-15T11:32:50Z
2010,REG,SF,15,00-0027869,G,Mike Iupati,Mike,Iupati,Shoulder,,Probable,Shoulder,,Full Participation in Practice,2010-12-15T11:32:50Z
2010,REG,SF,15,00-0021216,RB,Brian Westbrook,Brian,Westbrook,Not Injury Related,,Probable,Not Injury Related,,Full Participation in Practice,2010-12-15T11:32:50Z
2010,REG,SF,15,00-0025615,RB,DeShawn Wynn,DeShawn,Wynn,Ankle,,Probable,Ankle,,Full Participation in Practice,2010-12-15T11:32:50Z
2010,REG,STL,15,00-0027732,TE,Michael Hoomanawanui,Michael,Hoomanawanui,Ankle,,Out,Ankle,,Did Not Participate In Practice,2010-12-17T11:00:26Z
2010,REG,STL,15,00-0025633,RB,Kenneth Darby,Kenneth,Darby,Chest,,Questionable,Chest,,Limited Participation in Practice,2010-12-17T10:59:53Z
2010,REG,STL,15,00-0026830,LB,David Nixon,David,Nixon,Hand,,Questionable,Hand,,Limited Participation in Practice,2010-12-17T11:00:41Z
2010,REG,STL,15,00-0023485,CB,Ron Bartell,Ron,Bartell,Neck,,Probable,Neck,,Full Participation in Practice,2010-12-17T10:59:13Z
2010,REG,STL,15,00-0022875,G,Jacob Bell,Jacob,Bell,Knee,,Probable,Knee,,Full Participation in Practice,2010-12-17T10:59:13Z
2010,REG,STL,15,00-0022684,P,Donnie Jones,Donnie,Jones,Illness,,Probable,Illness,,Full Participation in Practice,2010-12-17T10:59:13Z
2010,REG,TB,15,00-0027702,WR,Mike Williams,Mike,Williams,Knee,,Probable,Knee,,Full Participation in Practice,2010-12-17T11:53:46Z
2010,REG,TB,15,00-0022922,TE,Kellen Winslow,Kellen,Winslow,Knee,,Probable,Knee,,Full Participation in Practice,2010-12-17T11:53:46Z
2010,REG,TEN,15,00-0022814,DE,Dave Ball,Dave,Ball,Concussion,Hip,Out,Concussion,Hip,Did Not Participate In Practice,2010-12-17T12:18:59Z
2010,REG,TEN,15,00-0027066,CB,Ryan Mouton,Ryan,Mouton,Hamstring,,Out,Hamstring,,Did Not Participate In Practice,2010-12-17T12:19:27Z
2010,REG,TEN,15,00-0022100,S,Donnie Nickey,Donnie,Nickey,Back,,Questionable,Back,,Did Not Participate In Practice,2010-12-17T12:19:44Z
2010,REG,TEN,15,00-0023622,DT,Jovan Haye,Jovan,Haye,Concussion,,Questionable,Concussion,,Full Participation in Practice,2010-12-17T12:19:10Z
2010,REG,TEN,15,00-0027038,DT,Sen'Derrick Marks,Sen'Derrick,Marks,Ankle,,Questionable,Ankle,,Limited Participation in Practice,2010-12-17T12:19:18Z
2010,REG,WAS,15,00-0024410,DE,Kedric Golston,Kedric,Golston,Groin,Elbow,Out,Groin,Elbow,Did Not Participate In Practice,2010-12-17T13:34:21Z
2010,REG,WAS,15,00-0020450,C,Casey Rabach,Casey,Rabach,Knee,,Questionable,Knee,,Full Participation in Practice,2010-12-17T13:34:43Z
2010,REG,WAS,15,00-0026279,RB,Ryan Torain,Ryan,Torain,Hamstring,,Questionable,Hamstring,,Full Participation in Practice,2010-12-17T13:35:02Z
2010,REG,WAS,15,00-0027618,WR,Brandon Banks,Brandon,Banks,Knee,,Questionable,Knee,,Limited Participation in Practice,2010-12-17T13:33:58Z
2010,REG,WAS,15,00-0003874,DE,Phillip Daniels,Phillip,Daniels,Abdomen,,Questionable,Abdomen,,Limited Participation in Practice,2010-12-17T13:34:11Z
2010,REG,WAS,15,00-0026320,S,Kareem Moore,Kareem,Moore,Knee,,Questionable,Knee,,Limited Participation in Practice,2010-12-17T13:34:35Z
2010,REG,WAS,15,00-0023444,CB,Carlos Rogers,Carlos,Rogers,Hamstring,,Questionable,Hamstring,,Limited Participation in Practice,2010-12-17T13:34:50Z
2010,REG,WAS,15,00-0023259,LB,Lorenzo Alexander,Lorenzo,Alexander,Hamstring,,Questionable,Hamstring,,Out (Definitely Will Not Play),2010-12-17T13:33:53Z
2010,REG,WAS,15,00-0026858,K,Graham Gano,Graham,Gano,Ribs,,Probable,Ribs,,Full Participation in Practice,2010-12-17T13:33:45Z
2010,REG,WAS,15,00-0011022,QB,Donovan McNabb,Donovan,McNabb,Hamstring,,Probable,Hamstring,,Full Participation in Practice,2010-12-17T13:33:45Z
2010,REG,ARI,16,00-0026956,RB,LaRod Stephens-Howling,LaRod,Stephens-Howling,Hamstring,,Doubtful,Hamstring,,Did Not Participate In Practice,2010-12-24T11:40:11Z
2010,REG,ARI,16,00-0019538,LB,Clark Haggans,Clark,Haggans,Groin,,Questionable,Groin,,Limited Participation in Practice,2010-12-24T11:40:20Z
2010,REG,ARI,16,00-0013126,LB,Joey Porter,Joey,Porter,Tricep,,Questionable,Tricep,,Limited Participation in Practice,2010-12-24T11:40:28Z
2010,REG,ARI,16,00-0023645,QB,Derek Anderson,Derek,Anderson,Head,Illness,Probable,Head,Illness,Full Participation in Practice,2010-12-24T11:39:59Z
2010,REG,ARI,16,00-0026190,DE,Calais Campbell,Calais,Campbell,Chest,,Probable,Chest,,Full Participation in Practice,2010-12-24T11:39:59Z
2010,REG,ARI,16,00-0023108,TE,Stephen Spach,Stephen,Spach,Illness,,Probable,Illness,,Full Participation in Practice,2010-12-24T11:39:59Z
2010,REG,ATL,16,00-0019546,DE,John Abraham,John,Abraham,Groin,,Questionable,Groin,,Full Participation in Practice,2010-12-25T12:55:48Z
2010,REG,ATL,16,00-0023494,DT,Jonathan Babineaux,Jonathan,Babineaux,Shoulder,,Questionable,Shoulder,,Full Participation in Practice,2010-12-25T12:55:56Z
2010,REG,ATL,16,00-0026177,LB,Curtis Lofton,Curtis,Lofton,Knee,,Questionable,Knee,,Full Participation in Practice,2010-12-25T12:56:03Z
2010,REG,ATL,16,00-0022143,RB,Ovie Mughelli,Ovie,Mughelli,Shoulder,,Questionable,Shoulder,,Full Participation in Practice,2010-12-25T12:56:10Z
2010,REG,ATL,16,00-0024535,WR,Eric Weems,Eric,Weems,Knee,,Questionable,Knee,,Full Participation in Practice,2010-12-25T12:56:16Z
2010,REG,ATL,16,00-0023462,WR,Roddy White,Roddy,White,Knee,,Questionable,Knee,,Full Participation in Practice,2010-12-25T12:56:23Z
2010,REG,BAL,16,00-0027755,WR,David Reed,David,Reed,Head,,Out,Head,,Did Not Participate In Practice,2010-12-24T10:23:02Z
2010,REG,BAL,16,00-0026226,S,Tom Zbikowski,Tom,Zbikowski,Back,,Out,Back,,Did Not Participate In Practice,2010-12-24T10:23:08Z
2010,REG,BAL,16,00-0023008,CB,Chris Carr,Chris,Carr,Illness,,Questionable,Illness,,Did Not Participate In Practice,2010-12-24T10:22:24Z
2010,REG,BAL,16,00-0020516,TE,Todd Heap,Todd,Heap,Thigh,,Questionable,Thigh,,Limited Participation in Practice,2010-12-24T10:22:51Z
2010,REG,BAL,16,00-0021998,DE,Cory Redding,Cory,Redding,Elbow,,Probable,Elbow,,Did Not Participate In Practice,2010-12-24T10:22:37Z
2010,REG,BAL,16,00-0000551,LB,Brendon Ayanbadejo,Brendon,Ayanbadejo,Knee,,Probable,Knee,,Full Participation in Practice,2010-12-24T10:22:07Z
2010,REG,BAL,16,00-0001263,C,Matt Birk,Matt,Birk,Knee,,Probable,Knee,,Full Participation in Practice,2010-12-24T10:22:07Z
2010,REG,BAL,16,00-0010500,WR,Derrick Mason,Derrick,Mason,Ankle,,Probable,Ankle,,Full Participation in Practice,2010-12-24T10:22:07Z
2010,REG,BAL,16,00-0024379,T,Tony Moll,Tony,Moll,Illness,,Probable,Illness,,Full Participation in Practice,2010-12-24T10:22:07Z
2010,REG,BAL,16,00-0026346,S,Haruki Nakamura,Haruki,Nakamura,Illness,,Probable,Illness,,Full Participation in Practice,2010-12-24T10:22:07Z
2010,REG,BAL,16,00-0026911,LB,Jason Phillips,Jason,Phillips,Illness,,Probable,Illness,,Full Participation in Practice,2010-12-24T10:22:07Z
2010,REG,BAL,16,00-0026246,WR,Marcus Smith,Marcus,Smith,Shoulder,,Probable,Shoulder,,Full Participation in Practice,2010-12-24T10:22:07Z
2010,REG,BUF,16,00-0023602,C,Geoff Hangartner,Geoff,Hangartner,Knee,,Questionable,Knee,,Limited Participation in Practice,2010-12-24T09:30:33Z
2010,REG,BUF,16,00-0026359,T,Demetress Bell,Demetress,Bell,Knee,,Probable,Knee,,Full Participation in Practice,2010-12-24T09:30:03Z
2010,REG,BUF,16,00-0021995,LB,Chris Kelsay,Chris,Kelsay,Knee,,Probable,Knee,,Full Participation in Practice,2010-12-24T09:30:03Z
2010,REG,CAR,16,00-0027093,RB,Tony Fiammetta,Tony,Fiammetta,Ankle,,Out,Ankle,,Out (Definitely Will Not Play),2010-12-22T10:27:14Z
2010,REG,CAR,16,00-0022914,CB,Chris Gamble,Chris,Gamble,Ankle,,Doubtful,Ankle,,Did Not Participate In Practice,2010-12-22T10:27:49Z
2010,REG,CAR,16,00-0022047,DE,Tyler Brayton,Tyler,Brayton,Hip,,Questionable,Hip,,Full Participation in Practice,2010-12-22T10:26:11Z
2010,REG,CAR,16,00-0026390,G,Mackenzy Bernadeau,Mackenzy,Bernadeau,Knee,,Probable,Knee,,Full Participation in Practice,2010-12-22T10:25:37Z
2010,REG,CAR,16,00-0027692,WR,Armanti Edwards,Armanti,Edwards,Illness,,Probable,Illness,,Full Participation in Practice,2010-12-22T10:26:41Z
2010,REG,CAR,16,00-0027080,RB,Mike Goodson,Mike,Goodson,Illness,,Probable,Illness,,Full Participation in Practice,2010-12-22T10:28:27Z
2010,REG,CAR,16,00-0026944,CB,Captain Munnerlyn,Captain,Munnerlyn,Not Injury Related,,Probable,Not Injury Related,,Full Participation in Practice,2010-12-22T10:28:44Z
2010,REG,CAR,16,00-0025995,LB,Jordan Senn,Jordan,Senn,Knee,,Probable,Knee,,Full Participation in Practice,2010-12-22T10:29:50Z
2010,REG,CAR,16,00-0026715,T,Garry Williams,Garry,Williams,Knee,,Probable,Knee,,Full Participation in Practice,2010-12-22T10:30:12Z
2010,REG,CHI,16,00-0026282,CB,Zackary Bowman,Zackary,Bowman,,,,Foot,,Full Participation in Practice,2010-12-23T13:15:19Z
2010,REG,CHI,16,00-0022128,LB,Lance Briggs,Lance,Briggs,,,,Shoulder,,Full Participation in Practice,2010-12-23T13:15:33Z
2010,REG,CHI,16,00-0025555,CB,Corey Graham,Corey,Graham,,,,Calf,,Full Participation in Practice,2010-12-23T13:15:19Z
2010,REG,CHI,16,00-0026260,S,Craig Steltz,Craig,Steltz,,,,Ankle,,Full Participation in Practice,2010-12-23T13:15:19Z
2010,REG,CHI,16,00-0022123,CB,Charles Tillman,Charles,Tillman,,,,Knee,,Full Participation in Practice,2010-12-23T13:15:40Z
2010,REG,CHI,16,00-0027680,S,Major Wright,Major,Wright,,,,Ankle,,Full Participation in Practice,2010-12-23T13:15:19Z
2010,REG,CHI,16,00-0026210,WR,Earl Bennett,Earl,Bennett,Ankle,,Probable,Ankle,,Full Participation in Practice,2010-12-24T12:13:22Z
2010,REG,CHI,16,00-0022050,LB,Pisa Tinoisamoa,Pisa,Tinoisamoa,Knee,,Probable,Knee,,Full Participation in Practice,2010-12-24T12:13:22Z
2010,REG,CIN,16,00-0025439,RB,Brian Leonard,Brian,Leonard,Ankle,,Out,Ankle,,Did Not Participate In Practice,2010-12-24T09:56:27Z
2010,REG,CIN,16,00-0020397,WR,Chad Johnson,Chad,Johnson,Ankle,,Questionable,Ankle,,Limited Participation in Practice,2010-12-24T09:56:43Z
2010,REG,CIN,16,00-0023920,T,Dennis Roland,Dennis,Roland,Knee,,Questionable,Knee,,Limited Participation in Practice,2010-12-24T09:56:51Z
2010,REG,CIN,16,00-0026941,RB,Bernard Scott,Bernard,Scott,Toe,,Questionable,Toe,,Limited Participation in Practice,2010-12-24T09:56:58Z
2010,REG,CIN,16,00-0025471,CB,Jonathan Wade,Jonathan,Wade,Knee,,Questionable,Knee,,Limited Participation in Practice,2010-12-24T09:57:06Z
2010,REG,CIN,16,00-0024670,C,Kyle Cook,Kyle,Cook,Elbow,,Probable,Elbow,,Full Participation in Practice,2010-12-24T09:56:08Z
2010,REG,CLE,16,00-0026123,TE,Evan Moore,Evan,Moore,,,,Hip,,Did Not Participate In Practice,2010-12-22T12:37:11Z
2010,REG,CLE,16,00-0021273,TE,Robert Royal,Robert,Royal,Shoulder,,Doubtful,Shoulder,,Did Not Participate In Practice,2010-12-24T11:15:45Z
2010,REG,CLE,16,00-0022342,LB,Eric Alexander,Eric,Alexander,Groin,,Questionable,Groin,,Limited Participation in Practice,2010-12-24T11:16:05Z
2010,REG,CLE,16,00-0021262,DE,Kenyon Coleman,Kenyon,Coleman,Knee,,Questionable,Knee,,Limited Participation in Practice,2010-12-24T11:16:22Z
2010,REG,CLE,16,00-0020528,DT,Shaun Rogers,Shaun,Rogers,Ankle,Hip,Questionable,Ankle,Hip,Limited Participation in Practice,2010-12-24T11:16:47Z
2010,REG,CLE,16,00-0023176,WR,Joshua Cribbs,Joshua,Cribbs,Foot,,Probable,Foot,,Full Participation in Practice,2010-12-24T11:17:56Z
2010,REG,CLE,16,00-0027688,QB,Colt McCoy,Colt,McCoy,Illness,,Probable,Illness,,Full Participation in Practice,2010-12-24T11:18:37Z
2010,REG,CLE,16,00-0019666,T,John St. Clair,John,St. Clair,Ankle,,Probable,Ankle,,Full Participation in Practice,2010-12-24T11:19:18Z
2010,REG,CLE,16,00-0025622,WR,Chansi Stuckey,Chansi,Stuckey,Thigh,,Probable,Thigh,,Full Participation in Practice,2010-12-24T11:18:59Z
2010,REG,CLE,16,00-0020348,G,Floyd Womack,Floyd,Womack,Knee,,Probable,Knee,,Full Participation in Practice,2010-12-24T11:19:36Z
2010,REG,CLE,16,00-0026742,LB,Marcus Benard,Marcus,Benard,Shoulder,,Probable,Shoulder,,Limited Participation in Practice,2010-12-24T11:17:13Z
2010,REG,CLE,16,00-0021186,CB,Sheldon Brown,Sheldon,Brown,Shoulder,,Probable,Shoulder,,Limited Participation in Practice,2010-12-24T11:17:36Z
2010,REG,CLE,16,00-0026367,RB,Peyton Hillis,Peyton,Hillis,Knee,,Probable,Knee,,Limited Participation in Practice,2010-12-24T11:18:20Z
2010,REG,DAL,16,00-0022909,WR,Roy Williams,Roy,Williams,Groin,,Questionable,Groin,,Limited Participation in Practice,2010-12-24T11:43:11Z
2010,REG,DAL,16,00-0023544,RB,Marion Barber,Marion,Barber,Calf,,Probable,Calf,,Full Participation in Practice,2010-12-24T11:42:59Z
2010,REG,DAL,16,00-0001820,LB,Keith Brooking,Keith,Brooking,Foot,,Probable,Foot,,Full Participation in Practice,2010-12-24T11:42:59Z
2010,REG,DAL,16,00-0024609,WR,Jesse Holley,Jesse,Holley,Knee,,Probable,Knee,,Full Participation in Practice,2010-12-24T11:42:59Z
2010,REG,DAL,16,00-0022137,LB,Bradie James,Bradie,James,Knee,,Probable,Knee,,Full Participation in Practice,2010-12-24T11:42:59Z
2010,REG,DAL,16,00-0026162,RB,Felix Jones,Felix,Jones,Shin,,Probable,Shin,,Full Participation in Practice,2010-12-24T11:42:59Z
2010,REG,DAL,16,00-0027663,LB,Sean Lee,Sean,Lee,Shoulder,Concussion,Probable,Shoulder,Concussion,Full Participation in Practice,2010-12-24T11:42:59Z
2010,REG,DAL,16,00-0023590,S,Gerald Sensabaugh,Gerald,Sensabaugh,Concussion,,Probable,Concussion,,Full Participation in Practice,2010-12-24T11:42:59Z
2010,REG,DEN,16,00-0023853,K,Matt Prater,Matt,Prater,,,,right Groin,,Did Not Participate In Practice,2010-12-22T13:58:27Z
2010,REG,DEN,16,00-0017813,DT,Jamal Williams,Jamal,Williams,,,,Not Injury Related,,Did Not Participate In Practice,2010-12-23T14:03:14Z
2010,REG,DEN,16,00-0027083,S,David Bruton,David,Bruton,Ribs,,Questionable,Ribs,,Limited Participation in Practice,2010-12-24T12:32:31Z
2010,REG,DEN,16,00-0004073,S,Brian Dawkins,Brian,Dawkins,Knee,,Questionable,Knee,,Limited Participation in Practice,2010-12-24T12:32:48Z
2010,REG,DEN,16,00-0027024,S,Darcel McBath,Darcel,McBath,Quadricep,,Questionable,Quadricep,,Limited Participation in Practice,2010-12-24T12:32:58Z
2010,REG,DEN,16,00-0026988,RB,Knowshon Moreno,Knowshon,Moreno,Ribs,,Questionable,Ribs,,Limited Participation in Practice,2010-12-24T12:33:10Z
2010,REG,DEN,16,00-0023541,QB,Kyle Orton,Kyle,Orton,Ribs,,Questionable,Ribs,,Limited Participation in Practice,2010-12-24T12:33:17Z
2010,REG,DEN,16,00-0027874,WR,Demaryius Thomas,Demaryius,Thomas,Ankle,,Questionable,Ankle,,Limited Participation in Practice,2010-12-24T12:33:28Z
2010,REG,DEN,16,00-0024607,TE,Daniel Coats,Daniel,Coats,Finger,,Probable,Finger,,Full Participation in Practice,2010-12-24T12:32:20Z
2010,REG,DEN,16,00-0026182,WR,Eddie Royal,Eddie,Royal,Back,,Probable,Back,,Full Participation in Practice,2010-12-24T12:32:20Z
2010,REG,DET,16,00-0026498,QB,Matthew Stafford,Matthew,Stafford,right Shoulder,,Out,right Shoulder,,Out (Definitely Will Not Play),2010-12-24T12:50:51Z
2010,REG,DET,16,00-0027009,S,Louis Delmas,Louis,Delmas,Concussion,,Doubtful,Concussion,,Did Not Participate In Practice,2010-12-24T12:50:17Z
2010,REG,DET,16,00-0020679,QB,Shaun Hill,Shaun,Hill,right Finger,,Questionable,right Finger,,Limited Participation in Practice,2010-12-24T12:50:32Z
2010,REG,DET,16,00-0022860,LB,Landon Johnson,Landon,Johnson,Neck,,Questionable,Neck,,Limited Participation in Practice,2010-12-24T12:50:41Z
2010,REG,DET,16,00-0025430,QB,Drew Stanton,Drew,Stanton,left Shoulder,,Questionable,left Shoulder,,Limited Participation in Practice,2010-12-24T12:51:11Z
2010,REG,DET,16,00-0021493,LB,Vinny Ciurciu,Vinny,Ciurciu,Concussion,,Probable,Concussion,,Full Participation in Practice,2010-12-24T12:49:24Z
2010,REG,DET,16,00-0025441,DE,Turk McBride,Turk,McBride,Ankle,,Probable,Ankle,,Full Participation in Practice,2010-12-24T12:49:24Z
2010,REG,DET,16,00-0026232,DE,Cliff Avril,Cliff,Avril,Rib,,Probable,Rib,,Limited Participation in Practice,2010-12-24T12:49:24Z
2010,REG,DET,16,00-0027880,RB,Jahvid Best,Jahvid,Best,Toe,,Probable,Toe,,Limited Participation in Practice,2010-12-24T12:49:24Z
2010,REG,DET,16,00-0026168,DE,Lawrence Jackson,Lawrence,Jackson,Groin,,Probable,Groin,,Limited Participation in Practice,2010-12-24T12:49:24Z
2010,REG,DET,16,00-0025389,WR,Calvin Johnson,Calvin,Johnson,Ankle,,Probable,Ankle,,Limited Participation in Practice,2010-12-24T12:49:24Z
2010,REG,DET,16,00-0021182,RB,Maurice Morris,Maurice,Morris,Chest,,Probable,Chest,,Limited Participation in Practice,2010-12-24T12:49:24Z
2010,REG,DET,16,00-0027671,CB,Amari Spievey,Amari,Spievey,Back,,Probable,Back,,Limited Participation in Practice,2010-12-24T12:49:24Z
2010,REG,GB,16,00-0027768,G,Marshall Newhouse,Marshall,Newhouse,Back,,Out,Back,,Did Not Participate In Practice,2010-12-24T10:53:17Z
2010,REG,GB,16,00-0021706,DE,Cullen Jenkins,Cullen,Jenkins,Calf,,Out,Calf,,Out (Definitely Will Not Play),2010-12-24T10:53:06Z
2010,REG,GB,16,00-0027442,LB,Frank Zombo,Frank,Zombo,Knee,,Doubtful,Knee,,Limited Participation in Practice,2010-12-24T10:53:42Z
2010,REG,GB,16,00-0026763,LB,Diyral Briggs,Diyral,Briggs,Ankle,,Questionable,Ankle,,Limited Participation in Practice,2010-12-24T10:52:49Z
2010,REG,GB,16,00-0023486,S,Nick Collins,Nick,Collins,Ribs,,Questionable,Ribs,,Limited Participation in Practice,2010-12-24T10:52:58Z
2010,REG,GB,16,00-0026307,LB,Erik Walden,Erik,Walden,Quadricep,,Questionable,Quadricep,,Limited Participation in Practice,2010-12-24T10:53:30Z
2010,REG,GB,16,00-0026200,CB,Patrick Lee,Patrick,Lee,Ankle,,Probable,Ankle,,Full Participation in Practice,2010-12-24T10:52:39Z
2010,REG,GB,16,00-0020515,DE,Ryan Pickett,Ryan,Pickett,Ankle,,Probable,Ankle,,Full Participation in Practice,2010-12-24T10:52:39Z
2010,REG,GB,16,00-0023459,QB,Aaron Rodgers,Aaron,Rodgers,Concussion,,Probable,Concussion,,Full Participation in Practice,2010-12-24T10:52:39Z
2010,REG,GB,16,00-0022832,C,Scott Wells,Scott,Wells,Back,,Probable,Back,,Full Participation in Practice,2010-12-24T10:52:39Z
2010,REG,GB,16,00-0018227,CB,Charles Woodson,Charles,Woodson,Toe,,Probable,Toe,,Full Participation in Practice,2010-12-24T10:52:39Z
2010,REG,GB,16,00-0019702,T,Chad Clifton,Chad,Clifton,Knees,,Probable,Knees,,Limited Participation in Practice,2010-12-24T10:52:39Z
2010,REG,GB,16,00-0027002,LB,Clay Matthews,Clay,Matthews,Shin,,Probable,Shin,,Limited Participation in Practice,2010-12-24T10:52:39Z
2010,REG,HOU,16,00-0027718,TE,Garrett Graham,Garrett,Graham,Hamstring,,Out,Hamstring,,Did Not Participate In Practice,2010-12-24T09:31:54Z
2010,REG,HOU,16,00-0022044,WR,Andre Johnson,Andre,Johnson,Ankle,,Questionable,Ankle,,Did Not Participate In Practice,2010-12-24T09:32:02Z
2010,REG,HOU,16,00-0020491,DT,Damione Lewis,Damione,Lewis,Illness,,Probable,Illness,,Did Not Participate In Practice,2010-12-24T09:32:36Z
2010,REG,HOU,16,00-0019676,K,Neil Rackers,Neil,Rackers,right Hamstring,,Probable,right Hamstring,,Did Not Participate In Practice,2010-12-24T09:31:44Z
2010,REG,HOU,16,00-0024373,DE,Mark Anderson,Mark,Anderson,Knee,,Probable,Knee,,Full Participation in Practice,2010-12-24T09:31:44Z
2010,REG,HOU,16,00-0026166,T,Duane Brown,Duane,Brown,Shoulder,,Probable,Shoulder,,Full Participation in Practice,2010-12-24T09:31:44Z
2010,REG,HOU,16,00-0026796,RB,Arian Foster,Arian,Foster,Hip,,Probable,Hip,,Full Participation in Practice,2010-12-24T09:31:44Z
2010,REG,HOU,16,00-0022787,QB,Matt Schaub,Matt,Schaub,right Elbow,,Probable,right Elbow,,Full Participation in Practice,2010-12-24T09:31:44Z
2010,REG,HOU,16,00-0026991,LB,Brian Cushing,Brian,Cushing,Knee,Ankle and Foot,Probable,Knee,Ankle and Foot,Limited Participation in Practice,2010-12-24T09:31:44Z
2010,REG,IND,16,00-0021484,LB,Gary Brackett,Gary,Brackett,,,,Rested,,Full Participation in Practice,2010-12-24T12:31:15Z
2010,REG,IND,16,00-0021146,DE,Dwight Freeney,Dwight,Freeney,,,,Rested,,Full Participation in Practice,2010-12-24T12:30:59Z
2010,REG,IND,16,00-0022059,DE,Robert Mathis,Robert,Mathis,,,,Rested,,Full Participation in Practice,2010-12-24T12:31:30Z
2010,REG,IND,16,00-0026936,CB,Al Afalava,Al,Afalava,Ankle,,Out,Ankle,,Did Not Participate In Practice,2010-12-24T12:32:34Z
2010,REG,IND,16,00-0023495,CB,Kelvin Hayden,Kelvin,Hayden,Neck,,Questionable,Neck,,Did Not Participate In Practice,2010-12-24T12:33:13Z
2010,REG,IND,16,00-0024413,T,Charlie Johnson,Charlie,Johnson,Groin,,Questionable,Groin,,Did Not Participate In Practice,2010-12-24T12:33:24Z
2010,REG,IND,16,00-0024692,DT,Daniel Muir,Daniel,Muir,Chest,,Questionable,Chest,,Did Not Participate In Practice,2010-12-24T12:33:37Z
2010,REG,IND,16,00-0024245,RB,Joseph Addai,Joseph,Addai,Neck,,Questionable,Neck,,Full Participation in Practice,2010-12-24T12:32:25Z
2010,REG,IND,16,00-0027761,TE,Brody Eldridge,Brody,Eldridge,Rib,,Questionable,Rib,,Full Participation in Practice,2010-12-24T12:32:49Z
2010,REG,IND,16,00-0027471,CB,Mike Newton,Mike,Newton,Neck,,Questionable,Neck,,Full Participation in Practice,2010-12-24T12:33:48Z
2010,REG,IND,16,00-0026376,G,Jamey Richard,Jamey,Richard,Hip,,Questionable,Hip,,Full Participation in Practice,2010-12-24T12:34:09Z
2010,REG,IND,16,00-0026342,RB,Mike Hart,Mike,Hart,Ankle,,Questionable,Ankle,,Limited Participation in Practice,2010-12-24T12:33:02Z
2010,REG,IND,16,00-0025523,LB,Clint Session,Clint,Session,Elbow,,Questionable,Elbow,,Limited Participation in Practice,2010-12-24T12:34:21Z
2010,REG,IND,16,00-0023606,LB,Tyjuan Hagler,Tyjuan,Hagler,Illness,,Probable,Illness,,Full Participation in Practice,2010-12-24T12:31:52Z
2010,REG,IND,16,00-0024529,TE,Gijon Robinson,Gijon,Robinson,Illness,,Probable,Illness,,Full Participation in Practice,2010-12-24T12:31:52Z
2010,REG,JAX,16,00-0025435,LB,Justin Durant,Justin,Durant,Groin,,Out,Groin,,Did Not Participate In Practice,2010-12-24T10:22:07Z
2010,REG,JAX,16,00-0024275,RB,Maurice Jones-Drew,Maurice,Jones-Drew,Knee,,Doubtful,Knee,,Did Not Participate In Practice,2010-12-24T10:22:22Z
2010,REG,JAX,16,00-0022895,G,Justin Smiley,Justin,Smiley,Head,,Doubtful,Head,,Limited Participation in Practice,2010-12-24T10:22:48Z
2010,REG,JAX,16,00-0025466,WR,Mike Sims-Walker,Mike,Sims-Walker,Ankle,,Questionable,Ankle,,Full Participation in Practice,2010-12-24T10:22:40Z
2010,REG,JAX,16,00-0021959,T,Jordan Black,Jordan,Black,Ankle,,Probable,Ankle,,Full Participation in Practice,2010-12-24T10:21:57Z
2010,REG,JAX,16,00-0026960,S,Courtney Greene,Courtney,Greene,Shoulder,,Probable,Shoulder,,Full Participation in Practice,2010-12-24T10:21:57Z
2010,REG,JAX,16,00-0022897,RB,Greg Jones,Greg,Jones,Back,,Probable,Back,,Full Participation in Practice,2010-12-24T10:21:57Z
2010,REG,JAX,16,00-0027046,DT,Terrance Knighton,Terrance,Knighton,Back,,Probable,Back,,Full Participation in Practice,2010-12-24T10:21:57Z
2010,REG,JAX,16,00-0027752,DE,Austen Lane,Austen,Lane,Knee,,Probable,Knee,,Full Participation in Practice,2010-12-24T10:21:57Z
2010,REG,JAX,16,00-0022089,G,Vincent Manuwai,Vincent,Manuwai,Foot,,Probable,Foot,,Full Participation in Practice,2010-12-24T10:21:57Z
2010,REG,KC,16,00-0027072,S,Donald Washington,Donald,Washington,Ankle,,Out,Ankle,,Did Not Participate In Practice,2010-12-24T11:35:07Z
2010,REG,KC,16,00-0027639,LB,Cory Greenwood,Cory,Greenwood,Illness,,Probable,Illness,,Full Participation in Practice,2010-12-24T11:34:57Z
2010,REG,MIA,16,00-0022927,LB,Karlos Dansby,Karlos,Dansby,Toe,,Doubtful,Toe,,Did Not Participate In Practice,2010-12-24T10:44:53Z
2010,REG,MIA,16,00-0027115,S,Chris Clemons,Chris,Clemons,Groin,,Probable,Groin,,Full Participation in Practice,2010-12-24T10:44:45Z
2010,REG,MIN,16,00-0026183,S,Tyrell Johnson,Tyrell,Johnson,Knee,,Out,Knee,,Did Not Participate In Practice,2010-12-24T11:01:12Z
2010,REG,MIN,16,00-0005106,QB,Brett Favre,Brett,Favre,Concussion,Neck,Doubtful,Concussion,Neck,Did Not Participate In Practice,2010-12-24T11:01:02Z
2010,REG,MIN,16,00-0022842,S,Madieu Williams,Madieu,Williams,Concussion,,Questionable,Concussion,,Did Not Participate In Practice,2010-12-24T11:01:31Z
2010,REG,MIN,16,00-0025394,RB,Adrian Peterson,Adrian,Peterson,Knee,,Questionable,Knee,,Limited Participation in Practice,2010-12-24T11:01:24Z
2010,REG,MIN,16,00-0021943,CB,Frank Walker,Frank,Walker,Hamstring,,Probable,Hamstring,,Did Not Participate In Practice,2010-12-24T11:00:46Z
2010,REG,MIN,16,00-0026952,S,Jamarca Sanford,Jamarca,Sanford,Concussion,,Probable,Concussion,,Full Participation in Practice,2010-12-24T11:00:46Z
2010,REG,NE,16,00-0022979,G,Dan Connolly,Dan,Connolly,Concussion,,Doubtful,Concussion,,Did Not Participate In Practice,2010-12-24T12:22:29Z
2010,REG,NE,16,00-0027838,DE,Brandon Deaderick,Brandon,Deaderick,Shoulder,,Questionable,Shoulder,/Flu,Did Not Participate In Practice,2010-12-24T12:24:12Z
2010,REG,NE,16,00-0023567,S,James Sanders,James,Sanders,Flu,,Questionable,Flu,,Did Not Participate In Practice,2010-12-24T12:25:06Z
2010,REG,NE,16,00-0023255,DE,Mike Wright,Mike,Wright,Concussion,,Questionable,Concussion,,Did Not Participate In Practice,2010-12-24T12:25:18Z
2010,REG,NE,16,00-0022038,LB,Tully Banta-Cain,Tully,Banta-Cain,Groin,,Questionable,Groin,,Limited Participation in Practice,2010-12-24T12:22:38Z
2010,REG,NE,16,00-0027016,DT,Ron Brace,Ron,Brace,Concussion,,Questionable,Concussion,,Limited Participation in Practice,2010-12-24T12:23:06Z
2010,REG,NE,16,00-0027661,LB,Jermaine Cunningham,Jermaine,Cunningham,Calf,,Questionable,Calf,,Limited Participation in Practice,2010-12-24T12:23:48Z
2010,REG,NE,16,00-0027713,TE,Aaron Hernandez,Aaron,Hernandez,Hip,,Questionable,Hip,,Limited Participation in Practice,2010-12-24T12:24:20Z
2010,REG,NE,16,00-0027138,DE,Myron Pryor,Myron,Pryor,Back,,Questionable,Back,,Limited Participation in Practice,2010-12-24T12:24:33Z
2010,REG,NE,16,00-0026071,CB,Kyle Arrington,Kyle,Arrington,Elbow,,Probable,Elbow,,Full Participation in Practice,2010-12-24T12:21:24Z
2010,REG,NE,16,00-0027647,CB,Devin McCourty,Devin,McCourty,Rib,,Probable,Rib,,Full Participation in Practice,2010-12-24T12:22:09Z
2010,REG,NE,16,00-0019596,QB,Tom Brady,Tom,Brady,right Shoulder,/Foot,Probable,right Shoulder,/Foot,Limited Participation in Practice,2010-12-24T12:21:24Z
2010,REG,NE,16,00-0021192,WR,Deion Branch,Deion,Branch,Knee,,Probable,Knee,,Limited Participation in Practice,2010-12-24T12:28:43Z
2010,REG,NO,16,00-0024301,TE,David Thomas,David,Thomas,Knee,,Out,Knee,,Did Not Participate In Practice,2010-12-25T14:53:09Z
2010,REG,NO,16,00-0027531,RB,Chris Ivory,Chris,Ivory,Hamstring,,Questionable,Hamstring,,Limited Participation in Practice,2010-12-25T14:53:02Z
2010,REG,NO,16,00-0027669,T,Charles Brown,Charles,Brown,Back,,Probable,Back,,Full Participation in Practice,2010-12-25T14:52:51Z
2010,REG,NO,16,00-0019506,LB,Danny Clark,Danny,Clark,Hamstring,,Probable,Hamstring,,Full Participation in Practice,2010-12-25T14:52:51Z
2010,REG,NO,16,00-0026147,DT,Sedrick Ellis,Sedrick,Ellis,Wrist,,Probable,Wrist,,Full Participation in Practice,2010-12-25T14:52:51Z
2010,REG,NO,16,00-0022527,CB,Jabari Greer,Jabari,Greer,Knee,,Probable,Knee,,Full Participation in Practice,2010-12-25T14:52:51Z
2010,REG,NO,16,00-0022753,DT,Tony Hargrove,Tony,Hargrove,Knee,,Probable,Knee,,Full Participation in Practice,2010-12-25T14:52:51Z
2010,REG,NO,16,00-0025414,WR,Robert Meachem,Robert,Meachem,Toe,,Probable,Toe,,Full Participation in Practice,2010-12-25T14:52:51Z
2010,REG,NO,16,00-0021970,LB,Kawika Mitchell,Kawika,Mitchell,Hamstring,,Probable,Hamstring,,Full Participation in Practice,2010-12-25T14:52:51Z
2010,REG,NO,16,00-0023503,WR,Courtney Roby,Courtney,Roby,Head,,Probable,Head,,Full Participation in Practice,2010-12-25T14:52:51Z
2010,REG,NO,16,00-0022778,LB,Jonathan Vilma,Jonathan,Vilma,Quadricep,,Probable,Quadricep,,Full Participation in Practice,2010-12-25T14:52:51Z
2010,REG,NO,16,00-0024073,DT,Remi Ayodele,Remi,Ayodele,Ankle,,Probable,Ankle,,Limited Participation in Practice,2010-12-25T14:52:51Z
2010,REG,NYG,16,00-0024330,CB,Will Blackmon,Will,Blackmon,Knee,,Out,Knee,,Did Not Participate In Practice,2010-12-24T10:19:16Z
2010,REG,NYG,16,00-0024467,DE,Dave Tollefson,Dave,Tollefson,Knee,,Out,Knee,,Did Not Participate In Practice,2010-12-24T10:19:29Z
2010,REG,NYG,16,00-0022779,G,Shawn Andrews,Shawn,Andrews,Back,,Probable,Back,,Full Participation in Practice,2010-12-24T10:18:57Z
2010,REG,NYG,16,00-0021922,T,David Diehl,David,Diehl,Illness,,Probable,Illness,,Full Participation in Practice,2010-12-24T10:18:57Z
2010,REG,NYG,16,00-0026235,WR,Mario Manningham,Mario,Manningham,Heel,,Probable,Heel,,Full Participation in Practice,2010-12-24T10:18:57Z
2010,REG,NYG,16,00-0019276,C,Shaun O'Hara,Shaun,O'Hara,Foot,,Probable,Foot,,Full Participation in Practice,2010-12-24T10:18:57Z
2010,REG,NYG,16,00-0026174,WR,Devin Thomas,Devin,Thomas,Hamstring,,Probable,Hamstring,,Full Participation in Practice,2010-12-24T10:18:57Z
2010,REG,NYG,16,00-0021977,DE,Osi Umenyiora,Osi,Umenyiora,Knee,,Probable,Knee,,Full Participation in Practice,2010-12-24T10:18:57Z
2010,REG,NYJ,16,00-0013694,RB,Tony Richardson,Tony,Richardson,,,,Not Injury Related,,Full Participation in Practice,2010-12-23T12:12:31Z
2010,REG,NYJ,16,00-0020536,RB,LaDainian Tomlinson,LaDainian,Tomlinson,,,,Not Injury Related,,Full Participation in Practice,2010-12-23T12:12:25Z
2010,REG,NYJ,16,00-0018234,T,Damien Woody,Damien,Woody,Knee,,Out,Knee,,Did Not Participate In Practice,2010-12-24T12:20:10Z
2010,REG,NYJ,16,00-0013282,DE,Trevor Pryce,Trevor,Pryce,Hip,,Out,Hip,,Limited Participation in Practice,2010-12-24T12:20:00Z
2010,REG,NYJ,16,00-0024312,S,Eric Smith,Eric,Smith,Concussion,,Doubtful,Concussion,,Limited Participation in Practice,2010-12-24T12:20:22Z
2010,REG,NYJ,16,00-0025753,S,James Ihedigbo,James,Ihedigbo,Knee,Ankle,Questionable,Knee,Ankle,Limited Participation in Practice,2010-12-24T12:20:34Z
2010,REG,NYJ,16,00-0024403,CB,Drew Coleman,Drew,Coleman,Groin,,Probable,Groin,,Full Participation in Practice,2010-12-24T12:19:41Z
2010,REG,NYJ,16,00-0024234,CB,Antonio Cromartie,Antonio,Cromartie,Groin,,Probable,Groin,,Full Participation in Practice,2010-12-24T12:19:41Z
2010,REG,NYJ,16,00-0024244,C,Nick Mangold,Nick,Mangold,Shoulder,,Probable,Shoulder,,Full Participation in Practice,2010-12-24T12:19:41Z
2010,REG,NYJ,16,00-0024318,WR,Brad Smith,Brad,Smith,Hand,,Probable,Hand,,Full Participation in Practice,2010-12-24T12:19:41Z
2010,REG,NYJ,16,00-0024240,WR,Santonio Holmes,Santonio,Holmes,Toe,,Probable,Toe,,Limited Participation in Practice,2010-12-24T12:19:41Z
2010,REG,NYJ,16,00-0025401,CB,Darrelle Revis,Darrelle,Revis,Hamstring,,Probable,Hamstring,,Limited Participation in Practice,2010-12-24T12:19:41Z
2010,REG,NYJ,16,00-0026898,QB,Mark Sanchez,Mark,Sanchez,right Shoulder,,Probable,right Shoulder,,Limited Participation in Practice,2010-12-24T12:19:41Z
2010,REG,OAK,16,00-0024222,S,Michael Huff,Michael,Huff,,,,Shin,,Full Participation in Practice,2010-12-23T15:18:04Z
2010,REG,OAK,16,00-0020442,DT,Richard Seymour,Richard,Seymour,Hamstring,,Questionable,Hamstring,,Did Not Participate In Practice,2010-12-24T12:17:31Z
2010,REG,OAK,16,00-0021181,T,Langston Walker,Langston,Walker,Concussion,,Questionable,Concussion,,Did Not Participate In Practice,2010-12-24T12:17:38Z
2010,REG,OAK,16,00-0025486,WR,Johnnie Lee Higgins,Johnnie Lee,Higgins,Ankle,,Questionable,Ankle,,Limited Participation in Practice,2010-12-24T12:16:39Z
2010,REG,OAK,16,00-0019714,P,Shane Lechler,Shane,Lechler,right Hamstring,,Questionable,right Hamstring,,Limited Participation in Practice,2010-12-24T12:17:02Z
2010,REG,OAK,16,00-0022077,CB,Nnamdi Asomugha,Nnamdi,Asomugha,Ankle,,Probable,Ankle,,Full Participation in Practice,2010-12-24T12:16:05Z
2010,REG,OAK,16,00-0021949,CB,Chris Johnson,Chris,Johnson,Groin,,Probable,Groin,,Full Participation in Practice,2010-12-24T12:16:05Z
2010,REG,OAK,16,00-0025425,TE,Zach Miller,Zach,Miller,Foot,,Probable,Foot,,Full Participation in Practice,2010-12-24T12:16:05Z
2010,REG,OAK,16,00-0026536,WR,Nick Miller,Nick,Miller,Ankle,,Probable,Ankle,,Full Participation in Practice,2010-12-24T12:16:05Z
2010,REG,OAK,16,00-0027023,S,Michael Mitchell,Michael,Mitchell,Ribs,,Probable,Ribs,,Full Participation in Practice,2010-12-24T12:16:05Z
2010,REG,PHI,16,00-0027798,CB,Jorrick Calvin,Jorrick,Calvin,,,,Back,,Did Not Participate In Practice,2010-12-22T12:14:16Z
2010,REG,PHI,16,00-0024359,RB,Jerome Harrison,Jerome,Harrison,,,,Not Injury Related,,Did Not Participate In Practice,2010-12-22T12:15:06Z
2010,REG,PHI,16,00-0024324,WR,Jason Avant,Jason,Avant,,,,Concussion,,Full Participation in Practice,2010-12-22T12:15:21Z
2010,REG,PHI,16,00-0023560,G,Todd Herremans,Todd,Herremans,,,,Hip,,Full Participation in Practice,2010-12-22T12:16:37Z
2010,REG,PHI,16,00-0025474,LB,Stewart Bradley,Stewart,Bradley,Elbow,,Out,Elbow,,Out (Definitely Will Not Play),2010-12-24T10:24:14Z
2010,REG,PHI,16,00-0027721,LB,Keenan Clayton,Keenan,Clayton,Hamstring,,Doubtful,Hamstring,,Limited Participation in Practice,2010-12-24T10:24:40Z
2010,REG,PHI,16,00-0023466,DT,Mike Patterson,Mike,Patterson,Knee,,Questionable,Knee,,Limited Participation in Practice,2010-12-24T10:25:05Z
2010,REG,PHI,16,00-0024156,G,Nick Cole,Nick,Cole,Knee,,Probable,Knee,,Full Participation in Practice,2010-12-24T10:23:44Z
2010,REG,PHI,16,00-0026951,LB,Moise Fokou,Moise,Fokou,Wrist,,Probable,Wrist,,Full Participation in Practice,2010-12-24T10:23:44Z
2010,REG,PHI,16,00-0027725,TE,Clay Harbor,Clay,Harbor,Abdomen,,Probable,Abdomen,,Full Participation in Practice,2010-12-24T10:23:44Z
2010,REG,PHI,16,00-0024254,T,Winston Justice,Winston,Justice,Knee,,Probable,Knee,,Full Participation in Practice,2010-12-24T10:23:44Z
2010,REG,PHI,16,00-0026189,WR,DeSean Jackson,DeSean,Jackson,Foot,,Probable,Foot,,Limited Participation in Practice,2010-12-24T10:23:44Z
2010,REG,PHI,16,00-0021956,CB,Asante Samuel,Asante,Samuel,Knee,,Probable,Knee,,Limited Participation in Practice,2010-12-24T10:24:02Z
2010,REG,PIT,16,00-0022064,WR,Arnaz Battle,Arnaz,Battle,Chest,,Out,Chest,,Did Not Participate In Practice,2010-12-22T10:27:44Z
2010,REG,PIT,16,00-0022119,S,Troy Polamalu,Troy,Polamalu,Ankle,,Out,Ankle,,Did Not Participate In Practice,2010-12-22T10:27:50Z
2010,REG,PIT,16,00-0015080,DE,Aaron Smith,Aaron,Smith,Triceps,,Out,Triceps,,Did Not Participate In Practice,2010-12-22T10:27:56Z
2010,REG,PIT,16,00-0026564,DT,Steve McLendon,Steve,McLendon,Stinger,,Probable,Stinger,,Full Participation in Practice,2010-12-22T10:27:34Z
2010,REG,SD,16,00-0021544,LB,Stephen Cooper,Stephen,Cooper,Knee,,Out,Knee,,Did Not Participate In Practice,2010-12-24T13:22:28Z
2010,REG,SD,16,00-0021547,TE,Antonio Gates,Antonio,Gates,Toe,Foot,Out,Toe,Foot,Did Not Participate In Practice,2010-12-24T13:22:37Z
2010,REG,SD,16,00-0022766,WR,Patrick Crayton,Patrick,Crayton,Wrist,,Doubtful,Wrist,,Did Not Participate In Practice,2010-12-24T13:22:50Z
2010,REG,SD,16,00-0022414,WR,Malcom Floyd,Malcom,Floyd,Hamstring,,Doubtful,Hamstring,,Did Not Participate In Practice,2010-12-24T13:22:57Z
2010,REG,SD,16,00-0026992,LB,Larry English,Larry,English,Foot,,Questionable,Foot,,Limited Participation in Practice,2010-12-24T13:23:07Z
2010,REG,SD,16,00-0023674,C,Scott Mruczkowski,Scott,Mruczkowski,Ankle,,Questionable,Ankle,,Limited Participation in Practice,2010-12-24T13:23:22Z
2010,REG,SD,16,00-0024734,LB,Antwan Applewhite,Antwan,Applewhite,Ankle,,Probable,Ankle,,Full Participation in Practice,2010-12-24T13:22:16Z
2010,REG,SD,16,00-0026209,RB,Jacob Hester,Jacob,Hester,Illness,,Probable,Illness,,Full Participation in Practice,2010-12-24T13:22:16Z
2010,REG,SD,16,00-0027864,RB,Ryan Mathews,Ryan,Mathews,Illness,,Probable,Illness,,Full Participation in Practice,2010-12-24T13:22:16Z
2010,REG,SD,16,00-0025627,LB,Brandon Siler,Brandon,Siler,Ribs,,Probable,Ribs,,Full Participation in Practice,2010-12-24T13:22:16Z
2010,REG,SD,16,00-0027052,G,Louis Vasquez,Louis,Vasquez,Neck,,Probable,Neck,,Full Participation in Practice,2010-12-24T13:22:16Z
2010,REG,SD,16,00-0022171,WR,Kelley Washington,Kelley,Washington,Hip,,Probable,Hip,,Full Participation in Practice,2010-12-24T13:22:16Z
2010,REG,SEA,16,00-0022722,DT,Junior Siavii,Junior,Siavii,,,,Neck,,Did Not Participate In Practice,2010-12-22T15:09:09Z
2010,REG,SEA,16,00-0025548,LB,Will Herring,Will,Herring,Hamstring,,Questionable,Hamstring,,Full Participation in Practice,2010-12-24T12:25:46Z
2010,REG,SEA,16,00-0021577,DE,Chris Clemons,Chris,Clemons,Ankle,,Probable,Ankle,,Full Participation in Practice,2010-12-24T12:25:26Z
2010,REG,SEA,16,00-0023461,C,Chris Spencer,Chris,Spencer,Shoulder,,Probable,Shoulder,,Full Participation in Practice,2010-12-24T12:25:41Z
2010,REG,SEA,16,00-0023480,LB,Lofa Tatupu,Lofa,Tatupu,Knee,,Probable,Knee,,Full Participation in Practice,2010-12-24T12:25:26Z
2010,REG,SEA,16,00-0022046,CB,Marcus Trufant,Marcus,Trufant,Back,,Probable,Back,,Full Participation in Practice,2010-12-24T12:25:26Z
2010,REG,SF,16,00-0027780,TE,Nate Byham,Nate,Byham,Heel,,Out,Heel,,Did Not Participate In Practice,2010-12-24T10:43:49Z
2010,REG,SF,16,00-0025415,T,Joe Staley,Joe,Staley,Fibula,,Out,Fibula,,Did Not Participate In Practice,2010-12-24T10:44:08Z
2010,REG,SF,16,00-0027772,RB,Anthony Dixon,Anthony,Dixon,Ankle,,Questionable,Ankle,,Limited Participation in Practice,2010-12-24T10:43:38Z
2010,REG,SF,16,00-0020495,CB,Nate Clements,Nate,Clements,Knee,,Probable,Knee,,Full Participation in Practice,2010-12-24T10:43:26Z
2010,REG,SF,16,00-0026314,WR,Josh Morgan,Josh,Morgan,Shoulder,,Probable,Shoulder,,Full Participation in Practice,2010-12-24T10:43:26Z
2010,REG,SF,16,00-0021216,RB,Brian Westbrook,Brian,Westbrook,Not Injury Related,,Probable,Not Injury Related,,Full Participation in Practice,2010-12-24T10:43:26Z
2010,REG,SF,16,00-0025615,RB,DeShawn Wynn,DeShawn,Wynn,Ankle,,Probable,Ankle,,Full Participation in Practice,2010-12-24T10:43:26Z
2010,REG,SF,16,00-0015474,LB,Takeo Spikes,Takeo,Spikes,Hand,,Probable,Hand,,Limited Participation in Practice,2010-12-24T10:43:26Z
2010,REG,SF,16,00-0025398,LB,Patrick Willis,Patrick,Willis,Hand,,Probable,Hand,,Limited Participation in Practice,2010-12-24T10:43:26Z
2010,REG,STL,16,00-0027732,TE,Michael Hoomanawanui,Michael,Hoomanawanui,Ankle,,Out,Ankle,,Did Not Participate In Practice,2010-12-24T14:01:49Z
2010,REG,STL,16,00-0026142,DE,Chris Long,Chris,Long,Thigh,,Questionable,Thigh,,Limited Participation in Practice,2010-12-24T14:02:16Z
2010,REG,STL,16,00-0026979,T,Jason Smith,Jason,Smith,Ankle,,Questionable,Ankle,,Limited Participation in Practice,2010-12-24T14:03:11Z
2010,REG,STL,16,00-0025633,RB,Kenneth Darby,Kenneth,Darby,Chest,,Probable,Chest,,Full Participation in Practice,2010-12-24T14:01:38Z
2010,REG,TB,16,00-0026080,T,James Lee,James,Lee,Ankle,,Questionable,Ankle,,Did Not Participate In Practice,2010-12-24T08:59:23Z
2010,REG,TB,16,00-0026953,WR,Sammie Stroughter,Sammie,Stroughter,Hamstring,,Questionable,Hamstring,,Did Not Participate In Practice,2010-12-24T08:59:39Z
2010,REG,TB,16,00-0027672,CB,Myron Lewis,Myron,Lewis,Hip,,Probable,Hip,,Full Participation in Practice,2010-12-24T08:58:58Z
2010,REG,TB,16,00-0027812,LB,Dekoda Watson,Dekoda,Watson,Ankle,,Probable,Ankle,,Full Participation in Practice,2010-12-24T08:58:58Z
2010,REG,TB,16,00-0022922,TE,Kellen Winslow,Kellen,Winslow,Knee,,Probable,Knee,,Full Participation in Practice,2010-12-24T08:58:58Z
2010,REG,TEN,16,00-0022005,QB,Chris Simms,Chris,Simms,Illness,,Probable,Illness,,Did Not Participate In Practice,2010-12-24T11:16:34Z
2010,REG,TEN,16,00-0022695,DE,Jason Babin,Jason,Babin,Shoulder,,Probable,Shoulder,,Full Participation in Practice,2010-12-24T11:16:17Z
2010,REG,TEN,16,00-0020962,K,Rob Bironas,Rob,Bironas,right Groin,,Probable,right Groin,,Full Participation in Practice,2010-12-24T11:16:17Z
2010,REG,TEN,16,00-0003292,QB,Kerry Collins,Kerry,Collins,right Finger,,Probable,right Finger,,Full Participation in Practice,2010-12-24T11:16:17Z
2010,REG,TEN,16,00-0026194,DT,Jason Jones,Jason,Jones,Shoulder,,Probable,Shoulder,,Full Participation in Practice,2010-12-24T11:16:17Z
2010,REG,TEN,16,00-0027038,DT,Sen'Derrick Marks,Sen'Derrick,Marks,Ankle,,Probable,Ankle,,Full Participation in Practice,2010-12-24T11:16:17Z
2010,REG,TEN,16,00-0021230,LB,David Thornton,David,Thornton,Hip,,Probable,Hip,,Full Participation in Practice,2010-12-24T11:16:17Z
2010,REG,WAS,16,00-0023611,DT,Anthony Bryant,Anthony,Bryant,,,,Back,,Limited Participation in Practice,2010-12-22T12:19:07Z
2010,REG,WAS,16,00-0024387,S,Reed Doughty,Reed,Doughty,Head,,Out,Head,,Did Not Participate In Practice,2010-12-24T14:07:53Z
2010,REG,WAS,16,00-0024410,DE,Kedric Golston,Kedric,Golston,Groin,,Out,Groin,,Did Not Participate In Practice,2010-12-24T14:08:04Z
2010,REG,WAS,16,00-0026989,LB,Brian Orakpo,Brian,Orakpo,Groin,Hamstring,Out,Groin,Hamstring,Did Not Participate In Practice,2010-12-24T14:08:21Z
2010,REG,WAS,16,00-0026320,CB,Kareem Moore,Kareem,Moore,Knee,,Questionable,Knee,,Did Not Participate In Practice,2010-12-24T14:09:44Z
2010,REG,WAS,16,00-0026920,S,Victor Harris,Victor,Harris,Hip,,Questionable,Hip,,Full Participation in Practice,2010-12-24T14:09:09Z
2010,REG,WAS,16,00-0020450,C,Casey Rabach,Casey,Rabach,Knee,,Questionable,Knee,,Full Participation in Practice,2010-12-24T14:09:53Z
2010,REG,WAS,16,00-0014655,RB,Mike Sellers,Mike,Sellers,Calf,,Questionable,Calf,,Full Participation in Practice,2010-12-24T14:10:18Z
2010,REG,WAS,16,00-0023259,LB,Lorenzo Alexander,Lorenzo,Alexander,Hamstring,,Questionable,Hamstring,,Limited Participation in Practice,2010-12-24T14:08:50Z
2010,REG,WAS,16,00-0027618,WR,Brandon Banks,Brandon,Banks,Knee,,Questionable,Knee,,Limited Participation in Practice,2010-12-24T14:09:00Z
2010,REG,WAS,16,00-0020801,G,Artis Hicks,Artis,Hicks,Back,,Questionable,Back,,Limited Participation in Practice,2010-12-24T14:09:18Z
2010,REG,WAS,16,00-0024250,LB,Rocky McIntosh,Rocky,McIntosh,Hamstring,,Questionable,Hamstring,,Limited Participation in Practice,2010-12-24T14:09:35Z
2010,REG,WAS,16,00-0011022,QB,Donovan McNabb,Donovan,McNabb,Hamstring,,Probable,Hamstring,,Full Participation in Practice,2010-12-24T14:08:38Z
2010,REG,ARI,17,00-0013126,LB,Joey Porter,Joey,Porter,Tricep,,Doubtful,Tricep,,Did Not Participate In Practice,2010-12-31T11:43:54Z
2010,REG,ARI,17,00-0019538,LB,Clark Haggans,Clark,Haggans,Groin,,Questionable,Groin,,Limited Participation in Practice,2010-12-31T11:43:42Z
2010,REG,ARI,17,00-0025602,TE,Ben Patrick,Ben,Patrick,Hamstring,,Questionable,Hamstring,,Limited Participation in Practice,2010-12-31T11:43:48Z
2010,REG,ARI,17,00-0026956,RB,LaRod Stephens-Howling,LaRod,Stephens-Howling,Hamstring,,Questionable,Hamstring,,Limited Participation in Practice,2010-12-31T11:44:02Z
2010,REG,ATL,17,00-0025395,DE,Jamaal Anderson,Jamaal,Anderson,,,,Quadricep,,Full Participation in Practice,2010-12-30T12:18:18Z
2010,REG,ATL,17,00-0023494,DT,Jonathan Babineaux,Jonathan,Babineaux,Shoulder,,Questionable,Shoulder,,Did Not Participate In Practice,2010-12-31T10:22:26Z
2010,REG,ATL,17,00-0026294,DE,Kroy Biermann,Kroy,Biermann,Calf,,Questionable,Calf,,Limited Participation in Practice,2010-12-31T10:22:49Z
2010,REG,ATL,17,00-0026177,LB,Curtis Lofton,Curtis,Lofton,Knee,,Questionable,Knee,,Limited Participation in Practice,2010-12-31T10:22:58Z
2010,REG,ATL,17,00-0010711,C,Todd McClure,Todd,McClure,Ankle,,Questionable,Ankle,,Limited Participation in Practice,2010-12-31T10:23:14Z
2010,REG,ATL,17,00-0023462,WR,Roddy White,Roddy,White,Knee,,Probable,Knee,,Full Participation in Practice,2010-12-31T10:21:56Z
2010,REG,ATL,17,00-0019546,DE,John Abraham,John,Abraham,Groin,,Probable,Groin,,Limited Participation in Practice,2010-12-31T10:22:35Z
2010,REG,BAL,17,00-0026211,LB,Tavares Gooden,Tavares,Gooden,Shoulder,,Out,Shoulder,,Did Not Participate In Practice,2010-12-31T11:14:11Z
2010,REG,BAL,17,00-0026226,S,Tom Zbikowski,Tom,Zbikowski,Back,,Out,Back,,Did Not Participate In Practice,2010-12-31T11:14:02Z
2010,REG,BAL,17,00-0020516,TE,Todd Heap,Todd,Heap,Thigh,,Questionable,Thigh,,Full Participation in Practice,2010-12-31T11:14:17Z
2010,REG,BAL,17,00-0027755,WR,David Reed,David,Reed,Wrist,Head,Questionable,Wrist,Head,Full Participation in Practice,2010-12-31T11:14:26Z
2010,REG,BAL,17,00-0001263,C,Matt Birk,Matt,Birk,Knee,,Probable,Knee,,Full Participation in Practice,2010-12-31T11:13:53Z
2010,REG,BAL,17,00-0025594,LB,Prescott Burgess,Prescott,Burgess,Illness,,Probable,Illness,,Full Participation in Practice,2010-12-31T11:13:53Z
2010,REG,BAL,17,00-0010500,WR,Derrick Mason,Derrick,Mason,Ankle,,Probable,Ankle,,Full Participation in Practice,2010-12-31T11:13:53Z
2010,REG,BAL,17,00-0027714,TE,Dennis Pitta,Dennis,Pitta,Head,,Probable,Head,,Full Participation in Practice,2010-12-31T11:13:53Z
2010,REG,BAL,17,00-0021377,S,Ed Reed,Ed,Reed,Neck,,Probable,Neck,,Full Participation in Practice,2010-12-31T11:13:53Z
2010,REG,BAL,17,00-0023458,CB,Fabian Washington,Fabian,Washington,Back,,Probable,Back,,Full Participation in Practice,2010-12-31T11:13:53Z
2010,REG,BUF,17,00-0027542,G,Cord Howard,Cord,Howard,Shoulder,,Out,Shoulder,,Did Not Participate In Practice,2010-12-31T09:33:13Z
2010,REG,BUF,17,00-0027518,WR,Donald Jones,Donald,Jones,Head,,Out,Head,,Did Not Participate In Practice,2010-12-31T09:33:20Z
2010,REG,BUF,17,00-0027322,WR,David Nelson,David,Nelson,Ribs,,Out,Ribs,,Did Not Participate In Practice,2010-12-31T09:33:29Z
2010,REG,BUF,17,00-0023682,QB,Ryan Fitzpatrick,Ryan,Fitzpatrick,Knee,,Questionable,Knee,,Did Not Participate In Practice,2010-12-31T09:33:02Z
2010,REG,BUF,17,00-0027374,LB,Mike Balogun,Mike,Balogun,Illness,,Probable,Illness,,Full Participation in Practice,2010-12-31T09:32:54Z
2010,REG,BUF,17,00-0026359,T,Demetress Bell,Demetress,Bell,Knee,,Probable,Knee,,Full Participation in Practice,2010-12-31T09:32:54Z
2010,REG,BUF,17,00-0025764,S,Jon Corto,Jon,Corto,Illness,,Probable,Illness,,Full Participation in Practice,2010-12-31T09:32:54Z
2010,REG,BUF,17,00-0021995,LB,Chris Kelsay,Chris,Kelsay,Knee,,Probable,Knee,,Full Participation in Practice,2010-12-31T09:32:54Z
2010,REG,BUF,17,00-0022008,CB,Terrence McGee,Terrence,McGee,Head,,Probable,Head,,Full Participation in Practice,2010-12-31T09:32:54Z
2010,REG,BUF,17,00-0027655,DT,Torell Troup,Torell,Troup,Back,,Probable,Back,,Full Participation in Practice,2010-12-31T09:32:54Z
2010,REG,BUF,17,00-0024348,DT,Kyle Williams,Kyle,Williams,Hip,,Probable,Hip,,Full Participation in Practice,2010-12-31T09:32:54Z
2010,REG,CAR,17,00-0027093,RB,Tony Fiammetta,Tony,Fiammetta,Ankle,,Out,Ankle,,Out (Definitely Will Not Play),2010-12-31T09:12:43Z
2010,REG,CAR,17,00-0022914,CB,Chris Gamble,Chris,Gamble,Ankle,,Out,Ankle,,Out (Definitely Will Not Play),2010-12-31T09:13:17Z
2010,REG,CAR,17,00-0024765,DT,Ed Johnson,Ed,Johnson,Knee,,Out,Knee,,Out (Definitely Will Not Play),2010-12-31T09:17:09Z
2010,REG,CAR,17,00-0020337,WR,Steve Smith,Steve,Smith,Calf,,Questionable,Calf,,Did Not Participate In Practice,2010-12-31T09:17:54Z
2010,REG,CAR,17,00-0027107,LB,Nic Harris,Nic,Harris,Ankle,,Probable,Ankle,,Full Participation in Practice,2010-12-31T09:16:05Z
2010,REG,CAR,17,00-0026321,DT,Nick Hayden,Nick,Hayden,Head,,Probable,Head,,Full Participation in Practice,2010-12-31T09:16:37Z
2010,REG,CAR,17,00-0025446,C,Ryan Kalil,Ryan,Kalil,Not Injury Related,,Probable,Not Injury Related,,Full Participation in Practice,2010-12-31T09:17:31Z
2010,REG,CAR,17,00-0026153,RB,Jonathan Stewart,Jonathan,Stewart,Foot,,Probable,Foot,,Full Participation in Practice,2010-12-31T09:18:29Z
2010,REG,CHI,17,00-0009472,C,Olin Kreutz,Olin,Kreutz,,,,Not Injury Related,,Did Not Participate In Practice,2010-12-29T13:05:00Z
2010,REG,CHI,17,00-0022050,LB,Pisa Tinoisamoa,Pisa,Tinoisamoa,,,,Knee,,Full Participation in Practice,2010-12-30T12:54:24Z
2010,REG,CHI,17,00-0026210,WR,Earl Bennett,Earl,Bennett,Ankle,,Questionable,Ankle,,Limited Participation in Practice,2010-12-31T12:24:29Z
2010,REG,CIN,17,00-0020397,WR,Chad Johnson,Chad,Johnson,Ankle,,Out,Ankle,,Did Not Participate In Practice,2010-12-31T10:20:12Z
2010,REG,CIN,17,00-0027873,TE,Jermaine Gresham,Jermaine,Gresham,Knee,,Doubtful,Knee,,Did Not Participate In Practice,2010-12-31T10:20:23Z
2010,REG,CIN,17,00-0024239,CB,Johnathan Joseph,Johnathan,Joseph,Ankle,,Questionable,Ankle,,Did Not Participate In Practice,2010-12-31T10:20:37Z
2010,REG,CIN,17,00-0026725,LB,Dan Skuta,Dan,Skuta,Back,,Questionable,Back,,Limited Participation in Practice,2010-12-31T10:20:47Z
2010,REG,CIN,17,00-0027662,DE,Carlos Dunlap,Carlos,Dunlap,Shoulder,,Probable,Shoulder,,Full Participation in Practice,2010-12-31T10:19:57Z
2010,REG,CIN,17,00-0026941,RB,Bernard Scott,Bernard,Scott,Toe,,Probable,Toe,,Full Participation in Practice,2010-12-31T10:19:57Z
2010,REG,CLE,17,00-0024394,RB,Lawrence Vickers,Lawrence,Vickers,,,,Illness,,Full Participation in Practice,2010-12-30T12:59:18Z
2010,REG,CLE,17,00-0026367,RB,Peyton Hillis,Peyton,Hillis,Ribs,,Questionable,Ribs,,Did Not Participate In Practice,2010-12-31T11:57:07Z
2010,REG,CLE,17,00-0021262,DE,Kenyon Coleman,Kenyon,Coleman,Knee,,Questionable,Knee,,Limited Participation in Practice,2010-12-31T11:56:52Z
2010,REG,CLE,17,00-0020528,DT,Shaun Rogers,Shaun,Rogers,Ankle,Hip,Questionable,Ankle,Hip,Limited Participation in Practice,2010-12-31T11:57:31Z
2010,REG,CLE,17,00-0020348,G,Floyd Womack,Floyd,Womack,Knee,,Questionable,Knee,,Limited Participation in Practice,2010-12-31T11:57:46Z
2010,REG,CLE,17,00-0023481,LB,Matt Roth,Matt,Roth,Thumb,,Probable,Thumb,,Full Participation in Practice,2010-12-31T11:59:03Z
2010,REG,CLE,17,00-0019666,T,John St. Clair,John,St. Clair,Ankle,,Probable,Ankle,,Full Participation in Practice,2010-12-31T11:59:58Z
2010,REG,CLE,17,00-0022943,TE,Benjamin Watson,Benjamin,Watson,Ankle,,Probable,Ankle,,Full Participation in Practice,2010-12-31T12:00:18Z
2010,REG,CLE,17,00-0022342,LB,Eric Alexander,Eric,Alexander,Groin,,Probable,Groin,,Limited Participation in Practice,2010-12-31T11:58:10Z
2010,REG,CLE,17,00-0026742,LB,Marcus Benard,Marcus,Benard,Shoulder,,Probable,Shoulder,,Limited Participation in Practice,2010-12-31T11:58:31Z
2010,REG,CLE,17,00-0021186,CB,Sheldon Brown,Sheldon,Brown,Shoulder,,Probable,Shoulder,,Limited Participation in Practice,2010-12-31T11:58:46Z
2010,REG,CLE,17,00-0021273,TE,Robert Royal,Robert,Royal,Shoulder,,Probable,Shoulder,,Limited Participation in Practice,2010-12-31T11:59:23Z
2010,REG,CLE,17,00-0026084,DE,Brian Schaefering,Brian,Schaefering,Shoulder,,Probable,Shoulder,,Limited Participation in Practice,2010-12-31T11:59:41Z
2010,REG,DAL,17,00-0024325,LB,Leon Williams,Leon,Williams,,,,Hamstring,,Did Not Participate In Practice,2010-12-30T12:20:02Z
2010,REG,DAL,17,00-0023953,WR,Sam Hurd,Sam,Hurd,Head,,Out,Head,,Did Not Participate In Practice,2010-12-31T11:25:58Z
2010,REG,DAL,17,00-0009311,QB,Jon Kitna,Jon,Kitna,Abdomen,,Questionable,Abdomen,,Did Not Participate In Practice,2010-12-31T11:26:21Z
2010,REG,DAL,17,00-0022137,LB,Bradie James,Bradie,James,Knee,,Probable,Knee,Not Injury Related,Did Not Participate In Practice,2010-12-31T11:25:46Z
2010,REG,DAL,17,00-0001820,LB,Keith Brooking,Keith,Brooking,Foot,,Probable,Foot,,Full Participation in Practice,2010-12-31T11:25:46Z
2010,REG,DAL,17,00-0024609,WR,Jesse Holley,Jesse,Holley,Knee,,Probable,Knee,,Full Participation in Practice,2010-12-31T11:25:46Z
2010,REG,DAL,17,00-0027663,LB,Sean Lee,Sean,Lee,Shoulder,,Probable,Shoulder,,Full Participation in Practice,2010-12-31T11:25:46Z
2010,REG,DAL,17,00-0022909,WR,Roy Williams,Roy,Williams,Groin,,Probable,Groin,,Full Participation in Practice,2010-12-31T11:25:46Z
2010,REG,DEN,17,00-0017813,DT,Jamal Williams,Jamal,Williams,,,,Not Injury Related,,Did Not Participate In Practice,2010-12-30T13:37:10Z
2010,REG,DEN,17,00-0000585,CB,Champ Bailey,Champ,Bailey,Ankle,,Questionable,Ankle,,Did Not Participate In Practice,2010-12-31T12:24:38Z
2010,REG,DEN,17,00-0027083,S,David Bruton,David,Bruton,Ribs,,Questionable,Ribs,,Limited Participation in Practice,2010-12-31T12:24:48Z
2010,REG,DEN,17,00-0004073,S,Brian Dawkins,Brian,Dawkins,Knee,,Questionable,Knee,,Limited Participation in Practice,2010-12-31T12:25:01Z
2010,REG,DEN,17,00-0022034,LB,Mario Haggan,Mario,Haggan,Quadricep,,Questionable,Quadricep,,Limited Participation in Practice,2010-12-31T12:25:16Z
2010,REG,DEN,17,00-0027024,S,Darcel McBath,Darcel,McBath,Quadricep,,Questionable,Quadricep,,Limited Participation in Practice,2010-12-31T12:25:28Z
2010,REG,DEN,17,00-0026988,RB,Knowshon Moreno,Knowshon,Moreno,Ribs,,Questionable,Ribs,,Limited Participation in Practice,2010-12-31T12:25:37Z
2010,REG,DEN,17,00-0023541,QB,Kyle Orton,Kyle,Orton,Ribs,,Questionable,Ribs,,Limited Participation in Practice,2010-12-31T12:25:44Z
2010,REG,DEN,17,00-0026182,WR,Eddie Royal,Eddie,Royal,Groin,,Questionable,Groin,,Limited Participation in Practice,2010-12-31T12:25:53Z
2010,REG,DEN,17,00-0027690,WR,Eric Decker,Eric,Decker,Ankle,,Probable,Ankle,,Full Participation in Practice,2010-12-31T12:24:28Z
2010,REG,DEN,17,00-0027876,QB,Tim Tebow,Tim,Tebow,Ankle,,Probable,Ankle,,Full Participation in Practice,2010-12-31T12:24:28Z
2010,REG,DEN,17,00-0027874,WR,Demaryius Thomas,Demaryius,Thomas,Ankle,,Probable,Ankle,,Full Participation in Practice,2010-12-31T12:24:28Z
2010,REG,DET,17,00-0024230,CB,Tye Hill,Tye,Hill,,,,Illness,,Did Not Participate In Practice,2010-12-29T12:56:17Z
2010,REG,DET,17,00-0022860,LB,Landon Johnson,Landon,Johnson,Concussion,,Out,Concussion,,Out (Definitely Will Not Play),2010-12-31T12:32:39Z
2010,REG,DET,17,00-0025428,CB,Chris Houston,Chris,Houston,Shoulder,,Doubtful,Shoulder,,Did Not Participate In Practice,2010-12-31T12:32:47Z
2010,REG,DET,17,00-0025389,WR,Calvin Johnson,Calvin,Johnson,Ankle,,Questionable,Ankle,,Did Not Participate In Practice,2010-12-31T12:32:55Z
2010,REG,DET,17,00-0027880,RB,Jahvid Best,Jahvid,Best,Toe,,Probable,Toe,,Limited Participation in Practice,2010-12-31T12:32:30Z
2010,REG,DET,17,00-0026168,DE,Lawrence Jackson,Lawrence,Jackson,Groin,,Probable,Groin,,Limited Participation in Practice,2010-12-31T12:32:30Z
2010,REG,DET,17,00-0025430,QB,Drew Stanton,Drew,Stanton,left Shoulder,,Probable,left Shoulder,,Limited Participation in Practice,2010-12-31T12:32:30Z
2010,REG,GB,17,00-0027768,G,Marshall Newhouse,Marshall,Newhouse,,,,Back,,Did Not Participate In Practice,2010-12-30T12:31:40Z
2010,REG,GB,17,00-0021706,DE,Cullen Jenkins,Cullen,Jenkins,Calf,,Out,Calf,,Did Not Participate In Practice,2010-12-31T11:40:37Z
2010,REG,GB,17,00-0027442,LB,Frank Zombo,Frank,Zombo,Knee,,Out,Knee,,Did Not Participate In Practice,2010-12-31T11:40:58Z
2010,REG,GB,17,00-0023404,S,Atari Bigby,Atari,Bigby,Groin,,Out,Groin,,Out (Definitely Will Not Play),2010-12-31T11:40:15Z
2010,REG,GB,17,00-0025578,RB,Korey Hall,Korey,Hall,Knee,,Out,Knee,,Out (Definitely Will Not Play),2010-12-31T11:40:25Z
2010,REG,GB,17,00-0027440,CB,Sam Shields,Sam,Shields,Knee,,Probable,Knee,,Full Participation in Practice,2010-12-31T11:39:47Z
2010,REG,GB,17,00-0026307,LB,Erik Walden,Erik,Walden,Quadricep,,Probable,Quadricep,,Full Participation in Practice,2010-12-31T11:39:47Z
2010,REG,GB,17,00-0022832,C,Scott Wells,Scott,Wells,Back,,Probable,Back,,Full Participation in Practice,2010-12-31T11:39:47Z
2010,REG,GB,17,00-0018227,CB,Charles Woodson,Charles,Woodson,Toe,,Probable,Toe,,Full Participation in Practice,2010-12-31T11:39:47Z
2010,REG,GB,17,00-0026763,LB,Diyral Briggs,Diyral,Briggs,Ankle,,Probable,Ankle,,Limited Participation in Practice,2010-12-31T11:40:07Z
2010,REG,GB,17,00-0019702,T,Chad Clifton,Chad,Clifton,Knees,,Probable,Knees,,Limited Participation in Practice,2010-12-31T11:39:47Z
2010,REG,GB,17,00-0023486,S,Nick Collins,Nick,Collins,Ribs,,Probable,Ribs,,Limited Participation in Practice,2010-12-31T11:39:47Z
2010,REG,GB,17,00-0027002,LB,Clay Matthews,Clay,Matthews,Shin,,Probable,Shin,,Limited Participation in Practice,2010-12-31T11:39:47Z
2010,REG,GB,17,00-0020515,DE,Ryan Pickett,Ryan,Pickett,Ankle,,Probable,Ankle,,Limited Participation in Practice,2010-12-31T11:39:47Z
2010,REG,HOU,17,00-0027703,LB,Darryl Sharpton,Darryl,Sharpton,,,,Shoulder,,Out (Definitely Will Not Play),2010-12-29T11:25:34Z
2010,REG,HOU,17,00-0027743,CB,Sherrick McManis,Sherrick,McManis,Hamstring,,Out,Hamstring,,Out (Definitely Will Not Play),2010-12-31T11:00:37Z
2010,REG,HOU,17,00-0022044,WR,Andre Johnson,Andre,Johnson,Ankle,,Doubtful,Ankle,,Did Not Participate In Practice,2010-12-31T11:00:56Z
2010,REG,HOU,17,00-0027718,TE,Garrett Graham,Garrett,Graham,Hamstring,,Doubtful,Hamstring,,Limited Participation in Practice,2010-12-31T11:00:47Z
2010,REG,HOU,17,00-0023472,DT,Shaun Cody,Shaun,Cody,Knee,,Questionable,Knee,,Limited Participation in Practice,2010-12-31T11:01:09Z
2010,REG,HOU,17,00-0027684,DT,Earl Mitchell,Earl,Mitchell,Ankle,,Questionable,Ankle,,Limited Participation in Practice,2010-12-31T11:01:16Z
2010,REG,HOU,17,00-0024269,S,Bernard Pollard,Bernard,Pollard,Shoulder,,Questionable,Shoulder,,Limited Participation in Practice,2010-12-31T11:01:25Z
2010,REG,HOU,17,00-0019676,K,Neil Rackers,Neil,Rackers,right Hamstring,,Probable,right Hamstring,,Did Not Participate In Practice,2010-12-31T11:00:27Z
2010,REG,HOU,17,00-0027051,G,Antoine Caldwell,Antoine,Caldwell,Shoulder,,Probable,Shoulder,,Full Participation in Practice,2010-12-31T11:00:27Z
2010,REG,HOU,17,00-0024313,TE,Owen Daniels,Owen,Daniels,Knee,,Probable,Knee,,Full Participation in Practice,2010-12-31T11:00:27Z
2010,REG,HOU,17,00-0026991,LB,Brian Cushing,Brian,Cushing,Knee,Foot,Probable,Knee,Foot,Limited Participation in Practice,2010-12-31T11:00:27Z
2010,REG,IND,17,00-0021146,DE,Dwight Freeney,Dwight,Freeney,,,,Not Injury Related,,Full Participation in Practice,2010-12-31T11:55:12Z
2010,REG,IND,17,00-0022059,DE,Robert Mathis,Robert,Mathis,,,,Rested,,Full Participation in Practice,2010-12-31T11:55:29Z
2010,REG,IND,17,00-0026936,CB,Al Afalava,Al,Afalava,Ankle,,Questionable,Ankle,,Did Not Participate In Practice,2010-12-31T11:56:46Z
2010,REG,IND,17,00-0023495,CB,Kelvin Hayden,Kelvin,Hayden,Neck,,Questionable,Neck,,Did Not Participate In Practice,2010-12-31T11:57:08Z
2010,REG,IND,17,00-0027153,G,Jaimie Thomas,Jaimie,Thomas,Ankle,,Questionable,Ankle,,Did Not Participate In Practice,2010-12-31T11:57:39Z
2010,REG,IND,17,00-0025991,DE,Eric Foster,Eric,Foster,Biceps,,Questionable,Biceps,,Full Participation in Practice,2010-12-31T11:56:52Z
2010,REG,IND,17,00-0026342,RB,Mike Hart,Mike,Hart,Ankle,,Questionable,Ankle,,Full Participation in Practice,2010-12-31T11:57:01Z
2010,REG,IND,17,00-0024413,T,Charlie Johnson,Charlie,Johnson,Groin,,Questionable,Groin,,Full Participation in Practice,2010-12-31T11:57:17Z
2010,REG,IND,17,00-0024692,DT,Daniel Muir,Daniel,Muir,Chest,,Questionable,Chest,,Limited Participation in Practice,2010-12-31T11:57:23Z
2010,REG,IND,17,00-0014375,C,Jeff Saturday,Jeff,Saturday,Hip,,Questionable,Hip,,Limited Participation in Practice,2010-12-31T11:56:38Z
2010,REG,IND,17,00-0025523,LB,Clint Session,Clint,Session,Elbow,,Questionable,Elbow,,Limited Participation in Practice,2010-12-31T11:57:30Z
2010,REG,JAX,17,00-0021231,QB,David Garrard,David,Garrard,,,,right Finger,,Out (Definitely Will Not Play),2010-12-30T13:16:10Z
2010,REG,JAX,17,00-0025435,LB,Justin Durant,Justin,Durant,Groin,,Out,Groin,,Did Not Participate In Practice,2010-12-31T10:10:05Z
2010,REG,JAX,17,00-0024275,RB,Maurice Jones-Drew,Maurice,Jones-Drew,Knee,,Out,Knee,,Did Not Participate In Practice,2010-12-31T10:10:38Z
2010,REG,JAX,17,00-0027125,TE,Zach Miller,Zach,Miller,Concussion,,Out,Concussion,,Did Not Participate In Practice,2010-12-31T10:10:46Z
2010,REG,JAX,17,00-0026960,S,Courtney Greene,Courtney,Greene,Shoulder,,Questionable,Shoulder,,Limited Participation in Practice,2010-12-31T10:10:23Z
2010,REG,JAX,17,00-0022897,RB,Greg Jones,Greg,Jones,Back,,Probable,Back,,Full Participation in Practice,2010-12-31T10:09:55Z
2010,REG,JAX,17,00-0025466,WR,Mike Sims-Walker,Mike,Sims-Walker,Ankle,,Probable,Ankle,,Full Participation in Practice,2010-12-31T10:09:55Z
2010,REG,KC,17,00-0027072,S,Donald Washington,Donald,Washington,Ankle,,Doubtful,Ankle,,Limited Participation in Practice,2010-12-31T11:40:07Z
2010,REG,MIA,17,00-0022927,LB,Karlos Dansby,Karlos,Dansby,Toe,,Out,Toe,,Did Not Participate In Practice,2010-12-31T12:01:28Z
2010,REG,MIA,17,00-0024268,TE,Anthony Fasano,Anthony,Fasano,Knee,,Out,Knee,,Did Not Participate In Practice,2010-12-31T12:01:33Z
2010,REG,MIA,17,00-0027148,T,Lydon Murtha,Lydon,Murtha,Head,,Out,Head,,Did Not Participate In Practice,2010-12-31T12:01:38Z
2010,REG,MIA,17,00-0027744,CB,Nolan Carroll,Nolan,Carroll,Head,,Questionable,Head,,Limited Participation in Practice,2010-12-31T12:01:22Z
2010,REG,MIN,17,00-0022842,S,Madieu Williams,Madieu,Williams,Concussion,,Out,Concussion,,Did Not Participate In Practice,2010-12-31T11:37:14Z
2010,REG,MIN,17,00-0005106,QB,Brett Favre,Brett,Favre,Concussion,Neck,Doubtful,Concussion,Neck,Did Not Participate In Practice,2010-12-31T11:37:21Z
2010,REG,MIN,17,00-0025431,WR,Sidney Rice,Sidney,Rice,Concussion,,Doubtful,Concussion,,Did Not Participate In Practice,2010-12-31T11:37:36Z
2010,REG,MIN,17,00-0026183,S,Tyrell Johnson,Tyrell,Johnson,Knee,,Doubtful,Knee,,Limited Participation in Practice,2010-12-31T11:37:28Z
2010,REG,MIN,17,00-0027058,CB,Asher Allen,Asher,Allen,Abdomen,,Questionable,Abdomen,,Did Not Participate In Practice,2010-12-31T11:37:47Z
2010,REG,MIN,17,00-0025945,LB,Erin Henderson,Erin,Henderson,Concussion,,Questionable,Concussion,,Did Not Participate In Practice,2010-12-31T11:37:55Z
2010,REG,MIN,17,00-0023774,RB,Naufahu Tahi,Naufahu,Tahi,Ankle,,Questionable,Ankle,,Limited Participation in Practice,2010-12-31T11:38:03Z
2010,REG,MIN,17,00-0025394,RB,Adrian Peterson,Adrian,Peterson,Knee,,Probable,Knee,,Full Participation in Practice,2010-12-31T11:37:01Z
2010,REG,NE,17,00-0027016,DT,Ron Brace,Ron,Brace,Elbow,,Doubtful,Elbow,,Did Not Participate In Practice,2010-12-31T13:13:53Z
2010,REG,NE,17,00-0022979,G,Dan Connolly,Dan,Connolly,Concussion,,Doubtful,Concussion,,Did Not Participate In Practice,2010-12-31T13:14:13Z
2010,REG,NE,17,00-0023255,DE,Mike Wright,Mike,Wright,Concussion,,Doubtful,Concussion,,Did Not Participate In Practice,2010-12-31T13:14:32Z
2010,REG,NE,17,00-0027713,TE,Aaron Hernandez,Aaron,Hernandez,Hip,,Questionable,Hip,,Did Not Participate In Practice,2010-12-31T13:15:22Z
2010,REG,NE,17,00-0022038,LB,Tully Banta-Cain,Tully,Banta-Cain,Groin,,Questionable,Groin,,Limited Participation in Practice,2010-12-31T13:14:41Z
2010,REG,NE,17,00-0021192,WR,Deion Branch,Deion,Branch,Knee,,Questionable,Knee,,Limited Participation in Practice,2010-12-31T13:14:57Z
2010,REG,NE,17,00-0027661,DE,Jermaine Cunningham,Jermaine,Cunningham,Calf,,Questionable,Calf,,Limited Participation in Practice,2010-12-31T13:15:13Z
2010,REG,NE,17,00-0027138,DE,Myron Pryor,Myron,Pryor,Back,,Questionable,Back,,Limited Participation in Practice,2010-12-31T13:15:33Z
2010,REG,NE,17,00-0026071,CB,Kyle Arrington,Kyle,Arrington,Elbow,,Probable,Elbow,,Full Participation in Practice,2010-12-31T13:15:47Z
2010,REG,NE,17,00-0027647,CB,Devin McCourty,Devin,McCourty,Rib,,Probable,Rib,,Full Participation in Practice,2010-12-31T13:13:33Z
2010,REG,NE,17,00-0019596,QB,Tom Brady,Tom,Brady,right Shoulder,Foot,Probable,right Shoulder,Foot,Limited Participation in Practice,2010-12-31T13:13:33Z
2010,REG,NE,17,00-0022427,WR,Wes Welker,Wes,Welker,Not Injury Related,,Probable,Not Injury Related,,Limited Participation in Practice,2010-12-31T13:16:38Z
2010,REG,NO,17,00-0023503,WR,Courtney Roby,Courtney,Roby,,,,Head,,Full Participation in Practice,2010-12-29T13:00:51Z
2010,REG,NO,17,00-0024466,WR,Marques Colston,Marques,Colston,Knee,,Questionable,Knee,,Did Not Participate In Practice,2010-12-31T11:41:28Z
2010,REG,NO,17,00-0022753,DT,Tony Hargrove,Tony,Hargrove,Knee,,Questionable,Knee,,Did Not Participate In Practice,2010-12-31T11:41:40Z
2010,REG,NO,17,00-0021148,TE,Jeremy Shockey,Jeremy,Shockey,Groin,,Questionable,Groin,,Did Not Participate In Practice,2010-12-31T11:41:46Z
2010,REG,NO,17,00-0024301,TE,David Thomas,David,Thomas,Knee,,Questionable,Knee,,Did Not Participate In Practice,2010-12-31T11:42:56Z
2010,REG,NO,17,00-0025483,LB,Anthony Waters,Anthony,Waters,Ankle,,Questionable,Ankle,,Did Not Participate In Practice,2010-12-31T11:43:02Z
2010,REG,NO,17,00-0024813,RB,Pierre Thomas,Pierre,Thomas,Ankle,,Questionable,Ankle,,Limited Participation in Practice,2010-12-31T11:43:17Z
2010,REG,NO,17,00-0024073,DT,Remi Ayodele,Remi,Ayodele,Ankle,,Probable,Ankle,,Full Participation in Practice,2010-12-31T11:41:13Z
2010,REG,NO,17,00-0021228,DE,Alex Brown,Alex,Brown,Shoulder,,Probable,Shoulder,,Full Participation in Practice,2010-12-31T11:41:13Z
2010,REG,NO,17,00-0024217,RB,Reggie Bush,Reggie,Bush,Chest,,Probable,Chest,,Full Participation in Practice,2010-12-31T11:41:13Z
2010,REG,NO,17,00-0027531,RB,Chris Ivory,Chris,Ivory,Hamstring,,Probable,Hamstring,,Full Participation in Practice,2010-12-31T11:41:13Z
2010,REG,NO,17,00-0025414,WR,Robert Meachem,Robert,Meachem,Toe,,Probable,Toe,,Full Participation in Practice,2010-12-31T11:41:13Z
2010,REG,NO,17,00-0021960,DE,Jimmy Wilkerson,Jimmy,Wilkerson,Foot,,Probable,Foot,,Full Participation in Practice,2010-12-31T11:41:13Z
2010,REG,NYG,17,00-0024330,CB,Will Blackmon,Will,Blackmon,,,,Knee,,Did Not Participate In Practice,2010-12-29T10:31:09Z
2010,REG,NYG,17,00-0027005,WR,Hakeem Nicks,Hakeem,Nicks,Toe,,Out,Toe,,Did Not Participate In Practice,2010-12-31T10:41:10Z
2010,REG,NYG,17,00-0019276,C,Shaun O'Hara,Shaun,O'Hara,Foot,Achilles,Out,Foot,Achilles,Did Not Participate In Practice,2010-12-31T10:41:19Z
2010,REG,NYG,17,00-0024467,DE,Dave Tollefson,Dave,Tollefson,Knee,,Out,Knee,,Did Not Participate In Practice,2010-12-31T10:41:31Z
2010,REG,NYG,17,00-0023478,CB,Corey Webster,Corey,Webster,Ribs,,Questionable,Ribs,,Did Not Participate In Practice,2010-12-31T10:41:40Z
2010,REG,NYG,17,00-0023566,DT,Chris Canty,Chris,Canty,Neck,,Questionable,Neck,,Limited Participation in Practice,2010-12-31T10:40:49Z
2010,REG,NYG,17,00-0027313,S,Brian Jackson,Brian,Jackson,Knee,,Questionable,Knee,,Limited Participation in Practice,2010-12-31T10:40:59Z
2010,REG,NYG,17,00-0025637,RB,Ahmad Bradshaw,Ahmad,Bradshaw,Ankle,,Probable,Ankle,,Full Participation in Practice,2010-12-31T10:40:36Z
2010,REG,NYG,17,00-0023443,S,Antrel Rolle,Antrel,Rolle,Ankle,,Probable,Ankle,,Full Participation in Practice,2010-12-31T10:40:36Z
2010,REG,NYG,17,00-0023509,DE,Justin Tuck,Justin,Tuck,Chest,,Probable,Chest,,Full Participation in Practice,2010-12-31T10:40:36Z
2010,REG,NYG,17,00-0021977,DE,Osi Umenyiora,Osi,Umenyiora,Knee,,Probable,Knee,,Full Participation in Practice,2010-12-31T10:40:36Z
2010,REG,NYJ,17,00-0025753,S,James Ihedigbo,James,Ihedigbo,Knee,Ankle,Out,Knee,Ankle,Did Not Participate In Practice,2010-12-31T11:29:38Z
2010,REG,NYJ,17,00-0018234,T,Damien Woody,Damien,Woody,Knee,,Out,Knee,,Did Not Participate In Practice,2010-12-31T11:30:19Z
2010,REG,NYJ,17,00-0024312,S,Eric Smith,Eric,Smith,Concussion,,Doubtful,Concussion,,Limited Participation in Practice,2010-12-31T11:30:11Z
2010,REG,NYJ,17,00-0019545,DE,Shaun Ellis,Shaun,Ellis,Back,,Questionable,Back,,Did Not Participate In Practice,2010-12-31T11:29:28Z
2010,REG,NYJ,17,00-0024234,CB,Antonio Cromartie,Antonio,Cromartie,Groin,,Questionable,Groin,,Limited Participation in Practice,2010-12-31T11:29:23Z
2010,REG,NYJ,17,00-0023523,DT,Sione Pouha,Sione,Pouha,Back,,Questionable,Back,,Limited Participation in Practice,2010-12-31T11:29:53Z
2010,REG,NYJ,17,00-0013282,DE,Trevor Pryce,Trevor,Pryce,Hip,,Questionable,Hip,,Limited Participation in Practice,2010-12-31T11:30:06Z
2010,REG,NYJ,17,00-0025401,CB,Darrelle Revis,Darrelle,Revis,Hamstring,,Questionable,Hamstring,,Limited Participation in Practice,2010-12-31T11:30:30Z
2010,REG,NYJ,17,00-0024240,WR,Santonio Holmes,Santonio,Holmes,Quadricep,,Probable,Quadricep,,Full Participation in Practice,2010-12-31T11:29:14Z
2010,REG,NYJ,17,00-0024244,C,Nick Mangold,Nick,Mangold,Shoulder,,Probable,Shoulder,,Full Participation in Practice,2010-12-31T11:29:14Z
2010,REG,NYJ,17,00-0026500,G,Matt Slauson,Matt,Slauson,Not Injury Related,,Probable,Not Injury Related,,Full Participation in Practice,2010-12-31T11:29:14Z
2010,REG,NYJ,17,00-0024318,WR,Brad Smith,Brad,Smith,Hand,,Probable,Hand,,Full Participation in Practice,2010-12-31T11:29:14Z
2010,REG,NYJ,17,00-0021081,LB,Bryan Thomas,Bryan,Thomas,Ankle,,Probable,Ankle,,Full Participation in Practice,2010-12-31T11:29:14Z
2010,REG,NYJ,17,00-0026898,QB,Mark Sanchez,Mark,Sanchez,right Shoulder,,Probable,right Shoulder,,Limited Participation in Practice,2010-12-31T11:29:14Z
2010,REG,OAK,17,00-0026144,RB,Darren McFadden,Darren,McFadden,Toe,,Questionable,Toe,,Did Not Participate In Practice,2010-12-31T12:06:49Z
2010,REG,OAK,17,00-0020442,DT,Richard Seymour,Richard,Seymour,Hamstring,,Questionable,Hamstring,,Did Not Participate In Practice,2010-12-31T12:07:20Z
2010,REG,OAK,17,00-0025486,WR,Johnnie Lee Higgins,Johnnie Lee,Higgins,Ankle,,Questionable,Ankle,,Limited Participation in Practice,2010-12-31T12:06:05Z
2010,REG,OAK,17,00-0026536,WR,Nick Miller,Nick,Miller,Ankle,,Questionable,Ankle,,Limited Participation in Practice,2010-12-31T12:07:41Z
2010,REG,OAK,17,00-0021181,T,Langston Walker,Langston,Walker,Concussion,,Questionable,Concussion,,Limited Participation in Practice,2010-12-31T12:07:27Z
2010,REG,OAK,17,00-0022077,CB,Nnamdi Asomugha,Nnamdi,Asomugha,Ankle,,Probable,Ankle,,Full Participation in Practice,2010-12-31T12:05:21Z
2010,REG,OAK,17,00-0025478,T,Mario Henderson,Mario,Henderson,Ankle,,Probable,Ankle,,Full Participation in Practice,2010-12-31T12:05:21Z
2010,REG,OAK,17,00-0021949,CB,Chris Johnson,Chris,Johnson,Groin,,Probable,Groin,,Full Participation in Practice,2010-12-31T12:05:21Z
2010,REG,OAK,17,00-0025425,TE,Zach Miller,Zach,Miller,Foot,,Probable,Foot,,Full Participation in Practice,2010-12-31T12:05:21Z
2010,REG,OAK,17,00-0027023,S,Michael Mitchell,Michael,Mitchell,Shoulder,Ribs,Probable,Shoulder,Ribs,Full Participation in Practice,2010-12-31T12:05:21Z
2010,REG,PHI,17,00-0026249,C,Mike McGlynn,Mike,McGlynn,,,,Illness,,Did Not Participate In Practice,2010-12-30T12:19:57Z
2010,REG,PHI,17,00-0027834,DT,Jeff Owens,Jeff,Owens,,,,Knee,,Out (Definitely Will Not Play),2010-12-29T12:32:03Z
2010,REG,PHI,17,00-0025474,LB,Stewart Bradley,Stewart,Bradley,Elbow,,Out,Elbow,,Out (Definitely Will Not Play),2010-12-31T10:32:01Z
2010,REG,PHI,17,00-0026189,WR,DeSean Jackson,DeSean,Jackson,Foot,,Questionable,Foot,,Did Not Participate In Practice,2010-12-31T10:33:09Z
2010,REG,PHI,17,00-0024254,T,Winston Justice,Winston,Justice,Knee,,Questionable,Knee,,Did Not Participate In Practice,2010-12-31T10:32:16Z
2010,REG,PHI,17,00-0026187,DT,Trevor Laws,Trevor,Laws,Shoulder,Chest,Questionable,Shoulder,Chest,Did Not Participate In Practice,2010-12-31T10:32:27Z
2010,REG,PHI,17,00-0021956,CB,Asante Samuel,Asante,Samuel,Knee,,Questionable,Knee,,Did Not Participate In Practice,2010-12-31T10:32:36Z
2010,REG,PHI,17,00-0020245,QB,Michael Vick,Michael,Vick,Quadricep,,Questionable,Quadricep,,Did Not Participate In Practice,2010-12-31T10:32:46Z
2010,REG,PHI,17,00-0027721,LB,Keenan Clayton,Keenan,Clayton,Hamstring,,Probable,Hamstring,,Full Participation in Practice,2010-12-31T10:31:55Z
2010,REG,PHI,17,00-0024156,G,Nick Cole,Nick,Cole,Knee,,Probable,Knee,,Full Participation in Practice,2010-12-31T10:31:55Z
2010,REG,PHI,17,00-0027725,TE,Clay Harbor,Clay,Harbor,Abdomen,,Probable,Abdomen,,Full Participation in Practice,2010-12-31T10:31:55Z
2010,REG,PHI,17,00-0023466,DT,Mike Patterson,Mike,Patterson,Knee,,Probable,Knee,,Full Participation in Practice,2010-12-31T10:31:55Z
2010,REG,PIT,17,00-0020712,LB,James Harrison,James,Harrison,,,,Illness,,Did Not Participate In Practice,2010-12-29T12:53:24Z
2010,REG,PIT,17,00-0027750,T,Chris Scott,Chris,Scott,,,,Not Injury Related,,Did Not Participate In Practice,2010-12-30T12:22:10Z
2010,REG,PIT,17,00-0022217,RB,Mewelde Moore,Mewelde,Moore,Knee,,Out,Knee,,Did Not Participate In Practice,2010-12-31T10:51:18Z
2010,REG,PIT,17,00-0015080,DE,Aaron Smith,Aaron,Smith,Triceps,,Out,Triceps,,Did Not Participate In Practice,2010-12-31T10:51:33Z
2010,REG,PIT,17,00-0022119,S,Troy Polamalu,Troy,Polamalu,Ankle,,Questionable,Ankle,,Full Participation in Practice,2010-12-31T10:51:24Z
2010,REG,PIT,17,00-0027889,LB,Jason Worilds,Jason,Worilds,Knee,,Questionable,Knee,,Limited Participation in Practice,2010-12-31T10:51:41Z
2010,REG,PIT,17,00-0025433,LB,LaMarr Woodley,LaMarr,Woodley,Knee,,Probable,Knee,,Full Participation in Practice,2010-12-31T10:51:09Z
2010,REG,SD,17,00-0021544,LB,Stephen Cooper,Stephen,Cooper,,,,Knee,,Did Not Participate In Practice,2010-12-30T13:56:45Z
2010,REG,SD,17,00-0021547,TE,Antonio Gates,Antonio,Gates,,,,Toe,Foot,Did Not Participate In Practice,2010-12-30T13:56:45Z
2010,REG,SD,17,00-0026069,RB,Mike Tolbert,Mike,Tolbert,,,,Neck,Shoulder,Did Not Participate In Practice,2010-12-30T13:56:45Z
2010,REG,SD,17,00-0022766,WR,Patrick Crayton,Patrick,Crayton,Wrist,,Doubtful,Wrist,,Did Not Participate In Practice,2010-12-31T13:10:56Z
2010,REG,SD,17,00-0026992,LB,Larry English,Larry,English,Foot,,Doubtful,Foot,,Did Not Participate In Practice,2010-12-31T13:11:08Z
2010,REG,SD,17,00-0026209,RB,Jacob Hester,Jacob,Hester,Knee,,Doubtful,Knee,,Did Not Participate In Practice,2010-12-31T13:11:16Z
2010,REG,SD,17,00-0023674,C,Scott Mruczkowski,Scott,Mruczkowski,Ankle,,Questionable,Ankle,,Did Not Participate In Practice,2010-12-31T13:11:26Z
2010,REG,SD,17,00-0022414,WR,Malcom Floyd,Malcom,Floyd,Hamstring,,Probable,Hamstring,,Full Participation in Practice,2010-12-31T13:10:30Z
2010,REG,SD,17,00-0025627,LB,Brandon Siler,Brandon,Siler,Ribs,,Probable,Ribs,,Full Participation in Practice,2010-12-31T13:10:30Z
2010,REG,SD,17,00-0024734,LB,Antwan Applewhite,Antwan,Applewhite,Ankle,,Probable,Ankle,,Limited Participation in Practice,2010-12-31T13:10:30Z
2010,REG,SEA,17,00-0015754,WR,Brandon Stokley,Brandon,Stokley,Head,,Questionable,Head,,Did Not Participate In Practice,2010-12-31T13:18:56Z
2010,REG,SEA,17,00-0007091,QB,Matt Hasselbeck,Matt,Hasselbeck,Hip,,Questionable,Hip,,Limited Participation in Practice,2010-12-31T13:18:51Z
2010,REG,SEA,17,00-0010373,K,Olindo Mare,Olindo,Mare,Back,,Probable,Back,,Full Participation in Practice,2010-12-31T13:18:45Z
2010,REG,SEA,17,00-0023480,LB,Lofa Tatupu,Lofa,Tatupu,Knee,,Probable,Knee,,Full Participation in Practice,2010-12-31T13:18:45Z
2010,REG,SF,17,00-0027780,TE,Nate Byham,Nate,Byham,Heel,,Out,Heel,,Did Not Participate In Practice,2010-12-31T13:20:32Z
2010,REG,SF,17,00-0027610,CB,Phillip Adams,Phillip,Adams,Ankle,,Out,Ankle,,Out (Definitely Will Not Play),2010-12-31T13:20:17Z
2010,REG,SF,17,00-0027377,LB,Keaton Kristick,Keaton,Kristick,Concussion,,Out,Concussion,,Out (Definitely Will Not Play),2010-12-31T13:20:59Z
2010,REG,SF,17,00-0025415,T,Joe Staley,Joe,Staley,Fibula,,Out,Fibula,,Out (Definitely Will Not Play),2010-12-31T13:20:45Z
2010,REG,SF,17,00-0025398,LB,Patrick Willis,Patrick,Willis,Hand,,Out,Hand,,Out (Definitely Will Not Play),2010-12-31T13:21:08Z
2010,REG,SF,17,00-0024221,TE,Vernon Davis,Vernon,Davis,Thumb,,Probable,Thumb,,Full Participation in Practice,2010-12-31T13:20:09Z
2010,REG,SF,17,00-0027772,RB,Anthony Dixon,Anthony,Dixon,Ankle,,Probable,Ankle,,Full Participation in Practice,2010-12-31T13:20:09Z
2010,REG,SF,17,00-0020535,DT,Justin Smith,Justin,Smith,Illness,,Probable,Illness,,Full Participation in Practice,2010-12-31T13:20:09Z
2010,REG,SF,17,00-0015474,LB,Takeo Spikes,Takeo,Spikes,Hand,,Probable,Hand,,Full Participation in Practice,2010-12-31T13:20:09Z
2010,REG,SF,17,00-0021216,RB,Brian Westbrook,Brian,Westbrook,Not Injury Related,,Probable,Not Injury Related,,Full Participation in Practice,2010-12-31T13:20:09Z
2010,REG,SF,17,00-0023468,C,David Baas,David,Baas,Ribs,,Probable,Ribs,,Limited Participation in Practice,2010-12-31T13:20:09Z
2010,REG,STL,17,00-0027732,TE,Michael Hoomanawanui,Michael,Hoomanawanui,Ankle,,Questionable,Ankle,,Full Participation in Practice,2010-12-31T11:02:48Z
2010,REG,STL,17,00-0027670,CB,Jerome Murphy,Jerome,Murphy,Finger,,Probable,Finger,,Full Participation in Practice,2010-12-31T11:02:30Z
2010,REG,TB,17,00-0021755,RB,Earnest Graham,Earnest,Graham,Neck,,Out,Neck,,Out (Definitely Will Not Play),2010-12-31T10:48:29Z
2010,REG,TB,17,00-0026953,WR,Sammie Stroughter,Sammie,Stroughter,Hamstring,,Questionable,Hamstring,,Full Participation in Practice,2010-12-31T10:50:25Z
2010,REG,TB,17,00-0026080,T,James Lee,James,Lee,Ankle,,Probable,Ankle,,Full Participation in Practice,2010-12-31T10:48:21Z
2010,REG,TB,17,00-0022922,TE,Kellen Winslow,Kellen,Winslow,Knee,,Probable,Knee,,Full Participation in Practice,2010-12-31T10:48:21Z
2010,REG,TEN,17,00-0027893,WR,Damian Williams,Damian,Williams,,,,Not Injury Related,,Did Not Participate In Practice,2010-12-30T12:50:36Z
2010,REG,TEN,17,00-0025925,C,Fernando Velasco,Fernando,Velasco,Knee,,Questionable,Knee,,Limited Participation in Practice,2010-12-31T11:35:23Z
2010,REG,TEN,17,00-0022695,DE,Jason Babin,Jason,Babin,Shoulder,,Probable,Shoulder,,Full Participation in Practice,2010-12-31T11:35:12Z
2010,REG,TEN,17,00-0026243,DE,William Hayes,William,Hayes,Concussion,,Probable,Concussion,,Full Participation in Practice,2010-12-31T11:35:12Z
2010,REG,TEN,17,00-0020962,K,Rob Bironas,Rob,Bironas,right Groin,,Probable,right Groin,,Limited Participation in Practice,2010-12-31T11:35:12Z
2010,REG,TEN,17,00-0025406,S,Michael Griffin,Michael,Griffin,Knee,,Probable,Knee,,Limited Participation in Practice,2010-12-31T11:35:12Z
2010,REG,TEN,17,00-0025825,P,Brett Kern,Brett,Kern,right Foot,,Probable,right Foot,,Limited Participation in Practice,2010-12-31T11:35:12Z
2010,REG,WAS,17,00-0022923,CB,DeAngelo Hall,DeAngelo,Hall,,,,Illness,,Full Participation in Practice,2010-12-30T12:42:56Z
2010,REG,WAS,17,00-0023570,WR,Roydell Williams,Roydell,Williams,,,,Foot,,Full Participation in Practice,2010-12-31T12:25:53Z
2010,REG,WAS,17,00-0023444,CB,Carlos Rogers,Carlos,Rogers,Calf,,Questionable,Calf,,Did Not Participate In Practice,2010-12-31T12:27:07Z
2010,REG,WAS,17,00-0023611,DT,Anthony Bryant,Anthony,Bryant,Elbow,,Questionable,Elbow,,Full Participation in Practice,2010-12-31T12:26:24Z
2010,REG,WAS,17,00-0024387,S,Reed Doughty,Reed,Doughty,Head,,Questionable,Head,,Full Participation in Practice,2010-12-31T12:26:30Z
2010,REG,WAS,17,00-0020450,C,Casey Rabach,Casey,Rabach,Shoulder,Knee,Questionable,Shoulder,Knee,Full Participation in Practice,2010-12-31T12:27:01Z
2010,REG,WAS,17,00-0026279,RB,Ryan Torain,Ryan,Torain,Ribs,,Questionable,Ribs,,Full Participation in Practice,2010-12-31T12:27:14Z
2010,REG,WAS,17,00-0027618,WR,Brandon Banks,Brandon,Banks,Knee,,Questionable,Knee,,Limited Participation in Practice,2010-12-31T12:26:05Z
2010,REG,WAS,17,00-0026920,S,Victor Harris,Victor,Harris,Hip,,Questionable,Hip,,Limited Participation in Practice,2010-12-31T12:26:49Z
2010,REG,WAS,17,00-0026989,LB,Brian Orakpo,Brian,Orakpo,Groin,,Questionable,Groin,,Limited Participation in Practice,2010-12-31T12:26:55Z
2010,WC,BAL,18,00-0026857,LB,Dannell Ellerbe,Dannell,Ellerbe,Head,,Questionable,Head,,Limited Participation in Practice,2011-01-07T11:32:02Z
2010,WC,BAL,18,00-0026211,LB,Tavares Gooden,Tavares,Gooden,Shoulder,,Questionable,Shoulder,,Limited Participation in Practice,2011-01-07T11:32:07Z
2010,WC,BAL,18,00-0024227,DT,Haloti Ngata,Haloti,Ngata,Thigh,,Questionable,Thigh,,Limited Participation in Practice,2011-01-07T11:32:18Z
2010,WC,BAL,18,00-0021377,S,Ed Reed,Ed,Reed,Chest,,Questionable,Chest,,Limited Participation in Practice,2011-01-07T11:32:26Z
2010,WC,BAL,18,00-0022161,LB,Terrell Suggs,Terrell,Suggs,Knee,,Questionable,Knee,,Limited Participation in Practice,2011-01-07T11:32:33Z
2010,WC,BAL,18,00-0025442,CB,Josh Wilson,Josh,Wilson,Head,,Questionable,Head,,Limited Participation in Practice,2011-01-07T11:32:44Z
2010,WC,BAL,18,00-0026226,S,Tom Zbikowski,Tom,Zbikowski,Back,,Questionable,Back,,Limited Participation in Practice,2011-01-07T11:32:49Z
2010,WC,BAL,18,00-0001263,C,Matt Birk,Matt,Birk,Knee,,Probable,Knee,,Full Participation in Practice,2011-01-07T11:31:53Z
2010,WC,BAL,18,00-0010500,WR,Derrick Mason,Derrick,Mason,Abdomen,Ankle,Probable,Abdomen,Ankle,Full Participation in Practice,2011-01-07T11:31:53Z
2010,WC,BAL,18,00-0026407,LB,Jameel McClain,Jameel,McClain,Back,,Probable,Back,,Full Participation in Practice,2011-01-07T11:31:53Z
2010,WC,BAL,18,00-0026999,T,Michael Oher,Michael,Oher,Knee,Ankle,Probable,Knee,Ankle,Full Participation in Practice,2011-01-07T11:31:53Z
2010,WC,BAL,18,00-0027755,WR,David Reed,David,Reed,Wrist,,Probable,Wrist,,Full Participation in Practice,2011-01-07T11:31:53Z
2010,WC,GB,18,00-0023404,S,Atari Bigby,Atari,Bigby,Groin,,Out,Groin,,Did Not Participate In Practice,2011-01-07T12:18:21Z
2010,WC,GB,18,00-0025578,RB,Korey Hall,Korey,Hall,Knee,,Out,Knee,,Did Not Participate In Practice,2011-01-07T12:18:30Z
2010,WC,GB,18,00-0027442,LB,Frank Zombo,Frank,Zombo,Knee,,Out,Knee,,Did Not Participate In Practice,2011-01-07T12:18:47Z
2010,WC,GB,18,00-0021706,DE,Cullen Jenkins,Cullen,Jenkins,Calf,,Questionable,Calf,,Limited Participation in Practice,2011-01-07T12:18:39Z
2010,WC,GB,18,00-0023486,S,Nick Collins,Nick,Collins,Ribs,,Probable,Ribs,,Full Participation in Practice,2011-01-07T12:18:14Z
2010,WC,GB,18,00-0020515,DE,Ryan Pickett,Ryan,Pickett,Ankle,,Probable,Ankle,,Full Participation in Practice,2011-01-07T12:18:14Z
2010,WC,GB,18,00-0018227,CB,Charles Woodson,Charles,Woodson,Toe,,Probable,Toe,,Full Participation in Practice,2011-01-07T12:18:14Z
2010,WC,GB,18,00-0019702,T,Chad Clifton,Chad,Clifton,Knees,,Probable,Knees,,Limited Participation in Practice,2011-01-07T12:18:14Z
2010,WC,GB,18,00-0027002,LB,Clay Matthews,Clay,Matthews,Shin,,Probable,Shin,,Limited Participation in Practice,2011-01-07T12:18:14Z
2010,WC,IND,18,00-0021146,DE,Dwight Freeney,Dwight,Freeney,,,,Rested,,Full Participation in Practice,2011-01-07T13:02:05Z
2010,WC,IND,18,00-0022059,DE,Robert Mathis,Robert,Mathis,,,,Rested,,Full Participation in Practice,2011-01-07T13:02:05Z
2010,WC,IND,18,00-0020399,T,Ryan Diem,Ryan,Diem,Back,,Questionable,Back,,Did Not Participate In Practice,2011-01-07T13:22:29Z
2010,WC,IND,18,00-0023495,CB,Kelvin Hayden,Kelvin,Hayden,Neck,,Questionable,Neck,,Did Not Participate In Practice,2011-01-07T13:22:35Z
2010,WC,IND,18,00-0025539,DT,Antonio Johnson,Antonio,Johnson,Chest,,Questionable,Chest,,Did Not Participate In Practice,2011-01-07T13:22:42Z
2010,WC,IND,18,00-0026376,G,Jamey Richard,Jamey,Richard,Concussion,,Questionable,Concussion,,Did Not Participate In Practice,2011-01-07T13:23:08Z
2010,WC,IND,18,00-0025523,LB,Clint Session,Clint,Session,Elbow,,Questionable,Elbow,,Did Not Participate In Practice,2011-01-07T13:23:13Z
2010,WC,IND,18,00-0027153,G,Jaimie Thomas,Jaimie,Thomas,Ankle,Back,Questionable,Ankle,Back,Did Not Participate In Practice,2011-01-07T13:23:31Z
2010,WC,IND,18,00-0026936,CB,Al Afalava,Al,Afalava,Ankle,,Questionable,Ankle,,Full Participation in Practice,2011-01-07T13:22:22Z
2010,WC,IND,18,00-0024692,DT,Daniel Muir,Daniel,Muir,Chest,,Questionable,Chest,,Full Participation in Practice,2011-01-07T13:22:52Z
2010,WC,IND,18,00-0020498,WR,Reggie Wayne,Reggie,Wayne,Knee,,Questionable,Knee,,Full Participation in Practice,2011-01-07T13:23:37Z
2010,WC,IND,18,00-0027471,CB,Mike Newton,Mike,Newton,Hamstring,,Questionable,Hamstring,,Limited Participation in Practice,2011-01-07T13:22:57Z
2010,WC,IND,18,00-0019863,RB,Dominic Rhodes,Dominic,Rhodes,Hip,,Questionable,Hip,,Limited Participation in Practice,2011-01-07T13:23:03Z
2010,WC,KC,18,00-0025410,WR,Dwayne Bowe,Dwayne,Bowe,,,,Illness,,Full Participation in Practice,2011-01-06T12:55:16Z
2010,WC,KC,18,00-0027122,WR,Quinten Lawrence,Quinten,Lawrence,Illness,,Probable,Illness,,Full Participation in Practice,2011-01-07T13:01:00Z
2010,WC,KC,18,00-0018584,G,Brian Waters,Brian,Waters,Illness,,Probable,Illness,,Full Participation in Practice,2011-01-07T13:00:53Z
2010,WC,NO,18,00-0019506,LB,Danny Clark,Danny,Clark,Hamstring,,Out,Hamstring,,Did Not Participate In Practice,2011-01-07T12:16:57Z
2010,WC,NO,18,00-0027696,TE,Jimmy Graham,Jimmy,Graham,Ankle,,Out,Ankle,,Did Not Participate In Practice,2011-01-07T12:17:06Z
2010,WC,NO,18,00-0022753,DT,Tony Hargrove,Tony,Hargrove,Knee,,Out,Knee,,Did Not Participate In Practice,2011-01-07T12:17:14Z
2010,WC,NO,18,00-0026990,S,Malcolm Jenkins,Malcolm,Jenkins,Knee,,Out,Knee,,Did Not Participate In Practice,2011-01-07T12:17:26Z
2010,WC,NO,18,00-0021228,DE,Alex Brown,Alex,Brown,Shoulder,,Probable,Shoulder,,Full Participation in Practice,2011-01-07T12:16:47Z
2010,WC,NO,18,00-0024466,WR,Marques Colston,Marques,Colston,Knee,,Probable,Knee,,Full Participation in Practice,2011-01-07T12:16:47Z
2010,WC,NO,18,00-0021148,TE,Jeremy Shockey,Jeremy,Shockey,Groin,,Probable,Groin,,Full Participation in Practice,2011-01-07T12:16:47Z
2010,WC,NO,18,00-0024301,TE,David Thomas,David,Thomas,Knee,,Probable,Knee,,Full Participation in Practice,2011-01-07T12:16:47Z
2010,WC,NO,18,00-0025483,LB,Anthony Waters,Anthony,Waters,Ankle,,Probable,Ankle,,Full Participation in Practice,2011-01-07T12:16:47Z
2010,WC,NYJ,18,00-0025753,S,James Ihedigbo,James,Ihedigbo,Knee,Ankle,Questionable,Knee,Ankle,Limited Participation in Practice,2011-01-07T14:02:32Z
2010,WC,NYJ,18,00-0013282,DE,Trevor Pryce,Trevor,Pryce,Hip,,Questionable,Hip,,Limited Participation in Practice,2011-01-07T14:03:49Z
2010,WC,NYJ,18,00-0018234,T,Damien Woody,Damien,Woody,Knee,,Questionable,Knee,,Limited Participation in Practice,2011-01-07T14:04:02Z
2010,WC,NYJ,18,00-0024234,CB,Antonio Cromartie,Antonio,Cromartie,Groin,,Probable,Groin,,Full Participation in Practice,2011-01-07T14:02:08Z
2010,WC,NYJ,18,00-0019545,DE,Shaun Ellis,Shaun,Ellis,Back,,Probable,Back,,Full Participation in Practice,2011-01-07T14:02:08Z
2010,WC,NYJ,18,00-0024240,WR,Santonio Holmes,Santonio,Holmes,Quadricep,,Probable,Quadricep,,Full Participation in Practice,2011-01-07T14:02:08Z
2010,WC,NYJ,18,00-0024244,C,Nick Mangold,Nick,Mangold,Shoulder,,Probable,Shoulder,,Full Participation in Practice,2011-01-07T14:02:08Z
2010,WC,NYJ,18,00-0026500,G,Matt Slauson,Matt,Slauson,Thumb,,Probable,Thumb,,Full Participation in Practice,2011-01-07T14:02:08Z
2010,WC,NYJ,18,00-0024312,S,Eric Smith,Eric,Smith,Concussion,,Probable,Concussion,,Full Participation in Practice,2011-01-07T14:02:08Z
2010,WC,NYJ,18,00-0025761,C,Robert Turner,Robert,Turner,Thumb,,Probable,Thumb,,Full Participation in Practice,2011-01-07T14:02:08Z
2010,WC,NYJ,18,00-0023523,DT,Sione Pouha,Sione,Pouha,Back,,Probable,Back,,Limited Participation in Practice,2011-01-07T14:02:08Z
2010,WC,NYJ,18,00-0025401,CB,Darrelle Revis,Darrelle,Revis,Hamstring,,Probable,Hamstring,,Limited Participation in Practice,2011-01-07T14:03:31Z
2010,WC,NYJ,18,00-0026898,QB,Mark Sanchez,Mark,Sanchez,right Shoulder,,Probable,right Shoulder,,Limited Participation in Practice,2011-01-07T14:02:08Z
2010,WC,NYJ,18,00-0021081,LB,Bryan Thomas,Bryan,Thomas,Ankle,,Probable,Ankle,,Limited Participation in Practice,2011-01-07T14:02:08Z
2010,WC,PHI,18,00-0024314,G,Max Jean-Gilles,Max,Jean-Gilles,Ankle,,Questionable,Ankle,,Did Not Participate In Practice,2011-01-07T11:13:48Z
2010,WC,PHI,18,00-0025474,LB,Stewart Bradley,Stewart,Bradley,Elbow,,Questionable,Elbow,,Limited Participation in Practice,2011-01-07T11:13:32Z
2010,WC,PHI,18,00-0023560,G,Todd Herremans,Todd,Herremans,Calf,,Questionable,Calf,,Limited Participation in Practice,2011-01-07T11:13:38Z
2010,WC,PHI,18,00-0027725,TE,Clay Harbor,Clay,Harbor,Abdomen,,Probable,Abdomen,,Full Participation in Practice,2011-01-07T11:13:23Z
2010,WC,PHI,18,00-0024254,T,Winston Justice,Winston,Justice,Knee,,Probable,Knee,,Full Participation in Practice,2011-01-07T11:13:23Z
2010,WC,PHI,18,00-0026187,DT,Trevor Laws,Trevor,Laws,Shoulder,,Probable,Shoulder,,Full Participation in Practice,2011-01-07T11:13:23Z
2010,WC,PHI,18,00-0020245,QB,Michael Vick,Michael,Vick,Quadricep,,Probable,Quadricep,,Full Participation in Practice,2011-01-07T11:13:23Z
2010,WC,PHI,18,00-0024156,G,Nick Cole,Nick,Cole,Knee,,Probable,Knee,,Limited Participation in Practice,2011-01-07T11:13:23Z
2010,WC,PHI,18,00-0021956,CB,Asante Samuel,Asante,Samuel,Knee,,Probable,Knee,,Limited Participation in Practice,2011-01-07T11:13:23Z
2010,WC,SEA,18,00-0022855,T,Sean Locklear,Sean,Locklear,,,,Not Injury Related,,Did Not Participate In Practice,2011-01-06T14:10:20Z
2010,DIV,ATL,19,00-0021229,CB,Brian Williams,Brian,Williams,Knee,,Doubtful,Knee,,Did Not Participate In Practice,2011-01-14T09:05:40Z
2010,DIV,ATL,19,00-0019546,DE,John Abraham,John,Abraham,Groin,,Questionable,Groin,,Full Participation in Practice,2011-01-14T09:04:38Z
2010,DIV,ATL,19,00-0023494,DT,Jonathan Babineaux,Jonathan,Babineaux,Shoulder,,Questionable,Shoulder,,Full Participation in Practice,2011-01-14T09:04:47Z
2010,DIV,ATL,19,00-0026238,S,Thomas DeCoud,Thomas,DeCoud,Ankle,,Questionable,Ankle,,Full Participation in Practice,2011-01-14T09:04:57Z
2010,DIV,ATL,19,00-0026177,LB,Curtis Lofton,Curtis,Lofton,Knee,,Questionable,Knee,,Full Participation in Practice,2011-01-14T09:05:08Z
2010,DIV,ATL,19,00-0010711,C,Todd McClure,Todd,McClure,Ankle,,Questionable,Ankle,,Full Participation in Practice,2011-01-14T09:05:19Z
2010,DIV,ATL,19,00-0023462,WR,Roddy White,Roddy,White,Knee,,Questionable,Knee,,Full Participation in Practice,2011-01-14T09:05:31Z
2010,DIV,BAL,19,00-0026226,S,Tom Zbikowski,Tom,Zbikowski,Back,,Questionable,Back,,Full Participation in Practice,2011-01-14T08:21:04Z
2010,DIV,BAL,19,00-0001263,C,Matt Birk,Matt,Birk,Knee,,Questionable,Knee,,Limited Participation in Practice,2011-01-14T08:20:54Z
2010,DIV,BAL,19,00-0023008,CB,Chris Carr,Chris,Carr,Thigh,,Questionable,Thigh,,Limited Participation in Practice,2011-01-14T08:20:59Z
2010,DIV,BAL,19,00-0026211,LB,Tavares Gooden,Tavares,Gooden,Shoulder,,Probable,Shoulder,,Full Participation in Practice,2011-01-14T08:20:47Z
2010,DIV,BAL,19,00-0021147,WR,Donte' Stallworth,Donte',Stallworth,Illness,,Probable,Illness,,Full Participation in Practice,2011-01-14T08:20:47Z
2010,DIV,CHI,19,00-0022050,LB,Pisa Tinoisamoa,Pisa,Tinoisamoa,,,,Knee,,Did Not Participate In Practice,2011-01-13T14:03:39Z
2010,DIV,CHI,19,00-0022123,CB,Charles Tillman,Charles,Tillman,,,,Not Injury Related,,Full Participation in Practice,2011-01-13T14:03:06Z
2010,DIV,CHI,19,00-0022085,DT,Anthony Adams,Anthony,Adams,,,,Calf,,Limited Participation in Practice,2011-01-13T14:04:03Z
2010,DIV,GB,19,00-0027442,LB,Frank Zombo,Frank,Zombo,Knee,,Out,Knee,,Did Not Participate In Practice,2011-01-14T08:12:53Z
2010,DIV,GB,19,00-0023404,S,Atari Bigby,Atari,Bigby,Groin,,Questionable,Groin,,Full Participation in Practice,2011-01-14T08:11:45Z
2010,DIV,GB,19,00-0025578,RB,Korey Hall,Korey,Hall,Knee,,Questionable,Knee,,Full Participation in Practice,2011-01-14T08:12:23Z
2010,DIV,GB,19,00-0024290,C,Jason Spitz,Jason,Spitz,Calf,,Questionable,Calf,,Limited Participation in Practice,2011-01-14T08:12:41Z
2010,DIV,GB,19,00-0027875,T,Bryan Bulaga,Bryan,Bulaga,Shoulder,,Probable,Shoulder,,Full Participation in Practice,2011-01-14T08:11:27Z
2010,DIV,GB,19,00-0004541,WR,Donald Driver,Donald,Driver,Knee,,Probable,Knee,,Full Participation in Practice,2011-01-14T08:11:27Z
2010,DIV,GB,19,00-0018227,CB,Charles Woodson,Charles,Woodson,Toe,,Probable,Toe,,Full Participation in Practice,2011-01-14T08:11:27Z
2010,DIV,GB,19,00-0026763,LB,Diyral Briggs,Diyral,Briggs,Ankle,,Probable,Ankle,,Limited Participation in Practice,2011-01-14T08:11:27Z
2010,DIV,GB,19,00-0019702,T,Chad Clifton,Chad,Clifton,Knees,,Probable,Knees,,Limited Participation in Practice,2011-01-14T08:11:27Z
2010,DIV,GB,19,00-0021706,DE,Cullen Jenkins,Cullen,Jenkins,Calf,,Probable,Calf,,Limited Participation in Practice,2011-01-14T08:11:27Z
2010,DIV,GB,19,00-0027002,LB,Clay Matthews,Clay,Matthews,Shin,,Probable,Shin,,Limited Participation in Practice,2011-01-14T08:11:27Z
2010,DIV,GB,19,00-0020515,DE,Ryan Pickett,Ryan,Pickett,Ankle,,Probable,Ankle,,Limited Participation in Practice,2011-01-14T08:11:27Z
2010,DIV,NE,19,00-0027138,DE,Myron Pryor,Myron,Pryor,Back,,Doubtful,Back,,Did Not Participate In Practice,2011-01-14T12:56:40Z
2010,DIV,NE,19,00-0022038,LB,Tully Banta-Cain,Tully,Banta-Cain,Groin,,Questionable,Groin,,Limited Participation in Practice,2011-01-14T12:55:38Z
2010,DIV,NE,19,00-0021192,WR,Deion Branch,Deion,Branch,Knee,,Questionable,Knee,,Limited Participation in Practice,2011-01-14T12:55:53Z
2010,DIV,NE,19,00-0027661,DE,Jermaine Cunningham,Jermaine,Cunningham,Calf,,Questionable,Calf,,Limited Participation in Practice,2011-01-14T12:56:04Z
2010,DIV,NE,19,00-0027713,TE,Aaron Hernandez,Aaron,Hernandez,Hip,,Questionable,Hip,,Limited Participation in Practice,2011-01-14T12:56:15Z
2010,DIV,NE,19,00-0023619,DE,Eric Moore,Eric,Moore,Hamstring,,Questionable,Hamstring,,Limited Participation in Practice,2011-01-14T12:56:25Z
2010,DIV,NE,19,00-0027034,T,Sebastian Vollmer,Sebastian,Vollmer,Shin,,Questionable,Shin,,Limited Participation in Practice,2011-01-14T12:56:33Z
2010,DIV,NE,19,00-0026071,CB,Kyle Arrington,Kyle,Arrington,Elbow,,Probable,Elbow,,Full Participation in Practice,2011-01-14T12:54:40Z
2010,DIV,NE,19,00-0019596,QB,Tom Brady,Tom,Brady,right Shoulder,Foot,Probable,right Shoulder,Foot,Full Participation in Practice,2011-01-14T12:54:40Z
2010,DIV,NYJ,19,00-0018234,T,Damien Woody,Damien,Woody,Achilles,,Out,Achilles,,Out (Definitely Will Not Play),2011-01-14T13:14:42Z
2010,DIV,NYJ,19,00-0024403,CB,Drew Coleman,Drew,Coleman,Knee,,Questionable,Knee,,Did Not Participate In Practice,2011-01-14T13:13:59Z
2010,DIV,NYJ,19,00-0025753,S,James Ihedigbo,James,Ihedigbo,Knee,Ankle,Questionable,Knee,Ankle,Limited Participation in Practice,2011-01-14T13:14:07Z
2010,DIV,NYJ,19,00-0024318,WR,Brad Smith,Brad,Smith,Groin,,Questionable,Groin,,Limited Participation in Practice,2011-01-14T13:14:15Z
2010,DIV,NYJ,19,00-0024234,CB,Antonio Cromartie,Antonio,Cromartie,Groin,,Probable,Groin,,Full Participation in Practice,2011-01-14T13:13:53Z
2010,DIV,NYJ,19,00-0022847,TE,Ben Hartsock,Ben,Hartsock,Back,,Probable,Back,,Full Participation in Practice,2011-01-14T13:13:53Z
2010,DIV,NYJ,19,00-0024240,WR,Santonio Holmes,Santonio,Holmes,Quadricep,,Probable,Quadricep,,Full Participation in Practice,2011-01-14T13:13:53Z
2010,DIV,NYJ,19,00-0024244,C,Nick Mangold,Nick,Mangold,Shoulder,,Probable,Shoulder,,Full Participation in Practice,2011-01-14T13:13:53Z
2010,DIV,NYJ,19,00-0020969,G,Brandon Moore,Brandon,Moore,Back,,Probable,Back,,Full Participation in Practice,2011-01-14T13:13:53Z
2010,DIV,NYJ,19,00-0023523,DT,Sione Pouha,Sione,Pouha,Back,,Probable,Back,,Full Participation in Practice,2011-01-14T13:13:53Z
2010,DIV,NYJ,19,00-0013694,RB,Tony Richardson,Tony,Richardson,Finger,,Probable,Finger,,Full Participation in Practice,2011-01-14T13:13:53Z
2010,DIV,NYJ,19,00-0026898,QB,Mark Sanchez,Mark,Sanchez,right Shoulder,,Probable,right Shoulder,,Full Participation in Practice,2011-01-14T13:13:53Z
2010,DIV,NYJ,19,00-0021081,LB,Bryan Thomas,Bryan,Thomas,Ankle,,Probable,Ankle,,Full Participation in Practice,2011-01-14T13:13:53Z
2010,DIV,NYJ,19,00-0027059,WR,Patrick Turner,Patrick,Turner,Illness,,Probable,Illness,,Full Participation in Practice,2011-01-14T13:13:53Z
2010,DIV,NYJ,19,00-0025401,CB,Darrelle Revis,Darrelle,Revis,Hamstring,,Probable,Hamstring,,Limited Participation in Practice,2011-01-14T13:13:53Z
2010,DIV,PIT,19,00-0015080,DE,Aaron Smith,Aaron,Smith,Triceps,,Doubtful,Triceps,,Limited Participation in Practice,2011-01-14T07:57:13Z
2010,DIV,PIT,19,00-0023497,CB,Bryant McFadden,Bryant,McFadden,Abdomen,,Probable,Abdomen,,Full Participation in Practice,2011-01-14T07:57:03Z
2010,DIV,PIT,19,00-0022119,S,Troy Polamalu,Troy,Polamalu,Ankle,,Probable,Ankle,,Full Participation in Practice,2011-01-14T07:57:03Z
2010,DIV,SEA,19,00-0023480,LB,Lofa Tatupu,Lofa,Tatupu,Head,,Questionable,Head,,Full Participation in Practice,2011-01-14T12:27:04Z
2010,DIV,SEA,19,00-0023318,C,Chris White,Chris,White,Not Injury Related,,Probable,Not Injury Related,,Did Not Participate In Practice,2011-01-14T12:26:28Z
2010,CON,CHI,20,00-0026210,WR,Earl Bennett,Earl,Bennett,,,,Not Injury Related,,Did Not Participate In Practice,2011-01-19T12:54:30Z
2010,CON,CHI,20,00-0026282,CB,Zackary Bowman,Zackary,Bowman,,,,Not Injury Related,,Did Not Participate In Practice,2011-01-19T12:57:30Z
2010,CON,CHI,20,00-0022050,LB,Pisa Tinoisamoa,Pisa,Tinoisamoa,,,,Knee,,Did Not Participate In Practice,2011-01-20T12:49:26Z
2010,CON,CHI,20,00-0021604,DE,Israel Idonije,Israel,Idonije,,,,Thumb,,Full Participation in Practice,2011-01-19T12:59:26Z
2010,CON,CHI,20,00-0023614,S,Chris Harris,Chris,Harris,Hip,,Questionable,Hip,,Limited Participation in Practice,2011-01-21T13:07:38Z
2010,CON,GB,20,00-0024220,LB,A.J. Hawk,A.J.,Hawk,,,,Knee,,Limited Participation in Practice,2011-01-21T11:50:09Z
2010,CON,GB,20,00-0026307,LB,Erik Walden,Erik,Walden,,,,Shoulder,,Limited Participation in Practice,2011-01-21T11:51:07Z
2010,CON,GB,20,00-0027442,LB,Frank Zombo,Frank,Zombo,Knee,,Out,Knee,,Did Not Participate In Practice,2011-01-21T11:51:47Z
2010,CON,GB,20,00-0024290,C,Jason Spitz,Jason,Spitz,Calf,,Questionable,Calf,,Did Not Participate In Practice,2011-01-21T11:51:41Z
2010,CON,GB,20,00-0026763,LB,Diyral Briggs,Diyral,Briggs,Ankle,,Probable,Ankle,,Full Participation in Practice,2011-01-21T11:51:33Z
2010,CON,GB,20,00-0021706,DE,Cullen Jenkins,Cullen,Jenkins,Calf,,Probable,Calf,,Full Participation in Practice,2011-01-21T11:51:33Z
2010,CON,GB,20,00-0026200,CB,Patrick Lee,Patrick,Lee,Hip,,Probable,Hip,,Full Participation in Practice,2011-01-21T11:51:33Z
2010,CON,GB,20,00-0020515,DE,Ryan Pickett,Ryan,Pickett,Ankle,,Probable,Ankle,,Full Participation in Practice,2011-01-21T11:51:33Z
2010,CON,GB,20,00-0018227,CB,Charles Woodson,Charles,Woodson,Toe,,Probable,Toe,,Full Participation in Practice,2011-01-21T11:51:33Z
2010,CON,GB,20,00-0019702,T,Chad Clifton,Chad,Clifton,Knees,,Probable,Knees,,Limited Participation in Practice,2011-01-21T11:51:33Z
2010,CON,GB,20,00-0022999,RB,John Kuhn,John,Kuhn,Shoulder,,Probable,Shoulder,,Limited Participation in Practice,2011-01-21T11:51:33Z
2010,CON,GB,20,00-0027002,LB,Clay Matthews,Clay,Matthews,Shin,,Probable,Shin,,Limited Participation in Practice,2011-01-21T11:51:33Z
2010,CON,NYJ,20,00-0019545,DE,Shaun Ellis,Shaun,Ellis,Knee,,Questionable,Knee,,Did Not Participate In Practice,2011-01-21T12:30:19Z
2010,CON,NYJ,20,00-0024403,CB,Drew Coleman,Drew,Coleman,Knee,,Questionable,Knee,,Limited Participation in Practice,2011-01-21T12:29:19Z
2010,CON,NYJ,20,00-0025753,S,James Ihedigbo,James,Ihedigbo,Knee,Ankle,Questionable,Knee,Ankle,Limited Participation in Practice,2011-01-21T12:30:26Z
2010,CON,NYJ,20,00-0024318,WR,Brad Smith,Brad,Smith,Groin,,Questionable,Groin,,Limited Participation in Practice,2011-01-21T12:30:37Z
2010,CON,NYJ,20,00-0024234,CB,Antonio Cromartie,Antonio,Cromartie,Groin,,Probable,Groin,,Full Participation in Practice,2011-01-21T12:29:12Z
2010,CON,NYJ,20,00-0025689,DT,Mike Devito,Mike,Devito,Neck,,Probable,Neck,,Full Participation in Practice,2011-01-21T12:29:12Z
2010,CON,NYJ,20,00-0024240,WR,Santonio Holmes,Santonio,Holmes,Quadricep,,Probable,Quadricep,,Full Participation in Practice,2011-01-21T12:29:12Z
2010,CON,NYJ,20,00-0024244,C,Nick Mangold,Nick,Mangold,Shoulder,,Probable,Shoulder,,Full Participation in Practice,2011-01-21T12:29:12Z
2010,CON,NYJ,20,00-0023523,DT,Sione Pouha,Sione,Pouha,Back,,Probable,Back,,Full Participation in Practice,2011-01-21T12:29:12Z
2010,CON,NYJ,20,00-0026898,QB,Mark Sanchez,Mark,Sanchez,right Shoulder,,Probable,right Shoulder,,Full Participation in Practice,2011-01-21T12:29:12Z
2010,CON,NYJ,20,00-0016112,LB,Jason Taylor,Jason,Taylor,Concussion,,Probable,Concussion,,Full Participation in Practice,2011-01-21T12:29:12Z
2010,CON,NYJ,20,00-0025401,CB,Darrelle Revis,Darrelle,Revis,Hamstring,,Probable,Hamstring,,Limited Participation in Practice,2011-01-21T12:29:12Z
2010,CON,PIT,20,00-0022064,WR,Arnaz Battle,Arnaz,Battle,,,,Illness,,Did Not Participate In Practice,2011-01-20T13:01:44Z
2010,CON,PIT,20,00-0015080,DE,Aaron Smith,Aaron,Smith,Triceps,,Doubtful,Triceps,,Limited Participation in Practice,2011-01-21T10:42:47Z
2010,CON,PIT,20,00-0023497,CB,Bryant McFadden,Bryant,McFadden,Abdomen,,Questionable,Abdomen,,Full Participation in Practice,2011-01-21T10:42:40Z
2010,CON,PIT,20,00-0022900,S,Will Allen,Will,Allen,Knee,,Questionable,Knee,,Limited Participation in Practice,2011-01-21T10:42:30Z
2010,CON,PIT,20,00-0022119,S,Troy Polamalu,Troy,Polamalu,Achilles,,Probable,Achilles,,Full Participation in Practice,2011-01-21T10:42:20Z
2010,SB,GB,21,00-0026307,LB,Erik Walden,Erik,Walden,Ankle,,Questionable,Ankle,,Limited Participation in Practice,2011-02-04T13:33:45Z
2010,SB,GB,21,00-0019702,T,Chad Clifton,Chad,Clifton,Knee,,Probable,Knee,,Full Participation in Practice,2011-02-04T13:32:23Z
2010,SB,GB,21,00-0024290,C,Jason Spitz,Jason,Spitz,Calf,,Probable,Calf,,Full Participation in Practice,2011-02-04T13:32:23Z
2010,SB,GB,21,00-0027442,LB,Frank Zombo,Frank,Zombo,Knee,,Probable,Knee,,Full Participation in Practice,2011-02-04T13:32:23Z
2010,SB,GB,21,00-0004541,WR,Donald Driver,Donald,Driver,Quadricep,,Probable,Quadricep,,Limited Participation in Practice,2011-02-04T13:32:23Z
2010,SB,PIT,21,00-0027870,C,Maurkice Pouncey,Maurkice,Pouncey,Ankle,,Out,Ankle,,Did Not Participate In Practice,2011-02-04T12:47:40Z
2010,SB,PIT,21,00-0015080,DE,Aaron Smith,Aaron,Smith,Triceps,,Out,Triceps,,Limited Participation in Practice,2011-02-04T12:47:50Z
