season,game_type,team,week,gsis_id,position,full_name,first_name,last_name,report_primary_injury,report_secondary_injury,report_status,practice_primary_injury,practice_secondary_injury,practice_status,date_modified
2012,REG,ARI,1,00-0026221,WR,Early Doucet,Early,Doucet,,,,Not Injury Related,,Did Not Participate In Practice,2012-09-05T14:19:52Z
2012,REG,ARI,1,00-0023529,G,Adam Snyder,Adam,Snyder,Elbow,,Questionable,Elbow,,Limited Participation in Practice,2012-09-07T12:57:20Z
2012,REG,ARI,1,00-0026910,CB,Gregory Toler,Gregory,Toler,Hip,,Questionable,Hip,,Limited Participation in Practice,2012-09-07T12:57:27Z
2012,REG,ARI,1,00-0027007,RB,Chris Wells,Chris,Wells,Hamstring,,Questionable,Hamstring,,Limited Participation in Practice,2012-09-07T12:57:11Z
2012,REG,ARI,1,00-0028007,TE,Rob Housler,Rob,Housler,Hamstring,,Probable,Hamstring,,Full Participation in Practice,2012-09-07T12:56:52Z
2012,REG,ARI,1,00-0027067,S,Rashad Johnson,Rashad,Johnson,Abdomen,,Probable,Abdomen,,Full Participation in Practice,2012-09-07T12:56:52Z
2012,REG,ARI,1,00-0027691,WR,Andre Roberts,Andre,Roberts,Ankle,,Probable,Ankle,,Full Participation in Practice,2012-09-07T12:56:52Z
2012,REG,ARI,1,00-0027730,LB,O'Brien Schofield,O'Brien,Schofield,Knee,,Probable,Knee,,Full Participation in Practice,2012-09-07T12:56:52Z
2012,REG,ARI,1,00-0026956,RB,LaRod Stephens-Howling,LaRod,Stephens-Howling,Groin,,Probable,Groin,,Full Participation in Practice,2012-09-07T12:56:52Z
2012,REG,ATL,1,00-0027062,CB,Christopher Owens,Christopher,Owens,Hamstring,,Probable,Hamstring,,Full Participation in Practice,2012-09-07T10:00:06Z
2012,REG,ATL,1,00-0025631,RB,Jason Snelling,Jason,Snelling,Calf,,Probable,Calf,,Full Participation in Practice,2012-09-07T10:00:21Z
2012,REG,BAL,1,00-0028023,T,Jah Reid,Jah,Reid,Calf,,Doubtful,Calf,,Did Not Participate In Practice,2012-09-08T11:42:11Z
2012,REG,BAL,1,00-0029294,CB,Asa Jackson,Asa,Jackson,Illness,,Questionable,Illness,,Did Not Participate In Practice,2012-09-08T11:42:01Z
2012,REG,BAL,1,00-0023537,S,Sean Considine,Sean,Considine,Head,,Probable,Head,,Full Participation in Practice,2012-09-08T11:41:51Z
2012,REG,BAL,1,00-0029252,LB,Courtney Upshaw,Courtney,Upshaw,Shoulder,,Probable,Shoulder,,Full Participation in Practice,2012-09-08T11:41:51Z
2012,REG,BUF,1,00-0026364,WR,Steve Johnson,Steve,Johnson,Groin,,Questionable,Groin,,Limited Participation in Practice,2012-09-07T09:35:18Z
2012,REG,BUF,1,00-0024318,WR,Brad Smith,Brad,Smith,Groin,,Probable,Groin,,Full Participation in Practice,2012-09-07T09:35:01Z
2012,REG,BUF,1,00-0027053,G,Kraig Urbik,Kraig,Urbik,Back,,Probable,Back,,Limited Participation in Practice,2012-09-07T09:35:01Z
2012,REG,CAR,1,00-0027485,C,Jeff Byers,Jeff,Byers,Knee,,Out,Knee,,Did Not Participate In Practice,2012-09-07T12:30:27Z
2012,REG,CAR,1,00-0026153,RB,Jonathan Stewart,Jonathan,Stewart,Ankle,,Questionable,Ankle,,Did Not Participate In Practice,2012-09-07T12:30:16Z
2012,REG,CAR,1,00-0025412,LB,Jon Beason,Jon,Beason,Thigh,,Probable,Thigh,,Full Participation in Practice,2012-09-07T12:30:03Z
2012,REG,CAR,1,00-0020337,WR,Steve Smith,Steve,Smith,Foot,,Probable,Foot,,Full Participation in Practice,2012-09-07T12:30:03Z
2012,REG,CHI,1,00-0025458,RB,Lorenzo Booker,Lorenzo,Booker,Head,,Questionable,Head,,Did Not Participate In Practice,2012-09-07T12:40:14Z
2012,REG,CHI,1,00-0028031,S,Chris Conte,Chris,Conte,Shoulder,,Probable,Shoulder,,Full Participation in Practice,2012-09-07T12:39:23Z
2012,REG,CHI,1,00-0025488,P,Adam Podlesh,Adam,Podlesh,Hip,,Probable,Hip,,Full Participation in Practice,2012-09-07T12:39:23Z
2012,REG,CHI,1,00-0019456,LB,Brian Urlacher,Brian,Urlacher,Knee,,Probable,Knee,,Full Participation in Practice,2012-09-07T12:39:23Z
2012,REG,CHI,1,00-0026210,WR,Earl Bennett,Earl,Bennett,Hand,,Probable,Hand,,Limited Participation in Practice,2012-09-07T12:40:36Z
2012,REG,CIN,1,00-0029560,CB,Dre Kirkpatrick,Dre,Kirkpatrick,Knee,,Out,Knee,,Out (Definitely Will Not Play),2012-09-08T11:02:35Z
2012,REG,CIN,1,00-0027662,DE,Carlos Dunlap,Carlos,Dunlap,Knee,,Doubtful,Knee,,Did Not Participate In Practice,2012-09-08T11:03:18Z
2012,REG,CIN,1,00-0026941,RB,Bernard Scott,Bernard,Scott,Hand,,Doubtful,Hand,,Did Not Participate In Practice,2012-09-08T11:03:27Z
2012,REG,CIN,1,00-0024231,CB,Jason Allen,Jason,Allen,Quadricep,,Questionable,Quadricep,,Did Not Participate In Practice,2012-09-08T11:03:37Z
2012,REG,CIN,1,00-0027973,QB,Andy Dalton,Andy,Dalton,right Biceps,,Probable,right Biceps,,Full Participation in Practice,2012-09-08T11:02:20Z
2012,REG,CIN,1,00-0022867,DE,Robert Geathers,Robert,Geathers,Knee,,Probable,Knee,,Full Participation in Practice,2012-09-08T11:02:20Z
2012,REG,CIN,1,00-0027873,TE,Jermaine Gresham,Jermaine,Gresham,Knee,,Probable,Knee,,Full Participation in Practice,2012-09-08T11:02:20Z
2012,REG,CIN,1,00-0021929,TE,Donald Lee,Donald,Lee,Thigh,,Probable,Thigh,,Full Participation in Practice,2012-09-08T11:02:20Z
2012,REG,CIN,1,00-0026725,LB,Dan Skuta,Dan,Skuta,Head,,Probable,Head,,Full Participation in Practice,2012-09-08T11:02:20Z
2012,REG,CLE,1,00-0029279,LB,James-Michael Johnson,James-Michael,Johnson,Ribs,Oblique,Out,Ribs,Oblique,Did Not Participate In Practice,2012-09-07T13:01:20Z
2012,REG,CLE,1,00-0026239,T,Oniel Cousins,Oniel,Cousins,Ankle,,Doubtful,Ankle,,Did Not Participate In Practice,2012-09-07T13:00:36Z
2012,REG,CLE,1,00-0028040,TE,Jordan Cameron,Jordan,Cameron,Groin,,Questionable,Groin,,Limited Participation in Practice,2012-09-07T13:00:25Z
2012,REG,CLE,1,00-0026205,G,John Greco,John,Greco,Calf,,Questionable,Calf,,Limited Participation in Practice,2012-09-07T13:00:48Z
2012,REG,CLE,1,00-0027253,QB,Thaddeus Lewis,Thaddeus,Lewis,right Thumb,,Questionable,right Thumb,,Limited Participation in Practice,2012-09-07T13:01:31Z
2012,REG,CLE,1,00-0027140,RB,Chris Ogbonnaya,Chris,Ogbonnaya,Ankle,,Questionable,Ankle,,Limited Participation in Practice,2012-09-07T13:01:42Z
2012,REG,CLE,1,00-0029675,RB,Trent Richardson,Trent,Richardson,Knee,,Questionable,Knee,,Limited Participation in Practice,2012-09-07T13:01:52Z
2012,REG,CLE,1,00-0022943,TE,Benjamin Watson,Benjamin,Watson,Thigh,,Questionable,Thigh,,Limited Participation in Practice,2012-09-07T13:02:00Z
2012,REG,CLE,1,00-0028186,S,Eric Hagg,Eric,Hagg,Illness,,Probable,Illness,,Full Participation in Practice,2012-09-07T13:01:09Z
2012,REG,CLE,1,00-0023727,CB,Dimitri Patterson,Dimitri,Patterson,Knee,,Probable,Knee,,Full Participation in Practice,2012-09-07T13:02:09Z
2012,REG,CLE,1,00-0023316,S,Raymond Ventrone,Raymond,Ventrone,Hamstring,,Probable,Hamstring,,Full Participation in Practice,2012-09-07T13:00:04Z
2012,REG,CLE,1,00-0025453,S,Usama Young,Usama,Young,Thigh,,Probable,Thigh,,Full Participation in Practice,2012-09-07T13:00:04Z
2012,REG,DAL,1,00-0029648,S,Matt Johnson,Matt,Johnson,Hamstring,,Out,Hamstring,,Did Not Participate In Practice,2012-09-04T09:14:58Z
2012,REG,DAL,1,00-0023656,DT,Jay Ratliff,Jay,Ratliff,Ankle,,Out,Ankle,,Did Not Participate In Practice,2012-09-04T09:15:15Z
2012,REG,DAL,1,00-0027422,S,Danny McCray,Danny,McCray,Neck,,Doubtful,Neck,,Did Not Participate In Practice,2012-09-04T09:15:06Z
2012,REG,DAL,1,00-0022127,TE,Jason Witten,Jason,Witten,Abdomen,,Doubtful,Abdomen,,Limited Participation in Practice,2012-09-04T09:15:32Z
2012,REG,DAL,1,00-0028263,WR,Andre Holmes,Andre,Holmes,Knee,,Questionable,Knee,,Limited Participation in Practice,2012-09-04T09:14:39Z
2012,REG,DAL,1,00-0026165,CB,Mike Jenkins,Mike,Jenkins,Shoulder,,Questionable,Shoulder,,Limited Participation in Practice,2012-09-04T09:14:48Z
2012,REG,DAL,1,00-0029647,LB,Kyle Wilber,Kyle,Wilber,Thumb,,Questionable,Thumb,,Limited Participation in Practice,2012-09-04T09:15:25Z
2012,REG,DAL,1,00-0023921,WR,Miles Austin,Miles,Austin,Hamstring,,Probable,Hamstring,,Full Participation in Practice,2012-09-04T09:14:26Z
2012,REG,DAL,1,00-0027902,WR,Dez Bryant,Dez,Bryant,Knee,,Probable,Knee,,Full Participation in Practice,2012-09-04T09:14:26Z
2012,REG,DAL,1,00-0026214,LB,Dan Connor,Dan,Connor,Hip,,Probable,Hip,,Full Participation in Practice,2012-09-04T09:14:26Z
2012,REG,DAL,1,00-0027417,C,Phil Costa,Phil,Costa,Back,,Probable,Back,,Full Participation in Practice,2012-09-04T09:14:26Z
2012,REG,DAL,1,00-0028009,RB,DeMarco Murray,DeMarco,Murray,Wrist,,Probable,Wrist,,Full Participation in Practice,2012-09-04T09:14:26Z
2012,REG,DAL,1,00-0028613,RB,Phillip Tanner,Phillip,Tanner,Hand,,Probable,Hand,,Full Participation in Practice,2012-09-04T09:14:26Z
2012,REG,DAL,1,00-0023445,LB,DeMarcus Ware,DeMarcus,Ware,Hamstring,,Probable,Hamstring,,Full Participation in Practice,2012-09-04T09:14:26Z
2012,REG,DEN,1,00-0024375,G,Chris Kuper,Chris,Kuper,Forearm,,Out,Forearm,,Did Not Participate In Practice,2012-09-07T11:28:13Z
2012,REG,DET,1,00-0027009,S,Louis Delmas,Louis,Delmas,Knee,,Doubtful,Knee,,Did Not Participate In Practice,2012-09-07T13:00:22Z
2012,REG,DET,1,00-0025428,CB,Chris Houston,Chris,Houston,Ankle,,Doubtful,Ankle,,Did Not Participate In Practice,2012-09-07T13:00:28Z
2012,REG,GB,1,00-0028600,LB,Jamari Lattimore,Jamari,Lattimore,Ankle,,Out,Ankle,,Did Not Participate In Practice,2012-09-07T14:26:14Z
2012,REG,GB,1,00-0028069,CB,Davon House,Davon,House,Shoulder,,Out,Shoulder,,Limited Participation in Practice,2012-09-07T14:26:05Z
2012,REG,GB,1,00-0027791,RB,James Starks,James,Starks,Toe,,Out,Toe,,Out (Definitely Will Not Play),2012-09-07T14:26:24Z
2012,REG,GB,1,00-0028034,RB,Alex Green,Alex,Green,Knee,,Probable,Knee,,Did Not Participate In Practice,2012-09-07T14:26:47Z
2012,REG,GB,1,00-0026985,DT,B.J. Raji,B.J.,Raji,Ankle,,Probable,Ankle,,Full Participation in Practice,2012-09-07T14:25:54Z
2012,REG,GB,1,00-0026878,TE,Tom Crabtree,Tom,Crabtree,Shoulder,,Probable,Shoulder,,Limited Participation in Practice,2012-09-07T14:25:54Z
2012,REG,GB,1,00-0026581,LB,Rob Francois,Rob,Francois,Hamstring,,Probable,Hamstring,,Limited Participation in Practice,2012-09-07T14:25:54Z
2012,REG,GB,1,00-0029201,S,Sean Richardson,Sean,Richardson,Hamstring,,Probable,Hamstring,,Limited Participation in Practice,2012-09-07T14:25:54Z
2012,REG,HOU,1,00-0028536,LB,Bryan Braman,Bryan,Braman,Hamstring,,Questionable,Hamstring,,Did Not Participate In Practice,2012-09-07T11:47:20Z
2012,REG,HOU,1,00-0026796,RB,Arian Foster,Arian,Foster,Knee,,Questionable,Knee,,Did Not Participate In Practice,2012-09-07T11:47:35Z
2012,REG,HOU,1,00-0027980,LB,Brooks Reed,Brooks,Reed,Hip,,Questionable,Hip,,Did Not Participate In Practice,2012-09-07T11:47:49Z
2012,REG,HOU,1,00-0023472,DT,Shaun Cody,Shaun,Cody,Back,Ankle,Probable,Back,Ankle,Full Participation in Practice,2012-09-07T11:47:09Z
2012,REG,HOU,1,00-0026991,LB,Brian Cushing,Brian,Cushing,Ribs,,Probable,Ribs,,Full Participation in Practice,2012-09-07T11:47:09Z
2012,REG,HOU,1,00-0024313,TE,Owen Daniels,Owen,Daniels,Illness,,Probable,Illness,,Full Participation in Practice,2012-09-07T11:47:09Z
2012,REG,HOU,1,00-0022044,WR,Andre Johnson,Andre,Johnson,Chest,,Probable,Chest,,Full Participation in Practice,2012-09-07T11:47:09Z
2012,REG,HOU,1,00-0028082,S,Shiloh Keo,Shiloh,Keo,Neck,,Probable,Neck,,Full Participation in Practice,2012-09-07T11:47:09Z
2012,REG,HOU,1,00-0023633,C,Chris Myers,Chris,Myers,Knee,,Probable,Knee,,Full Participation in Practice,2012-09-07T11:48:10Z
2012,REG,HOU,1,00-0027890,RB,Ben Tate,Ben,Tate,Head,,Probable,Head,,Full Participation in Practice,2012-09-07T11:47:09Z
2012,REG,HOU,1,00-0027949,DE,J.J. Watt,J.J.,Watt,Elbow,,Probable,Elbow,,Full Participation in Practice,2012-09-07T11:47:09Z
2012,REG,IND,1,00-0027892,LB,Pat Angerer,Pat,Angerer,Foot,,Out,Foot,,Did Not Participate In Practice,2012-09-07T11:00:28Z
2012,REG,IND,1,00-0026408,G,Joe Reitz,Joe,Reitz,Knee,,Out,Knee,,Did Not Participate In Practice,2012-09-07T11:01:34Z
2012,REG,IND,1,00-0028057,RB,Delone Carter,Delone,Carter,Chest,,Questionable,Chest,,Full Participation in Practice,2012-09-07T11:00:44Z
2012,REG,IND,1,00-0027092,WR,Austin Collie,Austin,Collie,Head,,Questionable,Head,,Limited Participation in Practice,2012-09-07T11:01:00Z
2012,REG,IND,1,00-0029608,WR,T.Y. Hilton,T.Y.,Hilton,Shoulder,,Questionable,Shoulder,,Limited Participation in Practice,2012-09-07T11:01:17Z
2012,REG,IND,1,00-0022217,RB,Mewelde Moore,Mewelde,Moore,Chest,,Probable,Chest,,Full Participation in Practice,2012-09-07T11:00:03Z
2012,REG,IND,1,00-0027064,CB,Jerraud Powers,Jerraud,Powers,Knee,,Probable,Knee,,Full Participation in Practice,2012-09-07T11:00:03Z
2012,REG,IND,1,00-0021998,DE,Cory Redding,Cory,Redding,Knee,,Probable,Knee,,Full Participation in Practice,2012-09-07T11:00:03Z
2012,REG,JAX,1,00-0027752,DE,Austen Lane,Austen,Lane,Foot,,Out,Foot,,Did Not Participate In Practice,2012-09-07T11:16:24Z
2012,REG,JAX,1,00-0027818,DE,George Selvie,George,Selvie,Knee,,Out,Knee,,Did Not Participate In Practice,2012-09-07T11:16:42Z
2012,REG,JAX,1,00-0022839,LB,Daryl Smith,Daryl,Smith,Groin,,Out,Groin,,Did Not Participate In Practice,2012-09-07T11:16:51Z
2012,REG,JAX,1,00-0027047,CB,Derek Cox,Derek,Cox,Hamstring,,Doubtful,Hamstring,,Limited Participation in Practice,2012-09-07T11:16:04Z
2012,REG,JAX,1,00-0029610,CB,Mike Harris,Mike,Harris,Hamstring,,Questionable,Hamstring,,Limited Participation in Practice,2012-09-07T11:16:18Z
2012,REG,JAX,1,00-0029707,WR,Justin Blackmon,Justin,Blackmon,Ankle,,Probable,Ankle,,Full Participation in Practice,2012-09-07T11:15:51Z
2012,REG,JAX,1,00-0018956,C,Brad Meester,Brad,Meester,Not Injury Related,,Probable,Not Injury Related,,Full Participation in Practice,2012-09-07T11:15:51Z
2012,REG,JAX,1,00-0027511,DE,Aaron Morgan,Aaron,Morgan,Not Injury Related,,Probable,Not Injury Related,,Full Participation in Practice,2012-09-07T11:15:51Z
2012,REG,JAX,1,00-0025536,G,Uche Nwaneri,Uche,Nwaneri,Ankle,,Probable,Ankle,,Full Participation in Practice,2012-09-07T11:15:51Z
2012,REG,KC,1,00-0028024,DE,Allen Bailey,Allen,Bailey,Ankle,,Doubtful,Ankle,,Did Not Participate In Practice,2012-09-07T11:54:28Z
2012,REG,KC,1,00-0027736,S,Kendrick Lewis,Kendrick,Lewis,Shoulder,,Doubtful,Shoulder,,Did Not Participate In Practice,2012-09-07T11:54:51Z
2012,REG,KC,1,00-0026093,DT,Anthony Toribio,Anthony,Toribio,Ankle,,Doubtful,Ankle,,Did Not Participate In Practice,2012-09-07T11:54:39Z
2012,REG,KC,1,00-0026869,LB,Jovan Belcher,Jovan,Belcher,Groin,,Questionable,Groin,,Limited Participation in Practice,2012-09-07T11:55:02Z
2012,REG,KC,1,00-0028056,CB,Jalil Brown,Jalil,Brown,Groin,,Questionable,Groin,,Limited Participation in Practice,2012-09-07T11:55:07Z
2012,REG,KC,1,00-0026175,CB,Brandon Flowers,Brandon,Flowers,Foot,,Questionable,Foot,,Limited Participation in Practice,2012-09-07T11:55:13Z
2012,REG,KC,1,00-0023449,LB,Derrick Johnson,Derrick,Johnson,Ankle,,Questionable,Ankle,,Limited Participation in Practice,2012-09-07T11:55:20Z
2012,REG,MIA,1,00-0024102,DE,Tony McDaniel,Tony,McDaniel,Knee,Toes,Questionable,Knee,Toes,Limited Participation in Practice,2012-09-07T09:57:32Z
2012,REG,MIA,1,00-0027077,WR,Brian Hartline,Brian,Hartline,Calf,,Probable,Calf,,Full Participation in Practice,2012-09-07T09:57:21Z
2012,REG,MIA,1,00-0027678,G,John Jerry,John,Jerry,Ankle,,Probable,Ankle,,Full Participation in Practice,2012-09-07T09:57:21Z
2012,REG,MIA,1,00-0025820,T,Jake Long,Jake,Long,Knee,,Probable,Knee,,Full Participation in Practice,2012-09-07T09:57:21Z
2012,REG,MIA,1,00-0027883,LB,Koa Misi,Koa,Misi,Back,,Probable,Back,,Full Participation in Practice,2012-09-07T09:57:21Z
2012,REG,MIA,1,00-0029111,DE,Derrick Shelby,Derrick,Shelby,Shoulder,,Probable,Shoulder,,Full Participation in Practice,2012-09-07T09:57:21Z
2012,REG,MIA,1,00-0025697,LB,Jason Trusnik,Jason,Trusnik,Ankle,,Probable,Ankle,,Full Participation in Practice,2012-09-07T09:57:21Z
2012,REG,MIN,1,00-0018093,CB,Antoine Winfield,Antoine,Winfield,,,,Not Injury Related,,Did Not Participate In Practice,2012-09-06T13:46:38Z
2012,REG,MIN,1,00-0025607,LB,Marvin Mitchell,Marvin,Mitchell,Ankle,,Out,Ankle,,Did Not Participate In Practice,2012-09-07T11:02:48Z
2012,REG,MIN,1,00-0027914,S,Andrew Sendejo,Andrew,Sendejo,Ankle,,Out,Ankle,,Did Not Participate In Practice,2012-09-07T11:03:03Z
2012,REG,MIN,1,00-0029572,WR,Jarius Wright,Jarius,Wright,Ankle,,Out,Ankle,,Did Not Participate In Practice,2012-09-07T11:03:14Z
2012,REG,MIN,1,00-0025394,RB,Adrian Peterson,Adrian,Peterson,Knee,,Questionable,Knee,,Limited Participation in Practice,2012-09-07T11:03:24Z
2012,REG,MIN,1,00-0029575,CB,Robert Blanton,Robert,Blanton,Hamstring,,Probable,Hamstring,,Full Participation in Practice,2012-09-07T11:02:32Z
2012,REG,MIN,1,00-0026178,TE,John Carlson,John,Carlson,Knee,,Probable,Knee,,Full Participation in Practice,2012-09-07T11:02:32Z
2012,REG,MIN,1,00-0026292,DT,Letroy Guion,Letroy,Guion,Knee,,Probable,Knee,,Full Participation in Practice,2012-09-07T11:02:32Z
2012,REG,MIN,1,00-0026381,T,Geoff Schwartz,Geoff,Schwartz,Abdomen,,Probable,Abdomen,,Full Participation in Practice,2012-09-07T11:02:32Z
2012,REG,MIN,1,00-0027547,CB,Marcus Sherels,Marcus,Sherels,Ankle,,Probable,Ankle,,Full Participation in Practice,2012-09-07T11:02:32Z
2012,REG,NE,1,00-0027994,RB,Shane Vereen,Shane,Vereen,Foot,,Out,Foot,,Out (Definitely Will Not Play),2012-09-07T12:59:13Z
2012,REG,NE,1,00-0029596,CB,Alfonzo Dennard,Alfonzo,Dennard,Hamstring,,Questionable,Hamstring,,Limited Participation in Practice,2012-09-07T13:00:17Z
2012,REG,NE,1,00-0023752,TE,Daniel Fells,Daniel,Fells,Shin,,Questionable,Shin,,Limited Participation in Practice,2012-09-07T13:00:26Z
2012,REG,NE,1,00-0027435,G,Nick McDonald,Nick,McDonald,Shoulder,,Questionable,Shoulder,,Limited Participation in Practice,2012-09-07T13:00:38Z
2012,REG,NE,1,00-0028767,CB,Sterling Moore,Sterling,Moore,Knee,,Questionable,Knee,,Limited Participation in Practice,2012-09-07T13:00:48Z
2012,REG,NE,1,00-0027034,T,Sebastian Vollmer,Sebastian,Vollmer,Back,,Questionable,Back,,Limited Participation in Practice,2012-09-07T13:00:56Z
2012,REG,NE,1,00-0027010,S,Patrick Chung,Patrick,Chung,Shoulder,,Probable,Shoulder,,Full Participation in Practice,2012-09-07T12:58:26Z
2012,REG,NO,1,00-0029659,T,Marcel Jones,Marcel,Jones,Knee,,Out,Knee,,Did Not Participate In Practice,2012-09-07T12:13:10Z
2012,REG,NO,1,00-0026377,WR,Adrian Arrington,Adrian,Arrington,Knee,,Questionable,Knee,,Did Not Participate In Practice,2012-09-07T12:12:26Z
2012,REG,NO,1,00-0025999,LB,David Hawthorne,David,Hawthorne,Knee,,Questionable,Knee,,Full Participation in Practice,2012-09-07T12:13:02Z
2012,REG,NO,1,00-0026177,LB,Curtis Lofton,Curtis,Lofton,Ankle,,Questionable,Ankle,,Full Participation in Practice,2012-09-07T12:13:17Z
2012,REG,NO,1,00-0024466,WR,Marques Colston,Marques,Colston,Foot,,Questionable,Foot,,Limited Participation in Practice,2012-09-07T12:12:46Z
2012,REG,NO,1,00-0022527,CB,Jabari Greer,Jabari,Greer,Groin,,Questionable,Groin,,Limited Participation in Practice,2012-09-07T12:12:53Z
2012,REG,NYG,1,00-0027957,CB,Prince Amukamara,Prince,Amukamara,Ankle,,Out,Ankle,,Did Not Participate In Practice,2012-09-04T09:49:29Z
2012,REG,NYG,1,00-0027990,DT,Marvin Austin,Marvin,Austin,Back,,Out,Back,,Did Not Participate In Practice,2012-09-04T09:49:35Z
2012,REG,NYG,1,00-0028055,T,James Brewer,James,Brewer,Back,,Out,Back,,Did Not Participate In Practice,2012-09-04T09:50:02Z
2012,REG,NYG,1,00-0023593,LB,Michael Boley,Michael,Boley,Hamstring,,Questionable,Hamstring,,Full Participation in Practice,2012-09-04T09:49:53Z
2012,REG,NYG,1,00-0029267,CB,Jayron Hosley,Jayron,Hosley,Toe,,Questionable,Toe,,Full Participation in Practice,2012-09-04T09:50:14Z
2012,REG,NYG,1,00-0027036,T,Will Beatty,Will,Beatty,Back,,Questionable,Back,,Limited Participation in Practice,2012-09-04T09:49:45Z
2012,REG,NYG,1,00-0024247,LB,Mathias Kiwanuka,Mathias,Kiwanuka,Groin,,Questionable,Groin,,Limited Participation in Practice,2012-09-04T09:50:22Z
2012,REG,NYG,1,00-0027005,WR,Hakeem Nicks,Hakeem,Nicks,Foot,,Questionable,Foot,,Limited Participation in Practice,2012-09-04T09:50:34Z
2012,REG,NYG,1,00-0028159,RB,Da'Rel Scott,Da'Rel,Scott,Knee,,Questionable,Knee,,Limited Participation in Practice,2012-09-04T09:50:59Z
2012,REG,NYG,1,00-0027782,LB,Adrian Tracy,Adrian,Tracy,Hamstring,,Questionable,Hamstring,,Limited Participation in Practice,2012-09-04T09:50:42Z
2012,REG,NYG,1,00-0025637,RB,Ahmad Bradshaw,Ahmad,Bradshaw,Hand,,Probable,Hand,,Full Participation in Practice,2012-09-04T09:49:11Z
2012,REG,NYJ,1,00-0024312,S,Eric Smith,Eric,Smith,Hip,Knee,Out,Hip,Knee,Did Not Participate In Practice,2012-09-07T12:23:01Z
2012,REG,NYJ,1,00-0027311,G,Dennis Landolt,Dennis,Landolt,Knee,,Out,Knee,,Out (Definitely Will Not Play),2012-09-07T12:22:55Z
2012,REG,NYJ,1,00-0025689,DT,Mike Devito,Mike,Devito,Calf,,Questionable,Calf,,Limited Participation in Practice,2012-09-07T12:22:40Z
2012,REG,NYJ,1,00-0026170,TE,Dustin Keller,Dustin,Keller,Hamstring,,Questionable,Hamstring,,Limited Participation in Practice,2012-09-07T12:22:48Z
2012,REG,NYJ,1,00-0023523,DT,Sione Pouha,Sione,Pouha,Back,,Questionable,Back,,Limited Participation in Practice,2012-09-07T12:22:32Z
2012,REG,NYJ,1,00-0028292,LB,Nick Bellore,Nick,Bellore,Shoulder,,Probable,Shoulder,,Full Participation in Practice,2012-09-07T12:22:21Z
2012,REG,NYJ,1,00-0029143,S,Josh Bush,Josh,Bush,Concussion,,Probable,Concussion,,Full Participation in Practice,2012-09-07T12:22:21Z
2012,REG,NYJ,1,00-0025434,LB,David Harris,David,Harris,Ankle,,Probable,Ankle,,Full Participation in Practice,2012-09-07T12:22:21Z
2012,REG,NYJ,1,00-0028995,WR,Stephen Hill,Stephen,Hill,Calf,,Probable,Calf,,Full Participation in Practice,2012-09-07T12:22:21Z
2012,REG,NYJ,1,00-0024240,WR,Santonio Holmes,Santonio,Holmes,Ribs,,Probable,Ribs,,Full Participation in Practice,2012-09-07T12:22:21Z
2012,REG,NYJ,1,00-0025393,S,LaRon Landry,LaRon,Landry,Heel,,Probable,Heel,,Full Participation in Practice,2012-09-07T12:22:21Z
2012,REG,NYJ,1,00-0027144,CB,Ellis Lankster,Ellis,Lankster,Quadricep,,Probable,Quadricep,,Full Participation in Practice,2012-09-07T12:22:21Z
2012,REG,NYJ,1,00-0027712,RB,Joe McKnight,Joe,McKnight,Hamstring,,Probable,Hamstring,,Full Participation in Practice,2012-09-07T12:22:21Z
2012,REG,NYJ,1,00-0026366,WR,Chaz Schilens,Chaz,Schilens,Ankle,,Probable,Ankle,,Full Participation in Practice,2012-09-07T12:22:21Z
2012,REG,NYJ,1,00-0020969,G,Brandon Moore,Brandon,Moore,Hip,,Probable,Hip,,Limited Participation in Practice,2012-09-07T12:22:21Z
2012,REG,NYJ,1,00-0021081,LB,Bryan Thomas,Bryan,Thomas,Ankle,,Probable,Ankle,,Limited Participation in Practice,2012-09-07T12:22:21Z
2012,REG,OAK,1,00-0027709,WR,Jacoby Ford,Jacoby,Ford,Foot,,Out,Foot,,Did Not Participate In Practice,2012-09-08T12:39:05Z
2012,REG,OAK,1,00-0019632,G,Cooper Carlisle,Cooper,Carlisle,Back,,Questionable,Back,,Limited Participation in Practice,2012-09-08T12:39:58Z
2012,REG,OAK,1,00-0029702,WR,Juron Criner,Juron,Criner,Ankle,,Questionable,Ankle,,Limited Participation in Practice,2012-09-08T12:38:38Z
2012,REG,OAK,1,00-0028086,WR,Denarius Moore,Denarius,Moore,Hamstring,,Questionable,Hamstring,,Limited Participation in Practice,2012-09-08T12:39:31Z
2012,REG,OAK,1,00-0020442,DT,Richard Seymour,Richard,Seymour,Knee,,Questionable,Knee,,Limited Participation in Practice,2012-09-08T12:41:47Z
2012,REG,OAK,1,00-0028179,TE,David Ausberry,David,Ausberry,Shoulder,,Probable,Shoulder,,Full Participation in Practice,2012-09-08T12:41:03Z
2012,REG,OAK,1,00-0019646,K,Sebastian Janikowski,Sebastian,Janikowski,left Groin,,Probable,left Groin,,Full Participation in Practice,2012-09-08T12:41:24Z
2012,REG,OAK,1,00-0027135,TE,Brandon Myers,Brandon,Myers,Shoulder,,Probable,Shoulder,,Full Participation in Practice,2012-09-08T12:40:49Z
2012,REG,OAK,1,00-0027986,G,Stefen Wisniewski,Stefen,Wisniewski,Calf,,Probable,Calf,,Full Participation in Practice,2012-09-08T12:40:22Z
2012,REG,PHI,1,00-0028424,DT,Cedric Thornton,Cedric,Thornton,,,,Knee,,Full Participation in Practice,2012-09-05T12:59:23Z
2012,REG,PHI,1,00-0026578,S,Colt Anderson,Colt,Anderson,Knee,,Out,Knee,,Out (Definitely Will Not Play),2012-09-07T11:00:48Z
2012,REG,PHI,1,00-0027758,WR,Riley Cooper,Riley,Cooper,Collarbone,,Out,Collarbone,,Out (Definitely Will Not Play),2012-09-07T11:01:03Z
2012,REG,PHI,1,00-0028087,RB,Dion Lewis,Dion,Lewis,Hamstring,,Questionable,Hamstring,,Full Participation in Practice,2012-09-07T11:01:19Z
2012,REG,PHI,1,00-0027652,S,Nate Allen,Nate,Allen,Hamstring,,Probable,Hamstring,,Full Participation in Practice,2012-09-07T10:59:23Z
2012,REG,PHI,1,00-0022695,DE,Jason Babin,Jason,Babin,Calf,,Probable,Calf,,Full Participation in Practice,2012-09-07T10:59:23Z
2012,REG,PHI,1,00-0027814,LB,Jamar Chaney,Jamar,Chaney,Hamstring,,Probable,Hamstring,,Full Participation in Practice,2012-09-07T10:59:23Z
2012,REG,PHI,1,00-0029653,DT,Fletcher Cox,Fletcher,Cox,Knee,,Probable,Knee,,Full Participation in Practice,2012-09-07T10:59:23Z
2012,REG,PHI,1,00-0028054,LB,Casey Matthews,Casey,Matthews,Ankle,,Probable,Ankle,,Full Participation in Practice,2012-09-07T10:59:23Z
2012,REG,PHI,1,00-0029518,T,Nate Menkin,Nate,Menkin,Shoulder,,Probable,Shoulder,,Full Participation in Practice,2012-09-07T11:00:36Z
2012,REG,PIT,1,00-0029678,G,David DeCastro,David,DeCastro,Knee,,Out,Knee,,Did Not Participate In Practice,2012-09-07T11:20:19Z
2012,REG,PIT,1,00-0027765,LB,Stevenson Sylvester,Stevenson,Sylvester,Knee,,Out,Knee,,Did Not Participate In Practice,2012-09-07T11:21:08Z
2012,REG,PIT,1,00-0020840,S,Ryan Clark,Ryan,Clark,Not Injury Related,,Out,Not Injury Related,,Full Participation in Practice,2012-09-07T11:20:12Z
2012,REG,PIT,1,00-0026163,RB,Rashard Mendenhall,Rashard,Mendenhall,Knee,,Doubtful,Knee,,Full Participation in Practice,2012-09-07T11:20:59Z
2012,REG,PIT,1,00-0020712,LB,James Harrison,James,Harrison,Knee,,Questionable,Knee,,Did Not Participate In Practice,2012-09-07T11:20:48Z
2012,REG,PIT,1,00-0028170,RB,Baron Batch,Baron,Batch,Groin,,Questionable,Groin,,Full Participation in Practice,2012-09-07T11:19:56Z
2012,REG,PIT,1,00-0021246,LB,Larry Foote,Larry,Foote,Ankle,,Probable,Ankle,,Full Participation in Practice,2012-09-07T11:20:38Z
2012,REG,PIT,1,00-0021344,DE,Brett Keisel,Brett,Keisel,Ankle,,Probable,Ankle,,Full Participation in Practice,2012-09-07T11:19:45Z
2012,REG,PIT,1,00-0026566,RB,Isaac Redman,Isaac,Redman,Ankle,,Probable,Ankle,,Full Participation in Practice,2012-09-07T11:19:45Z
2012,REG,PIT,1,00-0027889,LB,Jason Worilds,Jason,Worilds,Wrist,,Probable,Wrist,,Full Participation in Practice,2012-09-07T11:19:45Z
2012,REG,SD,1,00-0025787,T,Jared Gaither,Jared,Gaither,Back,,Out,Back,,Did Not Participate In Practice,2012-09-08T13:16:52Z
2012,REG,SD,1,00-0027864,RB,Ryan Mathews,Ryan,Mathews,Shoulder,,Out,Shoulder,,Limited Participation in Practice,2012-09-08T13:16:58Z
2012,REG,SD,1,00-0022169,DT,Antonio Garay,Antonio,Garay,Ankle,,Questionable,Ankle,,Limited Participation in Practice,2012-09-08T13:17:09Z
2012,REG,SEA,1,00-0027891,WR,Golden Tate,Golden,Tate,Knee,,Out,Knee,,Did Not Participate In Practice,2012-09-07T13:07:32Z
2012,REG,SEA,1,00-0027963,T,James Carpenter,James,Carpenter,Knee,,Out,Knee,,Limited Participation in Practice,2012-09-07T13:06:47Z
2012,REG,SEA,1,00-0029308,DE,Greg Scruggs,Greg,Scruggs,Hamstring,,Out,Hamstring,,Limited Participation in Practice,2012-09-07T13:07:23Z
2012,REG,SEA,1,00-0028111,CB,Byron Maxwell,Byron,Maxwell,Shoulder,,Doubtful,Shoulder,,Did Not Participate In Practice,2012-09-07T13:07:08Z
2012,REG,SEA,1,00-0025399,RB,Marshawn Lynch,Marshawn,Lynch,Back,,Questionable,Back,,Limited Participation in Practice,2012-09-07T13:06:59Z
2012,REG,SEA,1,00-0026349,QB,Matt Flynn,Matt,Flynn,right Elbow,,Probable,right Elbow,,Limited Participation in Practice,2012-09-07T13:06:38Z
2012,REG,SF,1,00-0025396,WR,Ted Ginn,Ted,Ginn,Ankle,,Questionable,Ankle,,Did Not Participate In Practice,2012-09-07T13:34:55Z
2012,REG,SF,1,00-0023545,RB,Brandon Jacobs,Brandon,Jacobs,Knee,,Questionable,Knee,,Did Not Participate In Practice,2012-09-07T13:35:05Z
2012,REG,STL,1,00-0029630,DT,Michael Brockers,Michael,Brockers,Ankle,,Out,Ankle,,Did Not Participate In Practice,2012-09-07T12:25:24Z
2012,REG,STL,1,00-0028878,DT,Matt Conrath,Matt,Conrath,Knee,,Out,Knee,,Did Not Participate In Practice,2012-09-07T12:25:29Z
2012,REG,STL,1,00-0027073,DT,Darell Scott,Darell,Scott,Knee,,Out,Knee,,Did Not Participate In Practice,2012-09-07T12:25:38Z
2012,REG,TB,1,00-0026945,CB,E.J. Biggers,E.J.,Biggers,Foot,,Doubtful,Foot,,Limited Participation in Practice,2012-09-07T12:45:10Z
2012,REG,TB,1,00-0028160,CB,Anthony Gaitor,Anthony,Gaitor,Hamstring,,Doubtful,Hamstring,,Limited Participation in Practice,2012-09-07T12:45:18Z
2012,REG,TB,1,00-0027654,WR,Arrelious Benn,Arrelious,Benn,Knee,,Questionable,Knee,,Full Participation in Practice,2012-09-07T12:45:04Z
2012,REG,TEN,1,00-0020466,G,Steve Hutchinson,Steve,Hutchinson,,,,Not Injury Related,,Did Not Participate In Practice,2012-09-06T13:39:58Z
2012,REG,TEN,1,00-0025610,T,Mike Otto,Mike,Otto,Finger,Knee,Out,Finger,Knee,Did Not Participate In Practice,2012-09-07T11:55:35Z
2012,REG,TEN,1,00-0027038,DT,Sen'Derrick Marks,Sen'Derrick,Marks,Knee,,Doubtful,Knee,,Did Not Participate In Practice,2012-09-07T11:55:26Z
2012,REG,TEN,1,00-0028015,DT,Jurrell Casey,Jurrell,Casey,Elbow,,Questionable,Elbow,,Full Participation in Practice,2012-09-07T11:55:11Z
2012,REG,TEN,1,00-0025605,LB,Zach Diles,Zach,Diles,Hamstring,,Questionable,Hamstring,,Full Participation in Practice,2012-09-07T11:55:17Z
2012,REG,TEN,1,00-0029589,DE,Scott Solomon,Scott,Solomon,Knee,,Questionable,Knee,,Limited Participation in Practice,2012-09-07T11:55:46Z
2012,REG,WAS,1,00-0025411,S,Brandon Meriweather,Brandon,Meriweather,Knee,,Out,Knee,,Did Not Participate In Practice,2012-09-07T11:15:53Z
2012,REG,WAS,1,00-0026512,DT,Chris Baker,Chris,Baker,Ankle,,Probable,Ankle,,Full Participation in Practice,2012-09-07T11:15:43Z
2012,REG,WAS,1,00-0026248,G,Kory Lichtensteiger,Kory,Lichtensteiger,Knee,,Probable,Knee,,Full Participation in Practice,2012-09-07T11:15:43Z
2012,REG,WAS,1,00-0026989,LB,Brian Orakpo,Brian,Orakpo,Chest,,Probable,Chest,,Full Participation in Practice,2012-09-07T11:15:43Z
2012,REG,WAS,1,00-0025442,CB,Josh Wilson,Josh,Wilson,Abdomen,,Probable,Abdomen,,Full Participation in Practice,2012-09-07T11:15:43Z
2012,REG,ARI,2,00-0027754,QB,John Skelton,John,Skelton,Ankle,,Doubtful,Ankle,,Did Not Participate In Practice,2012-09-14T12:37:53Z
2012,REG,ARI,2,00-0027067,S,Rashad Johnson,Rashad,Johnson,Thigh,,Questionable,Thigh,,Limited Participation in Practice,2012-09-14T12:37:46Z
2012,REG,ARI,2,00-0027943,CB,Patrick Peterson,Patrick,Peterson,Groin,,Questionable,Groin,,Limited Participation in Practice,2012-09-14T12:38:06Z
2012,REG,ARI,2,00-0020505,S,Adrian Wilson,Adrian,Wilson,Ankle,,Questionable,Ankle,,Limited Participation in Practice,2012-09-14T12:38:14Z
2012,REG,ARI,2,00-0024262,G,Daryn Colledge,Daryn,Colledge,Elbow,,Probable,Elbow,,Full Participation in Practice,2012-09-14T12:37:35Z
2012,REG,ARI,2,00-0019770,K,Jay Feely,Jay,Feely,Back,,Probable,Back,,Full Participation in Practice,2012-09-14T12:37:35Z
2012,REG,ARI,2,00-0029639,CB,Jamell Fleming,Jamell,Fleming,Shoulder,,Probable,Shoulder,,Full Participation in Practice,2012-09-14T12:37:35Z
2012,REG,ARI,2,00-0024369,TE,Jeff King,Jeff,King,Knee,,Probable,Knee,,Full Participation in Practice,2012-09-14T12:37:35Z
2012,REG,ARI,2,00-0023557,S,Kerry Rhodes,Kerry,Rhodes,Foot,,Probable,Foot,,Full Participation in Practice,2012-09-14T12:37:35Z
2012,REG,ARI,2,00-0027730,LB,O'Brien Schofield,O'Brien,Schofield,Knee,,Probable,Knee,,Full Participation in Practice,2012-09-14T12:37:35Z
2012,REG,ARI,2,00-0025682,C,Lyle Sendlein,Lyle,Sendlein,Back,,Probable,Back,,Full Participation in Practice,2012-09-14T12:37:35Z
2012,REG,ARI,2,00-0023529,G,Adam Snyder,Adam,Snyder,Elbow,,Probable,Elbow,,Full Participation in Practice,2012-09-14T12:37:35Z
2012,REG,ARI,2,00-0026910,CB,Gregory Toler,Gregory,Toler,Hip,,Probable,Hip,,Full Participation in Practice,2012-09-14T12:37:35Z
2012,REG,ARI,2,00-0027007,RB,Chris Wells,Chris,Wells,Knee,,Probable,Knee,,Full Participation in Practice,2012-09-14T12:37:35Z
2012,REG,ARI,2,00-0027976,RB,Ryan Williams,Ryan,Williams,Knee,,Probable,Knee,,Full Participation in Practice,2012-09-14T12:37:35Z
2012,REG,ATL,2,00-0022245,T,Tyson Clabo,Tyson,Clabo,Hip,,Questionable,Hip,,Limited Participation in Practice,2012-09-15T12:33:10Z
2012,REG,ATL,2,00-0027871,LB,Sean Weatherspoon,Sean,Weatherspoon,Hamstring,,Questionable,Hamstring,,Limited Participation in Practice,2012-09-15T12:33:45Z
2012,REG,ATL,2,00-0026278,LB,Robert James,Robert,James,Knee,,Probable,Knee,,Full Participation in Practice,2012-09-15T12:33:26Z
2012,REG,ATL,2,00-0023462,WR,Roddy White,Roddy,White,Groin,,Probable,Groin,,Full Participation in Practice,2012-09-15T12:34:02Z
2012,REG,BAL,2,00-0028023,T,Jah Reid,Jah,Reid,Calf,,Out,Calf,,Did Not Participate In Practice,2012-09-14T10:48:59Z
2012,REG,BAL,2,00-0027033,LB,Paul Kruger,Paul,Kruger,Back,,Questionable,Back,,Limited Participation in Practice,2012-09-14T10:48:43Z
2012,REG,BAL,2,00-0028103,DE,Pernell McPhee,Pernell,McPhee,Knee,,Questionable,Knee,,Limited Participation in Practice,2012-09-14T10:48:51Z
2012,REG,BAL,2,00-0001263,C,Matt Birk,Matt,Birk,Thigh,,Probable,Thigh,,Full Participation in Practice,2012-09-14T10:48:25Z
2012,REG,BAL,2,00-0021377,S,Ed Reed,Ed,Reed,Thigh,,Probable,Thigh,,Full Participation in Practice,2012-09-14T10:48:25Z
2012,REG,BUF,2,00-0027941,DE,Marcell Dareus,Marcell,Dareus,,,,Not Injury Related,,Did Not Participate In Practice,2012-09-12T13:20:24Z
2012,REG,BUF,2,00-0024204,RB,Fred Jackson,Fred,Jackson,Knee,,Out,Knee,,Did Not Participate In Practice,2012-09-14T13:12:08Z
2012,REG,BUF,2,00-0027322,WR,David Nelson,David,Nelson,Knee,,Out,Knee,,Did Not Participate In Practice,2012-09-14T13:12:15Z
2012,REG,CAR,2,00-0026199,G,Mike Pollak,Mike,Pollak,Shoulder,,Doubtful,Shoulder,,Did Not Participate In Practice,2012-09-14T11:49:52Z
2012,REG,CAR,2,00-0020337,WR,Steve Smith,Steve,Smith,Knee,,Questionable,Knee,,Limited Participation in Practice,2012-09-14T11:48:47Z
2012,REG,CAR,2,00-0026153,RB,Jonathan Stewart,Jonathan,Stewart,Ankle,,Questionable,Ankle,,Limited Participation in Practice,2012-09-14T11:48:55Z
2012,REG,CAR,2,00-0026486,LB,Kenny Onatolu,Kenny,Onatolu,Not Injury Related,,Probable,Not Injury Related,,Did Not Participate In Practice,2012-09-14T11:48:34Z
2012,REG,CAR,2,00-0027485,C,Jeff Byers,Jeff,Byers,Knee,,Probable,Knee,,Full Participation in Practice,2012-09-14T11:48:34Z
2012,REG,CAR,2,00-0027774,DE,Greg Hardy,Greg,Hardy,Illness,,Probable,Illness,,Full Participation in Practice,2012-09-14T11:48:34Z
2012,REG,CHI,2,00-0027609,T,J'Marcus Webb,J'Marcus,Webb,,,,Thumb,,Full Participation in Practice,2012-09-11T14:03:28Z
2012,REG,CHI,2,00-0028337,TE,Kyle Adams,Kyle,Adams,Shoulder,,Questionable,Shoulder,,Limited Participation in Practice,2012-09-12T12:30:39Z
2012,REG,CHI,2,00-0022123,CB,Charles Tillman,Charles,Tillman,Shin,,Questionable,Shin,,Limited Participation in Practice,2012-09-12T12:30:28Z
2012,REG,CHI,2,00-0019456,LB,Brian Urlacher,Brian,Urlacher,Knee,,Probable,Knee,,Full Participation in Practice,2012-09-12T12:31:07Z
2012,REG,CIN,2,00-0024253,LB,Thomas Howard,Thomas,Howard,Knee,,Out,Knee,,Out (Definitely Will Not Play),2012-09-14T10:42:19Z
2012,REG,CIN,2,00-0029560,CB,Dre Kirkpatrick,Dre,Kirkpatrick,Knee,,Out,Knee,,Out (Definitely Will Not Play),2012-09-14T10:42:28Z
2012,REG,CIN,2,00-0021929,TE,Donald Lee,Donald,Lee,Thigh,,Doubtful,Thigh,,Did Not Participate In Practice,2012-09-14T10:42:39Z
2012,REG,CIN,2,00-0024231,CB,Jason Allen,Jason,Allen,Thigh,,Questionable,Thigh,,Limited Participation in Practice,2012-09-14T10:43:07Z
2012,REG,CIN,2,00-0027662,DE,Carlos Dunlap,Carlos,Dunlap,Knee,,Questionable,Knee,,Limited Participation in Practice,2012-09-14T10:43:17Z
2012,REG,CIN,2,00-0026941,RB,Bernard Scott,Bernard,Scott,Hand,,Questionable,Hand,,Limited Participation in Practice,2012-09-14T10:42:56Z
2012,REG,CIN,2,00-0029215,S,George Iloka,George,Iloka,Ankle,,Probable,Ankle,,Full Participation in Practice,2012-09-14T10:40:14Z
2012,REG,CIN,2,00-0023441,CB,Adam Jones,Adam,Jones,Illness,,Probable,Illness,,Full Participation in Practice,2012-09-14T10:40:14Z
2012,REG,CLE,2,00-0029279,LB,James-Michael Johnson,James-Michael,Johnson,Ribs,Oblique,Out,Ribs,Oblique,Did Not Participate In Practice,2012-09-14T11:54:09Z
2012,REG,CLE,2,00-0023316,S,Raymond Ventrone,Raymond,Ventrone,Hand,,Out,Hand,,Did Not Participate In Practice,2012-09-14T11:54:33Z
2012,REG,CLE,2,00-0026239,T,Oniel Cousins,Oniel,Cousins,Ankle,,Questionable,Ankle,,Limited Participation in Practice,2012-09-14T11:53:27Z
2012,REG,CLE,2,00-0026205,G,John Greco,John,Greco,Calf,,Questionable,Calf,,Limited Participation in Practice,2012-09-14T11:53:54Z
2012,REG,CLE,2,00-0022943,TE,Benjamin Watson,Benjamin,Watson,Thigh,,Questionable,Thigh,,Limited Participation in Practice,2012-09-14T11:54:42Z
2012,REG,CLE,2,00-0021186,CB,Sheldon Brown,Sheldon,Brown,Neck,,Probable,Neck,,Full Participation in Practice,2012-09-14T11:53:05Z
2012,REG,CLE,2,00-0028040,TE,Jordan Cameron,Jordan,Cameron,Groin,,Probable,Groin,,Full Participation in Practice,2012-09-14T11:53:05Z
2012,REG,CLE,2,00-0023176,WR,Joshua Cribbs,Joshua,Cribbs,Knee,,Probable,Knee,,Full Participation in Practice,2012-09-14T11:53:05Z
2012,REG,CLE,2,00-0021259,LB,Scott Fujita,Scott,Fujita,Knee,,Probable,Knee,,Full Participation in Practice,2012-09-14T11:53:05Z
2012,REG,CLE,2,00-0029664,WR,Josh Gordon,Josh,Gordon,Knee,,Probable,Knee,,Full Participation in Practice,2012-09-14T11:53:05Z
2012,REG,CLE,2,00-0026997,C,Alex Mack,Alex,Mack,Knee,,Probable,Knee,,Full Participation in Practice,2012-09-14T11:53:05Z
2012,REG,CLE,2,00-0027140,RB,Chris Ogbonnaya,Chris,Ogbonnaya,Ankle,,Probable,Ankle,,Full Participation in Practice,2012-09-14T11:53:05Z
2012,REG,CLE,2,00-0029675,RB,Trent Richardson,Trent,Richardson,Knee,,Probable,Knee,,Full Participation in Practice,2012-09-14T11:53:05Z
2012,REG,CLE,2,00-0025390,T,Joe Thomas,Joe,Thomas,Knee,,Probable,Knee,,Full Participation in Practice,2012-09-14T11:53:05Z
2012,REG,DAL,2,00-0027417,C,Phil Costa,Phil,Costa,Back,,Out,Back,,Did Not Participate In Practice,2012-09-14T11:46:53Z
2012,REG,DAL,2,00-0029648,S,Matt Johnson,Matt,Johnson,Hamstring,,Out,Hamstring,,Did Not Participate In Practice,2012-09-14T11:47:02Z
2012,REG,DAL,2,00-0023656,DT,Jay Ratliff,Jay,Ratliff,Ankle,,Out,Ankle,,Did Not Participate In Practice,2012-09-14T11:47:10Z
2012,REG,DAL,2,00-0023921,WR,Miles Austin,Miles,Austin,Hamstring,,Probable,Hamstring,,Full Participation in Practice,2012-09-14T11:46:44Z
2012,REG,DAL,2,00-0028263,WR,Andre Holmes,Andre,Holmes,Knee,,Probable,Knee,,Full Participation in Practice,2012-09-14T11:46:44Z
2012,REG,DAL,2,00-0026165,CB,Mike Jenkins,Mike,Jenkins,Shoulder,,Probable,Shoulder,,Full Participation in Practice,2012-09-14T11:46:44Z
2012,REG,DAL,2,00-0026162,RB,Felix Jones,Felix,Jones,Ribs,,Probable,Ribs,,Full Participation in Practice,2012-09-14T11:46:44Z
2012,REG,DAL,2,00-0027422,S,Danny McCray,Danny,McCray,Neck,,Probable,Neck,,Full Participation in Practice,2012-09-14T11:46:44Z
2012,REG,DAL,2,00-0028009,RB,DeMarco Murray,DeMarco,Murray,Wrist,,Probable,Wrist,,Full Participation in Practice,2012-09-14T11:46:44Z
2012,REG,DAL,2,00-0023590,S,Gerald Sensabaugh,Gerald,Sensabaugh,Concussion,,Probable,Concussion,,Full Participation in Practice,2012-09-14T11:46:44Z
2012,REG,DAL,2,00-0029647,LB,Kyle Wilber,Kyle,Wilber,Thumb,,Probable,Thumb,,Full Participation in Practice,2012-09-14T11:46:44Z
2012,REG,DAL,2,00-0022127,TE,Jason Witten,Jason,Witten,Abdomen,,Probable,Abdomen,,Full Participation in Practice,2012-09-14T11:46:44Z
2012,REG,DAL,2,00-0023445,LB,DeMarcus Ware,DeMarcus,Ware,Hamstring,,Probable,Hamstring,,Limited Participation in Practice,2012-09-14T11:46:44Z
2012,REG,DEN,2,00-0024375,G,Chris Kuper,Chris,Kuper,Forearm,,Out,Forearm,,Did Not Participate In Practice,2012-09-15T11:37:12Z
2012,REG,DEN,2,00-0028224,CB,Chris Harris,Chris,Harris,Ankle,,Questionable,Ankle,,Did Not Participate In Practice,2012-09-15T11:36:28Z
2012,REG,DEN,2,00-0029609,C,Philip Blake,Philip,Blake,Thumb,,Questionable,Thumb,,Limited Participation in Practice,2012-09-15T11:36:51Z
2012,REG,DEN,2,00-0025504,C,Manuel Ramirez,Manuel,Ramirez,Elbow,,Probable,Elbow,,Full Participation in Practice,2012-09-15T11:36:15Z
2012,REG,DEN,2,00-0027874,WR,Demaryius Thomas,Demaryius,Thomas,Shoulder,,Probable,Shoulder,,Full Participation in Practice,2012-09-15T11:36:15Z
2012,REG,DET,2,00-0029265,CB,Dwight Bentley,Dwight,Bentley,Concussion,,Out,Concussion,,Did Not Participate In Practice,2012-09-14T12:53:07Z
2012,REG,DET,2,00-0027009,S,Louis Delmas,Louis,Delmas,Knee,,Doubtful,Knee,,Did Not Participate In Practice,2012-09-14T12:53:16Z
2012,REG,DET,2,00-0029217,LB,Travis Lewis,Travis,Lewis,Quadricep,,Doubtful,Quadricep,,Did Not Participate In Practice,2012-09-14T12:54:17Z
2012,REG,DET,2,00-0025428,CB,Chris Houston,Chris,Houston,Ankle,,Doubtful,Ankle,,Limited Participation in Practice,2012-09-14T12:53:22Z
2012,REG,DET,2,00-0022906,DT,Corey Williams,Corey,Williams,Knee,,Questionable,Knee,,Did Not Participate In Practice,2012-09-14T12:53:49Z
2012,REG,DET,2,00-0026168,DE,Lawrence Jackson,Lawrence,Jackson,Calf,,Questionable,Calf,,Limited Participation in Practice,2012-09-14T12:53:32Z
2012,REG,DET,2,00-0025389,WR,Calvin Johnson,Calvin,Johnson,Foot,,Probable,Foot,,Full Participation in Practice,2012-09-14T12:52:59Z
2012,REG,GB,2,00-0029291,LB,Terrell Manning,Terrell,Manning,Concussion,,Out,Concussion,,Did Not Participate In Practice,2012-09-12T12:41:57Z
2012,REG,GB,2,00-0024267,WR,Greg Jennings,Greg,Jennings,Groin,,Doubtful,Groin,,Did Not Participate In Practice,2012-09-12T12:41:40Z
2012,REG,GB,2,00-0028069,CB,Davon House,Davon,House,Shoulder,,Doubtful,Shoulder,,Limited Participation in Practice,2012-09-12T12:41:32Z
2012,REG,GB,2,00-0027791,RB,James Starks,James,Starks,Toe,,Doubtful,Toe,,Limited Participation in Practice,2012-09-12T12:42:07Z
2012,REG,GB,2,00-0028600,LB,Jamari Lattimore,Jamari,Lattimore,Ankle,,Questionable,Ankle,,Limited Participation in Practice,2012-09-12T12:41:49Z
2012,REG,GB,2,00-0027822,DE,C.J. Wilson,C.J.,Wilson,Groin,,Questionable,Groin,,Limited Participation in Practice,2012-09-12T12:42:15Z
2012,REG,HOU,2,00-0028536,LB,Bryan Braman,Bryan,Braman,Hamstring,,Questionable,Hamstring,,Did Not Participate In Practice,2012-09-14T12:15:24Z
2012,REG,HOU,2,00-0027051,G,Antoine Caldwell,Antoine,Caldwell,Ankle,,Probable,Ankle,,Full Participation in Practice,2012-09-14T12:15:11Z
2012,REG,HOU,2,00-0023472,DT,Shaun Cody,Shaun,Cody,Back,,Probable,Back,,Full Participation in Practice,2012-09-14T12:15:11Z
2012,REG,HOU,2,00-0026991,LB,Brian Cushing,Brian,Cushing,Ribs,,Probable,Ribs,,Full Participation in Practice,2012-09-14T12:15:11Z
2012,REG,HOU,2,00-0024365,LB,Tim Dobbins,Tim,Dobbins,Neck,Nose,Probable,Neck,Nose,Full Participation in Practice,2012-09-14T12:15:11Z
2012,REG,HOU,2,00-0026796,RB,Arian Foster,Arian,Foster,Illness,Back,Probable,Illness,Back,Full Participation in Practice,2012-09-14T12:15:42Z
2012,REG,HOU,2,00-0024239,CB,Johnathan Joseph,Johnathan,Joseph,Illness,,Probable,Illness,,Full Participation in Practice,2012-09-14T12:15:11Z
2012,REG,HOU,2,00-0026935,CB,Brice McCain,Brice,McCain,Foot,,Probable,Foot,,Full Participation in Practice,2012-09-14T12:15:59Z
2012,REG,HOU,2,00-0023633,C,Chris Myers,Chris,Myers,Ankle,,Probable,Ankle,,Full Participation in Practice,2012-09-14T12:16:39Z
2012,REG,HOU,2,00-0027980,LB,Brooks Reed,Brooks,Reed,Hip,,Probable,Hip,,Full Participation in Practice,2012-09-14T12:15:11Z
2012,REG,HOU,2,00-0022131,G,Wade Smith,Wade,Smith,Wrist,,Probable,Wrist,,Full Participation in Practice,2012-09-14T12:15:11Z
2012,REG,HOU,2,00-0027949,DE,J.J. Watt,J.J.,Watt,Elbow,,Probable,Elbow,,Full Participation in Practice,2012-09-14T12:15:11Z
2012,REG,HOU,2,00-0022793,DE,Antonio Smith,Antonio,Smith,Ankle,,Probable,Ankle,,Limited Participation in Practice,2012-09-14T12:15:11Z
2012,REG,IND,2,00-0027892,LB,Pat Angerer,Pat,Angerer,Foot,,Out,Foot,,Did Not Participate In Practice,2012-09-14T11:47:35Z
2012,REG,IND,2,00-0021146,DE,Dwight Freeney,Dwight,Freeney,Ankle,,Out,Ankle,,Did Not Participate In Practice,2012-09-14T11:48:05Z
2012,REG,IND,2,00-0026408,G,Joe Reitz,Joe,Reitz,Knee,,Out,Knee,,Did Not Participate In Practice,2012-09-14T11:48:44Z
2012,REG,IND,2,00-0027092,WR,Austin Collie,Austin,Collie,Head,,Doubtful,Head,,Did Not Participate In Practice,2012-09-14T11:47:48Z
2012,REG,IND,2,00-0024254,T,Winston Justice,Winston,Justice,Head,,Questionable,Head,,Full Participation in Practice,2012-09-14T11:48:28Z
2012,REG,IND,2,00-0029608,WR,T.Y. Hilton,T.Y.,Hilton,Shoulder,,Probable,Shoulder,,Full Participation in Practice,2012-09-14T11:47:15Z
2012,REG,JAX,2,00-0028401,T,Cameron Bradfield,Cameron,Bradfield,Ankle,,Out,Ankle,,Did Not Participate In Practice,2012-09-14T12:08:22Z
2012,REG,JAX,2,00-0027155,RB,Rashad Jennings,Rashad,Jennings,Knee,,Out,Knee,,Did Not Participate In Practice,2012-09-14T12:08:50Z
2012,REG,JAX,2,00-0027752,DE,Austen Lane,Austen,Lane,Foot,,Out,Foot,,Did Not Participate In Practice,2012-09-14T12:08:59Z
2012,REG,JAX,2,00-0027818,DE,George Selvie,George,Selvie,Knee,,Out,Knee,,Did Not Participate In Practice,2012-09-14T12:09:08Z
2012,REG,JAX,2,00-0022839,LB,Daryl Smith,Daryl,Smith,Groin,,Out,Groin,,Did Not Participate In Practice,2012-09-14T12:09:17Z
2012,REG,JAX,2,00-0027015,T,Eben Britton,Eben,Britton,Ankle,,Questionable,Ankle,,Did Not Participate In Practice,2012-09-14T12:08:31Z
2012,REG,JAX,2,00-0027047,CB,Derek Cox,Derek,Cox,Hamstring,,Questionable,Hamstring,,Limited Participation in Practice,2012-09-14T12:08:40Z
2012,REG,JAX,2,00-0029610,CB,Mike Harris,Mike,Harris,Hamstring,,Probable,Hamstring,,Full Participation in Practice,2012-09-14T12:08:11Z
2012,REG,JAX,2,00-0025536,G,Uche Nwaneri,Uche,Nwaneri,Ankle,,Probable,Ankle,,Full Participation in Practice,2012-09-14T12:08:11Z
2012,REG,KC,2,00-0029274,WR,Devon Wylie,Devon,Wylie,Hamstring,,Out,Hamstring,,Did Not Participate In Practice,2012-09-14T12:52:47Z
2012,REG,KC,2,00-0028024,DE,Allen Bailey,Allen,Bailey,Ankle,,Out,Ankle,,Limited Participation in Practice,2012-09-14T12:52:57Z
2012,REG,KC,2,00-0027736,S,Kendrick Lewis,Kendrick,Lewis,Shoulder,,Out,Shoulder,,Limited Participation in Practice,2012-09-14T12:10:00Z
2012,REG,KC,2,00-0026093,DT,Anthony Toribio,Anthony,Toribio,Ankle,,Out,Ankle,,Limited Participation in Practice,2012-09-14T12:52:39Z
2012,REG,KC,2,00-0028056,CB,Jalil Brown,Jalil,Brown,Groin,,Questionable,Groin,,Full Participation in Practice,2012-09-14T12:09:47Z
2012,REG,KC,2,00-0026175,CB,Brandon Flowers,Brandon,Flowers,Foot,,Questionable,Foot,,Full Participation in Practice,2012-09-14T12:53:19Z
2012,REG,MIA,2,00-0024102,DE,Tony McDaniel,Tony,McDaniel,Knee,,Out,Knee,,Did Not Participate In Practice,2012-09-14T10:57:47Z
2012,REG,MIA,2,00-0028000,RB,Daniel Thomas,Daniel,Thomas,Concussion,,Out,Concussion,,Did Not Participate In Practice,2012-09-14T10:57:57Z
2012,REG,MIA,2,00-0026465,WR,Anthony Armstrong,Anthony,Armstrong,Hamstring,,Doubtful,Hamstring,,Did Not Participate In Practice,2012-09-14T10:57:37Z
2012,REG,MIA,2,00-0028454,LB,Jonathan Freeny,Jonathan,Freeny,Thumb,,Probable,Thumb,,Full Participation in Practice,2012-09-14T10:57:30Z
2012,REG,MIA,2,00-0022805,DE,Randy Starks,Randy,Starks,Groin,,Probable,Groin,,Full Participation in Practice,2012-09-14T10:57:30Z
2012,REG,MIN,2,00-0018093,CB,Antoine Winfield,Antoine,Winfield,,,,Not Injury Related,,Did Not Participate In Practice,2012-09-13T13:53:37Z
2012,REG,MIN,2,00-0029572,WR,Jarius Wright,Jarius,Wright,Ankle,,Questionable,Ankle,,Full Participation in Practice,2012-09-14T10:59:27Z
2012,REG,MIN,2,00-0025607,LB,Marvin Mitchell,Marvin,Mitchell,Ankle,,Questionable,Ankle,,Limited Participation in Practice,2012-09-14T10:59:17Z
2012,REG,MIN,2,00-0029587,TE,Rhett Ellison,Rhett,Ellison,Ankle,,Probable,Ankle,,Full Participation in Practice,2012-09-14T10:57:27Z
2012,REG,MIN,2,00-0025394,RB,Adrian Peterson,Adrian,Peterson,Knee,,Probable,Knee,,Full Participation in Practice,2012-09-14T10:57:27Z
2012,REG,MIN,2,00-0029691,CB,Josh Robinson,Josh,Robinson,Hip,,Probable,Hip,,Full Participation in Practice,2012-09-14T10:57:27Z
2012,REG,MIN,2,00-0027914,S,Andrew Sendejo,Andrew,Sendejo,Ankle,,Probable,Ankle,,Full Participation in Practice,2012-09-14T10:57:27Z
2012,REG,MIN,2,00-0027649,CB,Chris Cook,Chris,Cook,Biceps,,Probable,Biceps,,Limited Participation in Practice,2012-09-14T10:57:27Z
2012,REG,MIN,2,00-0026327,C,John Sullivan,John,Sullivan,Ankle,,Probable,Ankle,,Limited Participation in Practice,2012-09-14T10:57:27Z
2012,REG,NE,2,00-0022979,G,Dan Connolly,Dan,Connolly,Concussion,,Questionable,Concussion,,Limited Participation in Practice,2012-09-14T12:49:40Z
2012,REG,NE,2,00-0029596,CB,Alfonzo Dennard,Alfonzo,Dennard,Hamstring,,Questionable,Hamstring,,Limited Participation in Practice,2012-09-14T12:49:48Z
2012,REG,NE,2,00-0023752,TE,Daniel Fells,Daniel,Fells,Shin,,Questionable,Shin,,Limited Participation in Practice,2012-09-14T12:49:53Z
2012,REG,NE,2,00-0027435,G,Nick McDonald,Nick,McDonald,Shoulder,,Questionable,Shoulder,,Limited Participation in Practice,2012-09-14T12:49:59Z
2012,REG,NE,2,00-0028767,CB,Sterling Moore,Sterling,Moore,Knee,,Questionable,Knee,,Limited Participation in Practice,2012-09-14T12:50:04Z
2012,REG,NE,2,00-0027994,RB,Shane Vereen,Shane,Vereen,Foot,,Questionable,Foot,,Limited Participation in Practice,2012-09-14T12:50:10Z
2012,REG,NE,2,00-0027034,T,Sebastian Vollmer,Sebastian,Vollmer,Back,,Questionable,Back,,Limited Participation in Practice,2012-09-14T12:50:15Z
2012,REG,NE,2,00-0027010,S,Patrick Chung,Patrick,Chung,Shoulder,,Probable,Shoulder,,Full Participation in Practice,2012-09-14T12:49:28Z
2012,REG,NO,2,00-0022929,WR,Devery Henderson,Devery,Henderson,Concussion,,Out,Concussion,,Did Not Participate In Practice,2012-09-14T11:45:08Z
2012,REG,NO,2,00-0025441,DE,Turk McBride,Turk,McBride,Ankle,,Out,Ankle,,Did Not Participate In Practice,2012-09-14T11:45:21Z
2012,REG,NO,2,00-0028026,CB,Johnny Patrick,Johnny,Patrick,Thigh,,Out,Thigh,,Did Not Participate In Practice,2012-09-14T11:45:30Z
2012,REG,NO,2,00-0022527,CB,Jabari Greer,Jabari,Greer,Groin,,Questionable,Groin,,Full Participation in Practice,2012-09-14T11:44:39Z
2012,REG,NO,2,00-0022040,LB,Scott Shanle,Scott,Shanle,Knee,,Questionable,Knee,,Full Participation in Practice,2012-09-14T11:44:49Z
2012,REG,NYG,2,00-0029366,DE,Adewale Ojomo,Adewale,Ojomo,Hamstring,,Out,Hamstring,,Did Not Participate In Practice,2012-09-14T10:21:26Z
2012,REG,NYG,2,00-0026149,LB,Keith Rivers,Keith,Rivers,Hamstring,,Doubtful,Hamstring,,Limited Participation in Practice,2012-09-14T10:21:34Z
2012,REG,NYG,2,00-0027005,WR,Hakeem Nicks,Hakeem,Nicks,Foot,,Questionable,Foot,,Did Not Participate In Practice,2012-09-14T10:21:09Z
2012,REG,NYG,2,00-0027957,CB,Prince Amukamara,Prince,Amukamara,Ankle,,Questionable,Ankle,,Limited Participation in Practice,2012-09-14T10:20:55Z
2012,REG,NYG,2,00-0023468,C,David Baas,David,Baas,Hip,,Probable,Hip,,Did Not Participate In Practice,2012-09-14T10:20:22Z
2012,REG,NYG,2,00-0027265,WR,Victor Cruz,Victor,Cruz,Not Injury Related,,Probable,Not Injury Related,,Did Not Participate In Practice,2012-09-14T10:20:46Z
2012,REG,NYG,2,00-0028055,T,James Brewer,James,Brewer,Back,,Probable,Back,,Full Participation in Practice,2012-09-14T10:20:22Z
2012,REG,NYG,2,00-0028159,RB,Da'Rel Scott,Da'Rel,Scott,Knee,,Probable,Knee,,Full Participation in Practice,2012-09-14T10:20:22Z
2012,REG,NYG,2,00-0027990,DT,Marvin Austin,Marvin,Austin,Back,,Probable,Back,,Limited Participation in Practice,2012-09-14T10:20:22Z
2012,REG,NYG,2,00-0025560,CB,Michael Coe,Michael,Coe,Hamstring,,Probable,Hamstring,,Limited Participation in Practice,2012-09-14T10:20:22Z
2012,REG,NYJ,2,00-0026170,TE,Dustin Keller,Dustin,Keller,Hamstring,,Out,Hamstring,,Did Not Participate In Practice,2012-09-14T11:37:15Z
2012,REG,NYJ,2,00-0021081,LB,Bryan Thomas,Bryan,Thomas,Hamstring,,Out,Hamstring,,Did Not Participate In Practice,2012-09-14T11:37:20Z
2012,REG,NYJ,2,00-0025401,CB,Darrelle Revis,Darrelle,Revis,Concussion,,Out,Concussion,,Limited Participation in Practice,2012-09-14T11:37:10Z
2012,REG,NYJ,2,00-0027311,G,Dennis Landolt,Dennis,Landolt,Knee,,Out,Knee,,Out (Definitely Will Not Play),2012-09-14T11:37:05Z
2012,REG,NYJ,2,00-0027739,RB,John Conner,John,Conner,Knee,,Questionable,Knee,,Limited Participation in Practice,2012-09-14T11:36:40Z
2012,REG,NYJ,2,00-0027915,CB,Isaiah Trufant,Isaiah,Trufant,Ankle,,Questionable,Ankle,,Limited Participation in Practice,2012-09-14T11:36:50Z
2012,REG,NYJ,2,00-0028292,LB,Nick Bellore,Nick,Bellore,Shoulder,,Probable,Shoulder,,Full Participation in Practice,2012-09-14T11:36:32Z
2012,REG,NYJ,2,00-0024234,CB,Antonio Cromartie,Antonio,Cromartie,Shoulder,,Probable,Shoulder,,Full Participation in Practice,2012-09-14T11:36:32Z
2012,REG,NYJ,2,00-0025689,DT,Mike Devito,Mike,Devito,Calf,,Probable,Calf,,Full Participation in Practice,2012-09-14T11:36:32Z
2012,REG,NYJ,2,00-0028995,WR,Stephen Hill,Stephen,Hill,Calf,,Probable,Calf,,Full Participation in Practice,2012-09-14T11:36:32Z
2012,REG,NYJ,2,00-0028091,WR,Jeremy Kerley,Jeremy,Kerley,Back,,Probable,Back,,Full Participation in Practice,2012-09-14T11:36:32Z
2012,REG,NYJ,2,00-0025393,S,LaRon Landry,LaRon,Landry,Heel,,Probable,Heel,,Full Participation in Practice,2012-09-14T11:36:32Z
2012,REG,NYJ,2,00-0027170,LB,Joshua Mauga,Joshua,Mauga,Rib,,Probable,Rib,,Full Participation in Practice,2012-09-14T11:36:32Z
2012,REG,NYJ,2,00-0020969,G,Brandon Moore,Brandon,Moore,Hip,,Probable,Hip,,Full Participation in Practice,2012-09-14T11:36:32Z
2012,REG,NYJ,2,00-0023523,DT,Sione Pouha,Sione,Pouha,Back,,Probable,Back,,Full Participation in Practice,2012-09-14T11:36:32Z
2012,REG,NYJ,2,00-0026366,WR,Chaz Schilens,Chaz,Schilens,Ankle,,Probable,Ankle,,Full Participation in Practice,2012-09-14T11:36:32Z
2012,REG,NYJ,2,00-0024312,S,Eric Smith,Eric,Smith,Hip,Knee,Probable,Hip,Knee,Full Participation in Practice,2012-09-14T11:36:32Z
2012,REG,OAK,2,00-0023485,CB,Ron Bartell,Ron,Bartell,Shoulder,,Out,Shoulder,,Did Not Participate In Practice,2012-09-14T12:42:17Z
2012,REG,OAK,2,00-0027709,WR,Jacoby Ford,Jacoby,Ford,Foot,,Out,Foot,,Did Not Participate In Practice,2012-09-14T12:41:52Z
2012,REG,OAK,2,00-0023177,LS,Jon Condo,Jon,Condo,Concussion,,Questionable,Concussion,,Limited Participation in Practice,2012-09-14T12:43:42Z
2012,REG,OAK,2,00-0029702,WR,Juron Criner,Juron,Criner,Ankle,,Questionable,Ankle,,Limited Participation in Practice,2012-09-14T12:43:05Z
2012,REG,OAK,2,00-0028063,RB,Taiwan Jones,Taiwan,Jones,Ribs,,Questionable,Ribs,,Limited Participation in Practice,2012-09-14T12:43:30Z
2012,REG,OAK,2,00-0027904,LB,Rolando McClain,Rolando,McClain,Ankle,,Questionable,Ankle,,Limited Participation in Practice,2012-09-14T12:42:40Z
2012,REG,OAK,2,00-0027411,C,Alex Parsons,Alex,Parsons,Shoulder,,Questionable,Shoulder,,Limited Participation in Practice,2012-09-14T12:43:16Z
2012,REG,OAK,2,00-0028179,TE,David Ausberry,David,Ausberry,Shoulder,,Probable,Shoulder,,Full Participation in Practice,2012-09-14T12:44:10Z
2012,REG,OAK,2,00-0027023,S,Michael Mitchell,Michael,Mitchell,Ribs,,Probable,Ribs,,Full Participation in Practice,2012-09-14T12:45:29Z
2012,REG,OAK,2,00-0027135,TE,Brandon Myers,Brandon,Myers,Shoulder,,Probable,Shoulder,,Full Participation in Practice,2012-09-14T12:44:25Z
2012,REG,OAK,2,00-0019646,K,Sebastian Janikowski,Sebastian,Janikowski,left Groin,,Probable,left Groin,,Limited Participation in Practice,2012-09-14T12:44:52Z
2012,REG,OAK,2,00-0028086,WR,Denarius Moore,Denarius,Moore,Hamstring,,Probable,Hamstring,,Limited Participation in Practice,2012-09-14T12:43:57Z
2012,REG,OAK,2,00-0020442,DT,Richard Seymour,Richard,Seymour,Knee,,Probable,Knee,,Limited Participation in Practice,2012-09-14T12:45:09Z
2012,REG,PHI,2,00-0027758,WR,Riley Cooper,Riley,Cooper,Collarbone,,Out,Collarbone,,Limited Participation in Practice,2012-09-14T10:30:25Z
2012,REG,PHI,2,00-0026189,WR,DeSean Jackson,DeSean,Jackson,Hamstring,,Questionable,Hamstring,,Limited Participation in Practice,2012-09-14T10:30:38Z
2012,REG,PHI,2,00-0026995,WR,Jeremy Maclin,Jeremy,Maclin,Hip,,Questionable,Hip,,Limited Participation in Practice,2012-09-14T10:30:47Z
2012,REG,PHI,2,00-0028028,CB,Curtis Marsh,Curtis,Marsh,Hamstring,,Questionable,Hamstring,,Limited Participation in Practice,2012-09-14T10:30:06Z
2012,REG,PHI,2,00-0026578,S,Colt Anderson,Colt,Anderson,Knee,,Probable,Knee,,Full Participation in Practice,2012-09-14T10:29:42Z
2012,REG,PHI,2,00-0024324,WR,Jason Avant,Jason,Avant,Wrist,,Probable,Wrist,,Full Participation in Practice,2012-09-14T10:29:42Z
2012,REG,PHI,2,00-0027835,S,Kurt Coleman,Kurt,Coleman,Facial Lacerations,,Probable,Facial Lacerations,,Full Participation in Practice,2012-09-14T10:29:42Z
2012,REG,PIT,2,00-0027765,LB,Stevenson Sylvester,Stevenson,Sylvester,Knee,,Out,Knee,,Did Not Participate In Practice,2012-09-14T10:50:43Z
2012,REG,PIT,2,00-0026163,RB,Rashard Mendenhall,Rashard,Mendenhall,Knee,,Doubtful,Knee,,Full Participation in Practice,2012-09-14T10:50:18Z
2012,REG,PIT,2,00-0020712,LB,James Harrison,James,Harrison,Knee,,Questionable,Knee,,Did Not Participate In Practice,2012-09-14T10:50:06Z
2012,REG,PIT,2,00-0022119,S,Troy Polamalu,Troy,Polamalu,Calf,,Questionable,Calf,,Did Not Participate In Practice,2012-09-14T10:50:30Z
2012,REG,PIT,2,00-0027786,RB,Jonathan Dwyer,Jonathan,Dwyer,Foot,,Probable,Foot,,Full Participation in Practice,2012-09-14T10:49:54Z
2012,REG,PIT,2,00-0027008,DE,Ziggy Hood,Ziggy,Hood,Back,,Probable,Back,,Full Participation in Practice,2012-09-14T10:49:54Z
2012,REG,PIT,2,00-0022785,T,Max Starks,Max,Starks,Illness,,Probable,Illness,,Full Participation in Practice,2012-09-14T10:49:54Z
2012,REG,SD,2,00-0025787,T,Jared Gaither,Jared,Gaither,Back,,Out,Back,,Did Not Participate In Practice,2012-09-14T13:06:01Z
2012,REG,SD,2,00-0028027,CB,Shareece Wright,Shareece,Wright,Foot,,Out,Foot,,Did Not Participate In Practice,2012-09-14T13:06:43Z
2012,REG,SD,2,00-0021547,TE,Antonio Gates,Antonio,Gates,Ribs,,Questionable,Ribs,,Limited Participation in Practice,2012-09-14T13:06:14Z
2012,REG,SD,2,00-0027864,RB,Ryan Mathews,Ryan,Mathews,Shoulder,,Questionable,Shoulder,,Limited Participation in Practice,2012-09-14T13:06:28Z
2012,REG,SD,2,00-0022169,DT,Antonio Garay,Antonio,Garay,Ankle,,Probable,Ankle,,Full Participation in Practice,2012-09-14T13:05:48Z
2012,REG,SD,2,00-0027585,WR,Richard Goodman,Richard,Goodman,Concussion,,Probable,Concussion,,Full Participation in Practice,2012-09-14T13:05:48Z
2012,REG,SD,2,00-0021381,CB,Quentin Jammer,Quentin,Jammer,Thumb,,Probable,Thumb,,Full Participation in Practice,2012-09-14T13:05:48Z
2012,REG,SEA,2,00-0026753,WR,Charly Martin,Charly,Martin,Chest,,Out,Chest,,Out (Definitely Will Not Play),2012-09-14T13:11:49Z
2012,REG,SEA,2,00-0025425,TE,Zach Miller,Zach,Miller,Foot,,Questionable,Foot,,Did Not Participate In Practice,2012-09-14T13:12:11Z
2012,REG,SEA,2,00-0027859,T,Russell Okung,Russell,Okung,Knee,,Questionable,Knee,,Full Participation in Practice,2012-09-14T13:12:28Z
2012,REG,SEA,2,00-0026194,DE,Jason Jones,Jason,Jones,Not Injury Related,,Probable,Not Injury Related,,Did Not Participate In Practice,2012-09-14T13:13:15Z
2012,REG,SEA,2,00-0028013,G,John Moffitt,John,Moffitt,Shoulder,,Probable,Shoulder,,Did Not Participate In Practice,2012-09-14T13:12:54Z
2012,REG,SEA,2,00-0025399,RB,Marshawn Lynch,Marshawn,Lynch,Back,,Probable,Back,,Full Participation in Practice,2012-09-14T13:11:36Z
2012,REG,SEA,2,00-0028111,CB,Byron Maxwell,Byron,Maxwell,Shoulder,,Probable,Shoulder,,Full Participation in Practice,2012-09-14T13:11:36Z
2012,REG,SEA,2,00-0029308,DE,Greg Scruggs,Greg,Scruggs,Hamstring,,Probable,Hamstring,,Full Participation in Practice,2012-09-14T13:11:36Z
2012,REG,SEA,2,00-0027891,WR,Golden Tate,Golden,Tate,Knee,,Probable,Knee,,Full Participation in Practice,2012-09-14T13:11:36Z
2012,REG,SEA,2,00-0025431,WR,Sidney Rice,Sidney,Rice,Knee,,Probable,Knee,,Limited Participation in Practice,2012-09-14T13:12:01Z
2012,REG,SF,2,00-0025396,WR,Ted Ginn,Ted,Ginn,Ankle,,Questionable,Ankle,,Did Not Participate In Practice,2012-09-14T14:14:19Z
2012,REG,SF,2,00-0023545,RB,Brandon Jacobs,Brandon,Jacobs,Knee,,Questionable,Knee,,Did Not Participate In Practice,2012-09-14T14:12:58Z
2012,REG,SF,2,00-0027894,LB,Navorro Bowman,Navorro,Bowman,Shoulder,,Probable,Shoulder,,Full Participation in Practice,2012-09-14T14:13:19Z
2012,REG,SF,2,00-0022824,P,Andy Lee,Andy,Lee,Hand,,Probable,Hand,,Full Participation in Practice,2012-09-14T14:15:11Z
2012,REG,STL,2,00-0027073,DT,Darell Scott,Darell,Scott,,,,Knee,,Limited Participation in Practice,2012-09-12T13:14:08Z
2012,REG,STL,2,00-0029630,DT,Michael Brockers,Michael,Brockers,Ankle,,Out,Ankle,,Did Not Participate In Practice,2012-09-14T12:27:35Z
2012,REG,STL,2,00-0028878,DT,Matt Conrath,Matt,Conrath,Knee,,Out,Knee,,Did Not Participate In Practice,2012-09-14T12:28:05Z
2012,REG,STL,2,00-0029616,G,Rokevious Watkins,Rokevious,Watkins,Ankle,,Out,Ankle,,Did Not Participate In Practice,2012-09-14T12:27:49Z
2012,REG,STL,2,00-0027648,T,Rodger Saffold,Rodger,Saffold,Neck,,Questionable,Neck,,Full Participation in Practice,2012-09-14T12:28:18Z
2012,REG,STL,2,00-0028651,TE,Mike McNeill,Mike,McNeill,Ankle,,Questionable,Ankle,,Limited Participation in Practice,2012-09-14T12:28:33Z
2012,REG,TB,2,00-0026945,CB,E.J. Biggers,E.J.,Biggers,Foot,,Doubtful,Foot,,Limited Participation in Practice,2012-09-14T11:40:36Z
2012,REG,TB,2,00-0028160,CB,Anthony Gaitor,Anthony,Gaitor,Hamstring,,Doubtful,Hamstring,,Limited Participation in Practice,2012-09-14T11:40:42Z
2012,REG,TB,2,00-0024274,T,Jeremy Trueblood,Jeremy,Trueblood,Ankle,,Questionable,Ankle,,Limited Participation in Practice,2012-09-14T11:40:54Z
2012,REG,TB,2,00-0027654,WR,Arrelious Benn,Arrelious,Benn,Knee,,Probable,Knee,,Full Participation in Practice,2012-09-14T11:40:27Z
2012,REG,TB,2,00-0027325,RB,LeGarrette Blount,LeGarrette,Blount,Neck,,Probable,Neck,,Full Participation in Practice,2012-09-14T11:40:27Z
2012,REG,TB,2,00-0026304,G,Carl Nicks,Carl,Nicks,Toe,,Probable,Toe,,Full Participation in Practice,2012-09-14T11:40:27Z
2012,REG,TEN,2,00-0020466,G,Steve Hutchinson,Steve,Hutchinson,,,,Not Injury Related,,Did Not Participate In Practice,2012-09-13T13:42:57Z
2012,REG,TEN,2,00-0028047,LB,Colin McCarthy,Colin,McCarthy,Ankle,,Out,Ankle,,Did Not Participate In Practice,2012-09-14T11:32:42Z
2012,REG,TEN,2,00-0025610,T,Mike Otto,Mike,Otto,Knee,Finger,Out,Knee,Finger,Did Not Participate In Practice,2012-09-14T11:32:49Z
2012,REG,TEN,2,00-0027120,RB,Javon Ringer,Javon,Ringer,Elbow,,Out,Elbow,,Did Not Participate In Practice,2012-09-14T11:32:56Z
2012,REG,TEN,2,00-0023367,WR,Nate Washington,Nate,Washington,Calf,,Questionable,Calf,,Did Not Participate In Practice,2012-09-14T11:33:03Z
2012,REG,TEN,2,00-0027006,WR,Kenny Britt,Kenny,Britt,Knee,,Questionable,Knee,,Full Participation in Practice,2012-09-14T11:32:20Z
2012,REG,TEN,2,00-0027946,QB,Jake Locker,Jake,Locker,left Shoulder,,Questionable,left Shoulder,,Full Participation in Practice,2012-09-14T11:32:27Z
2012,REG,TEN,2,00-0027038,DT,Sen'Derrick Marks,Sen'Derrick,Marks,Knee,,Questionable,Knee,,Full Participation in Practice,2012-09-14T11:32:34Z
2012,REG,TEN,2,00-0025502,G,Leroy Harris,Leroy,Harris,Knee,,Probable,Knee,,Full Participation in Practice,2012-09-14T11:32:10Z
2012,REG,WAS,2,00-0025411,S,Brandon Meriweather,Brandon,Meriweather,Knee,,Out,Knee,,Did Not Participate In Practice,2012-09-14T10:50:31Z
2012,REG,WAS,2,00-0026345,WR,Pierre Garcon,Pierre,Garcon,Foot,,Questionable,Foot,,Limited Participation in Practice,2012-09-14T10:50:25Z
2012,REG,WAS,2,00-0026512,DT,Chris Baker,Chris,Baker,Ankle,,Probable,Ankle,,Full Participation in Practice,2012-09-14T10:50:18Z
2012,REG,ARI,3,00-0020516,TE,Todd Heap,Todd,Heap,Knee,,Questionable,Knee,,Limited Participation in Practice,2012-09-21T12:46:56Z
2012,REG,ARI,3,00-0027067,S,Rashad Johnson,Rashad,Johnson,Hamstring,,Questionable,Hamstring,,Limited Participation in Practice,2012-09-21T12:47:17Z
2012,REG,ARI,3,00-0023567,S,James Sanders,James,Sanders,Calf,,Questionable,Calf,,Limited Participation in Practice,2012-09-21T12:47:25Z
2012,REG,ARI,3,00-0027754,QB,John Skelton,John,Skelton,Ankle,,Questionable,Ankle,,Limited Participation in Practice,2012-09-21T12:47:34Z
2012,REG,ARI,3,00-0023529,G,Adam Snyder,Adam,Snyder,Elbow,,Questionable,Elbow,,Limited Participation in Practice,2012-09-21T12:48:29Z
2012,REG,ARI,3,00-0020505,S,Adrian Wilson,Adrian,Wilson,Ankle,Groin,Questionable,Ankle,Groin,Limited Participation in Practice,2012-09-21T12:48:07Z
2012,REG,ARI,3,00-0024262,G,Daryn Colledge,Daryn,Colledge,Shoulder,,Probable,Shoulder,,Full Participation in Practice,2012-09-21T12:46:36Z
2012,REG,ARI,3,00-0029639,CB,Jamell Fleming,Jamell,Fleming,Shoulder,,Probable,Shoulder,,Full Participation in Practice,2012-09-21T12:46:36Z
2012,REG,ARI,3,00-0024369,TE,Jeff King,Jeff,King,Knee,,Probable,Knee,,Full Participation in Practice,2012-09-21T12:46:36Z
2012,REG,ARI,3,00-0023557,S,Kerry Rhodes,Kerry,Rhodes,Foot,,Probable,Foot,,Full Participation in Practice,2012-09-21T12:46:36Z
2012,REG,ARI,3,00-0027730,LB,O'Brien Schofield,O'Brien,Schofield,Knee,,Probable,Knee,,Full Participation in Practice,2012-09-21T12:46:36Z
2012,REG,ARI,3,00-0027007,RB,Chris Wells,Chris,Wells,Knee,,Probable,Knee,,Full Participation in Practice,2012-09-21T12:46:36Z
2012,REG,ARI,3,00-0027976,RB,Ryan Williams,Ryan,Williams,Knee,,Probable,Knee,,Full Participation in Practice,2012-09-21T12:46:36Z
2012,REG,ATL,3,00-0027062,CB,Christopher Owens,Christopher,Owens,Head,,Out,Head,,Did Not Participate In Practice,2012-09-21T09:53:46Z
2012,REG,ATL,3,00-0026855,RB,Antone Smith,Antone,Smith,Hamstring,,Out,Hamstring,,Did Not Participate In Practice,2012-09-21T09:54:02Z
2012,REG,ATL,3,00-0022245,T,Tyson Clabo,Tyson,Clabo,Hip,,Questionable,Hip,,Limited Participation in Practice,2012-09-21T09:54:22Z
2012,REG,ATL,3,00-0027871,LB,Sean Weatherspoon,Sean,Weatherspoon,Thigh,,Questionable,Thigh,,Limited Participation in Practice,2012-09-21T09:54:36Z
2012,REG,ATL,3,00-0019546,DE,John Abraham,John,Abraham,Knee,,Probable,Knee,,Full Participation in Practice,2012-09-21T09:54:59Z
2012,REG,ATL,3,00-0027944,WR,Julio Jones,Julio,Jones,Thigh,,Probable,Thigh,,Full Participation in Practice,2012-09-21T09:55:23Z
2012,REG,ATL,3,00-0025496,LB,Stephen Nicholas,Stephen,Nicholas,Thigh,,Probable,Thigh,,Full Participation in Practice,2012-09-21T09:55:39Z
2012,REG,ATL,3,00-0023462,WR,Roddy White,Roddy,White,Knee,,Probable,Knee,,Full Participation in Practice,2012-09-21T09:55:56Z
2012,REG,BAL,3,00-0028023,T,Jah Reid,Jah,Reid,Calf,,Doubtful,Calf,,Did Not Participate In Practice,2012-09-21T11:54:27Z
2012,REG,BAL,3,00-0027033,LB,Paul Kruger,Paul,Kruger,Back,,Probable,Back,,Full Participation in Practice,2012-09-21T11:54:19Z
2012,REG,BAL,3,00-0026407,LB,Jameel McClain,Jameel,McClain,Knee,,Probable,Knee,,Full Participation in Practice,2012-09-21T11:54:19Z
2012,REG,BAL,3,00-0028103,DE,Pernell McPhee,Pernell,McPhee,Knee,,Probable,Knee,,Full Participation in Practice,2012-09-21T11:54:19Z
2012,REG,BAL,3,00-0026999,T,Michael Oher,Michael,Oher,Ankle,,Probable,Ankle,,Full Participation in Practice,2012-09-21T11:54:19Z
2012,REG,BAL,3,00-0024269,S,Bernard Pollard,Bernard,Pollard,Chest,,Probable,Chest,,Full Participation in Practice,2012-09-21T11:54:19Z
2012,REG,BAL,3,00-0027060,CB,Lardarius Webb,Lardarius,Webb,Knee,,Probable,Knee,,Full Participation in Practice,2012-09-21T11:54:19Z
2012,REG,BUF,3,00-0027941,DT,Marcell Dareus,Marcell,Dareus,,,,Not Injury Related,,Did Not Participate In Practice,2012-09-19T13:08:38Z
2012,REG,BUF,3,00-0024204,RB,Fred Jackson,Fred,Jackson,Knee,,Out,Knee,,Did Not Participate In Practice,2012-09-21T09:25:50Z
2012,REG,BUF,3,00-0022421,WR,Ruvell Martin,Ruvell,Martin,Ankle,,Out,Ankle,,Did Not Participate In Practice,2012-09-21T09:25:56Z
2012,REG,BUF,3,00-0027018,S,Jairus Byrd,Jairus,Byrd,Ankle,,Questionable,Ankle,,Limited Participation in Practice,2012-09-21T09:25:45Z
2012,REG,BUF,3,00-0021990,LB,Nick Barnett,Nick,Barnett,Knee,,Probable,Knee,,Limited Participation in Practice,2012-09-21T09:25:39Z
2012,REG,CAR,3,00-0026199,G,Mike Pollak,Mike,Pollak,Shoulder,,Out,Shoulder,,Did Not Participate In Practice,2012-09-19T11:27:17Z
2012,REG,CAR,3,00-0028738,T,Byron Bell,Byron,Bell,Ankle,,Questionable,Ankle,,Did Not Participate In Practice,2012-09-19T11:26:37Z
2012,REG,CAR,3,00-0026153,RB,Jonathan Stewart,Jonathan,Stewart,Ankle,,Questionable,Ankle,,Did Not Participate In Practice,2012-09-19T11:27:27Z
2012,REG,CAR,3,00-0023448,LB,Thomas Davis,Thomas,Davis,Hamstring,,Questionable,Hamstring,,Limited Participation in Practice,2012-09-19T11:26:50Z
2012,REG,CAR,3,00-0028128,S,Colin Jones,Colin,Jones,Shoulder,,Questionable,Shoulder,,Limited Participation in Practice,2012-09-19T11:27:07Z
2012,REG,CAR,3,00-0025446,C,Ryan Kalil,Ryan,Kalil,Ankle,,Probable,Ankle,,Full Participation in Practice,2012-09-19T11:26:28Z
2012,REG,CAR,3,00-0028070,WR,Kealoha Pilares,Kealoha,Pilares,Foot,,Probable,Foot,,Full Participation in Practice,2012-09-19T11:26:28Z
2012,REG,CAR,3,00-0020337,WR,Steve Smith,Steve,Smith,Knee,,Probable,Knee,,Full Participation in Practice,2012-09-19T11:26:28Z
2012,REG,CAR,3,00-0025412,LB,Jon Beason,Jon,Beason,Elbow,,Probable,Elbow,,Limited Participation in Practice,2012-09-19T11:26:28Z
2012,REG,CHI,3,00-0019456,LB,Brian Urlacher,Brian,Urlacher,,,,Coach's Decision,,Did Not Participate In Practice,2012-09-20T14:00:30Z
2012,REG,CHI,3,00-0026184,RB,Matt Forte,Matt,Forte,Ankle,,Out,Ankle,,Did Not Participate In Practice,2012-09-21T12:37:42Z
2012,REG,CHI,3,00-0021140,DE,Julius Peppers,Julius,Peppers,Foot,,Probable,Foot,,Full Participation in Practice,2012-09-21T12:24:53Z
2012,REG,CIN,3,00-0029560,CB,Dre Kirkpatrick,Dre,Kirkpatrick,Knee,,Out,Knee,,Did Not Participate In Practice,2012-09-21T10:00:39Z
2012,REG,CIN,3,00-0025395,DE,Jamaal Anderson,Jamaal,Anderson,Knee,,Out,Knee,,Out (Definitely Will Not Play),2012-09-21T10:00:28Z
2012,REG,CIN,3,00-0021929,TE,Donald Lee,Donald,Lee,Thigh,,Doubtful,Thigh,,Did Not Participate In Practice,2012-09-21T10:00:50Z
2012,REG,CIN,3,00-0025405,CB,Leon Hall,Leon,Hall,Calf,,Questionable,Calf,,Did Not Participate In Practice,2012-09-21T10:01:02Z
2012,REG,CIN,3,00-0024231,CB,Jason Allen,Jason,Allen,Thigh,,Probable,Thigh,,Full Participation in Practice,2012-09-21T09:59:08Z
2012,REG,CIN,3,00-0027662,DE,Carlos Dunlap,Carlos,Dunlap,Knee,,Probable,Knee,,Full Participation in Practice,2012-09-21T09:59:08Z
2012,REG,CIN,3,00-0022867,DE,Robert Geathers,Robert,Geathers,Groin,,Probable,Groin,,Full Participation in Practice,2012-09-21T09:59:08Z
2012,REG,CIN,3,00-0027244,S,Jeromy Miles,Jeromy,Miles,Hip,,Probable,Hip,,Full Participation in Practice,2012-09-21T09:59:08Z
2012,REG,CIN,3,00-0026941,RB,Bernard Scott,Bernard,Scott,Hand,,Probable,Hand,,Full Participation in Practice,2012-09-21T09:59:08Z
2012,REG,CIN,3,00-0029592,G,Kevin Zeitler,Kevin,Zeitler,Hip,,Probable,Hip,,Full Participation in Practice,2012-09-21T09:59:08Z
2012,REG,CLE,3,00-0023506,TE,Alex Smith,Alex,Smith,Head,,Out,Head,,Did Not Participate In Practice,2012-09-21T11:52:40Z
2012,REG,CLE,3,00-0029279,LB,James-Michael Johnson,James-Michael,Johnson,Ribs,Oblique,Out,Ribs,Oblique,Limited Participation in Practice,2012-09-21T11:52:04Z
2012,REG,CLE,3,00-0023176,WR,Joshua Cribbs,Joshua,Cribbs,Knee,,Questionable,Knee,,Limited Participation in Practice,2012-09-21T11:51:48Z
2012,REG,CLE,3,00-0019986,DE,Juqua Parker,Juqua,Parker,Foot,,Questionable,Foot,,Limited Participation in Practice,2012-09-21T11:52:20Z
2012,REG,CLE,3,00-0023316,S,Raymond Ventrone,Raymond,Ventrone,Hand,,Questionable,Hand,,Limited Participation in Practice,2012-09-21T11:52:53Z
2012,REG,CLE,3,00-0026239,T,Oniel Cousins,Oniel,Cousins,Ankle,,Probable,Ankle,,Full Participation in Practice,2012-09-21T11:51:24Z
2012,REG,CLE,3,00-0021259,LB,Scott Fujita,Scott,Fujita,Knee,,Probable,Knee,,Full Participation in Practice,2012-09-21T11:51:24Z
2012,REG,CLE,3,00-0027997,WR,Greg Little,Greg,Little,Back,,Probable,Back,,Full Participation in Practice,2012-09-21T11:51:24Z
2012,REG,CLE,3,00-0029675,RB,Trent Richardson,Trent,Richardson,Knee,,Probable,Knee,,Full Participation in Practice,2012-09-21T11:51:24Z
2012,REG,CLE,3,00-0029303,DT,Billy Winn,Billy,Winn,Head,,Probable,Head,,Full Participation in Practice,2012-09-21T11:51:24Z
2012,REG,DAL,3,00-0028614,LB,Alex Albright,Alex,Albright,Neck,,Out,Neck,,Did Not Participate In Practice,2012-09-21T12:20:22Z
2012,REG,DAL,3,00-0021262,DT,Kenyon Coleman,Kenyon,Coleman,Knee,,Out,Knee,,Did Not Participate In Practice,2012-09-21T12:20:32Z
2012,REG,DAL,3,00-0027417,C,Phil Costa,Phil,Costa,Back,,Out,Back,,Did Not Participate In Practice,2012-09-21T12:20:39Z
2012,REG,DAL,3,00-0029648,S,Matt Johnson,Matt,Johnson,Hamstring,,Out,Hamstring,,Did Not Participate In Practice,2012-09-21T12:20:46Z
2012,REG,DAL,3,00-0023656,DT,Jay Ratliff,Jay,Ratliff,Ankle,,Out,Ankle,,Did Not Participate In Practice,2012-09-21T12:20:53Z
2012,REG,DAL,3,00-0023590,S,Gerald Sensabaugh,Gerald,Sensabaugh,Calf,,Doubtful,Calf,,Did Not Participate In Practice,2012-09-21T12:48:00Z
2012,REG,DAL,3,00-0023455,DT,Marcus Spears,Marcus,Spears,Knee,,Questionable,Knee,,Limited Participation in Practice,2012-09-21T12:21:00Z
2012,REG,DAL,3,00-0023921,WR,Miles Austin,Miles,Austin,Hamstring,,Probable,Hamstring,,Full Participation in Practice,2012-09-21T12:20:12Z
2012,REG,DAL,3,00-0027416,S,Barry Church,Barry,Church,Quadricep,,Probable,Quadricep,,Full Participation in Practice,2012-09-21T12:20:12Z
2012,REG,DAL,3,00-0028263,WR,Andre Holmes,Andre,Holmes,Knee,,Probable,Knee,,Full Participation in Practice,2012-09-21T12:20:12Z
2012,REG,DAL,3,00-0026165,CB,Mike Jenkins,Mike,Jenkins,Shoulder,,Probable,Shoulder,,Full Participation in Practice,2012-09-21T12:20:12Z
2012,REG,DAL,3,00-0023445,LB,DeMarcus Ware,DeMarcus,Ware,Hamstring,,Probable,Hamstring,,Full Participation in Practice,2012-09-21T12:20:12Z
2012,REG,DAL,3,00-0029647,LB,Kyle Wilber,Kyle,Wilber,Thumb,,Probable,Thumb,,Full Participation in Practice,2012-09-21T12:20:12Z
2012,REG,DAL,3,00-0022127,TE,Jason Witten,Jason,Witten,Abdomen,,Probable,Abdomen,,Full Participation in Practice,2012-09-21T12:20:12Z
2012,REG,DAL,3,00-0027663,LB,Sean Lee,Sean,Lee,Hip,,Probable,Hip,,Limited Participation in Practice,2012-09-21T12:20:12Z
2012,REG,DEN,3,00-0024375,G,Chris Kuper,Chris,Kuper,Forearm,,Out,Forearm,,Did Not Participate In Practice,2012-09-21T11:16:29Z
2012,REG,DEN,3,00-0023630,TE,Joel Dreessen,Joel,Dreessen,Ribs,,Probable,Ribs,,Full Participation in Practice,2012-09-21T11:16:15Z
2012,REG,DEN,3,00-0027940,LB,Von Miller,Von,Miller,Hip,,Probable,Hip,,Full Participation in Practice,2012-09-21T11:16:15Z
2012,REG,DEN,3,00-0026180,CB,Tracy Porter,Tracy,Porter,Neck,,Probable,Neck,,Full Participation in Practice,2012-09-21T11:16:15Z
2012,REG,DEN,3,00-0015754,WR,Brandon Stokley,Brandon,Stokley,Shoulder,,Probable,Shoulder,,Full Participation in Practice,2012-09-21T11:16:15Z
2012,REG,DEN,3,00-0028046,S,Quinton Carter,Quinton,Carter,Knee,,Probable,Knee,,Limited Participation in Practice,2012-09-21T11:16:15Z
2012,REG,DEN,3,00-0028224,CB,Chris Harris,Chris,Harris,Ankle,,Probable,Ankle,,Limited Participation in Practice,2012-09-21T11:16:43Z
2012,REG,DET,3,00-0021994,CB,Drayton Florence,Drayton,Florence,,,,Forearm,,Did Not Participate In Practice,2012-09-21T13:07:01Z
2012,REG,DET,3,00-0027009,S,Louis Delmas,Louis,Delmas,Knee,,Doubtful,Knee,,Did Not Participate In Practice,2012-09-21T13:07:31Z
2012,REG,DET,3,00-0029217,LB,Travis Lewis,Travis,Lewis,Quadricep,,Doubtful,Quadricep,,Did Not Participate In Practice,2012-09-21T13:08:45Z
2012,REG,DET,3,00-0024276,TE,Tony Scheffler,Tony,Scheffler,Calf,,Doubtful,Calf,,Did Not Participate In Practice,2012-09-21T13:08:13Z
2012,REG,DET,3,00-0026674,CB,Jacob Lacey,Jacob,Lacey,Toe,,Questionable,Toe,,Limited Participation in Practice,2012-09-21T13:10:01Z
2012,REG,DET,3,00-0022906,DT,Corey Williams,Corey,Williams,Knee,,Questionable,Knee,,Limited Participation in Practice,2012-09-21T13:08:25Z
2012,REG,DET,3,00-0029265,CB,Dwight Bentley,Dwight,Bentley,Concussion,,Probable,Concussion,,Full Participation in Practice,2012-09-21T13:07:21Z
2012,REG,DET,3,00-0025428,CB,Chris Houston,Chris,Houston,Ankle,,Probable,Ankle,,Full Participation in Practice,2012-09-21T13:07:21Z
2012,REG,DET,3,00-0025389,WR,Calvin Johnson,Calvin,Johnson,Ankle,,Probable,Ankle,,Full Participation in Practice,2012-09-21T13:07:21Z
2012,REG,GB,3,00-0028600,LB,Jamari Lattimore,Jamari,Lattimore,Ankle,,Out,Ankle,,Did Not Participate In Practice,2012-09-22T12:06:42Z
2012,REG,GB,3,00-0028069,CB,Davon House,Davon,House,Shoulder,,Doubtful,Shoulder,,Limited Participation in Practice,2012-09-22T12:06:17Z
2012,REG,GB,3,00-0026878,TE,Tom Crabtree,Tom,Crabtree,Shoulder,,Questionable,Shoulder,,Did Not Participate In Practice,2012-09-22T12:05:58Z
2012,REG,GB,3,00-0024267,WR,Greg Jennings,Greg,Jennings,Groin,,Questionable,Groin,,Limited Participation in Practice,2012-09-22T12:06:30Z
2012,REG,GB,3,00-0029201,S,Sean Richardson,Sean,Richardson,Hamstring,,Questionable,Hamstring,,Limited Participation in Practice,2012-09-22T12:06:55Z
2012,REG,GB,3,00-0027791,RB,James Starks,James,Starks,Toe,,Questionable,Toe,,Limited Participation in Practice,2012-09-22T12:07:06Z
2012,REG,GB,3,00-0027822,DE,C.J. Wilson,C.J.,Wilson,Groin,,Questionable,Groin,,Limited Participation in Practice,2012-09-22T12:07:13Z
2012,REG,GB,3,00-0028002,WR,Randall Cobb,Randall,Cobb,Hamstring,,Probable,Hamstring,,Full Participation in Practice,2012-09-22T12:05:45Z
2012,REG,GB,3,00-0029291,LB,Terrell Manning,Terrell,Manning,Concussion,,Probable,Concussion,,Full Participation in Practice,2012-09-22T12:05:45Z
2012,REG,GB,3,00-0029408,LB,Nick Perry,Nick,Perry,Wrist,,Probable,Wrist,,Full Participation in Practice,2012-09-22T12:05:45Z
2012,REG,GB,3,00-0026275,G,Josh Sitton,Josh,Sitton,Knee,,Probable,Knee,,Limited Participation in Practice,2012-09-22T12:05:45Z
2012,REG,HOU,3,00-0024365,LB,Tim Dobbins,Tim,Dobbins,Hamstring,,Questionable,Hamstring,,Did Not Participate In Practice,2012-09-21T11:13:50Z
2012,REG,HOU,3,00-0027022,LB,Connor Barwin,Connor,Barwin,Elbow,,Probable,Elbow,,Full Participation in Practice,2012-09-21T11:13:41Z
2012,REG,HOU,3,00-0028536,LB,Bryan Braman,Bryan,Braman,Hamstring,,Probable,Hamstring,,Full Participation in Practice,2012-09-21T11:13:41Z
2012,REG,HOU,3,00-0029679,G,Brandon Brooks,Brandon,Brooks,Thumb,,Probable,Thumb,,Full Participation in Practice,2012-09-21T11:14:54Z
2012,REG,HOU,3,00-0027051,G,Antoine Caldwell,Antoine,Caldwell,Ankle,,Probable,Ankle,,Full Participation in Practice,2012-09-21T11:13:41Z
2012,REG,HOU,3,00-0026991,LB,Brian Cushing,Brian,Cushing,Ribs,,Probable,Ribs,,Full Participation in Practice,2012-09-21T11:13:41Z
2012,REG,HOU,3,00-0024239,CB,Johnathan Joseph,Johnathan,Joseph,Groin,,Probable,Groin,,Full Participation in Practice,2012-09-21T11:14:37Z
2012,REG,HOU,3,00-0026935,CB,Brice McCain,Brice,McCain,Knee,,Probable,Knee,,Full Participation in Practice,2012-09-21T11:13:41Z
2012,REG,HOU,3,00-0023633,C,Chris Myers,Chris,Myers,Neck,,Probable,Neck,,Full Participation in Practice,2012-09-21T11:13:41Z
2012,REG,HOU,3,00-0026417,LB,Jesse Nading,Jesse,Nading,Knee,,Probable,Knee,,Full Participation in Practice,2012-09-21T11:13:41Z
2012,REG,HOU,3,00-0027980,LB,Brooks Reed,Brooks,Reed,Hip,,Probable,Hip,,Full Participation in Practice,2012-09-21T11:13:41Z
2012,REG,HOU,3,00-0022793,DE,Antonio Smith,Antonio,Smith,Ankle,,Probable,Ankle,,Full Participation in Practice,2012-09-21T11:13:41Z
2012,REG,IND,3,00-0027892,LB,Pat Angerer,Pat,Angerer,Foot,,Out,Foot,,Did Not Participate In Practice,2012-09-21T11:35:24Z
2012,REG,IND,3,00-0026408,G,Joe Reitz,Joe,Reitz,Knee,,Out,Knee,,Did Not Participate In Practice,2012-09-21T11:35:11Z
2012,REG,IND,3,00-0021146,LB,Dwight Freeney,Dwight,Freeney,Ankle,,Questionable,Ankle,,Did Not Participate In Practice,2012-09-21T11:35:43Z
2012,REG,IND,3,00-0026249,G,Mike McGlynn,Mike,McGlynn,Knee,,Questionable,Knee,,Full Participation in Practice,2012-09-21T11:37:26Z
2012,REG,IND,3,00-0021998,DE,Cory Redding,Cory,Redding,Triceps,,Questionable,Triceps,,Full Participation in Practice,2012-09-21T11:36:51Z
2012,REG,IND,3,00-0025447,C,Samson Satele,Samson,Satele,Knee,,Questionable,Knee,,Full Participation in Practice,2012-09-21T11:36:24Z
2012,REG,IND,3,00-0027092,WR,Austin Collie,Austin,Collie,Head,,Probable,Head,,Full Participation in Practice,2012-09-21T11:34:51Z
2012,REG,IND,3,00-0024254,T,Winston Justice,Winston,Justice,Head,,Probable,Head,,Full Participation in Practice,2012-09-21T11:34:51Z
2012,REG,JAX,3,00-0027862,DT,Tyson Alualu,Tyson,Alualu,,,,Not Injury Related,,Full Participation in Practice,2012-09-20T11:24:51Z
2012,REG,JAX,3,00-0018956,C,Brad Meester,Brad,Meester,,,,Not Injury Related,,Full Participation in Practice,2012-09-20T11:24:39Z
2012,REG,JAX,3,00-0027015,G,Eben Britton,Eben,Britton,Ankle,,Out,Ankle,,Did Not Participate In Practice,2012-09-21T13:47:30Z
2012,REG,JAX,3,00-0027818,DE,George Selvie,George,Selvie,Knee,,Out,Knee,,Did Not Participate In Practice,2012-09-21T13:49:08Z
2012,REG,JAX,3,00-0022839,LB,Daryl Smith,Daryl,Smith,Groin,,Out,Groin,,Did Not Participate In Practice,2012-09-21T13:49:21Z
2012,REG,JAX,3,00-0027155,RB,Rashad Jennings,Rashad,Jennings,Knee,,Doubtful,Knee,,Limited Participation in Practice,2012-09-21T13:47:55Z
2012,REG,JAX,3,00-0028401,T,Cameron Bradfield,Cameron,Bradfield,Ankle,,Questionable,Ankle,,Limited Participation in Practice,2012-09-21T13:47:06Z
2012,REG,JAX,3,00-0027752,DE,Austen Lane,Austen,Lane,Foot,,Questionable,Foot,,Limited Participation in Practice,2012-09-21T13:48:41Z
2012,REG,JAX,3,00-0027047,CB,Derek Cox,Derek,Cox,Hamstring,,Probable,Hamstring,,Full Participation in Practice,2012-09-21T13:46:04Z
2012,REG,JAX,3,00-0027948,QB,Blaine Gabbert,Blaine,Gabbert,Glute,,Probable,Glute,,Full Participation in Practice,2012-09-21T13:46:04Z
2012,REG,KC,3,00-0025540,TE,Kevin Boss,Kevin,Boss,Head,,Out,Head,,Did Not Participate In Practice,2012-09-21T11:47:01Z
2012,REG,KC,3,00-0022767,CB,Jacques Reeves,Jacques,Reeves,Hamstring,,Out,Hamstring,,Did Not Participate In Practice,2012-09-21T11:48:47Z
2012,REG,KC,3,00-0029274,WR,Devon Wylie,Devon,Wylie,Hamstring,,Out,Hamstring,,Limited Participation in Practice,2012-09-21T11:49:00Z
2012,REG,KC,3,00-0027736,S,Kendrick Lewis,Kendrick,Lewis,Shoulder,,Questionable,Shoulder,,Limited Participation in Practice,2012-09-21T11:47:34Z
2012,REG,KC,3,00-0022350,G,Ryan Lilja,Ryan,Lilja,Back,,Questionable,Back,,Limited Participation in Practice,2012-09-21T11:47:52Z
2012,REG,KC,3,00-0027651,WR,Dexter McCluster,Dexter,McCluster,Shoulder,,Questionable,Shoulder,,Limited Participation in Practice,2012-09-21T11:48:03Z
2012,REG,KC,3,00-0027154,TE,Jake O'Connell,Jake,O'Connell,Knee,,Questionable,Knee,,Limited Participation in Practice,2012-09-21T11:48:22Z
2012,REG,KC,3,00-0026093,DT,Anthony Toribio,Anthony,Toribio,Ankle,,Questionable,Ankle,,Limited Participation in Practice,2012-09-21T11:49:11Z
2012,REG,KC,3,00-0027660,CB,Javier Arenas,Javier,Arenas,Neck,,Probable,Neck,,Full Participation in Practice,2012-09-21T11:46:41Z
2012,REG,KC,3,00-0028024,DE,Allen Bailey,Allen,Bailey,Ankle,,Probable,Ankle,,Full Participation in Practice,2012-09-21T11:46:32Z
2012,REG,KC,3,00-0028056,CB,Jalil Brown,Jalil,Brown,Groin,,Probable,Groin,,Full Participation in Practice,2012-09-21T11:46:32Z
2012,REG,KC,3,00-0026213,RB,Jamaal Charles,Jamaal,Charles,Knee,,Probable,Knee,,Full Participation in Practice,2012-09-21T11:46:32Z
2012,REG,KC,3,00-0025529,WR,Steve Breaston,Steve,Breaston,Wrist,,Probable,Wrist,,Limited Participation in Practice,2012-09-21T11:46:32Z
2012,REG,MIA,3,00-0024102,DT,Tony McDaniel,Tony,McDaniel,Knee,,Out,Knee,,Did Not Participate In Practice,2012-09-21T12:23:44Z
2012,REG,MIA,3,00-0027356,WR,Marlon Moore,Marlon,Moore,Hamstring,,Doubtful,Hamstring,,Did Not Participate In Practice,2012-09-21T12:23:26Z
2012,REG,MIA,3,00-0026465,WR,Anthony Armstrong,Anthony,Armstrong,Hamstring,,Probable,Hamstring,,Full Participation in Practice,2012-09-21T12:21:09Z
2012,REG,MIA,3,00-0023477,LB,Kevin Burnett,Kevin,Burnett,Foot,,Probable,Foot,,Full Participation in Practice,2012-09-21T12:21:09Z
2012,REG,MIA,3,00-0028454,LB,Jonathan Freeny,Jonathan,Freeny,Thumb,,Probable,Thumb,,Full Participation in Practice,2012-09-21T12:21:09Z
2012,REG,MIA,3,00-0024273,CB,Richard Marshall,Richard,Marshall,Back,,Probable,Back,,Full Participation in Practice,2012-09-21T12:21:09Z
2012,REG,MIA,3,00-0029615,RB,Lamar Miller,Lamar,Miller,Ankle,,Probable,Ankle,,Full Participation in Practice,2012-09-21T12:21:09Z
2012,REG,MIA,3,00-0027883,LB,Koa Misi,Koa,Misi,Foot,,Probable,Foot,,Full Participation in Practice,2012-09-21T12:21:09Z
2012,REG,MIA,3,00-0027878,DE,Jared Odrick,Jared,Odrick,Thumb,,Probable,Thumb,,Full Participation in Practice,2012-09-21T12:36:11Z
2012,REG,MIA,3,00-0028000,RB,Daniel Thomas,Daniel,Thomas,Concussion,,Probable,Concussion,,Full Participation in Practice,2012-09-21T12:21:09Z
2012,REG,MIA,3,00-0028173,S,Jimmy Wilson,Jimmy,Wilson,Back,,Probable,Back,,Full Participation in Practice,2012-09-21T12:21:09Z
2012,REG,MIN,3,00-0025945,LB,Erin Henderson,Erin,Henderson,Concussion,,Out,Concussion,,Did Not Participate In Practice,2012-09-21T10:58:43Z
2012,REG,MIN,3,00-0028153,DE,D'Aundre Reed,D'Aundre,Reed,Calf,,Out,Calf,,Did Not Participate In Practice,2012-09-21T10:58:55Z
2012,REG,MIN,3,00-0027649,CB,Chris Cook,Chris,Cook,Biceps,,Probable,Biceps,,Full Participation in Practice,2012-09-21T10:58:33Z
2012,REG,MIN,3,00-0029587,TE,Rhett Ellison,Rhett,Ellison,Ankle,,Probable,Ankle,,Full Participation in Practice,2012-09-21T10:58:33Z
2012,REG,MIN,3,00-0025607,LB,Marvin Mitchell,Marvin,Mitchell,Ankle,,Probable,Ankle,,Full Participation in Practice,2012-09-21T10:58:33Z
2012,REG,MIN,3,00-0025489,DE,Brian Robison,Brian,Robison,Elbow,,Probable,Elbow,,Full Participation in Practice,2012-09-21T10:58:33Z
2012,REG,MIN,3,00-0027914,S,Andrew Sendejo,Andrew,Sendejo,Ankle,,Probable,Ankle,,Full Participation in Practice,2012-09-21T10:58:33Z
2012,REG,MIN,3,00-0026327,C,John Sullivan,John,Sullivan,Ankle,,Probable,Ankle,,Full Participation in Practice,2012-09-21T10:58:33Z
2012,REG,MIN,3,00-0029572,WR,Jarius Wright,Jarius,Wright,Ankle,,Probable,Ankle,,Full Participation in Practice,2012-09-21T10:58:33Z
2012,REG,NE,3,00-0029241,DT,Justin Francis,Justin,Francis,Ankle,,Out,Ankle,,Did Not Participate In Practice,2012-09-21T12:34:49Z
2012,REG,NE,3,00-0027713,TE,Aaron Hernandez,Aaron,Hernandez,Ankle,,Out,Ankle,,Did Not Participate In Practice,2012-09-21T12:35:05Z
2012,REG,NE,3,00-0022979,C,Dan Connolly,Dan,Connolly,Concussion,,Questionable,Concussion,,Limited Participation in Practice,2012-09-21T12:34:16Z
2012,REG,NE,3,00-0027838,DE,Brandon Deaderick,Brandon,Deaderick,Ankle,,Questionable,Ankle,,Limited Participation in Practice,2012-09-21T12:34:26Z
2012,REG,NE,3,00-0029596,CB,Alfonzo Dennard,Alfonzo,Dennard,Hamstring,,Questionable,Hamstring,,Limited Participation in Practice,2012-09-21T12:34:32Z
2012,REG,NE,3,00-0023752,TE,Daniel Fells,Daniel,Fells,Shin,,Questionable,Shin,,Limited Participation in Practice,2012-09-21T12:34:40Z
2012,REG,NE,3,00-0022097,WR,Brandon Lloyd,Brandon,Lloyd,Thigh,,Questionable,Thigh,,Limited Participation in Practice,2012-09-21T12:35:13Z
2012,REG,NE,3,00-0023467,G,Logan Mankins,Logan,Mankins,Hip,,Questionable,Hip,,Limited Participation in Practice,2012-09-21T12:35:19Z
2012,REG,NE,3,00-0027435,C,Nick McDonald,Nick,McDonald,Shoulder,,Questionable,Shoulder,,Limited Participation in Practice,2012-09-21T12:35:30Z
2012,REG,NE,3,00-0028767,CB,Sterling Moore,Sterling,Moore,Knee,,Questionable,Knee,,Limited Participation in Practice,2012-09-21T12:35:53Z
2012,REG,NE,3,00-0027994,RB,Shane Vereen,Shane,Vereen,Foot,,Questionable,Foot,,Limited Participation in Practice,2012-09-21T12:36:01Z
2012,REG,NE,3,00-0027034,T,Sebastian Vollmer,Sebastian,Vollmer,Back,,Questionable,Back,,Limited Participation in Practice,2012-09-21T12:36:07Z
2012,REG,NE,3,00-0027010,S,Patrick Chung,Patrick,Chung,Shoulder,,Probable,Shoulder,,Full Participation in Practice,2012-09-21T12:33:21Z
2012,REG,NO,3,00-0025441,DE,Turk McBride,Turk,McBride,Ankle,,Out,Ankle,,Did Not Participate In Practice,2012-09-21T11:09:04Z
2012,REG,NO,3,00-0026832,LB,Jonathan Casillas,Jonathan,Casillas,Knee,,Questionable,Knee,,Limited Participation in Practice,2012-09-21T11:08:26Z
2012,REG,NO,3,00-0024466,WR,Marques Colston,Marques,Colston,Foot,,Questionable,Foot,,Limited Participation in Practice,2012-09-21T11:08:13Z
2012,REG,NO,3,00-0020531,QB,Drew Brees,Drew,Brees,Ankle,,Probable,Ankle,,Full Participation in Practice,2012-09-21T11:08:00Z
2012,REG,NO,3,00-0024258,S,Roman Harper,Roman,Harper,Wrist,,Probable,Wrist,,Full Participation in Practice,2012-09-21T11:08:00Z
2012,REG,NO,3,00-0022929,WR,Devery Henderson,Devery,Henderson,Concussion,,Probable,Concussion,,Full Participation in Practice,2012-09-21T11:08:00Z
2012,REG,NO,3,00-0028026,CB,Johnny Patrick,Johnny,Patrick,Thigh,,Probable,Thigh,,Full Participation in Practice,2012-09-21T11:08:00Z
2012,REG,NYG,3,00-0025637,RB,Ahmad Bradshaw,Ahmad,Bradshaw,Neck,,Out,Neck,,Did Not Participate In Practice,2012-09-19T09:29:08Z
2012,REG,NYG,3,00-0021922,T,David Diehl,David,Diehl,Knee,,Out,Knee,,Did Not Participate In Practice,2012-09-19T09:29:34Z
2012,REG,NYG,3,00-0024345,WR,Domenik Hixon,Domenik,Hixon,Concussion,,Out,Concussion,,Did Not Participate In Practice,2012-09-19T09:29:44Z
2012,REG,NYG,3,00-0027005,WR,Hakeem Nicks,Hakeem,Nicks,Foot,,Out,Foot,,Did Not Participate In Practice,2012-09-19T13:19:09Z
2012,REG,NYG,3,00-0029366,DE,Adewale Ojomo,Adewale,Ojomo,Hamstring,,Out,Hamstring,,Limited Participation in Practice,2012-09-19T09:30:07Z
2012,REG,NYG,3,00-0025560,CB,Michael Coe,Michael,Coe,Hamstring,,Questionable,Hamstring,,Limited Participation in Practice,2012-09-19T09:29:24Z
2012,REG,NYG,3,00-0027957,CB,Prince Amukamara,Prince,Amukamara,Ankle,,Probable,Ankle,,Full Participation in Practice,2012-09-19T09:28:57Z
2012,REG,NYG,3,00-0026149,LB,Keith Rivers,Keith,Rivers,Hamstring,,Probable,Hamstring,,Full Participation in Practice,2012-09-19T09:28:57Z
2012,REG,NYG,3,00-0028159,RB,Da'Rel Scott,Da'Rel,Scott,Knee,,Probable,Knee,,Full Participation in Practice,2012-09-19T09:28:57Z
2012,REG,NYJ,3,00-0027311,T,Dennis Landolt,Dennis,Landolt,Knee,,Out,Knee,,Out (Definitely Will Not Play),2012-09-21T11:52:13Z
2012,REG,NYJ,3,00-0027739,RB,John Conner,John,Conner,Knee,,Doubtful,Knee,,Did Not Participate In Practice,2012-09-21T11:51:43Z
2012,REG,NYJ,3,00-0021081,LB,Bryan Thomas,Bryan,Thomas,Hamstring,,Doubtful,Hamstring,,Did Not Participate In Practice,2012-09-21T11:51:36Z
2012,REG,NYJ,3,00-0027144,CB,Ellis Lankster,Ellis,Lankster,Back,,Questionable,Back,,Did Not Participate In Practice,2012-09-21T11:51:50Z
2012,REG,NYJ,3,00-0026170,TE,Dustin Keller,Dustin,Keller,Hamstring,,Questionable,Hamstring,,Limited Participation in Practice,2012-09-21T11:51:56Z
2012,REG,NYJ,3,00-0027968,DE,Muhammad Wilkerson,Muhammad,Wilkerson,Not Injury Related,,Probable,Not Injury Related,,Did Not Participate In Practice,2012-09-21T11:52:32Z
2012,REG,NYJ,3,00-0028292,LB,Nick Bellore,Nick,Bellore,Shoulder,,Probable,Shoulder,,Full Participation in Practice,2012-09-21T11:51:07Z
2012,REG,NYJ,3,00-0029559,DE,Quinton Coples,Quinton,Coples,Illness,,Probable,Illness,,Full Participation in Practice,2012-09-21T11:51:07Z
2012,REG,NYJ,3,00-0024234,CB,Antonio Cromartie,Antonio,Cromartie,Shoulder,,Probable,Shoulder,,Full Participation in Practice,2012-09-21T11:51:07Z
2012,REG,NYJ,3,00-0025689,DT,Mike Devito,Mike,Devito,Calf,,Probable,Calf,,Full Participation in Practice,2012-09-21T11:51:07Z
2012,REG,NYJ,3,00-0028032,DT,Kenrick Ellis,Kenrick,Ellis,Illness,,Probable,Illness,,Full Participation in Practice,2012-09-21T11:52:52Z
2012,REG,NYJ,3,00-0025393,S,LaRon Landry,LaRon,Landry,Heel,,Probable,Heel,,Full Participation in Practice,2012-09-21T11:51:07Z
2012,REG,NYJ,3,00-0024244,C,Nick Mangold,Nick,Mangold,Wrist,,Probable,Wrist,,Full Participation in Practice,2012-09-21T11:51:07Z
2012,REG,NYJ,3,00-0020969,G,Brandon Moore,Brandon,Moore,Hip,,Probable,Hip,,Full Participation in Practice,2012-09-21T11:51:07Z
2012,REG,NYJ,3,00-0022120,LB,Calvin Pace,Calvin,Pace,Achilles,,Probable,Achilles,,Full Participation in Practice,2012-09-21T11:51:07Z
2012,REG,NYJ,3,00-0023523,DT,Sione Pouha,Sione,Pouha,Back,,Probable,Back,,Full Participation in Practice,2012-09-21T11:51:07Z
2012,REG,NYJ,3,00-0025401,CB,Darrelle Revis,Darrelle,Revis,Concussion,,Probable,Concussion,,Full Participation in Practice,2012-09-21T11:51:07Z
2012,REG,NYJ,3,00-0026898,QB,Mark Sanchez,Mark,Sanchez,Back,,Probable,Back,,Full Participation in Practice,2012-09-21T11:51:07Z
2012,REG,NYJ,3,00-0026366,WR,Chaz Schilens,Chaz,Schilens,Ankle,,Probable,Ankle,,Full Participation in Practice,2012-09-21T11:51:07Z
2012,REG,NYJ,3,00-0020873,LB,Bart Scott,Bart,Scott,Knee,,Probable,Knee,,Full Participation in Practice,2012-09-21T11:51:07Z
2012,REG,NYJ,3,00-0027915,CB,Isaiah Trufant,Isaiah,Trufant,Ankle,,Probable,Ankle,,Full Participation in Practice,2012-09-21T11:51:07Z
2012,REG,NYJ,3,00-0024312,S,Eric Smith,Eric,Smith,Hip,Knee,Probable,Hip,Knee,Limited Participation in Practice,2012-09-21T11:51:07Z
2012,REG,OAK,3,00-0023487,T,Khalif Barnes,Khalif,Barnes,Groin,,Out,Groin,,Did Not Participate In Practice,2012-09-21T13:04:34Z
2012,REG,OAK,3,00-0022843,CB,Shawntae Spencer,Shawntae,Spencer,Foot,,Out,Foot,,Did Not Participate In Practice,2012-09-21T13:06:12Z
2012,REG,OAK,3,00-0027080,RB,Mike Goodson,Mike,Goodson,Hamstring,,Questionable,Hamstring,,Did Not Participate In Practice,2012-09-21T13:06:40Z
2012,REG,OAK,3,00-0028179,TE,David Ausberry,David,Ausberry,Shoulder,,Questionable,Shoulder,,Limited Participation in Practice,2012-09-21T13:04:27Z
2012,REG,OAK,3,00-0027128,CB,Coye Francies,Coye,Francies,Concussion,,Questionable,Concussion,,Limited Participation in Practice,2012-09-21T13:04:54Z
2012,REG,OAK,3,00-0019646,K,Sebastian Janikowski,Sebastian,Janikowski,left Groin,,Questionable,left Groin,,Limited Participation in Practice,2012-09-21T13:05:06Z
2012,REG,OAK,3,00-0028063,RB,Taiwan Jones,Taiwan,Jones,Ribs,,Questionable,Ribs,,Limited Participation in Practice,2012-09-21T13:05:17Z
2012,REG,OAK,3,00-0027904,LB,Rolando McClain,Rolando,McClain,Concussion,Ankle,Questionable,Concussion,Ankle,Limited Participation in Practice,2012-09-21T13:05:38Z
2012,REG,OAK,3,00-0027411,C,Alex Parsons,Alex,Parsons,Shoulder,,Questionable,Shoulder,,Limited Participation in Practice,2012-09-21T13:05:54Z
2012,REG,OAK,3,00-0020442,DT,Richard Seymour,Richard,Seymour,Knee,,Questionable,Knee,,Limited Participation in Practice,2012-09-21T13:06:04Z
2012,REG,OAK,3,00-0029702,WR,Juron Criner,Juron,Criner,Ankle,,Probable,Ankle,,Full Participation in Practice,2012-09-21T13:04:16Z
2012,REG,PHI,3,00-0027652,S,Nate Allen,Nate,Allen,,,,Shoulder,,Full Participation in Practice,2012-09-20T13:00:46Z
2012,REG,PHI,3,00-0026370,T,King Dunlap,King,Dunlap,Hamstring,,Out,Hamstring,,Did Not Participate In Practice,2012-09-21T09:11:04Z
2012,REG,PHI,3,00-0026995,WR,Jeremy Maclin,Jeremy,Maclin,Hip,,Out,Hip,,Did Not Participate In Practice,2012-09-21T09:10:40Z
2012,REG,PHI,3,00-0027758,WR,Riley Cooper,Riley,Cooper,Collarbone,,Out,Collarbone,,Limited Participation in Practice,2012-09-21T09:10:47Z
2012,REG,PHI,3,00-0026578,S,Colt Anderson,Colt,Anderson,Knee,,Probable,Knee,,Full Participation in Practice,2012-09-21T09:10:15Z
2012,REG,PHI,3,00-0024324,WR,Jason Avant,Jason,Avant,Wrist,,Probable,Wrist,,Full Participation in Practice,2012-09-21T09:10:15Z
2012,REG,PHI,3,00-0026189,WR,DeSean Jackson,DeSean,Jackson,Hamstring,,Probable,Hamstring,,Full Participation in Practice,2012-09-21T09:10:32Z
2012,REG,PHI,3,00-0028028,CB,Curtis Marsh,Curtis,Marsh,Hamstring,,Probable,Hamstring,,Full Participation in Practice,2012-09-21T09:10:15Z
2012,REG,PIT,3,00-0020712,LB,James Harrison,James,Harrison,Knee,,Out,Knee,,Did Not Participate In Practice,2012-09-21T10:04:56Z
2012,REG,PIT,3,00-0022119,S,Troy Polamalu,Troy,Polamalu,Calf,,Out,Calf,,Did Not Participate In Practice,2012-09-21T10:05:31Z
2012,REG,PIT,3,00-0026163,RB,Rashard Mendenhall,Rashard,Mendenhall,Knee,,Out,Knee,,Full Participation in Practice,2012-09-21T10:05:18Z
2012,REG,PIT,3,00-0027765,LB,Stevenson Sylvester,Stevenson,Sylvester,Knee,,Out,Knee,,Full Participation in Practice,2012-09-21T10:05:41Z
2012,REG,PIT,3,00-0029202,T,Mike Adams,Mike,Adams,Back,,Questionable,Back,,Did Not Participate In Practice,2012-09-21T10:04:41Z
2012,REG,PIT,3,00-0027786,RB,Jonathan Dwyer,Jonathan,Dwyer,Toe,,Probable,Toe,,Full Participation in Practice,2012-09-21T10:04:28Z
2012,REG,PIT,3,00-0028001,T,Marcus Gilbert,Marcus,Gilbert,Groin,,Probable,Groin,,Full Participation in Practice,2012-09-21T10:04:28Z
2012,REG,PIT,3,00-0022177,QB,Byron Leftwich,Byron,Leftwich,Illness,,Probable,Illness,,Full Participation in Practice,2012-09-21T10:04:28Z
2012,REG,PIT,3,00-0023465,TE,Heath Miller,Heath,Miller,Abdomen,,Probable,Abdomen,,Full Participation in Practice,2012-09-21T10:04:28Z
2012,REG,PIT,3,00-0027685,WR,Emmanuel Sanders,Emmanuel,Sanders,Knee,,Probable,Knee,,Full Participation in Practice,2012-09-21T10:04:28Z
2012,REG,PIT,3,00-0026901,WR,Mike Wallace,Mike,Wallace,Groin,,Probable,Groin,,Full Participation in Practice,2012-09-21T10:04:28Z
2012,REG,SD,3,00-0025787,T,Jared Gaither,Jared,Gaither,Back,,Out,Back,,Did Not Participate In Practice,2012-09-21T14:07:09Z
2012,REG,SD,3,00-0028027,CB,Shareece Wright,Shareece,Wright,Foot,,Out,Foot,,Did Not Participate In Practice,2012-09-21T14:07:16Z
2012,REG,SD,3,00-0027864,RB,Ryan Mathews,Ryan,Mathews,Shoulder,,Questionable,Shoulder,,Full Participation in Practice,2012-09-21T14:07:24Z
2012,REG,SD,3,00-0026745,RB,Curtis Brinkley,Curtis,Brinkley,Knee,,Probable,Knee,,Full Participation in Practice,2012-09-21T14:06:59Z
2012,REG,SD,3,00-0021547,TE,Antonio Gates,Antonio,Gates,Ribs,,Probable,Ribs,,Full Participation in Practice,2012-09-21T14:06:59Z
2012,REG,SD,3,00-0025542,TE,Dante Rosario,Dante,Rosario,Calf,,Probable,Calf,,Full Participation in Practice,2012-09-21T14:06:59Z
2012,REG,SD,3,00-0026182,WR,Eddie Royal,Eddie,Royal,Shoulder,,Probable,Shoulder,,Full Participation in Practice,2012-09-21T14:06:59Z
2012,REG,SEA,3,00-0028111,CB,Byron Maxwell,Byron,Maxwell,Hamstring,,Out,Hamstring,,Did Not Participate In Practice,2012-09-22T13:23:02Z
2012,REG,SEA,3,00-0028434,WR,Doug Baldwin,Doug,Baldwin,Shoulder,,Questionable,Shoulder,,Did Not Participate In Practice,2012-09-22T13:22:54Z
2012,REG,SEA,3,00-0025431,WR,Sidney Rice,Sidney,Rice,Not Injury Related,,Probable,Not Injury Related,,Did Not Participate In Practice,2012-09-22T16:02:19Z
2012,REG,SEA,3,00-0025399,RB,Marshawn Lynch,Marshawn,Lynch,Back,,Probable,Back,,Full Participation in Practice,2012-09-22T13:22:47Z
2012,REG,SEA,3,00-0026753,WR,Charly Martin,Charly,Martin,Chest,,Probable,Chest,,Full Participation in Practice,2012-09-22T13:22:47Z
2012,REG,SEA,3,00-0025425,TE,Zach Miller,Zach,Miller,Foot,,Probable,Foot,,Full Participation in Practice,2012-09-22T13:22:47Z
2012,REG,SEA,3,00-0027859,T,Russell Okung,Russell,Okung,Knee,,Probable,Knee,,Full Participation in Practice,2012-09-22T13:22:47Z
2012,REG,SF,3,00-0023545,RB,Brandon Jacobs,Brandon,Jacobs,Knee,,Questionable,Knee,,Did Not Participate In Practice,2012-09-21T13:29:13Z
2012,REG,SF,3,00-0025396,WR,Ted Ginn,Ted,Ginn,Ankle,,Questionable,Ankle,,Limited Participation in Practice,2012-09-21T13:29:04Z
2012,REG,SF,3,00-0022824,P,Andy Lee,Andy,Lee,Hand,,Probable,Hand,,Full Participation in Practice,2012-09-21T13:28:55Z
2012,REG,STL,3,00-0028878,DT,Matt Conrath,Matt,Conrath,Knee,,Out,Knee,,Did Not Participate In Practice,2012-09-21T11:54:39Z
2012,REG,STL,3,00-0028871,S,Matt Daniels,Matt,Daniels,Hamstring,,Out,Hamstring,,Did Not Participate In Practice,2012-09-21T11:54:45Z
2012,REG,STL,3,00-0027648,T,Rodger Saffold,Rodger,Saffold,Knee,,Out,Knee,,Did Not Participate In Practice,2012-09-21T11:55:28Z
2012,REG,STL,3,00-0029630,DT,Michael Brockers,Michael,Brockers,Ankle,,Doubtful,Ankle,,Did Not Participate In Practice,2012-09-21T11:54:29Z
2012,REG,STL,3,00-0022736,RB,Steven Jackson,Steven,Jackson,Groin,,Questionable,Groin,,Did Not Participate In Practice,2012-09-21T11:55:07Z
2012,REG,STL,3,00-0026712,RB,Brit Miller,Brit,Miller,Thigh,,Questionable,Thigh,,Did Not Participate In Practice,2012-09-21T11:55:19Z
2012,REG,STL,3,00-0022000,T,Wayne Hunter,Wayne,Hunter,Ankle,,Questionable,Ankle,,Full Participation in Practice,2012-09-21T11:54:56Z
2012,REG,TB,3,00-0026953,WR,Sammie Stroughter,Sammie,Stroughter,,,,Foot,,Did Not Participate In Practice,2012-09-20T12:28:00Z
2012,REG,TB,3,00-0027450,WR,Preston Parker,Preston,Parker,,,,Foot,,Full Participation in Practice,2012-09-19T12:11:03Z
2012,REG,TB,3,00-0028160,CB,Anthony Gaitor,Anthony,Gaitor,Hamstring,,Out,Hamstring,,Did Not Participate In Practice,2012-09-21T12:09:09Z
2012,REG,TB,3,00-0026945,CB,E.J. Biggers,E.J.,Biggers,Foot,,Probable,Foot,,Full Participation in Practice,2012-09-21T12:08:53Z
2012,REG,TB,3,00-0025455,LB,Quincy Black,Quincy,Black,Back,,Probable,Back,,Full Participation in Practice,2012-09-21T12:08:53Z
2012,REG,TB,3,00-0027958,DE,Adrian Clayborn,Adrian,Clayborn,Not Injury Related,,Probable,Not Injury Related,,Full Participation in Practice,2012-09-21T12:08:53Z
2012,REG,TB,3,00-0024274,T,Jeremy Trueblood,Jeremy,Trueblood,Ankle,,Probable,Ankle,,Full Participation in Practice,2012-09-21T12:08:53Z
2012,REG,TB,3,00-0025440,CB,Eric Wright,Eric,Wright,Back,,Probable,Back,,Full Participation in Practice,2012-09-21T12:08:53Z
2012,REG,TEN,3,00-0020466,G,Steve Hutchinson,Steve,Hutchinson,,,,Not Injury Related,,Did Not Participate In Practice,2012-09-20T13:40:44Z
2012,REG,TEN,3,00-0028047,LB,Colin McCarthy,Colin,McCarthy,Ankle,,Out,Ankle,,Did Not Participate In Practice,2012-09-21T11:19:51Z
2012,REG,TEN,3,00-0025610,T,Mike Otto,Mike,Otto,Knee,Finger,Questionable,Knee,Finger,Did Not Participate In Practice,2012-09-21T11:19:58Z
2012,REG,TEN,3,00-0027038,DT,Sen'Derrick Marks,Sen'Derrick,Marks,Knee,,Questionable,Knee,,Full Participation in Practice,2012-09-21T11:19:34Z
2012,REG,TEN,3,00-0029544,DT,Mike Martin,Mike,Martin,Foot,,Questionable,Foot,,Full Participation in Practice,2012-09-21T11:19:41Z
2012,REG,TEN,3,00-0027120,RB,Javon Ringer,Javon,Ringer,Elbow,,Questionable,Elbow,,Full Participation in Practice,2012-09-21T11:20:04Z
2012,REG,TEN,3,00-0029566,LB,Zach Brown,Zach,Brown,Knee,,Probable,Knee,,Full Participation in Practice,2012-09-21T11:19:19Z
2012,REG,TEN,3,00-0025502,G,Leroy Harris,Leroy,Harris,Knee,,Probable,Knee,,Full Participation in Practice,2012-09-21T11:19:19Z
2012,REG,WAS,3,00-0026345,WR,Pierre Garcon,Pierre,Garcon,Foot,,Doubtful,Foot,,Limited Participation in Practice,2012-09-21T11:17:25Z
2012,REG,WAS,3,00-0025411,S,Brandon Meriweather,Brandon,Meriweather,Knee,,Questionable,Knee,,Limited Participation in Practice,2012-09-21T11:17:19Z
2012,REG,WAS,3,00-0025442,CB,Josh Wilson,Josh,Wilson,Head,,Probable,Head,,Full Participation in Practice,2012-09-21T11:17:13Z
2012,REG,ARI,4,00-0024262,G,Daryn Colledge,Daryn,Colledge,,,,Shoulder,,Full Participation in Practice,2012-09-26T14:37:02Z
2012,REG,ARI,4,00-0029639,CB,Jamell Fleming,Jamell,Fleming,,,,Shoulder,,Full Participation in Practice,2012-09-26T14:37:16Z
2012,REG,ARI,4,00-0024369,TE,Jeff King,Jeff,King,,,,Knee,,Full Participation in Practice,2012-09-26T14:37:33Z
2012,REG,ARI,4,00-0023557,S,Kerry Rhodes,Kerry,Rhodes,,,,Foot,,Full Participation in Practice,2012-09-26T14:37:49Z
2012,REG,ARI,4,00-0027976,RB,Ryan Williams,Ryan,Williams,,,,Knee,,Full Participation in Practice,2012-09-26T14:38:07Z
2012,REG,ARI,4,00-0022930,DT,Darnell Dockett,Darnell,Dockett,Hamstring,,Doubtful,Hamstring,,Did Not Participate In Practice,2012-09-28T13:15:09Z
2012,REG,ARI,4,00-0027825,TE,Jim Dray,Jim,Dray,Knee,,Doubtful,Knee,,Did Not Participate In Practice,2012-09-28T13:15:14Z
2012,REG,ARI,4,00-0020516,TE,Todd Heap,Todd,Heap,Knee,,Doubtful,Knee,,Did Not Participate In Practice,2012-09-28T13:15:20Z
2012,REG,ARI,4,00-0026956,RB,LaRod Stephens-Howling,LaRod,Stephens-Howling,Hip,,Doubtful,Hip,,Did Not Participate In Practice,2012-09-28T13:15:29Z
2012,REG,ARI,4,00-0025668,CB,Michael Adams,Michael,Adams,Hamstring,,Questionable,Hamstring,,Limited Participation in Practice,2012-09-28T13:15:48Z
2012,REG,ARI,4,00-0027067,S,Rashad Johnson,Rashad,Johnson,Hamstring,,Questionable,Hamstring,,Limited Participation in Practice,2012-09-28T13:15:55Z
2012,REG,ARI,4,00-0023567,S,James Sanders,James,Sanders,Calf,,Questionable,Calf,,Limited Participation in Practice,2012-09-28T13:16:01Z
2012,REG,ARI,4,00-0028074,RB,Anthony Sherman,Anthony,Sherman,Hamstring,,Questionable,Hamstring,,Limited Participation in Practice,2012-09-28T13:15:43Z
2012,REG,ARI,4,00-0027754,QB,John Skelton,John,Skelton,Ankle,,Questionable,Ankle,,Limited Participation in Practice,2012-09-28T13:16:38Z
2012,REG,ARI,4,00-0020505,S,Adrian Wilson,Adrian,Wilson,Ankle,Groin,Questionable,Ankle,Groin,Limited Participation in Practice,2012-09-28T13:17:18Z
2012,REG,ARI,4,00-0021235,P,Dave Zastudil,Dave,Zastudil,right Calf,,Probable,right Calf,,Full Participation in Practice,2012-09-28T13:14:52Z
2012,REG,ARI,4,00-0027730,LB,O'Brien Schofield,O'Brien,Schofield,Knee,,Probable,Knee,,Limited Participation in Practice,2012-09-28T13:14:52Z
2012,REG,ARI,4,00-0023529,G,Adam Snyder,Adam,Snyder,Elbow,,Probable,Elbow,,Limited Participation in Practice,2012-09-28T13:14:52Z
2012,REG,ATL,4,00-0027062,CB,Christopher Owens,Christopher,Owens,Head,,Out,Head,,Did Not Participate In Practice,2012-09-28T11:17:35Z
2012,REG,ATL,4,00-0027202,TE,Michael Palmer,Michael,Palmer,Shoulder,,Out,Shoulder,,Did Not Participate In Practice,2012-09-28T11:17:51Z
2012,REG,ATL,4,00-0022405,RB,Lousaka Polite,Lousaka,Polite,Hamstring,,Out,Hamstring,,Did Not Participate In Practice,2012-09-28T11:18:08Z
2012,REG,ATL,4,00-0026855,RB,Antone Smith,Antone,Smith,Hamstring,,Out,Hamstring,,Did Not Participate In Practice,2012-09-28T11:18:13Z
2012,REG,ATL,4,00-0012871,LB,Mike Peterson,Mike,Peterson,Ribs,,Questionable,Ribs,,Limited Participation in Practice,2012-09-28T11:17:59Z
2012,REG,ATL,4,00-0023494,DT,Jonathan Babineaux,Jonathan,Babineaux,Groin,,Probable,Groin,,Full Participation in Practice,2012-09-28T11:17:15Z
2012,REG,ATL,4,00-0022245,T,Tyson Clabo,Tyson,Clabo,Hip,,Probable,Hip,,Full Participation in Practice,2012-09-28T11:17:15Z
2012,REG,ATL,4,00-0027944,WR,Julio Jones,Julio,Jones,Hand,,Probable,Hand,,Full Participation in Practice,2012-09-28T11:17:15Z
2012,REG,ATL,4,00-0025496,LB,Stephen Nicholas,Stephen,Nicholas,Thigh,,Probable,Thigh,,Full Participation in Practice,2012-09-28T11:17:15Z
2012,REG,BAL,4,00-0028023,T,Jah Reid,Jah,Reid,Calf,,Questionable,Calf,,Limited Participation in Practice,2012-09-26T12:31:06Z
2012,REG,BAL,4,00-0000551,LB,Brendon Ayanbadejo,Brendon,Ayanbadejo,Knee,,Probable,Knee,,Full Participation in Practice,2012-09-26T12:31:00Z
2012,REG,BAL,4,00-0027060,CB,Lardarius Webb,Lardarius,Webb,Knee,,Probable,Knee,,Full Participation in Practice,2012-09-26T12:31:00Z
2012,REG,BUF,4,00-0022421,WR,Ruvell Martin,Ruvell,Martin,Ankle,,Out,Ankle,,Did Not Participate In Practice,2012-09-28T09:33:56Z
2012,REG,BUF,4,00-0024204,RB,Fred Jackson,Fred,Jackson,Knee,,Questionable,Knee,,Limited Participation in Practice,2012-09-28T09:33:43Z
2012,REG,BUF,4,00-0027861,RB,C.J. Spiller,C.J.,Spiller,Shoulder,,Questionable,Shoulder,,Limited Participation in Practice,2012-09-28T09:33:50Z
2012,REG,BUF,4,00-0026151,CB,Leodis McKelvin,Leodis,McKelvin,Groin,,Probable,Groin,,Full Participation in Practice,2012-09-28T09:33:36Z
2012,REG,CAR,4,00-0025446,C,Ryan Kalil,Ryan,Kalil,,,,Shoulder,,Full Participation in Practice,2012-09-28T10:49:35Z
2012,REG,CAR,4,00-0026199,G,Mike Pollak,Mike,Pollak,Shoulder,,Out,Shoulder,,Out (Definitely Will Not Play),2012-09-28T10:50:42Z
2012,REG,CAR,4,00-0024734,DE,Antwan Applewhite,Antwan,Applewhite,Knee,,Doubtful,Knee,,Did Not Participate In Practice,2012-09-28T10:51:17Z
2012,REG,CAR,4,00-0023448,LB,Thomas Davis,Thomas,Davis,Calf,,Questionable,Calf,,Full Participation in Practice,2012-09-28T10:52:45Z
2012,REG,CAR,4,00-0027774,DE,Greg Hardy,Greg,Hardy,Hand,,Questionable,Hand,,Full Participation in Practice,2012-09-28T10:55:04Z
2012,REG,CAR,4,00-0025412,LB,Jon Beason,Jon,Beason,Shoulder,Knee,Questionable,Knee,Shoulder,Limited Participation in Practice,2012-09-28T10:51:59Z
2012,REG,CAR,4,00-0028738,T,Byron Bell,Byron,Bell,Ankle,,Probable,Ankle,,Full Participation in Practice,2012-09-28T10:55:31Z
2012,REG,CAR,4,00-0022914,CB,Chris Gamble,Chris,Gamble,Shoulder,,Probable,Shoulder,,Full Participation in Practice,2012-09-28T10:55:51Z
2012,REG,CAR,4,00-0028742,DE,Thomas Keiser,Thomas,Keiser,Tibia,,Probable,Tibia,,Full Participation in Practice,2012-09-28T10:56:57Z
2012,REG,CAR,4,00-0026153,RB,Jonathan Stewart,Jonathan,Stewart,Toe,,Probable,Toe,,Full Participation in Practice,2012-09-28T10:57:11Z
2012,REG,CAR,4,00-0028128,S,Colin Jones,Colin,Jones,Shoulder,,Probable,Shoulder,,Limited Participation in Practice,2012-09-28T10:56:17Z
2012,REG,CHI,4,00-0021140,DE,Julius Peppers,Julius,Peppers,,,,Not Injury Related,,Did Not Participate In Practice,2012-09-27T14:46:18Z
2012,REG,CHI,4,00-0019456,LB,Brian Urlacher,Brian,Urlacher,,,,Not Injury Related,,Did Not Participate In Practice,2012-09-28T13:48:37Z
2012,REG,CHI,4,00-0010341,LS,Patrick Mannelly,Patrick,Mannelly,,,,Illness,,Full Participation in Practice,2012-09-28T13:41:02Z
2012,REG,CHI,4,00-0029276,TE,Evan Rodriguez,Evan,Rodriguez,Knee,,Out,Knee,,Did Not Participate In Practice,2012-09-29T11:21:34Z
2012,REG,CHI,4,00-0026210,WR,Earl Bennett,Earl,Bennett,Hand,,Questionable,Hand,,Limited Participation in Practice,2012-09-29T11:21:18Z
2012,REG,CHI,4,00-0026184,RB,Matt Forte,Matt,Forte,Ankle,,Questionable,Ankle,,Limited Participation in Practice,2012-09-29T11:21:25Z
2012,REG,CIN,4,00-0021929,TE,Donald Lee,Donald,Lee,,,,Quadricep,,Did Not Participate In Practice,2012-09-27T13:20:35Z
2012,REG,CIN,4,00-0029560,CB,Dre Kirkpatrick,Dre,Kirkpatrick,Knee,,Out,Knee,,Did Not Participate In Practice,2012-09-28T10:43:53Z
2012,REG,CIN,4,00-0024231,CB,Jason Allen,Jason,Allen,Thigh,,Doubtful,Thigh,,Did Not Participate In Practice,2012-09-28T10:44:02Z
2012,REG,CIN,4,00-0020495,CB,Nate Clements,Nate,Clements,Calf,,Doubtful,Calf,,Did Not Participate In Practice,2012-09-28T10:44:12Z
2012,REG,CIN,4,00-0025405,CB,Leon Hall,Leon,Hall,Hamstring,,Questionable,Hamstring,,Did Not Participate In Practice,2012-09-28T10:44:31Z
2012,REG,CIN,4,00-0027731,LB,Roddrick Muckelroy,Roddrick,Muckelroy,Illness,,Questionable,Illness,,Did Not Participate In Practice,2012-09-28T10:44:58Z
2012,REG,CIN,4,00-0022157,C,Jeff Faine,Jeff,Faine,Hamstring,,Questionable,Hamstring,,Limited Participation in Practice,2012-09-28T10:44:22Z
2012,REG,CIN,4,00-0026941,RB,Bernard Scott,Bernard,Scott,Ankle,,Questionable,Ankle,,Limited Participation in Practice,2012-09-28T10:45:11Z
2012,REG,CIN,4,00-0027662,DE,Carlos Dunlap,Carlos,Dunlap,Knee,,Probable,Knee,,Full Participation in Practice,2012-09-28T10:39:05Z
2012,REG,CIN,4,00-0025408,S,Reggie Nelson,Reggie,Nelson,Shoulder,,Probable,Shoulder,,Full Participation in Practice,2012-09-28T10:39:05Z
2012,REG,CIN,4,00-0024270,T,Andrew Whitworth,Andrew,Whitworth,Knee,,Probable,Knee,,Full Participation in Practice,2012-09-28T10:39:05Z
2012,REG,CIN,4,00-0027044,DE,Michael Johnson,Michael,Johnson,Foot,,Probable,Foot,,Limited Participation in Practice,2012-09-28T10:39:05Z
2012,REG,CLE,4,00-0027026,WR,Mohamed Massaquoi,Mohamed,Massaquoi,Hamstring,,Out,Hamstring,,Did Not Participate In Practice,2012-09-26T08:45:20Z
2012,REG,CLE,4,00-0023506,TE,Alex Smith,Alex,Smith,Head,,Out,Head,,Did Not Participate In Practice,2012-09-26T08:45:42Z
2012,REG,CLE,4,00-0029279,LB,James-Michael Johnson,James-Michael,Johnson,Ribs,Oblique,Out,Ribs,Oblique,Limited Participation in Practice,2012-09-26T08:45:11Z
2012,REG,CLE,4,00-0023316,S,Raymond Ventrone,Raymond,Ventrone,Hand,,Questionable,Hand,,Limited Participation in Practice,2012-09-26T08:45:54Z
2012,REG,CLE,4,00-0028088,G,Jason Pinkston,Jason,Pinkston,Ankle,,Probable,Ankle,,Full Participation in Practice,2012-09-26T08:44:55Z
2012,REG,CLE,4,00-0029675,RB,Trent Richardson,Trent,Richardson,Knee,,Probable,Knee,,Full Participation in Practice,2012-09-26T08:44:55Z
2012,REG,CLE,4,00-0024306,DE,Frostee Rucker,Frostee,Rucker,Wrist,,Probable,Wrist,,Full Participation in Practice,2012-09-26T08:44:55Z
2012,REG,CLE,4,00-0028309,LS,Christian Yount,Christian,Yount,Shoulder,,Probable,Shoulder,,Full Participation in Practice,2012-09-26T08:44:55Z
2012,REG,CLE,4,00-0021186,CB,Sheldon Brown,Sheldon,Brown,Chest,,Probable,Chest,,Limited Participation in Practice,2012-09-26T08:44:55Z
2012,REG,CLE,4,00-0023176,WR,Joshua Cribbs,Joshua,Cribbs,Knee,,Probable,Knee,,Limited Participation in Practice,2012-09-26T08:44:55Z
2012,REG,DAL,4,00-0021262,DT,Kenyon Coleman,Kenyon,Coleman,Knee,,Out,Knee,,Did Not Participate In Practice,2012-09-29T11:11:10Z
2012,REG,DAL,4,00-0027417,C,Phil Costa,Phil,Costa,Back,,Out,Back,,Did Not Participate In Practice,2012-09-29T11:11:18Z
2012,REG,DAL,4,00-0029648,S,Matt Johnson,Matt,Johnson,Hamstring,,Out,Hamstring,,Did Not Participate In Practice,2012-09-29T11:11:27Z
2012,REG,DAL,4,00-0023656,DT,Jay Ratliff,Jay,Ratliff,Ankle,,Out,Ankle,,Did Not Participate In Practice,2012-09-29T11:11:55Z
2012,REG,DAL,4,00-0028614,LB,Alex Albright,Alex,Albright,Neck,,Out,Neck,,Limited Participation in Practice,2012-09-29T11:10:51Z
2012,REG,DAL,4,00-0028664,P,Chris Jones,Chris,Jones,left Knee,,Doubtful,left Knee,,Did Not Participate In Practice,2012-09-29T11:11:41Z
2012,REG,DAL,4,00-0025413,LB,Anthony Spencer,Anthony,Spencer,Shoulder,,Questionable,Shoulder,,Did Not Participate In Practice,2012-09-29T11:12:11Z
2012,REG,DAL,4,00-0023921,WR,Miles Austin,Miles,Austin,Hamstring,,Probable,Hamstring,,Full Participation in Practice,2012-09-29T11:10:38Z
2012,REG,DAL,4,00-0027826,DT,Sean Lissemore,Sean,Lissemore,Chest,,Probable,Chest,,Full Participation in Practice,2012-09-29T11:10:38Z
2012,REG,DAL,4,00-0023455,DT,Marcus Spears,Marcus,Spears,Knee,,Probable,Knee,,Full Participation in Practice,2012-09-29T11:10:38Z
2012,REG,DAL,4,00-0024394,RB,Lawrence Vickers,Lawrence,Vickers,Illness,,Probable,Illness,,Full Participation in Practice,2012-09-29T11:10:38Z
2012,REG,DAL,4,00-0023445,LB,DeMarcus Ware,DeMarcus,Ware,Hamstring,,Probable,Hamstring,,Full Participation in Practice,2012-09-29T11:10:38Z
2012,REG,DAL,4,00-0029647,LB,Kyle Wilber,Kyle,Wilber,Thumb,,Probable,Thumb,,Full Participation in Practice,2012-09-29T11:10:38Z
2012,REG,DAL,4,00-0023590,S,Gerald Sensabaugh,Gerald,Sensabaugh,Calf,,Probable,Calf,,Limited Participation in Practice,2012-09-29T11:10:38Z
2012,REG,DEN,4,00-0028046,S,Quinton Carter,Quinton,Carter,Knee,,Out,Knee,,Did Not Participate In Practice,2012-09-28T11:43:23Z
2012,REG,DEN,4,00-0024375,G,Chris Kuper,Chris,Kuper,Forearm,,Doubtful,Forearm,,Limited Participation in Practice,2012-09-28T11:43:55Z
2012,REG,DEN,4,00-0028005,LB,Nate Irving,Nate,Irving,Concussion,,Questionable,Concussion,,Limited Participation in Practice,2012-09-28T11:43:45Z
2012,REG,DEN,4,00-0024756,WR,Matt Willis,Matt,Willis,Hamstring,,Questionable,Hamstring,,Limited Participation in Practice,2012-09-28T11:44:30Z
2012,REG,DEN,4,00-0028224,CB,Chris Harris,Chris,Harris,Ankle,,Probable,Ankle,,Full Participation in Practice,2012-09-28T11:43:10Z
2012,REG,DEN,4,00-0022178,RB,Willis McGahee,Willis,McGahee,Ribs,,Probable,Ribs,,Full Participation in Practice,2012-09-28T11:43:10Z
2012,REG,DEN,4,00-0026180,CB,Tracy Porter,Tracy,Porter,Knee,,Probable,Knee,,Full Participation in Practice,2012-09-28T11:43:10Z
2012,REG,DEN,4,00-0026267,TE,Jacob Tamme,Jacob,Tamme,Groin,,Probable,Groin,,Full Participation in Practice,2012-09-28T11:43:10Z
2012,REG,DET,4,00-0022906,DT,Corey Williams,Corey,Williams,Knee,,Out,Knee,,Did Not Participate In Practice,2012-09-28T13:07:19Z
2012,REG,DET,4,00-0027009,S,Louis Delmas,Louis,Delmas,Knee,,Doubtful,Knee,,Did Not Participate In Practice,2012-09-28T13:03:42Z
2012,REG,DET,4,00-0029217,LB,Travis Lewis,Travis,Lewis,Quadricep,,Doubtful,Quadricep,,Did Not Participate In Practice,2012-09-28T13:06:14Z
2012,REG,DET,4,00-0027671,S,Amari Spievey,Amari,Spievey,Groin,,Questionable,Groin,,Did Not Participate In Practice,2012-09-28T13:06:31Z
2012,REG,DET,4,00-0025435,LB,Justin Durant,Justin,Durant,Back,,Questionable,Back,,Limited Participation in Practice,2012-09-28T13:03:48Z
2012,REG,DET,4,00-0026168,DE,Lawrence Jackson,Lawrence,Jackson,Calf,,Questionable,Calf,,Limited Participation in Practice,2012-09-28T13:03:57Z
2012,REG,DET,4,00-0027995,RB,Mikel Leshoure,Mikel,Leshoure,Groin,,Questionable,Groin,,Limited Participation in Practice,2012-09-28T13:04:03Z
2012,REG,DET,4,00-0024276,TE,Tony Scheffler,Tony,Scheffler,Calf,,Questionable,Calf,,Limited Participation in Practice,2012-09-28T13:06:22Z
2012,REG,DET,4,00-0025596,T,Corey Hilliard,Corey,Hilliard,Elbow,,Probable,Elbow,,Full Participation in Practice,2012-09-28T13:03:36Z
2012,REG,DET,4,00-0025389,WR,Calvin Johnson,Calvin,Johnson,Ankle,,Probable,Ankle,,Full Participation in Practice,2012-09-28T13:03:36Z
2012,REG,DET,4,00-0026498,QB,Matthew Stafford,Matthew,Stafford,Hip,,Probable,Hip,,Full Participation in Practice,2012-09-28T13:03:36Z
2012,REG,DET,4,00-0027982,WR,Titus Young,Titus,Young,Knee,,Probable,Knee,,Full Participation in Practice,2012-09-28T13:03:36Z
2012,REG,DET,4,00-0024343,G,Rob Sims,Rob,Sims,Knee,,Probable,Knee,,Limited Participation in Practice,2012-09-28T13:03:36Z
2012,REG,GB,4,00-0029201,S,Sean Richardson,Sean,Richardson,Hamstring,,Out,Hamstring,,Did Not Participate In Practice,2012-09-28T12:03:29Z
2012,REG,GB,4,00-0028069,CB,Davon House,Davon,House,Shoulder,,Questionable,Shoulder,,Limited Participation in Practice,2012-09-28T12:03:20Z
2012,REG,GB,4,00-0027875,T,Bryan Bulaga,Bryan,Bulaga,Knee,,Probable,Knee,,Full Participation in Practice,2012-09-28T12:03:04Z
2012,REG,GB,4,00-0026878,TE,Tom Crabtree,Tom,Crabtree,Shoulder,,Probable,Shoulder,,Full Participation in Practice,2012-09-28T12:03:04Z
2012,REG,GB,4,00-0028600,LB,Jamari Lattimore,Jamari,Lattimore,Ankle,,Probable,Ankle,,Full Participation in Practice,2012-09-28T12:03:04Z
2012,REG,GB,4,00-0027791,RB,James Starks,James,Starks,Toe,,Probable,Toe,,Full Participation in Practice,2012-09-28T12:03:04Z
2012,REG,GB,4,00-0029257,DE,Jerel Worthy,Jerel,Worthy,Shoulder,,Probable,Shoulder,,Full Participation in Practice,2012-09-28T12:03:04Z
2012,REG,GB,4,00-0024267,WR,Greg Jennings,Greg,Jennings,Groin,,Probable,Groin,,Limited Participation in Practice,2012-09-28T12:03:04Z
2012,REG,HOU,4,00-0028542,WR,Lestar Jean,Lestar,Jean,Knee,,Out,Knee,,Did Not Participate In Practice,2012-09-28T11:34:10Z
2012,REG,HOU,4,00-0028533,LB,Mister Alexander,Mister,Alexander,Ankle,,Probable,Ankle,,Full Participation in Practice,2012-09-28T11:33:59Z
2012,REG,HOU,4,00-0025624,CB,Alan Ball,Alan,Ball,Foot,,Probable,Foot,,Full Participation in Practice,2012-09-28T11:34:27Z
2012,REG,HOU,4,00-0028536,LB,Bryan Braman,Bryan,Braman,Hamstring,,Probable,Hamstring,,Full Participation in Practice,2012-09-28T11:33:59Z
2012,REG,HOU,4,00-0027051,G,Antoine Caldwell,Antoine,Caldwell,Ankle,,Probable,Ankle,,Full Participation in Practice,2012-09-28T11:33:59Z
2012,REG,HOU,4,00-0026257,S,Quintin Demps,Quintin,Demps,Thumb,,Probable,Thumb,,Full Participation in Practice,2012-09-28T11:33:59Z
2012,REG,HOU,4,00-0024365,LB,Tim Dobbins,Tim,Dobbins,Hamstring,,Probable,Hamstring,,Full Participation in Practice,2012-09-28T11:33:59Z
2012,REG,HOU,4,00-0026796,RB,Arian Foster,Arian,Foster,Knee,,Probable,Knee,,Full Participation in Practice,2012-09-28T11:33:59Z
2012,REG,HOU,4,00-0022137,LB,Bradie James,Bradie,James,Chest,,Probable,Chest,,Full Participation in Practice,2012-09-28T11:33:59Z
2012,REG,HOU,4,00-0028082,S,Shiloh Keo,Shiloh,Keo,Thumb,,Probable,Thumb,,Full Participation in Practice,2012-09-28T11:33:59Z
2012,REG,HOU,4,00-0026935,CB,Brice McCain,Brice,McCain,Knee,,Probable,Knee,,Full Participation in Practice,2012-09-28T11:33:59Z
2012,REG,HOU,4,00-0026417,LB,Jesse Nading,Jesse,Nading,Knee,,Probable,Knee,,Full Participation in Practice,2012-09-28T11:33:59Z
2012,REG,HOU,4,00-0027081,S,Glover Quin,Glover,Quin,Hand,,Probable,Hand,,Full Participation in Practice,2012-09-28T11:33:59Z
2012,REG,HOU,4,00-0022787,QB,Matt Schaub,Matt,Schaub,left Shoulder,right Elbow,Probable,left Shoulder,right Elbow,Full Participation in Practice,2012-09-28T11:33:59Z
2012,REG,HOU,4,00-0027022,LB,Connor Barwin,Connor,Barwin,Knee,,Probable,Knee,,Limited Participation in Practice,2012-09-28T11:34:51Z
2012,REG,HOU,4,00-0022044,WR,Andre Johnson,Andre,Johnson,Groin,,Probable,Groin,,Limited Participation in Practice,2012-09-28T11:33:59Z
2012,REG,HOU,4,00-0024239,CB,Johnathan Joseph,Johnathan,Joseph,Groin,,Probable,Groin,,Limited Participation in Practice,2012-09-28T11:33:59Z
2012,REG,HOU,4,00-0027980,LB,Brooks Reed,Brooks,Reed,Hip,,Probable,Hip,,Limited Participation in Practice,2012-09-28T11:35:16Z
2012,REG,HOU,4,00-0022793,DE,Antonio Smith,Antonio,Smith,Ankle,Illness,Probable,Ankle,Illness,Limited Participation in Practice,2012-09-28T11:33:59Z
2012,REG,JAX,4,00-0027818,DE,George Selvie,George,Selvie,Knee,,Out,Knee,,Did Not Participate In Practice,2012-09-28T12:28:16Z
2012,REG,JAX,4,00-0022839,LB,Daryl Smith,Daryl,Smith,Groin,,Out,Groin,,Did Not Participate In Practice,2012-09-28T12:28:21Z
2012,REG,JAX,4,00-0027862,DT,Tyson Alualu,Tyson,Alualu,Not Injury Related,,Probable,Not Injury Related,,Full Participation in Practice,2012-09-28T12:28:01Z
2012,REG,JAX,4,00-0028401,T,Cameron Bradfield,Cameron,Bradfield,Ankle,,Probable,Ankle,,Full Participation in Practice,2012-09-28T12:28:01Z
2012,REG,JAX,4,00-0027015,G,Eben Britton,Eben,Britton,Ankle,,Probable,Ankle,,Full Participation in Practice,2012-09-28T12:28:01Z
2012,REG,JAX,4,00-0027155,RB,Rashad Jennings,Rashad,Jennings,Knee,,Probable,Knee,,Full Participation in Practice,2012-09-28T12:28:01Z
2012,REG,JAX,4,00-0027752,DE,Austen Lane,Austen,Lane,Foot,,Probable,Foot,,Full Participation in Practice,2012-09-28T12:28:01Z
2012,REG,JAX,4,00-0018956,C,Brad Meester,Brad,Meester,Not Injury Related,,Probable,Not Injury Related,,Full Participation in Practice,2012-09-28T12:28:01Z
2012,REG,JAX,4,00-0024103,RB,Montell Owens,Montell,Owens,Concussion,,Probable,Concussion,,Full Participation in Practice,2012-09-28T12:28:01Z
2012,REG,JAX,4,00-0025462,WR,Laurent Robinson,Laurent,Robinson,Concussion,,Probable,Concussion,,Full Participation in Practice,2012-09-28T12:28:01Z
2012,REG,JAX,4,00-0028420,CB,Kevin Rutland,Kevin,Rutland,Concussion,,Probable,Concussion,,Full Participation in Practice,2012-09-28T12:28:01Z
2012,REG,KC,4,00-0025540,TE,Kevin Boss,Kevin,Boss,Head,,Out,Head,,Did Not Participate In Practice,2012-09-28T12:44:58Z
2012,REG,KC,4,00-0026367,RB,Peyton Hillis,Peyton,Hillis,Ankle,,Doubtful,Ankle,,Did Not Participate In Practice,2012-09-28T12:45:43Z
2012,REG,KC,4,00-0026145,DE,Glenn Dorsey,Glenn,Dorsey,Calf,,Questionable,Calf,,Did Not Participate In Practice,2012-09-28T12:45:31Z
2012,REG,KC,4,00-0025410,WR,Dwayne Bowe,Dwayne,Bowe,Groin,,Questionable,Groin,,Limited Participation in Practice,2012-09-28T12:45:05Z
2012,REG,KC,4,00-0025529,WR,Steve Breaston,Steve,Breaston,Knee,,Questionable,Knee,,Limited Participation in Practice,2012-09-28T12:45:17Z
2012,REG,KC,4,00-0027736,S,Kendrick Lewis,Kendrick,Lewis,Shoulder,,Questionable,Shoulder,,Limited Participation in Practice,2012-09-28T12:54:11Z
2012,REG,KC,4,00-0027651,WR,Dexter McCluster,Dexter,McCluster,Elbow,,Questionable,Elbow,,Limited Participation in Practice,2012-09-28T12:54:23Z
2012,REG,KC,4,00-0026093,DT,Anthony Toribio,Anthony,Toribio,Ankle,,Questionable,Ankle,,Limited Participation in Practice,2012-09-28T12:54:32Z
2012,REG,KC,4,00-0029274,WR,Devon Wylie,Devon,Wylie,Hamstring,,Questionable,Hamstring,,Limited Participation in Practice,2012-09-28T12:56:43Z
2012,REG,KC,4,00-0027154,TE,Jake O'Connell,Jake,O'Connell,Knee,,Probable,Knee,,Full Participation in Practice,2012-09-28T12:44:51Z
2012,REG,KC,4,00-0022350,G,Ryan Lilja,Ryan,Lilja,Back,,Probable,Back,,Limited Participation in Practice,2012-09-28T12:54:17Z
2012,REG,MIA,4,00-0027843,LB,Austin Spitler,Austin,Spitler,Groin,,Doubtful,Groin,,Did Not Participate In Practice,2012-09-28T10:59:22Z
2012,REG,MIA,4,00-0024102,DT,Tony McDaniel,Tony,McDaniel,Knee,,Doubtful,Knee,,Limited Participation in Practice,2012-09-28T11:08:37Z
2012,REG,MIA,4,00-0027356,WR,Marlon Moore,Marlon,Moore,Hamstring,,Doubtful,Hamstring,,Limited Participation in Practice,2012-09-28T10:58:57Z
2012,REG,MIA,4,00-0024217,RB,Reggie Bush,Reggie,Bush,Knee,,Questionable,Knee,,Limited Participation in Practice,2012-09-28T10:58:15Z
2012,REG,MIA,4,00-0024273,CB,Richard Marshall,Richard,Marshall,Back,,Questionable,Back,,Limited Participation in Practice,2012-09-28T10:59:08Z
2012,REG,MIA,4,00-0027744,CB,Nolan Carroll,Nolan,Carroll,Achilles,,Probable,Achilles,,Full Participation in Practice,2012-09-28T10:58:04Z
2012,REG,MIA,4,00-0026227,DT,Andre Fluellen,Andre,Fluellen,Hamstring,,Probable,Hamstring,,Full Participation in Practice,2012-09-28T10:58:04Z
2012,REG,MIA,4,00-0026556,DT,Mike Rivera,Mike,Rivera,Groin,,Probable,Groin,,Full Participation in Practice,2012-09-28T11:02:49Z
2012,REG,MIA,4,00-0022805,DT,Randy Starks,Randy,Starks,Knee,,Probable,Knee,,Full Participation in Practice,2012-09-28T10:58:04Z
2012,REG,MIA,4,00-0025708,QB,Matt Moore,Matt,Moore,right Finger,,Probable,right Finger,,Limited Participation in Practice,2012-09-28T11:00:14Z
2012,REG,MIN,4,00-0025945,LB,Erin Henderson,Erin,Henderson,Concussion,,Out,Concussion,,Did Not Participate In Practice,2012-09-28T10:54:17Z
2012,REG,MIN,4,00-0028108,S,Mistral Raymond,Mistral,Raymond,Ankle,,Out,Ankle,,Did Not Participate In Practice,2012-09-28T10:54:26Z
2012,REG,MIN,4,00-0028153,DE,D'Aundre Reed,D'Aundre,Reed,Calf,,Questionable,Calf,,Full Participation in Practice,2012-09-28T10:54:46Z
2012,REG,MIN,4,00-0027914,S,Andrew Sendejo,Andrew,Sendejo,Ankle,,Questionable,Ankle,,Limited Participation in Practice,2012-09-28T10:54:41Z
2012,REG,MIN,4,00-0022740,DE,Jared Allen,Jared,Allen,Neck,,Probable,Neck,,Full Participation in Practice,2012-09-28T10:54:07Z
2012,REG,MIN,4,00-0025607,LB,Marvin Mitchell,Marvin,Mitchell,Ankle,,Probable,Ankle,,Full Participation in Practice,2012-09-28T10:54:07Z
2012,REG,MIN,4,00-0027950,QB,Christian Ponder,Christian,Ponder,Neck,,Probable,Neck,,Full Participation in Practice,2012-09-28T10:54:07Z
2012,REG,MIN,4,00-0027981,TE,Kyle Rudolph,Kyle,Rudolph,Quadricep,,Probable,Quadricep,,Full Participation in Practice,2012-09-28T10:54:07Z
2012,REG,NE,4,00-0019596,QB,Tom Brady,Tom,Brady,,,,right Shoulder,,Limited Participation in Practice,2012-09-26T12:43:22Z
2012,REG,NE,4,00-0027150,WR,Julian Edelman,Julian,Edelman,Hand,,Out,Hand,,Did Not Participate In Practice,2012-09-28T13:01:37Z
2012,REG,NE,4,00-0027713,TE,Aaron Hernandez,Aaron,Hernandez,Ankle,,Out,Ankle,,Did Not Participate In Practice,2012-09-28T13:02:33Z
2012,REG,NE,4,00-0027838,DE,Brandon Deaderick,Brandon,Deaderick,Ankle,,Questionable,Ankle,,Did Not Participate In Practice,2012-09-28T13:01:26Z
2012,REG,NE,4,00-0023467,G,Logan Mankins,Logan,Mankins,Hip,,Questionable,Hip,,Did Not Participate In Practice,2012-09-28T13:02:05Z
2012,REG,NE,4,00-0029596,CB,Alfonzo Dennard,Alfonzo,Dennard,Hamstring,,Questionable,Hamstring,,Limited Participation in Practice,2012-09-28T13:01:32Z
2012,REG,NE,4,00-0029241,DT,Justin Francis,Justin,Francis,Ankle,,Questionable,Ankle,,Limited Participation in Practice,2012-09-28T13:01:46Z
2012,REG,NE,4,00-0027656,TE,Rob Gronkowski,Rob,Gronkowski,Hip,,Questionable,Hip,,Limited Participation in Practice,2012-09-28T13:03:22Z
2012,REG,NE,4,00-0027236,DT,Kyle Love,Kyle,Love,Knee,,Questionable,Knee,,Limited Participation in Practice,2012-09-28T13:02:00Z
2012,REG,NE,4,00-0027435,C,Nick McDonald,Nick,McDonald,Shoulder,,Questionable,Shoulder,,Limited Participation in Practice,2012-09-28T13:02:12Z
2012,REG,NE,4,00-0028767,CB,Sterling Moore,Sterling,Moore,Knee,,Questionable,Knee,,Limited Participation in Practice,2012-09-28T13:02:20Z
2012,REG,NE,4,00-0027994,RB,Shane Vereen,Shane,Vereen,Foot,,Questionable,Foot,,Limited Participation in Practice,2012-09-28T13:02:43Z
2012,REG,NE,4,00-0027034,T,Sebastian Vollmer,Sebastian,Vollmer,Back,,Questionable,Back,,Limited Participation in Practice,2012-09-28T13:02:50Z
2012,REG,NO,4,00-0026832,LB,Jonathan Casillas,Jonathan,Casillas,Neck,,Out,Neck,,Did Not Participate In Practice,2012-09-28T13:30:14Z
2012,REG,NO,4,00-0025999,LB,David Hawthorne,David,Hawthorne,Hamstring,,Out,Hamstring,,Did Not Participate In Practice,2012-09-28T13:30:49Z
2012,REG,NO,4,00-0025441,DE,Turk McBride,Turk,McBride,Ankle,,Out,Ankle,,Did Not Participate In Practice,2012-09-28T13:31:16Z
2012,REG,NYG,4,00-0021922,T,David Diehl,David,Diehl,Knee,,Out,Knee,,Did Not Participate In Practice,2012-09-28T10:18:34Z
2012,REG,NYG,4,00-0029267,CB,Jayron Hosley,Jayron,Hosley,Hamstring,,Out,Hamstring,,Did Not Participate In Practice,2012-09-28T10:18:47Z
2012,REG,NYG,4,00-0026149,LB,Keith Rivers,Keith,Rivers,Hamstring,,Out,Hamstring,,Did Not Participate In Practice,2012-09-28T10:19:18Z
2012,REG,NYG,4,00-0027005,WR,Hakeem Nicks,Hakeem,Nicks,Foot,Knee,Doubtful,Foot,Knee,Did Not Participate In Practice,2012-09-28T10:18:59Z
2012,REG,NYG,4,00-0025560,CB,Michael Coe,Michael,Coe,Hamstring,,Questionable,Hamstring,,Limited Participation in Practice,2012-09-28T10:17:56Z
2012,REG,NYG,4,00-0023443,S,Antrel Rolle,Antrel,Rolle,Knee,,Questionable,Knee,,Limited Participation in Practice,2012-09-28T10:19:33Z
2012,REG,NYG,4,00-0025637,RB,Ahmad Bradshaw,Ahmad,Bradshaw,Neck,,Probable,Neck,,Full Participation in Practice,2012-09-28T10:17:46Z
2012,REG,NYG,4,00-0024345,WR,Domenik Hixon,Domenik,Hixon,Concussion,,Probable,Concussion,,Full Participation in Practice,2012-09-28T10:17:46Z
2012,REG,NYG,4,00-0029366,DE,Adewale Ojomo,Adewale,Ojomo,Hamstring,,Probable,Hamstring,,Full Participation in Practice,2012-09-28T10:17:46Z
2012,REG,NYG,4,00-0023478,CB,Corey Webster,Corey,Webster,Hand,,Probable,Hand,,Full Participation in Practice,2012-09-28T10:17:46Z
2012,REG,NYJ,4,00-0025401,CB,Darrelle Revis,Darrelle,Revis,Knee,,Out,Knee,,Out (Definitely Will Not Play),2012-09-28T11:18:50Z
2012,REG,NYJ,4,00-0028995,WR,Stephen Hill,Stephen,Hill,Hamstring,,Doubtful,Hamstring,,Did Not Participate In Practice,2012-09-28T11:26:09Z
2012,REG,NYJ,4,00-0027739,RB,John Conner,John,Conner,Knee,,Questionable,Knee,,Limited Participation in Practice,2012-09-28T11:18:42Z
2012,REG,NYJ,4,00-0026170,TE,Dustin Keller,Dustin,Keller,Hamstring,,Questionable,Hamstring,,Limited Participation in Practice,2012-09-28T11:18:11Z
2012,REG,NYJ,4,00-0020873,LB,Bart Scott,Bart,Scott,Toe,,Questionable,Toe,,Limited Participation in Practice,2012-09-28T11:26:33Z
2012,REG,NYJ,4,00-0021081,LB,Bryan Thomas,Bryan,Thomas,Hamstring,,Questionable,Hamstring,,Limited Participation in Practice,2012-09-28T11:18:25Z
2012,REG,NYJ,4,00-0027059,WR,Patrick Turner,Patrick,Turner,Hamstring,,Questionable,Hamstring,,Limited Participation in Practice,2012-09-28T11:18:04Z
2012,REG,NYJ,4,00-0028292,LB,Nick Bellore,Nick,Bellore,Shoulder,,Probable,Shoulder,,Full Participation in Practice,2012-09-28T11:17:35Z
2012,REG,NYJ,4,00-0024234,CB,Antonio Cromartie,Antonio,Cromartie,Shoulder,,Probable,Shoulder,,Full Participation in Practice,2012-09-28T11:17:35Z
2012,REG,NYJ,4,00-0025689,DT,Mike Devito,Mike,Devito,Calf,,Probable,Calf,,Full Participation in Practice,2012-09-28T11:17:35Z
2012,REG,NYJ,4,00-0027297,T,Austin Howard,Austin,Howard,Back,,Probable,Back,,Full Participation in Practice,2012-09-28T11:17:56Z
2012,REG,NYJ,4,00-0025393,S,LaRon Landry,LaRon,Landry,Heel,,Probable,Heel,,Full Participation in Practice,2012-09-28T11:17:35Z
2012,REG,NYJ,4,00-0027144,CB,Ellis Lankster,Ellis,Lankster,Back,,Probable,Back,,Full Participation in Practice,2012-09-28T11:17:35Z
2012,REG,NYJ,4,00-0024244,C,Nick Mangold,Nick,Mangold,Wrist,,Probable,Wrist,,Full Participation in Practice,2012-09-28T11:17:35Z
2012,REG,NYJ,4,00-0020969,G,Brandon Moore,Brandon,Moore,Hip,,Probable,Hip,,Full Participation in Practice,2012-09-28T11:17:35Z
2012,REG,NYJ,4,00-0022120,LB,Calvin Pace,Calvin,Pace,Achilles,,Probable,Achilles,,Full Participation in Practice,2012-09-28T11:17:35Z
2012,REG,NYJ,4,00-0023523,DT,Sione Pouha,Sione,Pouha,Back,,Probable,Back,,Full Participation in Practice,2012-09-28T11:17:35Z
2012,REG,NYJ,4,00-0026898,QB,Mark Sanchez,Mark,Sanchez,Back,,Probable,Back,,Full Participation in Practice,2012-09-28T11:17:35Z
2012,REG,NYJ,4,00-0026500,G,Matt Slauson,Matt,Slauson,Knee,,Probable,Knee,,Full Participation in Practice,2012-09-28T11:17:35Z
2012,REG,NYJ,4,00-0024312,S,Eric Smith,Eric,Smith,Hip,Knee,Probable,Hip,Knee,Full Participation in Practice,2012-09-28T11:17:35Z
2012,REG,NYJ,4,00-0027915,CB,Isaiah Trufant,Isaiah,Trufant,Ankle,,Probable,Ankle,,Full Participation in Practice,2012-09-28T11:17:35Z
2012,REG,OAK,4,00-0023487,T,Khalif Barnes,Khalif,Barnes,Groin,,Out,Groin,,Did Not Participate In Practice,2012-09-28T13:04:23Z
2012,REG,OAK,4,00-0022843,CB,Shawntae Spencer,Shawntae,Spencer,Foot,,Out,Foot,,Did Not Participate In Practice,2012-09-28T13:04:58Z
2012,REG,OAK,4,00-0026983,WR,Darrius Heyward-Bey,Darrius,Heyward-Bey,Concussion,Neck,Doubtful,Concussion,Neck,Did Not Participate In Practice,2012-09-28T13:05:13Z
2012,REG,OAK,4,00-0028119,TE,Richard Gordon,Richard,Gordon,Hamstring,,Questionable,Hamstring,,Full Participation in Practice,2012-09-28T13:03:20Z
2012,REG,OAK,4,00-0027080,RB,Mike Goodson,Mike,Goodson,Hamstring,,Questionable,Hamstring,,Limited Participation in Practice,2012-09-28T13:04:44Z
2012,REG,OAK,4,00-0027135,TE,Brandon Myers,Brandon,Myers,Concussion,,Questionable,Concussion,,Limited Participation in Practice,2012-09-28T13:05:24Z
2012,REG,OAK,4,00-0029129,WR,Rod Streater,Rod,Streater,Eye,Neck,Questionable,Eye,Neck,Limited Participation in Practice,2012-09-28T13:06:34Z
2012,REG,OAK,4,00-0028179,TE,David Ausberry,David,Ausberry,Shoulder,,Probable,Shoulder,,Full Participation in Practice,2012-09-28T13:04:02Z
2012,REG,OAK,4,00-0024222,S,Michael Huff,Michael,Huff,Knee,,Probable,Knee,,Full Participation in Practice,2012-09-28T13:01:50Z
2012,REG,OAK,4,00-0027411,C,Alex Parsons,Alex,Parsons,Shoulder,,Probable,Shoulder,,Full Participation in Practice,2012-09-28T13:07:04Z
2012,REG,OAK,4,00-0019646,K,Sebastian Janikowski,Sebastian,Janikowski,left Groin,,Probable,left Groin,,Limited Participation in Practice,2012-09-28T13:01:50Z
2012,REG,OAK,4,00-0022539,DT,Tommy Kelly,Tommy,Kelly,Knee,,Probable,Knee,,Limited Participation in Practice,2012-09-28T13:01:50Z
2012,REG,OAK,4,00-0026144,RB,Darren McFadden,Darren,McFadden,Shoulder,,Probable,Shoulder,,Limited Participation in Practice,2012-09-28T13:01:50Z
2012,REG,OAK,4,00-0020442,DT,Richard Seymour,Richard,Seymour,Knee,,Probable,Knee,,Limited Participation in Practice,2012-09-28T13:01:50Z
2012,REG,PHI,4,00-0029653,DT,Fletcher Cox,Fletcher,Cox,,,,Migraine,,Full Participation in Practice,2012-09-27T13:59:05Z
2012,REG,PHI,4,00-0027865,DE,Brandon Graham,Brandon,Graham,,,,Ankle,,Full Participation in Practice,2012-09-27T13:58:31Z
2012,REG,PHI,4,00-0029409,LB,Mychal Kendricks,Mychal,Kendricks,,,,Biceps,,Full Participation in Practice,2012-09-27T13:58:31Z
2012,REG,PHI,4,00-0026370,T,King Dunlap,King,Dunlap,Hamstring,,Out,Hamstring,,Did Not Participate In Practice,2012-09-28T12:08:53Z
2012,REG,PHI,4,00-0025719,LB,Akeem Jordan,Akeem,Jordan,Hamstring,,Out,Hamstring,,Did Not Participate In Practice,2012-09-28T12:09:06Z
2012,REG,PHI,4,00-0026578,S,Colt Anderson,Colt,Anderson,Knee,,Questionable,Knee,,Full Participation in Practice,2012-09-28T12:08:35Z
2012,REG,PHI,4,00-0027758,WR,Riley Cooper,Riley,Cooper,Collarbone,,Questionable,Collarbone,,Full Participation in Practice,2012-09-28T12:09:18Z
2012,REG,PHI,4,00-0021451,LS,Jon Dorenbos,Jon,Dorenbos,Ankle,,Questionable,Ankle,,Limited Participation in Practice,2012-09-28T12:09:24Z
2012,REG,PHI,4,00-0027814,LB,Jamar Chaney,Jamar,Chaney,Knee,,Probable,Knee,,Full Participation in Practice,2012-09-28T12:08:21Z
2012,REG,PHI,4,00-0023579,DE,Trent Cole,Trent,Cole,Shoulder,,Probable,Shoulder,,Full Participation in Practice,2012-09-28T12:09:46Z
2012,REG,PHI,4,00-0029435,WR,Damaris Johnson,Damaris,Johnson,Foot,,Probable,Foot,,Full Participation in Practice,2012-09-28T12:08:21Z
2012,REG,PHI,4,00-0025553,DT,Derek Landri,Derek,Landri,Knee,,Probable,Knee,,Full Participation in Practice,2012-09-28T12:10:11Z
2012,REG,PHI,4,00-0026995,WR,Jeremy Maclin,Jeremy,Maclin,Hip,,Probable,Hip,,Full Participation in Practice,2012-09-28T12:08:21Z
2012,REG,PHI,4,00-0027029,RB,LeSean McCoy,LeSean,McCoy,Rib,,Probable,Rib,,Full Participation in Practice,2012-09-28T12:08:21Z
2012,REG,SD,4,00-0028027,CB,Shareece Wright,Shareece,Wright,Foot,,Out,Foot,,Did Not Participate In Practice,2012-09-28T12:38:48Z
2012,REG,SD,4,00-0025787,T,Jared Gaither,Jared,Gaither,Back,,Questionable,Back,,Full Participation in Practice,2012-09-28T12:39:22Z
2012,REG,SD,4,00-0022737,K,Nate Kaeding,Nate,Kaeding,Groin,,Questionable,Groin,,Limited Participation in Practice,2012-09-28T12:50:20Z
2012,REG,SD,4,00-0022707,LB,Demorrio Williams,Demorrio,Williams,Hamstring,,Questionable,Hamstring,,Limited Participation in Practice,2012-09-28T12:39:46Z
2012,REG,SD,4,00-0025521,LB,Antwan Barnes,Antwan,Barnes,Knee,,Probable,Knee,,Full Participation in Practice,2012-09-28T12:38:28Z
2012,REG,SD,4,00-0021381,CB,Quentin Jammer,Quentin,Jammer,Hand,,Probable,Hand,,Full Participation in Practice,2012-09-28T12:38:28Z
2012,REG,SEA,4,00-0028013,G,John Moffitt,John,Moffitt,Knee,,Doubtful,Knee,,Did Not Participate In Practice,2012-09-28T13:27:25Z
2012,REG,SEA,4,00-0023533,LB,LeRoy Hill,LeRoy,Hill,Calf,,Questionable,Calf,,Did Not Participate In Practice,2012-09-28T13:27:03Z
2012,REG,SEA,4,00-0029277,DT,Jaye Howard,Jaye,Howard,Foot,,Questionable,Foot,,Did Not Participate In Practice,2012-09-28T13:27:17Z
2012,REG,SEA,4,00-0027783,TE,Anthony McCoy,Anthony,McCoy,Groin,,Questionable,Groin,,Limited Participation in Practice,2012-09-28T13:27:51Z
2012,REG,SEA,4,00-0028434,WR,Doug Baldwin,Doug,Baldwin,Shoulder,,Probable,Shoulder,,Full Participation in Practice,2012-09-28T13:26:52Z
2012,REG,SEA,4,00-0026290,T,Breno Giacomini,Breno,Giacomini,Pectoral,,Probable,Pectoral,,Full Participation in Practice,2012-09-28T13:26:52Z
2012,REG,SEA,4,00-0026194,DE,Jason Jones,Jason,Jones,Knee,,Probable,Knee,,Full Participation in Practice,2012-09-28T13:26:52Z
2012,REG,SEA,4,00-0028111,CB,Byron Maxwell,Byron,Maxwell,Hamstring,,Probable,Hamstring,,Full Participation in Practice,2012-09-28T13:26:52Z
2012,REG,SEA,4,00-0029308,DE,Greg Scruggs,Greg,Scruggs,Wrist,,Probable,Wrist,,Full Participation in Practice,2012-09-28T13:26:52Z
2012,REG,SF,4,00-0022863,DT,Isaac Sopoaga,Isaac,Sopoaga,Ankle,Knee,Questionable,Ankle,Knee,Did Not Participate In Practice,2012-09-28T12:43:14Z
2012,REG,SF,4,00-0025396,WR,Ted Ginn,Ted,Ginn,Ankle,,Questionable,Ankle,,Limited Participation in Practice,2012-09-28T12:42:55Z
2012,REG,SF,4,00-0023545,RB,Brandon Jacobs,Brandon,Jacobs,Knee,,Questionable,Knee,,Limited Participation in Practice,2012-09-28T12:43:04Z
2012,REG,SF,4,00-0024221,TE,Vernon Davis,Vernon,Davis,Back,,Probable,Back,,Full Participation in Practice,2012-09-28T12:43:35Z
2012,REG,SF,4,00-0022824,P,Andy Lee,Andy,Lee,Hand,,Probable,Hand,,Full Participation in Practice,2012-09-28T12:42:40Z
2012,REG,SF,4,00-0025398,LB,Patrick Willis,Patrick,Willis,Ankle,,Probable,Ankle,,Full Participation in Practice,2012-09-28T12:42:40Z
2012,REG,STL,4,00-0027787,DE,Eugene Sims,Eugene,Sims,,,,Illness,,Full Participation in Practice,2012-09-27T13:32:50Z
2012,REG,STL,4,00-0028871,S,Matt Daniels,Matt,Daniels,Hamstring,,Out,Hamstring,,Did Not Participate In Practice,2012-09-28T12:41:29Z
2012,REG,STL,4,00-0027648,T,Rodger Saffold,Rodger,Saffold,Knee,,Out,Knee,,Did Not Participate In Practice,2012-09-28T12:42:00Z
2012,REG,STL,4,00-0028878,DT,Matt Conrath,Matt,Conrath,Knee,,Doubtful,Knee,,Did Not Participate In Practice,2012-09-28T12:41:11Z
2012,REG,STL,4,00-0022000,T,Wayne Hunter,Wayne,Hunter,Knee,,Questionable,Knee,,Did Not Participate In Practice,2012-09-28T12:41:37Z
2012,REG,STL,4,00-0029630,DT,Michael Brockers,Michael,Brockers,Ankle,,Questionable,Ankle,,Limited Participation in Practice,2012-09-28T12:41:02Z
2012,REG,STL,4,00-0022736,RB,Steven Jackson,Steven,Jackson,Groin,,Questionable,Groin,,Limited Participation in Practice,2012-09-28T12:41:50Z
2012,REG,TB,4,00-0028160,CB,Anthony Gaitor,Anthony,Gaitor,Hamstring,,Out,Hamstring,,Did Not Participate In Practice,2012-09-28T12:46:21Z
2012,REG,TB,4,00-0026945,CB,E.J. Biggers,E.J.,Biggers,Foot,,Probable,Foot,,Full Participation in Practice,2012-09-28T12:46:13Z
2012,REG,TB,4,00-0029087,CB,Leonard Johnson,Leonard,Johnson,Back,,Probable,Back,,Full Participation in Practice,2012-09-28T12:46:13Z
2012,REG,TB,4,00-0027812,LB,Dekoda Watson,Dekoda,Watson,Chest,,Probable,Chest,,Full Participation in Practice,2012-09-28T12:46:13Z
2012,REG,TB,4,00-0026304,G,Carl Nicks,Carl,Nicks,Toe,,Probable,Toe,,Limited Participation in Practice,2012-09-28T12:46:13Z
2012,REG,TEN,4,00-0020466,G,Steve Hutchinson,Steve,Hutchinson,,,,Not Injury Related,,Did Not Participate In Practice,2012-09-27T13:43:13Z
2012,REG,TEN,4,00-0025629,DE,Keyunta Dawson,Keyunta,Dawson,,,,Hamstring,,Out (Definitely Will Not Play),2012-09-26T13:50:15Z
2012,REG,TEN,4,00-0028047,LB,Colin McCarthy,Colin,McCarthy,Ankle,,Out,Ankle,,Did Not Participate In Practice,2012-09-28T11:32:51Z
2012,REG,TEN,4,00-0027006,WR,Kenny Britt,Kenny,Britt,Ankle,,Questionable,Ankle,,Did Not Participate In Practice,2012-09-28T11:32:20Z
2012,REG,TEN,4,00-0029544,DT,Mike Martin,Mike,Martin,Foot,,Questionable,Foot,,Full Participation in Practice,2012-09-28T11:32:44Z
2012,REG,TEN,4,00-0025610,T,Mike Otto,Mike,Otto,Knee,Finger,Questionable,Knee,Finger,Full Participation in Practice,2012-09-28T11:33:01Z
2012,REG,TEN,4,00-0027061,TE,Jared Cook,Jared,Cook,Shoulder,,Questionable,Shoulder,,Limited Participation in Practice,2012-09-28T11:32:26Z
2012,REG,TEN,4,00-0025502,G,Leroy Harris,Leroy,Harris,Knee,,Probable,Knee,,Full Participation in Practice,2012-09-28T11:32:13Z
2012,REG,TEN,4,00-0027120,RB,Javon Ringer,Javon,Ringer,Elbow,,Probable,Elbow,,Full Participation in Practice,2012-09-28T11:32:13Z
2012,REG,WAS,4,00-0024263,CB,Cedric Griffin,Cedric,Griffin,Hamstring,,Out,Hamstring,,Did Not Participate In Practice,2012-09-28T11:29:02Z
2012,REG,WAS,4,00-0027618,WR,Brandon Banks,Brandon,Banks,Hip,,Questionable,Hip,,Limited Participation in Practice,2012-09-28T11:28:50Z
2012,REG,WAS,4,00-0026345,WR,Pierre Garcon,Pierre,Garcon,Foot,,Questionable,Foot,,Limited Participation in Practice,2012-09-28T11:28:57Z
2012,REG,WAS,4,00-0027857,T,Trent Williams,Trent,Williams,Knee,,Questionable,Knee,,Limited Participation in Practice,2012-09-28T11:29:12Z
2012,REG,WAS,4,00-0028017,WR,Leonard Hankerson,Leonard,Hankerson,Back,,Probable,Back,,Full Participation in Practice,2012-09-28T11:28:44Z
2012,REG,WAS,4,00-0025411,S,Brandon Meriweather,Brandon,Meriweather,Knee,,Probable,Knee,,Full Participation in Practice,2012-09-28T11:28:44Z
2012,REG,WAS,4,00-0028115,RB,Evan Royster,Evan,Royster,Knee,,Probable,Knee,,Full Participation in Practice,2012-09-28T11:28:44Z
2012,REG,ARI,5,00-0027754,QB,John Skelton,John,Skelton,Ankle,,Questionable,Ankle,,Full Participation in Practice,2012-10-03T12:39:57Z
2012,REG,ARI,5,00-0025668,CB,Michael Adams,Michael,Adams,Hamstring,,Questionable,Hamstring,,Limited Participation in Practice,2012-10-03T12:39:12Z
2012,REG,ARI,5,00-0022930,DT,Darnell Dockett,Darnell,Dockett,Hamstring,,Questionable,Hamstring,,Limited Participation in Practice,2012-10-03T12:39:18Z
2012,REG,ARI,5,00-0027825,TE,Jim Dray,Jim,Dray,Knee,,Questionable,Knee,,Limited Participation in Practice,2012-10-03T12:39:28Z
2012,REG,ARI,5,00-0026192,LB,Quentin Groves,Quentin,Groves,Hamstring,,Questionable,Hamstring,,Limited Participation in Practice,2012-10-03T12:39:34Z
2012,REG,ARI,5,00-0020516,TE,Todd Heap,Todd,Heap,Knee,,Questionable,Knee,,Limited Participation in Practice,2012-10-03T12:39:40Z
2012,REG,ARI,5,00-0019104,LB,Paris Lenon,Paris,Lenon,Knee,,Questionable,Knee,,Limited Participation in Practice,2012-10-03T12:39:45Z
2012,REG,ARI,5,00-0026956,RB,LaRod Stephens-Howling,LaRod,Stephens-Howling,Hip,,Questionable,Hip,,Limited Participation in Practice,2012-10-03T12:40:06Z
2012,REG,ARI,5,00-0027877,DT,Dan Williams,Dan,Williams,Foot,,Questionable,Foot,,Limited Participation in Practice,2012-10-03T12:40:15Z
2012,REG,ARI,5,00-0027067,S,Rashad Johnson,Rashad,Johnson,Hamstring,,Probable,Hamstring,,Full Participation in Practice,2012-10-03T12:39:00Z
2012,REG,ARI,5,00-0023567,S,James Sanders,James,Sanders,Calf,,Probable,Calf,,Full Participation in Practice,2012-10-03T12:39:00Z
2012,REG,ARI,5,00-0020505,S,Adrian Wilson,Adrian,Wilson,Ankle,Groin,Probable,Ankle,Groin,Full Participation in Practice,2012-10-03T12:39:00Z
2012,REG,ARI,5,00-0021235,P,Dave Zastudil,Dave,Zastudil,right Calf,,Probable,right Calf,,Full Participation in Practice,2012-10-03T12:39:00Z
2012,REG,ARI,5,00-0027730,LB,O'Brien Schofield,O'Brien,Schofield,Knee,,Probable,Knee,,Limited Participation in Practice,2012-10-03T12:39:00Z
2012,REG,ARI,5,00-0028074,RB,Anthony Sherman,Anthony,Sherman,Hamstring,,Probable,Hamstring,,Limited Participation in Practice,2012-10-03T12:39:00Z
2012,REG,ARI,5,00-0023529,G,Adam Snyder,Adam,Snyder,Elbow,,Probable,Elbow,,Limited Participation in Practice,2012-10-03T12:39:00Z
2012,REG,ATL,5,00-0027202,TE,Michael Palmer,Michael,Palmer,Shoulder,,Out,Shoulder,,Did Not Participate In Practice,2012-10-05T10:21:02Z
2012,REG,ATL,5,00-0010711,C,Todd McClure,Todd,McClure,Pectoral,,Questionable,Pectoral,,Limited Participation in Practice,2012-10-05T10:20:30Z
2012,REG,ATL,5,00-0027031,S,William Moore,William,Moore,Hip,,Questionable,Hip,,Limited Participation in Practice,2012-10-05T10:20:45Z
2012,REG,ATL,5,00-0022405,RB,Lousaka Polite,Lousaka,Polite,Hamstring,,Questionable,Hamstring,,Limited Participation in Practice,2012-10-05T10:20:54Z
2012,REG,ATL,5,00-0023494,DT,Jonathan Babineaux,Jonathan,Babineaux,Groin,,Probable,Groin,,Full Participation in Practice,2012-10-05T10:20:05Z
2012,REG,ATL,5,00-0027944,WR,Julio Jones,Julio,Jones,Hand,,Probable,Hand,,Full Participation in Practice,2012-10-05T10:20:05Z
2012,REG,ATL,5,00-0025496,LB,Stephen Nicholas,Stephen,Nicholas,Thigh,,Probable,Thigh,,Full Participation in Practice,2012-10-05T10:20:05Z
2012,REG,ATL,5,00-0027062,CB,Christopher Owens,Christopher,Owens,Head,,Probable,Head,,Full Participation in Practice,2012-10-05T10:20:05Z
2012,REG,ATL,5,00-0026855,RB,Antone Smith,Antone,Smith,Hamstring,,Probable,Hamstring,,Full Participation in Practice,2012-10-05T10:20:05Z
2012,REG,BAL,5,00-0028023,T,Jah Reid,Jah,Reid,Calf,,Questionable,Calf,,Limited Participation in Practice,2012-10-05T10:35:53Z
2012,REG,BAL,5,00-0027996,WR,Torrey Smith,Torrey,Smith,Ankle,,Probable,Ankle,,Full Participation in Practice,2012-10-05T10:35:47Z
2012,REG,BUF,5,00-0029561,T,Cordy Glenn,Cordy,Glenn,Ankle,,Out,Ankle,,Did Not Participate In Practice,2012-10-05T09:30:50Z
2012,REG,BUF,5,00-0022610,DT,Spencer Johnson,Spencer,Johnson,Ankle,,Out,Ankle,,Did Not Participate In Practice,2012-10-05T09:30:55Z
2012,REG,BUF,5,00-0027053,G,Kraig Urbik,Kraig,Urbik,Ankle,,Out,Ankle,,Did Not Participate In Practice,2012-10-05T09:30:59Z
2012,REG,BUF,5,00-0026236,G,Chad Rinehart,Chad,Rinehart,Calf,,Questionable,Calf,,Did Not Participate In Practice,2012-10-05T09:31:32Z
2012,REG,BUF,5,00-0027018,S,Jairus Byrd,Jairus,Byrd,Hip,,Questionable,Hip,,Limited Participation in Practice,2012-10-05T09:31:08Z
2012,REG,BUF,5,00-0022421,WR,Ruvell Martin,Ruvell,Martin,Ankle,,Questionable,Ankle,,Limited Participation in Practice,2012-10-05T09:31:15Z
2012,REG,BUF,5,00-0025516,TE,Scott Chandler,Scott,Chandler,Head,,Probable,Head,,Full Participation in Practice,2012-10-05T09:31:49Z
2012,REG,BUF,5,00-0027518,WR,Donald Jones,Donald,Jones,Head,,Probable,Head,,Full Participation in Practice,2012-10-05T09:32:01Z
2012,REG,CAR,5,00-0026199,G,Mike Pollak,Mike,Pollak,Shoulder,,Out,Shoulder,,Out (Definitely Will Not Play),2012-10-05T11:34:18Z
2012,REG,CAR,5,00-0025412,LB,Jon Beason,Jon,Beason,Knee,,Doubtful,Knee,,Did Not Participate In Practice,2012-10-05T11:34:44Z
2012,REG,CAR,5,00-0022914,CB,Chris Gamble,Chris,Gamble,Shoulder,,Doubtful,Shoulder,,Did Not Participate In Practice,2012-10-05T11:35:00Z
2012,REG,CAR,5,00-0023602,G,Geoff Hangartner,Geoff,Hangartner,Knee,,Questionable,Knee,,Did Not Participate In Practice,2012-10-05T11:35:53Z
2012,REG,CAR,5,00-0029270,DE,Frank Alexander,Frank,Alexander,Back,,Probable,Back,,Full Participation in Practice,2012-10-05T11:35:26Z
2012,REG,CAR,5,00-0024734,DE,Antwan Applewhite,Antwan,Applewhite,Knee,,Probable,Knee,,Full Participation in Practice,2012-10-05T11:36:20Z
2012,REG,CAR,5,00-0028128,S,Colin Jones,Colin,Jones,Shoulder,,Probable,Shoulder,,Full Participation in Practice,2012-10-05T11:36:43Z
2012,REG,CHI,5,00-0019456,LB,Brian Urlacher,Brian,Urlacher,,,,Not Injury Related,,Did Not Participate In Practice,2012-10-04T14:11:48Z
2012,REG,CHI,5,00-0029276,LB,Evan Rodriguez,Evan,Rodriguez,Knee,,Out,Knee,,Did Not Participate In Practice,2012-10-05T11:27:14Z
2012,REG,CHI,5,00-0026210,WR,Earl Bennett,Earl,Bennett,Hand,,Questionable,Hand,,Limited Participation in Practice,2012-10-05T11:27:03Z
2012,REG,CHI,5,00-0026184,RB,Matt Forte,Matt,Forte,Ankle,,Probable,Ankle,,Full Participation in Practice,2012-10-05T11:26:49Z
2012,REG,CHI,5,00-0021140,DE,Julius Peppers,Julius,Peppers,Ankle,,Probable,Ankle,,Limited Participation in Practice,2012-10-05T11:26:49Z
2012,REG,CIN,5,00-0024231,CB,Jason Allen,Jason,Allen,Quadricep,,Doubtful,Quadricep,,Did Not Participate In Practice,2012-10-05T10:15:03Z
2012,REG,CIN,5,00-0029560,CB,Dre Kirkpatrick,Dre,Kirkpatrick,Knee,,Doubtful,Knee,,Limited Participation in Practice,2012-10-05T10:15:10Z
2012,REG,CIN,5,00-0028912,LB,Vontaze Burfict,Vontaze,Burfict,Hamstring,,Probable,Hamstring,,Full Participation in Practice,2012-10-05T10:13:04Z
2012,REG,CIN,5,00-0020495,CB,Nate Clements,Nate,Clements,Calf,,Probable,Calf,,Full Participation in Practice,2012-10-05T10:13:04Z
2012,REG,CIN,5,00-0027662,DE,Carlos Dunlap,Carlos,Dunlap,Groin,,Probable,Groin,,Full Participation in Practice,2012-10-05T10:13:04Z
2012,REG,CIN,5,00-0022157,C,Jeff Faine,Jeff,Faine,Hamstring,,Probable,Hamstring,,Full Participation in Practice,2012-10-05T10:13:04Z
2012,REG,CIN,5,00-0025405,CB,Leon Hall,Leon,Hall,Hamstring,,Probable,Hamstring,,Full Participation in Practice,2012-10-05T10:13:04Z
2012,REG,CIN,5,00-0026941,RB,Bernard Scott,Bernard,Scott,Ankle,,Probable,Ankle,,Full Participation in Practice,2012-10-05T10:13:04Z
2012,REG,CIN,5,00-0026725,LB,Dan Skuta,Dan,Skuta,Back,,Probable,Back,,Full Participation in Practice,2012-10-05T10:13:04Z
2012,REG,CIN,5,00-0024270,T,Andrew Whitworth,Andrew,Whitworth,Knee,,Probable,Knee,,Full Participation in Practice,2012-10-05T10:13:04Z
2012,REG,CLE,5,00-0029279,LB,James-Michael Johnson,James-Michael,Johnson,,,,Ribs,Oblique,Limited Participation in Practice,2012-10-04T12:42:57Z
2012,REG,CLE,5,00-0028924,S,Tashaun Gipson,Tashaun,Gipson,Knee,,Out,Knee,,Did Not Participate In Practice,2012-10-05T11:11:54Z
2012,REG,CLE,5,00-0023506,TE,Alex Smith,Alex,Smith,Head,,Out,Head,,Did Not Participate In Practice,2012-10-05T11:12:19Z
2012,REG,CLE,5,00-0029269,WR,Travis Benjamin,Travis,Benjamin,Hamstring,,Doubtful,Hamstring,,Did Not Participate In Practice,2012-10-05T11:11:35Z
2012,REG,CLE,5,00-0027026,WR,Mohamed Massaquoi,Mohamed,Massaquoi,Hamstring,,Doubtful,Hamstring,,Did Not Participate In Practice,2012-10-05T11:12:08Z
2012,REG,CLE,5,00-0027653,S,T.J. Ward,T.J.,Ward,Hand,,Questionable,Hand,,Limited Participation in Practice,2012-10-05T11:12:35Z
2012,REG,CLE,5,00-0029675,RB,Trent Richardson,Trent,Richardson,Not Injury Related,,Probable,Not Injury Related,,Did Not Participate In Practice,2012-10-05T11:16:52Z
2012,REG,CLE,5,00-0023176,WR,Joshua Cribbs,Joshua,Cribbs,Head,,Probable,Head,,Full Participation in Practice,2012-10-05T11:11:26Z
2012,REG,CLE,5,00-0024306,DE,Frostee Rucker,Frostee,Rucker,Shoulder,,Probable,Shoulder,,Full Participation in Practice,2012-10-05T11:11:26Z
2012,REG,CLE,5,00-0025453,S,Usama Young,Usama,Young,Knee,,Probable,Knee,,Full Participation in Practice,2012-10-05T11:11:26Z
2012,REG,CLE,5,00-0023316,S,Raymond Ventrone,Raymond,Ventrone,Hand,Calf,Probable,Hand,Calf,Limited Participation in Practice,2012-10-05T11:11:26Z
2012,REG,DEN,5,00-0028224,CB,Chris Harris,Chris,Harris,Ankle,,Probable,Ankle,,Full Participation in Practice,2012-10-05T11:06:52Z
2012,REG,DEN,5,00-0028005,LB,Nate Irving,Nate,Irving,Concussion,,Probable,Concussion,,Full Participation in Practice,2012-10-05T11:06:52Z
2012,REG,DEN,5,00-0024375,G,Chris Kuper,Chris,Kuper,Forearm,,Probable,Forearm,,Full Participation in Practice,2012-10-05T11:06:52Z
2012,REG,DEN,5,00-0026180,CB,Tracy Porter,Tracy,Porter,Shoulder,,Probable,Shoulder,,Full Participation in Practice,2012-10-05T11:06:52Z
2012,REG,DEN,5,00-0024756,WR,Matt Willis,Matt,Willis,Hamstring,,Probable,Hamstring,,Full Participation in Practice,2012-10-05T11:06:52Z
2012,REG,GB,5,00-0027078,G,T.J. Lang,T.J.,Lang,,,,Not Injury Related,,Did Not Participate In Practice,2012-10-04T13:10:10Z
2012,REG,GB,5,00-0029201,S,Sean Richardson,Sean,Richardson,Hamstring,,Out,Hamstring,,Did Not Participate In Practice,2012-10-05T12:06:28Z
2012,REG,GB,5,00-0024267,WR,Greg Jennings,Greg,Jennings,Groin,,Out,Groin,,Out (Definitely Will Not Play),2012-10-05T12:06:15Z
2012,REG,GB,5,00-0028069,CB,Davon House,Davon,House,Shoulder,,Questionable,Shoulder,,Full Participation in Practice,2012-10-05T12:06:07Z
2012,REG,GB,5,00-0028598,S,M.D. Jennings,M.D.,Jennings,Neck,,Probable,Neck,,Full Participation in Practice,2012-10-05T12:05:52Z
2012,REG,GB,5,00-0020515,DT,Ryan Pickett,Ryan,Pickett,Shoulder,Knee,Probable,Shoulder,Knee,Limited Participation in Practice,2012-10-05T12:05:52Z
2012,REG,HOU,5,00-0026257,S,Quintin Demps,Quintin,Demps,Thumb,Forearm,Out,Thumb,Forearm,Did Not Participate In Practice,2012-10-06T11:02:00Z
2012,REG,HOU,5,00-0028542,WR,Lestar Jean,Lestar,Jean,Knee,,Out,Knee,,Did Not Participate In Practice,2012-10-06T11:02:08Z
2012,REG,HOU,5,00-0027890,RB,Ben Tate,Ben,Tate,Toe,,Questionable,Toe,,Limited Participation in Practice,2012-10-06T11:02:25Z
2012,REG,HOU,5,00-0028533,LB,Mister Alexander,Mister,Alexander,Hip,,Probable,Hip,,Full Participation in Practice,2012-10-06T11:01:29Z
2012,REG,HOU,5,00-0028536,LB,Bryan Braman,Bryan,Braman,Hamstring,Neck,Probable,Hamstring,Neck,Full Participation in Practice,2012-10-06T11:01:29Z
2012,REG,HOU,5,00-0027051,G,Antoine Caldwell,Antoine,Caldwell,Ankle,Knee,Probable,Ankle,Knee,Full Participation in Practice,2012-10-06T11:01:29Z
2012,REG,HOU,5,00-0023472,DT,Shaun Cody,Shaun,Cody,Back,,Probable,Back,,Full Participation in Practice,2012-10-06T11:01:29Z
2012,REG,HOU,5,00-0024313,TE,Owen Daniels,Owen,Daniels,Thigh,,Probable,Thigh,,Full Participation in Practice,2012-10-06T11:01:29Z
2012,REG,HOU,5,00-0024365,LB,Tim Dobbins,Tim,Dobbins,Hamstring,,Probable,Hamstring,,Full Participation in Practice,2012-10-06T11:01:29Z
2012,REG,HOU,5,00-0026796,RB,Arian Foster,Arian,Foster,Hamstring,,Probable,Hamstring,,Full Participation in Practice,2012-10-06T11:01:29Z
2012,REG,HOU,5,00-0022137,LB,Bradie James,Bradie,James,Thigh,,Probable,Thigh,,Full Participation in Practice,2012-10-06T11:01:29Z
2012,REG,HOU,5,00-0022044,WR,Andre Johnson,Andre,Johnson,Groin,,Probable,Groin,,Full Participation in Practice,2012-10-06T11:01:29Z
2012,REG,HOU,5,00-0028082,S,Shiloh Keo,Shiloh,Keo,Neck,,Probable,Neck,,Full Participation in Practice,2012-10-06T11:01:29Z
2012,REG,HOU,5,00-0023633,C,Chris Myers,Chris,Myers,Back,,Probable,Back,,Full Participation in Practice,2012-10-06T11:01:29Z
2012,REG,HOU,5,00-0026417,LB,Jesse Nading,Jesse,Nading,Foot,,Probable,Foot,,Full Participation in Practice,2012-10-06T11:01:29Z
2012,REG,HOU,5,00-0022793,DE,Antonio Smith,Antonio,Smith,Ankle,,Probable,Ankle,,Full Participation in Practice,2012-10-06T11:01:29Z
2012,REG,HOU,5,00-0022131,G,Wade Smith,Wade,Smith,Knee,,Probable,Knee,,Limited Participation in Practice,2012-10-06T11:01:29Z
2012,REG,IND,5,00-0027892,LB,Pat Angerer,Pat,Angerer,Foot,,Out,Foot,,Did Not Participate In Practice,2012-10-05T11:51:55Z
2012,REG,IND,5,00-0027001,CB,Vontae Davis,Vontae,Davis,Ankle,,Out,Ankle,,Did Not Participate In Practice,2012-10-05T11:52:06Z
2012,REG,IND,5,00-0026241,CB,Justin King,Justin,King,Groin,,Out,Groin,,Did Not Participate In Practice,2012-10-05T11:52:35Z
2012,REG,IND,5,00-0027096,G,Seth Olsen,Seth,Olsen,Knee,,Out,Knee,,Did Not Participate In Practice,2012-10-05T11:52:59Z
2012,REG,IND,5,00-0026408,G,Joe Reitz,Joe,Reitz,Knee,,Out,Knee,,Did Not Participate In Practice,2012-10-05T11:53:07Z
2012,REG,IND,5,00-0029697,TE,Coby Fleener,Coby,Fleener,Head,,Questionable,Head,,Full Participation in Practice,2012-10-05T11:52:16Z
2012,REG,IND,5,00-0021146,LB,Dwight Freeney,Dwight,Freeney,Ankle,,Questionable,Ankle,,Limited Participation in Practice,2012-10-05T11:52:25Z
2012,REG,IND,5,00-0022217,RB,Mewelde Moore,Mewelde,Moore,Ankle,,Questionable,Ankle,,Limited Participation in Practice,2012-10-05T11:52:49Z
2012,REG,IND,5,00-0025447,C,Samson Satele,Samson,Satele,Knee,,Questionable,Knee,,Limited Participation in Practice,2012-10-05T11:53:18Z
2012,REG,IND,5,00-0022059,LB,Robert Mathis,Robert,Mathis,Ankle,,Probable,Ankle,,Full Participation in Practice,2012-10-05T11:51:45Z
2012,REG,JAX,5,00-0027862,DT,Tyson Alualu,Tyson,Alualu,,,,Not Injury Related,,Full Participation in Practice,2012-10-04T13:49:15Z
2012,REG,JAX,5,00-0018956,C,Brad Meester,Brad,Meester,,,,Not Injury Related,,Full Participation in Practice,2012-10-04T13:49:21Z
2012,REG,JAX,5,00-0025462,WR,Laurent Robinson,Laurent,Robinson,Concussion,,Out,Concussion,,Did Not Participate In Practice,2012-10-05T11:42:27Z
2012,REG,JAX,5,00-0022839,LB,Daryl Smith,Daryl,Smith,Groin,,Out,Groin,,Did Not Participate In Practice,2012-10-05T11:42:35Z
2012,REG,JAX,5,00-0027818,DE,George Selvie,George,Selvie,Knee,,Questionable,Knee,,Limited Participation in Practice,2012-10-05T11:42:44Z
2012,REG,KC,5,00-0026145,DE,Glenn Dorsey,Glenn,Dorsey,Calf,,Out,Calf,,Did Not Participate In Practice,2012-10-05T11:03:20Z
2012,REG,KC,5,00-0026367,RB,Peyton Hillis,Peyton,Hillis,Ankle,,Out,Ankle,,Did Not Participate In Practice,2012-10-05T11:03:36Z
2012,REG,KC,5,00-0029274,WR,Devon Wylie,Devon,Wylie,Hamstring,,Out,Hamstring,,Did Not Participate In Practice,2012-10-05T11:04:45Z
2012,REG,KC,5,00-0028056,CB,Jalil Brown,Jalil,Brown,Hamstring,,Doubtful,Hamstring,,Did Not Participate In Practice,2012-10-05T11:03:13Z
2012,REG,KC,5,00-0027736,S,Kendrick Lewis,Kendrick,Lewis,Shoulder,,Questionable,Shoulder,,Full Participation in Practice,2012-10-05T11:04:08Z
2012,REG,KC,5,00-0023449,LB,Derrick Johnson,Derrick,Johnson,Groin,,Questionable,Groin,,Limited Participation in Practice,2012-10-05T11:03:50Z
2012,REG,KC,5,00-0026016,DE,Ropati Pitoitua,Ropati,Pitoitua,Elbow,,Questionable,Elbow,,Limited Participation in Practice,2012-10-05T11:04:35Z
2012,REG,KC,5,00-0027964,WR,Jon Baldwin,Jon,Baldwin,Hamstring,,Probable,Hamstring,,Full Participation in Practice,2012-10-05T11:02:54Z
2012,REG,KC,5,00-0026175,CB,Brandon Flowers,Brandon,Flowers,Heel,,Probable,Heel,,Full Participation in Practice,2012-10-05T11:02:45Z
2012,REG,KC,5,00-0022350,G,Ryan Lilja,Ryan,Lilja,Back,,Probable,Back,,Full Participation in Practice,2012-10-05T11:02:45Z
2012,REG,MIA,5,00-0024273,CB,Richard Marshall,Richard,Marshall,Back,,Out,Back,,Did Not Participate In Practice,2012-10-05T10:45:18Z
2012,REG,MIA,5,00-0023477,LB,Kevin Burnett,Kevin,Burnett,Foot,,Probable,Foot,,Full Participation in Practice,2012-10-05T10:45:06Z
2012,REG,MIA,5,00-0024217,RB,Reggie Bush,Reggie,Bush,Hip,,Probable,Hip,,Full Participation in Practice,2012-10-05T10:45:06Z
2012,REG,MIA,5,00-0027744,CB,Nolan Carroll,Nolan,Carroll,Achilles,,Probable,Achilles,,Full Participation in Practice,2012-10-05T10:45:06Z
2012,REG,MIA,5,00-0024102,DT,Tony McDaniel,Tony,McDaniel,Knee,,Probable,Knee,,Full Participation in Practice,2012-10-05T10:45:06Z
2012,REG,MIA,5,00-0027356,WR,Marlon Moore,Marlon,Moore,Hamstring,,Probable,Hamstring,,Full Participation in Practice,2012-10-05T10:45:06Z
2012,REG,MIA,5,00-0025495,DT,Paul Soliai,Paul,Soliai,Ankle,,Probable,Ankle,,Full Participation in Practice,2012-10-05T10:45:06Z
2012,REG,MIA,5,00-0027843,LB,Austin Spitler,Austin,Spitler,Groin,,Probable,Groin,,Full Participation in Practice,2012-10-05T10:45:06Z
2012,REG,MIA,5,00-0029701,QB,Ryan Tannehill,Ryan,Tannehill,right Thumb,,Probable,right Thumb,,Full Participation in Practice,2012-10-05T10:56:25Z
2012,REG,MIN,5,00-0028108,S,Mistral Raymond,Mistral,Raymond,Ankle,,Out,Ankle,,Did Not Participate In Practice,2012-10-05T10:54:58Z
2012,REG,MIN,5,00-0027914,S,Andrew Sendejo,Andrew,Sendejo,Ankle,,Out,Ankle,,Did Not Participate In Practice,2012-10-05T10:55:07Z
2012,REG,MIN,5,00-0025607,LB,Marvin Mitchell,Marvin,Mitchell,Calf,,Doubtful,Calf,,Did Not Participate In Practice,2012-10-05T10:54:12Z
2012,REG,MIN,5,00-0025945,LB,Erin Henderson,Erin,Henderson,Concussion,,Questionable,Concussion,,Full Participation in Practice,2012-10-05T10:54:50Z
2012,REG,MIN,5,00-0022781,WR,Michael Jenkins,Michael,Jenkins,Rib,,Questionable,Rib,,Full Participation in Practice,2012-10-05T10:54:40Z
2012,REG,MIN,5,00-0022740,DE,Jared Allen,Jared,Allen,Groin,,Probable,Groin,,Full Participation in Practice,2012-10-05T10:54:00Z
2012,REG,MIN,5,00-0024413,G,Charlie Johnson,Charlie,Johnson,Back,,Probable,Back,,Full Participation in Practice,2012-10-05T10:54:00Z
2012,REG,MIN,5,00-0027950,QB,Christian Ponder,Christian,Ponder,Knee,,Probable,Knee,,Full Participation in Practice,2012-10-05T10:54:00Z
2012,REG,MIN,5,00-0027547,CB,Marcus Sherels,Marcus,Sherels,Quadricep,,Probable,Quadricep,,Full Participation in Practice,2012-10-05T10:54:00Z
2012,REG,MIN,5,00-0018093,CB,Antoine Winfield,Antoine,Winfield,Knee,,Probable,Knee,,Full Participation in Practice,2012-10-05T10:54:00Z
2012,REG,NE,5,00-0027971,CB,Ras-I Dowling,Ras-I,Dowling,,,,Not Injury Related,,Did Not Participate In Practice,2012-10-04T12:59:45Z
2012,REG,NE,5,00-0019596,QB,Tom Brady,Tom,Brady,,,,right Shoulder,,Limited Participation in Practice,2012-10-04T12:58:36Z
2012,REG,NE,5,00-0027150,WR,Julian Edelman,Julian,Edelman,Hand,,Out,Hand,,Did Not Participate In Practice,2012-10-05T12:20:12Z
2012,REG,NE,5,00-0023998,S,Steve Gregory,Steve,Gregory,Hip,,Out,Hip,,Did Not Participate In Practice,2012-10-05T12:20:52Z
2012,REG,NE,5,00-0027732,TE,Michael Hoomanawanui,Michael,Hoomanawanui,Concussion,,Questionable,Concussion,,Did Not Participate In Practice,2012-10-05T12:21:40Z
2012,REG,NE,5,00-0029239,RB,Brandon Bolden,Brandon,Bolden,Knee,,Questionable,Knee,,Limited Participation in Practice,2012-10-05T12:19:40Z
2012,REG,NE,5,00-0027838,DE,Brandon Deaderick,Brandon,Deaderick,Ankle,,Questionable,Ankle,,Limited Participation in Practice,2012-10-05T12:19:54Z
2012,REG,NE,5,00-0029241,DT,Justin Francis,Justin,Francis,Ankle,,Questionable,Ankle,,Limited Participation in Practice,2012-10-05T12:20:39Z
2012,REG,NE,5,00-0027656,TE,Rob Gronkowski,Rob,Gronkowski,Hip,,Questionable,Hip,,Limited Participation in Practice,2012-10-05T12:20:59Z
2012,REG,NE,5,00-0027713,TE,Aaron Hernandez,Aaron,Hernandez,Ankle,,Questionable,Ankle,,Limited Participation in Practice,2012-10-05T12:21:13Z
2012,REG,NE,5,00-0029669,LB,Dont'a Hightower,Dont'a,Hightower,Hamstring,,Questionable,Hamstring,,Limited Participation in Practice,2012-10-05T12:21:21Z
2012,REG,NE,5,00-0023467,G,Logan Mankins,Logan,Mankins,Calf,Hip,Questionable,Calf,Hip,Limited Participation in Practice,2012-10-05T12:22:00Z
2012,REG,NE,5,00-0027435,C,Nick McDonald,Nick,McDonald,Shoulder,,Questionable,Shoulder,,Limited Participation in Practice,2012-10-05T12:22:08Z
2012,REG,NE,5,00-0028767,CB,Sterling Moore,Sterling,Moore,Knee,,Questionable,Knee,,Limited Participation in Practice,2012-10-05T12:22:25Z
2012,REG,NE,5,00-0027994,RB,Shane Vereen,Shane,Vereen,Foot,,Questionable,Foot,,Limited Participation in Practice,2012-10-05T12:22:33Z
2012,REG,NE,5,00-0027034,T,Sebastian Vollmer,Sebastian,Vollmer,Back,,Questionable,Back,,Limited Participation in Practice,2012-10-05T12:22:39Z
2012,REG,NE,5,00-0027236,DT,Kyle Love,Kyle,Love,Knee,,Probable,Knee,,Full Participation in Practice,2012-10-05T12:19:21Z
2012,REG,NO,5,00-0024229,DT,Brodrick Bunkley,Brodrick,Bunkley,,,,Illness,,Did Not Participate In Practice,2012-10-04T12:18:00Z
2012,REG,NO,5,00-0029657,DT,Akiem Hicks,Akiem,Hicks,,,,Ankle,,Full Participation in Practice,2012-10-03T12:54:15Z
2012,REG,NO,5,00-0026990,S,Malcolm Jenkins,Malcolm,Jenkins,,,,Hamstring,,Full Participation in Practice,2012-10-03T12:53:58Z
2012,REG,NO,5,00-0029205,RB,Travaris Cadet,Travaris,Cadet,Shoulder,,Out,Shoulder,,Did Not Participate In Practice,2012-10-05T11:12:47Z
2012,REG,NO,5,00-0025999,LB,David Hawthorne,David,Hawthorne,Hamstring,,Out,Hamstring,,Did Not Participate In Practice,2012-10-05T11:14:04Z
2012,REG,NO,5,00-0025441,DE,Turk McBride,Turk,McBride,Ankle,,Out,Ankle,,Did Not Participate In Practice,2012-10-05T11:14:27Z
2012,REG,NO,5,00-0023310,WR,Lance Moore,Lance,Moore,Hamstring,,Out,Hamstring,,Did Not Participate In Practice,2012-10-05T11:14:40Z
2012,REG,NO,5,00-0026832,LB,Jonathan Casillas,Jonathan,Casillas,Neck,,Questionable,Neck,,Limited Participation in Practice,2012-10-05T11:13:08Z
2012,REG,NO,5,00-0024258,S,Roman Harper,Roman,Harper,Hip,,Questionable,Hip,,Limited Participation in Practice,2012-10-05T11:13:21Z
2012,REG,NO,5,00-0028532,WR,Joe Morgan,Joe,Morgan,Knee,,Questionable,Knee,,Limited Participation in Practice,2012-10-05T11:13:55Z
2012,REG,NYG,5,00-0026902,WR,Ramses Barden,Ramses,Barden,Concussion,,Out,Concussion,,Did Not Participate In Practice,2012-10-05T10:24:39Z
2012,REG,NYG,5,00-0021261,DT,Rocky Bernard,Rocky,Bernard,Quadricep,,Out,Quadricep,,Did Not Participate In Practice,2012-10-05T10:24:46Z
2012,REG,NYG,5,00-0029267,CB,Jayron Hosley,Jayron,Hosley,Hamstring,,Out,Hamstring,,Did Not Participate In Practice,2012-10-05T10:25:20Z
2012,REG,NYG,5,00-0026171,S,Kenny Phillips,Kenny,Phillips,Knee,,Out,Knee,,Did Not Participate In Practice,2012-10-05T10:25:39Z
2012,REG,NYG,5,00-0027005,WR,Hakeem Nicks,Hakeem,Nicks,Foot,Knee,Out,Foot,Knee,Out (Definitely Will Not Play),2012-10-05T10:25:31Z
2012,REG,NYG,5,00-0021922,T,David Diehl,David,Diehl,Knee,,Doubtful,Knee,,Limited Participation in Practice,2012-10-05T10:25:09Z
2012,REG,NYG,5,00-0026149,LB,Keith Rivers,Keith,Rivers,Hamstring,,Doubtful,Hamstring,,Limited Participation in Practice,2012-10-05T10:25:57Z
2012,REG,NYG,5,00-0023593,LB,Michael Boley,Michael,Boley,Hip,,Questionable,Hip,,Limited Participation in Practice,2012-10-05T10:24:57Z
2012,REG,NYG,5,00-0023443,S,Antrel Rolle,Antrel,Rolle,Knee,,Questionable,Knee,,Limited Participation in Practice,2012-10-05T10:26:10Z
2012,REG,NYG,5,00-0022838,G,Chris Snee,Chris,Snee,Hip,,Questionable,Hip,,Limited Participation in Practice,2012-10-05T10:26:21Z
2012,REG,NYG,5,00-0023478,CB,Corey Webster,Corey,Webster,Hand,Hamstring,Questionable,Hand,Hamstring,Limited Participation in Practice,2012-10-05T10:26:30Z
2012,REG,NYG,5,00-0023468,C,David Baas,David,Baas,Hand,,Probable,Hand,,Full Participation in Practice,2012-10-05T10:24:27Z
2012,REG,NYG,5,00-0025560,CB,Michael Coe,Michael,Coe,Hamstring,,Probable,Hamstring,,Full Participation in Practice,2012-10-05T10:24:27Z
2012,REG,NYJ,5,00-0025401,CB,Darrelle Revis,Darrelle,Revis,Knee,,Out,Knee,,Out (Definitely Will Not Play),2012-10-06T10:48:20Z
2012,REG,NYJ,5,00-0027739,RB,John Conner,John,Conner,Hamstring,,Doubtful,Hamstring,,Did Not Participate In Practice,2012-10-06T10:48:50Z
2012,REG,NYJ,5,00-0028995,WR,Stephen Hill,Stephen,Hill,Hamstring,,Doubtful,Hamstring,,Did Not Participate In Practice,2012-10-06T10:48:27Z
2012,REG,NYJ,5,00-0026170,TE,Dustin Keller,Dustin,Keller,Hamstring,,Doubtful,Hamstring,,Did Not Participate In Practice,2012-10-06T10:49:10Z
2012,REG,NYJ,5,00-0023523,DT,Sione Pouha,Sione,Pouha,Back,,Doubtful,Back,,Did Not Participate In Practice,2012-10-06T10:49:00Z
2012,REG,NYJ,5,00-0021081,LB,Bryan Thomas,Bryan,Thomas,Hamstring,,Questionable,Hamstring,,Did Not Participate In Practice,2012-10-06T10:47:56Z
2012,REG,NYJ,5,00-0027338,CB,Aaron Berry,Aaron,Berry,Ribs,,Questionable,Ribs,,Limited Participation in Practice,2012-10-06T10:47:48Z
2012,REG,NYJ,5,00-0027712,RB,Joe McKnight,Joe,McKnight,Illness,,Questionable,Illness,,Limited Participation in Practice,2012-10-06T10:48:07Z
2012,REG,NYJ,5,00-0020873,LB,Bart Scott,Bart,Scott,Toe,,Questionable,Toe,,Limited Participation in Practice,2012-10-06T10:47:35Z
2012,REG,NYJ,5,00-0024312,S,Eric Smith,Eric,Smith,Hip,Knee,Questionable,Hip,Knee,Limited Participation in Practice,2012-10-06T10:47:42Z
2012,REG,NYJ,5,00-0022067,S,Yeremiah Bell,Yeremiah,Bell,Shoulder,,Probable,Shoulder,,Full Participation in Practice,2012-10-06T10:47:19Z
2012,REG,NYJ,5,00-0028292,LB,Nick Bellore,Nick,Bellore,Shoulder,,Probable,Shoulder,,Full Participation in Practice,2012-10-06T10:47:19Z
2012,REG,NYJ,5,00-0029143,S,Josh Bush,Josh,Bush,Shoulder,,Probable,Shoulder,,Full Participation in Practice,2012-10-06T10:47:19Z
2012,REG,NYJ,5,00-0024234,CB,Antonio Cromartie,Antonio,Cromartie,Shoulder,,Probable,Shoulder,,Full Participation in Practice,2012-10-06T10:47:19Z
2012,REG,NYJ,5,00-0027321,TE,Jeff Cumberland,Jeff,Cumberland,Ribs,,Probable,Ribs,,Full Participation in Practice,2012-10-06T10:47:19Z
2012,REG,NYJ,5,00-0025689,DT,Mike Devito,Mike,Devito,Neck,,Probable,Neck,,Full Participation in Practice,2012-10-06T10:47:19Z
2012,REG,NYJ,5,00-0027297,T,Austin Howard,Austin,Howard,Back,,Probable,Back,,Full Participation in Practice,2012-10-06T10:47:19Z
2012,REG,NYJ,5,00-0028091,WR,Jeremy Kerley,Jeremy,Kerley,Finger,,Probable,Finger,,Full Participation in Practice,2012-10-06T10:47:19Z
2012,REG,NYJ,5,00-0025393,S,LaRon Landry,LaRon,Landry,Heel,,Probable,Heel,,Full Participation in Practice,2012-10-06T10:47:19Z
2012,REG,NYJ,5,00-0024244,C,Nick Mangold,Nick,Mangold,Wrist,,Probable,Wrist,,Full Participation in Practice,2012-10-06T10:47:19Z
2012,REG,NYJ,5,00-0020969,G,Brandon Moore,Brandon,Moore,Hip,,Probable,Hip,,Full Participation in Practice,2012-10-06T10:47:19Z
2012,REG,NYJ,5,00-0022120,LB,Calvin Pace,Calvin,Pace,Achilles,,Probable,Achilles,,Full Participation in Practice,2012-10-06T10:47:19Z
2012,REG,NYJ,5,00-0026898,QB,Mark Sanchez,Mark,Sanchez,Back,,Probable,Back,,Full Participation in Practice,2012-10-06T10:47:19Z
2012,REG,NYJ,5,00-0026500,G,Matt Slauson,Matt,Slauson,Knee,,Probable,Knee,,Full Participation in Practice,2012-10-06T10:47:19Z
2012,REG,PHI,5,00-0026359,T,Demetress Bell,Demetress,Bell,,,,Thumb,,Full Participation in Practice,2012-10-04T12:49:30Z
2012,REG,PHI,5,00-0027029,RB,LeSean McCoy,LeSean,McCoy,,,,Knee,,Full Participation in Practice,2012-10-04T12:49:30Z
2012,REG,PHI,5,00-0025719,LB,Akeem Jordan,Akeem,Jordan,Hamstring,,Out,Hamstring,,Did Not Participate In Practice,2012-10-05T11:05:54Z
2012,REG,PHI,5,00-0026578,S,Colt Anderson,Colt,Anderson,Knee,,Questionable,Knee,,Full Participation in Practice,2012-10-05T11:06:13Z
2012,REG,PHI,5,00-0026370,T,King Dunlap,King,Dunlap,Hamstring,,Questionable,Hamstring,,Full Participation in Practice,2012-10-05T11:06:20Z
2012,REG,PHI,5,00-0025553,DT,Derek Landri,Derek,Landri,Knee,,Questionable,Knee,,Full Participation in Practice,2012-10-05T11:06:26Z
2012,REG,PHI,5,00-0024324,WR,Jason Avant,Jason,Avant,Wrist,,Probable,Wrist,,Full Participation in Practice,2012-10-05T11:05:22Z
2012,REG,PHI,5,00-0027814,LB,Jamar Chaney,Jamar,Chaney,Knee,,Probable,Knee,,Full Participation in Practice,2012-10-05T11:05:22Z
2012,REG,PHI,5,00-0027758,WR,Riley Cooper,Riley,Cooper,Collarbone,,Probable,Collarbone,,Full Participation in Practice,2012-10-05T11:05:22Z
2012,REG,PHI,5,00-0021451,LS,Jon Dorenbos,Jon,Dorenbos,Ankle,,Probable,Ankle,,Full Participation in Practice,2012-10-05T11:05:22Z
2012,REG,PHI,5,00-0029435,WR,Damaris Johnson,Damaris,Johnson,Foot,,Probable,Foot,,Full Participation in Practice,2012-10-05T11:05:22Z
2012,REG,PHI,5,00-0029409,LB,Mychal Kendricks,Mychal,Kendricks,Calf,,Probable,Calf,,Full Participation in Practice,2012-10-05T11:05:22Z
2012,REG,PHI,5,00-0027961,G,Danny Watkins,Danny,Watkins,Chest,,Probable,Chest,,Full Participation in Practice,2012-10-05T11:05:22Z
2012,REG,PIT,5,00-0028001,T,Marcus Gilbert,Marcus,Gilbert,Groin,,Probable,Groin,,Full Participation in Practice,2012-10-05T09:49:14Z
2012,REG,PIT,5,00-0020712,LB,James Harrison,James,Harrison,Knee,,Probable,Knee,,Full Participation in Practice,2012-10-05T09:49:14Z
2012,REG,PIT,5,00-0026163,RB,Rashard Mendenhall,Rashard,Mendenhall,Knee,,Probable,Knee,,Full Participation in Practice,2012-10-05T09:49:14Z
2012,REG,PIT,5,00-0022119,S,Troy Polamalu,Troy,Polamalu,Calf,,Probable,Calf,,Full Participation in Practice,2012-10-05T09:49:14Z
2012,REG,SD,5,00-0022737,K,Nate Kaeding,Nate,Kaeding,right Groin,,Out,right Groin,,Did Not Participate In Practice,2012-10-05T13:36:34Z
2012,REG,SD,5,00-0028027,CB,Shareece Wright,Shareece,Wright,Foot,,Out,Foot,,Did Not Participate In Practice,2012-10-05T13:36:42Z
2012,REG,SD,5,00-0027097,G,Tyronne Green,Tyronne,Green,Knee,,Probable,Knee,,Full Participation in Practice,2012-10-05T13:36:23Z
2012,REG,SEA,5,00-0029277,DT,Jaye Howard,Jaye,Howard,Foot,,Out,Foot,,Did Not Participate In Practice,2012-10-05T13:15:48Z
2012,REG,SEA,5,00-0028013,G,John Moffitt,John,Moffitt,Knee,,Out,Knee,,Out (Definitely Will Not Play),2012-10-05T13:16:13Z
2012,REG,SEA,5,00-0022046,CB,Marcus Trufant,Marcus,Trufant,Back,,Questionable,Back,,Limited Participation in Practice,2012-10-05T13:16:04Z
2012,REG,SEA,5,00-0025399,RB,Marshawn Lynch,Marshawn,Lynch,Not Injury Related,,Probable,Not Injury Related,,Full Participation in Practice,2012-10-05T13:50:23Z
2012,REG,SEA,5,00-0025472,DT,Brandon Mebane,Brandon,Mebane,Calf,,Probable,Calf,,Full Participation in Practice,2012-10-05T13:15:38Z
2012,REG,SF,5,00-0023545,RB,Brandon Jacobs,Brandon,Jacobs,Knee,,Questionable,Knee,,Full Participation in Practice,2012-10-05T13:55:20Z
2012,REG,SF,5,00-0023444,CB,Carlos Rogers,Carlos,Rogers,Ankle,,Questionable,Ankle,,Limited Participation in Practice,2012-10-05T13:56:37Z
2012,REG,SF,5,00-0022863,DT,Isaac Sopoaga,Isaac,Sopoaga,Knee,Ankle,Questionable,Knee,Ankle,Limited Participation in Practice,2012-10-05T13:57:12Z
2012,REG,SF,5,00-0027894,LB,Navorro Bowman,Navorro,Bowman,Shoulder,,Probable,Shoulder,,Full Participation in Practice,2012-10-05T13:56:11Z
2012,REG,SF,5,00-0022824,P,Andy Lee,Andy,Lee,Hand,,Probable,Hand,,Full Participation in Practice,2012-10-05T13:55:41Z
2012,REG,STL,5,00-0027648,T,Rodger Saffold,Rodger,Saffold,Knee,,Out,Knee,,Did Not Participate In Practice,2012-10-03T11:47:28Z
2012,REG,STL,5,00-0027787,DE,Eugene Sims,Eugene,Sims,Head,,Out,Head,,Did Not Participate In Practice,2012-10-03T11:47:33Z
2012,REG,STL,5,00-0028878,DT,Matt Conrath,Matt,Conrath,Knee,,Questionable,Knee,,Limited Participation in Practice,2012-10-03T11:46:35Z
2012,REG,STL,5,00-0028871,S,Matt Daniels,Matt,Daniels,Hamstring,,Questionable,Hamstring,,Limited Participation in Practice,2012-10-03T11:46:49Z
2012,REG,STL,5,00-0022000,T,Wayne Hunter,Wayne,Hunter,Knee,,Questionable,Knee,,Limited Participation in Practice,2012-10-03T11:47:08Z
2012,REG,STL,5,00-0022736,RB,Steven Jackson,Steven,Jackson,Groin,,Questionable,Groin,,Limited Participation in Practice,2012-10-03T11:47:17Z
2012,REG,STL,5,00-0026035,WR,Danny Amendola,Danny,Amendola,Ankle,,Probable,Ankle,,Full Participation in Practice,2012-10-03T11:46:21Z
2012,REG,STL,5,00-0026937,WR,Brandon Gibson,Brandon,Gibson,Knee,,Probable,Knee,,Full Participation in Practice,2012-10-03T11:46:21Z
2012,REG,STL,5,00-0026243,DE,William Hayes,William,Hayes,Knee,,Probable,Knee,,Full Participation in Practice,2012-10-03T11:46:21Z
2012,REG,TEN,5,00-0025502,G,Leroy Harris,Leroy,Harris,,,,Not Injury Related,,Did Not Participate In Practice,2012-10-03T13:32:46Z
2012,REG,TEN,5,00-0020466,G,Steve Hutchinson,Steve,Hutchinson,,,,Not Injury Related,,Did Not Participate In Practice,2012-10-04T13:39:51Z
2012,REG,TEN,5,00-0027946,QB,Jake Locker,Jake,Locker,left Shoulder,,Out,left Shoulder,,Did Not Participate In Practice,2012-10-05T11:22:23Z
2012,REG,TEN,5,00-0027006,WR,Kenny Britt,Kenny,Britt,Ankle,,Questionable,Ankle,,Did Not Participate In Practice,2012-10-05T11:22:09Z
2012,REG,TEN,5,00-0025610,T,Mike Otto,Mike,Otto,Knee,Finger,Questionable,Knee,Finger,Full Participation in Practice,2012-10-05T11:22:42Z
2012,REG,TEN,5,00-0025833,LB,Patrick Bailey,Patrick,Bailey,Hand,,Questionable,Hand,,Limited Participation in Practice,2012-10-05T11:22:03Z
2012,REG,TEN,5,00-0028047,LB,Colin McCarthy,Colin,McCarthy,Ankle,,Questionable,Ankle,,Limited Participation in Practice,2012-10-05T11:22:34Z
2012,REG,TEN,5,00-0029589,DE,Scott Solomon,Scott,Solomon,Hamstring,,Questionable,Hamstring,,Limited Participation in Practice,2012-10-05T11:22:48Z
2012,REG,TEN,5,00-0027061,TE,Jared Cook,Jared,Cook,Shoulder,,Probable,Shoulder,,Full Participation in Practice,2012-10-05T11:21:56Z
2012,REG,WAS,5,00-0024263,CB,Cedric Griffin,Cedric,Griffin,Hamstring,,Out,Hamstring,,Did Not Participate In Practice,2012-10-05T10:53:33Z
2012,REG,WAS,5,00-0025411,S,Brandon Meriweather,Brandon,Meriweather,Knee,,Out,Knee,,Out (Definitely Will Not Play),2012-10-05T10:53:41Z
2012,REG,WAS,5,00-0028115,RB,Evan Royster,Evan,Royster,Knee,,Questionable,Knee,,Limited Participation in Practice,2012-10-05T10:54:10Z
2012,REG,WAS,5,00-0022923,CB,DeAngelo Hall,DeAngelo,Hall,Illness,,Probable,Illness,,Did Not Participate In Practice,2012-10-05T10:54:26Z
2012,REG,WAS,5,00-0027618,WR,Brandon Banks,Brandon,Banks,Hip,,Probable,Hip,,Full Participation in Practice,2012-10-05T10:53:26Z
2012,REG,WAS,5,00-0026345,WR,Pierre Garcon,Pierre,Garcon,Foot,,Probable,Foot,,Full Participation in Practice,2012-10-05T10:53:26Z
2012,REG,WAS,5,00-0028116,WR,Aldrick Robinson,Aldrick,Robinson,Head,,Probable,Head,,Full Participation in Practice,2012-10-05T10:53:26Z
2012,REG,WAS,5,00-0027857,T,Trent Williams,Trent,Williams,Knee,,Probable,Knee,,Full Participation in Practice,2012-10-05T10:53:26Z
2012,REG,ARI,6,00-0028074,RB,Anthony Sherman,Anthony,Sherman,Knee,,Doubtful,Knee,,Did Not Participate In Practice,2012-10-12T12:57:37Z
2012,REG,ARI,6,00-0026910,CB,Gregory Toler,Gregory,Toler,Hamstring,,Doubtful,Hamstring,,Did Not Participate In Practice,2012-10-12T12:57:47Z
2012,REG,ARI,6,00-0026727,LB,Reggie Walker,Reggie,Walker,Head,,Doubtful,Head,,Did Not Participate In Practice,2012-10-12T12:57:55Z
2012,REG,ARI,6,00-0025668,CB,Michael Adams,Michael,Adams,Hamstring,,Doubtful,Hamstring,,Limited Participation in Practice,2012-10-12T12:56:52Z
2012,REG,ARI,6,00-0019104,LB,Paris Lenon,Paris,Lenon,Knee,,Questionable,Knee,,Full Participation in Practice,2012-10-12T12:58:11Z
2012,REG,ARI,6,00-0022930,DT,Darnell Dockett,Darnell,Dockett,Hamstring,,Questionable,Hamstring,,Limited Participation in Practice,2012-10-12T12:57:00Z
2012,REG,ARI,6,00-0027825,TE,Jim Dray,Jim,Dray,Knee,,Questionable,Knee,,Limited Participation in Practice,2012-10-12T12:57:06Z
2012,REG,ARI,6,00-0026192,LB,Quentin Groves,Quentin,Groves,Hamstring,,Questionable,Hamstring,,Limited Participation in Practice,2012-10-12T12:57:14Z
2012,REG,ARI,6,00-0020516,TE,Todd Heap,Todd,Heap,Knee,,Questionable,Knee,,Limited Participation in Practice,2012-10-12T12:57:23Z
2012,REG,ARI,6,00-0027730,LB,O'Brien Schofield,O'Brien,Schofield,Knee,,Questionable,Knee,,Limited Participation in Practice,2012-10-12T12:57:31Z
2012,REG,ARI,6,00-0028736,RB,William Powell,William,Powell,Head,,Probable,Head,,Full Participation in Practice,2012-10-12T12:56:40Z
2012,REG,ARI,6,00-0027754,QB,John Skelton,John,Skelton,Ankle,,Probable,Ankle,,Full Participation in Practice,2012-10-12T12:56:40Z
2012,REG,ARI,6,00-0023529,G,Adam Snyder,Adam,Snyder,Elbow,,Probable,Elbow,,Full Participation in Practice,2012-10-12T12:56:40Z
2012,REG,ARI,6,00-0026956,RB,LaRod Stephens-Howling,LaRod,Stephens-Howling,Hip,,Probable,Hip,,Full Participation in Practice,2012-10-12T12:56:40Z
2012,REG,ATL,6,00-0027202,TE,Michael Palmer,Michael,Palmer,Shoulder,,Out,Shoulder,,Did Not Participate In Practice,2012-10-12T11:23:16Z
2012,REG,ATL,6,00-0026855,RB,Antone Smith,Antone,Smith,Hamstring,,Out,Hamstring,,Did Not Participate In Practice,2012-10-12T11:23:25Z
2012,REG,ATL,6,00-0023494,DT,Jonathan Babineaux,Jonathan,Babineaux,Groin,,Questionable,Groin,,Limited Participation in Practice,2012-10-12T11:22:52Z
2012,REG,ATL,6,00-0025496,LB,Stephen Nicholas,Stephen,Nicholas,Ankle,,Questionable,Ankle,,Limited Participation in Practice,2012-10-12T11:23:02Z
2012,REG,ATL,6,00-0028792,WR,Kevin Cone,Kevin,Cone,Knee,,Probable,Knee,,Full Participation in Practice,2012-10-12T11:22:45Z
2012,REG,ATL,6,00-0028307,WR,D.J. Davis,D.J.,Davis,Knee,,Probable,Knee,,Full Participation in Practice,2012-10-12T11:22:45Z
2012,REG,ATL,6,00-0027000,DT,Peria Jerry,Peria,Jerry,Thigh,,Probable,Thigh,,Full Participation in Practice,2012-10-12T11:22:45Z
2012,REG,ATL,6,00-0010711,C,Todd McClure,Todd,McClure,Pectoral,,Probable,Pectoral,,Full Participation in Practice,2012-10-12T11:22:45Z
2012,REG,ATL,6,00-0027031,S,William Moore,William,Moore,Hip,,Probable,Hip,,Full Participation in Practice,2012-10-12T11:22:45Z
2012,REG,ATL,6,00-0027110,G,Garrett Reynolds,Garrett,Reynolds,Back,,Probable,Back,,Full Participation in Practice,2012-10-12T11:22:45Z
2012,REG,ATL,6,00-0022735,CB,Dunta Robinson,Dunta,Robinson,Shoulder,,Probable,Shoulder,,Full Participation in Practice,2012-10-12T11:22:45Z
2012,REG,BAL,6,00-0028023,T,Jah Reid,Jah,Reid,Calf,,Probable,Calf,,Full Participation in Practice,2012-10-12T11:41:41Z
2012,REG,BAL,6,00-0024227,DT,Haloti Ngata,Haloti,Ngata,Shoulder,,Probable,Shoulder,,Limited Participation in Practice,2012-10-12T11:41:41Z
2012,REG,BUF,6,00-0024373,DE,Mark Anderson,Mark,Anderson,Knee,,Out,Knee,,Did Not Participate In Practice,2012-10-12T13:06:24Z
2012,REG,BUF,6,00-0027101,C,Colin Brown,Colin,Brown,Hamstring,,Out,Hamstring,,Did Not Participate In Practice,2012-10-12T13:06:11Z
2012,REG,BUF,6,00-0029561,T,Cordy Glenn,Cordy,Glenn,Ankle,,Out,Ankle,,Did Not Participate In Practice,2012-10-12T13:06:04Z
2012,REG,BUF,6,00-0022610,DT,Spencer Johnson,Spencer,Johnson,Ankle,,Out,Ankle,,Did Not Participate In Practice,2012-10-12T13:06:35Z
2012,REG,BUF,6,00-0027053,G,Kraig Urbik,Kraig,Urbik,Ankle,,Out,Ankle,,Did Not Participate In Practice,2012-10-12T13:06:30Z
2012,REG,BUF,6,00-0027018,S,Jairus Byrd,Jairus,Byrd,Chest,,Questionable,Chest,,Limited Participation in Practice,2012-10-12T13:07:13Z
2012,REG,BUF,6,00-0026236,G,Chad Rinehart,Chad,Rinehart,Calf,,Questionable,Calf,,Limited Participation in Practice,2012-10-12T13:06:57Z
2012,REG,BUF,6,00-0024348,DT,Kyle Williams,Kyle,Williams,Ankle,,Questionable,Ankle,,Limited Participation in Practice,2012-10-12T13:06:51Z
2012,REG,BUF,6,00-0027004,C,Eric Wood,Eric,Wood,Foot,,Questionable,Foot,,Limited Participation in Practice,2012-10-12T13:07:07Z
2012,REG,BUF,6,00-0027972,CB,Aaron Williams,Aaron,Williams,Hand,,Probable,Hand,,Full Participation in Practice,2012-10-12T13:05:57Z
2012,REG,BUF,6,00-0023750,DE,Mario Williams,Mario,Williams,Wrist,,Probable,Wrist,,Full Participation in Practice,2012-10-12T13:05:57Z
2012,REG,CIN,6,00-0024231,CB,Jason Allen,Jason,Allen,Quadricep,,Questionable,Quadricep,,Full Participation in Practice,2012-10-12T10:12:57Z
2012,REG,CIN,6,00-0029560,CB,Dre Kirkpatrick,Dre,Kirkpatrick,Knee,,Questionable,Knee,,Full Participation in Practice,2012-10-12T10:13:11Z
2012,REG,CIN,6,00-0028004,LB,Dontay Moch,Dontay,Moch,Illness,,Questionable,Illness,,Full Participation in Practice,2012-10-12T10:13:21Z
2012,REG,CIN,6,00-0026105,DE,Wallace Gilberry,Wallace,Gilberry,Calf,,Questionable,Calf,,Limited Participation in Practice,2012-10-12T10:10:46Z
2012,REG,CIN,6,00-0027942,WR,A.J. Green,A.J.,Green,Knee,,Probable,Knee,,Full Participation in Practice,2012-10-12T10:09:48Z
2012,REG,CIN,6,00-0023441,CB,Adam Jones,Adam,Jones,Back,,Probable,Back,,Full Participation in Practice,2012-10-12T10:09:48Z
2012,REG,CIN,6,00-0022045,CB,Terence Newman,Terence,Newman,Groin,,Probable,Groin,,Full Participation in Practice,2012-10-12T10:09:48Z
2012,REG,CIN,6,00-0024270,T,Andrew Whitworth,Andrew,Whitworth,Knee,,Probable,Knee,,Full Participation in Practice,2012-10-12T10:09:48Z
2012,REG,CLE,6,00-0028924,S,Tashaun Gipson,Tashaun,Gipson,Knee,,Out,Knee,,Did Not Participate In Practice,2012-10-12T12:05:59Z
2012,REG,CLE,6,00-0027026,WR,Mohamed Massaquoi,Mohamed,Massaquoi,Hamstring,,Out,Hamstring,,Did Not Participate In Practice,2012-10-12T12:06:15Z
2012,REG,CLE,6,00-0026739,WR,Jordan Norwood,Jordan,Norwood,Foot,,Out,Foot,,Did Not Participate In Practice,2012-10-12T12:06:25Z
2012,REG,CLE,6,00-0023727,CB,Dimitri Patterson,Dimitri,Patterson,Ankle,,Out,Ankle,,Did Not Participate In Practice,2012-10-12T12:06:33Z
2012,REG,CLE,6,00-0029269,WR,Travis Benjamin,Travis,Benjamin,Hamstring,,Doubtful,Hamstring,,Limited Participation in Practice,2012-10-12T12:05:37Z
2012,REG,CLE,6,00-0021259,LB,Scott Fujita,Scott,Fujita,Shoulder,Neck,Questionable,Shoulder,Neck,Did Not Participate In Practice,2012-10-12T12:05:48Z
2012,REG,CLE,6,00-0026330,DT,Ahtyba Rubin,Ahtyba,Rubin,Calf,,Questionable,Calf,,Did Not Participate In Practice,2012-10-12T12:06:42Z
2012,REG,CLE,6,00-0023316,S,Raymond Ventrone,Raymond,Ventrone,Hand,Calf,Questionable,Hand,Calf,Limited Participation in Practice,2012-10-12T12:06:56Z
2012,REG,CLE,6,00-0027653,S,T.J. Ward,T.J.,Ward,Hand,,Questionable,Hand,,Limited Participation in Practice,2012-10-12T12:07:05Z
2012,REG,CLE,6,00-0024249,LB,D'Qwell Jackson,D'Qwell,Jackson,Head,,Probable,Head,,Full Participation in Practice,2012-10-12T12:05:29Z
2012,REG,CLE,6,00-0024306,DE,Frostee Rucker,Frostee,Rucker,Shoulder,,Probable,Shoulder,,Full Participation in Practice,2012-10-12T12:05:29Z
2012,REG,CLE,6,00-0023506,TE,Alex Smith,Alex,Smith,Head,,Probable,Head,,Full Participation in Practice,2012-10-12T12:05:29Z
2012,REG,DAL,6,00-0011626,P,Brian Moorman,Brian,Moorman,right Groin,,Out,right Groin,,Did Not Participate In Practice,2012-10-12T11:52:04Z
2012,REG,DAL,6,00-0024266,G,Ryan Cook,Ryan,Cook,Hamstring,,Questionable,Hamstring,,Limited Participation in Practice,2012-10-12T11:51:49Z
2012,REG,DAL,6,00-0028664,P,Chris Jones,Chris,Jones,left Knee,,Questionable,left Knee,,Limited Participation in Practice,2012-10-12T11:51:58Z
2012,REG,DAL,6,00-0025413,LB,Anthony Spencer,Anthony,Spencer,Shoulder,,Questionable,Shoulder,,Limited Participation in Practice,2012-10-12T11:52:11Z
2012,REG,DAL,6,00-0028614,LB,Alex Albright,Alex,Albright,Neck,,Probable,Neck,,Full Participation in Practice,2012-10-12T11:51:31Z
2012,REG,DAL,6,00-0023921,WR,Miles Austin,Miles,Austin,Hamstring,,Probable,Hamstring,,Full Participation in Practice,2012-10-12T11:51:31Z
2012,REG,DAL,6,00-0029676,CB,Morris Claiborne,Morris,Claiborne,Illness,,Probable,Illness,,Full Participation in Practice,2012-10-12T11:51:31Z
2012,REG,DAL,6,00-0021262,DT,Kenyon Coleman,Kenyon,Coleman,Knee,,Probable,Knee,,Full Participation in Practice,2012-10-12T11:51:31Z
2012,REG,DAL,6,00-0027417,C,Phil Costa,Phil,Costa,Back,,Probable,Back,,Full Participation in Practice,2012-10-12T11:51:31Z
2012,REG,DAL,6,00-0029648,S,Matt Johnson,Matt,Johnson,Hamstring,,Probable,Hamstring,,Full Participation in Practice,2012-10-12T11:51:31Z
2012,REG,DAL,6,00-0023656,DT,Jay Ratliff,Jay,Ratliff,Ankle,,Probable,Ankle,,Full Participation in Practice,2012-10-12T11:51:31Z
2012,REG,DAL,6,00-0023455,DT,Marcus Spears,Marcus,Spears,Knee,,Probable,Knee,,Full Participation in Practice,2012-10-12T11:51:31Z
2012,REG,DEN,6,00-0026432,RB,Lance Ball,Lance,Ball,Ankle,,Probable,Ankle,,Full Participation in Practice,2012-10-13T12:04:40Z
2012,REG,DEN,6,00-0001820,LB,Keith Brooking,Keith,Brooking,Concussion,,Probable,Concussion,,Full Participation in Practice,2012-10-13T12:04:40Z
2012,REG,DEN,6,00-0026515,CB,Tony Carter,Tony,Carter,Illness,,Probable,Illness,,Full Participation in Practice,2012-10-13T12:04:40Z
2012,REG,DEN,6,00-0026152,T,Ryan Clady,Ryan,Clady,Hamstring,,Probable,Hamstring,,Full Participation in Practice,2012-10-13T12:04:40Z
2012,REG,DEN,6,00-0027419,RB,Chris Gronkowski,Chris,Gronkowski,Thigh,,Probable,Thigh,,Full Participation in Practice,2012-10-13T12:04:40Z
2012,REG,DEN,6,00-0028224,CB,Chris Harris,Chris,Harris,Ankle,,Probable,Ankle,,Full Participation in Practice,2012-10-13T12:04:40Z
2012,REG,DEN,6,00-0024375,G,Chris Kuper,Chris,Kuper,Forearm,,Probable,Forearm,,Full Participation in Practice,2012-10-13T12:04:40Z
2012,REG,DEN,6,00-0027874,WR,Demaryius Thomas,Demaryius,Thomas,Hip,,Probable,Hip,,Full Participation in Practice,2012-10-13T12:04:40Z
2012,REG,DEN,6,00-0024756,WR,Matt Willis,Matt,Willis,Not Injury Related,,Probable,Not Injury Related,,Full Participation in Practice,2012-10-13T12:04:40Z
2012,REG,DET,6,00-0024331,LB,Stephen Tulloch,Stephen,Tulloch,,,,Knee,,Limited Participation in Practice,2012-10-12T13:03:08Z
2012,REG,DET,6,00-0020382,DE,Kyle Vanden Bosch,Kyle,Vanden Bosch,,,,Not Injury Related,,Limited Participation in Practice,2012-10-10T14:29:40Z
2012,REG,DET,6,00-0022906,DT,Corey Williams,Corey,Williams,Knee,,Out,Knee,,Did Not Participate In Practice,2012-10-12T13:04:14Z
2012,REG,DET,6,00-0027009,S,Louis Delmas,Louis,Delmas,Knee,,Questionable,Knee,,Did Not Participate In Practice,2012-10-12T13:03:36Z
2012,REG,DET,6,00-0026232,DE,Cliff Avril,Cliff,Avril,Back,,Questionable,Back,,Full Participation in Practice,2012-10-12T13:03:29Z
2012,REG,DET,6,00-0027084,DT,Sammie Lee Hill,Sammie Lee,Hill,Toe,,Questionable,Toe,,Limited Participation in Practice,2012-10-12T13:04:07Z
2012,REG,DET,6,00-0029217,LB,Travis Lewis,Travis,Lewis,Quadricep,,Probable,Quadricep,,Full Participation in Practice,2012-10-12T13:03:22Z
2012,REG,DET,6,00-0026996,TE,Brandon Pettigrew,Brandon,Pettigrew,Knee,,Probable,Knee,,Limited Participation in Practice,2012-10-12T13:03:22Z
2012,REG,DET,6,00-0027671,S,Amari Spievey,Amari,Spievey,Groin,,Probable,Groin,,Limited Participation in Practice,2012-10-12T13:03:22Z
2012,REG,DET,6,00-0027982,WR,Titus Young,Titus,Young,Knee,,Probable,Knee,,Limited Participation in Practice,2012-10-12T13:03:22Z
2012,REG,GB,6,00-0024267,WR,Greg Jennings,Greg,Jennings,Groin,,Out,Groin,,Did Not Participate In Practice,2012-10-12T12:42:50Z
2012,REG,GB,6,00-0029201,S,Sean Richardson,Sean,Richardson,Hamstring,,Out,Hamstring,,Did Not Participate In Practice,2012-10-12T12:43:12Z
2012,REG,GB,6,00-0026985,DT,B.J. Raji,B.J.,Raji,Ankle,,Questionable,Ankle,,Did Not Participate In Practice,2012-10-12T12:43:02Z
2012,REG,GB,6,00-0028069,CB,Davon House,Davon,House,Shoulder,,Questionable,Shoulder,,Full Participation in Practice,2012-10-12T12:42:43Z
2012,REG,GB,6,00-0026231,TE,Jermichael Finley,Jermichael,Finley,Shoulder,,Questionable,Shoulder,,Limited Participation in Practice,2012-10-12T12:42:34Z
2012,REG,GB,6,00-0028079,TE,D.J. Williams,D.J.,Williams,Hamstring,,Questionable,Hamstring,,Limited Participation in Practice,2012-10-12T12:43:22Z
2012,REG,HOU,6,00-0026257,S,Quintin Demps,Quintin,Demps,Thumb,Forearm,Out,Thumb,Forearm,Did Not Participate In Practice,2012-10-12T12:21:49Z
2012,REG,HOU,6,00-0028533,LB,Mister Alexander,Mister,Alexander,Achilles,,Probable,Achilles,,Full Participation in Practice,2012-10-12T12:21:30Z
2012,REG,HOU,6,00-0025624,CB,Alan Ball,Alan,Ball,Ankle,,Probable,Ankle,,Full Participation in Practice,2012-10-12T12:21:06Z
2012,REG,HOU,6,00-0027051,G,Antoine Caldwell,Antoine,Caldwell,Ankle,Foot,Probable,Ankle,Foot,Full Participation in Practice,2012-10-12T12:21:06Z
2012,REG,HOU,6,00-0026373,RB,Justin Forsett,Justin,Forsett,Thigh,,Probable,Thigh,,Full Participation in Practice,2012-10-12T12:21:06Z
2012,REG,HOU,6,00-0026796,RB,Arian Foster,Arian,Foster,Knee,,Probable,Knee,,Full Participation in Practice,2012-10-12T12:21:06Z
2012,REG,HOU,6,00-0019536,K,Shayne Graham,Shayne,Graham,right Calf,,Probable,right Calf,,Full Participation in Practice,2012-10-12T12:21:06Z
2012,REG,HOU,6,00-0022044,WR,Andre Johnson,Andre,Johnson,Groin,,Probable,Groin,,Full Participation in Practice,2012-10-12T12:21:06Z
2012,REG,HOU,6,00-0024239,CB,Johnathan Joseph,Johnathan,Joseph,Knee,,Probable,Knee,,Full Participation in Practice,2012-10-12T12:21:06Z
2012,REG,HOU,6,00-0028082,S,Shiloh Keo,Shiloh,Keo,Neck,,Probable,Neck,,Full Participation in Practice,2012-10-12T12:21:06Z
2012,REG,HOU,6,00-0026417,LB,Jesse Nading,Jesse,Nading,Foot,,Probable,Foot,,Full Participation in Practice,2012-10-12T12:21:06Z
2012,REG,HOU,6,00-0022131,G,Wade Smith,Wade,Smith,Foot,,Probable,Foot,,Full Participation in Practice,2012-10-12T12:21:06Z
2012,REG,HOU,6,00-0023472,DT,Shaun Cody,Shaun,Cody,Back,,Probable,Back,,Limited Participation in Practice,2012-10-12T12:21:06Z
2012,REG,HOU,6,00-0028542,WR,Lestar Jean,Lestar,Jean,Knee,,Probable,Knee,,Limited Participation in Practice,2012-10-12T12:21:06Z
2012,REG,HOU,6,00-0022793,DE,Antonio Smith,Antonio,Smith,Ankle,,Probable,Ankle,,Limited Participation in Practice,2012-10-12T12:21:06Z
2012,REG,HOU,6,00-0027890,RB,Ben Tate,Ben,Tate,Toe,,Probable,Toe,,Limited Participation in Practice,2012-10-12T12:21:06Z
2012,REG,IND,6,00-0027892,LB,Pat Angerer,Pat,Angerer,Foot,,Out,Foot,,Did Not Participate In Practice,2012-10-12T10:38:27Z
2012,REG,IND,6,00-0027003,RB,Donald Brown,Donald,Brown,Knee,,Out,Knee,,Did Not Participate In Practice,2012-10-12T10:38:36Z
2012,REG,IND,6,00-0022059,LB,Robert Mathis,Robert,Mathis,Knee,,Out,Knee,,Did Not Participate In Practice,2012-10-12T10:39:13Z
2012,REG,IND,6,00-0027032,DT,Fili Moala,Fili,Moala,Knee,,Out,Knee,,Did Not Participate In Practice,2012-10-12T10:39:34Z
2012,REG,IND,6,00-0026408,G,Joe Reitz,Joe,Reitz,Knee,,Out,Knee,,Did Not Participate In Practice,2012-10-12T10:39:51Z
2012,REG,IND,6,00-0027624,DT,Martin Tevaseu,Martin,Tevaseu,Ankle,,Out,Ankle,,Did Not Participate In Practice,2012-10-12T10:40:02Z
2012,REG,IND,6,00-0027001,CB,Vontae Davis,Vontae,Davis,Ankle,,Doubtful,Ankle,,Limited Participation in Practice,2012-10-12T10:38:47Z
2012,REG,IND,6,00-0021146,LB,Dwight Freeney,Dwight,Freeney,Ankle,,Probable,Ankle,,Full Participation in Practice,2012-10-12T10:39:04Z
2012,REG,IND,6,00-0022217,RB,Mewelde Moore,Mewelde,Moore,Ankle,,Probable,Ankle,,Full Participation in Practice,2012-10-12T10:38:13Z
2012,REG,IND,6,00-0025447,C,Samson Satele,Samson,Satele,Knee,,Probable,Knee,,Full Participation in Practice,2012-10-12T10:38:13Z
2012,REG,KC,6,00-0026145,DE,Glenn Dorsey,Glenn,Dorsey,Calf,,Out,Calf,,Did Not Participate In Practice,2012-10-12T11:06:05Z
2012,REG,KC,6,00-0026367,RB,Peyton Hillis,Peyton,Hillis,Ankle,,Out,Ankle,,Did Not Participate In Practice,2012-10-12T11:07:15Z
2012,REG,KC,6,00-0029274,WR,Devon Wylie,Devon,Wylie,Hamstring,,Out,Hamstring,,Did Not Participate In Practice,2012-10-12T11:07:31Z
2012,REG,KC,6,00-0023662,QB,Matt Cassel,Matt,Cassel,Concussion,,Out,Concussion,,Out (Definitely Will Not Play),2012-10-12T11:05:47Z
2012,REG,KC,6,00-0029298,RB,Cyrus Gray,Cyrus,Gray,Illness,,Questionable,Illness,,Did Not Participate In Practice,2012-10-12T11:06:46Z
2012,REG,KC,6,00-0027964,WR,Jon Baldwin,Jon,Baldwin,Hamstring,,Questionable,Hamstring,,Full Participation in Practice,2012-10-12T11:05:13Z
2012,REG,KC,6,00-0026016,DE,Ropati Pitoitua,Ropati,Pitoitua,Elbow,,Questionable,Elbow,,Full Participation in Practice,2012-10-12T11:08:17Z
2012,REG,KC,6,00-0022388,WR,Terrance Copper,Terrance,Copper,Calf,,Questionable,Calf,,Limited Participation in Practice,2012-10-12T11:12:36Z
2012,REG,KC,6,00-0028056,CB,Jalil Brown,Jalil,Brown,Hamstring,,Probable,Hamstring,,Full Participation in Practice,2012-10-12T11:04:58Z
2012,REG,KC,6,00-0028202,RB,Shaun Draughn,Shaun,Draughn,Ankle,,Probable,Ankle,,Full Participation in Practice,2012-10-12T11:06:29Z
2012,REG,KC,6,00-0027736,S,Kendrick Lewis,Kendrick,Lewis,Shoulder,,Probable,Shoulder,,Full Participation in Practice,2012-10-12T11:04:58Z
2012,REG,KC,6,00-0022350,C,Ryan Lilja,Ryan,Lilja,Back,,Probable,Back,,Full Participation in Practice,2012-10-12T11:04:58Z
2012,REG,MIA,6,00-0024273,CB,Richard Marshall,Richard,Marshall,Back,,Out,Back,,Did Not Participate In Practice,2012-10-12T11:18:25Z
2012,REG,MIA,6,00-0028000,RB,Daniel Thomas,Daniel,Thomas,Concussion,,Out,Concussion,,Did Not Participate In Practice,2012-10-12T11:18:32Z
2012,REG,MIA,6,00-0023477,LB,Kevin Burnett,Kevin,Burnett,Ankle,,Questionable,Ankle,,Limited Participation in Practice,2012-10-12T11:19:15Z
2012,REG,MIA,6,00-0024217,RB,Reggie Bush,Reggie,Bush,Knee,,Probable,Knee,,Full Participation in Practice,2012-10-12T11:18:14Z
2012,REG,MIA,6,00-0027744,CB,Nolan Carroll,Nolan,Carroll,Achilles,,Probable,Achilles,,Full Participation in Practice,2012-10-12T11:18:14Z
2012,REG,MIA,6,00-0027077,WR,Brian Hartline,Brian,Hartline,Quadricep,,Probable,Quadricep,,Full Participation in Practice,2012-10-12T11:18:14Z
2012,REG,MIA,6,00-0027762,S,Reshad Jones,Reshad,Jones,Back,Heel,Probable,Back,Heel,Full Participation in Practice,2012-10-12T11:18:14Z
2012,REG,MIN,6,00-0027701,DE,Everson Griffen,Everson,Griffen,,,,Not Injury Related,,Did Not Participate In Practice,2012-10-11T13:35:07Z
2012,REG,MIN,6,00-0022073,DT,Kevin Williams,Kevin,Williams,,,,Illness,,Did Not Participate In Practice,2012-10-10T13:25:45Z
2012,REG,MIN,6,00-0028108,S,Mistral Raymond,Mistral,Raymond,Ankle,,Out,Ankle,,Did Not Participate In Practice,2012-10-12T11:06:10Z
2012,REG,MIN,6,00-0025607,LB,Marvin Mitchell,Marvin,Mitchell,Calf,,Doubtful,Calf,,Did Not Participate In Practice,2012-10-12T11:06:18Z
2012,REG,MIN,6,00-0026186,WR,Jerome Simpson,Jerome,Simpson,Back,Foot,Questionable,Back,Foot,Limited Participation in Practice,2012-10-12T11:06:34Z
2012,REG,MIN,6,00-0026998,WR,Percy Harvin,Percy,Harvin,Hamstring,,Probable,Hamstring,,Full Participation in Practice,2012-10-12T11:05:30Z
2012,REG,MIN,6,00-0024413,G,Charlie Johnson,Charlie,Johnson,Back,,Probable,Back,,Full Participation in Practice,2012-10-12T11:05:30Z
2012,REG,MIN,6,00-0025394,RB,Adrian Peterson,Adrian,Peterson,Ankle,,Probable,Ankle,,Full Participation in Practice,2012-10-12T11:05:30Z
2012,REG,MIN,6,00-0027950,QB,Christian Ponder,Christian,Ponder,Knee,,Probable,Knee,,Full Participation in Practice,2012-10-12T11:05:30Z
2012,REG,MIN,6,00-0027914,S,Andrew Sendejo,Andrew,Sendejo,Ankle,,Probable,Ankle,,Full Participation in Practice,2012-10-12T11:05:30Z
2012,REG,MIN,6,00-0018093,CB,Antoine Winfield,Antoine,Winfield,Knee,,Probable,Knee,,Limited Participation in Practice,2012-10-12T11:05:30Z
2012,REG,NE,6,00-0019596,QB,Tom Brady,Tom,Brady,,,,right Shoulder,,Limited Participation in Practice,2012-10-10T15:28:05Z
2012,REG,NE,6,00-0023998,S,Steve Gregory,Steve,Gregory,Hip,,Out,Hip,,Did Not Participate In Practice,2012-10-12T12:44:21Z
2012,REG,NE,6,00-0021645,LB,Tracy White,Tracy,White,Foot,,Out,Foot,,Did Not Participate In Practice,2012-10-12T12:49:05Z
2012,REG,NE,6,00-0027713,TE,Aaron Hernandez,Aaron,Hernandez,Ankle,,Questionable,Ankle,,Did Not Participate In Practice,2012-10-12T12:45:21Z
2012,REG,NE,6,00-0029239,RB,Brandon Bolden,Brandon,Bolden,Knee,,Questionable,Knee,,Limited Participation in Practice,2012-10-12T12:43:34Z
2012,REG,NE,6,00-0027838,DE,Brandon Deaderick,Brandon,Deaderick,Ankle,,Questionable,Ankle,,Limited Participation in Practice,2012-10-12T12:43:46Z
2012,REG,NE,6,00-0027150,WR,Julian Edelman,Julian,Edelman,Hand,,Questionable,Hand,,Limited Participation in Practice,2012-10-12T12:44:00Z
2012,REG,NE,6,00-0029241,DT,Justin Francis,Justin,Francis,Ankle,,Questionable,Ankle,,Limited Participation in Practice,2012-10-12T12:44:07Z
2012,REG,NE,6,00-0027656,TE,Rob Gronkowski,Rob,Gronkowski,Hip,,Questionable,Hip,,Limited Participation in Practice,2012-10-12T12:44:45Z
2012,REG,NE,6,00-0029669,LB,Dont'a Hightower,Dont'a,Hightower,Hamstring,,Questionable,Hamstring,,Limited Participation in Practice,2012-10-12T12:45:56Z
2012,REG,NE,6,00-0027732,TE,Michael Hoomanawanui,Michael,Hoomanawanui,Concussion,,Questionable,Concussion,,Limited Participation in Practice,2012-10-12T12:46:11Z
2012,REG,NE,6,00-0023467,G,Logan Mankins,Logan,Mankins,Calf,Hip,Questionable,Calf,Hip,Limited Participation in Practice,2012-10-12T12:46:29Z
2012,REG,NE,6,00-0027435,C,Nick McDonald,Nick,McDonald,Shoulder,,Questionable,Shoulder,,Limited Participation in Practice,2012-10-12T12:46:42Z
2012,REG,NE,6,00-0028767,CB,Sterling Moore,Sterling,Moore,Knee,,Questionable,Knee,,Limited Participation in Practice,2012-10-12T12:47:02Z
2012,REG,NE,6,00-0027994,RB,Shane Vereen,Shane,Vereen,Foot,,Questionable,Foot,,Limited Participation in Practice,2012-10-12T12:47:13Z
2012,REG,NE,6,00-0027034,T,Sebastian Vollmer,Sebastian,Vollmer,Back,Knee,Questionable,Back,Knee,Limited Participation in Practice,2012-10-12T12:47:28Z
2012,REG,NE,6,00-0022427,WR,Wes Welker,Wes,Welker,Ankle,,Questionable,Ankle,,Limited Participation in Practice,2012-10-12T12:48:52Z
2012,REG,NE,6,00-0027236,DT,Kyle Love,Kyle,Love,Knee,,Probable,Knee,,Full Participation in Practice,2012-10-12T12:46:21Z
2012,REG,NYG,6,00-0021261,DT,Rocky Bernard,Rocky,Bernard,Quadricep,,Out,Quadricep,,Did Not Participate In Practice,2012-10-12T10:15:03Z
2012,REG,NYG,6,00-0027094,RB,Andre Brown,Andre,Brown,Concussion,,Out,Concussion,,Did Not Participate In Practice,2012-10-12T10:15:17Z
2012,REG,NYG,6,00-0026171,S,Kenny Phillips,Kenny,Phillips,Knee,,Out,Knee,,Did Not Participate In Practice,2012-10-12T10:15:54Z
2012,REG,NYG,6,00-0023478,CB,Corey Webster,Corey,Webster,Hand,Hamstring,Questionable,Hand,Hamstring,Did Not Participate In Practice,2012-10-12T10:16:06Z
2012,REG,NYG,6,00-0021922,T,David Diehl,David,Diehl,Knee,,Questionable,Knee,,Limited Participation in Practice,2012-10-12T10:15:31Z
2012,REG,NYG,6,00-0027005,WR,Hakeem Nicks,Hakeem,Nicks,Foot,Knee,Questionable,Foot,Knee,Limited Participation in Practice,2012-10-12T10:15:44Z
2012,REG,NYG,6,00-0026902,WR,Ramses Barden,Ramses,Barden,Concussion,,Probable,Concussion,,Full Participation in Practice,2012-10-12T10:14:49Z
2012,REG,NYG,6,00-0026201,TE,Martellus Bennett,Martellus,Bennett,Knee,,Probable,Knee,,Full Participation in Practice,2012-10-12T10:14:49Z
2012,REG,NYG,6,00-0023693,LB,Chase Blackburn,Chase,Blackburn,Hip,,Probable,Hip,,Full Participation in Practice,2012-10-12T10:14:49Z
2012,REG,NYG,6,00-0023593,LB,Michael Boley,Michael,Boley,Hip,,Probable,Hip,,Full Participation in Practice,2012-10-12T10:14:49Z
2012,REG,NYG,6,00-0029267,CB,Jayron Hosley,Jayron,Hosley,Hamstring,,Probable,Hamstring,,Full Participation in Practice,2012-10-12T10:14:49Z
2012,REG,NYG,6,00-0026149,LB,Keith Rivers,Keith,Rivers,Hamstring,,Probable,Hamstring,,Full Participation in Practice,2012-10-12T10:14:49Z
2012,REG,NYG,6,00-0023443,S,Antrel Rolle,Antrel,Rolle,Knee,,Probable,Knee,,Full Participation in Practice,2012-10-12T10:14:49Z
2012,REG,NYJ,6,00-0025401,CB,Darrelle Revis,Darrelle,Revis,Knee,,Out,Knee,,Out (Definitely Will Not Play),2012-10-12T10:54:04Z
2012,REG,NYJ,6,00-0027739,RB,John Conner,John,Conner,Hamstring,,Doubtful,Hamstring,,Did Not Participate In Practice,2012-10-12T10:53:36Z
2012,REG,NYJ,6,00-0028032,DT,Kenrick Ellis,Kenrick,Ellis,Knee,,Doubtful,Knee,,Did Not Participate In Practice,2012-10-12T10:53:40Z
2012,REG,NYJ,6,00-0028049,WR,Edmond Gates,Edmond,Gates,Shoulder,,Doubtful,Shoulder,,Did Not Participate In Practice,2012-10-12T10:53:49Z
2012,REG,NYJ,6,00-0023523,DT,Sione Pouha,Sione,Pouha,Back,,Doubtful,Back,,Did Not Participate In Practice,2012-10-12T10:53:44Z
2012,REG,NYJ,6,00-0024312,S,Eric Smith,Eric,Smith,Knee,,Doubtful,Knee,,Did Not Participate In Practice,2012-10-12T10:53:59Z
2012,REG,NYJ,6,00-0024244,C,Nick Mangold,Nick,Mangold,Ankle,,Questionable,Ankle,,Limited Participation in Practice,2012-10-12T10:53:26Z
2012,REG,NYJ,6,00-0028292,LB,Nick Bellore,Nick,Bellore,Shoulder,,Probable,Shoulder,,Full Participation in Practice,2012-10-12T10:52:12Z
2012,REG,NYJ,6,00-0027338,CB,Aaron Berry,Aaron,Berry,Ribs,,Probable,Ribs,,Full Participation in Practice,2012-10-12T10:52:12Z
2012,REG,NYJ,6,00-0024234,CB,Antonio Cromartie,Antonio,Cromartie,Shoulder,,Probable,Shoulder,,Full Participation in Practice,2012-10-12T10:52:12Z
2012,REG,NYJ,6,00-0027321,TE,Jeff Cumberland,Jeff,Cumberland,Ribs,,Probable,Ribs,,Full Participation in Practice,2012-10-12T10:52:12Z
2012,REG,NYJ,6,00-0025434,LB,David Harris,David,Harris,Hamstring,,Probable,Hamstring,,Full Participation in Practice,2012-10-12T10:52:12Z
2012,REG,NYJ,6,00-0027297,T,Austin Howard,Austin,Howard,Back,,Probable,Back,,Full Participation in Practice,2012-10-12T10:52:12Z
2012,REG,NYJ,6,00-0028091,WR,Jeremy Kerley,Jeremy,Kerley,Illness,Finger,Probable,Illness,Finger,Full Participation in Practice,2012-10-12T10:52:12Z
2012,REG,NYJ,6,00-0025393,S,LaRon Landry,LaRon,Landry,Heel,,Probable,Heel,,Full Participation in Practice,2012-10-12T10:52:12Z
2012,REG,NYJ,6,00-0020969,G,Brandon Moore,Brandon,Moore,Hip,,Probable,Hip,,Full Participation in Practice,2012-10-12T10:52:12Z
2012,REG,NYJ,6,00-0022120,LB,Calvin Pace,Calvin,Pace,Achilles,,Probable,Achilles,,Full Participation in Practice,2012-10-12T10:52:12Z
2012,REG,NYJ,6,00-0026898,QB,Mark Sanchez,Mark,Sanchez,Back,,Probable,Back,,Full Participation in Practice,2012-10-12T10:52:12Z
2012,REG,NYJ,6,00-0020873,LB,Bart Scott,Bart,Scott,Toe,,Probable,Toe,,Full Participation in Practice,2012-10-12T10:52:12Z
2012,REG,NYJ,6,00-0026500,G,Matt Slauson,Matt,Slauson,Knee,,Probable,Knee,,Full Participation in Practice,2012-10-12T10:52:12Z
2012,REG,NYJ,6,00-0028995,WR,Stephen Hill,Stephen,Hill,Hamstring,,Probable,Hamstring,,Limited Participation in Practice,2012-10-12T10:52:12Z
2012,REG,NYJ,6,00-0026170,TE,Dustin Keller,Dustin,Keller,Hamstring,,Probable,Hamstring,,Limited Participation in Practice,2012-10-12T10:52:12Z
2012,REG,NYJ,6,00-0021081,LB,Bryan Thomas,Bryan,Thomas,Hamstring,,Probable,Hamstring,,Limited Participation in Practice,2012-10-12T10:52:12Z
2012,REG,OAK,6,00-0023487,T,Khalif Barnes,Khalif,Barnes,Groin,,Out,Groin,,Did Not Participate In Practice,2012-10-12T13:07:45Z
2012,REG,OAK,6,00-0028119,TE,Richard Gordon,Richard,Gordon,Hamstring,,Out,Hamstring,,Did Not Participate In Practice,2012-10-12T13:07:56Z
2012,REG,OAK,6,00-0022843,CB,Shawntae Spencer,Shawntae,Spencer,Foot,,Out,Foot,,Did Not Participate In Practice,2012-10-12T13:08:25Z
2012,REG,OAK,6,00-0022539,DT,Tommy Kelly,Tommy,Kelly,Foot,,Questionable,Foot,,Limited Participation in Practice,2012-10-12T13:08:12Z
2012,REG,OAK,6,00-0028179,TE,David Ausberry,David,Ausberry,Shoulder,,Probable,Shoulder,,Full Participation in Practice,2012-10-12T13:07:27Z
2012,REG,OAK,6,00-0026983,WR,Darrius Heyward-Bey,Darrius,Heyward-Bey,Concussion,,Probable,Concussion,,Full Participation in Practice,2012-10-12T13:07:27Z
2012,REG,OAK,6,00-0028063,RB,Taiwan Jones,Taiwan,Jones,Shoulder,,Probable,Shoulder,,Full Participation in Practice,2012-10-12T13:07:27Z
2012,REG,OAK,6,00-0026144,RB,Darren McFadden,Darren,McFadden,Shoulder,,Probable,Shoulder,,Full Participation in Practice,2012-10-12T13:07:27Z
2012,REG,OAK,6,00-0027135,TE,Brandon Myers,Brandon,Myers,Shoulder,,Probable,Shoulder,,Full Participation in Practice,2012-10-12T13:07:27Z
2012,REG,OAK,6,00-0027411,C,Alex Parsons,Alex,Parsons,Shoulder,,Probable,Shoulder,,Full Participation in Practice,2012-10-12T13:07:27Z
2012,REG,OAK,6,00-0019646,K,Sebastian Janikowski,Sebastian,Janikowski,left Groin,,Probable,left Groin,,Limited Participation in Practice,2012-10-12T13:07:27Z
2012,REG,OAK,6,00-0020442,DT,Richard Seymour,Richard,Seymour,Knee,,Probable,Knee,,Limited Participation in Practice,2012-10-12T13:07:27Z
2012,REG,PHI,6,00-0026578,S,Colt Anderson,Colt,Anderson,Knee,,Probable,Knee,,Full Participation in Practice,2012-10-12T12:05:42Z
2012,REG,PHI,6,00-0024324,WR,Jason Avant,Jason,Avant,Wrist,,Probable,Wrist,,Full Participation in Practice,2012-10-12T12:05:42Z
2012,REG,PHI,6,00-0029429,RB,Bryce Brown,Bryce,Brown,Shoulder,,Probable,Shoulder,,Full Participation in Practice,2012-10-12T12:05:42Z
2012,REG,PHI,6,00-0027758,WR,Riley Cooper,Riley,Cooper,Collarbone,,Probable,Collarbone,,Full Participation in Practice,2012-10-12T12:05:42Z
2012,REG,PHI,6,00-0021451,LS,Jon Dorenbos,Jon,Dorenbos,Ankle,,Probable,Ankle,,Full Participation in Practice,2012-10-12T12:05:42Z
2012,REG,PHI,6,00-0026370,T,King Dunlap,King,Dunlap,Hamstring,,Probable,Hamstring,,Full Participation in Practice,2012-10-12T12:05:42Z
2012,REG,PHI,6,00-0028178,RB,Stanley Havili,Stanley,Havili,Quadricep,,Probable,Quadricep,,Full Participation in Practice,2012-10-12T12:05:42Z
2012,REG,PHI,6,00-0025719,LB,Akeem Jordan,Akeem,Jordan,Hamstring,,Probable,Hamstring,,Full Participation in Practice,2012-10-12T12:05:42Z
2012,REG,PHI,6,00-0029409,LB,Mychal Kendricks,Mychal,Kendricks,Ankle,,Probable,Ankle,,Full Participation in Practice,2012-10-12T12:05:42Z
2012,REG,PHI,6,00-0025553,DT,Derek Landri,Derek,Landri,Knee,,Probable,Knee,,Full Participation in Practice,2012-10-12T12:05:42Z
2012,REG,PHI,6,00-0024278,DE,Darryl Tapp,Darryl,Tapp,Foot,,Probable,Foot,,Full Participation in Practice,2012-10-12T12:05:42Z
2012,REG,PIT,6,00-0022119,S,Troy Polamalu,Troy,Polamalu,Calf,,Out,Calf,,Did Not Participate In Practice,2012-10-10T09:42:27Z
2012,REG,PIT,6,00-0025433,LB,LaMarr Woodley,LaMarr,Woodley,Hamstring,,Out,Hamstring,,Did Not Participate In Practice,2012-10-10T09:42:33Z
2012,REG,PIT,6,00-0020712,LB,James Harrison,James,Harrison,Knee,,Probable,Knee,,Full Participation in Practice,2012-10-10T09:42:15Z
2012,REG,PIT,6,00-0026163,RB,Rashard Mendenhall,Rashard,Mendenhall,Knee,,Probable,Knee,,Full Participation in Practice,2012-10-10T09:42:15Z
2012,REG,PIT,6,00-0027765,LB,Stevenson Sylvester,Stevenson,Sylvester,Knee,,Probable,Knee,,Full Participation in Practice,2012-10-10T09:42:15Z
2012,REG,SD,6,00-0025787,T,Jared Gaither,Jared,Gaither,,,,Groin,,Did Not Participate In Practice,2012-10-12T13:54:22Z
2012,REG,SD,6,00-0022737,K,Nate Kaeding,Nate,Kaeding,,,,right Groin,,Did Not Participate In Practice,2012-10-12T13:54:22Z
2012,REG,SD,6,00-0026182,WR,Eddie Royal,Eddie,Royal,,,,Hamstring,,Did Not Participate In Practice,2012-10-12T13:54:35Z
2012,REG,SD,6,00-0024401,T,Jeromey Clary,Jeromey,Clary,,,,Foot,,Full Participation in Practice,2012-10-12T13:54:22Z
2012,REG,SD,6,00-0027864,RB,Ryan Mathews,Ryan,Mathews,,,,Ankle,,Full Participation in Practice,2012-10-12T13:54:22Z
2012,REG,SD,6,00-0022414,WR,Malcom Floyd,Malcom,Floyd,,,,Groin,,Limited Participation in Practice,2012-10-12T13:54:56Z
2012,REG,SD,6,00-0028027,CB,Shareece Wright,Shareece,Wright,,,,Foot,,Limited Participation in Practice,2012-10-12T13:54:22Z
2012,REG,SEA,6,00-0029277,DT,Jaye Howard,Jaye,Howard,Foot,,Out,Foot,,Did Not Participate In Practice,2012-10-12T13:04:50Z
2012,REG,SEA,6,00-0028013,G,John Moffitt,John,Moffitt,Knee,,Out,Knee,,Out (Definitely Will Not Play),2012-10-12T13:05:13Z
2012,REG,SEA,6,00-0026964,DT,Clinton McDonald,Clinton,McDonald,Groin,,Doubtful,Groin,,Did Not Participate In Practice,2012-10-12T13:05:04Z
2012,REG,SEA,6,00-0025399,RB,Marshawn Lynch,Marshawn,Lynch,Back,,Probable,Back,,Full Participation in Practice,2012-10-12T13:04:36Z
2012,REG,SEA,6,00-0027025,C,Max Unger,Max,Unger,Hip,,Probable,Hip,,Full Participation in Practice,2012-10-12T13:04:36Z
2012,REG,SF,6,00-0023545,RB,Brandon Jacobs,Brandon,Jacobs,Knee,,Questionable,Knee,,Full Participation in Practice,2012-10-12T14:32:41Z
2012,REG,SF,6,00-0022824,P,Andy Lee,Andy,Lee,Hand,,Probable,Hand,,Full Participation in Practice,2012-10-12T14:33:33Z
2012,REG,SF,6,00-0023436,QB,Alex Smith,Alex,Smith,right Finger,,Probable,right Finger,,Full Participation in Practice,2012-10-12T14:33:09Z
2012,REG,STL,6,00-0026035,WR,Danny Amendola,Danny,Amendola,Shoulder,,Out,Shoulder,,Did Not Participate In Practice,2012-10-12T12:12:27Z
2012,REG,STL,6,00-0022034,LB,Mario Haggan,Mario,Haggan,Thigh,,Out,Thigh,,Did Not Participate In Practice,2012-10-12T12:12:45Z
2012,REG,STL,6,00-0027648,T,Rodger Saffold,Rodger,Saffold,Knee,,Out,Knee,,Did Not Participate In Practice,2012-10-12T12:13:06Z
2012,REG,STL,6,00-0026243,DE,William Hayes,William,Hayes,Back,,Questionable,Back,,Did Not Participate In Practice,2012-10-12T12:13:57Z
2012,REG,STL,6,00-0028878,DT,Matt Conrath,Matt,Conrath,Knee,,Questionable,Knee,,Full Participation in Practice,2012-10-12T12:12:34Z
2012,REG,STL,6,00-0026712,RB,Brit Miller,Brit,Miller,Ankle,,Questionable,Ankle,,Full Participation in Practice,2012-10-12T12:13:00Z
2012,REG,STL,6,00-0027854,QB,Sam Bradford,Sam,Bradford,Knee,,Probable,Knee,,Full Participation in Practice,2012-10-12T12:13:32Z
2012,REG,STL,6,00-0028871,S,Matt Daniels,Matt,Daniels,Thigh,,Probable,Thigh,,Full Participation in Practice,2012-10-12T12:12:20Z
2012,REG,STL,6,00-0027787,DE,Eugene Sims,Eugene,Sims,Head,,Probable,Head,,Full Participation in Practice,2012-10-12T12:12:20Z
2012,REG,TB,6,00-0027055,DT,Roy Miller,Roy,Miller,Back,,Questionable,Back,,Limited Participation in Practice,2012-10-12T12:27:21Z
2012,REG,TB,6,00-0026304,G,Carl Nicks,Carl,Nicks,Toe,,Probable,Toe,,Full Participation in Practice,2012-10-12T12:27:14Z
2012,REG,TB,6,00-0024274,T,Jeremy Trueblood,Jeremy,Trueblood,Illness,,Probable,Illness,,Full Participation in Practice,2012-10-12T12:27:14Z
2012,REG,TB,6,00-0025440,CB,Eric Wright,Eric,Wright,Head,Illness,Probable,Head,Illness,Full Participation in Practice,2012-10-12T12:27:14Z
2012,REG,TEN,6,00-0027946,QB,Jake Locker,Jake,Locker,left Shoulder,,Out,left Shoulder,,Did Not Participate In Practice,2012-10-10T10:19:18Z
2012,REG,TEN,6,00-0025610,T,Mike Otto,Mike,Otto,Knee,,Out,Knee,,Did Not Participate In Practice,2012-10-10T10:19:31Z
2012,REG,TEN,6,00-0027120,RB,Javon Ringer,Javon,Ringer,Knee,,Out,Knee,,Did Not Participate In Practice,2012-10-10T10:19:38Z
2012,REG,TEN,6,00-0028047,LB,Colin McCarthy,Colin,McCarthy,Ankle,,Questionable,Ankle,,Did Not Participate In Practice,2012-10-10T10:19:23Z
2012,REG,TEN,6,00-0022409,S,Jordan Babineaux,Jordan,Babineaux,Knee,,Questionable,Knee,,Full Participation in Practice,2012-10-10T10:19:01Z
2012,REG,TEN,6,00-0025833,LB,Patrick Bailey,Patrick,Bailey,Hand,,Questionable,Hand,,Full Participation in Practice,2012-10-10T10:19:08Z
2012,REG,TEN,6,00-0029589,DE,Scott Solomon,Scott,Solomon,Hamstring,,Questionable,Hamstring,,Full Participation in Practice,2012-10-10T10:19:52Z
2012,REG,TEN,6,00-0027006,WR,Kenny Britt,Kenny,Britt,Ankle,,Probable,Ankle,,Full Participation in Practice,2012-10-10T10:18:46Z
2012,REG,TEN,6,00-0027066,CB,Ryan Mouton,Ryan,Mouton,Knee,,Probable,Knee,,Full Participation in Practice,2012-10-10T10:18:46Z
2012,REG,TEN,6,00-0027705,CB,Alterraun Verner,Alterraun,Verner,Thigh,,Probable,Thigh,,Full Participation in Practice,2012-10-10T10:18:46Z
2012,REG,WAS,6,00-0027833,DE,Doug Worthington,Doug,Worthington,Calf,,Out,Calf,,Did Not Participate In Practice,2012-10-12T11:25:32Z
2012,REG,WAS,6,00-0025411,S,Brandon Meriweather,Brandon,Meriweather,Knee,,Out,Knee,,Out (Definitely Will Not Play),2012-10-12T11:25:27Z
2012,REG,WAS,6,00-0029665,QB,Robert Griffin,Robert,Griffin,Head,,Questionable,Head,,Full Participation in Practice,2012-10-12T11:25:45Z
2012,REG,WAS,6,00-0026345,WR,Pierre Garcon,Pierre,Garcon,Foot,,Questionable,Foot,,Limited Participation in Practice,2012-10-12T11:25:59Z
2012,REG,WAS,6,00-0024263,CB,Cedric Griffin,Cedric,Griffin,Hamstring,,Questionable,Hamstring,,Limited Participation in Practice,2012-10-12T11:25:40Z
2012,REG,WAS,6,00-0024339,DT,Barry Cofield,Barry,Cofield,Shoulder,,Probable,Shoulder,,Full Participation in Practice,2012-10-12T11:26:14Z
2012,REG,WAS,6,00-0022923,CB,DeAngelo Hall,DeAngelo,Hall,Knee,,Probable,Knee,,Full Participation in Practice,2012-10-12T11:26:26Z
2012,REG,WAS,6,00-0028115,RB,Evan Royster,Evan,Royster,Knee,,Probable,Knee,,Full Participation in Practice,2012-10-12T11:25:18Z
2012,REG,ARI,7,00-0025423,QB,Kevin Kolb,Kevin,Kolb,Ribs,,Out,Ribs,,Did Not Participate In Practice,2012-10-19T12:54:28Z
2012,REG,ARI,7,00-0023557,S,Kerry Rhodes,Kerry,Rhodes,Back,,Out,Back,,Did Not Participate In Practice,2012-10-19T12:54:38Z
2012,REG,ARI,7,00-0028074,RB,Anthony Sherman,Anthony,Sherman,Knee,,Doubtful,Knee,,Did Not Participate In Practice,2012-10-19T12:54:46Z
2012,REG,ARI,7,00-0026910,CB,Gregory Toler,Gregory,Toler,Hamstring,,Doubtful,Hamstring,,Did Not Participate In Practice,2012-10-19T12:54:56Z
2012,REG,ARI,7,00-0026727,LB,Reggie Walker,Reggie,Walker,Head,,Questionable,Head,,Did Not Participate In Practice,2012-10-19T12:55:09Z
2012,REG,ARI,7,00-0025668,CB,Michael Adams,Michael,Adams,Hamstring,,Questionable,Hamstring,,Full Participation in Practice,2012-10-19T12:54:13Z
2012,REG,ARI,7,00-0020516,TE,Todd Heap,Todd,Heap,Knee,,Questionable,Knee,,Limited Participation in Practice,2012-10-19T12:54:22Z
2012,REG,ARI,7,00-0022930,DT,Darnell Dockett,Darnell,Dockett,Hamstring,,Probable,Hamstring,,Full Participation in Practice,2012-10-19T12:54:05Z
2012,REG,ARI,7,00-0027825,TE,Jim Dray,Jim,Dray,Knee,,Probable,Knee,,Full Participation in Practice,2012-10-19T12:54:05Z
2012,REG,ARI,7,00-0026192,LB,Quentin Groves,Quentin,Groves,Hamstring,,Probable,Hamstring,,Full Participation in Practice,2012-10-19T12:54:05Z
2012,REG,ARI,7,00-0019104,LB,Paris Lenon,Paris,Lenon,Knee,,Probable,Knee,,Full Participation in Practice,2012-10-19T12:54:05Z
2012,REG,ARI,7,00-0027730,LB,O'Brien Schofield,O'Brien,Schofield,Knee,,Probable,Knee,,Full Participation in Practice,2012-10-19T12:54:05Z
2012,REG,ARI,7,00-0023529,G,Adam Snyder,Adam,Snyder,Elbow,,Probable,Elbow,,Full Participation in Practice,2012-10-19T12:54:05Z
2012,REG,BAL,7,00-0020867,DT,Ma'ake Kemoeatu,Ma'ake,Kemoeatu,Knee,,Questionable,Knee,,Limited Participation in Practice,2012-10-19T10:12:05Z
2012,REG,BAL,7,00-0021383,T,Bryant McKinnie,Bryant,McKinnie,Thigh,,Questionable,Thigh,,Limited Participation in Practice,2012-10-19T10:12:11Z
2012,REG,BAL,7,00-0024227,DT,Haloti Ngata,Haloti,Ngata,Knee,,Questionable,Knee,,Limited Participation in Practice,2012-10-19T10:12:18Z
2012,REG,BAL,7,00-0027965,CB,Jimmy Smith,Jimmy,Smith,Abdomen,,Questionable,Abdomen,,Limited Participation in Practice,2012-10-19T10:12:27Z
2012,REG,BAL,7,00-0027792,T,Ramon Harewood,Ramon,Harewood,Head,,Probable,Head,,Full Participation in Practice,2012-10-19T10:11:58Z
2012,REG,BUF,7,00-0024373,DE,Mark Anderson,Mark,Anderson,Knee,,Out,Knee,,Did Not Participate In Practice,2012-10-19T09:28:55Z
2012,REG,BUF,7,00-0029561,T,Cordy Glenn,Cordy,Glenn,Ankle,,Out,Ankle,,Did Not Participate In Practice,2012-10-19T09:29:01Z
2012,REG,BUF,7,00-0027053,G,Kraig Urbik,Kraig,Urbik,Ankle,,Out,Ankle,,Did Not Participate In Practice,2012-10-19T09:29:08Z
2012,REG,BUF,7,00-0022610,DT,Spencer Johnson,Spencer,Johnson,Ankle,,Questionable,Ankle,,Limited Participation in Practice,2012-10-19T09:29:31Z
2012,REG,BUF,7,00-0022008,CB,Terrence McGee,Terrence,McGee,Knee,,Questionable,Knee,,Limited Participation in Practice,2012-10-19T09:29:35Z
2012,REG,BUF,7,00-0028038,S,Da'Norris Searcy,Da'Norris,Searcy,Ankle,,Questionable,Ankle,,Limited Participation in Practice,2012-10-19T09:29:40Z
2012,REG,BUF,7,00-0024348,DT,Kyle Williams,Kyle,Williams,Ankle,,Questionable,Ankle,,Limited Participation in Practice,2012-10-19T09:29:25Z
2012,REG,BUF,7,00-0024318,WR,Brad Smith,Brad,Smith,Chest,,Probable,Chest,,Full Participation in Practice,2012-10-19T09:28:50Z
2012,REG,BUF,7,00-0023750,DE,Mario Williams,Mario,Williams,Wrist,,Probable,Wrist,,Full Participation in Practice,2012-10-19T09:28:50Z
2012,REG,CAR,7,00-0022914,CB,Chris Gamble,Chris,Gamble,Shoulder,,Out,Shoulder,,Out (Definitely Will Not Play),2012-10-19T12:09:40Z
2012,REG,CAR,7,00-0025412,LB,Jon Beason,Jon,Beason,Knee,,Doubtful,Knee,,Did Not Participate In Practice,2012-10-19T12:09:09Z
2012,REG,CAR,7,00-0024734,DE,Antwan Applewhite,Antwan,Applewhite,Knee,,Probable,Knee,,Full Participation in Practice,2012-10-19T12:08:25Z
2012,REG,CAR,7,00-0023602,C,Geoff Hangartner,Geoff,Hangartner,Knee,,Probable,Knee,,Full Participation in Practice,2012-10-19T12:10:16Z
2012,REG,CAR,7,00-0028128,S,Colin Jones,Colin,Jones,Shoulder,,Probable,Shoulder,,Full Participation in Practice,2012-10-19T12:10:45Z
2012,REG,CHI,7,00-0026210,WR,Earl Bennett,Earl,Bennett,,,,Illness,,Did Not Participate In Practice,2012-10-19T13:55:04Z
2012,REG,CHI,7,00-0021140,DE,Julius Peppers,Julius,Peppers,,,,Coach's Decision,,Did Not Participate In Practice,2012-10-19T13:55:54Z
2012,REG,CHI,7,00-0025488,P,Adam Podlesh,Adam,Podlesh,,,,Not Injury Related,,Did Not Participate In Practice,2012-10-18T14:11:51Z
2012,REG,CHI,7,00-0019456,LB,Brian Urlacher,Brian,Urlacher,,,,Coach's Decision,,Did Not Participate In Practice,2012-10-19T13:56:25Z
2012,REG,CHI,7,00-0029137,WR,Alshon Jeffery,Alshon,Jeffery,Hand,,Out,Hand,,Out (Definitely Will Not Play),2012-10-20T12:30:51Z
2012,REG,CHI,7,00-0027743,CB,Sherrick McManis,Sherrick,McManis,Hip,,Questionable,Hip,,Limited Participation in Practice,2012-10-20T12:30:59Z
2012,REG,CHI,7,00-0024129,LB,Blake Costanzo,Blake,Costanzo,Thumb,,Probable,Thumb,,Full Participation in Practice,2012-10-20T12:30:32Z
2012,REG,CHI,7,00-0024272,WR,Devin Hester,Devin,Hester,Quadricep,,Probable,Quadricep,,Full Participation in Practice,2012-10-20T12:30:32Z
2012,REG,CIN,7,00-0028004,LB,Dontay Moch,Dontay,Moch,,,,Not Injury Related,,Did Not Participate In Practice,2012-10-18T13:11:46Z
2012,REG,CIN,7,00-0025439,RB,Brian Leonard,Brian,Leonard,Ribs,,Doubtful,Ribs,,Did Not Participate In Practice,2012-10-19T10:54:36Z
2012,REG,CIN,7,00-0029560,CB,Dre Kirkpatrick,Dre,Kirkpatrick,Knee,,Questionable,Knee,,Full Participation in Practice,2012-10-19T10:56:12Z
2012,REG,CIN,7,00-0028400,WR,Armon Binns,Armon,Binns,Ankle,,Questionable,Ankle,,Limited Participation in Practice,2012-10-19T10:54:51Z
2012,REG,CIN,7,00-0027918,WR,Andrew Hawkins,Andrew,Hawkins,Back,,Probable,Back,,Full Participation in Practice,2012-10-19T10:52:50Z
2012,REG,CIN,7,00-0029258,DT,Devon Still,Devon,Still,Shoulder,,Probable,Shoulder,,Full Participation in Practice,2012-10-19T10:52:50Z
2012,REG,CIN,7,00-0029592,G,Kevin Zeitler,Kevin,Zeitler,Elbow,,Probable,Elbow,,Full Participation in Practice,2012-10-19T10:52:50Z
2012,REG,CIN,7,00-0027731,LB,Roddrick Muckelroy,Roddrick,Muckelroy,Ankle,,Probable,Ankle,,Limited Participation in Practice,2012-10-19T10:55:59Z
2012,REG,CLE,7,00-0021259,LB,Scott Fujita,Scott,Fujita,Shoulder,Neck,Out,Shoulder,Neck,Did Not Participate In Practice,2012-10-19T12:38:02Z
2012,REG,CLE,7,00-0023727,CB,Dimitri Patterson,Dimitri,Patterson,Ankle,,Out,Ankle,,Did Not Participate In Practice,2012-10-19T12:38:48Z
2012,REG,CLE,7,00-0028088,G,Jason Pinkston,Jason,Pinkston,Illness,,Out,Illness,,Did Not Participate In Practice,2012-10-19T12:39:00Z
2012,REG,CLE,7,00-0029269,WR,Travis Benjamin,Travis,Benjamin,Hamstring,,Questionable,Hamstring,,Limited Participation in Practice,2012-10-19T12:37:51Z
2012,REG,CLE,7,00-0028924,CB,Tashaun Gipson,Tashaun,Gipson,Knee,,Questionable,Knee,,Limited Participation in Practice,2012-10-19T12:38:14Z
2012,REG,CLE,7,00-0027026,WR,Mohamed Massaquoi,Mohamed,Massaquoi,Hamstring,,Questionable,Hamstring,,Limited Participation in Practice,2012-10-19T12:38:37Z
2012,REG,CLE,7,00-0029675,RB,Trent Richardson,Trent,Richardson,Chest,Rib,Questionable,Chest,Rib,Limited Participation in Practice,2012-10-19T12:39:14Z
2012,REG,CLE,7,00-0026330,DT,Ahtyba Rubin,Ahtyba,Rubin,Calf,,Questionable,Calf,,Limited Participation in Practice,2012-10-19T12:39:26Z
2012,REG,CLE,7,00-0029287,LB,Tank Carder,Tank,Carder,Foot,,Probable,Foot,,Full Participation in Practice,2012-10-19T12:40:30Z
2012,REG,CLE,7,00-0029664,WR,Josh Gordon,Josh,Gordon,Knee,,Probable,Knee,,Full Participation in Practice,2012-10-19T12:40:49Z
2012,REG,CLE,7,00-0024306,DE,Frostee Rucker,Frostee,Rucker,Shoulder,Foot,Probable,Shoulder,Foot,Full Participation in Practice,2012-10-19T12:37:21Z
2012,REG,CLE,7,00-0029677,QB,Brandon Weeden,Brandon,Weeden,Foot,,Probable,Foot,,Full Participation in Practice,2012-10-19T12:37:21Z
2012,REG,CLE,7,00-0027997,WR,Greg Little,Greg,Little,Illness,,Probable,Illness,,Limited Participation in Practice,2012-10-19T12:37:21Z
2012,REG,CLE,7,00-0023316,S,Raymond Ventrone,Raymond,Ventrone,Hand,Calf,Probable,Hand,Calf,Limited Participation in Practice,2012-10-19T12:37:21Z
2012,REG,CLE,7,00-0027653,S,T.J. Ward,T.J.,Ward,Hand,,Probable,Hand,,Limited Participation in Practice,2012-10-19T12:37:21Z
2012,REG,CLE,7,00-0028309,LS,Christian Yount,Christian,Yount,Shoulder,,Probable,Shoulder,,Limited Participation in Practice,2012-10-19T12:37:21Z
2012,REG,DAL,7,00-0029648,S,Matt Johnson,Matt,Johnson,Hamstring,,Out,Hamstring,,Did Not Participate In Practice,2012-10-19T12:02:54Z
2012,REG,DAL,7,00-0027826,DT,Sean Lissemore,Sean,Lissemore,Ankle,,Out,Ankle,,Did Not Participate In Practice,2012-10-19T12:02:03Z
2012,REG,DAL,7,00-0028009,RB,DeMarco Murray,DeMarco,Murray,Foot,,Out,Foot,,Did Not Participate In Practice,2012-10-19T12:02:13Z
2012,REG,DAL,7,00-0027902,WR,Dez Bryant,Dez,Bryant,Groin,,Questionable,Groin,,Did Not Participate In Practice,2012-10-19T12:02:39Z
2012,REG,DAL,7,00-0024266,G,Ryan Cook,Ryan,Cook,Hamstring,,Questionable,Hamstring,,Did Not Participate In Practice,2012-10-19T12:00:34Z
2012,REG,DAL,7,00-0028664,P,Chris Jones,Chris,Jones,left Knee,,Questionable,left Knee,,Did Not Participate In Practice,2012-10-19T12:01:50Z
2012,REG,DAL,7,00-0025413,LB,Anthony Spencer,Anthony,Spencer,Shoulder,,Questionable,Shoulder,,Limited Participation in Practice,2012-10-19T12:02:23Z
2012,REG,DAL,7,00-0029676,CB,Morris Claiborne,Morris,Claiborne,Knee,,Probable,Knee,,Full Participation in Practice,2012-10-19T12:00:22Z
2012,REG,DAL,7,00-0027417,C,Phil Costa,Phil,Costa,Knee,,Probable,Knee,,Full Participation in Practice,2012-10-19T12:00:22Z
2012,REG,DAL,7,00-0011626,P,Brian Moorman,Brian,Moorman,right Groin,,Probable,right Groin,,Full Participation in Practice,2012-10-19T12:00:22Z
2012,REG,DET,7,00-0020382,DE,Kyle Vanden Bosch,Kyle,Vanden Bosch,,,,Not Injury Related,,Did Not Participate In Practice,2012-10-18T14:14:55Z
2012,REG,DET,7,00-0026674,CB,Jacob Lacey,Jacob,Lacey,Concussion,,Out,Concussion,,Did Not Participate In Practice,2012-10-20T11:54:16Z
2012,REG,DET,7,00-0029265,CB,Dwight Bentley,Dwight,Bentley,Shoulder,,Doubtful,Shoulder,,Limited Participation in Practice,2012-10-20T11:56:00Z
2012,REG,DET,7,00-0022906,DT,Corey Williams,Corey,Williams,Knee,,Questionable,Knee,,Did Not Participate In Practice,2012-10-20T11:55:51Z
2012,REG,DET,7,00-0027009,S,Louis Delmas,Louis,Delmas,Knee,,Probable,Knee,,Full Participation in Practice,2012-10-20T11:53:55Z
2012,REG,DET,7,00-0029210,DE,Ronnell Lewis,Ronnell,Lewis,Eye,,Probable,Eye,,Full Participation in Practice,2012-10-20T11:53:55Z
2012,REG,DET,7,00-0026232,DE,Cliff Avril,Cliff,Avril,Back,,Probable,Back,,Limited Participation in Practice,2012-10-20T11:53:55Z
2012,REG,DET,7,00-0026996,TE,Brandon Pettigrew,Brandon,Pettigrew,Knee,,Probable,Knee,,Limited Participation in Practice,2012-10-20T11:53:55Z
2012,REG,DET,7,00-0024331,TE,Stephen Tulloch,Stephen,Tulloch,Knee,,Probable,Knee,,Limited Participation in Practice,2012-10-20T11:53:55Z
2012,REG,DET,7,00-0027982,WR,Titus Young,Titus,Young,Knee,,Probable,Knee,,Limited Participation in Practice,2012-10-20T11:53:55Z
2012,REG,GB,7,00-0028124,LB,D.J. Smith,D.J.,Smith,,,,Knee,,Out (Definitely Will Not Play),2012-10-17T12:12:17Z
2012,REG,GB,7,00-0024267,WR,Greg Jennings,Greg,Jennings,Groin,,Out,Groin,,Did Not Participate In Practice,2012-10-19T12:21:11Z
2012,REG,GB,7,00-0029408,LB,Nick Perry,Nick,Perry,Knee,,Out,Knee,,Did Not Participate In Practice,2012-10-19T12:21:17Z
2012,REG,GB,7,00-0027440,CB,Sam Shields,Sam,Shields,Shin,Ankle,Out,Shin,Ankle,Did Not Participate In Practice,2012-10-19T12:21:29Z
2012,REG,GB,7,00-0026985,DT,B.J. Raji,B.J.,Raji,Ankle,,Out,Ankle,,Limited Participation in Practice,2012-10-19T12:21:21Z
2012,REG,GB,7,00-0028069,CB,Davon House,Davon,House,Shoulder,,Probable,Shoulder,,Full Participation in Practice,2012-10-19T12:20:53Z
2012,REG,GB,7,00-0029201,S,Sean Richardson,Sean,Richardson,Hamstring,,Probable,Hamstring,,Full Participation in Practice,2012-10-19T12:20:53Z
2012,REG,GB,7,00-0023459,QB,Aaron Rodgers,Aaron,Rodgers,Calf,,Probable,Calf,,Full Participation in Practice,2012-10-19T12:20:53Z
2012,REG,GB,7,00-0028079,TE,D.J. Williams,D.J.,Williams,Hamstring,,Probable,Hamstring,,Full Participation in Practice,2012-10-19T12:20:53Z
2012,REG,GB,7,00-0026231,TE,Jermichael Finley,Jermichael,Finley,Shoulder,,Probable,Shoulder,,Limited Participation in Practice,2012-10-19T12:20:53Z
2012,REG,GB,7,00-0028034,RB,Alex Green,Alex,Green,Shoulder,,Probable,Shoulder,,Limited Participation in Practice,2012-10-19T12:20:53Z
2012,REG,HOU,7,00-0024313,TE,Owen Daniels,Owen,Daniels,,,,Not Injury Related,,Limited Participation in Practice,2012-10-17T11:26:42Z
2012,REG,HOU,7,00-0026796,RB,Arian Foster,Arian,Foster,,,,Not Injury Related,,Limited Participation in Practice,2012-10-17T11:27:35Z
2012,REG,HOU,7,00-0022044,WR,Andre Johnson,Andre,Johnson,,,,Not Injury Related,,Limited Participation in Practice,2012-10-17T11:28:08Z
2012,REG,HOU,7,00-0022793,DE,Antonio Smith,Antonio,Smith,,,,Not Injury Related,,Limited Participation in Practice,2012-10-17T11:28:49Z
2012,REG,HOU,7,00-0028985,DT,David Hunter,David,Hunter,Toe,,Out,Toe,,Did Not Participate In Practice,2012-10-19T11:16:22Z
2012,REG,HOU,7,00-0026257,S,Quintin Demps,Quintin,Demps,Thumb,Forearm,Questionable,Thumb,Forearm,Limited Participation in Practice,2012-10-19T11:16:35Z
2012,REG,HOU,7,00-0024239,CB,Johnathan Joseph,Johnathan,Joseph,Groin,,Questionable,Groin,,Limited Participation in Practice,2012-10-19T11:16:42Z
2012,REG,HOU,7,00-0028536,LB,Bryan Braman,Bryan,Braman,Knee,Foot,Probable,Knee,Foot,Full Participation in Practice,2012-10-19T11:15:44Z
2012,REG,HOU,7,00-0027051,G,Antoine Caldwell,Antoine,Caldwell,Concussion,,Probable,Concussion,,Full Participation in Practice,2012-10-19T11:15:10Z
2012,REG,HOU,7,00-0023472,DT,Shaun Cody,Shaun,Cody,Back,,Probable,Back,,Full Participation in Practice,2012-10-19T11:15:10Z
2012,REG,HOU,7,00-0022137,LB,Bradie James,Bradie,James,Calf,,Probable,Calf,,Full Participation in Practice,2012-10-19T11:15:10Z
2012,REG,HOU,7,00-0028542,WR,Lestar Jean,Lestar,Jean,Knee,,Probable,Knee,,Full Participation in Practice,2012-10-19T11:15:10Z
2012,REG,HOU,7,00-0029413,C,Ben Jones,Ben,Jones,Knee,Illness,Probable,Knee,Illness,Full Participation in Practice,2012-10-19T11:15:28Z
2012,REG,HOU,7,00-0028082,S,Shiloh Keo,Shiloh,Keo,Neck,Back/Thumb,Probable,Neck,Back/Thumb,Full Participation in Practice,2012-10-19T11:15:10Z
2012,REG,HOU,7,00-0023633,C,Chris Myers,Chris,Myers,Hip,,Probable,Hip,,Full Participation in Practice,2012-10-19T11:15:10Z
2012,REG,HOU,7,00-0026417,LB,Jesse Nading,Jesse,Nading,Foot,Neck,Probable,Foot,Neck,Full Participation in Practice,2012-10-19T11:15:10Z
2012,REG,HOU,7,00-0028152,T,Derek Newton,Derek,Newton,Forearm,,Probable,Forearm,,Full Participation in Practice,2012-10-19T11:16:12Z
2012,REG,HOU,7,00-0022131,G,Wade Smith,Wade,Smith,Knee,,Probable,Knee,,Full Participation in Practice,2012-10-19T11:15:10Z
2012,REG,HOU,7,00-0027890,RB,Ben Tate,Ben,Tate,Toe,,Probable,Toe,,Full Participation in Practice,2012-10-19T11:15:10Z
2012,REG,IND,7,00-0025920,LB,Jerrell Freeman,Jerrell,Freeman,,,,Ankle,,Did Not Participate In Practice,2012-10-19T11:39:12Z
2012,REG,IND,7,00-0027003,RB,Donald Brown,Donald,Brown,Knee,,Out,Knee,,Did Not Participate In Practice,2012-10-19T11:44:02Z
2012,REG,IND,7,00-0027017,CB,Darius Butler,Darius,Butler,Shoulder,,Out,Shoulder,,Did Not Participate In Practice,2012-10-19T11:43:05Z
2012,REG,IND,7,00-0022059,LB,Robert Mathis,Robert,Mathis,Knee,,Out,Knee,,Did Not Participate In Practice,2012-10-19T11:44:46Z
2012,REG,IND,7,00-0027032,DT,Fili Moala,Fili,Moala,Knee,,Out,Knee,,Did Not Participate In Practice,2012-10-19T11:44:18Z
2012,REG,IND,7,00-0021998,DE,Cory Redding,Cory,Redding,Knee,,Out,Knee,,Did Not Participate In Practice,2012-10-19T11:44:33Z
2012,REG,IND,7,00-0027624,DT,Martin Tevaseu,Martin,Tevaseu,Ankle,,Out,Ankle,,Did Not Participate In Practice,2012-10-19T11:43:31Z
2012,REG,IND,7,00-0027892,LB,Pat Angerer,Pat,Angerer,Foot,,Questionable,Foot,,Full Participation in Practice,2012-10-19T11:42:40Z
2012,REG,IND,7,00-0026408,G,Joe Reitz,Joe,Reitz,Knee,,Questionable,Knee,,Full Participation in Practice,2012-10-19T11:42:21Z
2012,REG,IND,7,00-0027001,CB,Vontae Davis,Vontae,Davis,Ankle,,Probable,Ankle,,Full Participation in Practice,2012-10-19T11:41:52Z
2012,REG,IND,7,00-0021146,LB,Dwight Freeney,Dwight,Freeney,Ankle,,Probable,Ankle,,Full Participation in Practice,2012-10-19T11:41:52Z
2012,REG,IND,7,00-0024254,T,Winston Justice,Winston,Justice,Ankle,,Probable,Ankle,,Full Participation in Practice,2012-10-19T11:41:52Z
2012,REG,JAX,7,00-0027862,DT,Tyson Alualu,Tyson,Alualu,,,,Not Injury Related,,Full Participation in Practice,2012-10-18T12:41:45Z
2012,REG,JAX,7,00-0018956,C,Brad Meester,Brad,Meester,,,,Not Injury Related,,Full Participation in Practice,2012-10-18T12:42:11Z
2012,REG,JAX,7,00-0026253,S,Dwight Lowery,Dwight,Lowery,Ankle,,Out,Ankle,,Did Not Participate In Practice,2012-10-19T10:26:01Z
2012,REG,JAX,7,00-0025462,WR,Laurent Robinson,Laurent,Robinson,Concussion,,Out,Concussion,,Did Not Participate In Practice,2012-10-19T10:26:48Z
2012,REG,JAX,7,00-0022839,LB,Daryl Smith,Daryl,Smith,Groin,,Out,Groin,,Did Not Participate In Practice,2012-10-19T10:27:00Z
2012,REG,JAX,7,00-0024360,S,Dawan Landry,Dawan,Landry,Knee,,Probable,Knee,,Full Participation in Practice,2012-10-19T10:25:50Z
2012,REG,JAX,7,00-0027818,DE,George Selvie,George,Selvie,Knee,,Probable,Knee,,Full Participation in Practice,2012-10-19T10:25:27Z
2012,REG,MIN,7,00-0028108,S,Mistral Raymond,Mistral,Raymond,Ankle,,Out,Ankle,,Limited Participation in Practice,2012-10-19T10:49:24Z
2012,REG,MIN,7,00-0028198,RB,Matt Asiata,Matt,Asiata,Knee,,Questionable,Knee,,Limited Participation in Practice,2012-10-19T10:49:16Z
2012,REG,MIN,7,00-0025607,LB,Marvin Mitchell,Marvin,Mitchell,Calf,,Questionable,Calf,,Limited Participation in Practice,2012-10-19T10:49:08Z
2012,REG,MIN,7,00-0027701,DE,Everson Griffen,Everson,Griffen,Not Injury Related,,Probable,Not Injury Related,,Did Not Participate In Practice,2012-10-19T10:49:40Z
2012,REG,MIN,7,00-0022740,DE,Jared Allen,Jared,Allen,Groin,,Probable,Groin,,Full Participation in Practice,2012-10-19T10:48:58Z
2012,REG,MIN,7,00-0029575,S,Robert Blanton,Robert,Blanton,Hamstring,,Probable,Hamstring,,Full Participation in Practice,2012-10-19T10:48:58Z
2012,REG,MIN,7,00-0025394,RB,Adrian Peterson,Adrian,Peterson,Ankle,,Probable,Ankle,,Full Participation in Practice,2012-10-19T10:48:58Z
2012,REG,MIN,7,00-0027950,QB,Christian Ponder,Christian,Ponder,Knee,,Probable,Knee,,Full Participation in Practice,2012-10-19T10:48:58Z
2012,REG,MIN,7,00-0026186,WR,Jerome Simpson,Jerome,Simpson,Back,,Probable,Back,,Full Participation in Practice,2012-10-19T10:48:58Z
2012,REG,MIN,7,00-0018093,CB,Antoine Winfield,Antoine,Winfield,Knee,,Probable,Knee,,Limited Participation in Practice,2012-10-19T10:48:58Z
2012,REG,NE,7,00-0029239,RB,Brandon Bolden,Brandon,Bolden,Knee,,Out,Knee,,Did Not Participate In Practice,2012-10-19T12:21:12Z
2012,REG,NE,7,00-0023998,S,Steve Gregory,Steve,Gregory,Hip,,Out,Hip,,Did Not Participate In Practice,2012-10-19T12:22:33Z
2012,REG,NE,7,00-0021645,LB,Tracy White,Tracy,White,Foot,,Out,Foot,,Did Not Participate In Practice,2012-10-19T12:25:47Z
2012,REG,NE,7,00-0027016,DT,Ron Brace,Ron,Brace,Back,,Questionable,Back,,Limited Participation in Practice,2012-10-19T12:21:33Z
2012,REG,NE,7,00-0027010,S,Patrick Chung,Patrick,Chung,Shoulder,,Questionable,Shoulder,,Limited Participation in Practice,2012-10-19T12:21:48Z
2012,REG,NE,7,00-0027150,WR,Julian Edelman,Julian,Edelman,Hand,,Questionable,Hand,,Limited Participation in Practice,2012-10-19T12:21:56Z
2012,REG,NE,7,00-0027656,TE,Rob Gronkowski,Rob,Gronkowski,Hip,,Questionable,Hip,,Limited Participation in Practice,2012-10-19T12:22:57Z
2012,REG,NE,7,00-0027713,TE,Aaron Hernandez,Aaron,Hernandez,Ankle,,Questionable,Ankle,,Limited Participation in Practice,2012-10-19T12:23:05Z
2012,REG,NE,7,00-0029669,LB,Dont'a Hightower,Dont'a,Hightower,Hamstring,,Questionable,Hamstring,,Limited Participation in Practice,2012-10-19T12:23:19Z
2012,REG,NE,7,00-0023467,G,Logan Mankins,Logan,Mankins,Calf,Hip,Questionable,Calf,Hip,Limited Participation in Practice,2012-10-19T12:23:36Z
2012,REG,NE,7,00-0027435,C,Nick McDonald,Nick,McDonald,Shoulder,,Questionable,Shoulder,,Limited Participation in Practice,2012-10-19T12:24:03Z
2012,REG,NE,7,00-0028767,CB,Sterling Moore,Sterling,Moore,Knee,,Questionable,Knee,,Limited Participation in Practice,2012-10-19T12:25:14Z
2012,REG,NE,7,00-0027034,T,Sebastian Vollmer,Sebastian,Vollmer,Back,Knee,Questionable,Back,Knee,Limited Participation in Practice,2012-10-19T12:25:24Z
2012,REG,NE,7,00-0022427,WR,Wes Welker,Wes,Welker,Ankle,,Questionable,Ankle,,Limited Participation in Practice,2012-10-19T12:25:37Z
2012,REG,NE,7,00-0027236,DT,Kyle Love,Kyle,Love,Knee,,Probable,Knee,,Full Participation in Practice,2012-10-19T12:20:51Z
2012,REG,NO,7,00-0025999,LB,David Hawthorne,David,Hawthorne,Hamstring,,Out,Hamstring,,Did Not Participate In Practice,2012-10-19T10:58:28Z
2012,REG,NO,7,00-0027696,TE,Jimmy Graham,Jimmy,Graham,Ankle,,Questionable,Ankle,,Limited Participation in Practice,2012-10-19T10:58:42Z
2012,REG,NO,7,00-0029205,RB,Travaris Cadet,Travaris,Cadet,Shoulder,,Probable,Shoulder,,Full Participation in Practice,2012-10-19T10:58:19Z
2012,REG,NO,7,00-0026832,LB,Jonathan Casillas,Jonathan,Casillas,Neck,,Probable,Neck,,Full Participation in Practice,2012-10-19T10:58:19Z
2012,REG,NO,7,00-0024323,G,Jahri Evans,Jahri,Evans,Toe,,Probable,Toe,,Full Participation in Practice,2012-10-19T10:58:19Z
2012,REG,NO,7,00-0022527,CB,Jabari Greer,Jabari,Greer,Groin,,Probable,Groin,,Full Participation in Practice,2012-10-19T10:58:19Z
2012,REG,NO,7,00-0025441,DE,Turk McBride,Turk,McBride,Ankle,,Probable,Ankle,,Full Participation in Practice,2012-10-19T10:58:19Z
2012,REG,NO,7,00-0023310,WR,Lance Moore,Lance,Moore,Hamstring,,Probable,Hamstring,,Full Participation in Practice,2012-10-19T10:58:19Z
2012,REG,NO,7,00-0022040,LB,Scott Shanle,Scott,Shanle,Illness,,Probable,Illness,,Full Participation in Practice,2012-10-19T10:58:19Z
2012,REG,NYG,7,00-0021261,DT,Rocky Bernard,Rocky,Bernard,Quadricep,,Out,Quadricep,,Did Not Participate In Practice,2012-10-19T10:23:54Z
2012,REG,NYG,7,00-0026171,S,Kenny Phillips,Kenny,Phillips,Knee,,Out,Knee,,Did Not Participate In Practice,2012-10-19T10:24:22Z
2012,REG,NYG,7,00-0028159,RB,Da'Rel Scott,Da'Rel,Scott,Knee,,Out,Knee,,Did Not Participate In Practice,2012-10-19T10:24:31Z
2012,REG,NYG,7,00-0028140,LB,Jacquian Williams,Jacquian,Williams,Knee,,Out,Knee,,Did Not Participate In Practice,2012-10-19T10:24:40Z
2012,REG,NYG,7,00-0025637,RB,Ahmad Bradshaw,Ahmad,Bradshaw,Foot,,Questionable,Foot,,Did Not Participate In Practice,2012-10-19T10:24:09Z
2012,REG,NYG,7,00-0023593,LB,Michael Boley,Michael,Boley,Hip,,Questionable,Hip,,Limited Participation in Practice,2012-10-19T10:24:02Z
2012,REG,NYG,7,00-0027094,RB,Andre Brown,Andre,Brown,Concussion,,Probable,Concussion,,Full Participation in Practice,2012-10-19T10:23:45Z
2012,REG,NYG,7,00-0023478,CB,Corey Webster,Corey,Webster,Hand,Hamstring,Probable,Hand,Hamstring,Full Participation in Practice,2012-10-19T10:23:45Z
2012,REG,NYG,7,00-0027005,WR,Hakeem Nicks,Hakeem,Nicks,Foot,Knee,Probable,Foot,Knee,Limited Participation in Practice,2012-10-19T10:23:45Z
2012,REG,NYJ,7,00-0028032,DT,Kenrick Ellis,Kenrick,Ellis,Knee,,Doubtful,Knee,,Did Not Participate In Practice,2012-10-19T13:01:20Z
2012,REG,NYJ,7,00-0028064,RB,Bilal Powell,Bilal,Powell,Shoulder,,Doubtful,Shoulder,,Did Not Participate In Practice,2012-10-19T13:01:33Z
2012,REG,NYJ,7,00-0024312,S,Eric Smith,Eric,Smith,Knee,,Doubtful,Knee,,Did Not Participate In Practice,2012-10-19T13:01:25Z
2012,REG,NYJ,7,00-0023523,DT,Sione Pouha,Sione,Pouha,Back,,Doubtful,Back,,Limited Participation in Practice,2012-10-19T13:01:59Z
2012,REG,NYJ,7,00-0027712,RB,Joe McKnight,Joe,McKnight,Ankle,,Questionable,Ankle,,Did Not Participate In Practice,2012-10-19T13:02:35Z
2012,REG,NYJ,7,00-0028049,WR,Edmond Gates,Edmond,Gates,Shoulder,,Questionable,Shoulder,,Limited Participation in Practice,2012-10-19T13:02:15Z
2012,REG,NYJ,7,00-0024244,C,Nick Mangold,Nick,Mangold,Ankle,,Questionable,Ankle,,Limited Participation in Practice,2012-10-19T13:02:41Z
2012,REG,NYJ,7,00-0028995,WR,Stephen Hill,Stephen,Hill,Hamstring,,Probable,Hamstring,,Full Participation in Practice,2012-10-19T13:00:49Z
2012,REG,NYJ,7,00-0026170,TE,Dustin Keller,Dustin,Keller,Hamstring,,Probable,Hamstring,,Full Participation in Practice,2012-10-19T13:00:49Z
2012,REG,NYJ,7,00-0028091,WR,Jeremy Kerley,Jeremy,Kerley,Finger,,Probable,Finger,,Full Participation in Practice,2012-10-19T13:00:49Z
2012,REG,NYJ,7,00-0025393,S,LaRon Landry,LaRon,Landry,Heel,,Probable,Heel,,Full Participation in Practice,2012-10-19T13:00:49Z
2012,REG,NYJ,7,00-0020969,G,Brandon Moore,Brandon,Moore,Hip,,Probable,Hip,,Full Participation in Practice,2012-10-19T13:00:49Z
2012,REG,NYJ,7,00-0022120,LB,Calvin Pace,Calvin,Pace,Shoulder,,Probable,Shoulder,,Full Participation in Practice,2012-10-19T13:00:49Z
2012,REG,NYJ,7,00-0026898,QB,Mark Sanchez,Mark,Sanchez,Back,,Probable,Back,,Full Participation in Practice,2012-10-19T13:00:49Z
2012,REG,NYJ,7,00-0026500,G,Matt Slauson,Matt,Slauson,Knee,,Probable,Knee,,Full Participation in Practice,2012-10-19T13:00:49Z
2012,REG,NYJ,7,00-0020873,LB,Bart Scott,Bart,Scott,Toe,,Probable,Toe,,Limited Participation in Practice,2012-10-19T13:00:49Z
2012,REG,NYJ,7,00-0021081,LB,Bryan Thomas,Bryan,Thomas,Hamstring,,Probable,Hamstring,,Limited Participation in Practice,2012-10-19T13:00:49Z
2012,REG,OAK,7,00-0026983,WR,Darrius Heyward-Bey,Darrius,Heyward-Bey,,,,Shoulder,,Full Participation in Practice,2012-10-18T13:52:09Z
2012,REG,OAK,7,00-0023487,T,Khalif Barnes,Khalif,Barnes,Groin,,Out,Groin,,Did Not Participate In Practice,2012-10-19T12:47:08Z
2012,REG,OAK,7,00-0028119,TE,Richard Gordon,Richard,Gordon,Hamstring,,Out,Hamstring,,Did Not Participate In Practice,2012-10-19T12:47:26Z
2012,REG,OAK,7,00-0022843,CB,Shawntae Spencer,Shawntae,Spencer,Foot,,Out,Foot,,Did Not Participate In Practice,2012-10-19T12:48:01Z
2012,REG,OAK,7,00-0027411,C,Alex Parsons,Alex,Parsons,Shoulder,Back,Questionable,Shoulder,Back,Did Not Participate In Practice,2012-10-19T12:47:49Z
2012,REG,OAK,7,00-0028063,RB,Taiwan Jones,Taiwan,Jones,Knee,,Questionable,Knee,,Limited Participation in Practice,2012-10-19T12:47:38Z
2012,REG,OAK,7,00-0023846,G,Mike Brisiel,Mike,Brisiel,Concussion,,Probable,Concussion,,Full Participation in Practice,2012-10-19T12:47:15Z
2012,REG,OAK,7,00-0026144,RB,Darren McFadden,Darren,McFadden,Shoulder,,Probable,Shoulder,,Full Participation in Practice,2012-10-19T12:46:52Z
2012,REG,OAK,7,00-0028086,WR,Denarius Moore,Denarius,Moore,Shoulder,,Probable,Shoulder,,Full Participation in Practice,2012-10-19T12:46:52Z
2012,REG,OAK,7,00-0027135,TE,Brandon Myers,Brandon,Myers,Ear,Knee,Probable,Ear,Knee,Full Participation in Practice,2012-10-19T12:46:52Z
2012,REG,OAK,7,00-0019646,K,Sebastian Janikowski,Sebastian,Janikowski,left Groin,,Probable,left Groin,,Limited Participation in Practice,2012-10-19T12:47:32Z
2012,REG,OAK,7,00-0020442,DT,Richard Seymour,Richard,Seymour,Knee,,Probable,Knee,,Limited Participation in Practice,2012-10-19T12:46:52Z
2012,REG,PIT,7,00-0028100,LB,Chris Carter,Chris,Carter,Hamstring,,Out,Hamstring,,Did Not Participate In Practice,2012-10-19T10:09:54Z
2012,REG,PIT,7,00-0028001,T,Marcus Gilbert,Marcus,Gilbert,Ankle,,Out,Ankle,,Did Not Participate In Practice,2012-10-19T10:09:59Z
2012,REG,PIT,7,00-0026163,RB,Rashard Mendenhall,Rashard,Mendenhall,Achilles,,Out,Achilles,,Did Not Participate In Practice,2012-10-19T10:10:07Z
2012,REG,PIT,7,00-0022119,S,Troy Polamalu,Troy,Polamalu,Calf,,Out,Calf,,Did Not Participate In Practice,2012-10-19T10:10:17Z
2012,REG,PIT,7,00-0026566,RB,Isaac Redman,Isaac,Redman,Ankle,,Out,Ankle,,Did Not Participate In Practice,2012-10-19T10:10:34Z
2012,REG,PIT,7,00-0027870,C,Maurkice Pouncey,Maurkice,Pouncey,Knee,,Questionable,Knee,,Limited Participation in Practice,2012-10-19T10:10:26Z
2012,REG,PIT,7,00-0024356,LB,Brandon Johnson,Brandon,Johnson,Hamstring,,Probable,Hamstring,,Full Participation in Practice,2012-10-19T10:09:47Z
2012,REG,PIT,7,00-0025402,LB,Lawrence Timmons,Lawrence,Timmons,Foot,,Probable,Foot,,Full Participation in Practice,2012-10-19T10:09:47Z
2012,REG,SEA,7,00-0028013,G,John Moffitt,John,Moffitt,Knee,,Out,Knee,,Out (Definitely Will Not Play),2012-10-17T12:51:39Z
2012,REG,SEA,7,00-0028111,CB,Byron Maxwell,Byron,Maxwell,Hamstring,,Doubtful,Hamstring,,Did Not Participate In Practice,2012-10-17T12:51:29Z
2012,REG,SEA,7,00-0027733,S,Kam Chancellor,Kam,Chancellor,Ankle,,Probable,Ankle,,Full Participation in Practice,2012-10-17T12:51:23Z
2012,REG,SEA,7,00-0026964,DT,Clinton McDonald,Clinton,McDonald,Groin,,Probable,Groin,,Full Participation in Practice,2012-10-17T12:51:23Z
2012,REG,SF,7,00-0023545,RB,Brandon Jacobs,Brandon,Jacobs,Knee,,Questionable,Knee,,Full Participation in Practice,2012-10-17T13:30:45Z
2012,REG,SF,7,00-0026235,WR,Mario Manningham,Mario,Manningham,Shoulder,,Questionable,Shoulder,,Limited Participation in Practice,2012-10-17T13:31:11Z
2012,REG,SF,7,00-0025415,T,Joe Staley,Joe,Staley,Concussion,,Questionable,Concussion,,Limited Participation in Practice,2012-10-17T13:30:53Z
2012,REG,SF,7,00-0000108,K,David Akers,David,Akers,Illness,,Probable,Illness,,Full Participation in Practice,2012-10-17T13:30:31Z
2012,REG,SF,7,00-0026211,LB,Tavares Gooden,Tavares,Gooden,Elbow,,Probable,Elbow,,Full Participation in Practice,2012-10-17T13:30:31Z
2012,REG,SF,7,00-0022824,P,Andy Lee,Andy,Lee,Hand,,Probable,Hand,,Full Participation in Practice,2012-10-17T13:30:31Z
2012,REG,SF,7,00-0023436,QB,Alex Smith,Alex,Smith,right Finger,,Probable,right Finger,,Full Participation in Practice,2012-10-17T13:30:31Z
2012,REG,STL,7,00-0026035,WR,Danny Amendola,Danny,Amendola,Shoulder,,Out,Shoulder,,Did Not Participate In Practice,2012-10-19T12:38:28Z
2012,REG,STL,7,00-0022034,LB,Mario Haggan,Mario,Haggan,Thigh,,Out,Thigh,,Did Not Participate In Practice,2012-10-19T12:38:34Z
2012,REG,STL,7,00-0027648,T,Rodger Saffold,Rodger,Saffold,Knee,,Out,Knee,,Did Not Participate In Practice,2012-10-19T12:38:46Z
2012,REG,STL,7,00-0022000,T,Wayne Hunter,Wayne,Hunter,Back,,Questionable,Back,,Did Not Participate In Practice,2012-10-19T12:38:40Z
2012,REG,STL,7,00-0029681,CB,Janoris Jenkins,Janoris,Jenkins,Back,,Probable,Back,,Full Participation in Practice,2012-10-19T12:38:22Z
2012,REG,TB,7,00-0026304,G,Carl Nicks,Carl,Nicks,Foot,,Probable,Foot,,Full Participation in Practice,2012-10-19T13:22:17Z
2012,REG,TB,7,00-0023496,WR,Vincent Jackson,Vincent,Jackson,Calf,,Probable,Calf,,Limited Participation in Practice,2012-10-19T13:22:17Z
2012,REG,TEN,7,00-0029566,LB,Zach Brown,Zach,Brown,,,,Illness,,Did Not Participate In Practice,2012-10-17T13:31:18Z
2012,REG,TEN,7,00-0020466,G,Steve Hutchinson,Steve,Hutchinson,,,,Not Injury Related,,Did Not Participate In Practice,2012-10-18T13:27:05Z
2012,REG,TEN,7,00-0028189,CB,Tommie Campbell,Tommie,Campbell,Ankle,,Out,Ankle,,Did Not Participate In Practice,2012-10-19T11:05:04Z
2012,REG,TEN,7,00-0027946,QB,Jake Locker,Jake,Locker,left Shoulder,,Out,left Shoulder,,Did Not Participate In Practice,2012-10-19T11:05:20Z
2012,REG,TEN,7,00-0027120,RB,Javon Ringer,Javon,Ringer,Knee,,Out,Knee,,Did Not Participate In Practice,2012-10-19T11:05:41Z
2012,REG,TEN,7,00-0028047,LB,Colin McCarthy,Colin,McCarthy,Ankle,,Questionable,Ankle,,Did Not Participate In Practice,2012-10-19T11:05:27Z
2012,REG,TEN,7,00-0025610,T,Mike Otto,Mike,Otto,Knee,,Questionable,Knee,,Full Participation in Practice,2012-10-19T11:05:34Z
2012,REG,TEN,7,00-0028015,DT,Jurrell Casey,Jurrell,Casey,Shoulder,,Questionable,Shoulder,,Limited Participation in Practice,2012-10-19T11:05:11Z
2012,REG,TEN,7,00-0025833,DT,Patrick Bailey,Patrick,Bailey,Hand,,Probable,Hand,,Full Participation in Practice,2012-10-19T11:04:56Z
2012,REG,WAS,7,00-0023954,DE,Stephen Bowen,Stephen,Bowen,,,,Not Injury Related,,Limited Participation in Practice,2012-10-17T12:45:23Z
2012,REG,WAS,7,00-0005322,LB,London Fletcher,London,Fletcher,,,,Not Injury Related,,Limited Participation in Practice,2012-10-17T12:45:15Z
2012,REG,WAS,7,00-0025411,S,Brandon Meriweather,Brandon,Meriweather,Knee,,Out,Knee,,Out (Definitely Will Not Play),2012-10-19T11:01:06Z
2012,REG,WAS,7,00-0026345,WR,Pierre Garcon,Pierre,Garcon,Foot,,Doubtful,Foot,,Did Not Participate In Practice,2012-10-19T11:00:37Z
2012,REG,WAS,7,00-0025532,CB,David Jones,David,Jones,Achilles,,Questionable,Achilles,,Did Not Participate In Practice,2012-10-19T11:00:56Z
2012,REG,WAS,7,00-0024515,P,Saverio Rocca,Saverio,Rocca,right Knee,,Questionable,right Knee,,Did Not Participate In Practice,2012-10-19T11:01:20Z
2012,REG,WAS,7,00-0026852,RB,Darrel Young,Darrel,Young,Hamstring,,Questionable,Hamstring,,Did Not Participate In Practice,2012-10-19T11:01:28Z
2012,REG,WAS,7,00-0024263,CB,Cedric Griffin,Cedric,Griffin,Hamstring,,Questionable,Hamstring,,Limited Participation in Practice,2012-10-19T11:00:45Z
2012,REG,WAS,7,00-0027799,S,Jordan Pugh,Jordan,Pugh,Head,,Questionable,Head,,Limited Participation in Practice,2012-10-19T11:01:13Z
2012,REG,WAS,7,00-0024339,DT,Barry Cofield,Barry,Cofield,Shoulder,,Probable,Shoulder,,Full Participation in Practice,2012-10-19T11:00:11Z
2012,REG,WAS,7,00-0026188,TE,Fred Davis,Fred,Davis,Knee,,Probable,Knee,,Full Participation in Practice,2012-10-19T11:00:11Z
2012,REG,WAS,7,00-0022923,CB,DeAngelo Hall,DeAngelo,Hall,Knee,,Probable,Knee,,Full Participation in Practice,2012-10-19T11:00:11Z
2012,REG,WAS,7,00-0027833,DE,Doug Worthington,Doug,Worthington,Calf,,Probable,Calf,,Full Participation in Practice,2012-10-19T11:00:11Z
2012,REG,ARI,8,00-0025423,QB,Kevin Kolb,Kevin,Kolb,Ribs,,Out,Ribs,,Did Not Participate In Practice,2012-10-27T13:29:33Z
2012,REG,ARI,8,00-0026910,CB,Gregory Toler,Gregory,Toler,Hamstring,,Doubtful,Hamstring,,Did Not Participate In Practice,2012-10-27T13:29:49Z
2012,REG,ARI,8,00-0027825,TE,Jim Dray,Jim,Dray,Knee,,Questionable,Knee,,Limited Participation in Practice,2012-10-27T13:29:12Z
2012,REG,ARI,8,00-0029639,CB,Jamell Fleming,Jamell,Fleming,Back,,Questionable,Back,,Limited Participation in Practice,2012-10-27T13:29:25Z
2012,REG,ARI,8,00-0020516,TE,Todd Heap,Todd,Heap,Knee,,Questionable,Knee,,Limited Participation in Practice,2012-10-27T13:29:59Z
2012,REG,ARI,8,00-0023557,S,Kerry Rhodes,Kerry,Rhodes,Back,,Questionable,Back,,Limited Participation in Practice,2012-10-27T13:30:25Z
2012,REG,ARI,8,00-0028074,RB,Anthony Sherman,Anthony,Sherman,Knee,,Questionable,Knee,,Limited Participation in Practice,2012-10-27T13:30:07Z
2012,REG,ARI,8,00-0023529,G,Adam Snyder,Adam,Snyder,Quadricep,,Questionable,Quadricep,,Limited Participation in Practice,2012-10-27T13:30:45Z
2012,REG,ARI,8,00-0025668,CB,Michael Adams,Michael,Adams,Hamstring,,Probable,Hamstring,,Full Participation in Practice,2012-10-27T13:28:42Z
2012,REG,ARI,8,00-0026190,DE,Calais Campbell,Calais,Campbell,Quadricep,,Probable,Quadricep,,Full Participation in Practice,2012-10-27T13:28:42Z
2012,REG,ARI,8,00-0026192,LB,Quentin Groves,Quentin,Groves,Hamstring,,Probable,Hamstring,,Full Participation in Practice,2012-10-27T13:28:42Z
2012,REG,ARI,8,00-0019104,LB,Paris Lenon,Paris,Lenon,Ankle,,Probable,Ankle,,Full Participation in Practice,2012-10-27T13:28:42Z
2012,REG,ARI,8,00-0023567,S,James Sanders,James,Sanders,Knee,,Probable,Knee,,Full Participation in Practice,2012-10-27T13:28:42Z
2012,REG,ARI,8,00-0027730,LB,O'Brien Schofield,O'Brien,Schofield,Knee,,Probable,Knee,,Full Participation in Practice,2012-10-27T13:28:42Z
2012,REG,ARI,8,00-0027754,QB,John Skelton,John,Skelton,Ankle,,Probable,Ankle,,Full Participation in Practice,2012-10-27T13:28:42Z
2012,REG,ARI,8,00-0026727,LB,Reggie Walker,Reggie,Walker,Head,,Probable,Head,,Full Participation in Practice,2012-10-27T13:28:42Z
2012,REG,ARI,8,00-0022930,DT,Darnell Dockett,Darnell,Dockett,Hamstring,,Probable,Hamstring,,Limited Participation in Practice,2012-10-27T13:28:42Z
2012,REG,ATL,8,00-0026224,WR,Harry Douglas,Harry,Douglas,Knee,Ankle,Out,Knee,Ankle,Did Not Participate In Practice,2012-10-26T09:49:12Z
2012,REG,ATL,8,00-0027110,G,Garrett Reynolds,Garrett,Reynolds,Back,,Questionable,Back,,Limited Participation in Practice,2012-10-26T09:49:23Z
2012,REG,ATL,8,00-0023494,DT,Jonathan Babineaux,Jonathan,Babineaux,Groin,,Probable,Groin,,Full Participation in Practice,2012-10-26T09:49:01Z
2012,REG,ATL,8,00-0027202,TE,Michael Palmer,Michael,Palmer,Shoulder,,Probable,Shoulder,,Full Participation in Practice,2012-10-26T09:49:01Z
2012,REG,ATL,8,00-0026855,RB,Antone Smith,Antone,Smith,Hamstring,,Probable,Hamstring,,Full Participation in Practice,2012-10-26T09:49:01Z
2012,REG,CAR,8,00-0024734,DE,Antwan Applewhite,Antwan,Applewhite,Thigh,,Out,Thigh,,Out (Definitely Will Not Play),2012-10-26T11:45:26Z
2012,REG,CAR,8,00-0025412,LB,Jon Beason,Jon,Beason,Knee,,Out,Knee,,Out (Definitely Will Not Play),2012-10-26T11:45:55Z
2012,REG,CAR,8,00-0028742,DE,Thomas Keiser,Thomas,Keiser,Elbow,,Doubtful,Elbow,,Did Not Participate In Practice,2012-10-26T11:47:33Z
2012,REG,CAR,8,00-0022750,DT,Dwan Edwards,Dwan,Edwards,Hand,,Probable,Hand,,Full Participation in Practice,2012-10-26T11:46:21Z
2012,REG,CAR,8,00-0022847,TE,Ben Hartsock,Ben,Hartsock,Calf,,Probable,Calf,,Full Participation in Practice,2012-10-26T11:46:48Z
2012,REG,CAR,8,00-0025470,DE,Charles Johnson,Charles,Johnson,Hip,,Probable,Hip,,Full Participation in Practice,2012-10-26T11:47:08Z
2012,REG,CAR,8,00-0026944,CB,Captain Munnerlyn,Captain,Munnerlyn,leg,,Probable,leg,,Full Participation in Practice,2012-10-26T11:47:57Z
2012,REG,CHI,8,00-0027743,CB,Sherrick McManis,Sherrick,McManis,,,,Hip,,Full Participation in Practice,2012-10-24T12:47:45Z
2012,REG,CHI,8,00-0029137,WR,Alshon Jeffery,Alshon,Jeffery,Hand,,Out,Hand,,Out (Definitely Will Not Play),2012-10-26T11:25:16Z
2012,REG,CHI,8,00-0024226,QB,Jay Cutler,Jay,Cutler,Ribs,,Probable,Ribs,,Full Participation in Practice,2012-10-26T11:25:04Z
2012,REG,CHI,8,00-0027761,TE,Brody Eldridge,Brody,Eldridge,Illness,,Probable,Illness,,Full Participation in Practice,2012-10-26T11:25:04Z
2012,REG,CLE,8,00-0021259,LB,Scott Fujita,Scott,Fujita,Shoulder,Neck,Out,Shoulder,Neck,Did Not Participate In Practice,2012-10-26T11:23:56Z
2012,REG,CLE,8,00-0023727,CB,Dimitri Patterson,Dimitri,Patterson,Ankle,,Out,Ankle,,Did Not Participate In Practice,2012-10-26T11:25:16Z
2012,REG,CLE,8,00-0026330,DT,Ahtyba Rubin,Ahtyba,Rubin,Calf,,Out,Calf,,Did Not Participate In Practice,2012-10-26T11:25:46Z
2012,REG,CLE,8,00-0028924,S,Tashaun Gipson,Tashaun,Gipson,Knee,,Questionable,Knee,,Limited Participation in Practice,2012-10-26T11:24:20Z
2012,REG,CLE,8,00-0027026,WR,Mohamed Massaquoi,Mohamed,Massaquoi,Hamstring,,Questionable,Hamstring,,Limited Participation in Practice,2012-10-26T11:24:43Z
2012,REG,CLE,8,00-0029675,RB,Trent Richardson,Trent,Richardson,Chest,Rib,Questionable,Chest,Rib,Limited Participation in Practice,2012-10-26T11:25:32Z
2012,REG,CLE,8,00-0029065,CB,Johnson Bademosi,Johnson,Bademosi,Hip,,Probable,Hip,,Full Participation in Practice,2012-10-26T11:23:25Z
2012,REG,CLE,8,00-0029269,WR,Travis Benjamin,Travis,Benjamin,Hamstring,,Probable,Hamstring,,Full Participation in Practice,2012-10-26T11:23:25Z
2012,REG,CLE,8,00-0029287,LB,Tank Carder,Tank,Carder,Foot,,Probable,Foot,,Full Participation in Practice,2012-10-26T11:23:25Z
2012,REG,CLE,8,00-0026205,C,John Greco,John,Greco,Ankle,,Probable,Ankle,,Full Participation in Practice,2012-10-26T11:23:25Z
2012,REG,CLE,8,00-0027666,RB,Montario Hardesty,Montario,Hardesty,Knee,,Probable,Knee,,Full Participation in Practice,2012-10-26T11:23:25Z
2012,REG,CLE,8,00-0029266,DT,John Hughes,John,Hughes,Knee,,Probable,Knee,,Full Participation in Practice,2012-10-26T11:23:25Z
2012,REG,CLE,8,00-0029290,T,Ryan Miller,Ryan,Miller,Illness,,Probable,Illness,,Full Participation in Practice,2012-10-26T11:23:25Z
2012,REG,CLE,8,00-0027140,RB,Chris Ogbonnaya,Chris,Ogbonnaya,Chest,Ribs,Probable,Chest,Ribs,Full Participation in Practice,2012-10-26T11:23:25Z
2012,REG,CLE,8,00-0019986,DE,Juqua Parker,Juqua,Parker,Shoulder,Illness,Probable,Shoulder,Illness,Full Participation in Practice,2012-10-26T11:25:02Z
2012,REG,CLE,8,00-0024306,DE,Frostee Rucker,Frostee,Rucker,Shoulder,,Probable,Shoulder,,Full Participation in Practice,2012-10-26T11:23:25Z
2012,REG,CLE,8,00-0028690,G,Jarrod Shaw,Jarrod,Shaw,Illness,,Probable,Illness,,Full Participation in Practice,2012-10-26T11:23:25Z
2012,REG,CLE,8,00-0028075,CB,Buster Skrine,Buster,Skrine,Hand,,Probable,Hand,,Full Participation in Practice,2012-10-26T11:23:25Z
2012,REG,CLE,8,00-0025453,S,Usama Young,Usama,Young,Hamstring,,Probable,Hamstring,,Full Participation in Practice,2012-10-26T11:23:25Z
2012,REG,CLE,8,00-0028309,LS,Christian Yount,Christian,Yount,Shoulder,,Probable,Shoulder,,Full Participation in Practice,2012-10-26T11:23:25Z
2012,REG,CLE,8,00-0023316,S,Raymond Ventrone,Raymond,Ventrone,Hand,Calf,Probable,Hand,Calf,Limited Participation in Practice,2012-10-26T11:23:25Z
2012,REG,CLE,8,00-0027653,S,T.J. Ward,T.J.,Ward,Hand,Shoulder,Probable,Hand,Shoulder,Limited Participation in Practice,2012-10-26T11:23:25Z
2012,REG,DAL,8,00-0027417,C,Phil Costa,Phil,Costa,Ankle,,Out,Ankle,,Did Not Participate In Practice,2012-10-26T11:34:26Z
2012,REG,DAL,8,00-0029648,S,Matt Johnson,Matt,Johnson,Hamstring,,Out,Hamstring,,Did Not Participate In Practice,2012-10-26T11:34:33Z
2012,REG,DAL,8,00-0027826,DT,Sean Lissemore,Sean,Lissemore,Ankle,,Out,Ankle,,Did Not Participate In Practice,2012-10-26T11:34:42Z
2012,REG,DAL,8,00-0028009,RB,DeMarco Murray,DeMarco,Murray,Foot,,Out,Foot,,Did Not Participate In Practice,2012-10-26T11:34:48Z
2012,REG,DAL,8,00-0026162,RB,Felix Jones,Felix,Jones,Knee,,Questionable,Knee,,Limited Participation in Practice,2012-10-26T11:34:38Z
2012,REG,DAL,8,00-0023445,LB,DeMarcus Ware,DeMarcus,Ware,Illness,,Probable,Illness,,Did Not Participate In Practice,2012-10-26T11:34:15Z
2012,REG,DAL,8,00-0024266,G,Ryan Cook,Ryan,Cook,Hamstring,,Probable,Hamstring,,Full Participation in Practice,2012-10-26T11:34:15Z
2012,REG,DAL,8,00-0025413,LB,Anthony Spencer,Anthony,Spencer,Shoulder,,Probable,Shoulder,,Full Participation in Practice,2012-10-26T11:34:15Z
2012,REG,DEN,8,00-0026180,CB,Tracy Porter,Tracy,Porter,Illness,,Questionable,Illness,,Did Not Participate In Practice,2012-10-26T11:47:12Z
2012,REG,DEN,8,00-0022247,S,Mike Adams,Mike,Adams,Knee,,Probable,Knee,,Full Participation in Practice,2012-10-26T11:47:03Z
2012,REG,DEN,8,00-0028224,CB,Chris Harris,Chris,Harris,Ankle,,Probable,Ankle,,Full Participation in Practice,2012-10-26T11:47:03Z
2012,REG,DEN,8,00-0024375,G,Chris Kuper,Chris,Kuper,Forearm,,Probable,Forearm,,Full Participation in Practice,2012-10-26T11:47:03Z
2012,REG,DEN,8,00-0028256,DT,Sealver Siliga,Sealver,Siliga,Not Injury Related,,Probable,Not Injury Related,,Full Participation in Practice,2012-10-26T11:47:03Z
2012,REG,DEN,8,00-0026267,TE,Jacob Tamme,Jacob,Tamme,Hip,,Probable,Hip,,Full Participation in Practice,2012-10-26T11:47:03Z
2012,REG,DEN,8,00-0029577,LB,Danny Trevathan,Danny,Trevathan,Thumb,,Probable,Thumb,,Full Participation in Practice,2012-10-26T11:47:03Z
2012,REG,DEN,8,00-0024756,WR,Matt Willis,Matt,Willis,Hamstring,,Probable,Hamstring,,Full Participation in Practice,2012-10-26T11:47:03Z
2012,REG,DET,8,00-0029210,DE,Ronnell Lewis,Ronnell,Lewis,,,,Not Injury Related,,Did Not Participate In Practice,2012-10-24T13:18:55Z
2012,REG,DET,8,00-0026674,CB,Jacob Lacey,Jacob,Lacey,Concussion,,Out,Concussion,,Did Not Participate In Practice,2012-10-26T13:22:54Z
2012,REG,DET,8,00-0027671,S,Amari Spievey,Amari,Spievey,Concussion,,Out,Concussion,,Did Not Participate In Practice,2012-10-26T13:23:24Z
2012,REG,DET,8,00-0027050,LB,DeAndre Levy,DeAndre,Levy,Hamstring,,Doubtful,Hamstring,,Did Not Participate In Practice,2012-10-26T13:23:09Z
2012,REG,DET,8,00-0027009,S,Louis Delmas,Louis,Delmas,Knee,,Questionable,Knee,,Did Not Participate In Practice,2012-10-26T13:23:50Z
2012,REG,DET,8,00-0026232,DE,Cliff Avril,Cliff,Avril,Back,,Questionable,Back,,Limited Participation in Practice,2012-10-26T13:22:40Z
2012,REG,DET,8,00-0029265,CB,Dwight Bentley,Dwight,Bentley,Shoulder,,Questionable,Shoulder,,Limited Participation in Practice,2012-10-26T13:24:10Z
2012,REG,DET,8,00-0027982,WR,Titus Young,Titus,Young,Knee,,Questionable,Knee,,Limited Participation in Practice,2012-10-26T13:24:31Z
2012,REG,DET,8,00-0025389,WR,Calvin Johnson,Calvin,Johnson,Knee,,Probable,Knee,,Did Not Participate In Practice,2012-10-26T13:22:31Z
2012,REG,DET,8,00-0026996,TE,Brandon Pettigrew,Brandon,Pettigrew,Knee,,Probable,Knee,,Limited Participation in Practice,2012-10-26T13:22:31Z
2012,REG,DET,8,00-0024331,LB,Stephen Tulloch,Stephen,Tulloch,Knee,,Probable,Knee,,Limited Participation in Practice,2012-10-26T13:22:31Z
2012,REG,DET,8,00-0022906,DT,Corey Williams,Corey,Williams,Knee,,Probable,Knee,,Limited Participation in Practice,2012-10-26T13:22:31Z
2012,REG,GB,8,00-0022999,RB,John Kuhn,John,Kuhn,Hamstring,,Out,Hamstring,,Did Not Participate In Practice,2012-10-26T12:00:43Z
2012,REG,GB,8,00-0029408,LB,Nick Perry,Nick,Perry,Knee,,Out,Knee,,Did Not Participate In Practice,2012-10-26T12:01:03Z
2012,REG,GB,8,00-0027440,CB,Sam Shields,Sam,Shields,Ankle,,Out,Ankle,,Did Not Participate In Practice,2012-10-26T12:01:15Z
2012,REG,GB,8,00-0024267,WR,Greg Jennings,Greg,Jennings,Groin,,Out,Groin,,Out (Definitely Will Not Play),2012-10-26T12:00:27Z
2012,REG,GB,8,00-0018227,S,Charles Woodson,Charles,Woodson,Collarbone,,Out,Collarbone,,Out (Definitely Will Not Play),2012-10-26T12:01:21Z
2012,REG,GB,8,00-0026176,WR,Jordy Nelson,Jordy,Nelson,Hamstring,,Questionable,Hamstring,,Did Not Participate In Practice,2012-10-26T12:00:55Z
2012,REG,GB,8,00-0026985,DT,B.J. Raji,B.J.,Raji,Ankle,,Probable,Ankle,,Did Not Participate In Practice,2012-10-26T12:00:16Z
2012,REG,GB,8,00-0004541,WR,Donald Driver,Donald,Driver,Neck,,Probable,Neck,,Full Participation in Practice,2012-10-26T12:00:16Z
2012,REG,GB,8,00-0023459,QB,Aaron Rodgers,Aaron,Rodgers,Calf,,Probable,Calf,,Full Participation in Practice,2012-10-26T12:00:16Z
2012,REG,GB,8,00-0026231,TE,Jermichael Finley,Jermichael,Finley,Shoulder,,Probable,Shoulder,,Limited Participation in Practice,2012-10-26T12:00:16Z
2012,REG,GB,8,00-0027078,G,T.J. Lang,T.J.,Lang,Elbow,Wrist,Probable,Elbow,Wrist,Limited Participation in Practice,2012-10-26T12:00:16Z
2012,REG,GB,8,00-0014375,C,Jeff Saturday,Jeff,Saturday,Neck,,Probable,Neck,,Limited Participation in Practice,2012-10-26T12:00:16Z
2012,REG,GB,8,00-0027791,RB,James Starks,James,Starks,Illness,,Probable,Illness,,Limited Participation in Practice,2012-10-26T12:00:16Z
2012,REG,IND,8,00-0027017,CB,Darius Butler,Darius,Butler,Shoulder,,Out,Shoulder,,Did Not Participate In Practice,2012-10-26T10:50:29Z
2012,REG,IND,8,00-0027032,DT,Fili Moala,Fili,Moala,Knee,,Out,Knee,,Did Not Participate In Practice,2012-10-26T10:50:46Z
2012,REG,IND,8,00-0027892,LB,Pat Angerer,Pat,Angerer,Foot,,Questionable,Foot,,Full Participation in Practice,2012-10-26T10:51:26Z
2012,REG,IND,8,00-0027003,RB,Donald Brown,Donald,Brown,Knee,,Questionable,Knee,,Full Participation in Practice,2012-10-26T10:51:38Z
2012,REG,IND,8,00-0027624,DT,Martin Tevaseu,Martin,Tevaseu,Ankle,,Questionable,Ankle,,Full Participation in Practice,2012-10-26T10:52:01Z
2012,REG,IND,8,00-0022059,LB,Robert Mathis,Robert,Mathis,Knee,,Questionable,Knee,,Limited Participation in Practice,2012-10-26T10:51:04Z
2012,REG,IND,8,00-0021146,LB,Dwight Freeney,Dwight,Freeney,Ankle,,Probable,Ankle,,Full Participation in Practice,2012-10-26T10:48:55Z
2012,REG,IND,8,00-0025539,DT,Antonio Johnson,Antonio,Johnson,Illness,,Probable,Illness,,Full Participation in Practice,2012-10-26T10:48:55Z
2012,REG,IND,8,00-0024254,T,Winston Justice,Winston,Justice,Ankle,,Probable,Ankle,,Full Participation in Practice,2012-10-26T10:48:55Z
2012,REG,IND,8,00-0029668,QB,Andrew Luck,Andrew,Luck,Knee,,Probable,Knee,,Full Participation in Practice,2012-10-26T10:48:55Z
2012,REG,IND,8,00-0021998,DE,Cory Redding,Cory,Redding,Knee,,Probable,Knee,,Full Participation in Practice,2012-10-26T10:48:55Z
2012,REG,IND,8,00-0026408,G,Joe Reitz,Joe,Reitz,Knee,,Probable,Knee,,Full Participation in Practice,2012-10-26T10:48:55Z
2012,REG,JAX,8,00-0022839,LB,Daryl Smith,Daryl,Smith,,,,Groin,,Did Not Participate In Practice,2012-10-25T12:04:16Z
2012,REG,JAX,8,00-0018956,C,Brad Meester,Brad,Meester,,,,Not Injury Related,,Full Participation in Practice,2012-10-25T12:05:01Z
2012,REG,JAX,8,00-0024275,RB,Maurice Jones-Drew,Maurice,Jones-Drew,Foot,,Out,Foot,,Did Not Participate In Practice,2012-10-26T10:16:52Z
2012,REG,JAX,8,00-0026253,S,Dwight Lowery,Dwight,Lowery,Ankle,,Out,Ankle,,Did Not Participate In Practice,2012-10-26T10:16:59Z
2012,REG,JAX,8,00-0024103,RB,Montell Owens,Montell,Owens,Shoulder,,Doubtful,Shoulder,,Did Not Participate In Practice,2012-10-26T10:17:31Z
2012,REG,JAX,8,00-0027047,CB,Derek Cox,Derek,Cox,Back,,Questionable,Back,,Limited Participation in Practice,2012-10-26T10:16:33Z
2012,REG,JAX,8,00-0022897,RB,Greg Jones,Greg,Jones,Hip,,Questionable,Hip,,Limited Participation in Practice,2012-10-26T10:16:46Z
2012,REG,JAX,8,00-0022080,CB,Rashean Mathis,Rashean,Mathis,Groin,,Questionable,Groin,,Limited Participation in Practice,2012-10-26T10:17:06Z
2012,REG,JAX,8,00-0025462,WR,Laurent Robinson,Laurent,Robinson,Concussion,,Questionable,Concussion,,Limited Participation in Practice,2012-10-26T10:17:40Z
2012,REG,JAX,8,00-0027948,QB,Blaine Gabbert,Blaine,Gabbert,left Shoulder,,Probable,left Shoulder,,Full Participation in Practice,2012-10-26T15:08:09Z
2012,REG,KC,8,00-0028056,CB,Jalil Brown,Jalil,Brown,Groin,,Questionable,Groin,,Limited Participation in Practice,2012-10-26T12:32:41Z
2012,REG,KC,8,00-0026145,DE,Glenn Dorsey,Glenn,Dorsey,Calf,,Questionable,Calf,,Limited Participation in Practice,2012-10-26T12:33:04Z
2012,REG,KC,8,00-0027567,TE,Steve Maneri,Steve,Maneri,Ankle,,Questionable,Ankle,,Limited Participation in Practice,2012-10-26T12:33:53Z
2012,REG,KC,8,00-0023662,QB,Matt Cassel,Matt,Cassel,Concussion,,Probable,Concussion,,Full Participation in Practice,2012-10-26T12:32:48Z
2012,REG,KC,8,00-0026367,RB,Peyton Hillis,Peyton,Hillis,Ankle,,Probable,Ankle,,Full Participation in Practice,2012-10-26T12:32:27Z
2012,REG,KC,8,00-0029274,WR,Devon Wylie,Devon,Wylie,Hamstring,,Probable,Hamstring,,Full Participation in Practice,2012-10-26T12:32:27Z
2012,REG,MIA,8,00-0022805,DT,Randy Starks,Randy,Starks,,,,Not Injury Related,,Did Not Participate In Practice,2012-10-24T14:18:44Z
2012,REG,MIA,8,00-0024273,CB,Richard Marshall,Richard,Marshall,Back,,Out,Back,,Did Not Participate In Practice,2012-10-26T11:14:03Z
2012,REG,MIA,8,00-0027762,S,Reshad Jones,Reshad,Jones,Heel,,Probable,Heel,,Full Participation in Practice,2012-10-26T11:15:42Z
2012,REG,MIA,8,00-0027883,LB,Koa Misi,Koa,Misi,Hamstring,,Probable,Hamstring,,Full Participation in Practice,2012-10-26T11:13:56Z
2012,REG,MIA,8,00-0028000,RB,Daniel Thomas,Daniel,Thomas,Concussion,,Probable,Concussion,,Full Participation in Practice,2012-10-26T11:13:56Z
2012,REG,MIA,8,00-0028173,S,Jimmy Wilson,Jimmy,Wilson,Ankle,,Probable,Ankle,,Full Participation in Practice,2012-10-26T11:13:56Z
2012,REG,MIA,8,00-0023368,DE,Cameron Wake,Cameron,Wake,Neck,,Probable,Neck,,Limited Participation in Practice,2012-10-26T11:15:11Z
2012,REG,MIN,8,00-0026178,TE,John Carlson,John,Carlson,Concussion,,Out,Concussion,,Did Not Participate In Practice,2012-10-24T09:43:12Z
2012,REG,MIN,8,00-0028108,S,Mistral Raymond,Mistral,Raymond,Ankle,,Out,Ankle,,Limited Participation in Practice,2012-10-24T09:43:33Z
2012,REG,MIN,8,00-0027108,LB,Jasper Brinkley,Jasper,Brinkley,Not Injury Related,,Probable,Not Injury Related,,Did Not Participate In Practice,2012-10-24T10:40:42Z
2012,REG,MIN,8,00-0022740,DE,Jared Allen,Jared,Allen,Groin,,Probable,Groin,,Full Participation in Practice,2012-10-24T09:42:59Z
2012,REG,MIN,8,00-0028198,RB,Matt Asiata,Matt,Asiata,Knee,,Probable,Knee,,Full Participation in Practice,2012-10-24T09:42:59Z
2012,REG,MIN,8,00-0029575,S,Robert Blanton,Robert,Blanton,Hamstring,,Probable,Hamstring,,Full Participation in Practice,2012-10-24T09:42:59Z
2012,REG,MIN,8,00-0024426,DT,Fred Evans,Fred,Evans,Knee,,Probable,Knee,,Full Participation in Practice,2012-10-24T09:42:59Z
2012,REG,MIN,8,00-0029687,T,Matt Kalil,Matt,Kalil,Back,,Probable,Back,,Full Participation in Practice,2012-10-24T09:42:59Z
2012,REG,MIN,8,00-0025607,LB,Marvin Mitchell,Marvin,Mitchell,Calf,,Probable,Calf,,Full Participation in Practice,2012-10-24T09:42:59Z
2012,REG,MIN,8,00-0025394,RB,Adrian Peterson,Adrian,Peterson,Ankle,,Probable,Ankle,,Full Participation in Practice,2012-10-24T09:42:59Z
2012,REG,MIN,8,00-0027950,QB,Christian Ponder,Christian,Ponder,Knee,,Probable,Knee,,Full Participation in Practice,2012-10-24T09:42:59Z
2012,REG,MIN,8,00-0026186,WR,Jerome Simpson,Jerome,Simpson,Back,Foot,Probable,Back,Foot,Full Participation in Practice,2012-10-24T09:42:59Z
2012,REG,MIN,8,00-0029606,S,Harrison Smith,Harrison,Smith,Calf,,Probable,Calf,,Full Participation in Practice,2012-10-24T09:42:59Z
2012,REG,MIN,8,00-0018093,CB,Antoine Winfield,Antoine,Winfield,Knee,,Probable,Knee,,Full Participation in Practice,2012-10-24T09:42:59Z
2012,REG,NE,8,00-0029239,RB,Brandon Bolden,Brandon,Bolden,Knee,,Out,Knee,,Did Not Participate In Practice,2012-10-26T12:39:15Z
2012,REG,NE,8,00-0027010,S,Patrick Chung,Patrick,Chung,Shoulder,,Out,Shoulder,,Did Not Participate In Practice,2012-10-26T12:39:39Z
2012,REG,NE,8,00-0027971,CB,Ras-I Dowling,Ras-I,Dowling,Thigh,,Out,Thigh,,Did Not Participate In Practice,2012-10-26T12:39:49Z
2012,REG,NE,8,00-0023998,S,Steve Gregory,Steve,Gregory,Hip,,Out,Hip,,Did Not Participate In Practice,2012-10-26T12:40:14Z
2012,REG,NE,8,00-0027713,TE,Aaron Hernandez,Aaron,Hernandez,Ankle,,Out,Ankle,,Did Not Participate In Practice,2012-10-26T12:40:47Z
2012,REG,NE,8,00-0026309,DE,Trevor Scott,Trevor,Scott,Hamstring,,Out,Hamstring,,Did Not Participate In Practice,2012-10-26T12:42:18Z
2012,REG,NE,8,00-0021645,LB,Tracy White,Tracy,White,Foot,,Out,Foot,,Did Not Participate In Practice,2012-10-26T12:43:06Z
2012,REG,NE,8,00-0027016,DT,Ron Brace,Ron,Brace,Back,,Questionable,Back,,Limited Participation in Practice,2012-10-26T12:39:29Z
2012,REG,NE,8,00-0027150,WR,Julian Edelman,Julian,Edelman,Hand,,Questionable,Hand,,Limited Participation in Practice,2012-10-26T12:40:04Z
2012,REG,NE,8,00-0027656,TE,Rob Gronkowski,Rob,Gronkowski,Hip,,Questionable,Hip,,Limited Participation in Practice,2012-10-26T12:40:40Z
2012,REG,NE,8,00-0029669,LB,Dont'a Hightower,Dont'a,Hightower,Hamstring,,Questionable,Hamstring,,Limited Participation in Practice,2012-10-26T12:40:57Z
2012,REG,NE,8,00-0022097,WR,Brandon Lloyd,Brandon,Lloyd,Knee,,Questionable,Knee,,Limited Participation in Practice,2012-10-26T12:41:06Z
2012,REG,NE,8,00-0023467,G,Logan Mankins,Logan,Mankins,Calf,Hip,Questionable,Calf,Hip,Limited Participation in Practice,2012-10-26T12:41:29Z
2012,REG,NE,8,00-0026150,LB,Jerod Mayo,Jerod,Mayo,Elbow,,Questionable,Elbow,Illness,Limited Participation in Practice,2012-10-26T12:41:45Z
2012,REG,NE,8,00-0027435,C,Nick McDonald,Nick,McDonald,Shoulder,,Questionable,Shoulder,,Limited Participation in Practice,2012-10-26T12:41:56Z
2012,REG,NE,8,00-0028767,CB,Sterling Moore,Sterling,Moore,Knee,,Questionable,Knee,,Limited Participation in Practice,2012-10-26T12:42:08Z
2012,REG,NE,8,00-0027034,T,Sebastian Vollmer,Sebastian,Vollmer,Back,Knee,Questionable,Back,Knee,Limited Participation in Practice,2012-10-26T12:42:29Z
2012,REG,NE,8,00-0022427,WR,Wes Welker,Wes,Welker,Ankle,,Questionable,Ankle,,Limited Participation in Practice,2012-10-26T12:42:47Z
2012,REG,NE,8,00-0027236,DT,Kyle Love,Kyle,Love,Knee,,Probable,Knee,,Full Participation in Practice,2012-10-26T12:41:19Z
2012,REG,NO,8,00-0021154,TE,Daniel Graham,Daniel,Graham,Knee,,Out,Knee,,Did Not Participate In Practice,2012-10-26T10:41:56Z
2012,REG,NO,8,00-0028532,WR,Joe Morgan,Joe,Morgan,Chest,,Out,Chest,,Limited Participation in Practice,2012-10-26T10:42:24Z
2012,REG,NO,8,00-0027696,TE,Jimmy Graham,Jimmy,Graham,Ankle,,Questionable,Ankle,,Limited Participation in Practice,2012-10-26T10:42:06Z
2012,REG,NO,8,00-0025999,LB,David Hawthorne,David,Hawthorne,Hamstring,,Questionable,Hamstring,,Limited Participation in Practice,2012-10-26T10:42:15Z
2012,REG,NO,8,00-0023564,RB,Darren Sproles,Darren,Sproles,Not Injury Related,,Probable,Not Injury Related,,Full Participation in Practice,2012-10-26T10:41:45Z
2012,REG,NYG,8,00-0028140,LB,Jacquian Williams,Jacquian,Williams,Knee,,Out,Knee,,Did Not Participate In Practice,2012-10-26T10:04:53Z
2012,REG,NYG,8,00-0021261,DT,Rocky Bernard,Rocky,Bernard,Quadricep,,Doubtful,Quadricep,,Limited Participation in Practice,2012-10-26T10:04:25Z
2012,REG,NYG,8,00-0026171,S,Kenny Phillips,Kenny,Phillips,Knee,,Doubtful,Knee,,Limited Participation in Practice,2012-10-26T10:04:44Z
2012,REG,NYG,8,00-0025637,RB,Ahmad Bradshaw,Ahmad,Bradshaw,Foot,,Questionable,Foot,,Limited Participation in Practice,2012-10-26T10:04:34Z
2012,REG,NYG,8,00-0027005,WR,Hakeem Nicks,Hakeem,Nicks,Knee,Foot,Probable,Knee,Foot,Full Participation in Practice,2012-10-26T10:04:14Z
2012,REG,NYG,8,00-0023468,C,David Baas,David,Baas,Ankle,,Probable,Ankle,,Limited Participation in Practice,2012-10-26T10:04:14Z
2012,REG,NYJ,8,00-0028032,DT,Kenrick Ellis,Kenrick,Ellis,Knee,,Doubtful,Knee,,Did Not Participate In Practice,2012-10-26T11:43:18Z
2012,REG,NYJ,8,00-0028064,RB,Bilal Powell,Bilal,Powell,Shoulder,,Doubtful,Shoulder,,Did Not Participate In Practice,2012-10-26T11:43:31Z
2012,REG,NYJ,8,00-0020873,LB,Bart Scott,Bart,Scott,Toe,,Doubtful,Toe,,Did Not Participate In Practice,2012-10-26T11:43:39Z
2012,REG,NYJ,8,00-0027712,RB,Joe McKnight,Joe,McKnight,Ankle,,Questionable,Ankle,,Did Not Participate In Practice,2012-10-26T11:43:48Z
2012,REG,NYJ,8,00-0027321,TE,Jeff Cumberland,Jeff,Cumberland,Wrist,,Questionable,Wrist,,Limited Participation in Practice,2012-10-26T11:44:19Z
2012,REG,NYJ,8,00-0024244,C,Nick Mangold,Nick,Mangold,Ankle,,Questionable,Ankle,,Limited Participation in Practice,2012-10-26T11:44:10Z
2012,REG,NYJ,8,00-0023523,DT,Sione Pouha,Sione,Pouha,Back,,Questionable,Back,,Limited Participation in Practice,2012-10-26T11:43:56Z
2012,REG,NYJ,8,00-0024312,S,Eric Smith,Eric,Smith,Knee,,Questionable,Knee,,Limited Participation in Practice,2012-10-26T11:44:03Z
2012,REG,NYJ,8,00-0026979,T,Jason Smith,Jason,Smith,Not Injury Related,,Probable,Not Injury Related,,Did Not Participate In Practice,2012-10-26T11:44:36Z
2012,REG,NYJ,8,00-0027667,G,Vladimir Ducasse,Vladimir,Ducasse,Knee,,Probable,Knee,,Full Participation in Practice,2012-10-26T11:43:04Z
2012,REG,NYJ,8,00-0028049,WR,Edmond Gates,Edmond,Gates,Shoulder,,Probable,Shoulder,,Full Participation in Practice,2012-10-26T11:43:04Z
2012,REG,NYJ,8,00-0028091,WR,Jeremy Kerley,Jeremy,Kerley,Finger,,Probable,Finger,,Full Participation in Practice,2012-10-26T11:43:04Z
2012,REG,NYJ,8,00-0025393,S,LaRon Landry,LaRon,Landry,Heel,,Probable,Heel,,Full Participation in Practice,2012-10-26T11:43:04Z
2012,REG,NYJ,8,00-0020969,G,Brandon Moore,Brandon,Moore,Hip,,Probable,Hip,,Full Participation in Practice,2012-10-26T11:43:04Z
2012,REG,NYJ,8,00-0022120,LB,Calvin Pace,Calvin,Pace,Shin,,Probable,Shin,,Full Participation in Practice,2012-10-26T11:43:04Z
2012,REG,NYJ,8,00-0026898,QB,Mark Sanchez,Mark,Sanchez,Back,,Probable,Back,,Full Participation in Practice,2012-10-26T11:43:04Z
2012,REG,NYJ,8,00-0026500,G,Matt Slauson,Matt,Slauson,Knee,,Probable,Knee,,Full Participation in Practice,2012-10-26T11:43:04Z
2012,REG,OAK,8,00-0023487,T,Khalif Barnes,Khalif,Barnes,Groin,,Out,Groin,,Did Not Participate In Practice,2012-10-26T12:42:50Z
2012,REG,OAK,8,00-0022843,CB,Shawntae Spencer,Shawntae,Spencer,Foot,,Out,Foot,,Did Not Participate In Practice,2012-10-26T12:45:19Z
2012,REG,OAK,8,00-0026533,DT,Desmond Bryant,Desmond,Bryant,Elbow,,Questionable,Elbow,,Limited Participation in Practice,2012-10-26T12:42:59Z
2012,REG,OAK,8,00-0027721,LB,Keenan Clayton,Keenan,Clayton,Shoulder,,Questionable,Shoulder,,Limited Participation in Practice,2012-10-26T12:43:10Z
2012,REG,OAK,8,00-0027788,LB,Travis Goethel,Travis,Goethel,Back,,Questionable,Back,,Limited Participation in Practice,2012-10-26T12:46:05Z
2012,REG,OAK,8,00-0028119,TE,Richard Gordon,Richard,Gordon,Hamstring,,Questionable,Hamstring,,Limited Participation in Practice,2012-10-26T12:43:31Z
2012,REG,OAK,8,00-0028063,RB,Taiwan Jones,Taiwan,Jones,Knee,,Questionable,Knee,,Limited Participation in Practice,2012-10-26T12:43:53Z
2012,REG,OAK,8,00-0027045,DE,Matt Shaughnessy,Matt,Shaughnessy,Shoulder,,Questionable,Shoulder,,Limited Participation in Practice,2012-10-26T12:44:58Z
2012,REG,OAK,8,00-0024467,DE,Dave Tollefson,Dave,Tollefson,Shoulder,,Questionable,Shoulder,,Limited Participation in Practice,2012-10-26T12:45:40Z
2012,REG,OAK,8,00-0029631,LB,Miles Burris,Miles,Burris,Elbow,,Probable,Elbow,,Full Participation in Practice,2012-10-26T12:49:35Z
2012,REG,OAK,8,00-0027080,RB,Mike Goodson,Mike,Goodson,Hip,,Probable,Hip,,Full Participation in Practice,2012-10-26T12:42:37Z
2012,REG,OAK,8,00-0022539,DT,Tommy Kelly,Tommy,Kelly,Shoulder,,Probable,Shoulder,,Full Participation in Practice,2012-10-26T12:42:37Z
2012,REG,OAK,8,00-0026144,RB,Darren McFadden,Darren,McFadden,Shoulder,,Probable,Shoulder,,Full Participation in Practice,2012-10-26T12:42:37Z
2012,REG,OAK,8,00-0027135,TE,Brandon Myers,Brandon,Myers,Knee,,Probable,Knee,,Full Participation in Practice,2012-10-26T12:42:37Z
2012,REG,OAK,8,00-0027411,C,Alex Parsons,Alex,Parsons,Back,,Probable,Back,,Full Participation in Practice,2012-10-26T12:42:37Z
2012,REG,OAK,8,00-0029702,WR,Juron Criner,Juron,Criner,Hip,,Probable,Hip,,Limited Participation in Practice,2012-10-26T12:42:37Z
2012,REG,OAK,8,00-0019646,K,Sebastian Janikowski,Sebastian,Janikowski,left Groin,,Probable,left Groin,,Limited Participation in Practice,2012-10-26T12:42:37Z
2012,REG,OAK,8,00-0027023,S,Michael Mitchell,Michael,Mitchell,Ankle,,Probable,Ankle,,Limited Participation in Practice,2012-10-26T12:44:37Z
2012,REG,OAK,8,00-0020442,DT,Richard Seymour,Richard,Seymour,Knee,,Probable,Knee,,Limited Participation in Practice,2012-10-26T12:42:37Z
2012,REG,OAK,8,00-0029129,WR,Rod Streater,Rod,Streater,Knee,,Probable,Knee,,Limited Participation in Practice,2012-10-26T12:48:45Z
2012,REG,PHI,8,00-0027961,G,Danny Watkins,Danny,Watkins,Ankle,,Doubtful,Ankle,,Did Not Participate In Practice,2012-10-26T11:33:33Z
2012,REG,PHI,8,00-0026759,DE,Phillip Hunt,Phillip,Hunt,Calf,,Questionable,Calf,,Full Participation in Practice,2012-10-26T11:33:22Z
2012,REG,PHI,8,00-0027652,S,Nate Allen,Nate,Allen,Hamstring,,Probable,Hamstring,,Full Participation in Practice,2012-10-26T11:28:55Z
2012,REG,PHI,8,00-0026578,S,Colt Anderson,Colt,Anderson,Knee,,Probable,Knee,,Full Participation in Practice,2012-10-26T11:28:55Z
2012,REG,PHI,8,00-0027835,S,Kurt Coleman,Kurt,Coleman,Shoulder,,Probable,Shoulder,,Full Participation in Practice,2012-10-26T11:28:55Z
2012,REG,PHI,8,00-0021451,LS,Jon Dorenbos,Jon,Dorenbos,Ankle,,Probable,Ankle,,Full Participation in Practice,2012-10-26T11:28:55Z
2012,REG,PHI,8,00-0028424,DT,Cedric Thornton,Cedric,Thornton,Hand,,Probable,Hand,,Full Participation in Practice,2012-10-26T11:28:55Z
2012,REG,PIT,8,00-0028001,T,Marcus Gilbert,Marcus,Gilbert,Ankle,,Out,Ankle,,Did Not Participate In Practice,2012-10-26T10:58:37Z
2012,REG,PIT,8,00-0024356,LB,Brandon Johnson,Brandon,Johnson,Hamstring,,Out,Hamstring,,Did Not Participate In Practice,2012-10-26T10:58:47Z
2012,REG,PIT,8,00-0026163,RB,Rashard Mendenhall,Rashard,Mendenhall,Achilles,,Out,Achilles,,Did Not Participate In Practice,2012-10-26T10:58:54Z
2012,REG,PIT,8,00-0022119,S,Troy Polamalu,Troy,Polamalu,Calf,,Out,Calf,,Did Not Participate In Practice,2012-10-26T10:59:01Z
2012,REG,PIT,8,00-0026566,RB,Isaac Redman,Isaac,Redman,Ankle,,Questionable,Ankle,,Limited Participation in Practice,2012-10-26T10:59:17Z
2012,REG,PIT,8,00-0022900,S,Will Allen,Will,Allen,Ankle,,Probable,Ankle,,Full Participation in Practice,2012-10-26T10:58:22Z
2012,REG,PIT,8,00-0028100,LB,Chris Carter,Chris,Carter,Hamstring,,Probable,Hamstring,,Full Participation in Practice,2012-10-26T10:58:22Z
2012,REG,PIT,8,00-0027786,RB,Jonathan Dwyer,Jonathan,Dwyer,Not Injury Related,,Probable,Not Injury Related,,Full Participation in Practice,2012-10-26T10:58:22Z
2012,REG,PIT,8,00-0027870,C,Maurkice Pouncey,Maurkice,Pouncey,Knee,,Probable,Knee,,Full Participation in Practice,2012-10-26T10:58:22Z
2012,REG,PIT,8,00-0028978,LB,Adrian Robinson,Adrian,Robinson,Concussion,,Probable,Concussion,,Full Participation in Practice,2012-10-26T10:58:22Z
2012,REG,PIT,8,00-0027889,LB,Jason Worilds,Jason,Worilds,Illness,,Probable,Illness,,Full Participation in Practice,2012-10-26T10:58:22Z
2012,REG,PIT,8,00-0023001,K,Shaun Suisham,Shaun,Suisham,left Ankle,,Probable,left Ankle,,Limited Participation in Practice,2012-10-26T15:09:55Z
2012,REG,SD,8,00-0027999,LB,Jonas Mouton,Jonas,Mouton,Hip,,Questionable,Hip,,Did Not Participate In Practice,2012-10-26T12:26:02Z
2012,REG,SD,8,00-0026182,WR,Eddie Royal,Eddie,Royal,Hamstring,,Questionable,Hamstring,,Did Not Participate In Practice,2012-10-26T12:26:10Z
2012,REG,SD,8,00-0025787,T,Jared Gaither,Jared,Gaither,Groin,,Probable,Groin,,Full Participation in Practice,2012-10-26T12:25:49Z
2012,REG,SD,8,00-0022804,C,Nick Hardwick,Nick,Hardwick,Abdomen,,Probable,Abdomen,,Full Participation in Practice,2012-10-26T12:25:49Z
2012,REG,SD,8,00-0027082,DE,Vaughn Martin,Vaughn,Martin,Neck,,Probable,Neck,,Full Participation in Practice,2012-10-26T12:25:49Z
2012,REG,SD,8,00-0028027,CB,Shareece Wright,Shareece,Wright,Foot,,Probable,Foot,,Full Participation in Practice,2012-10-26T12:25:49Z
2012,REG,SEA,8,00-0028111,CB,Byron Maxwell,Byron,Maxwell,Hamstring,,Out,Hamstring,,Did Not Participate In Practice,2012-10-26T13:10:56Z
2012,REG,SEA,8,00-0028434,WR,Doug Baldwin,Doug,Baldwin,Ankle,,Out,Ankle,,Out (Definitely Will Not Play),2012-10-26T13:10:45Z
2012,REG,SEA,8,00-0026194,DE,Jason Jones,Jason,Jones,Ankle,,Doubtful,Ankle,,Did Not Participate In Practice,2012-10-26T13:10:49Z
2012,REG,SEA,8,00-0028013,G,John Moffitt,John,Moffitt,Knee,,Questionable,Knee,,Limited Participation in Practice,2012-10-26T13:11:04Z
2012,REG,SEA,8,00-0025399,RB,Marshawn Lynch,Marshawn,Lynch,Back,,Probable,Back,,Full Participation in Practice,2012-10-26T13:10:40Z
2012,REG,SF,8,00-0025415,T,Joe Staley,Joe,Staley,Illness,,Questionable,Illness,,Limited Participation in Practice,2012-10-27T15:21:54Z
2012,REG,SF,8,00-0026211,LB,Tavares Gooden,Tavares,Gooden,Elbow,,Probable,Elbow,,Full Participation in Practice,2012-10-27T15:21:45Z
2012,REG,SF,8,00-0023500,RB,Frank Gore,Frank,Gore,Rib,,Probable,Rib,,Full Participation in Practice,2012-10-27T15:21:45Z
2012,REG,SF,8,00-0022824,P,Andy Lee,Andy,Lee,Hand,,Probable,Hand,,Full Participation in Practice,2012-10-27T15:21:45Z
2012,REG,SF,8,00-0026235,WR,Mario Manningham,Mario,Manningham,Shoulder,,Probable,Shoulder,,Full Participation in Practice,2012-10-27T15:21:45Z
2012,REG,SF,8,00-0023436,QB,Alex Smith,Alex,Smith,right Finger,,Probable,right Finger,,Full Participation in Practice,2012-10-27T15:21:45Z
2012,REG,STL,8,00-0027648,T,Rodger Saffold,Rodger,Saffold,Knee,,Out,Knee,,Did Not Participate In Practice,2012-10-26T09:19:41Z
2012,REG,STL,8,00-0027787,DE,Eugene Sims,Eugene,Sims,Knee,,Out,Knee,,Did Not Participate In Practice,2012-10-26T09:20:06Z
2012,REG,STL,8,00-0022000,T,Wayne Hunter,Wayne,Hunter,Back,,Questionable,Back,,Did Not Participate In Practice,2012-10-26T09:19:21Z
2012,REG,STL,8,00-0028878,DT,Matt Conrath,Matt,Conrath,Knee,,Questionable,Knee,,Full Participation in Practice,2012-10-26T09:18:47Z
2012,REG,STL,8,00-0028651,TE,Mike McNeill,Mike,McNeill,Knee,,Questionable,Knee,,Full Participation in Practice,2012-10-26T09:18:55Z
2012,REG,STL,8,00-0026035,WR,Danny Amendola,Danny,Amendola,Shoulder,,Questionable,Shoulder,,Limited Participation in Practice,2012-10-26T09:18:00Z
2012,REG,STL,8,00-0022034,LB,Mario Haggan,Mario,Haggan,Thigh,,Questionable,Thigh,,Limited Participation in Practice,2012-10-26T09:18:25Z
2012,REG,STL,8,00-0026937,WR,Brandon Gibson,Brandon,Gibson,Illness,,Probable,Illness,,Full Participation in Practice,2012-10-26T09:18:09Z
2012,REG,TB,8,00-0025527,CB,Brandon McDonald,Brandon,McDonald,Ankle,,Questionable,Ankle,,Limited Participation in Practice,2012-10-24T11:46:54Z
2012,REG,TB,8,00-0025569,LB,Adam Hayward,Adam,Hayward,Ankle,,Probable,Ankle,,Full Participation in Practice,2012-10-24T11:46:48Z
2012,REG,TB,8,00-0023496,WR,Vincent Jackson,Vincent,Jackson,Calf,,Probable,Calf,,Full Participation in Practice,2012-10-24T11:46:48Z
2012,REG,TB,8,00-0026304,G,Carl Nicks,Carl,Nicks,Foot,,Probable,Foot,,Full Participation in Practice,2012-10-24T11:46:48Z
2012,REG,TB,8,00-0026223,C,Jeremy Zuttah,Jeremy,Zuttah,Quadricep,,Probable,Quadricep,,Full Participation in Practice,2012-10-24T11:46:48Z
2012,REG,TEN,8,00-0025605,LB,Zach Diles,Zach,Diles,,,,Ankle,,Did Not Participate In Practice,2012-10-24T13:30:30Z
2012,REG,TEN,8,00-0020466,G,Steve Hutchinson,Steve,Hutchinson,,,,Not Injury Related,,Did Not Participate In Practice,2012-10-25T13:32:45Z
2012,REG,TEN,8,00-0025833,LB,Patrick Bailey,Patrick,Bailey,Ribs,Hand,Out,Ribs,Hand,Did Not Participate In Practice,2012-10-26T11:19:05Z
2012,REG,TEN,8,00-0027120,RB,Javon Ringer,Javon,Ringer,Knee,,Out,Knee,,Did Not Participate In Practice,2012-10-26T11:19:36Z
2012,REG,TEN,8,00-0023476,T,Michael Roos,Michael,Roos,Abdomen,,Out,Abdomen,,Did Not Participate In Practice,2012-10-26T11:19:44Z
2012,REG,TEN,8,00-0027946,QB,Jake Locker,Jake,Locker,left Shoulder,,Out,left Shoulder,,Limited Participation in Practice,2012-10-26T11:19:21Z
2012,REG,TEN,8,00-0028189,CB,Tommie Campbell,Tommie,Campbell,Ankle,,Questionable,Ankle,,Did Not Participate In Practice,2012-10-26T11:19:11Z
2012,REG,TEN,8,00-0028047,LB,Colin McCarthy,Colin,McCarthy,Ankle,,Questionable,Ankle,,Limited Participation in Practice,2012-10-26T11:19:28Z
2012,REG,TEN,8,00-0021085,LB,Will Witherspoon,Will,Witherspoon,Hamstring,,Questionable,Hamstring,,Limited Participation in Practice,2012-10-26T11:19:52Z
2012,REG,TEN,8,00-0022409,S,Jordan Babineaux,Jordan,Babineaux,Wrist,,Probable,Wrist,,Full Participation in Practice,2012-10-26T11:18:57Z
2012,REG,TEN,8,00-0027006,WR,Kenny Britt,Kenny,Britt,Knee,,Probable,Knee,,Full Participation in Practice,2012-10-26T11:18:57Z
2012,REG,TEN,8,00-0026164,RB,Chris Johnson,Chris,Johnson,Ankle,,Probable,Ankle,,Full Participation in Practice,2012-10-26T11:18:57Z
2012,REG,TEN,8,00-0026225,TE,Craig Stevens,Craig,Stevens,Concussion,,Probable,Concussion,,Full Participation in Practice,2012-10-26T11:18:57Z
2012,REG,WAS,8,00-0026345,WR,Pierre Garcon,Pierre,Garcon,Foot,,Out,Foot,,Did Not Participate In Practice,2012-10-26T11:03:45Z
2012,REG,WAS,8,00-0025411,S,Brandon Meriweather,Brandon,Meriweather,Knee,,Out,Knee,,Did Not Participate In Practice,2012-10-26T11:03:50Z
2012,REG,WAS,8,00-0005322,LB,London Fletcher,London,Fletcher,Hamstring,Head,Questionable,Hamstring,Head,Full Participation in Practice,2012-10-26T11:03:37Z
2012,REG,WAS,8,00-0024263,CB,Cedric Griffin,Cedric,Griffin,Hamstring,,Probable,Hamstring,,Full Participation in Practice,2012-10-26T11:03:30Z
2012,REG,WAS,8,00-0025532,CB,David Jones,David,Jones,Achilles,,Probable,Achilles,,Full Participation in Practice,2012-10-26T11:03:30Z
2012,REG,WAS,8,00-0024515,P,Saverio Rocca,Saverio,Rocca,right Knee,,Probable,right Knee,,Full Participation in Practice,2012-10-26T11:03:30Z
2012,REG,WAS,8,00-0025442,CB,Josh Wilson,Josh,Wilson,Shoulder,,Probable,Shoulder,,Full Participation in Practice,2012-10-26T11:03:30Z
2012,REG,WAS,8,00-0027833,DE,Doug Worthington,Doug,Worthington,Calf,,Probable,Calf,,Full Participation in Practice,2012-10-26T11:03:30Z
2012,REG,WAS,8,00-0026852,RB,Darrel Young,Darrel,Young,Hamstring,,Probable,Hamstring,,Full Participation in Practice,2012-10-26T11:03:30Z
2012,REG,ARI,9,00-0025423,QB,Kevin Kolb,Kevin,Kolb,Ribs,,Out,Ribs,,Did Not Participate In Practice,2012-11-02T13:07:10Z
2012,REG,ARI,9,00-0023529,G,Adam Snyder,Adam,Snyder,Quadricep,,Out,Quadricep,,Did Not Participate In Practice,2012-11-02T13:07:17Z
2012,REG,ARI,9,00-0020516,TE,Todd Heap,Todd,Heap,Knee,,Questionable,Knee,,Limited Participation in Practice,2012-11-02T13:07:55Z
2012,REG,ARI,9,00-0023557,S,Kerry Rhodes,Kerry,Rhodes,Back,,Questionable,Back,,Limited Participation in Practice,2012-11-02T13:07:29Z
2012,REG,ARI,9,00-0026910,CB,Gregory Toler,Gregory,Toler,Hamstring,,Questionable,Hamstring,,Limited Participation in Practice,2012-11-02T13:07:36Z
2012,REG,ARI,9,00-0024483,T,D'Anthony Batiste,D'Anthony,Batiste,Toe,,Probable,Toe,,Full Participation in Practice,2012-11-02T13:06:51Z
2012,REG,ARI,9,00-0022930,DT,Darnell Dockett,Darnell,Dockett,Hamstring,,Probable,Hamstring,,Full Participation in Practice,2012-11-02T13:06:51Z
2012,REG,ARI,9,00-0027825,TE,Jim Dray,Jim,Dray,Knee,,Probable,Knee,,Full Participation in Practice,2012-11-02T13:06:51Z
2012,REG,ARI,9,00-0029639,CB,Jamell Fleming,Jamell,Fleming,Back,,Probable,Back,,Full Participation in Practice,2012-11-02T13:06:51Z
2012,REG,ARI,9,00-0028074,RB,Anthony Sherman,Anthony,Sherman,Knee,,Probable,Knee,,Full Participation in Practice,2012-11-02T13:06:51Z
2012,REG,ARI,9,00-0019435,LS,Mike Leach,Mike,Leach,Back,,Probable,Back,,Limited Participation in Practice,2012-11-02T13:06:51Z
2012,REG,ATL,9,00-0028792,WR,Kevin Cone,Kevin,Cone,Groin,,Out,Groin,,Did Not Participate In Practice,2012-11-02T11:54:09Z
2012,REG,ATL,9,00-0027110,G,Garrett Reynolds,Garrett,Reynolds,Back,,Out,Back,,Did Not Participate In Practice,2012-11-02T11:54:24Z
2012,REG,ATL,9,00-0027871,LB,Sean Weatherspoon,Sean,Weatherspoon,Ankle,,Out,Ankle,,Did Not Participate In Practice,2012-11-02T11:54:33Z
2012,REG,ATL,9,00-0026942,DT,Vance Walker,Vance,Walker,Illness,,Questionable,Illness,,Did Not Participate In Practice,2012-11-02T11:54:55Z
2012,REG,ATL,9,00-0023494,DT,Jonathan Babineaux,Jonathan,Babineaux,Knee,,Questionable,Knee,,Limited Participation in Practice,2012-11-02T11:53:59Z
2012,REG,ATL,9,00-0020578,K,Matt Bryant,Matt,Bryant,Back,,Probable,Back,,Full Participation in Practice,2012-11-02T11:53:51Z
2012,REG,ATL,9,00-0028307,WR,D.J. Davis,D.J.,Davis,Hamstring,,Probable,Hamstring,,Full Participation in Practice,2012-11-02T11:53:51Z
2012,REG,ATL,9,00-0026224,WR,Harry Douglas,Harry,Douglas,Ankle,Knee,Probable,Ankle,Knee,Full Participation in Practice,2012-11-02T11:53:51Z
2012,REG,ATL,9,00-0023462,WR,Roddy White,Roddy,White,Back,,Probable,Back,,Full Participation in Practice,2012-11-02T11:53:51Z
2012,REG,BAL,9,00-0028103,DE,Pernell McPhee,Pernell,McPhee,Thigh,,Out,Thigh,,Did Not Participate In Practice,2012-11-02T11:27:44Z
2012,REG,BAL,9,00-0024227,DT,Haloti Ngata,Haloti,Ngata,Shoulder,,Questionable,Shoulder,,Did Not Participate In Practice,2012-11-02T11:27:27Z
2012,REG,BAL,9,00-0028288,WR,LaQuan Williams,LaQuan,Williams,Ankle,,Questionable,Ankle,,Full Participation in Practice,2012-11-02T11:28:00Z
2012,REG,BAL,9,00-0028102,CB,Chykie Brown,Chykie,Brown,Ankle,,Probable,Ankle,,Full Participation in Practice,2012-11-02T11:27:10Z
2012,REG,BAL,9,00-0027675,TE,Ed Dickson,Ed,Dickson,Hand,,Probable,Hand,,Full Participation in Practice,2012-11-02T11:27:10Z
2012,REG,BAL,9,00-0028061,WR,Tandon Doss,Tandon,Doss,Illness,,Probable,Illness,,Full Participation in Practice,2012-11-02T11:28:34Z
2012,REG,BAL,9,00-0026857,LB,Dannell Ellerbe,Dannell,Ellerbe,Hand,,Probable,Hand,,Full Participation in Practice,2012-11-02T11:27:10Z
2012,REG,BAL,9,00-0025753,S,James Ihedigbo,James,Ihedigbo,Hand,,Probable,Hand,,Full Participation in Practice,2012-11-02T11:27:10Z
2012,REG,BAL,9,00-0020867,DT,Ma'ake Kemoeatu,Ma'ake,Kemoeatu,Knee,,Probable,Knee,,Full Participation in Practice,2012-11-02T11:27:10Z
2012,REG,BAL,9,00-0021383,T,Bryant McKinnie,Bryant,McKinnie,Thigh,,Probable,Thigh,,Full Participation in Practice,2012-11-02T11:27:10Z
2012,REG,BAL,9,00-0026999,T,Michael Oher,Michael,Oher,Ankle,,Probable,Ankle,,Full Participation in Practice,2012-11-02T11:27:10Z
2012,REG,BAL,9,00-0029259,T,Kelechi Osemele,Kelechi,Osemele,Ankle,,Probable,Ankle,,Full Participation in Practice,2012-11-02T11:27:10Z
2012,REG,BAL,9,00-0024269,S,Bernard Pollard,Bernard,Pollard,Chest,,Probable,Chest,,Full Participation in Practice,2012-11-02T11:27:10Z
2012,REG,BAL,9,00-0021377,S,Ed Reed,Ed,Reed,Shoulder,Chest,Probable,Shoulder,Chest,Full Participation in Practice,2012-11-02T11:27:10Z
2012,REG,BAL,9,00-0022161,LB,Terrell Suggs,Terrell,Suggs,Ankle,,Probable,Ankle,,Full Participation in Practice,2012-11-02T11:27:10Z
2012,REG,BAL,9,00-0029309,DE,DeAngelo Tyson,DeAngelo,Tyson,Foot,,Probable,Foot,,Full Participation in Practice,2012-11-02T11:28:17Z
2012,REG,BAL,9,00-0025473,G,Marshal Yanda,Marshal,Yanda,Shoulder,,Probable,Shoulder,,Full Participation in Practice,2012-11-02T11:27:10Z
2012,REG,BAL,9,00-0025460,WR,Jacoby Jones,Jacoby,Jones,Foot,,Probable,Foot,,Limited Participation in Practice,2012-11-02T11:27:10Z
2012,REG,BAL,9,00-0027965,CB,Jimmy Smith,Jimmy,Smith,Abdomen,,Probable,Abdomen,,Limited Participation in Practice,2012-11-02T11:27:10Z
2012,REG,BUF,9,00-0024373,DE,Mark Anderson,Mark,Anderson,Knee,,Out,Knee,,Did Not Participate In Practice,2012-11-02T09:29:24Z
2012,REG,BUF,9,00-0026236,G,Chad Rinehart,Chad,Rinehart,Ankle,,Out,Ankle,,Did Not Participate In Practice,2012-11-02T09:29:32Z
2012,REG,BUF,9,00-0023016,T,Erik Pears,Erik,Pears,Hip,,Doubtful,Hip,,Did Not Participate In Practice,2012-11-02T09:29:51Z
2012,REG,BUF,9,00-0022008,CB,Terrence McGee,Terrence,McGee,Knee,,Doubtful,Knee,,Limited Participation in Practice,2012-11-02T09:29:58Z
2012,REG,BUF,9,00-0029561,T,Cordy Glenn,Cordy,Glenn,Ankle,,Questionable,Ankle,,Limited Participation in Practice,2012-11-02T09:30:07Z
2012,REG,BUF,9,00-0024348,DT,Kyle Williams,Kyle,Williams,Ankle,,Questionable,Ankle,,Limited Participation in Practice,2012-11-02T09:30:17Z
2012,REG,BUF,9,00-0027941,DT,Marcell Dareus,Marcell,Dareus,Shoulder,,Probable,Shoulder,,Full Participation in Practice,2012-11-02T09:28:54Z
2012,REG,BUF,9,00-0029660,WR,Trevor Graham,Trevor,Graham,Ankle,,Probable,Ankle,,Full Participation in Practice,2012-11-02T09:28:54Z
2012,REG,BUF,9,00-0028060,T,Chris Hairston,Chris,Hairston,Knee,,Probable,Knee,,Full Participation in Practice,2012-11-02T09:28:54Z
2012,REG,BUF,9,00-0022610,DT,Spencer Johnson,Spencer,Johnson,Ankle,,Probable,Ankle,,Full Participation in Practice,2012-11-02T09:28:54Z
2012,REG,BUF,9,00-0027518,WR,Donald Jones,Donald,Jones,Back,,Probable,Back,,Full Participation in Practice,2012-11-02T09:28:54Z
2012,REG,BUF,9,00-0021995,DE,Chris Kelsay,Chris,Kelsay,Ankle,,Probable,Ankle,,Full Participation in Practice,2012-11-02T09:28:54Z
2012,REG,BUF,9,00-0027027,G,Andy Levitre,Andy,Levitre,Knee,,Probable,Knee,,Full Participation in Practice,2012-11-02T09:28:54Z
2012,REG,BUF,9,00-0028144,CB,Justin Rogers,Justin,Rogers,Thigh,,Probable,Thigh,,Full Participation in Practice,2012-11-02T09:32:03Z
2012,REG,BUF,9,00-0024318,WR,Brad Smith,Brad,Smith,Chest,,Probable,Chest,,Full Participation in Practice,2012-11-02T09:28:54Z
2012,REG,BUF,9,00-0027861,RB,C.J. Spiller,C.J.,Spiller,Shoulder,,Probable,Shoulder,,Full Participation in Practice,2012-11-02T09:28:54Z
2012,REG,BUF,9,00-0027053,G,Kraig Urbik,Kraig,Urbik,Ankle,,Probable,Ankle,,Full Participation in Practice,2012-11-02T09:28:54Z
2012,REG,BUF,9,00-0028107,LB,Chris White,Chris,White,Back,,Probable,Back,,Full Participation in Practice,2012-11-02T09:31:48Z
2012,REG,BUF,9,00-0023750,DE,Mario Williams,Mario,Williams,Wrist,,Probable,Wrist,,Full Participation in Practice,2012-11-02T09:28:54Z
2012,REG,BUF,9,00-0027004,C,Eric Wood,Eric,Wood,Knee,,Probable,Knee,,Full Participation in Practice,2012-11-02T09:28:54Z
2012,REG,CAR,9,00-0024734,DE,Antwan Applewhite,Antwan,Applewhite,Hamstring,,Doubtful,Hamstring,,Did Not Participate In Practice,2012-11-02T11:23:06Z
2012,REG,CAR,9,00-0028742,DE,Thomas Keiser,Thomas,Keiser,Elbow,,Doubtful,Elbow,,Did Not Participate In Practice,2012-11-02T11:24:11Z
2012,REG,CAR,9,00-0027681,WR,Brandon LaFell,Brandon,LaFell,Head,,Doubtful,Head,,Did Not Participate In Practice,2012-11-02T11:23:34Z
2012,REG,CAR,9,00-0022750,DT,Dwan Edwards,Dwan,Edwards,Ankle,,Questionable,Ankle,,Did Not Participate In Practice,2012-11-02T11:24:35Z
2012,REG,CAR,9,00-0029270,DE,Frank Alexander,Frank,Alexander,Knee,,Questionable,Knee,,Limited Participation in Practice,2012-11-02T11:22:15Z
2012,REG,CAR,9,00-0023448,LB,Thomas Davis,Thomas,Davis,Knee,,Probable,Knee,,Full Participation in Practice,2012-11-02T11:25:10Z
2012,REG,CAR,9,00-0023602,C,Geoff Hangartner,Geoff,Hangartner,Knee,,Probable,Knee,,Full Participation in Practice,2012-11-02T11:25:30Z
2012,REG,CAR,9,00-0022847,TE,Ben Hartsock,Ben,Hartsock,Ankle,,Probable,Ankle,,Full Participation in Practice,2012-11-02T11:25:56Z
2012,REG,CHI,9,00-0021140,DE,Julius Peppers,Julius,Peppers,,,,Not Injury Related,,Did Not Participate In Practice,2012-11-01T14:43:29Z
2012,REG,CHI,9,00-0019456,LB,Brian Urlacher,Brian,Urlacher,,,,Not Injury Related,,Did Not Participate In Practice,2012-11-01T14:43:22Z
2012,REG,CHI,9,00-0029137,WR,Alshon Jeffery,Alshon,Jeffery,Hand,,Out,Hand,,Out (Definitely Will Not Play),2012-11-02T11:40:04Z
2012,REG,CHI,9,00-0022128,LB,Lance Briggs,Lance,Briggs,Toe,,Probable,Toe,,Full Participation in Practice,2012-11-02T11:39:44Z
2012,REG,CHI,9,00-0024355,T,Jonathan Scott,Jonathan,Scott,Groin,,Probable,Groin,,Full Participation in Practice,2012-11-02T11:39:44Z
2012,REG,CHI,9,00-0025464,TE,Matt Spaeth,Matt,Spaeth,Ankle,,Probable,Ankle,,Full Participation in Practice,2012-11-02T11:39:44Z
2012,REG,CIN,9,00-0029293,WR,Marvin Jones,Marvin,Jones,Knee,,Out,Knee,,Did Not Participate In Practice,2012-11-02T12:09:04Z
2012,REG,CIN,9,00-0028004,LB,Dontay Moch,Dontay,Moch,Illness,,Out,Illness,,Did Not Participate In Practice,2012-11-02T12:09:11Z
2012,REG,CIN,9,00-0022157,C,Jeff Faine,Jeff,Faine,Hamstring,,Probable,Hamstring,,Full Participation in Practice,2012-11-02T12:07:52Z
2012,REG,CIN,9,00-0027918,WR,Andrew Hawkins,Andrew,Hawkins,Knee,,Probable,Knee,,Full Participation in Practice,2012-11-02T12:08:54Z
2012,REG,CIN,9,00-0025439,RB,Brian Leonard,Brian,Leonard,Ribs,,Probable,Ribs,,Full Participation in Practice,2012-11-02T12:07:52Z
2012,REG,CLE,9,00-0023727,CB,Dimitri Patterson,Dimitri,Patterson,Ankle,,Out,Ankle,,Did Not Participate In Practice,2012-11-02T13:16:16Z
2012,REG,CLE,9,00-0027628,DE,Brian Sanford,Brian,Sanford,Knee,,Out,Knee,,Did Not Participate In Practice,2012-11-02T13:29:58Z
2012,REG,CLE,9,00-0026330,DT,Ahtyba Rubin,Ahtyba,Rubin,Calf,,Doubtful,Calf,,Did Not Participate In Practice,2012-11-02T13:16:29Z
2012,REG,CLE,9,00-0028930,WR,Josh Cooper,Josh,Cooper,Thigh,,Questionable,Thigh,,Full Participation in Practice,2012-11-02T13:34:48Z
2012,REG,CLE,9,00-0024249,LB,D'Qwell Jackson,D'Qwell,Jackson,Foot,Toe,Questionable,Foot,Toe,Limited Participation in Practice,2012-11-02T13:15:51Z
2012,REG,CLE,9,00-0029065,CB,Johnson Bademosi,Johnson,Bademosi,Hip,,Probable,Hip,,Full Participation in Practice,2012-11-02T13:14:06Z
2012,REG,CLE,9,00-0028924,S,Tashaun Gipson,Tashaun,Gipson,Knee,,Probable,Knee,,Full Participation in Practice,2012-11-02T13:14:06Z
2012,REG,CLE,9,00-0029266,DT,John Hughes,John,Hughes,Arm,,Probable,Arm,,Full Participation in Practice,2012-11-02T13:14:06Z
2012,REG,CLE,9,00-0029279,LB,James-Michael Johnson,James-Michael,Johnson,Knee,Groin,Probable,Knee,Groin,Full Participation in Practice,2012-11-02T13:14:06Z
2012,REG,CLE,9,00-0027694,G,Shawn Lauvao,Shawn,Lauvao,Groin,,Probable,Groin,,Full Participation in Practice,2012-11-02T13:14:06Z
2012,REG,CLE,9,00-0027026,WR,Mohamed Massaquoi,Mohamed,Massaquoi,Hamstring,,Probable,Hamstring,,Full Participation in Practice,2012-11-02T13:14:06Z
2012,REG,CLE,9,00-0027140,RB,Chris Ogbonnaya,Chris,Ogbonnaya,Chest,Ribs,Probable,Chest,Ribs,Full Participation in Practice,2012-11-02T13:14:06Z
2012,REG,CLE,9,00-0024306,DE,Frostee Rucker,Frostee,Rucker,Shoulder,Toe,Probable,Shoulder,Toe,Full Participation in Practice,2012-11-02T13:14:06Z
2012,REG,CLE,9,00-0028690,G,Jarrod Shaw,Jarrod,Shaw,Illness,,Probable,Illness,,Full Participation in Practice,2012-11-02T13:14:06Z
2012,REG,CLE,9,00-0029677,QB,Brandon Weeden,Brandon,Weeden,Groin,Thigh,Probable,Groin,Thigh,Full Participation in Practice,2012-11-02T13:14:06Z
2012,REG,CLE,9,00-0028309,LS,Christian Yount,Christian,Yount,Shoulder,,Probable,Shoulder,,Full Participation in Practice,2012-11-02T13:14:06Z
2012,REG,CLE,9,00-0019986,DE,Juqua Parker,Juqua,Parker,Knee,,Probable,Knee,,Limited Participation in Practice,2012-11-02T13:14:06Z
2012,REG,CLE,9,00-0029675,RB,Trent Richardson,Trent,Richardson,Chest,Rib,Probable,Chest,Rib,Limited Participation in Practice,2012-11-02T13:14:06Z
2012,REG,CLE,9,00-0023316,S,Raymond Ventrone,Raymond,Ventrone,Hand,Calf,Probable,Hand,Calf,Limited Participation in Practice,2012-11-02T13:14:06Z
2012,REG,CLE,9,00-0027653,S,T.J. Ward,T.J.,Ward,Hand,Shoulder,Probable,Hand,Shoulder,Limited Participation in Practice,2012-11-02T13:14:06Z
2012,REG,DAL,9,00-0026214,LB,Dan Connor,Dan,Connor,Neck,,Out,Neck,,Did Not Participate In Practice,2012-11-02T11:27:46Z
2012,REG,DAL,9,00-0027417,C,Phil Costa,Phil,Costa,Ankle,,Out,Ankle,,Did Not Participate In Practice,2012-11-02T11:27:51Z
2012,REG,DAL,9,00-0029648,S,Matt Johnson,Matt,Johnson,Hamstring,,Out,Hamstring,,Did Not Participate In Practice,2012-11-02T11:29:20Z
2012,REG,DAL,9,00-0027826,DT,Sean Lissemore,Sean,Lissemore,Ankle,,Out,Ankle,,Did Not Participate In Practice,2012-11-02T11:29:27Z
2012,REG,DAL,9,00-0028009,RB,DeMarco Murray,DeMarco,Murray,Foot,,Out,Foot,,Did Not Participate In Practice,2012-11-02T11:29:39Z
2012,REG,DAL,9,00-0027902,WR,Dez Bryant,Dez,Bryant,Hip,,Questionable,Hip,,Did Not Participate In Practice,2012-11-02T11:27:36Z
2012,REG,DAL,9,00-0026780,WR,Kevin Ogletree,Kevin,Ogletree,Hamstring,,Questionable,Hamstring,,Limited Participation in Practice,2012-11-02T11:29:51Z
2012,REG,DAL,9,00-0028114,WR,Dwayne Harris,Dwayne,Harris,Neck,,Probable,Neck,,Full Participation in Practice,2012-11-02T11:27:29Z
2012,REG,DAL,9,00-0024307,DT,Jason Hatcher,Jason,Hatcher,Shin,,Probable,Shin,,Full Participation in Practice,2012-11-02T11:27:29Z
2012,REG,DAL,9,00-0026162,RB,Felix Jones,Felix,Jones,Knee,,Probable,Knee,,Limited Participation in Practice,2012-11-02T11:27:29Z
2012,REG,DEN,9,00-0026180,CB,Tracy Porter,Tracy,Porter,Illness,,Out,Illness,,Did Not Participate In Practice,2012-11-02T12:47:48Z
2012,REG,DEN,9,00-0022247,S,Mike Adams,Mike,Adams,Knee,,Probable,Knee,,Full Participation in Practice,2012-11-02T11:20:34Z
2012,REG,DEN,9,00-0024375,G,Chris Kuper,Chris,Kuper,Forearm,,Probable,Forearm,,Full Participation in Practice,2012-11-02T11:20:34Z
2012,REG,DEN,9,00-0010346,QB,Peyton Manning,Peyton,Manning,right Thumb,,Probable,right Thumb,,Full Participation in Practice,2012-11-02T11:20:34Z
2012,REG,DEN,9,00-0026267,TE,Jacob Tamme,Jacob,Tamme,Hip,,Probable,Hip,,Full Participation in Practice,2012-11-02T11:20:34Z
2012,REG,DET,9,00-0027995,RB,Mikel Leshoure,Mikel,Leshoure,,,,Not Injury Related,,Did Not Participate In Practice,2012-10-31T13:05:42Z
2012,REG,DET,9,00-0020382,DE,Kyle Vanden Bosch,Kyle,Vanden Bosch,,,,Not Injury Related,,Did Not Participate In Practice,2012-10-31T13:06:59Z
2012,REG,DET,9,00-0027009,S,Louis Delmas,Louis,Delmas,Knee,,Out,Knee,,Did Not Participate In Practice,2012-11-02T13:23:02Z
2012,REG,DET,9,00-0027671,S,Amari Spievey,Amari,Spievey,Concussion,,Out,Concussion,,Did Not Participate In Practice,2012-11-02T13:23:40Z
2012,REG,DET,9,00-0029265,CB,Dwight Bentley,Dwight,Bentley,Shoulder,,Out,Shoulder,,Out (Definitely Will Not Play),2012-11-02T13:22:56Z
2012,REG,DET,9,00-0025389,WR,Calvin Johnson,Calvin,Johnson,Knee,,Questionable,Knee,,Did Not Participate In Practice,2012-11-02T13:23:12Z
2012,REG,DET,9,00-0027050,RB,DeAndre Levy,DeAndre,Levy,Hamstring,,Questionable,Hamstring,,Limited Participation in Practice,2012-11-02T13:23:30Z
2012,REG,DET,9,00-0025435,LB,Justin Durant,Justin,Durant,Quadricep,,Probable,Quadricep,,Full Participation in Practice,2012-11-02T13:23:07Z
2012,REG,DET,9,00-0026674,CB,Jacob Lacey,Jacob,Lacey,Concussion,,Probable,Concussion,,Full Participation in Practice,2012-11-02T13:22:41Z
2012,REG,DET,9,00-0026996,TE,Brandon Pettigrew,Brandon,Pettigrew,Knee,,Probable,Knee,,Full Participation in Practice,2012-11-02T13:22:41Z
2012,REG,DET,9,00-0024331,LB,Stephen Tulloch,Stephen,Tulloch,Knee,,Probable,Knee,,Full Participation in Practice,2012-11-02T13:22:41Z
2012,REG,DET,9,00-0026232,DE,Cliff Avril,Cliff,Avril,Back,,Probable,Back,,Limited Participation in Practice,2012-11-02T13:22:49Z
2012,REG,DET,9,00-0022906,DT,Corey Williams,Corey,Williams,Knee,,Probable,Knee,,Limited Participation in Practice,2012-11-02T13:22:41Z
2012,REG,DET,9,00-0027982,WR,Titus Young,Titus,Young,Knee,,Probable,Knee,,Limited Participation in Practice,2012-11-02T13:22:41Z
2012,REG,GB,9,00-0022999,RB,John Kuhn,John,Kuhn,Hamstring,,Out,Hamstring,,Did Not Participate In Practice,2012-11-02T11:26:22Z
2012,REG,GB,9,00-0029408,LB,Nick Perry,Nick,Perry,Knee,Wrist,Out,Knee,Wrist,Did Not Participate In Practice,2012-11-02T11:26:47Z
2012,REG,GB,9,00-0027440,CB,Sam Shields,Sam,Shields,Ankle,,Out,Ankle,,Did Not Participate In Practice,2012-11-02T11:26:56Z
2012,REG,GB,9,00-0029257,DE,Jerel Worthy,Jerel,Worthy,Concussion,,Out,Concussion,,Did Not Participate In Practice,2012-11-02T11:27:10Z
2012,REG,GB,9,00-0024267,WR,Greg Jennings,Greg,Jennings,Groin,Abdomen,Out,Groin,Abdomen,Out (Definitely Will Not Play),2012-11-02T11:26:14Z
2012,REG,GB,9,00-0018227,CB,Charles Woodson,Charles,Woodson,Collarbone,,Out,Collarbone,,Out (Definitely Will Not Play),2012-11-02T11:27:04Z
2012,REG,GB,9,00-0029211,S,Jerron McMillian,Jerron,McMillian,Back,,Questionable,Back,,Did Not Participate In Practice,2012-11-02T11:25:47Z
2012,REG,GB,9,00-0026176,WR,Jordy Nelson,Jordy,Nelson,Hamstring,,Questionable,Hamstring,,Did Not Participate In Practice,2012-11-02T11:26:40Z
2012,REG,GB,9,00-0004541,WR,Donald Driver,Donald,Driver,Neck,Thumb,Probable,Neck,Thumb,Full Participation in Practice,2012-11-02T11:25:24Z
2012,REG,GB,9,00-0026231,TE,Jermichael Finley,Jermichael,Finley,Shoulder,,Probable,Shoulder,,Full Participation in Practice,2012-11-02T11:25:24Z
2012,REG,GB,9,00-0027078,G,T.J. Lang,T.J.,Lang,Elbow,Wrist,Probable,Elbow,Wrist,Full Participation in Practice,2012-11-02T11:25:24Z
2012,REG,GB,9,00-0026985,DE,B.J. Raji,B.J.,Raji,Ankle,,Probable,Ankle,,Full Participation in Practice,2012-11-02T11:25:24Z
2012,REG,GB,9,00-0023459,QB,Aaron Rodgers,Aaron,Rodgers,Calf,,Probable,Calf,,Full Participation in Practice,2012-11-02T11:25:24Z
2012,REG,GB,9,00-0027664,DE,Mike Neal,Mike,Neal,Ankle,,Probable,Ankle,,Limited Participation in Practice,2012-11-02T11:25:24Z
2012,REG,HOU,9,00-0022044,WR,Andre Johnson,Andre,Johnson,,,,Not Injury Related,,Did Not Participate In Practice,2012-10-31T11:35:51Z
2012,REG,HOU,9,00-0027890,RB,Ben Tate,Ben,Tate,Hamstring,,Out,Hamstring,,Did Not Participate In Practice,2012-11-02T11:49:14Z
2012,REG,HOU,9,00-0028536,LB,Bryan Braman,Bryan,Braman,Neck,,Probable,Neck,,Full Participation in Practice,2012-11-02T11:48:58Z
2012,REG,HOU,9,00-0026257,S,Quintin Demps,Quintin,Demps,Thumb,Forearm,Probable,Thumb,Forearm,Full Participation in Practice,2012-11-02T11:48:58Z
2012,REG,HOU,9,00-0028542,WR,Lestar Jean,Lestar,Jean,Knee,,Probable,Knee,,Full Participation in Practice,2012-11-02T11:48:58Z
2012,REG,HOU,9,00-0029413,C,Ben Jones,Ben,Jones,Illness,,Probable,Illness,,Full Participation in Practice,2012-11-02T11:48:58Z
2012,REG,HOU,9,00-0028082,S,Shiloh Keo,Shiloh,Keo,Back,,Probable,Back,,Full Participation in Practice,2012-11-02T11:48:58Z
2012,REG,HOU,9,00-0027684,DT,Earl Mitchell,Earl,Mitchell,Ankle,,Probable,Ankle,,Full Participation in Practice,2012-11-02T11:48:58Z
2012,REG,HOU,9,00-0026417,LB,Jesse Nading,Jesse,Nading,Foot,Neck,Probable,Foot,Neck,Full Participation in Practice,2012-11-02T11:48:58Z
2012,REG,HOU,9,00-0022131,G,Wade Smith,Wade,Smith,Knee,,Probable,Knee,,Full Participation in Practice,2012-11-02T11:48:58Z
2012,REG,HOU,9,00-0021931,WR,Kevin Walter,Kevin,Walter,Illness,,Probable,Illness,,Full Participation in Practice,2012-11-02T11:48:58Z
2012,REG,HOU,9,00-0029522,G,Cody White,Cody,White,Illness,,Probable,Illness,,Full Participation in Practice,2012-11-02T11:48:58Z
2012,REG,HOU,9,00-0028090,QB,T.J. Yates,T.J.,Yates,right Elbow,,Probable,right Elbow,,Full Participation in Practice,2012-11-02T11:48:58Z
2012,REG,HOU,9,00-0023472,DT,Shaun Cody,Shaun,Cody,Back,,Probable,Back,,Limited Participation in Practice,2012-11-02T11:48:58Z
2012,REG,HOU,9,00-0024313,TE,Owen Daniels,Owen,Daniels,Hamstring,,Probable,Hamstring,,Limited Participation in Practice,2012-11-02T11:48:58Z
2012,REG,HOU,9,00-0024239,CB,Johnathan Joseph,Johnathan,Joseph,Groin,,Probable,Groin,,Limited Participation in Practice,2012-11-02T11:48:58Z
2012,REG,HOU,9,00-0022793,DE,Antonio Smith,Antonio,Smith,Ankle,,Probable,Ankle,,Limited Participation in Practice,2012-11-02T11:48:58Z
2012,REG,IND,9,00-0027001,CB,Vontae Davis,Vontae,Davis,Knee,,Out,Knee,,Did Not Participate In Practice,2012-11-02T10:17:45Z
2012,REG,IND,9,00-0029697,TE,Coby Fleener,Coby,Fleener,Shoulder,,Out,Shoulder,,Did Not Participate In Practice,2012-11-02T10:18:11Z
2012,REG,IND,9,00-0027017,CB,Darius Butler,Darius,Butler,Shoulder,,Questionable,Shoulder,,Full Participation in Practice,2012-11-02T10:18:30Z
2012,REG,IND,9,00-0027469,T,Jeff Linkenbach,Jeff,Linkenbach,Head,,Questionable,Head,,Full Participation in Practice,2012-11-02T10:18:43Z
2012,REG,IND,9,00-0027892,LB,Pat Angerer,Pat,Angerer,Foot,,Probable,Foot,,Full Participation in Practice,2012-11-02T10:16:57Z
2012,REG,IND,9,00-0027003,RB,Donald Brown,Donald,Brown,Knee,,Probable,Knee,,Full Participation in Practice,2012-11-02T10:16:57Z
2012,REG,IND,9,00-0025920,LB,Jerrell Freeman,Jerrell,Freeman,Foot,,Probable,Foot,,Full Participation in Practice,2012-11-02T10:16:57Z
2012,REG,IND,9,00-0021146,LB,Dwight Freeney,Dwight,Freeney,Ankle,,Probable,Ankle,,Full Participation in Practice,2012-11-02T10:16:57Z
2012,REG,IND,9,00-0029668,QB,Andrew Luck,Andrew,Luck,Knee,,Probable,Knee,,Full Participation in Practice,2012-11-02T10:16:57Z
2012,REG,IND,9,00-0022059,LB,Robert Mathis,Robert,Mathis,Knee,,Probable,Knee,,Full Participation in Practice,2012-11-02T10:16:57Z
2012,REG,IND,9,00-0027032,DT,Fili Moala,Fili,Moala,Knee,,Probable,Knee,,Full Participation in Practice,2012-11-02T10:16:57Z
2012,REG,JAX,9,00-0022897,RB,Greg Jones,Greg,Jones,Hip,,Out,Hip,,Did Not Participate In Practice,2012-11-02T13:08:07Z
2012,REG,JAX,9,00-0024275,RB,Maurice Jones-Drew,Maurice,Jones-Drew,Foot,,Out,Foot,,Did Not Participate In Practice,2012-11-02T13:08:14Z
2012,REG,JAX,9,00-0026253,S,Dwight Lowery,Dwight,Lowery,Ankle,,Out,Ankle,,Did Not Participate In Practice,2012-11-02T13:08:20Z
2012,REG,JAX,9,00-0022080,CB,Rashean Mathis,Rashean,Mathis,Groin,,Out,Groin,,Did Not Participate In Practice,2012-11-02T13:08:25Z
2012,REG,JAX,9,00-0024103,RB,Montell Owens,Montell,Owens,Shoulder,,Out,Shoulder,,Did Not Participate In Practice,2012-11-02T13:08:40Z
2012,REG,JAX,9,00-0027047,CB,Derek Cox,Derek,Cox,Back,,Questionable,Back,,Limited Participation in Practice,2012-11-02T13:07:54Z
2012,REG,JAX,9,00-0027948,QB,Blaine Gabbert,Blaine,Gabbert,left Shoulder,,Probable,left Shoulder,,Full Participation in Practice,2012-11-02T13:08:00Z
2012,REG,JAX,9,00-0025462,WR,Laurent Robinson,Laurent,Robinson,Concussion,,Probable,Concussion,,Full Participation in Practice,2012-11-02T13:06:50Z
2012,REG,JAX,9,00-0018956,C,Brad Meester,Brad,Meester,Foot,,Probable,Foot,,Limited Participation in Practice,2012-11-02T13:08:34Z
2012,REG,KC,9,00-0029358,RB,Nate Eachus,Nate,Eachus,Head,,Out,Head,,Out (Definitely Will Not Play),2012-10-31T14:15:53Z
2012,REG,KC,9,00-0025409,QB,Brady Quinn,Brady,Quinn,Head,,Out,Head,,Out (Definitely Will Not Play),2012-10-31T14:15:35Z
2012,REG,KC,9,00-0022388,WR,Terrance Copper,Terrance,Copper,Calf,,Questionable,Calf,,Limited Participation in Practice,2012-10-31T14:16:08Z
2012,REG,KC,9,00-0026145,DE,Glenn Dorsey,Glenn,Dorsey,Calf,,Questionable,Calf,,Limited Participation in Practice,2012-10-31T14:15:07Z
2012,REG,KC,9,00-0027567,TE,Steve Maneri,Steve,Maneri,Ankle,,Questionable,Ankle,,Limited Participation in Practice,2012-10-31T14:15:19Z
2012,REG,KC,9,00-0023473,CB,Stanford Routt,Stanford,Routt,Hamstring,,Questionable,Hamstring,,Limited Participation in Practice,2012-10-31T14:16:20Z
2012,REG,KC,9,00-0029274,WR,Devon Wylie,Devon,Wylie,Hamstring,,Probable,Hamstring,,Full Participation in Practice,2012-10-31T14:15:26Z
2012,REG,MIA,9,00-0021163,WR,Jabar Gaffney,Jabar,Gaffney,,,,Not Injury Related,,Did Not Participate In Practice,2012-11-01T12:55:54Z
2012,REG,MIA,9,00-0024273,CB,Richard Marshall,Richard,Marshall,Back,,Out,Back,,Did Not Participate In Practice,2012-11-02T10:49:29Z
2012,REG,MIA,9,00-0027077,WR,Brian Hartline,Brian,Hartline,Groin,,Questionable,Groin,Hamstring,Limited Participation in Practice,2012-11-02T10:49:19Z
2012,REG,MIA,9,00-0024102,DT,Tony McDaniel,Tony,McDaniel,Knee,,Questionable,Knee,,Limited Participation in Practice,2012-11-02T10:49:41Z
2012,REG,MIA,9,00-0029701,QB,Ryan Tannehill,Ryan,Tannehill,Knee,,Questionable,Knee,,Limited Participation in Practice,2012-11-02T10:50:07Z
2012,REG,MIA,9,00-0025708,QB,Matt Moore,Matt,Moore,Calf,,Probable,Calf,,Full Participation in Practice,2012-11-02T10:49:06Z
2012,REG,MIA,9,00-0028000,RB,Daniel Thomas,Daniel,Thomas,Elbow,,Probable,Elbow,,Full Participation in Practice,2012-11-02T10:49:06Z
2012,REG,MIA,9,00-0025697,LB,Jason Trusnik,Jason,Trusnik,Forearm,,Probable,Forearm,,Full Participation in Practice,2012-11-02T10:49:06Z
2012,REG,MIA,9,00-0022927,LB,Karlos Dansby,Karlos,Dansby,Biceps,,Probable,Biceps,,Limited Participation in Practice,2012-11-02T10:49:06Z
2012,REG,MIA,9,00-0027953,C,Mike Pouncey,Mike,Pouncey,Achilles,,Probable,Achilles,,Limited Participation in Practice,2012-11-02T10:49:06Z
2012,REG,MIN,9,00-0027068,LB,Tyrone McKenzie,Tyrone,McKenzie,,,,Not Injury Related,,Did Not Participate In Practice,2012-10-31T13:24:07Z
2012,REG,MIN,9,00-0026178,TE,John Carlson,John,Carlson,Concussion,,Out,Concussion,,Did Not Participate In Practice,2012-11-02T11:33:22Z
2012,REG,MIN,9,00-0028108,S,Mistral Raymond,Mistral,Raymond,Ankle,,Questionable,Ankle,,Limited Participation in Practice,2012-11-02T11:33:31Z
2012,REG,MIN,9,00-0025394,RB,Adrian Peterson,Adrian,Peterson,Ankle,,Probable,Ankle,,Did Not Participate In Practice,2012-11-02T11:33:12Z
2012,REG,MIN,9,00-0024426,DT,Fred Evans,Fred,Evans,Knee,,Probable,Knee,,Full Participation in Practice,2012-11-02T11:33:12Z
2012,REG,MIN,9,00-0026292,DT,Letroy Guion,Letroy,Guion,Ribs,,Probable,Ribs,,Full Participation in Practice,2012-11-02T11:33:12Z
2012,REG,MIN,9,00-0025945,LB,Erin Henderson,Erin,Henderson,Elbow,,Probable,Elbow,,Full Participation in Practice,2012-11-02T11:33:12Z
2012,REG,MIN,9,00-0023060,P,Chris Kluwe,Chris,Kluwe,left Knee,,Probable,left Knee,,Full Participation in Practice,2012-11-02T11:33:12Z
2012,REG,MIN,9,00-0027950,QB,Christian Ponder,Christian,Ponder,Knee,,Probable,Knee,,Full Participation in Practice,2012-11-02T11:33:12Z
2012,REG,MIN,9,00-0026998,WR,Percy Harvin,Percy,Harvin,Hamstring,Not Injury Related,Probable,Hamstring,Not Injury Related,Limited Participation in Practice,2012-11-02T11:33:12Z
2012,REG,MIN,9,00-0018093,CB,Antoine Winfield,Antoine,Winfield,Knee,,Probable,Knee,,Limited Participation in Practice,2012-11-02T11:33:12Z
2012,REG,NO,9,00-0023503,WR,Courtney Roby,Courtney,Roby,Shoulder,,Out,Shoulder,,Out (Definitely Will Not Play),2012-11-03T11:16:01Z
2012,REG,NO,9,00-0023564,RB,Darren Sproles,Darren,Sproles,Hand,,Out,Hand,,Out (Definitely Will Not Play),2012-11-03T11:16:09Z
2012,REG,NO,9,00-0025999,LB,David Hawthorne,David,Hawthorne,Hamstring,,Probable,Hamstring,,Full Participation in Practice,2012-11-03T11:15:44Z
2012,REG,NO,9,00-0028532,WR,Joe Morgan,Joe,Morgan,Chest,,Probable,Chest,,Full Participation in Practice,2012-11-03T11:15:44Z
2012,REG,NYG,9,00-0023693,LB,Chase Blackburn,Chase,Blackburn,Hamstring,,Out,Hamstring,,Did Not Participate In Practice,2012-11-02T11:02:45Z
2012,REG,NYG,9,00-0028140,LB,Jacquian Williams,Jacquian,Williams,Knee,,Out,Knee,,Did Not Participate In Practice,2012-11-02T11:03:44Z
2012,REG,NYG,9,00-0026149,LB,Keith Rivers,Keith,Rivers,Calf,,Doubtful,Calf,,Limited Participation in Practice,2012-11-02T11:03:32Z
2012,REG,NYG,9,00-0025637,RB,Ahmad Bradshaw,Ahmad,Bradshaw,Foot,,Questionable,Foot,,Did Not Participate In Practice,2012-11-02T11:02:51Z
2012,REG,NYG,9,00-0026931,TE,Bear Pascoe,Bear,Pascoe,Ankle,,Questionable,Ankle,,Limited Participation in Practice,2012-11-02T11:03:02Z
2012,REG,NYG,9,00-0026171,S,Kenny Phillips,Kenny,Phillips,Knee,,Questionable,Knee,,Limited Participation in Practice,2012-11-02T11:03:13Z
2012,REG,NYG,9,00-0023468,C,David Baas,David,Baas,Ankle,Elbow,Probable,Ankle,Elbow,Full Participation in Practice,2012-11-02T11:02:10Z
2012,REG,NYG,9,00-0021261,DT,Rocky Bernard,Rocky,Bernard,Quadricep,,Probable,Quadricep,,Full Participation in Practice,2012-11-02T11:02:10Z
2012,REG,NYG,9,00-0027265,WR,Victor Cruz,Victor,Cruz,Calf,,Probable,Calf,,Full Participation in Practice,2012-11-02T11:02:10Z
2012,REG,NYG,9,00-0023443,S,Antrel Rolle,Antrel,Rolle,Concussion,,Probable,Concussion,,Full Participation in Practice,2012-11-02T11:02:10Z
2012,REG,OAK,9,00-0023487,T,Khalif Barnes,Khalif,Barnes,Groin,,Out,Groin,,Did Not Participate In Practice,2012-11-02T13:11:19Z
2012,REG,OAK,9,00-0022843,CB,Shawntae Spencer,Shawntae,Spencer,Foot,,Out,Foot,,Did Not Participate In Practice,2012-11-02T13:12:39Z
2012,REG,OAK,9,00-0027721,LB,Keenan Clayton,Keenan,Clayton,Shoulder,,Doubtful,Shoulder,,Did Not Participate In Practice,2012-11-02T13:11:28Z
2012,REG,OAK,9,00-0028063,RB,Taiwan Jones,Taiwan,Jones,Knee,,Questionable,Knee,,Limited Participation in Practice,2012-11-02T13:12:14Z
2012,REG,OAK,9,00-0027904,LB,Rolando McClain,Rolando,McClain,Toe,,Questionable,Toe,,Limited Participation in Practice,2012-11-02T13:12:22Z
2012,REG,OAK,9,00-0026533,DT,Desmond Bryant,Desmond,Bryant,Elbow,,Probable,Elbow,,Full Participation in Practice,2012-11-02T13:10:39Z
2012,REG,OAK,9,00-0027080,RB,Mike Goodson,Mike,Goodson,Toe,,Probable,Toe,,Full Participation in Practice,2012-11-02T13:10:39Z
2012,REG,OAK,9,00-0026144,RB,Darren McFadden,Darren,McFadden,Shoulder,,Probable,Shoulder,,Full Participation in Practice,2012-11-02T13:10:39Z
2012,REG,OAK,9,00-0027023,S,Michael Mitchell,Michael,Mitchell,Finger,,Probable,Finger,,Full Participation in Practice,2012-11-02T13:11:02Z
2012,REG,OAK,9,00-0027045,DE,Matt Shaughnessy,Matt,Shaughnessy,Shoulder,,Probable,Shoulder,,Full Participation in Practice,2012-11-02T13:10:39Z
2012,REG,OAK,9,00-0028201,T,Willie Smith,Willie,Smith,Ankle,,Probable,Ankle,,Full Participation in Practice,2012-11-02T13:10:39Z
2012,REG,OAK,9,00-0027674,T,Jared Veldheer,Jared,Veldheer,Elbow,,Probable,Elbow,,Full Participation in Practice,2012-11-02T13:10:39Z
2012,REG,OAK,9,00-0027986,C,Stefen Wisniewski,Stefen,Wisniewski,Ankle,,Probable,Ankle,,Full Participation in Practice,2012-11-02T13:10:39Z
2012,REG,OAK,9,00-0027788,LB,Travis Goethel,Travis,Goethel,Back,,Probable,Back,,Limited Participation in Practice,2012-11-02T13:10:39Z
2012,REG,OAK,9,00-0019646,K,Sebastian Janikowski,Sebastian,Janikowski,left Groin,,Probable,left Groin,,Limited Participation in Practice,2012-11-02T13:10:39Z
2012,REG,OAK,9,00-0020442,DT,Richard Seymour,Richard,Seymour,Knee,,Probable,Knee,,Limited Participation in Practice,2012-11-02T13:10:39Z
2012,REG,OAK,9,00-0024467,DE,Dave Tollefson,Dave,Tollefson,Shoulder,,Probable,Shoulder,,Limited Participation in Practice,2012-11-02T13:10:39Z
2012,REG,PHI,9,00-0027652,S,Nate Allen,Nate,Allen,,,,Hamstring,,Did Not Participate In Practice,2012-11-02T13:02:43Z
2012,REG,PHI,9,00-0027961,G,Danny Watkins,Danny,Watkins,,,,Ankle,,Did Not Participate In Practice,2012-11-02T13:02:30Z
2012,REG,PHI,9,00-0029416,CB,Brandon Boykin,Brandon,Boykin,,,,Toe,,Full Participation in Practice,2012-11-02T13:02:30Z
2012,REG,PHI,9,00-0026759,DE,Phillip Hunt,Phillip,Hunt,,,,Calf,,Full Participation in Practice,2012-11-02T13:02:30Z
2012,REG,PHI,9,00-0021706,DT,Cullen Jenkins,Cullen,Jenkins,,,,Knee,,Full Participation in Practice,2012-11-02T13:02:53Z
2012,REG,PHI,9,00-0029409,LB,Mychal Kendricks,Mychal,Kendricks,,,,Trap,,Full Participation in Practice,2012-11-02T13:02:30Z
2012,REG,PHI,9,00-0027700,WR,Mardy Gilyard,Mardy,Gilyard,,,,Hamstring,,Out (Definitely Will Not Play),2012-11-02T13:02:30Z
2012,REG,PIT,9,00-0028001,T,Marcus Gilbert,Marcus,Gilbert,Ankle,,Out,Ankle,,Did Not Participate In Practice,2012-11-02T10:10:24Z
2012,REG,PIT,9,00-0022119,S,Troy Polamalu,Troy,Polamalu,Calf,,Out,Calf,,Did Not Participate In Practice,2012-11-02T10:10:40Z
2012,REG,PIT,9,00-0027765,LB,Stevenson Sylvester,Stevenson,Sylvester,Hamstring,,Out,Hamstring,,Did Not Participate In Practice,2012-11-02T10:10:49Z
2012,REG,PIT,9,00-0027786,RB,Jonathan Dwyer,Jonathan,Dwyer,Quadricep,,Doubtful,Quadricep,,Did Not Participate In Practice,2012-11-02T10:09:46Z
2012,REG,PIT,9,00-0026163,RB,Rashard Mendenhall,Rashard,Mendenhall,Achilles,,Doubtful,Achilles,,Did Not Participate In Practice,2012-11-02T10:10:33Z
2012,REG,PIT,9,00-0028170,RB,Baron Batch,Baron,Batch,Shin,,Probable,Shin,,Full Participation in Practice,2012-11-02T10:09:29Z
2012,REG,PIT,9,00-0020840,S,Ryan Clark,Ryan,Clark,Concussion,,Probable,Concussion,,Full Participation in Practice,2012-11-02T10:09:29Z
2012,REG,PIT,9,00-0024356,LB,Brandon Johnson,Brandon,Johnson,Hamstring,,Probable,Hamstring,,Full Participation in Practice,2012-11-02T10:09:29Z
2012,REG,PIT,9,00-0026566,RB,Isaac Redman,Isaac,Redman,Ankle,,Probable,Ankle,,Full Participation in Practice,2012-11-02T10:09:29Z
2012,REG,PIT,9,00-0025433,LB,LaMarr Woodley,LaMarr,Woodley,Hamstring,,Probable,Hamstring,,Full Participation in Practice,2012-11-02T10:09:29Z
2012,REG,SD,9,00-0027585,WR,Richard Goodman,Richard,Goodman,,,,Hamstring,,Did Not Participate In Practice,2012-10-29T17:22:52Z
2012,REG,SD,9,00-0022804,C,Nick Hardwick,Nick,Hardwick,,,,Abdomen,,Full Participation in Practice,2012-10-29T17:24:43Z
2012,REG,SD,9,00-0028027,CB,Shareece Wright,Shareece,Wright,,,,Foot,,Full Participation in Practice,2012-10-29T17:36:17Z
2012,REG,SD,9,00-0026182,WR,Eddie Royal,Eddie,Royal,Hamstring,,Doubtful,Hamstring,,Did Not Participate In Practice,2012-10-31T12:54:55Z
2012,REG,SD,9,00-0025414,WR,Robert Meachem,Robert,Meachem,Hamstring,,Questionable,Hamstring,,Did Not Participate In Practice,2012-10-31T12:54:47Z
2012,REG,SD,9,00-0023008,CB,Chris Carr,Chris,Carr,Quadricep,,Questionable,Quadricep,,Limited Participation in Practice,2012-10-31T12:54:34Z
2012,REG,SD,9,00-0025787,T,Jared Gaither,Jared,Gaither,Groin,,Probable,Groin,,Full Participation in Practice,2012-10-31T12:54:22Z
2012,REG,SD,9,00-0027082,DE,Vaughn Martin,Vaughn,Martin,Neck,,Probable,Neck,,Full Participation in Practice,2012-10-31T12:54:22Z
2012,REG,SD,9,00-0027999,LB,Jonas Mouton,Jonas,Mouton,Hip,,Probable,Hip,,Full Participation in Practice,2012-10-31T12:54:22Z
2012,REG,SD,9,00-0015474,LB,Takeo Spikes,Takeo,Spikes,Elbow,,Probable,Elbow,,Full Participation in Practice,2012-10-31T12:54:22Z
2012,REG,SEA,9,00-0023438,WR,Braylon Edwards,Braylon,Edwards,Knee,,Out,Knee,,Did Not Participate In Practice,2012-11-02T13:14:41Z
2012,REG,SEA,9,00-0026194,DE,Jason Jones,Jason,Jones,Ankle,,Out,Ankle,,Did Not Participate In Practice,2012-11-02T13:14:47Z
2012,REG,SEA,9,00-0028111,CB,Byron Maxwell,Byron,Maxwell,Hamstring,,Questionable,Hamstring,,Full Participation in Practice,2012-11-02T13:14:59Z
2012,REG,SEA,9,00-0027963,G,James Carpenter,James,Carpenter,Illness,,Questionable,Illness,,Limited Participation in Practice,2012-11-02T13:15:26Z
2012,REG,SEA,9,00-0029308,DE,Greg Scruggs,Greg,Scruggs,Oblique,,Questionable,Oblique,,Limited Participation in Practice,2012-11-02T13:15:09Z
2012,REG,SEA,9,00-0025420,DT,Alan Branch,Alan,Branch,Not Injury Related,,Probable,Not Injury Related,,Did Not Participate In Practice,2012-11-02T13:18:41Z
2012,REG,SEA,9,00-0028434,WR,Doug Baldwin,Doug,Baldwin,Ankle,,Probable,Ankle,,Full Participation in Practice,2012-11-02T13:14:25Z
2012,REG,SEA,9,00-0025399,RB,Marshawn Lynch,Marshawn,Lynch,Back,,Probable,Back,,Full Participation in Practice,2012-11-02T13:14:25Z
2012,REG,SEA,9,00-0028013,G,John Moffitt,John,Moffitt,Knee,,Probable,Knee,,Full Participation in Practice,2012-11-02T13:14:25Z
2012,REG,TB,9,00-0026618,DE,Michael Bennett,Michael,Bennett,Ankle,,Probable,Ankle,,Full Participation in Practice,2012-11-02T12:50:41Z
2012,REG,TB,9,00-0025527,CB,Brandon McDonald,Brandon,McDonald,Ankle,,Probable,Ankle,,Full Participation in Practice,2012-11-02T12:50:41Z
2012,REG,TB,9,00-0023894,T,Donald Penn,Donald,Penn,Wrist,,Probable,Wrist,,Full Participation in Practice,2012-11-02T12:50:41Z
2012,REG,TB,9,00-0025440,CB,Eric Wright,Eric,Wright,Achilles,,Probable,Achilles,,Full Participation in Practice,2012-11-02T12:50:41Z
2012,REG,TEN,9,00-0020466,G,Steve Hutchinson,Steve,Hutchinson,,,,Not Injury Related,,Did Not Participate In Practice,2012-11-01T13:19:52Z
2012,REG,TEN,9,00-0025833,LB,Patrick Bailey,Patrick,Bailey,Ribs,,Out,Ribs,,Did Not Participate In Practice,2012-11-02T11:18:16Z
2012,REG,TEN,9,00-0025502,G,Leroy Harris,Leroy,Harris,Knee,,Out,Knee,,Did Not Participate In Practice,2012-11-02T11:18:29Z
2012,REG,TEN,9,00-0027946,QB,Jake Locker,Jake,Locker,left Shoulder,,Doubtful,left Shoulder,,Limited Participation in Practice,2012-11-02T11:18:39Z
2012,REG,TEN,9,00-0028189,CB,Tommie Campbell,Tommie,Campbell,Ankle,,Questionable,Ankle,,Limited Participation in Practice,2012-11-02T11:18:22Z
2012,REG,TEN,9,00-0023548,T,David Stewart,David,Stewart,Knee,,Questionable,Knee,,Limited Participation in Practice,2012-11-02T11:18:50Z
2012,REG,TEN,9,00-0021085,LB,Will Witherspoon,Will,Witherspoon,Hamstring,,Questionable,Hamstring,,Limited Participation in Practice,2012-11-02T11:19:09Z
2012,REG,TEN,9,00-0027006,WR,Kenny Britt,Kenny,Britt,Knee,,Probable,Knee,,Full Participation in Practice,2012-11-02T11:18:09Z
2012,REG,TEN,9,00-0025406,S,Michael Griffin,Michael,Griffin,Hip,,Probable,Hip,,Full Participation in Practice,2012-11-02T11:18:09Z
2012,REG,TEN,9,00-0028047,LB,Colin McCarthy,Colin,McCarthy,Ankle,,Probable,Ankle,,Full Participation in Practice,2012-11-02T11:18:09Z
2012,REG,TEN,9,00-0023476,T,Michael Roos,Michael,Roos,Abdomen,,Probable,Abdomen,,Full Participation in Practice,2012-11-02T11:18:09Z
2012,REG,TEN,9,00-0025925,C,Fernando Velasco,Fernando,Velasco,Concussion,,Probable,Concussion,,Full Participation in Practice,2012-11-02T11:18:09Z
2012,REG,TEN,9,00-0023367,WR,Nate Washington,Nate,Washington,Knee,,Probable,Knee,,Full Participation in Practice,2012-11-02T11:18:09Z
2012,REG,TEN,9,00-0024228,DE,Kamerion Wimbley,Kamerion,Wimbley,Toe,,Probable,Toe,,Full Participation in Practice,2012-11-02T11:18:09Z
2012,REG,WAS,9,00-0026345,WR,Pierre Garcon,Pierre,Garcon,Foot,,Out,Foot,,Did Not Participate In Practice,2012-11-02T12:06:20Z
2012,REG,WAS,9,00-0025411,S,Brandon Meriweather,Brandon,Meriweather,Knee,,Out,Knee,,Limited Participation in Practice,2012-11-02T12:06:26Z
2012,REG,WAS,9,00-0027704,LB,Perry Riley,Perry,Riley,Hamstring,,Questionable,Hamstring,,Limited Participation in Practice,2012-11-02T12:06:36Z
2012,REG,WAS,9,00-0005322,LB,London Fletcher,London,Fletcher,Hamstring,,Probable,Hamstring,,Full Participation in Practice,2012-11-02T12:06:14Z
2012,REG,WAS,9,00-0025532,CB,David Jones,David,Jones,Achilles,,Probable,Achilles,,Full Participation in Practice,2012-11-02T12:06:14Z
2012,REG,WAS,9,00-0024515,P,Saverio Rocca,Saverio,Rocca,right Knee,,Probable,right Knee,,Full Participation in Practice,2012-11-02T12:06:14Z
2012,REG,WAS,9,00-0025442,CB,Josh Wilson,Josh,Wilson,Shoulder,,Probable,Shoulder,,Full Participation in Practice,2012-11-02T12:06:14Z
2012,REG,ATL,10,00-0028792,WR,Kevin Cone,Kevin,Cone,Groin,,Out,Groin,,Did Not Participate In Practice,2012-11-09T10:55:35Z
2012,REG,ATL,10,00-0029423,S,Charles Mitchell,Charles,Mitchell,Calf,,Out,Calf,,Did Not Participate In Practice,2012-11-09T10:55:59Z
2012,REG,ATL,10,00-0027871,LB,Sean Weatherspoon,Sean,Weatherspoon,Ankle,,Out,Ankle,,Did Not Participate In Practice,2012-11-09T10:56:05Z
2012,REG,ATL,10,00-0023494,DT,Jonathan Babineaux,Jonathan,Babineaux,Hamstring,,Questionable,Hamstring,,Limited Participation in Practice,2012-11-09T10:55:24Z
2012,REG,ATL,10,00-0027000,DT,Peria Jerry,Peria,Jerry,Knee,,Questionable,Knee,,Limited Participation in Practice,2012-11-09T10:55:46Z
2012,REG,ATL,10,00-0027840,CB,Robert McClain,Robert,McClain,Hip,,Questionable,Hip,,Limited Participation in Practice,2012-11-09T10:56:19Z
2012,REG,ATL,10,00-0027062,CB,Christopher Owens,Christopher,Owens,Heel,,Questionable,Heel,,Limited Participation in Practice,2012-11-09T10:56:35Z
2012,REG,ATL,10,00-0019546,DE,John Abraham,John,Abraham,Elbow,,Probable,Elbow,,Full Participation in Practice,2012-11-09T10:55:09Z
2012,REG,ATL,10,00-0026161,T,Sam Baker,Sam,Baker,Ankle,,Probable,Ankle,,Full Participation in Practice,2012-11-09T10:55:09Z
2012,REG,ATL,10,00-0026224,WR,Harry Douglas,Harry,Douglas,Ankle,,Probable,Ankle,,Full Participation in Practice,2012-11-09T10:55:09Z
2012,REG,ATL,10,00-0021956,CB,Asante Samuel,Asante,Samuel,Hip,,Probable,Hip,,Full Participation in Practice,2012-11-09T10:55:09Z
2012,REG,ATL,10,00-0025631,RB,Jason Snelling,Jason,Snelling,Illness,,Probable,Illness,,Full Participation in Practice,2012-11-09T10:55:09Z
2012,REG,BAL,10,00-0028103,DE,Pernell McPhee,Pernell,McPhee,Thigh,,Out,Thigh,,Did Not Participate In Practice,2012-11-09T11:46:15Z
2012,REG,BAL,10,00-0024227,DT,Haloti Ngata,Haloti,Ngata,Shoulder,,Questionable,Shoulder,,Limited Participation in Practice,2012-11-09T11:46:29Z
2012,REG,BAL,10,00-0019629,G,Bobbie Williams,Bobbie,Williams,Ankle,,Questionable,Ankle,,Limited Participation in Practice,2012-11-09T11:46:36Z
2012,REG,BAL,10,00-0025473,G,Marshal Yanda,Marshal,Yanda,Ankle,,Questionable,Ankle,,Limited Participation in Practice,2012-11-09T11:46:45Z
2012,REG,BAL,10,00-0023537,S,Sean Considine,Sean,Considine,Chest,,Probable,Chest,,Full Participation in Practice,2012-11-09T11:46:05Z
2012,REG,BAL,10,00-0027557,LS,Morgan Cox,Morgan,Cox,Shoulder,,Probable,Shoulder,,Full Participation in Practice,2012-11-09T11:46:05Z
2012,REG,BAL,10,00-0026857,LB,Dannell Ellerbe,Dannell,Ellerbe,Finger,,Probable,Finger,,Full Participation in Practice,2012-11-09T11:46:05Z
2012,REG,BAL,10,00-0020867,DT,Ma'ake Kemoeatu,Ma'ake,Kemoeatu,Knee,,Probable,Knee,,Full Participation in Practice,2012-11-09T11:46:05Z
2012,REG,BAL,10,00-0024269,S,Bernard Pollard,Bernard,Pollard,Chest,,Probable,Chest,,Full Participation in Practice,2012-11-09T11:46:05Z
2012,REG,BAL,10,00-0022161,LB,Terrell Suggs,Terrell,Suggs,Ankle,,Probable,Ankle,,Full Participation in Practice,2012-11-09T11:46:05Z
2012,REG,BAL,10,00-0028278,LB,Josh Bynes,Josh,Bynes,Thigh,,Probable,Thigh,,Limited Participation in Practice,2012-11-09T11:46:05Z
2012,REG,BAL,10,00-0025460,WR,Jacoby Jones,Jacoby,Jones,Toe,,Probable,Toe,,Limited Participation in Practice,2012-11-09T11:46:05Z
2012,REG,BAL,10,00-0026999,T,Michael Oher,Michael,Oher,Ankle,,Probable,Ankle,,Limited Participation in Practice,2012-11-09T11:46:05Z
2012,REG,BAL,10,00-0021377,S,Ed Reed,Ed,Reed,Shoulder,Knee,Probable,Shoulder,Knee,Limited Participation in Practice,2012-11-09T11:46:05Z
2012,REG,BAL,10,00-0027965,CB,Jimmy Smith,Jimmy,Smith,Abdomen,,Probable,Abdomen,,Limited Participation in Practice,2012-11-09T11:46:05Z
2012,REG,BUF,10,00-0025516,TE,Scott Chandler,Scott,Chandler,,,,Groin,,Full Participation in Practice,2012-11-07T13:11:39Z
2012,REG,BUF,10,00-0023682,QB,Ryan Fitzpatrick,Ryan,Fitzpatrick,,,,Chest,,Full Participation in Practice,2012-11-07T13:07:26Z
2012,REG,BUF,10,00-0020804,RB,Corey McIntyre,Corey,McIntyre,,,,Back,,Full Participation in Practice,2012-11-08T13:07:57Z
2012,REG,BUF,10,00-0028107,LB,Chris White,Chris,White,,,,Back,,Full Participation in Practice,2012-11-07T13:10:56Z
2012,REG,BUF,10,00-0024373,DE,Mark Anderson,Mark,Anderson,Knee,,Out,Knee,,Did Not Participate In Practice,2012-11-09T09:36:13Z
2012,REG,BUF,10,00-0022008,CB,Terrence McGee,Terrence,McGee,Knee,,Out,Knee,,Did Not Participate In Practice,2012-11-09T09:36:21Z
2012,REG,BUF,10,00-0023016,T,Erik Pears,Erik,Pears,Hip,,Out,Hip,,Did Not Participate In Practice,2012-11-09T09:36:35Z
2012,REG,BUF,10,00-0027972,CB,Aaron Williams,Aaron,Williams,Knee,,Out,Knee,,Did Not Participate In Practice,2012-11-09T09:37:01Z
2012,REG,BUF,10,00-0021995,DE,Chris Kelsay,Chris,Kelsay,Neck,,Questionable,Neck,,Did Not Participate In Practice,2012-11-09T09:37:24Z
2012,REG,BUF,10,00-0026364,WR,Steve Johnson,Steve,Johnson,Thigh,,Questionable,Thigh,,Limited Participation in Practice,2012-11-09T09:38:21Z
2012,REG,BUF,10,00-0022610,DT,Spencer Johnson,Spencer,Johnson,Ankle,,Questionable,Ankle,,Limited Participation in Practice,2012-11-09T09:37:35Z
2012,REG,BUF,10,00-0023446,LB,Shawne Merriman,Shawne,Merriman,Chest,,Questionable,Chest,,Limited Participation in Practice,2012-11-09T09:38:38Z
2012,REG,BUF,10,00-0027053,G,Kraig Urbik,Kraig,Urbik,Foot,,Questionable,Foot,,Limited Participation in Practice,2012-11-09T09:37:51Z
2012,REG,BUF,10,00-0024348,DT,Kyle Williams,Kyle,Williams,Ankle,,Questionable,Ankle,,Limited Participation in Practice,2012-11-09T09:38:06Z
2012,REG,BUF,10,00-0027941,DE,Marcell Dareus,Marcell,Dareus,Shoulder,,Probable,Shoulder,,Full Participation in Practice,2012-11-09T09:35:09Z
2012,REG,BUF,10,00-0029542,CB,Stephon Gilmore,Stephon,Gilmore,Shoulder,,Probable,Shoulder,,Full Participation in Practice,2012-11-09T09:35:09Z
2012,REG,BUF,10,00-0028060,T,Chris Hairston,Chris,Hairston,Knee,,Probable,Knee,,Full Participation in Practice,2012-11-09T09:35:09Z
2012,REG,BUF,10,00-0027027,G,Andy Levitre,Andy,Levitre,Knee,,Probable,Knee,,Full Participation in Practice,2012-11-09T09:35:09Z
2012,REG,BUF,10,00-0026151,CB,Leodis McKelvin,Leodis,McKelvin,Groin,,Probable,Groin,,Full Participation in Practice,2012-11-09T09:35:09Z
2012,REG,BUF,10,00-0028144,CB,Justin Rogers,Justin,Rogers,Thigh,,Probable,Thigh,,Full Participation in Practice,2012-11-09T09:35:09Z
2012,REG,BUF,10,00-0024318,WR,Brad Smith,Brad,Smith,Hamstring,,Probable,Hamstring,,Full Participation in Practice,2012-11-09T09:35:50Z
2012,REG,BUF,10,00-0027861,RB,C.J. Spiller,C.J.,Spiller,Shoulder,,Probable,Shoulder,,Full Participation in Practice,2012-11-09T09:35:09Z
2012,REG,BUF,10,00-0023750,DE,Mario Williams,Mario,Williams,Wrist,Knee,Probable,Wrist,Knee,Full Participation in Practice,2012-11-09T09:35:09Z
2012,REG,BUF,10,00-0027004,C,Eric Wood,Eric,Wood,Knee,,Probable,Knee,,Full Participation in Practice,2012-11-09T09:35:09Z
2012,REG,CAR,10,00-0024734,DE,Antwan Applewhite,Antwan,Applewhite,Hamstring,,Doubtful,Hamstring,,Did Not Participate In Practice,2012-11-09T11:18:50Z
2012,REG,CAR,10,00-0028742,DE,Thomas Keiser,Thomas,Keiser,Elbow,,Questionable,Elbow,,Full Participation in Practice,2012-11-09T11:22:31Z
2012,REG,CAR,10,00-0029270,DE,Frank Alexander,Frank,Alexander,Knee,,Probable,Knee,,Full Participation in Practice,2012-11-09T11:18:11Z
2012,REG,CAR,10,00-0023448,LB,Thomas Davis,Thomas,Davis,Knee,,Probable,Knee,,Full Participation in Practice,2012-11-09T11:19:23Z
2012,REG,CAR,10,00-0022750,DT,Dwan Edwards,Dwan,Edwards,Ankle,,Probable,Ankle,,Full Participation in Practice,2012-11-09T11:19:44Z
2012,REG,CAR,10,00-0022117,T,Jordan Gross,Jordan,Gross,Not Injury Related,,Probable,Not Injury Related,,Full Participation in Practice,2012-11-09T11:20:02Z
2012,REG,CAR,10,00-0023602,C,Geoff Hangartner,Geoff,Hangartner,Knee,,Probable,Knee,,Full Participation in Practice,2012-11-09T11:20:27Z
2012,REG,CAR,10,00-0025470,DE,Charles Johnson,Charles,Johnson,Hip,,Probable,Hip,,Full Participation in Practice,2012-11-09T11:22:07Z
2012,REG,CAR,10,00-0026069,RB,Mike Tolbert,Mike,Tolbert,Head,,Probable,Head,,Full Participation in Practice,2012-11-09T11:23:04Z
2012,REG,CHI,10,00-0019456,LB,Brian Urlacher,Brian,Urlacher,,,,Not Injury Related,,Did Not Participate In Practice,2012-11-08T13:59:54Z
2012,REG,CHI,10,00-0025574,DT,Matt Toeaina,Matt,Toeaina,Calf,,Doubtful,Calf,,Did Not Participate In Practice,2012-11-09T12:43:05Z
2012,REG,CHI,10,00-0029137,WR,Alshon Jeffery,Alshon,Jeffery,Hand,,Doubtful,Hand,,Limited Participation in Practice,2012-11-09T12:42:52Z
2012,REG,CHI,10,00-0021604,DE,Israel Idonije,Israel,Idonije,Ankle,,Probable,Ankle,,Full Participation in Practice,2012-11-09T12:42:37Z
2012,REG,CHI,10,00-0026905,DT,Henry Melton,Henry,Melton,Back,,Probable,Back,,Full Participation in Practice,2012-11-09T12:42:37Z
2012,REG,CIN,10,00-0029293,WR,Marvin Jones,Marvin,Jones,Knee,,Out,Knee,,Did Not Participate In Practice,2012-11-09T10:02:20Z
2012,REG,CIN,10,00-0025408,CB,Reggie Nelson,Reggie,Nelson,Hamstring,,Doubtful,Hamstring,,Did Not Participate In Practice,2012-11-09T10:02:29Z
2012,REG,CIN,10,00-0029560,CB,Dre Kirkpatrick,Dre,Kirkpatrick,Thigh,,Questionable,Thigh,,Did Not Participate In Practice,2012-11-09T10:02:45Z
2012,REG,CIN,10,00-0022157,C,Jeff Faine,Jeff,Faine,Hamstring,,Questionable,Hamstring,,Limited Participation in Practice,2012-11-09T10:02:39Z
2012,REG,CIN,10,00-0022867,DE,Robert Geathers,Robert,Geathers,Knee,,Probable,Knee,,Full Participation in Practice,2012-11-09T10:00:55Z
2012,REG,CIN,10,00-0025860,RB,BenJarvus Green-Ellis,BenJarvus,Green-Ellis,Illness,,Probable,Illness,,Full Participation in Practice,2012-11-09T10:00:55Z
2012,REG,CIN,10,00-0027887,S,Taylor Mays,Taylor,Mays,Knee,,Probable,Knee,,Full Participation in Practice,2012-11-09T10:00:55Z
2012,REG,CIN,10,00-0022045,CB,Terence Newman,Terence,Newman,Hamstring,,Probable,Hamstring,,Full Participation in Practice,2012-11-09T10:00:55Z
2012,REG,CIN,10,00-0029066,C,Trevor Robinson,Trevor,Robinson,Hamstring,,Probable,Hamstring,,Full Participation in Practice,2012-11-09T10:00:55Z
2012,REG,CIN,10,00-0026725,LB,Dan Skuta,Dan,Skuta,Thumb,,Probable,Thumb,,Full Participation in Practice,2012-11-09T10:00:55Z
2012,REG,DAL,10,00-0027417,C,Phil Costa,Phil,Costa,Ankle,,Out,Ankle,,Did Not Participate In Practice,2012-11-09T12:11:43Z
2012,REG,DAL,10,00-0029648,S,Matt Johnson,Matt,Johnson,Hamstring,,Out,Hamstring,,Did Not Participate In Practice,2012-11-09T12:11:55Z
2012,REG,DAL,10,00-0027826,DT,Sean Lissemore,Sean,Lissemore,Ankle,,Out,Ankle,,Did Not Participate In Practice,2012-11-09T12:12:00Z
2012,REG,DAL,10,00-0028009,RB,DeMarco Murray,DeMarco,Murray,Foot,,Out,Foot,,Did Not Participate In Practice,2012-11-09T12:12:06Z
2012,REG,DAL,10,00-0026214,LB,Dan Connor,Dan,Connor,Neck,,Doubtful,Neck,,Limited Participation in Practice,2012-11-09T12:11:36Z
2012,REG,DAL,10,00-0026165,CB,Mike Jenkins,Mike,Jenkins,Back,,Questionable,Back,,Did Not Participate In Practice,2012-11-09T12:11:49Z
2012,REG,DAL,10,00-0027902,WR,Dez Bryant,Dez,Bryant,Hip,,Probable,Hip,,Full Participation in Practice,2012-11-09T12:11:16Z
2012,REG,DAL,10,00-0026162,RB,Felix Jones,Felix,Jones,Knee,,Probable,Knee,,Full Participation in Practice,2012-11-09T12:11:28Z
2012,REG,DAL,10,00-0023656,DT,Jay Ratliff,Jay,Ratliff,Ankle,,Probable,Ankle,,Limited Participation in Practice,2012-11-09T12:11:16Z
2012,REG,DEN,10,00-0024375,G,Chris Kuper,Chris,Kuper,Ankle,,Out,Ankle,,Did Not Participate In Practice,2012-11-09T11:20:36Z
2012,REG,DEN,10,00-0026180,CB,Tracy Porter,Tracy,Porter,Illness,,Out,Illness,,Did Not Participate In Practice,2012-11-09T11:20:30Z
2012,REG,DEN,10,00-0027690,WR,Eric Decker,Eric,Decker,Thigh,,Probable,Thigh,,Full Participation in Practice,2012-11-09T11:20:20Z
2012,REG,DEN,10,00-0028142,TE,Virgil Green,Virgil,Green,Hamstring,,Probable,Hamstring,,Full Participation in Practice,2012-11-09T11:20:20Z
2012,REG,DEN,10,00-0023287,S,Jim Leonhard,Jim,Leonhard,Calf,,Probable,Calf,,Full Participation in Practice,2012-11-09T11:20:20Z
2012,REG,DEN,10,00-0022178,RB,Willis McGahee,Willis,McGahee,Knee,,Probable,Knee,,Full Participation in Practice,2012-11-09T11:20:20Z
2012,REG,DEN,10,00-0015754,WR,Brandon Stokley,Brandon,Stokley,Knee,,Probable,Knee,,Full Participation in Practice,2012-11-09T11:20:20Z
2012,REG,DEN,10,00-0027874,WR,Demaryius Thomas,Demaryius,Thomas,Knee,,Probable,Knee,,Full Participation in Practice,2012-11-09T11:20:20Z
2012,REG,DET,10,00-0020382,DE,Kyle Vanden Bosch,Kyle,Vanden Bosch,,,,Not Injury Related,,Did Not Participate In Practice,2012-11-08T12:57:35Z
2012,REG,DET,10,00-0027009,S,Louis Delmas,Louis,Delmas,Knee,,Out,Knee,,Did Not Participate In Practice,2012-11-09T12:50:46Z
2012,REG,DET,10,00-0027671,S,Amari Spievey,Amari,Spievey,Concussion,,Out,Concussion,,Did Not Participate In Practice,2012-11-09T12:52:55Z
2012,REG,DET,10,00-0025596,T,Corey Hilliard,Corey,Hilliard,Knee,,Questionable,Knee,,Did Not Participate In Practice,2012-11-09T12:51:06Z
2012,REG,DET,10,00-0022906,DT,Corey Williams,Corey,Williams,Knee,,Questionable,Knee,,Did Not Participate In Practice,2012-11-09T12:52:19Z
2012,REG,DET,10,00-0026232,DE,Cliff Avril,Cliff,Avril,Back,,Questionable,Back,,Limited Participation in Practice,2012-11-09T12:50:15Z
2012,REG,DET,10,00-0025389,WR,Calvin Johnson,Calvin,Johnson,Knee,,Questionable,Knee,,Limited Participation in Practice,2012-11-09T12:51:13Z
2012,REG,DET,10,00-0027982,WR,Titus Young,Titus,Young,Knee,,Questionable,Knee,,Limited Participation in Practice,2012-11-09T12:51:53Z
2012,REG,DET,10,00-0025428,CB,Chris Houston,Chris,Houston,Illness,,Probable,Illness,,Full Participation in Practice,2012-11-09T12:50:07Z
2012,REG,DET,10,00-0027995,RB,Mikel Leshoure,Mikel,Leshoure,Ankle,,Probable,Ankle,,Full Participation in Practice,2012-11-09T12:50:07Z
2012,REG,DET,10,00-0027050,LB,DeAndre Levy,DeAndre,Levy,Hamstring,,Probable,Hamstring,,Full Participation in Practice,2012-11-09T12:50:07Z
2012,REG,DET,10,00-0024331,LB,Stephen Tulloch,Stephen,Tulloch,Knee,,Probable,Knee,,Full Participation in Practice,2012-11-09T12:50:07Z
2012,REG,DET,10,00-0022218,S,Erik Coleman,Erik,Coleman,Toe,,Probable,Toe,,Limited Participation in Practice,2012-11-09T12:50:07Z
2012,REG,HOU,10,00-0026796,RB,Arian Foster,Arian,Foster,,,,Not Injury Related,,Limited Participation in Practice,2012-11-07T11:46:27Z
2012,REG,HOU,10,00-0023472,DT,Shaun Cody,Shaun,Cody,Ribs,,Out,Ribs,,Did Not Participate In Practice,2012-11-09T11:26:45Z
2012,REG,HOU,10,00-0027890,RB,Ben Tate,Ben,Tate,Hamstring,,Out,Hamstring,,Did Not Participate In Practice,2012-11-09T11:27:00Z
2012,REG,HOU,10,00-0024313,TE,Owen Daniels,Owen,Daniels,Back,,Questionable,Back,,Limited Participation in Practice,2012-11-09T11:27:11Z
2012,REG,HOU,10,00-0028536,LB,Bryan Braman,Bryan,Braman,Neck,,Probable,Neck,,Full Participation in Practice,2012-11-09T11:26:35Z
2012,REG,HOU,10,00-0027109,RB,James Casey,James,Casey,Illness,,Probable,Illness,,Full Participation in Practice,2012-11-09T11:26:35Z
2012,REG,HOU,10,00-0026257,S,Quintin Demps,Quintin,Demps,Thumb,Forearm,Probable,Thumb,Forearm,Full Participation in Practice,2012-11-09T11:26:35Z
2012,REG,HOU,10,00-0028542,WR,Lestar Jean,Lestar,Jean,Knee,,Probable,Knee,,Full Participation in Practice,2012-11-09T11:26:35Z
2012,REG,HOU,10,00-0024239,CB,Johnathan Joseph,Johnathan,Joseph,Quadricep,,Probable,Quadricep,,Full Participation in Practice,2012-11-09T11:26:35Z
2012,REG,HOU,10,00-0028082,S,Shiloh Keo,Shiloh,Keo,Back,,Probable,Back,,Full Participation in Practice,2012-11-09T11:26:35Z
2012,REG,HOU,10,00-0027684,DT,Earl Mitchell,Earl,Mitchell,Ankle,,Probable,Ankle,,Full Participation in Practice,2012-11-09T11:26:35Z
2012,REG,HOU,10,00-0026417,LB,Jesse Nading,Jesse,Nading,Foot,Neck,Probable,Foot,Neck,Full Participation in Practice,2012-11-09T11:26:35Z
2012,REG,HOU,10,00-0022131,G,Wade Smith,Wade,Smith,Knee,,Probable,Knee,,Full Participation in Practice,2012-11-09T11:26:35Z
2012,REG,HOU,10,00-0028090,QB,T.J. Yates,T.J.,Yates,right Elbow,,Probable,right Elbow,,Full Participation in Practice,2012-11-09T11:26:35Z
2012,REG,HOU,10,00-0026935,CB,Brice McCain,Brice,McCain,Knee,,Probable,Knee,,Limited Participation in Practice,2012-11-09T11:26:35Z
2012,REG,HOU,10,00-0022793,DE,Antonio Smith,Antonio,Smith,Ankle,,Probable,Ankle,,Limited Participation in Practice,2012-11-09T11:26:35Z
2012,REG,HOU,10,00-0021931,WR,Kevin Walter,Kevin,Walter,Groin,,Probable,Groin,,Limited Participation in Practice,2012-11-09T11:26:35Z
2012,REG,IND,10,00-0027001,CB,Vontae Davis,Vontae,Davis,Knee,,Out,Knee,,Did Not Participate In Practice,2012-11-07T10:20:06Z
2012,REG,IND,10,00-0029697,TE,Coby Fleener,Coby,Fleener,Shoulder,,Out,Shoulder,,Did Not Participate In Practice,2012-11-07T10:20:14Z
2012,REG,IND,10,00-0027064,CB,Jerraud Powers,Jerraud,Powers,Foot,,Out,Foot,,Did Not Participate In Practice,2012-11-07T10:21:34Z
2012,REG,IND,10,00-0027003,RB,Donald Brown,Donald,Brown,Knee,,Questionable,Knee,,Did Not Participate In Practice,2012-11-07T10:19:52Z
2012,REG,IND,10,00-0024254,T,Winston Justice,Winston,Justice,Knee,,Questionable,Knee,,Did Not Participate In Practice,2012-11-07T10:20:58Z
2012,REG,IND,10,00-0022059,LB,Robert Mathis,Robert,Mathis,Back,,Questionable,Back,,Did Not Participate In Practice,2012-11-07T10:21:17Z
2012,REG,IND,10,00-0025447,C,Samson Satele,Samson,Satele,Back,,Questionable,Back,,Did Not Participate In Practice,2012-11-07T10:21:49Z
2012,REG,IND,10,00-0026173,WR,Donnie Avery,Donnie,Avery,Hip,,Questionable,Hip,,Full Participation in Practice,2012-11-07T10:19:30Z
2012,REG,IND,10,00-0027892,LB,Pat Angerer,Pat,Angerer,Foot,,Probable,Foot,,Full Participation in Practice,2012-11-07T10:18:49Z
2012,REG,IND,10,00-0021146,LB,Dwight Freeney,Dwight,Freeney,Ankle,,Probable,Ankle,,Full Participation in Practice,2012-11-07T10:18:49Z
2012,REG,JAX,10,00-0022897,RB,Greg Jones,Greg,Jones,Hip,,Out,Hip,,Did Not Participate In Practice,2012-11-07T11:02:42Z
2012,REG,JAX,10,00-0024275,RB,Maurice Jones-Drew,Maurice,Jones-Drew,Foot,,Out,Foot,,Did Not Participate In Practice,2012-11-07T11:02:47Z
2012,REG,JAX,10,00-0026253,S,Dwight Lowery,Dwight,Lowery,Ankle,,Out,Ankle,,Did Not Participate In Practice,2012-11-07T11:02:55Z
2012,REG,JAX,10,00-0022080,CB,Rashean Mathis,Rashean,Mathis,Groin,,Questionable,Groin,,Did Not Participate In Practice,2012-11-07T11:03:02Z
2012,REG,JAX,10,00-0027047,CB,Derek Cox,Derek,Cox,Back,,Probable,Back,,Full Participation in Practice,2012-11-07T11:02:28Z
2012,REG,JAX,10,00-0027948,QB,Blaine Gabbert,Blaine,Gabbert,left Shoulder,,Probable,left Shoulder,,Full Participation in Practice,2012-11-07T11:02:28Z
2012,REG,JAX,10,00-0018956,C,Brad Meester,Brad,Meester,Foot,,Probable,Foot,,Full Participation in Practice,2012-11-07T11:02:28Z
2012,REG,JAX,10,00-0024103,RB,Montell Owens,Montell,Owens,Shoulder,,Probable,Shoulder,,Full Participation in Practice,2012-11-07T11:02:28Z
2012,REG,KC,10,00-0026145,DE,Glenn Dorsey,Glenn,Dorsey,Calf,,Out,Calf,,Out (Definitely Will Not Play),2012-11-10T10:59:56Z
2012,REG,KC,10,00-0025409,QB,Brady Quinn,Brady,Quinn,Head,,Out,Head,,Out (Definitely Will Not Play),2012-11-10T11:00:05Z
2012,REG,KC,10,00-0026155,T,Branden Albert,Branden,Albert,Back,,Questionable,Back,,Limited Participation in Practice,2012-11-10T10:59:41Z
2012,REG,KC,10,00-0022350,C,Ryan Lilja,Ryan,Lilja,Neck,,Questionable,Neck,,Limited Participation in Practice,2012-11-10T11:00:28Z
2012,REG,KC,10,00-0027567,TE,Steve Maneri,Steve,Maneri,Ankle,,Questionable,Ankle,,Limited Participation in Practice,2012-11-10T11:00:12Z
2012,REG,KC,10,00-0029524,G,Jeff Allen,Jeff,Allen,Head,,Probable,Head,,Full Participation in Practice,2012-11-10T10:59:34Z
2012,REG,KC,10,00-0027660,CB,Javier Arenas,Javier,Arenas,Head,,Probable,Head,,Full Participation in Practice,2012-11-10T10:59:34Z
2012,REG,KC,10,00-0026213,RB,Jamaal Charles,Jamaal,Charles,Neck,,Probable,Neck,,Full Participation in Practice,2012-11-10T10:59:34Z
2012,REG,KC,10,00-0022388,WR,Terrance Copper,Terrance,Copper,Calf,,Probable,Calf,,Full Participation in Practice,2012-11-10T10:59:34Z
2012,REG,KC,10,00-0029358,RB,Nate Eachus,Nate,Eachus,Head,,Probable,Head,,Full Participation in Practice,2012-11-10T10:59:34Z
2012,REG,KC,10,00-0029274,WR,Devon Wylie,Devon,Wylie,Hamstring,,Probable,Hamstring,,Full Participation in Practice,2012-11-10T10:59:34Z
2012,REG,MIA,10,00-0026000,WR,Davone Bess,Davone,Bess,,,,Not Injury Related,,Did Not Participate In Practice,2012-11-08T14:10:28Z
2012,REG,MIA,10,00-0024273,CB,Richard Marshall,Richard,Marshall,,,,Back,,Did Not Participate In Practice,2012-11-08T14:09:56Z
2012,REG,MIA,10,00-0027878,DE,Jared Odrick,Jared,Odrick,,,,Elbow,,Full Participation in Practice,2012-11-07T13:39:56Z
2012,REG,MIA,10,00-0027445,TE,Jeron Mastrud,Jeron,Mastrud,Hamstring,,Questionable,Hamstring,,Limited Participation in Practice,2012-11-09T14:14:04Z
2012,REG,MIA,10,00-0024102,DT,Tony McDaniel,Tony,McDaniel,Knee,,Questionable,Knee,,Limited Participation in Practice,2012-11-09T14:11:08Z
2012,REG,MIA,10,00-0027744,CB,Nolan Carroll,Nolan,Carroll,Knee,,Probable,Knee,,Full Participation in Practice,2012-11-09T14:10:24Z
2012,REG,MIA,10,00-0022927,LB,Karlos Dansby,Karlos,Dansby,Biceps,,Probable,Biceps,,Full Participation in Practice,2012-11-09T14:10:24Z
2012,REG,MIA,10,00-0027077,WR,Brian Hartline,Brian,Hartline,Hamstring,,Probable,Hamstring,,Full Participation in Practice,2012-11-09T14:10:24Z
2012,REG,MIA,10,00-0029619,RB,Jorvorskie Lane,Jorvorskie,Lane,Knee,,Probable,Knee,,Full Participation in Practice,2012-11-09T14:10:24Z
2012,REG,MIA,10,00-0025820,T,Jake Long,Jake,Long,Back,,Probable,Back,,Full Participation in Practice,2012-11-09T14:10:24Z
2012,REG,MIA,10,00-0029701,QB,Ryan Tannehill,Ryan,Tannehill,Knee,,Probable,Knee,,Full Participation in Practice,2012-11-09T14:10:24Z
2012,REG,MIA,10,00-0027883,LB,Koa Misi,Koa,Misi,Calf,,Probable,Calf,,Limited Participation in Practice,2012-11-09T14:10:24Z
2012,REG,MIA,10,00-0027953,C,Mike Pouncey,Mike,Pouncey,Knee,Ankle,Probable,Knee,Ankle,Limited Participation in Practice,2012-11-09T14:10:24Z
2012,REG,MIA,10,00-0025495,DT,Paul Soliai,Paul,Soliai,Ankle,,Probable,Ankle,,Limited Participation in Practice,2012-11-09T14:10:24Z
2012,REG,MIN,10,00-0026998,WR,Percy Harvin,Percy,Harvin,Ankle,,Doubtful,Ankle,,Did Not Participate In Practice,2012-11-09T12:23:34Z
2012,REG,MIN,10,00-0026292,DT,Letroy Guion,Letroy,Guion,Foot,,Doubtful,Foot,,Limited Participation in Practice,2012-11-09T12:23:44Z
2012,REG,MIN,10,00-0022740,DE,Jared Allen,Jared,Allen,Shoulder,,Probable,Shoulder,,Full Participation in Practice,2012-11-09T12:24:03Z
2012,REG,MIN,10,00-0026178,TE,John Carlson,John,Carlson,Concussion,,Probable,Concussion,,Full Participation in Practice,2012-11-09T12:22:58Z
2012,REG,MIN,10,00-0026286,RB,Jerome Felton,Jerome,Felton,Shoulder,,Probable,Shoulder,,Full Participation in Practice,2012-11-09T12:22:58Z
2012,REG,MIN,10,00-0029687,T,Matt Kalil,Matt,Kalil,Knee,,Probable,Knee,,Full Participation in Practice,2012-11-09T12:22:58Z
2012,REG,MIN,10,00-0023060,P,Chris Kluwe,Chris,Kluwe,left Knee,,Probable,left Knee,,Full Participation in Practice,2012-11-09T12:22:58Z
2012,REG,MIN,10,00-0025394,RB,Adrian Peterson,Adrian,Peterson,Ankle,Illness,Probable,Ankle,Illness,Full Participation in Practice,2012-11-09T12:22:58Z
2012,REG,MIN,10,00-0028108,S,Mistral Raymond,Mistral,Raymond,Ankle,,Probable,Ankle,,Full Participation in Practice,2012-11-09T12:22:58Z
2012,REG,MIN,10,00-0026952,S,Jamarca Sanford,Jamarca,Sanford,Knee,,Probable,Knee,,Full Participation in Practice,2012-11-09T12:22:58Z
2012,REG,MIN,10,00-0026186,WR,Jerome Simpson,Jerome,Simpson,Calf,,Probable,Calf,,Full Participation in Practice,2012-11-09T12:22:58Z
2012,REG,MIN,10,00-0018093,CB,Antoine Winfield,Antoine,Winfield,Knee,,Probable,Knee,,Full Participation in Practice,2012-11-09T12:22:58Z
2012,REG,NE,10,00-0029239,RB,Brandon Bolden,Brandon,Bolden,Knee,,Out,Knee,,Did Not Participate In Practice,2012-11-09T13:30:59Z
2012,REG,NE,10,00-0026309,DE,Trevor Scott,Trevor,Scott,Hamstring,,Out,Hamstring,,Did Not Participate In Practice,2012-11-09T13:31:15Z
2012,REG,NE,10,00-0021645,LB,Tracy White,Tracy,White,Foot,,Out,Foot,,Did Not Participate In Practice,2012-11-09T13:31:27Z
2012,REG,NE,10,00-0026071,CB,Kyle Arrington,Kyle,Arrington,Concussion,,Questionable,Concussion,,Limited Participation in Practice,2012-11-09T13:31:47Z
2012,REG,NE,10,00-0027016,DT,Ron Brace,Ron,Brace,Elbow,,Questionable,Elbow,,Limited Participation in Practice,2012-11-09T13:31:55Z
2012,REG,NE,10,00-0027010,S,Patrick Chung,Patrick,Chung,Shoulder,Hamstring,Questionable,Shoulder,Hamstring,Limited Participation in Practice,2012-11-09T13:32:03Z
2012,REG,NE,10,00-0023998,S,Steve Gregory,Steve,Gregory,Hip,,Questionable,Hip,,Limited Participation in Practice,2012-11-09T13:32:10Z
2012,REG,NE,10,00-0027656,TE,Rob Gronkowski,Rob,Gronkowski,Hip,,Questionable,Hip,,Limited Participation in Practice,2012-11-09T13:32:18Z
2012,REG,NE,10,00-0027713,TE,Aaron Hernandez,Aaron,Hernandez,Ankle,,Questionable,Ankle,,Limited Participation in Practice,2012-11-09T13:32:27Z
2012,REG,NE,10,00-0029669,LB,Dont'a Hightower,Dont'a,Hightower,Hamstring,,Questionable,Hamstring,,Limited Participation in Practice,2012-11-09T13:32:41Z
2012,REG,NE,10,00-0022097,WR,Brandon Lloyd,Brandon,Lloyd,Knee,,Questionable,Knee,,Limited Participation in Practice,2012-11-09T13:32:50Z
2012,REG,NE,10,00-0023467,G,Logan Mankins,Logan,Mankins,Calf,Hip,Questionable,Calf,Hip,Limited Participation in Practice,2012-11-09T13:32:59Z
2012,REG,NE,10,00-0026150,LB,Jerod Mayo,Jerod,Mayo,Elbow,,Questionable,Elbow,,Limited Participation in Practice,2012-11-09T13:33:12Z
2012,REG,NE,10,00-0027435,C,Nick McDonald,Nick,McDonald,Shoulder,,Questionable,Shoulder,,Limited Participation in Practice,2012-11-09T13:33:23Z
2012,REG,NE,10,00-0027668,LB,Brandon Spikes,Brandon,Spikes,Knee,,Questionable,Knee,,Limited Participation in Practice,2012-11-09T13:33:33Z
2012,REG,NE,10,00-0027034,T,Sebastian Vollmer,Sebastian,Vollmer,Back,Knee,Questionable,Back,Knee,Limited Participation in Practice,2012-11-09T13:33:45Z
2012,REG,NE,10,00-0022427,WR,Wes Welker,Wes,Welker,Ankle,,Questionable,Ankle,,Limited Participation in Practice,2012-11-09T13:33:56Z
2012,REG,NE,10,00-0027150,WR,Julian Edelman,Julian,Edelman,Hand,,Probable,Hand,,Full Participation in Practice,2012-11-09T13:34:10Z
2012,REG,NE,10,00-0027236,DT,Kyle Love,Kyle,Love,Knee,,Probable,Knee,,Full Participation in Practice,2012-11-09T13:34:15Z
2012,REG,NO,10,00-0025999,LB,David Hawthorne,David,Hawthorne,,,,Hamstring,,Full Participation in Practice,2012-11-07T13:21:25Z
2012,REG,NO,10,00-0027551,DE,Junior Galette,Junior,Galette,Ankle,,Out,Ankle,,Did Not Participate In Practice,2012-11-09T11:08:44Z
2012,REG,NO,10,00-0023503,WR,Courtney Roby,Courtney,Roby,Shoulder,,Out,Shoulder,,Did Not Participate In Practice,2012-11-09T11:08:53Z
2012,REG,NO,10,00-0023564,RB,Darren Sproles,Darren,Sproles,Hand,,Out,Hand,,Did Not Participate In Practice,2012-11-09T11:09:00Z
2012,REG,NO,10,00-0024424,T,Zach Strief,Zach,Strief,Groin,,Out,Groin,,Did Not Participate In Practice,2012-11-09T11:09:07Z
2012,REG,NYG,10,00-0025560,CB,Michael Coe,Michael,Coe,Hamstring,,Out,Hamstring,,Did Not Participate In Practice,2012-11-09T13:33:05Z
2012,REG,NYG,10,00-0026171,S,Kenny Phillips,Kenny,Phillips,Knee,,Out,Knee,,Did Not Participate In Practice,2012-11-09T13:33:16Z
2012,REG,NYG,10,00-0028140,LB,Jacquian Williams,Jacquian,Williams,Knee,,Out,Knee,,Did Not Participate In Practice,2012-11-09T13:33:23Z
2012,REG,NYG,10,00-0025637,RB,Ahmad Bradshaw,Ahmad,Bradshaw,Foot,,Questionable,Foot,,Did Not Participate In Practice,2012-11-09T13:33:35Z
2012,REG,NYG,10,00-0026149,LB,Keith Rivers,Keith,Rivers,Calf,,Questionable,Calf,,Limited Participation in Practice,2012-11-09T13:33:42Z
2012,REG,NYG,10,00-0022838,G,Chris Snee,Chris,Snee,Ankle,,Questionable,Ankle,,Limited Participation in Practice,2012-11-09T13:33:50Z
2012,REG,NYG,10,00-0023468,C,David Baas,David,Baas,Ankle,Elbow,Probable,Ankle,Elbow,Full Participation in Practice,2012-11-09T13:32:53Z
2012,REG,NYG,10,00-0023693,LB,Chase Blackburn,Chase,Blackburn,Hamstring,,Probable,Hamstring,,Full Participation in Practice,2012-11-09T13:32:53Z
2012,REG,NYG,10,00-0027094,RB,Andre Brown,Andre,Brown,Shoulder,,Probable,Shoulder,,Full Participation in Practice,2012-11-09T13:32:53Z
2012,REG,NYG,10,00-0023566,DT,Chris Canty,Chris,Canty,Groin,,Probable,Groin,,Full Participation in Practice,2012-11-09T13:32:53Z
2012,REG,NYG,10,00-0026931,TE,Bear Pascoe,Bear,Pascoe,Ankle,,Probable,Ankle,,Full Participation in Practice,2012-11-09T13:32:53Z
2012,REG,NYG,10,00-0027005,WR,Hakeem Nicks,Hakeem,Nicks,Knee,,Probable,Knee,,Limited Participation in Practice,2012-11-09T13:32:53Z
2012,REG,NYJ,10,00-0027712,RB,Joe McKnight,Joe,McKnight,Ankle,,Out,Ankle,,Did Not Participate In Practice,2012-11-09T10:16:42Z
2012,REG,NYJ,10,00-0028032,DT,Kenrick Ellis,Kenrick,Ellis,Knee,,Out,Knee,,Limited Participation in Practice,2012-11-09T10:16:47Z
2012,REG,NYJ,10,00-0024244,C,Nick Mangold,Nick,Mangold,Ankle,,Questionable,Ankle,,Limited Participation in Practice,2012-11-09T10:16:10Z
2012,REG,NYJ,10,00-0020969,G,Brandon Moore,Brandon,Moore,Hip,,Questionable,Hip,,Limited Participation in Practice,2012-11-09T10:16:04Z
2012,REG,NYJ,10,00-0023523,DT,Sione Pouha,Sione,Pouha,Back,,Questionable,Back,,Limited Participation in Practice,2012-11-09T10:16:33Z
2012,REG,NYJ,10,00-0028064,RB,Bilal Powell,Bilal,Powell,Shoulder,,Questionable,Shoulder,,Limited Participation in Practice,2012-11-09T10:16:26Z
2012,REG,NYJ,10,00-0020873,LB,Bart Scott,Bart,Scott,Toe,,Questionable,Toe,,Limited Participation in Practice,2012-11-09T10:15:58Z
2012,REG,NYJ,10,00-0024312,S,Eric Smith,Eric,Smith,Knee,,Questionable,Knee,,Limited Participation in Practice,2012-11-09T10:16:18Z
2012,REG,NYJ,10,00-0027321,TE,Jeff Cumberland,Jeff,Cumberland,Wrist,,Probable,Wrist,,Full Participation in Practice,2012-11-09T10:15:32Z
2012,REG,NYJ,10,00-0025689,DT,Mike Devito,Mike,Devito,Finger,,Probable,Finger,,Full Participation in Practice,2012-11-09T10:15:32Z
2012,REG,NYJ,10,00-0028049,WR,Edmond Gates,Edmond,Gates,Shoulder,,Probable,Shoulder,,Full Participation in Practice,2012-11-09T10:15:32Z
2012,REG,NYJ,10,00-0029040,DT,Damon Harrison,Damon,Harrison,Thumb,,Probable,Thumb,,Full Participation in Practice,2012-11-09T10:15:32Z
2012,REG,NYJ,10,00-0028091,WR,Jeremy Kerley,Jeremy,Kerley,Heel,,Probable,Heel,,Full Participation in Practice,2012-11-09T10:15:50Z
2012,REG,NYJ,10,00-0025393,S,LaRon Landry,LaRon,Landry,Heel,,Probable,Heel,,Full Participation in Practice,2012-11-09T10:15:32Z
2012,REG,NYJ,10,00-0022120,LB,Calvin Pace,Calvin,Pace,Shin,,Probable,Shin,,Full Participation in Practice,2012-11-09T10:15:32Z
2012,REG,NYJ,10,00-0026898,QB,Mark Sanchez,Mark,Sanchez,Back,,Probable,Back,,Full Participation in Practice,2012-11-09T10:15:32Z
2012,REG,NYJ,10,00-0026500,G,Matt Slauson,Matt,Slauson,Knee,,Probable,Knee,,Full Participation in Practice,2012-11-09T10:15:32Z
2012,REG,OAK,10,00-0027080,RB,Mike Goodson,Mike,Goodson,Ankle,,Out,Ankle,,Did Not Participate In Practice,2012-11-09T12:41:22Z
2012,REG,OAK,10,00-0026144,RB,Darren McFadden,Darren,McFadden,Ankle,,Out,Ankle,,Did Not Participate In Practice,2012-11-09T12:41:32Z
2012,REG,OAK,10,00-0020442,DT,Richard Seymour,Richard,Seymour,Knee,Hamstring,Out,Knee,Hamstring,Did Not Participate In Practice,2012-11-09T12:41:57Z
2012,REG,OAK,10,00-0022843,CB,Shawntae Spencer,Shawntae,Spencer,Foot,,Out,Foot,,Did Not Participate In Practice,2012-11-09T12:42:30Z
2012,REG,OAK,10,00-0023487,T,Khalif Barnes,Khalif,Barnes,Groin,,Questionable,Groin,,Limited Participation in Practice,2012-11-09T12:40:44Z
2012,REG,OAK,10,00-0026533,DT,Desmond Bryant,Desmond,Bryant,Cardiac,,Probable,Cardiac,,Full Participation in Practice,2012-11-09T12:40:32Z
2012,REG,OAK,10,00-0029631,LB,Miles Burris,Miles,Burris,Elbow,,Probable,Elbow,,Full Participation in Practice,2012-11-09T12:40:32Z
2012,REG,OAK,10,00-0027721,LB,Keenan Clayton,Keenan,Clayton,Shoulder,,Probable,Shoulder,,Full Participation in Practice,2012-11-09T12:40:32Z
2012,REG,OAK,10,00-0027128,CB,Coye Francies,Coye,Francies,Thumb,,Probable,Thumb,,Full Participation in Practice,2012-11-09T12:40:32Z
2012,REG,OAK,10,00-0028119,TE,Richard Gordon,Richard,Gordon,Hamstring,,Probable,Hamstring,,Full Participation in Practice,2012-11-09T12:40:32Z
2012,REG,OAK,10,00-0027023,S,Michael Mitchell,Michael,Mitchell,Finger,,Probable,Finger,,Full Participation in Practice,2012-11-09T12:40:32Z
2012,REG,OAK,10,00-0027135,TE,Brandon Myers,Brandon,Myers,Shoulder,,Probable,Shoulder,,Full Participation in Practice,2012-11-09T12:40:32Z
2012,REG,OAK,10,00-0026393,RB,Marcel Reece,Marcel,Reece,Hamstring,,Probable,Hamstring,,Full Participation in Practice,2012-11-09T12:40:32Z
2012,REG,OAK,10,00-0027045,DE,Matt Shaughnessy,Matt,Shaughnessy,Shoulder,,Probable,Shoulder,,Full Participation in Practice,2012-11-09T12:40:32Z
2012,REG,OAK,10,00-0028201,T,Willie Smith,Willie,Smith,Knee,,Probable,Knee,,Full Participation in Practice,2012-11-09T12:40:32Z
2012,REG,OAK,10,00-0024467,DE,Dave Tollefson,Dave,Tollefson,Shoulder,,Probable,Shoulder,,Full Participation in Practice,2012-11-09T12:40:32Z
2012,REG,OAK,10,00-0023569,S,Matt Giordano,Matt,Giordano,Hamstring,,Probable,Hamstring,,Limited Participation in Practice,2012-11-09T12:40:32Z
2012,REG,OAK,10,00-0019646,K,Sebastian Janikowski,Sebastian,Janikowski,left Groin,,Probable,left Groin,,Limited Participation in Practice,2012-11-09T12:40:32Z
2012,REG,PHI,10,00-0023514,G,Evan Mathis,Evan,Mathis,,,,Knee,,Full Participation in Practice,2012-11-08T12:23:29Z
2012,REG,PHI,10,00-0027961,G,Danny Watkins,Danny,Watkins,Ankle,,Out,Ankle,,Did Not Participate In Practice,2012-11-09T10:40:04Z
2012,REG,PHI,10,00-0027700,WR,Mardy Gilyard,Mardy,Gilyard,Hamstring,,Out,Hamstring,,Out (Definitely Will Not Play),2012-11-09T10:39:46Z
2012,REG,PHI,10,00-0023560,T,Todd Herremans,Todd,Herremans,Foot,,Out,Foot,,Out (Definitely Will Not Play),2012-11-09T10:40:33Z
2012,REG,PHI,10,00-0029438,RB,Chris Polk,Chris,Polk,Toe,,Out,Toe,,Out (Definitely Will Not Play),2012-11-09T10:39:55Z
2012,REG,PHI,10,00-0027652,S,Nate Allen,Nate,Allen,Hamstring,,Probable,Hamstring,,Full Participation in Practice,2012-11-09T10:39:26Z
2012,REG,PHI,10,00-0024324,WR,Jason Avant,Jason,Avant,Back,,Probable,Back,,Full Participation in Practice,2012-11-09T10:39:26Z
2012,REG,PHI,10,00-0029416,CB,Brandon Boykin,Brandon,Boykin,Toe,,Probable,Toe,,Full Participation in Practice,2012-11-09T10:39:26Z
2012,REG,PHI,10,00-0025719,LB,Akeem Jordan,Akeem,Jordan,Groin,,Probable,Groin,,Full Participation in Practice,2012-11-09T10:39:26Z
2012,REG,PHI,10,00-0029409,LB,Mychal Kendricks,Mychal,Kendricks,Foot,,Probable,Foot,,Full Participation in Practice,2012-11-09T10:41:04Z
2012,REG,PHI,10,00-0028493,S,David Sims,David,Sims,Foot,,Probable,Foot,,Full Participation in Practice,2012-11-09T10:39:26Z
2012,REG,PHI,10,00-0027029,RB,LeSean McCoy,LeSean,McCoy,Illness,,Probable,Illness,,Limited Participation in Practice,2012-11-09T10:39:26Z
2012,REG,PIT,10,00-0027793,WR,Antonio Brown,Antonio,Brown,Ankle,,Out,Ankle,,Did Not Participate In Practice,2012-11-10T11:24:33Z
2012,REG,PIT,10,00-0028001,T,Marcus Gilbert,Marcus,Gilbert,Ankle,,Out,Ankle,,Did Not Participate In Practice,2012-11-10T11:24:41Z
2012,REG,PIT,10,00-0022119,S,Troy Polamalu,Troy,Polamalu,Calf,,Out,Calf,,Did Not Participate In Practice,2012-11-10T11:24:53Z
2012,REG,PIT,10,00-0027765,LB,Stevenson Sylvester,Stevenson,Sylvester,Hamstring,,Out,Hamstring,,Did Not Participate In Practice,2012-11-10T11:25:08Z
2012,REG,PIT,10,00-0026163,RB,Rashard Mendenhall,Rashard,Mendenhall,Achilles,,Doubtful,Achilles,,Limited Participation in Practice,2012-11-10T11:24:48Z
2012,REG,PIT,10,00-0028100,LB,Chris Carter,Chris,Carter,Abdomen,,Questionable,Abdomen,,Did Not Participate In Practice,2012-11-10T11:25:46Z
2012,REG,PIT,10,00-0027786,RB,Jonathan Dwyer,Jonathan,Dwyer,Quadricep,,Probable,Quadricep,,Full Participation in Practice,2012-11-10T11:24:24Z
2012,REG,PIT,10,00-0029140,RB,Chris Rainey,Chris,Rainey,Rib,,Probable,Rib,,Full Participation in Practice,2012-11-10T11:24:24Z
2012,REG,PIT,10,00-0023001,K,Shaun Suisham,Shaun,Suisham,Left Ankle,,Probable,Left Ankle,,Full Participation in Practice,2012-11-10T11:24:24Z
2012,REG,SD,10,00-0025521,LB,Antwan Barnes,Antwan,Barnes,Hamstring,,Doubtful,Hamstring,,Did Not Participate In Practice,2012-11-09T12:17:15Z
2012,REG,SD,10,00-0025787,T,Jared Gaither,Jared,Gaither,Groin,,Questionable,Groin,,Did Not Participate In Practice,2012-11-09T12:17:23Z
2012,REG,SD,10,00-0027956,DE,Corey Liuget,Corey,Liuget,Hamstring,,Questionable,Hamstring,,Did Not Participate In Practice,2012-11-09T12:17:30Z
2012,REG,SD,10,00-0022707,LB,Demorrio Williams,Demorrio,Williams,Abdomen,,Questionable,Abdomen,,Limited Participation in Practice,2012-11-09T12:17:41Z
2012,REG,SD,10,00-0023404,S,Atari Bigby,Atari,Bigby,Quadricep,,Probable,Quadricep,,Full Participation in Practice,2012-11-09T12:16:58Z
2012,REG,SD,10,00-0023008,CB,Chris Carr,Chris,Carr,Quadricep,,Probable,Quadricep,,Full Participation in Practice,2012-11-09T12:16:58Z
2012,REG,SD,10,00-0025414,WR,Robert Meachem,Robert,Meachem,Hamstring,,Probable,Hamstring,,Full Participation in Practice,2012-11-09T12:16:58Z
2012,REG,SD,10,00-0022723,LB,Shaun Phillips,Shaun,Phillips,Finger,,Probable,Finger,,Full Participation in Practice,2012-11-09T12:16:58Z
2012,REG,SD,10,00-0026182,WR,Eddie Royal,Eddie,Royal,Hamstring,,Probable,Hamstring,,Full Participation in Practice,2012-11-09T12:16:58Z
2012,REG,SEA,10,00-0027963,G,James Carpenter,James,Carpenter,Concussion,,Out,Concussion,,Did Not Participate In Practice,2012-11-09T13:34:19Z
2012,REG,SEA,10,00-0028037,LB,K.J. Wright,K.J.,Wright,Concussion,,Out,Concussion,,Did Not Participate In Practice,2012-11-09T13:34:58Z
2012,REG,SEA,10,00-0029308,DE,Greg Scruggs,Greg,Scruggs,Oblique,,Doubtful,Oblique,,Did Not Participate In Practice,2012-11-09T13:34:44Z
2012,REG,SEA,10,00-0026964,DT,Clinton McDonald,Clinton,McDonald,Groin,,Questionable,Groin,,Limited Participation in Practice,2012-11-09T13:35:17Z
2012,REG,SEA,10,00-0028434,WR,Doug Baldwin,Doug,Baldwin,Ankle,,Probable,Ankle,,Full Participation in Practice,2012-11-09T13:33:53Z
2012,REG,SEA,10,00-0026261,DE,Red Bryant,Red,Bryant,Foot,,Probable,Foot,,Full Participation in Practice,2012-11-09T13:33:53Z
2012,REG,SEA,10,00-0027733,S,Kam Chancellor,Kam,Chancellor,Quadricep,,Probable,Quadricep,,Full Participation in Practice,2012-11-09T13:33:53Z
2012,REG,SEA,10,00-0023438,WR,Braylon Edwards,Braylon,Edwards,Knee,,Probable,Knee,,Full Participation in Practice,2012-11-09T13:33:53Z
2012,REG,SEA,10,00-0026194,DE,Jason Jones,Jason,Jones,Ankle,,Probable,Ankle,,Full Participation in Practice,2012-11-09T13:33:53Z
2012,REG,SEA,10,00-0025399,RB,Marshawn Lynch,Marshawn,Lynch,Back,Wrist,Probable,Back,Wrist,Full Participation in Practice,2012-11-09T13:33:53Z
2012,REG,SEA,10,00-0028013,G,John Moffitt,John,Moffitt,Knee,,Probable,Knee,,Full Participation in Practice,2012-11-09T13:33:53Z
2012,REG,SEA,10,00-0028092,CB,Richard Sherman,Richard,Sherman,Illness,,Probable,Illness,,Full Participation in Practice,2012-11-09T13:33:53Z
2012,REG,SEA,10,00-0027025,C,Max Unger,Max,Unger,Finger,,Probable,Finger,,Full Participation in Practice,2012-11-09T13:33:53Z
2012,REG,SF,10,00-0026986,WR,Michael Crabtree,Michael,Crabtree,Illness,,Probable,Illness,,Full Participation in Practice,2012-11-09T13:26:42Z
2012,REG,SF,10,00-0026211,LB,Tavares Gooden,Tavares,Gooden,Elbow,,Probable,Elbow,,Full Participation in Practice,2012-11-09T13:26:42Z
2012,REG,SF,10,00-0023500,RB,Frank Gore,Frank,Gore,Hand,,Probable,Hand,,Full Participation in Practice,2012-11-09T13:26:42Z
2012,REG,SF,10,00-0028101,G,Daniel Kilgore,Daniel,Kilgore,Concussion,,Probable,Concussion,,Full Participation in Practice,2012-11-09T13:26:42Z
2012,REG,SF,10,00-0022824,P,Andy Lee,Andy,Lee,Hand,,Probable,Hand,,Full Participation in Practice,2012-11-09T13:26:42Z
2012,REG,SF,10,00-0026235,WR,Mario Manningham,Mario,Manningham,Shoulder,,Probable,Shoulder,,Full Participation in Practice,2012-11-09T13:26:42Z
2012,REG,SF,10,00-0023436,QB,Alex Smith,Alex,Smith,right Finger,,Probable,right Finger,,Full Participation in Practice,2012-11-09T13:26:42Z
2012,REG,SF,10,00-0027905,DT,Will Tukuafu,Will,Tukuafu,Wrist,,Probable,Wrist,,Full Participation in Practice,2012-11-09T13:26:42Z
2012,REG,SF,10,00-0025398,LB,Patrick Willis,Patrick,Willis,Shoulder,,Probable,Shoulder,,Full Participation in Practice,2012-11-09T13:26:42Z
2012,REG,STL,10,00-0027787,DE,Eugene Sims,Eugene,Sims,Knee,,Doubtful,Knee,,Did Not Participate In Practice,2012-11-09T12:10:20Z
2012,REG,STL,10,00-0027256,S,Darian Stewart,Darian,Stewart,Knee,,Doubtful,Knee,,Did Not Participate In Practice,2012-11-09T12:10:26Z
2012,REG,STL,10,00-0026035,WR,Danny Amendola,Danny,Amendola,Shoulder,,Questionable,Shoulder,,Limited Participation in Practice,2012-11-09T12:09:36Z
2012,REG,STL,10,00-0022034,LB,Mario Haggan,Mario,Haggan,Thigh,,Questionable,Thigh,,Limited Participation in Practice,2012-11-09T12:09:45Z
2012,REG,STL,10,00-0027431,DT,Kellen Heard,Kellen,Heard,Foot,,Questionable,Foot,,Limited Participation in Practice,2012-11-09T12:09:51Z
2012,REG,STL,10,00-0022000,T,Wayne Hunter,Wayne,Hunter,Back,,Questionable,Back,,Limited Participation in Practice,2012-11-09T12:10:00Z
2012,REG,STL,10,00-0027648,T,Rodger Saffold,Rodger,Saffold,Knee,,Questionable,Knee,,Limited Participation in Practice,2012-11-09T12:10:14Z
2012,REG,STL,10,00-0027270,LB,Justin Cole,Justin,Cole,Illness,,Probable,Illness,,Full Participation in Practice,2012-11-09T12:09:26Z
2012,REG,STL,10,00-0026206,DT,Kendall Langford,Kendall,Langford,Not Injury Related,,Probable,Not Injury Related,,Full Participation in Practice,2012-11-09T12:09:26Z
2012,REG,STL,10,00-0026310,T,Barry Richardson,Barry,Richardson,Head,,Probable,Head,,Full Participation in Practice,2012-11-09T12:09:26Z
2012,REG,TB,10,00-0027654,WR,Arrelious Benn,Arrelious,Benn,Shoulder,,Questionable,Shoulder,,Did Not Participate In Practice,2012-11-09T12:42:03Z
2012,REG,TB,10,00-0027805,S,Cody Grimm,Cody,Grimm,Hamstring,,Questionable,Hamstring,,Did Not Participate In Practice,2012-11-09T12:41:52Z
2012,REG,TB,10,00-0026618,DE,Michael Bennett,Michael,Bennett,Shoulder,,Probable,Shoulder,,Full Participation in Practice,2012-11-09T12:41:42Z
2012,REG,TB,10,00-0028042,TE,Luke Stocker,Luke,Stocker,Shoulder,,Probable,Shoulder,,Full Participation in Practice,2012-11-09T12:41:42Z
2012,REG,TB,10,00-0027702,WR,Mike Williams,Mike,Williams,Forearm,,Probable,Forearm,,Full Participation in Practice,2012-11-09T12:44:21Z
2012,REG,TB,10,00-0025440,CB,Eric Wright,Eric,Wright,Achilles,,Probable,Achilles,,Full Participation in Practice,2012-11-09T12:41:42Z
2012,REG,TEN,10,00-0025502,G,Leroy Harris,Leroy,Harris,,,,Knee,,Did Not Participate In Practice,2012-11-07T13:28:54Z
2012,REG,TEN,10,00-0020466,G,Steve Hutchinson,Steve,Hutchinson,,,,Not Injury Related,,Did Not Participate In Practice,2012-11-08T13:24:48Z
2012,REG,TEN,10,00-0026258,LB,Xavier Adibi,Xavier,Adibi,Knee,,Out,Knee,,Did Not Participate In Practice,2012-11-09T11:13:54Z
2012,REG,TEN,10,00-0026936,S,Al Afalava,Al,Afalava,Ankle,,Out,Ankle,,Did Not Participate In Practice,2012-11-09T11:13:59Z
2012,REG,TEN,10,00-0028113,T,Byron Stingily,Byron,Stingily,Back,,Questionable,Back,,Did Not Participate In Practice,2012-11-09T11:14:34Z
2012,REG,TEN,10,00-0025833,LB,Patrick Bailey,Patrick,Bailey,Ribs,,Questionable,Ribs,,Full Participation in Practice,2012-11-09T11:14:07Z
2012,REG,TEN,10,00-0021085,LB,Will Witherspoon,Will,Witherspoon,Hamstring,,Questionable,Hamstring,,Full Participation in Practice,2012-11-09T11:14:41Z
2012,REG,TEN,10,00-0028189,CB,Tommie Campbell,Tommie,Campbell,Ankle,,Questionable,Ankle,,Limited Participation in Practice,2012-11-09T11:14:14Z
2012,REG,TEN,10,00-0028047,LB,Colin McCarthy,Colin,McCarthy,Ankle,,Questionable,Ankle,,Limited Participation in Practice,2012-11-09T11:14:26Z
2012,REG,TEN,10,00-0027006,WR,Kenny Britt,Kenny,Britt,Knee,,Probable,Knee,,Full Participation in Practice,2012-11-09T11:13:47Z
2012,REG,TEN,10,00-0027946,QB,Jake Locker,Jake,Locker,left Shoulder,,Probable,left Shoulder,,Full Participation in Practice,2012-11-09T11:13:47Z
2012,REG,TEN,10,00-0027705,CB,Alterraun Verner,Alterraun,Verner,Thigh,,Probable,Thigh,,Full Participation in Practice,2012-11-09T11:13:47Z
2012,REG,TEN,10,00-0029708,WR,Kendall Wright,Kendall,Wright,Elbow,,Probable,Elbow,,Full Participation in Practice,2012-11-09T11:13:47Z
2012,REG,TEN,10,00-0023367,WR,Nate Washington,Nate,Washington,Illness,,Probable,Illness,,Limited Participation in Practice,2012-11-09T11:14:56Z
2012,REG,ARI,11,00-0025423,QB,Kevin Kolb,Kevin,Kolb,Ribs,,Out,Ribs,,Did Not Participate In Practice,2012-11-16T11:23:24Z
2012,REG,ARI,11,00-0026190,DE,Calais Campbell,Calais,Campbell,Calf,,Questionable,Calf,,Limited Participation in Practice,2012-11-16T11:23:15Z
2012,REG,ARI,11,00-0029639,CB,Jamell Fleming,Jamell,Fleming,Back,,Questionable,Back,,Limited Participation in Practice,2012-11-16T11:23:46Z
2012,REG,ARI,11,00-0020516,TE,Todd Heap,Todd,Heap,Knee,,Questionable,Knee,,Limited Participation in Practice,2012-11-16T11:23:51Z
2012,REG,ARI,11,00-0026910,CB,Gregory Toler,Gregory,Toler,Hamstring,,Questionable,Hamstring,,Limited Participation in Practice,2012-11-16T11:23:33Z
2012,REG,ARI,11,00-0024369,TE,Jeff King,Jeff,King,Knee,,Probable,Knee,,Full Participation in Practice,2012-11-16T11:23:03Z
2012,REG,ARI,11,00-0019435,LS,Mike Leach,Mike,Leach,Back,,Probable,Back,,Full Participation in Practice,2012-11-16T11:23:03Z
2012,REG,ARI,11,00-0023557,S,Kerry Rhodes,Kerry,Rhodes,Back,,Probable,Back,,Full Participation in Practice,2012-11-16T11:23:03Z
2012,REG,ARI,11,00-0023529,G,Adam Snyder,Adam,Snyder,Quadricep,,Probable,Quadricep,,Full Participation in Practice,2012-11-16T11:23:03Z
2012,REG,ATL,11,00-0028792,WR,Kevin Cone,Kevin,Cone,Groin,,Out,Groin,,Did Not Participate In Practice,2012-11-16T12:15:19Z
2012,REG,ATL,11,00-0029423,S,Charles Mitchell,Charles,Mitchell,Calf,,Out,Calf,,Did Not Participate In Practice,2012-11-16T12:15:37Z
2012,REG,ATL,11,00-0027944,WR,Julio Jones,Julio,Jones,Ankle,,Questionable,Ankle,,Did Not Participate In Practice,2012-11-16T12:15:30Z
2012,REG,ATL,11,00-0027871,LB,Sean Weatherspoon,Sean,Weatherspoon,Ankle,,Questionable,Ankle,,Did Not Participate In Practice,2012-11-16T12:16:20Z
2012,REG,ATL,11,00-0019546,DE,John Abraham,John,Abraham,Back,,Questionable,Back,,Limited Participation in Practice,2012-11-16T12:15:10Z
2012,REG,ATL,11,00-0022821,RB,Michael Turner,Michael,Turner,Groin,,Questionable,Groin,,Limited Participation in Practice,2012-11-16T12:16:08Z
2012,REG,ATL,11,00-0026942,DT,Vance Walker,Vance,Walker,Ribs,,Questionable,Ribs,,Limited Participation in Practice,2012-11-16T12:16:15Z
2012,REG,ATL,11,00-0023494,DT,Jonathan Babineaux,Jonathan,Babineaux,Thigh,,Probable,Thigh,,Full Participation in Practice,2012-11-16T12:15:01Z
2012,REG,ATL,11,00-0026224,WR,Harry Douglas,Harry,Douglas,Ankle,,Probable,Ankle,,Full Participation in Practice,2012-11-16T12:15:01Z
2012,REG,ATL,11,00-0006101,TE,Tony Gonzalez,Tony,Gonzalez,Shoulder,,Probable,Shoulder,,Full Participation in Practice,2012-11-16T12:15:01Z
2012,REG,ATL,11,00-0025496,LB,Stephen Nicholas,Stephen,Nicholas,Groin,,Probable,Groin,,Full Participation in Practice,2012-11-16T12:15:01Z
2012,REG,ATL,11,00-0012871,LB,Mike Peterson,Mike,Peterson,Foot,,Probable,Foot,,Full Participation in Practice,2012-11-16T12:15:01Z
2012,REG,BAL,11,00-0027965,CB,Jimmy Smith,Jimmy,Smith,Abdomen,,Out,Abdomen,,Out (Definitely Will Not Play),2012-11-16T11:04:30Z
2012,REG,BAL,11,00-0028103,DE,Pernell McPhee,Pernell,McPhee,Thigh,,Doubtful,Thigh,,Did Not Participate In Practice,2012-11-16T11:04:38Z
2012,REG,BAL,11,00-0027665,DT,Terrence Cody,Terrence,Cody,Elbow,,Questionable,Elbow,,Did Not Participate In Practice,2012-11-16T11:04:16Z
2012,REG,BAL,11,00-0029282,S,Christian Thompson,Christian,Thompson,Thigh,,Questionable,Thigh,,Did Not Participate In Practice,2012-11-16T11:04:48Z
2012,REG,BAL,11,00-0023537,S,Sean Considine,Sean,Considine,Knee,Chest,Probable,Knee,Chest,Full Participation in Practice,2012-11-16T11:04:06Z
2012,REG,BAL,11,00-0026857,LB,Dannell Ellerbe,Dannell,Ellerbe,Finger,,Probable,Finger,,Full Participation in Practice,2012-11-16T11:04:06Z
2012,REG,BAL,11,00-0024269,S,Bernard Pollard,Bernard,Pollard,Chest,,Probable,Chest,,Full Participation in Practice,2012-11-16T11:04:06Z
2012,REG,BAL,11,00-0021377,S,Ed Reed,Ed,Reed,Shoulder,Neck,Probable,Shoulder,Neck,Full Participation in Practice,2012-11-16T11:04:06Z
2012,REG,BAL,11,00-0026195,RB,Ray Rice,Ray,Rice,Toe,,Probable,Toe,,Full Participation in Practice,2012-11-16T11:04:06Z
2012,REG,BAL,11,00-0022161,LB,Terrell Suggs,Terrell,Suggs,Ankle,,Probable,Ankle,,Full Participation in Practice,2012-11-16T11:04:06Z
2012,REG,BAL,11,00-0029252,LB,Courtney Upshaw,Courtney,Upshaw,Shoulder,,Probable,Shoulder,,Full Participation in Practice,2012-11-16T11:04:06Z
2012,REG,BAL,11,00-0025460,WR,Jacoby Jones,Jacoby,Jones,Ankle,,Probable,Ankle,,Limited Participation in Practice,2012-11-16T11:04:06Z
2012,REG,BAL,11,00-0024227,DT,Haloti Ngata,Haloti,Ngata,Shoulder,,Probable,Shoulder,,Limited Participation in Practice,2012-11-16T11:04:06Z
2012,REG,BAL,11,00-0027996,WR,Torrey Smith,Torrey,Smith,Chest,,Probable,Chest,,Limited Participation in Practice,2012-11-16T11:04:06Z
2012,REG,BAL,11,00-0019629,G,Bobbie Williams,Bobbie,Williams,Ankle,,Probable,Ankle,,Limited Participation in Practice,2012-11-16T11:04:06Z
2012,REG,BAL,11,00-0025473,G,Marshal Yanda,Marshal,Yanda,Ankle,,Probable,Ankle,,Limited Participation in Practice,2012-11-16T11:04:06Z
2012,REG,BUF,11,00-0024373,DE,Mark Anderson,Mark,Anderson,Knee,,Out,Knee,,Did Not Participate In Practice,2012-11-14T10:39:21Z
2012,REG,BUF,11,00-0024204,RB,Fred Jackson,Fred,Jackson,Concussion,,Out,Concussion,,Did Not Participate In Practice,2012-11-14T10:39:34Z
2012,REG,BUF,11,00-0021995,DE,Chris Kelsay,Chris,Kelsay,Neck,,Out,Neck,,Did Not Participate In Practice,2012-11-14T10:39:40Z
2012,REG,BUF,11,00-0027972,CB,Aaron Williams,Aaron,Williams,Knee,,Out,Knee,,Did Not Participate In Practice,2012-11-14T10:39:28Z
2012,REG,BUF,11,00-0028038,S,Da'Norris Searcy,Da'Norris,Searcy,Hand,,Probable,Hand,,Full Participation in Practice,2012-11-14T10:39:14Z
2012,REG,BUF,11,00-0027861,RB,C.J. Spiller,C.J.,Spiller,Shoulder,,Probable,Shoulder,,Full Participation in Practice,2012-11-14T10:39:14Z
2012,REG,BUF,11,00-0023750,DE,Mario Williams,Mario,Williams,Wrist,Knee,Probable,Wrist,Knee,Full Participation in Practice,2012-11-14T10:39:14Z
2012,REG,BUF,11,00-0027941,DE,Marcell Dareus,Marcell,Dareus,Shoulder,Hamstring,Probable,Shoulder,Hamstring,Limited Participation in Practice,2012-11-14T10:39:14Z
2012,REG,BUF,11,00-0027708,WR,Marcus Easley,Marcus,Easley,Shoulder,,Probable,Shoulder,,Limited Participation in Practice,2012-11-14T10:40:00Z
2012,REG,BUF,11,00-0028060,T,Chris Hairston,Chris,Hairston,Knee,,Probable,Knee,,Limited Participation in Practice,2012-11-14T10:39:14Z
2012,REG,BUF,11,00-0022610,DT,Spencer Johnson,Spencer,Johnson,Ankle,,Probable,Ankle,,Limited Participation in Practice,2012-11-14T10:39:14Z
2012,REG,BUF,11,00-0027027,G,Andy Levitre,Andy,Levitre,Knee,,Probable,Knee,,Limited Participation in Practice,2012-11-14T10:39:14Z
2012,REG,BUF,11,00-0026151,CB,Leodis McKelvin,Leodis,McKelvin,Groin,,Probable,Groin,,Limited Participation in Practice,2012-11-14T10:39:14Z
2012,REG,BUF,11,00-0028144,CB,Justin Rogers,Justin,Rogers,Knee,,Probable,Knee,,Limited Participation in Practice,2012-11-14T10:39:14Z
2012,REG,BUF,11,00-0024318,WR,Brad Smith,Brad,Smith,Hamstring,,Probable,Hamstring,,Limited Participation in Practice,2012-11-14T10:39:14Z
2012,REG,BUF,11,00-0024348,DT,Kyle Williams,Kyle,Williams,Ankle,,Probable,Ankle,,Limited Participation in Practice,2012-11-14T10:39:14Z
2012,REG,BUF,11,00-0027004,C,Eric Wood,Eric,Wood,Knee,,Probable,Knee,,Limited Participation in Practice,2012-11-14T10:39:14Z
2012,REG,CAR,11,00-0024734,DE,Antwan Applewhite,Antwan,Applewhite,Hamstring,,Out,Hamstring,,Out (Definitely Will Not Play),2012-11-16T12:06:34Z
2012,REG,CAR,11,00-0023448,LB,Thomas Davis,Thomas,Davis,Knee,,Probable,Knee,,Full Participation in Practice,2012-11-16T12:07:13Z
2012,REG,CAR,11,00-0027692,WR,Armanti Edwards,Armanti,Edwards,Groin,,Probable,Groin,,Full Participation in Practice,2012-11-16T12:07:38Z
2012,REG,CAR,11,00-0022750,DT,Dwan Edwards,Dwan,Edwards,Ankle,,Probable,Ankle,,Full Participation in Practice,2012-11-16T12:07:59Z
2012,REG,CAR,11,00-0020286,DT,Ron Edwards,Ron,Edwards,Not Injury Related,,Probable,Not Injury Related,,Full Participation in Practice,2012-11-16T12:08:20Z
2012,REG,CAR,11,00-0022117,T,Jordan Gross,Jordan,Gross,Not Injury Related,,Probable,Not Injury Related,,Full Participation in Practice,2012-11-16T12:08:38Z
2012,REG,CAR,11,00-0023602,C,Geoff Hangartner,Geoff,Hangartner,Knee,,Probable,Knee,,Full Participation in Practice,2012-11-16T12:08:55Z
2012,REG,CAR,11,00-0029254,G,Amini Silatolu,Amini,Silatolu,Shoulder,,Probable,Shoulder,,Full Participation in Practice,2012-11-16T12:09:15Z
2012,REG,CAR,11,00-0020337,WR,Steve Smith,Steve,Smith,Not Injury Related,,Probable,Not Injury Related,,Full Participation in Practice,2012-11-16T12:09:32Z
2012,REG,CHI,11,00-0019456,LB,Brian Urlacher,Brian,Urlacher,,,,Not Injury Related,,Did Not Participate In Practice,2012-11-16T14:28:32Z
2012,REG,CHI,11,00-0024226,QB,Jay Cutler,Jay,Cutler,Concussion,,Out,Concussion,,Out (Definitely Will Not Play),2012-11-17T11:38:24Z
2012,REG,CHI,11,00-0029250,DE,Shea McClellin,Shea,McClellin,Concussion,,Out,Concussion,,Out (Definitely Will Not Play),2012-11-17T11:38:32Z
2012,REG,CHI,11,00-0025574,DT,Matt Toeaina,Matt,Toeaina,Calf,,Out,Calf,,Out (Definitely Will Not Play),2012-11-17T11:38:42Z
2012,REG,CHI,11,00-0029137,WR,Alshon Jeffery,Alshon,Jeffery,Hand,,Probable,Hand,,Full Participation in Practice,2012-11-17T11:38:13Z
2012,REG,CHI,11,00-0026905,DT,Henry Melton,Henry,Melton,Back,,Probable,Back,,Full Participation in Practice,2012-11-17T11:38:13Z
2012,REG,CIN,11,00-0025408,S,Reggie Nelson,Reggie,Nelson,Hamstring,,Doubtful,Hamstring,,Did Not Participate In Practice,2012-11-16T09:56:28Z
2012,REG,CIN,11,00-0029293,WR,Marvin Jones,Marvin,Jones,Knee,,Doubtful,Knee,,Limited Participation in Practice,2012-11-16T09:56:20Z
2012,REG,CIN,11,00-0022157,C,Jeff Faine,Jeff,Faine,Hamstring,,Questionable,Hamstring,,Did Not Participate In Practice,2012-11-16T09:56:41Z
2012,REG,CIN,11,00-0027918,WR,Andrew Hawkins,Andrew,Hawkins,Knee,,Questionable,Knee,,Limited Participation in Practice,2012-11-16T09:56:08Z
2012,REG,CIN,11,00-0028912,LB,Vontaze Burfict,Vontaze,Burfict,Elbow,,Probable,Elbow,,Full Participation in Practice,2012-11-16T09:55:40Z
2012,REG,CIN,11,00-0020495,CB,Nate Clements,Nate,Clements,Knee,,Probable,Knee,,Full Participation in Practice,2012-11-16T09:55:40Z
2012,REG,CIN,11,00-0023441,CB,Adam Jones,Adam,Jones,Calf,,Probable,Calf,,Full Participation in Practice,2012-11-16T09:55:40Z
2012,REG,CIN,11,00-0027887,S,Taylor Mays,Taylor,Mays,Knee,,Probable,Knee,,Full Participation in Practice,2012-11-16T09:55:40Z
2012,REG,CIN,11,00-0029258,DT,Devon Still,Devon,Still,Back,,Probable,Back,,Full Participation in Practice,2012-11-16T09:55:40Z
2012,REG,CLE,11,00-0023727,CB,Dimitri Patterson,Dimitri,Patterson,Ankle,,Out,Ankle,,Did Not Participate In Practice,2012-11-16T12:11:14Z
2012,REG,CLE,11,00-0023316,S,Raymond Ventrone,Raymond,Ventrone,Hand,Calf,Out,Hand,Calf,Did Not Participate In Practice,2012-11-16T12:11:50Z
2012,REG,CLE,11,00-0027860,CB,Joe Haden,Joe,Haden,Oblique,,Questionable,Oblique,,Did Not Participate In Practice,2012-11-16T12:10:50Z
2012,REG,CLE,11,00-0026330,DT,Ahtyba Rubin,Ahtyba,Rubin,Calf,,Questionable,Calf,,Limited Participation in Practice,2012-11-16T12:11:30Z
2012,REG,CLE,11,00-0028040,TE,Jordan Cameron,Jordan,Cameron,Groin,,Probable,Groin,,Full Participation in Practice,2012-11-16T12:21:03Z
2012,REG,CLE,11,00-0028930,WR,Josh Cooper,Josh,Cooper,Illness,,Probable,Illness,,Full Participation in Practice,2012-11-16T12:10:23Z
2012,REG,CLE,11,00-0023176,WR,Joshua Cribbs,Joshua,Cribbs,Wrist,,Probable,Wrist,,Full Participation in Practice,2012-11-16T12:10:23Z
2012,REG,CLE,11,00-0024249,LB,D'Qwell Jackson,D'Qwell,Jackson,Calf,,Probable,Calf,,Full Participation in Practice,2012-11-16T12:10:23Z
2012,REG,CLE,11,00-0027026,WR,Mohamed Massaquoi,Mohamed,Massaquoi,Hamstring,,Probable,Hamstring,,Full Participation in Practice,2012-11-16T12:10:23Z
2012,REG,CLE,11,00-0029675,RB,Trent Richardson,Trent,Richardson,Chest/Finger,Rib,Probable,Chest/Finger,Rib,Full Participation in Practice,2012-11-16T12:10:23Z
2012,REG,CLE,11,00-0024306,DE,Frostee Rucker,Frostee,Rucker,Shoulder,Illness,Probable,Shoulder,Illness,Full Participation in Practice,2012-11-16T12:10:23Z
2012,REG,CLE,11,00-0028075,CB,Buster Skrine,Buster,Skrine,Ankle,,Probable,Ankle,,Full Participation in Practice,2012-11-16T12:10:23Z
2012,REG,CLE,11,00-0027959,DT,Phillip Taylor,Phillip,Taylor,Chest/Ankle/Illness,,Probable,Chest/Ankle/Illness,,Full Participation in Practice,2012-11-16T12:10:23Z
2012,REG,CLE,11,00-0027653,S,T.J. Ward,T.J.,Ward,Hand,,Probable,Hand,,Full Participation in Practice,2012-11-16T12:10:23Z
2012,REG,CLE,11,00-0029677,QB,Brandon Weeden,Brandon,Weeden,Groin,Thigh,Probable,Groin,Thigh,Full Participation in Practice,2012-11-16T12:10:23Z
2012,REG,CLE,11,00-0025453,S,Usama Young,Usama,Young,Knee,,Probable,Knee,,Full Participation in Practice,2012-11-16T12:12:15Z
2012,REG,DAL,11,00-0027417,C,Phil Costa,Phil,Costa,Ankle,,Out,Ankle,,Did Not Participate In Practice,2012-11-16T11:55:28Z
2012,REG,DAL,11,00-0029648,S,Matt Johnson,Matt,Johnson,Hamstring,,Out,Hamstring,,Did Not Participate In Practice,2012-11-16T11:55:48Z
2012,REG,DAL,11,00-0027826,DT,Sean Lissemore,Sean,Lissemore,Ankle,,Out,Ankle,,Did Not Participate In Practice,2012-11-16T11:55:58Z
2012,REG,DAL,11,00-0024266,C,Ryan Cook,Ryan,Cook,Knee,,Doubtful,Knee,,Did Not Participate In Practice,2012-11-16T11:55:11Z
2012,REG,DAL,11,00-0026165,CB,Mike Jenkins,Mike,Jenkins,Back,,Doubtful,Back,,Did Not Participate In Practice,2012-11-16T11:55:38Z
2012,REG,DAL,11,00-0028009,RB,DeMarco Murray,DeMarco,Murray,Foot,,Doubtful,Foot,,Did Not Participate In Practice,2012-11-16T11:56:08Z
2012,REG,DAL,11,00-0026214,LB,Dan Connor,Dan,Connor,Neck,,Probable,Neck,,Full Participation in Practice,2012-11-16T11:54:56Z
2012,REG,DAL,11,00-0023656,DT,Jay Ratliff,Jay,Ratliff,Ankle,,Probable,Ankle,,Full Participation in Practice,2012-11-16T11:54:56Z
2012,REG,DAL,11,00-0024394,RB,Lawrence Vickers,Lawrence,Vickers,Knee,,Probable,Knee,,Full Participation in Practice,2012-11-16T11:54:56Z
2012,REG,DAL,11,00-0027139,TE,John Phillips,John,Phillips,Ankle,,Probable,Ankle,,Limited Participation in Practice,2012-11-16T11:54:56Z
2012,REG,DEN,11,00-0026180,CB,Tracy Porter,Tracy,Porter,Illness,,Out,Illness,,Limited Participation in Practice,2012-11-16T11:49:05Z
2012,REG,DEN,11,00-0024375,G,Chris Kuper,Chris,Kuper,Ankle,,Doubtful,Ankle,,Limited Participation in Practice,2012-11-16T11:48:53Z
2012,REG,DEN,11,00-0024341,DE,Elvis Dumervil,Elvis,Dumervil,Shoulder,,Questionable,Shoulder,,Limited Participation in Practice,2012-11-16T11:48:41Z
2012,REG,DEN,11,00-0026994,DE,Robert Ayers,Robert,Ayers,Groin,,Probable,Groin,,Full Participation in Practice,2012-11-16T11:49:49Z
2012,REG,DEN,11,00-0023287,S,Jim Leonhard,Jim,Leonhard,Calf,,Probable,Calf,,Full Participation in Practice,2012-11-16T11:48:32Z
2012,REG,DEN,11,00-0023648,DT,Kevin Vickerson,Kevin,Vickerson,Thigh,,Probable,Thigh,,Full Participation in Practice,2012-11-16T11:48:32Z
2012,REG,DET,11,00-0020382,DE,Kyle Vanden Bosch,Kyle,Vanden Bosch,,,,Not Injury Related,,Did Not Participate In Practice,2012-11-16T12:25:07Z
2012,REG,DET,11,00-0027671,S,Amari Spievey,Amari,Spievey,Concussion,,Out,Concussion,,Did Not Participate In Practice,2012-11-16T12:26:50Z
2012,REG,DET,11,00-0022906,DT,Corey Williams,Corey,Williams,Knee,,Out,Knee,,Did Not Participate In Practice,2012-11-16T12:26:15Z
2012,REG,DET,11,00-0027009,S,Louis Delmas,Louis,Delmas,Knee,,Doubtful,Knee,,Did Not Participate In Practice,2012-11-16T12:26:41Z
2012,REG,DET,11,00-0025428,CB,Chris Houston,Chris,Houston,Ankle,,Questionable,Ankle,,Limited Participation in Practice,2012-11-16T12:26:05Z
2012,REG,DET,11,00-0025389,WR,Calvin Johnson,Calvin,Johnson,Knee,,Questionable,Knee,,Limited Participation in Practice,2012-11-16T12:26:33Z
2012,REG,DET,11,00-0026232,DE,Cliff Avril,Cliff,Avril,Back,Concussion,Probable,Back,Concussion,Limited Participation in Practice,2012-11-16T12:25:50Z
2012,REG,DET,11,00-0022218,S,Erik Coleman,Erik,Coleman,Eye,,Probable,Eye,,Limited Participation in Practice,2012-11-16T12:25:50Z
2012,REG,DET,11,00-0006800,K,Jason Hanson,Jason,Hanson,left Foot,,Probable,left Foot,,Limited Participation in Practice,2012-11-16T12:25:50Z
2012,REG,DET,11,00-0026635,LB,Ashlee Palmer,Ashlee,Palmer,Chest,,Probable,Chest,,Limited Participation in Practice,2012-11-16T12:25:50Z
2012,REG,DET,11,00-0027982,WR,Titus Young,Titus,Young,Knee,,Probable,Knee,,Limited Participation in Practice,2012-11-16T12:25:50Z
2012,REG,GB,11,00-0027753,TE,Andrew Quarless,Andrew,Quarless,Knee,,Out,Knee,,Did Not Participate In Practice,2012-11-16T12:25:57Z
2012,REG,GB,11,00-0024267,WR,Greg Jennings,Greg,Jennings,Groin,Abdomen,Out,Groin,Abdomen,Out (Definitely Will Not Play),2012-11-16T12:25:13Z
2012,REG,GB,11,00-0027002,LB,Clay Matthews,Clay,Matthews,Hamstring,,Out,Hamstring,,Out (Definitely Will Not Play),2012-11-16T12:25:35Z
2012,REG,GB,11,00-0018227,S,Charles Woodson,Charles,Woodson,Collarbone,,Out,Collarbone,,Out (Definitely Will Not Play),2012-11-16T12:26:17Z
2012,REG,GB,11,00-0029291,LB,Terrell Manning,Terrell,Manning,Shoulder,,Questionable,Shoulder,,Limited Participation in Practice,2012-11-16T12:25:28Z
2012,REG,GB,11,00-0027440,CB,Sam Shields,Sam,Shields,Ankle,,Questionable,Ankle,,Limited Participation in Practice,2012-11-16T12:26:09Z
2012,REG,GB,11,00-0028034,RB,Alex Green,Alex,Green,Knee,,Probable,Knee,,Did Not Participate In Practice,2012-11-16T12:25:02Z
2012,REG,GB,11,00-0027078,G,T.J. Lang,T.J.,Lang,Elbow,Wrist,Probable,Elbow,Wrist,Full Participation in Practice,2012-11-16T12:24:26Z
2012,REG,GB,11,00-0028156,TE,Ryan Taylor,Ryan,Taylor,Chest,,Probable,Chest,,Full Participation in Practice,2012-11-16T12:24:26Z
2012,REG,GB,11,00-0028079,TE,D.J. Williams,D.J.,Williams,Hamstring,,Probable,Hamstring,,Full Participation in Practice,2012-11-16T12:24:26Z
2012,REG,GB,11,00-0029257,DE,Jerel Worthy,Jerel,Worthy,Concussion,,Probable,Concussion,,Full Participation in Practice,2012-11-16T12:24:26Z
2012,REG,GB,11,00-0004541,WR,Donald Driver,Donald,Driver,Thumb,,Probable,Thumb,,Limited Participation in Practice,2012-11-16T12:24:26Z
2012,REG,GB,11,00-0022999,RB,John Kuhn,John,Kuhn,Hamstring,,Probable,Hamstring,,Limited Participation in Practice,2012-11-16T12:24:26Z
2012,REG,GB,11,00-0027664,DE,Mike Neal,Mike,Neal,Ankle,,Probable,Ankle,,Limited Participation in Practice,2012-11-16T12:24:26Z
2012,REG,GB,11,00-0026176,WR,Jordy Nelson,Jordy,Nelson,Hamstring,Foot,Probable,Hamstring,Foot,Limited Participation in Practice,2012-11-16T12:24:26Z
2012,REG,GB,11,00-0028071,RB,Johnny White,Johnny,White,Illness,,Probable,Illness,,Limited Participation in Practice,2012-11-16T12:24:26Z
2012,REG,HOU,11,00-0027890,RB,Ben Tate,Ben,Tate,Hamstring,,Out,Hamstring,,Did Not Participate In Practice,2012-11-16T10:51:43Z
2012,REG,HOU,11,00-0023472,DT,Shaun Cody,Shaun,Cody,Ribs,Back,Questionable,Ribs,Back,Limited Participation in Practice,2012-11-16T10:47:50Z
2012,REG,HOU,11,00-0024313,TE,Owen Daniels,Owen,Daniels,Back,,Questionable,Back,,Limited Participation in Practice,2012-11-16T10:48:00Z
2012,REG,HOU,11,00-0024365,LB,Tim Dobbins,Tim,Dobbins,Shoulder,,Questionable,Shoulder,,Limited Participation in Practice,2012-11-16T10:48:12Z
2012,REG,HOU,11,00-0025624,CB,Alan Ball,Alan,Ball,Ankle,,Probable,Ankle,,Full Participation in Practice,2012-11-16T10:47:25Z
2012,REG,HOU,11,00-0026257,S,Quintin Demps,Quintin,Demps,Thumb,Forearm/Toe,Probable,Thumb,Forearm/Toe,Full Participation in Practice,2012-11-16T10:47:25Z
2012,REG,HOU,11,00-0022137,LB,Bradie James,Bradie,James,Thumb,,Probable,Thumb,,Full Participation in Practice,2012-11-16T10:47:25Z
2012,REG,HOU,11,00-0028542,WR,Lestar Jean,Lestar,Jean,Knee,,Probable,Knee,,Full Participation in Practice,2012-11-16T10:47:25Z
2012,REG,HOU,11,00-0026935,CB,Brice McCain,Brice,McCain,Knee,,Probable,Knee,,Full Participation in Practice,2012-11-16T10:47:25Z
2012,REG,HOU,11,00-0026417,LB,Jesse Nading,Jesse,Nading,Foot,,Probable,Foot,,Full Participation in Practice,2012-11-16T10:47:25Z
2012,REG,HOU,11,00-0022131,G,Wade Smith,Wade,Smith,Knee,,Probable,Knee,,Full Participation in Practice,2012-11-16T10:47:25Z
2012,REG,HOU,11,00-0022793,DE,Antonio Smith,Antonio,Smith,Illness,Ankle,Probable,Illness,Ankle,Full Participation in Practice,2012-11-16T10:47:25Z
2012,REG,HOU,11,00-0021931,WR,Kevin Walter,Kevin,Walter,Groin,,Probable,Groin,,Full Participation in Practice,2012-11-16T10:47:25Z
2012,REG,HOU,11,00-0028090,QB,T.J. Yates,T.J.,Yates,right Elbow,,Probable,right Elbow,,Full Participation in Practice,2012-11-16T10:47:25Z
2012,REG,IND,11,00-0027001,CB,Vontae Davis,Vontae,Davis,Knee,,Out,Knee,,Did Not Participate In Practice,2012-11-16T10:26:30Z
2012,REG,IND,11,00-0029697,TE,Coby Fleener,Coby,Fleener,Shoulder,,Out,Shoulder,,Did Not Participate In Practice,2012-11-16T10:26:48Z
2012,REG,IND,11,00-0027003,RB,Donald Brown,Donald,Brown,Knee,,Probable,Knee,,Full Participation in Practice,2012-11-16T10:26:15Z
2012,REG,IND,11,00-0029574,DT,Josh Chapman,Josh,Chapman,Knee,,Probable,Knee,,Full Participation in Practice,2012-11-16T10:26:15Z
2012,REG,IND,11,00-0024254,T,Winston Justice,Winston,Justice,Knee,,Probable,Knee,,Full Participation in Practice,2012-11-16T10:26:15Z
2012,REG,IND,11,00-0022059,LB,Robert Mathis,Robert,Mathis,Back,,Probable,Back,,Full Participation in Practice,2012-11-16T10:26:15Z
2012,REG,IND,11,00-0025447,C,Samson Satele,Samson,Satele,Back,,Probable,Back,,Full Participation in Practice,2012-11-16T10:26:15Z
2012,REG,JAX,11,00-0028123,LB,Greg Jones,Greg,Jones,Thigh,,Out,Thigh,,Did Not Participate In Practice,2012-11-16T10:21:01Z
2012,REG,JAX,11,00-0024275,RB,Maurice Jones-Drew,Maurice,Jones-Drew,Foot,,Out,Foot,,Did Not Participate In Practice,2012-11-16T10:21:05Z
2012,REG,JAX,11,00-0026253,S,Dwight Lowery,Dwight,Lowery,Ankle,,Out,Ankle,,Did Not Participate In Practice,2012-11-16T10:21:10Z
2012,REG,JAX,11,00-0022080,CB,Rashean Mathis,Rashean,Mathis,Groin,,Out,Groin,,Did Not Participate In Practice,2012-11-16T10:21:18Z
2012,REG,JAX,11,00-0027948,QB,Blaine Gabbert,Blaine,Gabbert,left Shoulder,,Probable,left Shoulder,,Full Participation in Practice,2012-11-16T10:20:53Z
2012,REG,JAX,11,00-0018956,C,Brad Meester,Brad,Meester,Foot,,Probable,Foot,,Full Participation in Practice,2012-11-16T10:20:47Z
2012,REG,KC,11,00-0027964,WR,Jon Baldwin,Jon,Baldwin,Head,Neck,Out,Head,Neck,Did Not Participate In Practice,2012-11-16T12:12:24Z
2012,REG,KC,11,00-0027154,TE,Jake O'Connell,Jake,O'Connell,Ankle,,Out,Ankle,,Did Not Participate In Practice,2012-11-16T12:12:55Z
2012,REG,KC,11,00-0027673,G,Jon Asamoah,Jon,Asamoah,Thumb,,Out,Thumb,,Out (Definitely Will Not Play),2012-11-16T12:12:12Z
2012,REG,KC,11,00-0022350,C,Ryan Lilja,Ryan,Lilja,Knee,,Questionable,Knee,,Did Not Participate In Practice,2012-11-16T12:12:06Z
2012,REG,KC,11,00-0025409,QB,Brady Quinn,Brady,Quinn,Head,,Questionable,Head,,Full Participation in Practice,2012-11-16T12:13:13Z
2012,REG,KC,11,00-0025410,WR,Dwayne Bowe,Dwayne,Bowe,Thigh,,Probable,Thigh,,Full Participation in Practice,2012-11-16T12:11:37Z
2012,REG,KC,11,00-0027567,TE,Steve Maneri,Steve,Maneri,Ankle,,Probable,Ankle,,Full Participation in Practice,2012-11-16T12:11:37Z
2012,REG,KC,11,00-0029688,DT,Dontari Poe,Dontari,Poe,Knee,,Probable,Knee,,Full Participation in Practice,2012-11-16T12:11:37Z
2012,REG,MIA,11,00-0026000,WR,Davone Bess,Davone,Bess,,,,Not Injury Related,,Did Not Participate In Practice,2012-11-13T12:21:07Z
2012,REG,MIA,11,00-0021163,WR,Jabar Gaffney,Jabar,Gaffney,Knee,,Questionable,Knee,,Limited Participation in Practice,2012-11-14T14:02:39Z
2012,REG,MIA,11,00-0027445,TE,Jeron Mastrud,Jeron,Mastrud,Hamstring,,Questionable,Hamstring,,Limited Participation in Practice,2012-11-14T14:02:44Z
2012,REG,MIA,11,00-0022927,LB,Karlos Dansby,Karlos,Dansby,Biceps,,Probable,Biceps,,Full Participation in Practice,2012-11-14T14:02:26Z
2012,REG,MIA,11,00-0027077,WR,Brian Hartline,Brian,Hartline,Knee,,Probable,Knee,,Full Participation in Practice,2012-11-14T14:02:26Z
2012,REG,MIA,11,00-0024102,DT,Tony McDaniel,Tony,McDaniel,Knee,,Probable,Knee,,Full Participation in Practice,2012-11-14T14:02:26Z
2012,REG,MIA,11,00-0027883,LB,Koa Misi,Koa,Misi,Calf,,Probable,Calf,,Full Participation in Practice,2012-11-14T14:02:26Z
2012,REG,MIA,11,00-0027356,WR,Marlon Moore,Marlon,Moore,Neck,,Probable,Neck,,Full Participation in Practice,2012-11-14T14:02:26Z
2012,REG,MIA,11,00-0027953,C,Mike Pouncey,Mike,Pouncey,Knee,Ankle,Probable,Knee,Ankle,Full Participation in Practice,2012-11-14T14:02:26Z
2012,REG,MIA,11,00-0025495,DT,Paul Soliai,Paul,Soliai,Ankle,Elbow,Probable,Ankle,Elbow,Full Participation in Practice,2012-11-14T14:02:26Z
2012,REG,MIA,11,00-0029693,DE,Olivier Vernon,Olivier,Vernon,Knee,,Probable,Knee,,Full Participation in Practice,2012-11-14T14:02:26Z
2012,REG,NE,11,00-0023467,G,Logan Mankins,Logan,Mankins,Ankle,Calf,Doubtful,Ankle,Calf,Did Not Participate In Practice,2012-11-16T12:49:13Z
2012,REG,NE,11,00-0027016,DT,Ron Brace,Ron,Brace,Elbow,,Questionable,Elbow,,Limited Participation in Practice,2012-11-16T12:40:17Z
2012,REG,NE,11,00-0021192,WR,Deion Branch,Deion,Branch,Hamstring,,Questionable,Hamstring,,Limited Participation in Practice,2012-11-16T12:40:24Z
2012,REG,NE,11,00-0027010,S,Patrick Chung,Patrick,Chung,Shoulder,Hamstring,Questionable,Shoulder,Hamstring,Limited Participation in Practice,2012-11-16T12:45:10Z
2012,REG,NE,11,00-0022979,G,Dan Connolly,Dan,Connolly,Back,,Questionable,Back,,Limited Participation in Practice,2012-11-16T12:45:23Z
2012,REG,NE,11,00-0023998,S,Steve Gregory,Steve,Gregory,Hip,,Questionable,Hip,,Limited Participation in Practice,2012-11-16T12:45:42Z
2012,REG,NE,11,00-0027656,TE,Rob Gronkowski,Rob,Gronkowski,Hip,,Questionable,Hip,,Limited Participation in Practice,2012-11-16T12:46:25Z
2012,REG,NE,11,00-0027713,TE,Aaron Hernandez,Aaron,Hernandez,Ankle,,Questionable,Ankle,,Limited Participation in Practice,2012-11-16T12:48:23Z
2012,REG,NE,11,00-0029669,LB,Dont'a Hightower,Dont'a,Hightower,Hamstring,,Questionable,Hamstring,,Limited Participation in Practice,2012-11-16T12:48:40Z
2012,REG,NE,11,00-0022097,WR,Brandon Lloyd,Brandon,Lloyd,Knee,,Questionable,Knee,,Limited Participation in Practice,2012-11-16T12:48:51Z
2012,REG,NE,11,00-0027435,C,Nick McDonald,Nick,McDonald,Shoulder,,Questionable,Shoulder,,Limited Participation in Practice,2012-11-16T12:49:25Z
2012,REG,NE,11,00-0026309,DE,Trevor Scott,Trevor,Scott,Hamstring,,Questionable,Hamstring,,Limited Participation in Practice,2012-11-16T12:49:35Z
2012,REG,NE,11,00-0027668,LB,Brandon Spikes,Brandon,Spikes,Knee,,Questionable,Knee,,Limited Participation in Practice,2012-11-16T12:49:57Z
2012,REG,NE,11,00-0027034,T,Sebastian Vollmer,Sebastian,Vollmer,Back,Knee,Questionable,Back,Knee,Limited Participation in Practice,2012-11-16T12:50:09Z
2012,REG,NE,11,00-0022427,WR,Wes Welker,Wes,Welker,Ankle,,Questionable,Ankle,,Limited Participation in Practice,2012-11-16T12:50:29Z
2012,REG,NE,11,00-0021645,LB,Tracy White,Tracy,White,Foot,,Questionable,Foot,,Limited Participation in Practice,2012-11-16T12:50:37Z
2012,REG,NE,11,00-0028157,CB,Malcolm Williams,Malcolm,Williams,Thigh,,Questionable,Thigh,,Limited Participation in Practice,2012-11-16T12:50:56Z
2012,REG,NE,11,00-0027150,WR,Julian Edelman,Julian,Edelman,Hand,,Probable,Hand,,Limited Participation in Practice,2012-11-16T12:33:04Z
2012,REG,NE,11,00-0027236,DT,Kyle Love,Kyle,Love,Knee,,Probable,Knee,,Limited Participation in Practice,2012-11-16T12:33:04Z
2012,REG,NE,11,00-0026150,LB,Jerod Mayo,Jerod,Mayo,Elbow,,Probable,Elbow,,Limited Participation in Practice,2012-11-16T12:33:04Z
2012,REG,NO,11,00-0027551,DE,Junior Galette,Junior,Galette,Ankle,,Out,Ankle,,Did Not Participate In Practice,2012-11-16T10:58:43Z
2012,REG,NO,11,00-0024424,T,Zach Strief,Zach,Strief,Groin,,Out,Groin,,Did Not Participate In Practice,2012-11-16T10:59:14Z
2012,REG,NO,11,00-0029658,CB,Corey White,Corey,White,Knee,,Out,Knee,,Did Not Participate In Practice,2012-11-16T10:59:22Z
2012,REG,NO,11,00-0023564,RB,Darren Sproles,Darren,Sproles,Hand,,Questionable,Hand,,Full Participation in Practice,2012-11-16T10:58:53Z
2012,REG,NO,11,00-0023503,WR,Courtney Roby,Courtney,Roby,Shoulder,,Probable,Shoulder,,Full Participation in Practice,2012-11-16T10:58:32Z
2012,REG,NYJ,11,00-0028091,WR,Jeremy Kerley,Jeremy,Kerley,Heel,Hamstring,Questionable,Heel,Hamstring,Did Not Participate In Practice,2012-11-16T12:58:30Z
2012,REG,NYJ,11,00-0027712,RB,Joe McKnight,Joe,McKnight,Ankle,,Questionable,Ankle,,Limited Participation in Practice,2012-11-16T12:57:52Z
2012,REG,NYJ,11,00-0023523,DT,Sione Pouha,Sione,Pouha,Back,Ankle,Questionable,Back,Ankle,Limited Participation in Practice,2012-11-16T12:57:58Z
2012,REG,NYJ,11,00-0028064,RB,Bilal Powell,Bilal,Powell,Concussion,,Questionable,Concussion,,Limited Participation in Practice,2012-11-16T12:58:17Z
2012,REG,NYJ,11,00-0020873,LB,Bart Scott,Bart,Scott,Toe,,Questionable,Toe,,Limited Participation in Practice,2012-11-16T12:58:07Z
2012,REG,NYJ,11,00-0022120,LB,Calvin Pace,Calvin,Pace,Shoulder,,Probable,Not Injury Related,Shoulder,Did Not Participate In Practice,2012-11-16T12:53:44Z
2012,REG,NYJ,11,00-0027321,TE,Jeff Cumberland,Jeff,Cumberland,Wrist,,Probable,Wrist,,Full Participation in Practice,2012-11-16T12:53:44Z
2012,REG,NYJ,11,00-0025689,DT,Mike Devito,Mike,Devito,Finger,,Probable,Finger,,Full Participation in Practice,2012-11-16T12:53:44Z
2012,REG,NYJ,11,00-0028032,DT,Kenrick Ellis,Kenrick,Ellis,Knee,,Probable,Knee,,Full Participation in Practice,2012-11-16T12:53:44Z
2012,REG,NYJ,11,00-0028049,WR,Edmond Gates,Edmond,Gates,Shoulder,,Probable,Shoulder,,Full Participation in Practice,2012-11-16T12:53:44Z
2012,REG,NYJ,11,00-0029040,DT,Damon Harrison,Damon,Harrison,Thumb,,Probable,Thumb,,Full Participation in Practice,2012-11-16T12:53:44Z
2012,REG,NYJ,11,00-0028995,WR,Stephen Hill,Stephen,Hill,Illness,,Probable,Illness,,Full Participation in Practice,2012-11-16T12:53:44Z
2012,REG,NYJ,11,00-0025393,S,LaRon Landry,LaRon,Landry,Heel,,Probable,Heel,,Full Participation in Practice,2012-11-16T12:53:44Z
2012,REG,NYJ,11,00-0024244,C,Nick Mangold,Nick,Mangold,Ankle,Thumb,Probable,Ankle,Thumb,Full Participation in Practice,2012-11-16T12:53:44Z
2012,REG,NYJ,11,00-0020969,G,Brandon Moore,Brandon,Moore,Hip,,Probable,Hip,,Full Participation in Practice,2012-11-16T12:53:44Z
2012,REG,NYJ,11,00-0026898,QB,Mark Sanchez,Mark,Sanchez,Back,,Probable,Back,,Full Participation in Practice,2012-11-16T12:53:44Z
2012,REG,NYJ,11,00-0026500,G,Matt Slauson,Matt,Slauson,Knee,,Probable,Knee,,Full Participation in Practice,2012-11-16T12:53:44Z
2012,REG,NYJ,11,00-0024312,S,Eric Smith,Eric,Smith,Knee,,Probable,Knee,,Full Participation in Practice,2012-11-16T12:53:44Z
2012,REG,NYJ,11,00-0027876,QB,Tim Tebow,Tim,Tebow,Ribs,,Probable,Ribs,,Full Participation in Practice,2012-11-16T12:53:44Z
2012,REG,OAK,11,00-0027080,RB,Mike Goodson,Mike,Goodson,Ankle,,Out,Ankle,,Did Not Participate In Practice,2012-11-16T14:02:59Z
2012,REG,OAK,11,00-0026144,RB,Darren McFadden,Darren,McFadden,Ankle,,Out,Ankle,,Did Not Participate In Practice,2012-11-16T14:03:27Z
2012,REG,OAK,11,00-0020442,DT,Richard Seymour,Richard,Seymour,Knee,Hamstring,Out,Knee,Hamstring,Did Not Participate In Practice,2012-11-16T14:03:37Z
2012,REG,OAK,11,00-0026983,WR,Darrius Heyward-Bey,Darrius,Heyward-Bey,Hamstring,,Questionable,Hamstring,,Did Not Participate In Practice,2012-11-16T14:03:10Z
2012,REG,OAK,11,00-0026240,S,Tyvon Branch,Tyvon,Branch,Neck,,Questionable,Neck,,Limited Participation in Practice,2012-11-16T14:02:43Z
2012,REG,OAK,11,00-0023487,T,Khalif Barnes,Khalif,Barnes,Groin,,Probable,Groin,,Full Participation in Practice,2012-11-16T14:02:26Z
2012,REG,OAK,11,00-0023569,S,Matt Giordano,Matt,Giordano,Concussion,,Probable,Concussion,,Full Participation in Practice,2012-11-16T14:02:50Z
2012,REG,OAK,11,00-0028119,TE,Richard Gordon,Richard,Gordon,Hamstring,,Probable,Hamstring,,Full Participation in Practice,2012-11-16T14:02:26Z
2012,REG,OAK,11,00-0027135,TE,Brandon Myers,Brandon,Myers,Shoulder,Concussion,Probable,Shoulder,Concussion,Full Participation in Practice,2012-11-16T14:02:26Z
2012,REG,OAK,11,00-0026393,RB,Marcel Reece,Marcel,Reece,Hamstring,,Probable,Hamstring,,Full Participation in Practice,2012-11-16T14:02:26Z
2012,REG,OAK,11,00-0019646,K,Sebastian Janikowski,Sebastian,Janikowski,left Groin,,Probable,left Groin,,Limited Participation in Practice,2012-11-16T14:02:26Z
2012,REG,PHI,11,00-0027835,S,Kurt Coleman,Kurt,Coleman,,,,Back,,Full Participation in Practice,2012-11-15T13:21:45Z
2012,REG,PHI,11,00-0027700,WR,Mardy Gilyard,Mardy,Gilyard,Hamstring,,Out,Hamstring,,Did Not Participate In Practice,2012-11-16T11:16:26Z
2012,REG,PHI,11,00-0020245,QB,Michael Vick,Michael,Vick,Concussion,,Out,Concussion,,Did Not Participate In Practice,2012-11-16T11:16:55Z
2012,REG,PHI,11,00-0024324,WR,Jason Avant,Jason,Avant,Hamstring,,Out,Hamstring,,Out (Definitely Will Not Play),2012-11-16T11:16:16Z
2012,REG,PHI,11,00-0029438,RB,Chris Polk,Chris,Polk,Toe,,Out,Toe,,Out (Definitely Will Not Play),2012-11-16T11:16:45Z
2012,REG,PHI,11,00-0027961,G,Danny Watkins,Danny,Watkins,Ankle,,Questionable,Ankle,,Full Participation in Practice,2012-11-16T11:17:36Z
2012,REG,PHI,11,00-0027758,WR,Riley Cooper,Riley,Cooper,Knee,,Probable,Knee,,Full Participation in Practice,2012-11-16T11:17:20Z
2012,REG,PHI,11,00-0025719,LB,Akeem Jordan,Akeem,Jordan,Thumb,,Probable,Thumb,,Full Participation in Practice,2012-11-16T11:16:06Z
2012,REG,PHI,11,00-0029409,LB,Mychal Kendricks,Mychal,Kendricks,Foot,,Probable,Foot,,Full Participation in Practice,2012-11-16T11:16:06Z
2012,REG,PHI,11,00-0026995,WR,Jeremy Maclin,Jeremy,Maclin,Back,,Probable,Back,,Full Participation in Practice,2012-11-16T11:16:06Z
2012,REG,PIT,11,00-0028100,LB,Chris Carter,Chris,Carter,,,,Abdomen,,Did Not Participate In Practice,2012-11-14T12:35:34Z
2012,REG,PIT,11,00-0027793,WR,Antonio Brown,Antonio,Brown,Ankle,,Out,Ankle,,Did Not Participate In Practice,2012-11-16T10:37:26Z
2012,REG,PIT,11,00-0028001,T,Marcus Gilbert,Marcus,Gilbert,Ankle,,Out,Ankle,,Did Not Participate In Practice,2012-11-16T10:37:47Z
2012,REG,PIT,11,00-0022119,S,Troy Polamalu,Troy,Polamalu,Calf,,Out,Calf,,Did Not Participate In Practice,2012-11-16T10:37:33Z
2012,REG,PIT,11,00-0022924,QB,Ben Roethlisberger,Ben,Roethlisberger,Right Shoulder,,Out,Right Shoulder,,Did Not Participate In Practice,2012-11-16T10:37:38Z
2012,REG,PIT,11,00-0027765,LB,Stevenson Sylvester,Stevenson,Sylvester,Hamstring,,Questionable,Hamstring,,Limited Participation in Practice,2012-11-16T10:38:00Z
2012,REG,PIT,11,00-0028033,CB,Curtis Brown,Curtis,Brown,Quadricep,,Probable,Quadricep,,Full Participation in Practice,2012-11-16T10:37:16Z
2012,REG,PIT,11,00-0020840,S,Ryan Clark,Ryan,Clark,Concussion,,Probable,Concussion,,Full Participation in Practice,2012-11-16T10:37:16Z
2012,REG,PIT,11,00-0021344,DE,Brett Keisel,Brett,Keisel,Shoulder,,Probable,Shoulder,,Full Participation in Practice,2012-11-16T10:37:16Z
2012,REG,PIT,11,00-0026163,RB,Rashard Mendenhall,Rashard,Mendenhall,Achilles,,Probable,Achilles,,Full Participation in Practice,2012-11-16T10:37:16Z
2012,REG,PIT,11,00-0022785,T,Max Starks,Max,Starks,Ankle,,Probable,Ankle,,Full Participation in Practice,2012-11-16T10:37:16Z
2012,REG,PIT,11,00-0021891,CB,Ivan Taylor,Ivan,Taylor,Illness,,Probable,Illness,,Full Participation in Practice,2012-11-16T10:37:16Z
2012,REG,SD,11,00-0022147,DT,Aubrayo Franklin,Aubrayo,Franklin,Knee,,Out,Knee,,Did Not Participate In Practice,2012-11-16T13:17:55Z
2012,REG,SD,11,00-0025787,T,Jared Gaither,Jared,Gaither,Groin,,Doubtful,Groin,,Did Not Participate In Practice,2012-11-16T13:18:04Z
2012,REG,SD,11,00-0027864,RB,Ryan Mathews,Ryan,Mathews,Neck,,Questionable,Neck,,Limited Participation in Practice,2012-11-16T13:18:12Z
2012,REG,SD,11,00-0025542,TE,Dante Rosario,Dante,Rosario,Hamstring,,Questionable,Hamstring,,Limited Participation in Practice,2012-11-16T13:18:27Z
2012,REG,SD,11,00-0025521,LB,Antwan Barnes,Antwan,Barnes,Hamstring,,Probable,Hamstring,,Full Participation in Practice,2012-11-16T13:17:42Z
2012,REG,SD,11,00-0023008,CB,Chris Carr,Chris,Carr,Knee,,Probable,Knee,,Full Participation in Practice,2012-11-16T13:17:42Z
2012,REG,SD,11,00-0027097,G,Tyronne Green,Tyronne,Green,Ribs,Illness,Probable,Ribs,Illness,Full Participation in Practice,2012-11-16T13:17:42Z
2012,REG,SD,11,00-0029249,LB,Melvin Ingram,Melvin,Ingram,Knee,,Probable,Knee,,Full Participation in Practice,2012-11-16T13:17:42Z
2012,REG,SD,11,00-0022017,P,Mike Scifres,Mike,Scifres,right Ankle,,Probable,right Ankle,,Full Participation in Practice,2012-11-16T13:17:42Z
2012,REG,SD,11,00-0025424,S,Eric Weddle,Eric,Weddle,Illness,Knee,Probable,Illness,Knee,Full Participation in Practice,2012-11-16T13:17:42Z
2012,REG,SD,11,00-0023404,S,Atari Bigby,Atari,Bigby,Quadricep,,Probable,Quadricep,,Limited Participation in Practice,2012-11-16T13:17:42Z
2012,REG,SF,11,00-0023436,QB,Alex Smith,Alex,Smith,Concussion,,Questionable,Concussion,,Limited Participation in Practice,2012-11-17T12:51:00Z
2012,REG,SF,11,00-0027772,RB,Anthony Dixon,Anthony,Dixon,Hamstring,,Probable,Hamstring,,Full Participation in Practice,2012-11-17T12:49:52Z
2012,REG,SF,11,00-0025513,S,Dashon Goldson,Dashon,Goldson,Ribs,,Probable,Ribs,,Full Participation in Practice,2012-11-17T12:49:52Z
2012,REG,SF,11,00-0026211,LB,Tavares Gooden,Tavares,Gooden,Elbow,Quadricep,Probable,Elbow,Quadricep,Full Participation in Practice,2012-11-17T12:49:52Z
2012,REG,SF,11,00-0021267,C,Jonathan Goodwin,Jonathan,Goodwin,Ankle,,Probable,Ankle,,Full Participation in Practice,2012-11-17T12:49:52Z
2012,REG,SF,11,00-0023500,RB,Frank Gore,Frank,Gore,Ribs,Wrist,Probable,Ribs,Wrist,Full Participation in Practice,2012-11-17T12:49:52Z
2012,REG,SF,11,00-0027869,G,Mike Iupati,Mike,Iupati,Quadricep,,Probable,Quadricep,,Full Participation in Practice,2012-11-17T12:49:52Z
2012,REG,SF,11,00-0026235,WR,Mario Manningham,Mario,Manningham,Shoulder,,Probable,Shoulder,,Full Participation in Practice,2012-11-17T12:49:52Z
2012,REG,SF,11,00-0027905,DT,Will Tukuafu,Will,Tukuafu,Wrist,,Probable,Wrist,,Full Participation in Practice,2012-11-17T12:49:52Z
2012,REG,SF,11,00-0025398,LB,Patrick Willis,Patrick,Willis,Shoulder,,Probable,Shoulder,,Full Participation in Practice,2012-11-17T12:49:52Z
2012,REG,SF,11,00-0028018,CB,Chris Culliver,Chris,Culliver,Shoulder,,Probable,Shoulder,,Limited Participation in Practice,2012-11-17T12:49:52Z
2012,REG,STL,11,00-0022034,LB,Mario Haggan,Mario,Haggan,Thigh,,Questionable,Thigh,,Did Not Participate In Practice,2012-11-16T12:38:04Z
2012,REG,STL,11,00-0028016,WR,Austin Pettis,Austin,Pettis,Toe,,Questionable,Toe,,Limited Participation in Practice,2012-11-16T12:38:11Z
2012,REG,STL,11,00-0027787,DE,Eugene Sims,Eugene,Sims,Knee,,Questionable,Knee,,Limited Participation in Practice,2012-11-16T12:38:16Z
2012,REG,STL,11,00-0027256,S,Darian Stewart,Darian,Stewart,Knee,,Questionable,Knee,,Limited Participation in Practice,2012-11-16T12:38:22Z
2012,REG,TB,11,00-0027112,G,Jamon Meredith,Jamon,Meredith,Ankle,,Questionable,Ankle,,Did Not Participate In Practice,2012-11-16T11:11:03Z
2012,REG,TB,11,00-0027654,WR,Arrelious Benn,Arrelious,Benn,Shoulder,,Probable,Shoulder,,Full Participation in Practice,2012-11-16T11:10:56Z
2012,REG,TB,11,00-0026618,DE,Michael Bennett,Michael,Bennett,Shoulder,,Probable,Shoulder,,Full Participation in Practice,2012-11-16T11:10:56Z
2012,REG,TB,11,00-0027805,S,Cody Grimm,Cody,Grimm,Hamstring,,Probable,Hamstring,,Full Participation in Practice,2012-11-16T11:10:56Z
2012,REG,TB,11,00-0025440,CB,Eric Wright,Eric,Wright,Achilles,Not Injury Related,Probable,Achilles,Not Injury Related,Full Participation in Practice,2012-11-16T11:10:56Z
2012,REG,TB,11,00-0026223,G,Jeremy Zuttah,Jeremy,Zuttah,Shoulder,,Probable,Shoulder,,Full Participation in Practice,2012-11-16T11:10:56Z
2012,REG,WAS,11,00-0026345,WR,Pierre Garcon,Pierre,Garcon,Foot,,Questionable,Foot,,Limited Participation in Practice,2012-11-16T11:22:17Z
2012,REG,WAS,11,00-0025411,S,Brandon Meriweather,Brandon,Meriweather,Knee,,Questionable,Knee,,Limited Participation in Practice,2012-11-16T11:22:21Z
2012,REG,WAS,11,00-0020494,WR,Santana Moss,Santana,Moss,Head,,Probable,Head,,Full Participation in Practice,2012-11-16T11:22:10Z
2012,REG,WAS,11,00-0024515,P,Saverio Rocca,Saverio,Rocca,right Knee,,Probable,right Knee,,Full Participation in Practice,2012-11-16T11:22:10Z
2012,REG,WAS,11,00-0026714,LS,Nick Sundberg,Nick,Sundberg,Forearm,,Probable,Forearm,,Full Participation in Practice,2012-11-16T11:22:10Z
2012,REG,WAS,11,00-0027857,T,Trent Williams,Trent,Williams,Ankle,,Probable,Ankle,,Full Participation in Practice,2012-11-16T11:22:10Z
2012,REG,WAS,11,00-0025442,CB,Josh Wilson,Josh,Wilson,Shoulder,,Probable,Shoulder,,Full Participation in Practice,2012-11-16T11:22:10Z
2012,REG,WAS,11,00-0022923,CB,DeAngelo Hall,DeAngelo,Hall,Groin,,Probable,Groin,,Limited Participation in Practice,2012-11-16T11:22:10Z
2012,REG,ARI,12,00-0026190,DE,Calais Campbell,Calais,Campbell,Calf,,Questionable,Calf,,Limited Participation in Practice,2012-11-23T11:54:25Z
2012,REG,ARI,12,00-0026221,WR,Early Doucet,Early,Doucet,Ribs,,Questionable,Ribs,,Limited Participation in Practice,2012-11-23T11:54:34Z
2012,REG,ARI,12,00-0025423,QB,Kevin Kolb,Kevin,Kolb,Ribs,,Questionable,Ribs,,Limited Participation in Practice,2012-11-23T11:54:54Z
2012,REG,ARI,12,00-0026956,RB,LaRod Stephens-Howling,LaRod,Stephens-Howling,Ribs,,Questionable,Ribs,,Limited Participation in Practice,2012-11-23T11:54:42Z
2012,REG,ARI,12,00-0029530,S,Justin Bethel,Justin,Bethel,Shoulder,,Probable,Shoulder,,Full Participation in Practice,2012-11-23T11:54:18Z
2012,REG,ARI,12,00-0024262,G,Daryn Colledge,Daryn,Colledge,Foot,,Probable,Foot,,Full Participation in Practice,2012-11-23T11:54:18Z
2012,REG,ARI,12,00-0029639,CB,Jamell Fleming,Jamell,Fleming,Back,,Probable,Back,,Full Participation in Practice,2012-11-23T11:54:18Z
2012,REG,ARI,12,00-0025557,CB,William Gay,William,Gay,Groin,,Probable,Groin,,Full Participation in Practice,2012-11-23T11:54:18Z
2012,REG,ARI,12,00-0020516,TE,Todd Heap,Todd,Heap,Knee,,Probable,Knee,,Full Participation in Practice,2012-11-23T11:54:18Z
2012,REG,ARI,12,00-0024369,TE,Jeff King,Jeff,King,Knee,,Probable,Knee,,Full Participation in Practice,2012-11-23T11:54:18Z
2012,REG,ARI,12,00-0019435,LS,Mike Leach,Mike,Leach,Back,,Probable,Back,,Full Participation in Practice,2012-11-23T11:54:18Z
2012,REG,ARI,12,00-0028736,RB,William Powell,William,Powell,Shoulder,,Probable,Shoulder,,Full Participation in Practice,2012-11-23T11:54:18Z
2012,REG,ARI,12,00-0023557,S,Kerry Rhodes,Kerry,Rhodes,Back,,Probable,Back,,Full Participation in Practice,2012-11-23T11:54:18Z
2012,REG,ARI,12,00-0027346,RB,Alfonso Smith,Alfonso,Smith,Illness,,Probable,Illness,,Full Participation in Practice,2012-11-23T11:54:18Z
2012,REG,ARI,12,00-0026910,CB,Gregory Toler,Gregory,Toler,Hamstring,,Probable,Hamstring,,Full Participation in Practice,2012-11-23T11:54:18Z
2012,REG,ARI,12,00-0027007,RB,Chris Wells,Chris,Wells,Toe,,Probable,Toe,,Full Participation in Practice,2012-11-23T11:55:11Z
2012,REG,ATL,12,00-0029423,S,Charles Mitchell,Charles,Mitchell,Calf,,Out,Calf,,Did Not Participate In Practice,2012-11-23T10:25:21Z
2012,REG,ATL,12,00-0027000,DT,Peria Jerry,Peria,Jerry,Quadricep,,Questionable,Quadricep,,Did Not Participate In Practice,2012-11-23T10:25:02Z
2012,REG,ATL,12,00-0028792,WR,Kevin Cone,Kevin,Cone,Groin,,Questionable,Groin,,Limited Participation in Practice,2012-11-23T10:24:53Z
2012,REG,ATL,12,00-0027944,WR,Julio Jones,Julio,Jones,Ankle,,Questionable,Ankle,,Limited Participation in Practice,2012-11-23T10:25:10Z
2012,REG,ATL,12,00-0021956,CB,Asante Samuel,Asante,Samuel,Shoulder,,Questionable,Shoulder,,Limited Participation in Practice,2012-11-23T10:25:39Z
2012,REG,ATL,12,00-0026942,DT,Vance Walker,Vance,Walker,Ribs,,Questionable,Ribs,,Limited Participation in Practice,2012-11-23T10:25:55Z
2012,REG,ATL,12,00-0027871,LB,Sean Weatherspoon,Sean,Weatherspoon,Illness,Ankle,Questionable,Illness,Ankle,Limited Participation in Practice,2012-11-23T10:26:00Z
2012,REG,ATL,12,00-0019546,DE,John Abraham,John,Abraham,Back,,Probable,Back,,Full Participation in Practice,2012-11-23T10:24:37Z
2012,REG,ATL,12,00-0023494,DT,Jonathan Babineaux,Jonathan,Babineaux,Neck,,Probable,Neck,,Full Participation in Practice,2012-11-23T10:24:37Z
2012,REG,ATL,12,00-0020578,K,Matt Bryant,Matt,Bryant,Back,,Probable,Back,,Full Participation in Practice,2012-11-23T10:24:37Z
2012,REG,ATL,12,00-0027062,CB,Christopher Owens,Christopher,Owens,Thigh,,Probable,Thigh,,Full Participation in Practice,2012-11-23T10:25:30Z
2012,REG,ATL,12,00-0026143,QB,Matt Ryan,Matt,Ryan,left Finger,,Probable,left Finger,,Full Participation in Practice,2012-11-23T10:24:37Z
2012,REG,ATL,12,00-0022821,RB,Michael Turner,Michael,Turner,Groin,,Probable,Groin,,Full Participation in Practice,2012-11-23T10:24:37Z
2012,REG,BAL,12,00-0027965,CB,Jimmy Smith,Jimmy,Smith,Abdomen,,Out,Abdomen,,Out (Definitely Will Not Play),2012-11-23T12:30:11Z
2012,REG,BAL,12,00-0021949,CB,Chris Johnson,Chris,Johnson,Thigh,,Doubtful,Thigh,,Did Not Participate In Practice,2012-11-23T12:29:59Z
2012,REG,BAL,12,00-0028103,DE,Pernell McPhee,Pernell,McPhee,Thigh,,Questionable,Thigh,,Limited Participation in Practice,2012-11-23T12:30:04Z
2012,REG,BAL,12,00-0000551,LB,Brendon Ayanbadejo,Brendon,Ayanbadejo,Shoulder,,Probable,Shoulder,,Full Participation in Practice,2012-11-23T12:29:38Z
2012,REG,BAL,12,00-0029252,DE,Courtney Upshaw,Courtney,Upshaw,Shoulder,,Probable,Shoulder,,Full Participation in Practice,2012-11-23T12:29:38Z
2012,REG,BAL,12,00-0025473,G,Marshal Yanda,Marshal,Yanda,Ankle,,Probable,Ankle,,Full Participation in Practice,2012-11-23T12:29:38Z
2012,REG,BAL,12,00-0027665,DT,Terrence Cody,Terrence,Cody,Elbow,,Probable,Elbow,,Limited Participation in Practice,2012-11-23T12:29:38Z
2012,REG,BAL,12,00-0027675,TE,Ed Dickson,Ed,Dickson,Neck,,Probable,Neck,,Limited Participation in Practice,2012-11-23T12:29:38Z
2012,REG,BAL,12,00-0026857,LB,Dannell Ellerbe,Dannell,Ellerbe,Toe,Finger,Probable,Toe,Finger,Limited Participation in Practice,2012-11-23T12:29:38Z
2012,REG,BAL,12,00-0025753,S,James Ihedigbo,James,Ihedigbo,Neck,,Probable,Neck,,Limited Participation in Practice,2012-11-23T12:29:38Z
2012,REG,BAL,12,00-0025460,WR,Jacoby Jones,Jacoby,Jones,Ankle,,Probable,Ankle,,Limited Participation in Practice,2012-11-23T12:29:38Z
2012,REG,BAL,12,00-0024227,DT,Haloti Ngata,Haloti,Ngata,Shoulder,,Probable,Shoulder,,Limited Participation in Practice,2012-11-23T12:29:38Z
2012,REG,BAL,12,00-0027714,TE,Dennis Pitta,Dennis,Pitta,Head,,Probable,Head,,Limited Participation in Practice,2012-11-23T12:29:38Z
2012,REG,BAL,12,00-0024269,S,Bernard Pollard,Bernard,Pollard,Chest,,Probable,Chest,,Limited Participation in Practice,2012-11-23T12:29:38Z
2012,REG,BAL,12,00-0021377,S,Ed Reed,Ed,Reed,Shoulder,,Probable,Shoulder,,Limited Participation in Practice,2012-11-23T12:29:38Z
2012,REG,BAL,12,00-0022161,LB,Terrell Suggs,Terrell,Suggs,Shoulder,Ankle,Probable,Shoulder,Ankle,Limited Participation in Practice,2012-11-23T12:29:38Z
2012,REG,BUF,12,00-0024373,DE,Mark Anderson,Mark,Anderson,Knee,,Out,Knee,,Did Not Participate In Practice,2012-11-23T09:22:02Z
2012,REG,BUF,12,00-0027972,CB,Aaron Williams,Aaron,Williams,Knee,,Out,Knee,,Did Not Participate In Practice,2012-11-23T09:22:25Z
2012,REG,BUF,12,00-0022610,DT,Spencer Johnson,Spencer,Johnson,Ankle,,Questionable,Ankle,,Limited Participation in Practice,2012-11-23T09:22:45Z
2012,REG,BUF,12,00-0020804,RB,Corey McIntyre,Corey,McIntyre,Knee,,Questionable,Knee,,Limited Participation in Practice,2012-11-23T09:22:53Z
2012,REG,BUF,12,00-0024318,WR,Brad Smith,Brad,Smith,Hamstring,,Questionable,Hamstring,,Limited Participation in Practice,2012-11-23T09:22:36Z
2012,REG,BUF,12,00-0029280,CB,Ron Brooks,Ron,Brooks,Teeth,,Probable,Teeth,,Full Participation in Practice,2012-11-23T09:20:58Z
2012,REG,BUF,12,00-0027018,S,Jairus Byrd,Jairus,Byrd,Back,,Probable,Back,,Full Participation in Practice,2012-11-23T09:20:58Z
2012,REG,BUF,12,00-0027941,DE,Marcell Dareus,Marcell,Dareus,Shoulder,,Probable,Shoulder,,Full Participation in Practice,2012-11-23T09:20:58Z
2012,REG,BUF,12,00-0028060,T,Chris Hairston,Chris,Hairston,Knee,,Probable,Knee,,Full Participation in Practice,2012-11-23T09:20:58Z
2012,REG,BUF,12,00-0024204,RB,Fred Jackson,Fred,Jackson,Concussion,,Probable,Concussion,,Full Participation in Practice,2012-11-23T09:20:58Z
2012,REG,BUF,12,00-0021995,DE,Chris Kelsay,Chris,Kelsay,Neck,,Probable,Neck,,Full Participation in Practice,2012-11-23T09:20:58Z
2012,REG,BUF,12,00-0027027,G,Andy Levitre,Andy,Levitre,Knee,,Probable,Knee,,Full Participation in Practice,2012-11-23T09:20:58Z
2012,REG,BUF,12,00-0026151,CB,Leodis McKelvin,Leodis,McKelvin,Groin,,Probable,Groin,,Full Participation in Practice,2012-11-23T09:20:58Z
2012,REG,BUF,12,00-0023446,LB,Shawne Merriman,Shawne,Merriman,Groin,,Probable,Groin,,Full Participation in Practice,2012-11-23T09:20:58Z
2012,REG,BUF,12,00-0028144,CB,Justin Rogers,Justin,Rogers,Hamstring,,Probable,Hamstring,,Full Participation in Practice,2012-11-23T09:20:58Z
2012,REG,BUF,12,00-0028038,S,Da'Norris Searcy,Da'Norris,Searcy,Hand,,Probable,Hand,,Full Participation in Practice,2012-11-23T09:20:58Z
2012,REG,BUF,12,00-0028006,LB,Kelvin Sheppard,Kelvin,Sheppard,Back,,Probable,Back,,Full Participation in Practice,2012-11-23T09:20:58Z
2012,REG,BUF,12,00-0027861,RB,C.J. Spiller,C.J.,Spiller,Shoulder,,Probable,Shoulder,,Full Participation in Practice,2012-11-23T09:20:58Z
2012,REG,BUF,12,00-0023750,DE,Mario Williams,Mario,Williams,Wrist,Ankle,Probable,Wrist,Ankle,Full Participation in Practice,2012-11-23T09:20:58Z
2012,REG,BUF,12,00-0024348,DT,Kyle Williams,Kyle,Williams,Ankle,,Probable,Ankle,,Full Participation in Practice,2012-11-23T09:20:58Z
2012,REG,BUF,12,00-0027004,C,Eric Wood,Eric,Wood,Knee,,Probable,Knee,,Full Participation in Practice,2012-11-23T09:20:58Z
2012,REG,CAR,12,00-0024734,DE,Antwan Applewhite,Antwan,Applewhite,Hamstring,,Out,Hamstring,,Out (Definitely Will Not Play),2012-11-24T10:00:52Z
2012,REG,CAR,12,00-0024303,LB,James Anderson,James,Anderson,Back,,Probable,Back,,Did Not Participate In Practice,2012-11-24T09:41:22Z
2012,REG,CAR,12,00-0027774,DE,Greg Hardy,Greg,Hardy,Illness,,Probable,Illness,,Did Not Participate In Practice,2012-11-24T10:04:23Z
2012,REG,CAR,12,00-0023448,LB,Thomas Davis,Thomas,Davis,Not Injury Related,,Probable,Not Injury Related,,Full Participation in Practice,2012-11-24T10:01:22Z
2012,REG,CAR,12,00-0020286,DT,Ron Edwards,Ron,Edwards,Not Injury Related,,Probable,Not Injury Related,,Full Participation in Practice,2012-11-24T10:02:35Z
2012,REG,CAR,12,00-0022750,DT,Dwan Edwards,Dwan,Edwards,Not Injury Related,,Probable,Not Injury Related,,Full Participation in Practice,2012-11-24T10:02:11Z
2012,REG,CAR,12,00-0022117,T,Jordan Gross,Jordan,Gross,Not Injury Related,,Probable,Not Injury Related,,Full Participation in Practice,2012-11-24T10:03:31Z
2012,REG,CAR,12,00-0023602,C,Geoff Hangartner,Geoff,Hangartner,Knee,,Probable,Knee,,Full Participation in Practice,2012-11-24T10:03:54Z
2012,REG,CAR,12,00-0028128,S,Colin Jones,Colin,Jones,Head,,Probable,Head,,Full Participation in Practice,2012-11-24T10:04:56Z
2012,REG,CAR,12,00-0020337,WR,Steve Smith,Steve,Smith,Finger,,Probable,Finger,,Full Participation in Practice,2012-11-24T10:05:49Z
2012,REG,CAR,12,00-0025995,LB,Jordan Senn,Jordan,Senn,Ankle,,Probable,Ankle,,Limited Participation in Practice,2012-11-24T10:05:19Z
2012,REG,CHI,12,00-0029137,WR,Alshon Jeffery,Alshon,Jeffery,Knee,,Out,Knee,,Out (Definitely Will Not Play),2012-11-23T11:46:02Z
2012,REG,CHI,12,00-0024226,QB,Jay Cutler,Jay,Cutler,Concussion,,Questionable,Concussion,,Limited Participation in Practice,2012-11-23T11:45:46Z
2012,REG,CHI,12,00-0026298,TE,Kellen Davis,Kellen,Davis,Ankle,,Questionable,Ankle,,Limited Participation in Practice,2012-11-23T11:45:55Z
2012,REG,CHI,12,00-0022128,LB,Lance Briggs,Lance,Briggs,Thumb,,Probable,Thumb,,Full Participation in Practice,2012-11-23T11:45:31Z
2012,REG,CHI,12,00-0023460,QB,Jason Campbell,Jason,Campbell,Ribs,,Probable,Ribs,,Full Participation in Practice,2012-11-23T11:45:31Z
2012,REG,CHI,12,00-0026961,G,Lance Louis,Lance,Louis,Ankle,,Probable,Ankle,,Full Participation in Practice,2012-11-23T11:45:31Z
2012,REG,CHI,12,00-0024334,WR,Brandon Marshall,Brandon,Marshall,Shoulder,,Probable,Shoulder,,Full Participation in Practice,2012-11-23T11:45:31Z
2012,REG,CHI,12,00-0029250,DE,Shea McClellin,Shea,McClellin,Concussion,,Probable,Concussion,,Full Participation in Practice,2012-11-23T11:45:31Z
2012,REG,CHI,12,00-0027991,DT,Stephen Paea,Stephen,Paea,Shoulder,,Probable,Shoulder,,Full Participation in Practice,2012-11-23T11:45:31Z
2012,REG,CHI,12,00-0021140,DE,Julius Peppers,Julius,Peppers,Thigh,,Probable,Thigh,,Full Participation in Practice,2012-11-23T11:45:31Z
2012,REG,CHI,12,00-0025574,DT,Matt Toeaina,Matt,Toeaina,Calf,,Probable,Calf,,Full Participation in Practice,2012-11-23T11:45:31Z
2012,REG,CIN,12,00-0027918,WR,Andrew Hawkins,Andrew,Hawkins,Knee,,Doubtful,Knee,,Did Not Participate In Practice,2012-11-23T10:24:52Z
2012,REG,CIN,12,00-0027040,TE,Richard Quinn,Richard,Quinn,Hamstring,,Doubtful,Hamstring,,Did Not Participate In Practice,2012-11-23T10:25:17Z
2012,REG,CIN,12,00-0022157,C,Jeff Faine,Jeff,Faine,Hamstring,,Probable,Hamstring,,Full Participation in Practice,2012-11-23T10:25:37Z
2012,REG,CIN,12,00-0023441,CB,Adam Jones,Adam,Jones,Calf,,Probable,Calf,,Full Participation in Practice,2012-11-23T10:25:54Z
2012,REG,CIN,12,00-0029293,WR,Marvin Jones,Marvin,Jones,Knee,,Probable,Knee,,Full Participation in Practice,2012-11-23T10:26:13Z
2012,REG,CIN,12,00-0025408,S,Reggie Nelson,Reggie,Nelson,Hamstring,,Probable,Hamstring,,Full Participation in Practice,2012-11-23T10:26:38Z
2012,REG,CIN,12,00-0022045,CB,Terence Newman,Terence,Newman,Head,,Probable,Head,,Full Participation in Practice,2012-11-23T10:26:59Z
2012,REG,CLE,12,00-0023727,CB,Dimitri Patterson,Dimitri,Patterson,Ankle,,Out,Ankle,,Did Not Participate In Practice,2012-11-23T12:35:29Z
2012,REG,CLE,12,00-0023316,S,Raymond Ventrone,Raymond,Ventrone,Calf,,Out,Calf,,Did Not Participate In Practice,2012-11-23T12:36:10Z
2012,REG,CLE,12,00-0028040,TE,Jordan Cameron,Jordan,Cameron,Groin,,Probable,Groin,,Full Participation in Practice,2012-11-23T12:34:52Z
2012,REG,CLE,12,00-0028930,WR,Josh Cooper,Josh,Cooper,Knee,,Probable,Knee,,Full Participation in Practice,2012-11-23T12:34:52Z
2012,REG,CLE,12,00-0023176,WR,Joshua Cribbs,Joshua,Cribbs,Back,,Probable,Back,,Full Participation in Practice,2012-11-23T12:34:52Z
2012,REG,CLE,12,00-0027860,CB,Joe Haden,Joe,Haden,Oblique,,Probable,Oblique,,Full Participation in Practice,2012-11-23T12:34:52Z
2012,REG,CLE,12,00-0019986,DE,Juqua Parker,Juqua,Parker,Shin,,Probable,Shin,,Full Participation in Practice,2012-11-23T12:34:52Z
2012,REG,CLE,12,00-0029675,RB,Trent Richardson,Trent,Richardson,Chest/Rib/Finger,,Probable,Chest/Rib/Finger,,Full Participation in Practice,2012-11-23T12:34:52Z
2012,REG,CLE,12,00-0026330,DT,Ahtyba Rubin,Ahtyba,Rubin,Calf,Back,Probable,Calf,Back,Full Participation in Practice,2012-11-23T12:34:52Z
2012,REG,CLE,12,00-0024306,DE,Frostee Rucker,Frostee,Rucker,Shoulder,Illness,Probable,Shoulder,Illness,Full Participation in Practice,2012-11-23T12:35:49Z
2012,REG,CLE,12,00-0028690,G,Jarrod Shaw,Jarrod,Shaw,Illness,,Probable,Illness,,Full Participation in Practice,2012-11-23T12:34:52Z
2012,REG,CLE,12,00-0028075,CB,Buster Skrine,Buster,Skrine,Head,,Probable,Head,,Full Participation in Practice,2012-11-23T12:34:52Z
2012,REG,CLE,12,00-0027653,S,T.J. Ward,T.J.,Ward,Knee,Ankle,Probable,Knee,Ankle,Full Participation in Practice,2012-11-23T12:34:52Z
2012,REG,DAL,12,00-0027417,C,Phil Costa,Phil,Costa,Ankle,,Out,Ankle,,Did Not Participate In Practice,2012-11-21T11:07:48Z
2012,REG,DAL,12,00-0027826,DT,Sean Lissemore,Sean,Lissemore,Ankle,,Out,Ankle,,Did Not Participate In Practice,2012-11-21T11:08:08Z
2012,REG,DAL,12,00-0026780,WR,Kevin Ogletree,Kevin,Ogletree,Concussion,,Out,Concussion,,Did Not Participate In Practice,2012-11-21T11:08:38Z
2012,REG,DAL,12,00-0024266,C,Ryan Cook,Ryan,Cook,Knee,,Doubtful,Knee,,Did Not Participate In Practice,2012-11-21T11:07:40Z
2012,REG,DAL,12,00-0028009,RB,DeMarco Murray,DeMarco,Murray,Foot,,Doubtful,Foot,,Did Not Participate In Practice,2012-11-21T11:08:27Z
2012,REG,DAL,12,00-0026162,RB,Felix Jones,Felix,Jones,Knee,,Questionable,Knee,,Did Not Participate In Practice,2012-11-21T11:08:00Z
2012,REG,DAL,12,00-0023656,DT,Jay Ratliff,Jay,Ratliff,Groin,,Questionable,Groin,,Did Not Participate In Practice,2012-11-21T11:08:56Z
2012,REG,DAL,12,00-0027422,S,Danny McCray,Danny,McCray,Hip,,Questionable,Hip,,Limited Participation in Practice,2012-11-21T11:08:16Z
2012,REG,DAL,12,00-0024372,S,Charlie Peprah,Charlie,Peprah,Concussion,,Questionable,Concussion,,Limited Participation in Practice,2012-11-21T11:08:45Z
2012,REG,DAL,12,00-0027947,T,Tyron Smith,Tyron,Smith,Ankle,,Questionable,Ankle,,Limited Participation in Practice,2012-11-21T11:09:05Z
2012,REG,DAL,12,00-0026165,CB,Mike Jenkins,Mike,Jenkins,Back,,Probable,Back,,Full Participation in Practice,2012-11-21T11:07:28Z
2012,REG,DAL,12,00-0027139,TE,John Phillips,John,Phillips,Ankle,,Probable,Ankle,,Full Participation in Practice,2012-11-21T11:07:28Z
2012,REG,DAL,12,00-0024394,RB,Lawrence Vickers,Lawrence,Vickers,Knee,,Probable,Knee,,Limited Participation in Practice,2012-11-21T11:07:28Z
2012,REG,DEN,12,00-0000585,CB,Champ Bailey,Champ,Bailey,,,,Not Injury Related,,Did Not Participate In Practice,2012-11-21T12:25:02Z
2012,REG,DEN,12,00-0029563,CB,Omar Bolden,Omar,Bolden,Concussion,,Questionable,Concussion,,Limited Participation in Practice,2012-11-23T12:28:01Z
2012,REG,DEN,12,00-0026994,DE,Robert Ayers,Robert,Ayers,Groin,,Probable,Groin,,Full Participation in Practice,2012-11-23T12:27:48Z
2012,REG,DEN,12,00-0028142,TE,Virgil Green,Virgil,Green,Hamstring,,Probable,Hamstring,,Full Participation in Practice,2012-11-23T12:27:48Z
2012,REG,DEN,12,00-0029683,RB,Ronnie Hillman,Ronnie,Hillman,Hamstring,,Probable,Hamstring,,Full Participation in Practice,2012-11-23T12:27:48Z
2012,REG,DEN,12,00-0024375,G,Chris Kuper,Chris,Kuper,Ankle,,Probable,Ankle,,Full Participation in Practice,2012-11-23T12:27:48Z
2012,REG,DEN,12,00-0026988,RB,Knowshon Moreno,Knowshon,Moreno,Groin,,Probable,Groin,,Full Participation in Practice,2012-11-23T12:28:49Z
2012,REG,DEN,12,00-0026180,CB,Tracy Porter,Tracy,Porter,Illness,,Probable,Illness,,Full Participation in Practice,2012-11-23T12:27:48Z
2012,REG,DEN,12,00-0027874,WR,Demaryius Thomas,Demaryius,Thomas,Knee,,Probable,Knee,,Full Participation in Practice,2012-11-23T12:27:48Z
2012,REG,DEN,12,00-0029586,DE,Derek Wolfe,Derek,Wolfe,Quadricep,,Probable,Quadricep,,Full Participation in Practice,2012-11-23T12:27:48Z
2012,REG,DET,12,00-0027982,WR,Titus Young,Titus,Young,Not Injury Related,Knee,Out,Not Injury Related,Knee,Out (Definitely Will Not Play),2012-11-21T14:37:58Z
2012,REG,DET,12,00-0020444,T,Jeff Backus,Jeff,Backus,Hamstring,,Doubtful,Hamstring,,Did Not Participate In Practice,2012-11-21T14:38:12Z
2012,REG,DET,12,00-0027951,DT,Nick Fairley,Nick,Fairley,Illness,,Questionable,Illness,,Did Not Participate In Practice,2012-11-21T14:39:31Z
2012,REG,DET,12,00-0026674,CB,Jacob Lacey,Jacob,Lacey,Foot,,Questionable,Foot,,Did Not Participate In Practice,2012-11-21T14:39:56Z
2012,REG,DET,12,00-0022906,DT,Corey Williams,Corey,Williams,Knee,,Questionable,Knee,,Did Not Participate In Practice,2012-11-21T14:40:06Z
2012,REG,DET,12,00-0027009,S,Louis Delmas,Louis,Delmas,Knee,,Questionable,Knee,,Limited Participation in Practice,2012-11-21T14:38:30Z
2012,REG,DET,12,00-0021994,CB,Drayton Florence,Drayton,Florence,Concussion,,Questionable,Concussion,,Limited Participation in Practice,2012-11-21T14:39:45Z
2012,REG,DET,12,00-0006800,K,Jason Hanson,Jason,Hanson,left Foot,,Probable,left Foot,,Full Participation in Practice,2012-11-21T14:37:39Z
2012,REG,DET,12,00-0027084,DT,Sammie Lee Hill,Sammie Lee,Hill,Knee,,Probable,Knee,,Full Participation in Practice,2012-11-21T14:37:39Z
2012,REG,DET,12,00-0027855,DT,Ndamukong Suh,Ndamukong,Suh,Knee,,Probable,Knee,,Full Participation in Practice,2012-11-21T14:37:39Z
2012,REG,DET,12,00-0026232,DE,Cliff Avril,Cliff,Avril,Back,,Probable,Back,,Limited Participation in Practice,2012-11-21T14:37:39Z
2012,REG,DET,12,00-0022218,S,Erik Coleman,Erik,Coleman,Eye,,Probable,Eye,,Limited Participation in Practice,2012-11-21T14:37:39Z
2012,REG,DET,12,00-0025428,CB,Chris Houston,Chris,Houston,Ankle,,Probable,Ankle,,Limited Participation in Practice,2012-11-21T14:37:39Z
2012,REG,DET,12,00-0025389,WR,Calvin Johnson,Calvin,Johnson,Knee,Thumb,Probable,Knee,Thumb,Limited Participation in Practice,2012-11-21T14:37:39Z
2012,REG,DET,12,00-0026635,LB,Ashlee Palmer,Ashlee,Palmer,Chest,,Probable,Chest,,Limited Participation in Practice,2012-11-21T14:37:39Z
2012,REG,DET,12,00-0024343,G,Rob Sims,Rob,Sims,Hamstring,,Probable,Hamstring,,Limited Participation in Practice,2012-11-21T14:37:39Z
2012,REG,GB,12,00-0027002,LB,Clay Matthews,Clay,Matthews,Hamstring,,Out,Hamstring,,Did Not Participate In Practice,2012-11-23T11:53:34Z
2012,REG,GB,12,00-0029291,LB,Terrell Manning,Terrell,Manning,Shoulder,,Out,Shoulder,,Limited Participation in Practice,2012-11-23T11:53:29Z
2012,REG,GB,12,00-0027440,CB,Sam Shields,Sam,Shields,Ankle,,Out,Ankle,,Out (Definitely Will Not Play),2012-11-23T11:53:57Z
2012,REG,GB,12,00-0018227,CB,Charles Woodson,Charles,Woodson,Collarbone,,Out,Collarbone,,Out (Definitely Will Not Play),2012-11-23T11:54:08Z
2012,REG,GB,12,00-0024267,WR,Greg Jennings,Greg,Jennings,Groin,Abdomen,Questionable,Groin,Abdomen,Limited Participation in Practice,2012-11-23T11:53:20Z
2012,REG,GB,12,00-0027753,TE,Andrew Quarless,Andrew,Quarless,Knee,,Questionable,Knee,,Limited Participation in Practice,2012-11-23T11:53:48Z
2012,REG,GB,12,00-0026985,DE,B.J. Raji,B.J.,Raji,Ankle,,Probable,Ankle,,Full Participation in Practice,2012-11-23T11:53:12Z
2012,REG,GB,12,00-0028605,LB,Vic So'oto,Vic,So'oto,Illness,,Probable,Illness,,Full Participation in Practice,2012-11-23T11:53:12Z
2012,REG,GB,12,00-0026307,LB,Erik Walden,Erik,Walden,Ankle,,Probable,Ankle,,Full Participation in Practice,2012-11-23T11:53:12Z
2012,REG,GB,12,00-0004541,WR,Donald Driver,Donald,Driver,Thumb,,Probable,Thumb,,Limited Participation in Practice,2012-11-23T11:53:12Z
2012,REG,GB,12,00-0022999,RB,John Kuhn,John,Kuhn,Hamstring,,Probable,Hamstring,,Limited Participation in Practice,2012-11-23T11:53:12Z
2012,REG,HOU,12,00-0029673,WR,DeVier Posey,DeVier,Posey,Knee,Hamstring,Doubtful,Knee,Hamstring,Did Not Participate In Practice,2012-11-21T07:00:18Z
2012,REG,HOU,12,00-0024365,LB,Tim Dobbins,Tim,Dobbins,Shoulder,,Questionable,Shoulder,,Did Not Participate In Practice,2012-11-21T07:00:35Z
2012,REG,HOU,12,00-0024239,CB,Johnathan Joseph,Johnathan,Joseph,Hamstring,,Questionable,Hamstring,,Did Not Participate In Practice,2012-11-21T07:00:48Z
2012,REG,HOU,12,00-0027890,RB,Ben Tate,Ben,Tate,Hamstring,,Questionable,Hamstring,,Did Not Participate In Practice,2012-11-21T07:00:57Z
2012,REG,HOU,12,00-0023472,DT,Shaun Cody,Shaun,Cody,Back,Ribs,Questionable,Back,Ribs,Limited Participation in Practice,2012-11-21T07:00:28Z
2012,REG,HOU,12,00-0029417,DE,Jared Crick,Jared,Crick,Neck,,Probable,Neck,,Full Participation in Practice,2012-11-21T07:00:04Z
2012,REG,HOU,12,00-0024313,TE,Owen Daniels,Owen,Daniels,Back,,Probable,Back,,Full Participation in Practice,2012-11-21T07:00:04Z
2012,REG,HOU,12,00-0026257,S,Quintin Demps,Quintin,Demps,Toe,,Probable,Toe,,Full Participation in Practice,2012-11-21T07:00:04Z
2012,REG,HOU,12,00-0022137,LB,Bradie James,Bradie,James,Thumb,,Probable,Thumb,,Full Participation in Practice,2012-11-21T07:00:04Z
2012,REG,HOU,12,00-0028542,WR,Lestar Jean,Lestar,Jean,Knee,,Probable,Knee,,Full Participation in Practice,2012-11-21T07:00:04Z
2012,REG,HOU,12,00-0026935,CB,Brice McCain,Brice,McCain,Knee,,Probable,Knee,,Full Participation in Practice,2012-11-21T07:00:04Z
2012,REG,HOU,12,00-0023633,C,Chris Myers,Chris,Myers,Back,,Probable,Back,,Full Participation in Practice,2012-11-21T07:00:04Z
2012,REG,HOU,12,00-0026417,LB,Jesse Nading,Jesse,Nading,Foot,,Probable,Foot,,Full Participation in Practice,2012-11-21T07:00:04Z
2012,REG,HOU,12,00-0027703,LB,Darryl Sharpton,Darryl,Sharpton,Neck,Knee/Hip,Probable,Neck,Knee/Hip,Full Participation in Practice,2012-11-21T07:00:04Z
2012,REG,HOU,12,00-0028090,QB,T.J. Yates,T.J.,Yates,right Elbow,,Probable,right Elbow,,Full Participation in Practice,2012-11-21T07:00:04Z
2012,REG,HOU,12,00-0022793,DE,Antonio Smith,Antonio,Smith,Ankle,,Probable,Ankle,,Limited Participation in Practice,2012-11-21T07:00:04Z
2012,REG,HOU,12,00-0022131,G,Wade Smith,Wade,Smith,Knee,Ribs,Probable,Knee,Ribs,Limited Participation in Practice,2012-11-21T07:00:04Z
2012,REG,IND,12,00-0027001,CB,Vontae Davis,Vontae,Davis,Knee,,Doubtful,Knee,,Did Not Participate In Practice,2012-11-23T10:31:51Z
2012,REG,IND,12,00-0021998,DE,Cory Redding,Cory,Redding,Hip,,Questionable,Hip,,Full Participation in Practice,2012-11-23T10:32:08Z
2012,REG,IND,12,00-0029697,TE,Coby Fleener,Coby,Fleener,Shoulder,,Questionable,Shoulder,,Limited Participation in Practice,2012-11-23T10:31:30Z
2012,REG,IND,12,00-0022059,LB,Robert Mathis,Robert,Mathis,Not Injury Related,,Probable,Not Injury Related,,Did Not Participate In Practice,2012-11-23T10:30:55Z
2012,REG,IND,12,00-0026173,WR,Donnie Avery,Donnie,Avery,Head,,Probable,Head,,Full Participation in Practice,2012-11-23T10:30:55Z
2012,REG,IND,12,00-0024421,S,Antoine Bethea,Antoine,Bethea,Ankle,,Probable,Ankle,,Full Participation in Practice,2012-11-23T10:30:55Z
2012,REG,IND,12,00-0027003,RB,Donald Brown,Donald,Brown,Knee,,Probable,Knee,,Full Participation in Practice,2012-11-23T10:30:55Z
2012,REG,IND,12,00-0029574,DT,Josh Chapman,Josh,Chapman,Knee,,Probable,Knee,,Full Participation in Practice,2012-11-23T10:30:55Z
2012,REG,IND,12,00-0021146,LB,Dwight Freeney,Dwight,Freeney,Not Injury Related,,Probable,Not Injury Related,,Full Participation in Practice,2012-11-23T10:30:55Z
2012,REG,IND,12,00-0029668,QB,Andrew Luck,Andrew,Luck,Knee,,Probable,Knee,,Full Participation in Practice,2012-11-23T10:30:55Z
2012,REG,IND,12,00-0027853,CB,Teddy Williams,Teddy,Williams,Hamstring,,Probable,Hamstring,,Full Participation in Practice,2012-11-23T10:30:55Z
2012,REG,JAX,12,00-0028123,RB,Greg Jones,Greg,Jones,Thigh,,Out,Thigh,,Did Not Participate In Practice,2012-11-23T10:26:29Z
2012,REG,JAX,12,00-0024275,RB,Maurice Jones-Drew,Maurice,Jones-Drew,Foot,,Out,Foot,,Did Not Participate In Practice,2012-11-23T10:26:35Z
2012,REG,JAX,12,00-0026912,CB,William Middleton,William,Middleton,Concussion,,Out,Concussion,,Did Not Participate In Practice,2012-11-23T10:27:04Z
2012,REG,JAX,12,00-0026253,S,Dwight Lowery,Dwight,Lowery,Ankle,,Questionable,Ankle,,Limited Participation in Practice,2012-11-23T10:26:42Z
2012,REG,JAX,12,00-0022080,CB,Rashean Mathis,Rashean,Mathis,Groin,,Questionable,Groin,,Limited Participation in Practice,2012-11-23T10:26:49Z
2012,REG,JAX,12,00-0018956,C,Brad Meester,Brad,Meester,Foot,,Probable,Foot,,Full Participation in Practice,2012-11-23T10:26:56Z
2012,REG,KC,12,00-0026155,T,Branden Albert,Branden,Albert,Back,,Doubtful,Back,,Did Not Participate In Practice,2012-11-23T12:16:43Z
2012,REG,KC,12,00-0027673,G,Jon Asamoah,Jon,Asamoah,Thumb,,Questionable,Thumb,,Limited Participation in Practice,2012-11-23T12:16:57Z
2012,REG,KC,12,00-0022350,G,Ryan Lilja,Ryan,Lilja,Knee,,Questionable,Knee,,Limited Participation in Practice,2012-11-23T12:17:20Z
2012,REG,KC,12,00-0027964,WR,Jon Baldwin,Jon,Baldwin,Head,Neck,Probable,Head,Neck,Full Participation in Practice,2012-11-23T12:16:36Z
2012,REG,KC,12,00-0025410,WR,Dwayne Bowe,Dwayne,Bowe,Neck,Back,Probable,Neck,Back,Full Participation in Practice,2012-11-23T12:16:36Z
2012,REG,KC,12,00-0027695,TE,Tony Moeaki,Tony,Moeaki,Shoulder,Back,Probable,Shoulder,Back,Full Participation in Practice,2012-11-23T12:16:36Z
2012,REG,KC,12,00-0027567,TE,Steve Maneri,Steve,Maneri,Ankle,,Probable,Ankle,,Limited Participation in Practice,2012-11-23T12:16:36Z
2012,REG,MIA,12,00-0027843,LB,Austin Spitler,Austin,Spitler,Ankle,,Questionable,Ankle,,Limited Participation in Practice,2012-11-23T11:53:04Z
2012,REG,MIA,12,00-0022927,LB,Karlos Dansby,Karlos,Dansby,Biceps,,Probable,Biceps,,Full Participation in Practice,2012-11-23T11:52:56Z
2012,REG,MIA,12,00-0024268,TE,Anthony Fasano,Anthony,Fasano,Hip,,Probable,Hip,,Full Participation in Practice,2012-11-23T11:55:53Z
2012,REG,MIA,12,00-0025612,P,Brandon Fields,Brandon,Fields,left Knee,,Probable,left Knee,,Full Participation in Practice,2012-11-23T11:52:56Z
2012,REG,MIA,12,00-0027953,C,Mike Pouncey,Mike,Pouncey,Ankle,,Probable,Ankle,,Full Participation in Practice,2012-11-23T11:52:56Z
2012,REG,MIA,12,00-0028173,S,Jimmy Wilson,Jimmy,Wilson,Ribs,,Probable,Ribs,,Full Participation in Practice,2012-11-23T11:52:56Z
2012,REG,MIN,12,00-0026998,WR,Percy Harvin,Percy,Harvin,Ankle,,Doubtful,Ankle,,Did Not Participate In Practice,2012-11-23T11:04:06Z
2012,REG,MIN,12,00-0026292,DT,Letroy Guion,Letroy,Guion,Foot,,Questionable,Foot,,Limited Participation in Practice,2012-11-23T11:04:30Z
2012,REG,MIN,12,00-0024413,G,Charlie Johnson,Charlie,Johnson,Toe,,Questionable,Toe,,Limited Participation in Practice,2012-11-23T11:04:43Z
2012,REG,MIN,12,00-0022740,DE,Jared Allen,Jared,Allen,Shoulder,,Probable,Shoulder,,Full Participation in Practice,2012-11-23T11:03:54Z
2012,REG,MIN,12,00-0028174,WR,Stephen Burton,Stephen,Burton,Ankle,,Probable,Ankle,,Full Participation in Practice,2012-11-23T11:03:54Z
2012,REG,MIN,12,00-0022781,WR,Michael Jenkins,Michael,Jenkins,Foot,,Probable,Foot,,Full Participation in Practice,2012-11-23T11:03:54Z
2012,REG,MIN,12,00-0023060,P,Chris Kluwe,Chris,Kluwe,left Knee,,Probable,left Knee,,Full Participation in Practice,2012-11-23T11:03:54Z
2012,REG,MIN,12,00-0025394,RB,Adrian Peterson,Adrian,Peterson,Ankle,,Probable,Ankle,,Full Participation in Practice,2012-11-23T11:03:54Z
2012,REG,MIN,12,00-0018093,CB,Antoine Winfield,Antoine,Winfield,Knee,,Probable,Knee,,Limited Participation in Practice,2012-11-23T11:03:54Z
2012,REG,NE,12,00-0027656,TE,Rob Gronkowski,Rob,Gronkowski,Forearm,Hip,Out,Forearm,Hip,Did Not Participate In Practice,2012-11-21T14:02:53Z
2012,REG,NE,12,00-0029585,DE,Chandler Jones,Chandler,Jones,Ankle,,Out,Ankle,,Did Not Participate In Practice,2012-11-21T14:03:03Z
2012,REG,NE,12,00-0023467,G,Logan Mankins,Logan,Mankins,Ankle,Calf,Out,Ankle,Calf,Did Not Participate In Practice,2012-11-21T14:03:22Z
2012,REG,NE,12,00-0027016,DT,Ron Brace,Ron,Brace,Elbow,,Questionable,Elbow,,Limited Participation in Practice,2012-11-21T14:03:38Z
2012,REG,NE,12,00-0027010,S,Patrick Chung,Patrick,Chung,Shoulder,Hamstring,Questionable,Shoulder,Hamstring,Limited Participation in Practice,2012-11-21T14:03:44Z
2012,REG,NE,12,00-0022979,C,Dan Connolly,Dan,Connolly,Back,,Questionable,Back,,Limited Participation in Practice,2012-11-21T14:03:54Z
2012,REG,NE,12,00-0023998,S,Steve Gregory,Steve,Gregory,Hip,,Questionable,Hip,,Limited Participation in Practice,2012-11-21T14:04:02Z
2012,REG,NE,12,00-0027713,TE,Aaron Hernandez,Aaron,Hernandez,Ankle,,Questionable,Ankle,,Limited Participation in Practice,2012-11-21T14:05:38Z
2012,REG,NE,12,00-0029669,LB,Dont'a Hightower,Dont'a,Hightower,Hamstring,,Questionable,Hamstring,,Limited Participation in Practice,2012-11-21T14:05:47Z
2012,REG,NE,12,00-0022097,WR,Brandon Lloyd,Brandon,Lloyd,Knee,,Questionable,Knee,,Limited Participation in Practice,2012-11-21T14:06:03Z
2012,REG,NE,12,00-0027435,C,Nick McDonald,Nick,McDonald,Shoulder,,Questionable,Shoulder,,Limited Participation in Practice,2012-11-21T14:07:48Z
2012,REG,NE,12,00-0026309,DE,Trevor Scott,Trevor,Scott,Hamstring,,Questionable,Hamstring,,Limited Participation in Practice,2012-11-21T14:07:10Z
2012,REG,NE,12,00-0027668,LB,Brandon Spikes,Brandon,Spikes,Knee,,Questionable,Knee,,Limited Participation in Practice,2012-11-21T14:07:17Z
2012,REG,NE,12,00-0027034,T,Sebastian Vollmer,Sebastian,Vollmer,Back,Knee,Questionable,Back,Knee,Limited Participation in Practice,2012-11-21T14:07:24Z
2012,REG,NE,12,00-0022427,WR,Wes Welker,Wes,Welker,Ankle,,Questionable,Ankle,,Limited Participation in Practice,2012-11-21T14:07:34Z
2012,REG,NE,12,00-0021645,LB,Tracy White,Tracy,White,Foot,,Questionable,Foot,,Limited Participation in Practice,2012-11-21T14:07:38Z
2012,REG,NE,12,00-0027150,WR,Julian Edelman,Julian,Edelman,Hand,,Probable,Hand,,Full Participation in Practice,2012-11-21T14:02:22Z
2012,REG,NE,12,00-0027236,DT,Kyle Love,Kyle,Love,Knee,,Probable,Knee,,Full Participation in Practice,2012-11-21T14:02:22Z
2012,REG,NE,12,00-0026150,LB,Jerod Mayo,Jerod,Mayo,Elbow,,Probable,Elbow,,Full Participation in Practice,2012-11-21T14:02:22Z
2012,REG,NO,12,00-0027669,T,Charles Brown,Charles,Brown,Knee,,Out,Knee,,Did Not Participate In Practice,2012-11-23T12:52:40Z
2012,REG,NO,12,00-0027551,DE,Junior Galette,Junior,Galette,Ankle,,Out,Ankle,,Did Not Participate In Practice,2012-11-23T12:52:50Z
2012,REG,NO,12,00-0029658,CB,Corey White,Corey,White,Knee,,Out,Knee,,Did Not Participate In Practice,2012-11-23T12:53:16Z
2012,REG,NO,12,00-0025902,CB,Elbert Mack,Elbert,Mack,Concussion,,Out,Concussion,,Limited Participation in Practice,2012-11-23T12:52:32Z
2012,REG,NO,12,00-0024424,T,Zach Strief,Zach,Strief,Groin,,Questionable,Groin,,Limited Participation in Practice,2012-11-23T12:53:05Z
2012,REG,NO,12,00-0026672,LB,Ramon Humber,Ramon,Humber,Illness,,Probable,Illness,,Did Not Participate In Practice,2012-11-23T12:52:02Z
2012,REG,NO,12,00-0023564,RB,Darren Sproles,Darren,Sproles,Hand,,Probable,Hand,,Full Participation in Practice,2012-11-23T12:52:02Z
2012,REG,NYG,12,00-0024345,WR,Domenik Hixon,Domenik,Hixon,Ankle,,Out,Ankle,,Did Not Participate In Practice,2012-11-23T12:33:41Z
2012,REG,NYG,12,00-0028140,LB,Jacquian Williams,Jacquian,Williams,Knee,,Out,Knee,,Did Not Participate In Practice,2012-11-23T12:33:36Z
2012,REG,NYG,12,00-0026171,S,Kenny Phillips,Kenny,Phillips,Knee,,Questionable,Knee,,Limited Participation in Practice,2012-11-23T12:33:51Z
2012,REG,NYG,12,00-0026149,LB,Keith Rivers,Keith,Rivers,Calf,Knee,Questionable,Calf,Knee,Limited Participation in Practice,2012-11-23T12:33:57Z
2012,REG,NYG,12,00-0023468,C,David Baas,David,Baas,Ankle,Elbow,Probable,Ankle,Elbow,Full Participation in Practice,2012-11-23T12:33:29Z
2012,REG,NYG,12,00-0028136,S,Tyler Sash,Tyler,Sash,Ankle,,Probable,Ankle,,Full Participation in Practice,2012-11-23T12:33:29Z
2012,REG,NYG,12,00-0022838,G,Chris Snee,Chris,Snee,Ankle,,Probable,Ankle,,Full Participation in Practice,2012-11-23T12:33:29Z
2012,REG,NYG,12,00-0025637,RB,Ahmad Bradshaw,Ahmad,Bradshaw,Foot,,Probable,Foot,,Limited Participation in Practice,2012-11-23T12:33:29Z
2012,REG,NYG,12,00-0027885,DT,Linval Joseph,Linval,Joseph,Knee,,Probable,Knee,,Limited Participation in Practice,2012-11-23T12:33:29Z
2012,REG,NYJ,12,00-0025463,WR,Jason Hill,Jason,Hill,,,,Back,,Did Not Participate In Practice,2012-11-19T16:05:36Z
2012,REG,NYJ,12,00-0027876,QB,Tim Tebow,Tim,Tebow,Ribs,,Questionable,Ribs,,Full Participation in Practice,2012-11-21T12:27:14Z
2012,REG,NYJ,12,00-0027338,CB,Aaron Berry,Aaron,Berry,Quadricep,,Questionable,Quadricep,,Limited Participation in Practice,2012-11-21T12:27:03Z
2012,REG,NYJ,12,00-0028032,DT,Kenrick Ellis,Kenrick,Ellis,Knee,,Questionable,Knee,,Limited Participation in Practice,2012-11-21T12:28:32Z
2012,REG,NYJ,12,00-0028091,WR,Jeremy Kerley,Jeremy,Kerley,Heel,Hamstring,Questionable,Heel,Hamstring,Limited Participation in Practice,2012-11-21T12:27:43Z
2012,REG,NYJ,12,00-0027712,RB,Joe McKnight,Joe,McKnight,Ankle,,Questionable,Ankle,,Limited Participation in Practice,2012-11-21T12:27:28Z
2012,REG,NYJ,12,00-0023523,DT,Sione Pouha,Sione,Pouha,Back,,Questionable,Back,,Limited Participation in Practice,2012-11-21T12:27:52Z
2012,REG,NYJ,12,00-0020873,LB,Bart Scott,Bart,Scott,Toe,,Questionable,Toe,,Limited Participation in Practice,2012-11-21T12:28:08Z
2012,REG,NYJ,12,00-0027321,TE,Jeff Cumberland,Jeff,Cumberland,Wrist,,Probable,Wrist,,Full Participation in Practice,2012-11-21T12:26:53Z
2012,REG,NYJ,12,00-0025689,DT,Mike Devito,Mike,Devito,Finger,,Probable,Finger,,Full Participation in Practice,2012-11-21T12:26:53Z
2012,REG,NYJ,12,00-0028049,WR,Edmond Gates,Edmond,Gates,Shoulder,,Probable,Shoulder,,Full Participation in Practice,2012-11-21T12:26:53Z
2012,REG,NYJ,12,00-0028995,WR,Stephen Hill,Stephen,Hill,Ankle,,Probable,Ankle,,Full Participation in Practice,2012-11-21T12:26:53Z
2012,REG,NYJ,12,00-0025393,S,LaRon Landry,LaRon,Landry,Heel,,Probable,Heel,,Full Participation in Practice,2012-11-21T12:26:53Z
2012,REG,NYJ,12,00-0024244,C,Nick Mangold,Nick,Mangold,Thumb,,Probable,Thumb,,Full Participation in Practice,2012-11-21T12:26:53Z
2012,REG,NYJ,12,00-0020969,G,Brandon Moore,Brandon,Moore,Hip,Foot,Probable,Hip,Foot,Full Participation in Practice,2012-11-21T12:26:53Z
2012,REG,NYJ,12,00-0022120,LB,Calvin Pace,Calvin,Pace,Shoulder,,Probable,Shoulder,,Full Participation in Practice,2012-11-21T12:26:53Z
2012,REG,NYJ,12,00-0028064,RB,Bilal Powell,Bilal,Powell,Shoulder,,Probable,Shoulder,,Full Participation in Practice,2012-11-21T12:26:53Z
2012,REG,NYJ,12,00-0026898,QB,Mark Sanchez,Mark,Sanchez,Back,,Probable,Back,,Full Participation in Practice,2012-11-21T12:26:53Z
2012,REG,NYJ,12,00-0026500,G,Matt Slauson,Matt,Slauson,Knee,,Probable,Knee,,Full Participation in Practice,2012-11-21T12:26:53Z
2012,REG,OAK,12,00-0028086,WR,Denarius Moore,Denarius,Moore,,,,Hamstring,,Limited Participation in Practice,2012-11-21T14:31:39Z
2012,REG,OAK,12,00-0027080,RB,Mike Goodson,Mike,Goodson,Ankle,,Out,Ankle,,Did Not Participate In Practice,2012-11-23T12:31:16Z
2012,REG,OAK,12,00-0026144,RB,Darren McFadden,Darren,McFadden,Ankle,,Out,Ankle,,Did Not Participate In Practice,2012-11-23T12:31:39Z
2012,REG,OAK,12,00-0020442,DT,Richard Seymour,Richard,Seymour,Knee,Hamstring,Out,Knee,Hamstring,Did Not Participate In Practice,2012-11-23T12:31:50Z
2012,REG,OAK,12,00-0029627,DE,Jack Crawford,Jack,Crawford,Toe,,Questionable,Toe,,Did Not Participate In Practice,2012-11-23T12:31:07Z
2012,REG,OAK,12,00-0028063,RB,Taiwan Jones,Taiwan,Jones,Ankle,,Questionable,Ankle,,Limited Participation in Practice,2012-11-23T12:31:29Z
2012,REG,OAK,12,00-0026240,S,Tyvon Branch,Tyvon,Branch,Neck,,Probable,Neck,,Full Participation in Practice,2012-11-23T12:30:56Z
2012,REG,OAK,12,00-0026983,WR,Darrius Heyward-Bey,Darrius,Heyward-Bey,Hamstring,,Probable,Hamstring,,Full Participation in Practice,2012-11-23T12:31:21Z
2012,REG,OAK,12,00-0027135,TE,Brandon Myers,Brandon,Myers,Shoulder,,Probable,Shoulder,,Full Participation in Practice,2012-11-23T12:30:56Z
2012,REG,OAK,12,00-0026393,RB,Marcel Reece,Marcel,Reece,Hamstring,Quadricep,Probable,Hamstring,Quadricep,Full Participation in Practice,2012-11-23T12:30:56Z
2012,REG,PHI,12,00-0027700,WR,Mardy Gilyard,Mardy,Gilyard,,,,Hamstring,,Full Participation in Practice,2012-11-23T12:54:20Z
2012,REG,PHI,12,00-0024324,WR,Jason Avant,Jason,Avant,Hamstring,,Out,Hamstring,,Did Not Participate In Practice,2012-11-24T16:22:53Z
2012,REG,PHI,12,00-0027029,RB,LeSean McCoy,LeSean,McCoy,Concussion,,Out,Concussion,,Did Not Participate In Practice,2012-11-24T16:23:03Z
2012,REG,PHI,12,00-0020245,QB,Michael Vick,Michael,Vick,Concussion,,Out,Concussion,,Did Not Participate In Practice,2012-11-24T16:23:26Z
2012,REG,PHI,12,00-0029438,RB,Chris Polk,Chris,Polk,Toe,,Out,Toe,,Out (Definitely Will Not Play),2012-11-24T16:23:14Z
2012,REG,PHI,12,00-0027758,WR,Riley Cooper,Riley,Cooper,Knee,,Probable,Knee,,Full Participation in Practice,2012-11-24T16:22:07Z
2012,REG,PHI,12,00-0021706,DT,Cullen Jenkins,Cullen,Jenkins,Foot,Ankle,Probable,Foot,Ankle,Full Participation in Practice,2012-11-24T16:22:07Z
2012,REG,PHI,12,00-0027961,G,Danny Watkins,Danny,Watkins,Ankle,,Probable,Ankle,,Full Participation in Practice,2012-11-24T16:22:07Z
2012,REG,PIT,12,00-0022811,WR,Jerricho Cotchery,Jerricho,Cotchery,Ribs,,Out,Ribs,,Did Not Participate In Practice,2012-11-23T10:20:57Z
2012,REG,PIT,12,00-0028001,T,Marcus Gilbert,Marcus,Gilbert,Ankle,,Out,Ankle,,Did Not Participate In Practice,2012-11-23T10:21:04Z
2012,REG,PIT,12,00-0022177,QB,Byron Leftwich,Byron,Leftwich,Ribs,,Out,Ribs,,Did Not Participate In Practice,2012-11-23T10:21:11Z
2012,REG,PIT,12,00-0022924,QB,Ben Roethlisberger,Ben,Roethlisberger,Right Shoulder,,Out,Right Shoulder,,Did Not Participate In Practice,2012-11-23T10:21:26Z
2012,REG,PIT,12,00-0022119,S,Troy Polamalu,Troy,Polamalu,Calf,,Doubtful,Calf,,Limited Participation in Practice,2012-11-23T10:21:17Z
2012,REG,PIT,12,00-0027793,WR,Antonio Brown,Antonio,Brown,Ankle,,Questionable,Ankle,,Limited Participation in Practice,2012-11-23T10:20:50Z
2012,REG,PIT,12,00-0022900,S,Will Allen,Will,Allen,Shoulder,,Probable,Shoulder,,Full Participation in Practice,2012-11-23T10:20:40Z
2012,REG,PIT,12,00-0027008,DE,Ziggy Hood,Ziggy,Hood,Back,,Probable,Back,,Full Participation in Practice,2012-11-23T10:20:40Z
2012,REG,PIT,12,00-0026566,RB,Isaac Redman,Isaac,Redman,Concussion,,Probable,Concussion,,Full Participation in Practice,2012-11-23T10:20:40Z
2012,REG,PIT,12,00-0027765,LB,Stevenson Sylvester,Stevenson,Sylvester,Hamstring,,Probable,Hamstring,,Full Participation in Practice,2012-11-23T10:20:40Z
2012,REG,PIT,12,00-0024193,T,Willie Colon,Willie,Colon,Knee,,Probable,Knee,,Limited Participation in Practice,2012-11-23T10:21:51Z
2012,REG,SD,12,00-0025787,T,Jared Gaither,Jared,Gaither,,,,Groin,,Did Not Participate In Practice,2012-11-22T13:08:29Z
2012,REG,SD,12,00-0026992,LB,Larry English,Larry,English,Calf,,Out,Calf,,Did Not Participate In Practice,2012-11-23T13:44:22Z
2012,REG,SD,12,00-0026182,WR,Eddie Royal,Eddie,Royal,Hamstring,,Out,Hamstring,,Did Not Participate In Practice,2012-11-23T13:45:10Z
2012,REG,SD,12,00-0027097,G,Tyronne Green,Tyronne,Green,Hamstring,,Doubtful,Hamstring,,Did Not Participate In Practice,2012-11-23T13:44:44Z
2012,REG,SD,12,00-0025542,TE,Dante Rosario,Dante,Rosario,Hamstring,,Doubtful,Hamstring,,Did Not Participate In Practice,2012-11-23T14:01:53Z
2012,REG,SD,12,00-0022147,DT,Aubrayo Franklin,Aubrayo,Franklin,Knee,,Questionable,Knee,,Limited Participation in Practice,2012-11-23T13:44:34Z
2012,REG,SD,12,00-0023404,S,Atari Bigby,Atari,Bigby,Shoulder,,Probable,Shoulder,,Full Participation in Practice,2012-11-23T13:44:09Z
2012,REG,SD,12,00-0022017,P,Mike Scifres,Mike,Scifres,right Ankle,,Probable,right Ankle,,Full Participation in Practice,2012-11-23T13:44:09Z
2012,REG,SD,12,00-0027052,G,Louis Vasquez,Louis,Vasquez,Ankle,,Probable,Ankle,,Full Participation in Practice,2012-11-23T13:44:09Z
2012,REG,SEA,12,00-0026261,DE,Red Bryant,Red,Bryant,Foot,,Probable,Foot,,Full Participation in Practice,2012-11-23T13:35:17Z
2012,REG,SEA,12,00-0027963,G,James Carpenter,James,Carpenter,Concussion,,Probable,Concussion,,Full Participation in Practice,2012-11-23T13:35:17Z
2012,REG,SEA,12,00-0025399,RB,Marshawn Lynch,Marshawn,Lynch,Back,,Probable,Back,,Full Participation in Practice,2012-11-23T13:35:17Z
2012,REG,SEA,12,00-0028111,CB,Byron Maxwell,Byron,Maxwell,Hamstring,,Probable,Hamstring,,Full Participation in Practice,2012-11-23T13:35:17Z
2012,REG,SEA,12,00-0026964,DT,Clinton McDonald,Clinton,McDonald,Groin,,Probable,Groin,,Full Participation in Practice,2012-11-23T13:35:17Z
2012,REG,SEA,12,00-0029308,DE,Greg Scruggs,Greg,Scruggs,Oblique,,Probable,Oblique,,Full Participation in Practice,2012-11-23T13:35:17Z
2012,REG,SEA,12,00-0028037,LB,K.J. Wright,K.J.,Wright,Concussion,,Probable,Concussion,,Full Participation in Practice,2012-11-23T13:35:17Z
2012,REG,SF,12,00-0023436,QB,Alex Smith,Alex,Smith,Concussion,,Questionable,Concussion,,Limited Participation in Practice,2012-11-23T12:54:06Z
2012,REG,SF,12,00-0026211,LB,Tavares Gooden,Tavares,Gooden,Shin,,Probable,Shin,,Full Participation in Practice,2012-11-23T12:53:55Z
2012,REG,SF,12,00-0023500,RB,Frank Gore,Frank,Gore,Wrist,Ribs,Probable,Wrist,Ribs,Full Participation in Practice,2012-11-23T12:53:55Z
2012,REG,SF,12,00-0011754,WR,Randy Moss,Randy,Moss,Finger,,Probable,Finger,,Full Participation in Practice,2012-11-23T12:53:55Z
2012,REG,SF,12,00-0027945,LB,Aldon Smith,Aldon,Smith,Shoulder,,Probable,Shoulder,,Full Participation in Practice,2012-11-23T12:53:55Z
2012,REG,SF,12,00-0026758,S,C.J. Spillman,C.J.,Spillman,Finger,,Probable,Finger,,Full Participation in Practice,2012-11-23T12:53:55Z
2012,REG,SF,12,00-0027905,DT,Will Tukuafu,Will,Tukuafu,Wrist,Wrist,Probable,Wrist,Wrist,Full Participation in Practice,2012-11-23T12:53:55Z
2012,REG,SF,12,00-0025398,LB,Patrick Willis,Patrick,Willis,Shoulder,,Probable,Shoulder,,Full Participation in Practice,2012-11-23T12:53:55Z
2012,REG,SF,12,00-0025534,CB,Tarell Brown,Tarell,Brown,Knee,,Probable,Knee,,Limited Participation in Practice,2012-11-23T12:53:55Z
2012,REG,SF,12,00-0028018,CB,Chris Culliver,Chris,Culliver,Shoulder,,Probable,Shoulder,,Limited Participation in Practice,2012-11-23T12:53:55Z
2012,REG,SF,12,00-0025513,S,Dashon Goldson,Dashon,Goldson,Ribs,Calf,Probable,Ribs,Calf,Limited Participation in Practice,2012-11-23T12:53:55Z
2012,REG,STL,12,00-0022034,LB,Mario Haggan,Mario,Haggan,Elbow,,Out,Elbow,,Did Not Participate In Practice,2012-11-23T11:54:13Z
2012,REG,STL,12,00-0026035,WR,Danny Amendola,Danny,Amendola,Foot,,Doubtful,Foot,,Did Not Participate In Practice,2012-11-23T11:54:08Z
2012,REG,STL,12,00-0028899,S,Rodney McLeod,Rodney,McLeod,Calf,,Questionable,Calf,,Did Not Participate In Practice,2012-11-23T11:54:20Z
2012,REG,STL,12,00-0027985,TE,Lance Kendricks,Lance,Kendricks,Knee,,Questionable,Knee,,Limited Participation in Practice,2012-11-23T11:54:39Z
2012,REG,STL,12,00-0022736,RB,Steven Jackson,Steven,Jackson,Foot,,Probable,Foot,,Limited Participation in Practice,2012-11-23T11:54:01Z
2012,REG,TB,12,00-0027654,WR,Arrelious Benn,Arrelious,Benn,,,,Shoulder,Knee,Did Not Participate In Practice,2012-11-21T16:11:20Z
2012,REG,TB,12,00-0027805,S,Cody Grimm,Cody,Grimm,Hamstring,,Out,Hamstring,,Did Not Participate In Practice,2012-11-23T11:41:48Z
2012,REG,TB,12,00-0025440,CB,Eric Wright,Eric,Wright,Achilles,,Questionable,Achilles,,Limited Participation in Practice,2012-11-23T11:42:35Z
2012,REG,TB,12,00-0026618,DE,Michael Bennett,Michael,Bennett,Shoulder,,Probable,Shoulder,,Full Participation in Practice,2012-11-23T11:40:09Z
2012,REG,TB,12,00-0028089,S,Ahmad Black,Ahmad,Black,Illness,,Probable,Illness,,Full Participation in Practice,2012-11-23T11:40:09Z
2012,REG,TB,12,00-0029087,CB,Leonard Johnson,Leonard,Johnson,Heel,,Probable,Heel,,Full Participation in Practice,2012-11-23T11:41:40Z
2012,REG,TB,12,00-0027511,DE,Aaron Morgan,Aaron,Morgan,Shoulder,,Probable,Shoulder,,Full Participation in Practice,2012-11-23T11:40:09Z
2012,REG,TB,12,00-0027156,WR,Tiquan Underwood,Tiquan,Underwood,Head,,Probable,Head,,Full Participation in Practice,2012-11-23T11:40:09Z
2012,REG,TB,12,00-0027812,LB,Dekoda Watson,Dekoda,Watson,Hamstring,,Probable,Hamstring,,Full Participation in Practice,2012-11-23T11:43:16Z
2012,REG,TEN,12,00-0020466,G,Steve Hutchinson,Steve,Hutchinson,,,,Not Injury Related,,Did Not Participate In Practice,2012-11-22T11:46:44Z
2012,REG,TEN,12,00-0026936,S,Al Afalava,Al,Afalava,Ankle,,Doubtful,Ankle,,Did Not Participate In Practice,2012-11-23T12:03:28Z
2012,REG,TEN,12,00-0026258,LB,Xavier Adibi,Xavier,Adibi,Knee,,Questionable,Knee,,Full Participation in Practice,2012-11-23T12:03:23Z
2012,REG,TEN,12,00-0026225,TE,Craig Stevens,Craig,Stevens,Hamstring,,Questionable,Hamstring,,Full Participation in Practice,2012-11-23T12:03:52Z
2012,REG,TEN,12,00-0028113,T,Byron Stingily,Byron,Stingily,Back,,Questionable,Back,,Full Participation in Practice,2012-11-23T12:03:58Z
2012,REG,TEN,12,00-0028068,RB,Jamie Harper,Jamie,Harper,Ankle,,Questionable,Ankle,,Limited Participation in Practice,2012-11-23T12:03:35Z
2012,REG,TEN,12,00-0026266,WR,Lavelle Hawkins,Lavelle,Hawkins,Ankle,,Questionable,Ankle,,Limited Participation in Practice,2012-11-23T12:03:44Z
2012,REG,TEN,12,00-0027006,WR,Kenny Britt,Kenny,Britt,Knee,,Probable,Knee,,Full Participation in Practice,2012-11-23T12:03:07Z
2012,REG,TEN,12,00-0027946,QB,Jake Locker,Jake,Locker,left Shoulder,,Probable,left Shoulder,,Full Participation in Practice,2012-11-23T12:03:07Z
2012,REG,TEN,12,00-0028047,LB,Colin McCarthy,Colin,McCarthy,Ankle,,Probable,Ankle,,Full Participation in Practice,2012-11-23T12:03:07Z
2012,REG,WAS,12,00-0025411,S,Brandon Meriweather,Brandon,Meriweather,,,,Knee,,Out (Definitely Will Not Play),2012-11-19T12:55:36Z
2012,REG,WAS,12,00-0005322,LB,London Fletcher,London,Fletcher,Ankle,,Questionable,Ankle,,Limited Participation in Practice,2012-11-21T08:35:43Z
2012,REG,WAS,12,00-0026345,WR,Pierre Garcon,Pierre,Garcon,Foot,,Questionable,Foot,,Limited Participation in Practice,2012-11-21T08:35:50Z
2012,REG,WAS,12,00-0027215,TE,Logan Paulsen,Logan,Paulsen,Hip,,Probable,Hip,,Full Participation in Practice,2012-11-21T08:35:37Z
2012,REG,WAS,12,00-0027857,T,Trent Williams,Trent,Williams,Ankle,Shoulder,Probable,Ankle,Shoulder,Full Participation in Practice,2012-11-21T08:35:37Z
2012,REG,WAS,12,00-0025442,CB,Josh Wilson,Josh,Wilson,Shoulder,,Probable,Shoulder,,Full Participation in Practice,2012-11-21T08:35:37Z
2012,REG,ARI,13,00-0027691,WR,Andre Roberts,Andre,Roberts,Ankle,,Questionable,Ankle,,Did Not Participate In Practice,2012-11-30T11:25:14Z
2012,REG,ARI,13,00-0029343,WR,Laron Byrd,Laron,Byrd,Head,,Questionable,Head,,Full Participation in Practice,2012-11-30T11:24:44Z
2012,REG,ARI,13,00-0026221,WR,Early Doucet,Early,Doucet,Ribs,,Questionable,Ribs,,Full Participation in Practice,2012-11-30T11:25:00Z
2012,REG,ARI,13,00-0026190,DE,Calais Campbell,Calais,Campbell,Calf,,Questionable,Calf,,Limited Participation in Practice,2012-11-30T11:24:49Z
2012,REG,ARI,13,00-0025423,QB,Kevin Kolb,Kevin,Kolb,Ribs,,Questionable,Ribs,,Limited Participation in Practice,2012-11-30T11:25:06Z
2012,REG,ARI,13,00-0027007,RB,Chris Wells,Chris,Wells,Knee,,Questionable,Knee,,Limited Participation in Practice,2012-11-30T11:25:23Z
2012,REG,ARI,13,00-0029530,S,Justin Bethel,Justin,Bethel,Shoulder,,Probable,Shoulder,,Full Participation in Practice,2012-11-30T11:24:35Z
2012,REG,ARI,13,00-0019435,LS,Mike Leach,Mike,Leach,Back,,Probable,Back,,Full Participation in Practice,2012-11-30T11:24:35Z
2012,REG,ARI,13,00-0028736,RB,William Powell,William,Powell,Shoulder,,Probable,Shoulder,,Full Participation in Practice,2012-11-30T11:24:35Z
2012,REG,ARI,13,00-0023557,S,Kerry Rhodes,Kerry,Rhodes,Back,,Probable,Back,,Full Participation in Practice,2012-11-30T11:24:35Z
2012,REG,ATL,13,00-0027000,DT,Peria Jerry,Peria,Jerry,Quadricep,,Questionable,Quadricep,,Did Not Participate In Practice,2012-11-28T11:32:22Z
2012,REG,ATL,13,00-0021956,CB,Asante Samuel,Asante,Samuel,Shoulder,,Questionable,Shoulder,,Did Not Participate In Practice,2012-11-28T11:32:13Z
2012,REG,ATL,13,00-0026161,T,Sam Baker,Sam,Baker,Groin,,Probable,Groin,,Limited Participation in Practice,2012-11-28T11:32:01Z
2012,REG,ATL,13,00-0028792,WR,Kevin Cone,Kevin,Cone,Groin,,Probable,Groin,,Limited Participation in Practice,2012-11-28T11:32:01Z
2012,REG,ATL,13,00-0026224,WR,Harry Douglas,Harry,Douglas,Ankle,,Probable,Ankle,,Limited Participation in Practice,2012-11-28T11:32:01Z
2012,REG,ATL,13,00-0029423,S,Charles Mitchell,Charles,Mitchell,Calf,,Probable,Calf,,Limited Participation in Practice,2012-11-28T11:32:01Z
2012,REG,ATL,13,00-0025496,LB,Stephen Nicholas,Stephen,Nicholas,Knee,,Probable,Knee,,Limited Participation in Practice,2012-11-28T11:32:01Z
2012,REG,ATL,13,00-0027202,TE,Michael Palmer,Michael,Palmer,Back,,Probable,Back,,Limited Participation in Practice,2012-11-28T11:32:01Z
2012,REG,ATL,13,00-0022735,CB,Dunta Robinson,Dunta,Robinson,Illness,,Probable,Illness,,Limited Participation in Practice,2012-11-28T11:32:01Z
2012,REG,ATL,13,00-0026942,DT,Vance Walker,Vance,Walker,Ribs,,Probable,Ribs,,Limited Participation in Practice,2012-11-28T11:32:01Z
2012,REG,ATL,13,00-0027871,LB,Sean Weatherspoon,Sean,Weatherspoon,Ankle,,Probable,Ankle,,Limited Participation in Practice,2012-11-28T11:32:01Z
2012,REG,BAL,13,00-0027965,CB,Jimmy Smith,Jimmy,Smith,Abdomen,,Out,Abdomen,,Out (Definitely Will Not Play),2012-11-30T11:06:02Z
2012,REG,BAL,13,00-0027675,TE,Ed Dickson,Ed,Dickson,Knee,,Doubtful,Knee,,Did Not Participate In Practice,2012-11-30T11:05:27Z
2012,REG,BAL,13,00-0026857,LB,Dannell Ellerbe,Dannell,Ellerbe,Ankle,Knee,Questionable,Ankle,Knee,Did Not Participate In Practice,2012-11-30T11:05:36Z
2012,REG,BAL,13,00-0021949,CB,Chris Johnson,Chris,Johnson,Thigh,,Questionable,Thigh,,Limited Participation in Practice,2012-11-30T11:05:48Z
2012,REG,BAL,13,00-0028103,DE,Pernell McPhee,Pernell,McPhee,Thigh,,Questionable,Thigh,,Limited Participation in Practice,2012-11-30T11:05:55Z
2012,REG,BAL,13,00-0025460,WR,Jacoby Jones,Jacoby,Jones,Ankle,,Probable,Ankle,,Did Not Participate In Practice,2012-11-30T11:05:18Z
2012,REG,BAL,13,00-0022084,WR,Anquan Boldin,Anquan,Boldin,Knee,,Probable,Knee,,Full Participation in Practice,2012-11-30T11:05:18Z
2012,REG,BAL,13,00-0027665,DT,Terrence Cody,Terrence,Cody,Elbow,,Probable,Elbow,,Full Participation in Practice,2012-11-30T11:05:18Z
2012,REG,BAL,13,00-0025555,CB,Corey Graham,Corey,Graham,Illness,,Probable,Illness,,Full Participation in Practice,2012-11-30T11:05:18Z
2012,REG,BAL,13,00-0027714,TE,Dennis Pitta,Dennis,Pitta,Neck,,Probable,Neck,,Full Participation in Practice,2012-11-30T11:05:18Z
2012,REG,BAL,13,00-0027996,WR,Torrey Smith,Torrey,Smith,Thigh,,Probable,Thigh,,Full Participation in Practice,2012-11-30T11:05:18Z
2012,REG,BAL,13,00-0022161,LB,Terrell Suggs,Terrell,Suggs,Ankle,,Probable,Ankle,,Full Participation in Practice,2012-11-30T11:05:18Z
2012,REG,BAL,13,00-0024269,S,Bernard Pollard,Bernard,Pollard,Chest,,Probable,Chest,,Limited Participation in Practice,2012-11-30T11:05:18Z
2012,REG,BAL,13,00-0021377,S,Ed Reed,Ed,Reed,Shoulder,,Probable,Shoulder,,Limited Participation in Practice,2012-11-30T11:05:18Z
2012,REG,BUF,13,00-0024373,DE,Mark Anderson,Mark,Anderson,Knee,,Out,Knee,,Did Not Participate In Practice,2012-11-30T09:37:57Z
2012,REG,BUF,13,00-0021995,DE,Chris Kelsay,Chris,Kelsay,Neck,,Out,Neck,,Did Not Participate In Practice,2012-11-30T09:38:04Z
2012,REG,BUF,13,00-0027518,WR,Donald Jones,Donald,Jones,Calf,,Questionable,Calf,,Did Not Participate In Practice,2012-11-30T09:38:17Z
2012,REG,BUF,13,00-0022610,DT,Spencer Johnson,Spencer,Johnson,Ankle,,Questionable,Ankle,,Limited Participation in Practice,2012-11-30T09:38:46Z
2012,REG,BUF,13,00-0020804,RB,Corey McIntyre,Corey,McIntyre,Ankle,,Questionable,Ankle,,Limited Participation in Practice,2012-11-30T09:39:00Z
2012,REG,BUF,13,00-0028144,CB,Justin Rogers,Justin,Rogers,Foot,,Questionable,Foot,,Limited Participation in Practice,2012-11-30T09:38:34Z
2012,REG,BUF,13,00-0027972,CB,Aaron Williams,Aaron,Williams,Knee,,Questionable,Knee,,Limited Participation in Practice,2012-11-30T09:38:26Z
2012,REG,BUF,13,00-0027819,RB,Dorin Dickerson,Dorin,Dickerson,Not Injury Related,,Probable,Not Injury Related,,Did Not Participate In Practice,2012-11-30T09:41:45Z
2012,REG,BUF,13,00-0027018,S,Jairus Byrd,Jairus,Byrd,Back,,Probable,Back,,Full Participation in Practice,2012-11-30T09:37:45Z
2012,REG,BUF,13,00-0025516,TE,Scott Chandler,Scott,Chandler,Groin,,Probable,Groin,,Full Participation in Practice,2012-11-30T09:37:45Z
2012,REG,BUF,13,00-0027941,DE,Marcell Dareus,Marcell,Dareus,Shoulder,,Probable,Shoulder,,Full Participation in Practice,2012-11-30T09:37:45Z
2012,REG,BUF,13,00-0028060,T,Chris Hairston,Chris,Hairston,Knee,,Probable,Knee,,Full Participation in Practice,2012-11-30T09:37:45Z
2012,REG,BUF,13,00-0027027,G,Andy Levitre,Andy,Levitre,Knee,,Probable,Knee,,Full Participation in Practice,2012-11-30T09:37:45Z
2012,REG,BUF,13,00-0026151,CB,Leodis McKelvin,Leodis,McKelvin,Groin,,Probable,Groin,,Full Participation in Practice,2012-11-30T09:37:45Z
2012,REG,BUF,13,00-0028038,S,Da'Norris Searcy,Da'Norris,Searcy,Hand,,Probable,Hand,,Full Participation in Practice,2012-11-30T09:37:45Z
2012,REG,BUF,13,00-0027861,RB,C.J. Spiller,C.J.,Spiller,Shoulder,,Probable,Shoulder,,Full Participation in Practice,2012-11-30T09:37:45Z
2012,REG,BUF,13,00-0023750,DE,Mario Williams,Mario,Williams,Wrist,,Probable,Wrist,,Full Participation in Practice,2012-11-30T09:37:45Z
2012,REG,BUF,13,00-0027004,C,Eric Wood,Eric,Wood,Knee,,Probable,Knee,,Full Participation in Practice,2012-11-30T09:37:45Z
2012,REG,BUF,13,00-0021990,LB,Nick Barnett,Nick,Barnett,Knee,,Probable,Knee,,Limited Participation in Practice,2012-11-30T09:37:45Z
2012,REG,BUF,13,00-0024318,WR,Brad Smith,Brad,Smith,Hamstring,,Probable,Hamstring,,Limited Participation in Practice,2012-11-30T09:37:45Z
2012,REG,BUF,13,00-0027053,G,Kraig Urbik,Kraig,Urbik,Knee,,Probable,Knee,,Limited Participation in Practice,2012-11-30T09:37:45Z
2012,REG,BUF,13,00-0024348,DT,Kyle Williams,Kyle,Williams,Ankle,,Probable,Ankle,,Limited Participation in Practice,2012-11-30T09:37:45Z
2012,REG,CAR,13,00-0024734,DE,Antwan Applewhite,Antwan,Applewhite,Hamstring,,Doubtful,Hamstring,,Did Not Participate In Practice,2012-11-30T10:31:55Z
2012,REG,CAR,13,00-0026153,RB,Jonathan Stewart,Jonathan,Stewart,Ankle,,Doubtful,Ankle,,Did Not Participate In Practice,2012-11-30T10:32:13Z
2012,REG,CAR,13,00-0026944,CB,Captain Munnerlyn,Captain,Munnerlyn,Hamstring,,Questionable,Hamstring,,Did Not Participate In Practice,2012-11-30T10:32:37Z
2012,REG,CAR,13,00-0027939,QB,Cam Newton,Cam,Newton,right Wrist,,Probable,right Wrist,,Full Participation in Practice,2012-11-30T10:32:54Z
2012,REG,CHI,13,00-0019456,LB,Brian Urlacher,Brian,Urlacher,,,,Not Injury Related,,Did Not Participate In Practice,2012-11-29T14:06:49Z
2012,REG,CHI,13,00-0024272,WR,Devin Hester,Devin,Hester,Concussion,,Out,Concussion,,Out (Definitely Will Not Play),2012-11-30T12:22:11Z
2012,REG,CHI,13,00-0023461,G,Chris Spencer,Chris,Spencer,Knee,,Out,Knee,,Out (Definitely Will Not Play),2012-11-30T12:22:19Z
2012,REG,CHI,13,00-0029137,WR,Alshon Jeffery,Alshon,Jeffery,Knee,,Doubtful,Knee,,Did Not Participate In Practice,2012-11-30T12:22:38Z
2012,REG,CHI,13,00-0022128,LB,Lance Briggs,Lance,Briggs,Ankle,,Probable,Ankle,,Full Participation in Practice,2012-11-30T12:21:49Z
2012,REG,CHI,13,00-0026298,TE,Kellen Davis,Kellen,Davis,Ankle,,Probable,Ankle,,Full Participation in Practice,2012-11-30T12:21:49Z
2012,REG,CHI,13,00-0026184,RB,Matt Forte,Matt,Forte,Ankle,,Probable,Ankle,,Full Participation in Practice,2012-11-30T12:21:49Z
2012,REG,CHI,13,00-0027991,DT,Stephen Paea,Stephen,Paea,Shoulder,,Probable,Shoulder,,Full Participation in Practice,2012-11-30T12:21:49Z
2012,REG,CHI,13,00-0022123,CB,Charles Tillman,Charles,Tillman,Ankle,,Probable,Ankle,,Full Participation in Practice,2012-11-30T12:21:49Z
2012,REG,CHI,13,00-0026537,G,Edwin Williams,Edwin,Williams,Shoulder,,Probable,Shoulder,,Full Participation in Practice,2012-11-30T12:21:49Z
2012,REG,CIN,13,00-0029632,WR,Mohamed Sanu,Mohamed,Sanu,Foot,,Out,Foot,,Out (Definitely Will Not Play),2012-11-30T11:02:21Z
2012,REG,CIN,13,00-0027040,TE,Richard Quinn,Richard,Quinn,Hamstring,,Questionable,Hamstring,,Full Participation in Practice,2012-11-30T11:02:31Z
2012,REG,CIN,13,00-0027918,WR,Andrew Hawkins,Andrew,Hawkins,Knee,,Probable,Knee,,Full Participation in Practice,2012-11-30T10:59:44Z
2012,REG,CIN,13,00-0026932,RB,Cedric Peerman,Cedric,Peerman,Neck,,Probable,Neck,,Full Participation in Practice,2012-11-30T10:59:44Z
2012,REG,CIN,13,00-0026217,DT,Pat Sims,Pat,Sims,Thigh,,Probable,Thigh,,Full Participation in Practice,2012-11-30T10:59:44Z
2012,REG,CIN,13,00-0025860,RB,BenJarvus Green-Ellis,BenJarvus,Green-Ellis,Ankle,,Probable,Ankle,,Limited Participation in Practice,2012-11-30T11:01:57Z
2012,REG,CIN,13,00-0022045,CB,Terence Newman,Terence,Newman,Shoulder,,Probable,Shoulder,,Limited Participation in Practice,2012-11-30T10:59:44Z
2012,REG,CLE,13,00-0025453,S,Usama Young,Usama,Young,Head,,Out,Head,,Did Not Participate In Practice,2012-11-30T10:59:32Z
2012,REG,CLE,13,00-0023727,CB,Dimitri Patterson,Dimitri,Patterson,Ankle,,Out,Ankle,,Limited Participation in Practice,2012-11-30T10:58:30Z
2012,REG,CLE,13,00-0023316,S,Raymond Ventrone,Raymond,Ventrone,Calf,,Out,Calf,,Limited Participation in Practice,2012-11-30T10:58:59Z
2012,REG,CLE,13,00-0028186,S,Eric Hagg,Eric,Hagg,Illness,,Questionable,Illness,,Did Not Participate In Practice,2012-11-30T10:59:54Z
2012,REG,CLE,13,00-0023176,WR,Joshua Cribbs,Joshua,Cribbs,Shoulder,Chest,Questionable,Shoulder,Chest,Limited Participation in Practice,2012-11-30T10:58:13Z
2012,REG,CLE,13,00-0029065,CB,Johnson Bademosi,Johnson,Bademosi,Hip,Shin,Probable,Hip,Shin,Full Participation in Practice,2012-11-30T10:57:40Z
2012,REG,CLE,13,00-0028040,TE,Jordan Cameron,Jordan,Cameron,Groin,,Probable,Groin,,Full Participation in Practice,2012-11-30T10:57:40Z
2012,REG,CLE,13,00-0027694,G,Shawn Lauvao,Shawn,Lauvao,Arm,,Probable,Arm,,Full Participation in Practice,2012-11-30T10:57:40Z
2012,REG,CLE,13,00-0029675,RB,Trent Richardson,Trent,Richardson,Chest/Rib/Finger,,Probable,Chest/Rib/Finger,,Full Participation in Practice,2012-11-30T10:57:40Z
2012,REG,CLE,13,00-0024306,DE,Frostee Rucker,Frostee,Rucker,Shoulder,Finger,Probable,Shoulder,Finger,Full Participation in Practice,2012-11-30T10:57:40Z
2012,REG,CLE,13,00-0027653,S,T.J. Ward,T.J.,Ward,Knee,,Probable,Knee,,Full Participation in Practice,2012-11-30T10:57:40Z
2012,REG,CLE,13,00-0029677,QB,Brandon Weeden,Brandon,Weeden,Head,,Probable,Head,,Full Participation in Practice,2012-11-30T10:57:40Z
2012,REG,CLE,13,00-0023506,TE,Alex Smith,Alex,Smith,Chest,Ribs,Probable,Chest,Ribs,Limited Participation in Practice,2012-11-30T10:57:40Z
2012,REG,DAL,13,00-0029491,DT,Ben Bass,Ben,Bass,Ankle,,Out,Ankle,,Did Not Participate In Practice,2012-11-30T11:47:49Z
2012,REG,DAL,13,00-0027417,C,Phil Costa,Phil,Costa,Ankle,,Out,Ankle,,Did Not Participate In Practice,2012-11-30T11:48:15Z
2012,REG,DAL,13,00-0026283,CB,Orlando Scandrick,Orlando,Scandrick,Hand,,Out,Hand,,Did Not Participate In Practice,2012-11-30T11:48:57Z
2012,REG,DAL,13,00-0024372,S,Charlie Peprah,Charlie,Peprah,Foot,,Doubtful,Foot,,Did Not Participate In Practice,2012-11-30T11:48:41Z
2012,REG,DAL,13,00-0023656,DT,Jay Ratliff,Jay,Ratliff,Groin,,Doubtful,Groin,,Did Not Participate In Practice,2012-11-30T11:48:49Z
2012,REG,DAL,13,00-0023921,WR,Miles Austin,Miles,Austin,Hip,,Questionable,Hip,,Limited Participation in Practice,2012-11-30T11:47:43Z
2012,REG,DAL,13,00-0024266,G,Ryan Cook,Ryan,Cook,Knee,,Questionable,Knee,,Limited Participation in Practice,2012-11-30T11:48:05Z
2012,REG,DAL,13,00-0026162,RB,Felix Jones,Felix,Jones,Knee,,Questionable,Knee,,Limited Participation in Practice,2012-11-30T11:48:22Z
2012,REG,DAL,13,00-0028009,RB,DeMarco Murray,DeMarco,Murray,Foot,,Questionable,Foot,,Limited Participation in Practice,2012-11-30T11:48:33Z
2012,REG,DAL,13,00-0027947,T,Tyron Smith,Tyron,Smith,Ankle,,Questionable,Ankle,,Limited Participation in Practice,2012-11-30T11:49:06Z
2012,REG,DAL,13,00-0024307,DT,Jason Hatcher,Jason,Hatcher,Concussion,,Probable,Concussion,,Full Participation in Practice,2012-11-30T11:47:36Z
2012,REG,DAL,13,00-0027826,DT,Sean Lissemore,Sean,Lissemore,Ankle,,Probable,Ankle,,Full Participation in Practice,2012-11-30T11:47:36Z
2012,REG,DAL,13,00-0027422,S,Danny McCray,Danny,McCray,Hip,,Probable,Hip,,Full Participation in Practice,2012-11-30T11:47:36Z
2012,REG,DAL,13,00-0026780,WR,Kevin Ogletree,Kevin,Ogletree,Concussion,,Probable,Concussion,,Full Participation in Practice,2012-11-30T11:47:36Z
2012,REG,DAL,13,00-0024394,RB,Lawrence Vickers,Lawrence,Vickers,Knee,,Probable,Knee,,Full Participation in Practice,2012-11-30T11:47:36Z
2012,REG,DEN,13,00-0026994,DE,Robert Ayers,Robert,Ayers,Not Injury Related,,Questionable,Not Injury Related,,Did Not Participate In Practice,2012-11-30T12:07:17Z
2012,REG,DEN,13,00-0025900,T,Chris Clark,Chris,Clark,Illness,,Questionable,Illness,,Did Not Participate In Practice,2012-11-30T12:07:43Z
2012,REG,DEN,13,00-0015754,WR,Brandon Stokley,Brandon,Stokley,Wrist,Hip,Questionable,Wrist,Hip,Limited Participation in Practice,2012-11-30T12:07:03Z
2012,REG,DEN,13,00-0028142,TE,Virgil Green,Virgil,Green,Hamstring,,Probable,Hamstring,,Full Participation in Practice,2012-11-30T12:06:45Z
2012,REG,DEN,13,00-0029568,DE,Malik Jackson,Malik,Jackson,Finger,,Probable,Finger,,Full Participation in Practice,2012-11-30T12:06:45Z
2012,REG,DEN,13,00-0024375,G,Chris Kuper,Chris,Kuper,Ankle,,Probable,Ankle,,Full Participation in Practice,2012-11-30T12:06:45Z
2012,REG,DEN,13,00-0026180,CB,Tracy Porter,Tracy,Porter,Illness,,Probable,Illness,,Full Participation in Practice,2012-11-30T12:06:45Z
2012,REG,DEN,13,00-0025504,G,Manuel Ramirez,Manuel,Ramirez,Back,,Probable,Back,,Full Participation in Practice,2012-11-30T12:06:45Z
2012,REG,DEN,13,00-0027874,WR,Demaryius Thomas,Demaryius,Thomas,Knee,,Probable,Knee,,Full Participation in Practice,2012-11-30T12:06:45Z
2012,REG,DET,13,00-0027009,S,Louis Delmas,Louis,Delmas,Knee,,Questionable,Knee,,Did Not Participate In Practice,2012-11-30T12:49:34Z
2012,REG,DET,13,00-0022906,DT,Corey Williams,Corey,Williams,Knee,,Questionable,Knee,,Did Not Participate In Practice,2012-11-30T12:50:11Z
2012,REG,DET,13,00-0020382,DE,Kyle Vanden Bosch,Kyle,Vanden Bosch,Neck,,Questionable,Neck,,Full Participation in Practice,2012-11-30T12:49:25Z
2012,REG,DET,13,00-0020444,T,Jeff Backus,Jeff,Backus,Hamstring,,Questionable,Hamstring,,Limited Participation in Practice,2012-11-30T12:49:46Z
2012,REG,DET,13,00-0026674,CB,Jacob Lacey,Jacob,Lacey,Foot,Knee,Questionable,Foot,Knee,Limited Participation in Practice,2012-11-30T12:49:57Z
2012,REG,DET,13,00-0026232,DE,Cliff Avril,Cliff,Avril,Back,,Probable,Back,,Full Participation in Practice,2012-11-30T12:49:15Z
2012,REG,DET,13,00-0029216,CB,Jonte Green,Jonte,Green,Illness,,Probable,Illness,,Full Participation in Practice,2012-11-30T12:49:15Z
2012,REG,DET,13,00-0025428,CB,Chris Houston,Chris,Houston,Ankle,,Probable,Ankle,,Limited Participation in Practice,2012-11-30T12:49:15Z
2012,REG,DET,13,00-0025389,WR,Calvin Johnson,Calvin,Johnson,Thumb,,Probable,Thumb,,Limited Participation in Practice,2012-11-30T12:49:15Z
2012,REG,DET,13,00-0027995,RB,Mikel Leshoure,Mikel,Leshoure,Ankle,,Probable,Ankle,,Limited Participation in Practice,2012-11-30T12:49:15Z
2012,REG,DET,13,00-0026635,LB,Ashlee Palmer,Ashlee,Palmer,Thumb,,Probable,Thumb,,Limited Participation in Practice,2012-11-30T12:49:15Z
2012,REG,DET,13,00-0024343,G,Rob Sims,Rob,Sims,Hamstring,,Probable,Hamstring,,Limited Participation in Practice,2012-11-30T12:49:15Z
2012,REG,GB,13,00-0027002,LB,Clay Matthews,Clay,Matthews,Hamstring,,Out,Hamstring,,Did Not Participate In Practice,2012-11-30T11:39:30Z
2012,REG,GB,13,00-0027753,TE,Andrew Quarless,Andrew,Quarless,Knee,,Out,Knee,,Did Not Participate In Practice,2012-11-30T11:39:40Z
2012,REG,GB,13,00-0028071,RB,Johnny White,Johnny,White,Concussion,,Out,Concussion,,Did Not Participate In Practice,2012-11-30T11:40:03Z
2012,REG,GB,13,00-0027822,DE,C.J. Wilson,C.J.,Wilson,Knee,,Out,Knee,,Did Not Participate In Practice,2012-11-30T11:40:09Z
2012,REG,GB,13,00-0027440,CB,Sam Shields,Sam,Shields,Ankle,,Out,Ankle,,Out (Definitely Will Not Play),2012-11-30T11:39:56Z
2012,REG,GB,13,00-0018227,S,Charles Woodson,Charles,Woodson,Collarbone,,Out,Collarbone,,Out (Definitely Will Not Play),2012-11-30T11:40:14Z
2012,REG,GB,13,00-0029291,LB,Terrell Manning,Terrell,Manning,Shoulder,,Doubtful,Shoulder,,Limited Participation in Practice,2012-11-30T11:39:19Z
2012,REG,GB,13,00-0004541,WR,Donald Driver,Donald,Driver,Thumb,,Questionable,Thumb,,Did Not Participate In Practice,2012-11-30T11:39:09Z
2012,REG,GB,13,00-0029201,S,Sean Richardson,Sean,Richardson,Back,,Questionable,Back,,Limited Participation in Practice,2012-11-30T11:39:49Z
2012,REG,GB,13,00-0024267,WR,Greg Jennings,Greg,Jennings,Groin,Abdomen,Probable,Groin,Abdomen,Full Participation in Practice,2012-11-30T11:39:03Z
2012,REG,GB,13,00-0028598,S,M.D. Jennings,M.D.,Jennings,Rib,,Probable,Rib,,Full Participation in Practice,2012-11-30T11:39:03Z
2012,REG,GB,13,00-0027768,T,Marshall Newhouse,Marshall,Newhouse,Wrist,,Probable,Wrist,,Full Participation in Practice,2012-11-30T11:39:03Z
2012,REG,GB,13,00-0020515,DT,Ryan Pickett,Ryan,Pickett,Quadricep,,Probable,Quadricep,,Full Participation in Practice,2012-11-30T11:39:03Z
2012,REG,HOU,13,00-0027051,G,Antoine Caldwell,Antoine,Caldwell,Hamstring,,Out,Hamstring,,Did Not Participate In Practice,2012-11-30T10:47:16Z
2012,REG,HOU,13,00-0022137,LB,Bradie James,Bradie,James,Hamstring,,Out,Hamstring,,Did Not Participate In Practice,2012-11-30T10:47:25Z
2012,REG,HOU,13,00-0024239,CB,Johnathan Joseph,Johnathan,Joseph,Hamstring,Groin,Out,Hamstring,Groin,Did Not Participate In Practice,2012-11-30T10:47:39Z
2012,REG,HOU,13,00-0028152,T,Derek Newton,Derek,Newton,Knee,,Out,Knee,,Did Not Participate In Practice,2012-11-30T10:47:49Z
2012,REG,HOU,13,00-0027980,LB,Brooks Reed,Brooks,Reed,Groin,,Out,Groin,,Did Not Participate In Practice,2012-11-30T10:48:04Z
2012,REG,HOU,13,00-0025624,CB,Alan Ball,Alan,Ball,Foot,,Questionable,Foot,,Did Not Participate In Practice,2012-11-30T10:47:08Z
2012,REG,HOU,13,00-0027917,RB,Tyler Clutts,Tyler,Clutts,Hip,,Probable,Hip,,Full Participation in Practice,2012-11-30T10:47:00Z
2012,REG,HOU,13,00-0023472,DT,Shaun Cody,Shaun,Cody,Ribs,Back,Probable,Ribs,Back,Full Participation in Practice,2012-11-30T10:47:00Z
2012,REG,HOU,13,00-0029417,DE,Jared Crick,Jared,Crick,Neck,,Probable,Neck,,Full Participation in Practice,2012-11-30T10:47:00Z
2012,REG,HOU,13,00-0024313,TE,Owen Daniels,Owen,Daniels,Back,,Probable,Back,,Full Participation in Practice,2012-11-30T10:47:00Z
2012,REG,HOU,13,00-0026373,RB,Justin Forsett,Justin,Forsett,Knee,,Probable,Knee,,Full Participation in Practice,2012-11-30T10:47:00Z
2012,REG,HOU,13,00-0026796,RB,Arian Foster,Arian,Foster,Finger,,Probable,Finger,,Full Participation in Practice,2012-11-30T10:47:00Z
2012,REG,HOU,13,00-0028542,WR,Lestar Jean,Lestar,Jean,Knee,,Probable,Knee,,Full Participation in Practice,2012-11-30T10:47:00Z
2012,REG,HOU,13,00-0022044,WR,Andre Johnson,Andre,Johnson,Groin,,Probable,Groin,,Full Participation in Practice,2012-11-30T10:47:00Z
2012,REG,HOU,13,00-0026935,CB,Brice McCain,Brice,McCain,Knee,Ribs,Probable,Knee,Ribs,Full Participation in Practice,2012-11-30T10:47:00Z
2012,REG,HOU,13,00-0023633,C,Chris Myers,Chris,Myers,Elbow,,Probable,Elbow,,Full Participation in Practice,2012-11-30T10:47:00Z
2012,REG,HOU,13,00-0026417,LB,Jesse Nading,Jesse,Nading,Foot,,Probable,Foot,,Full Participation in Practice,2012-11-30T10:47:00Z
2012,REG,HOU,13,00-0029673,WR,DeVier Posey,DeVier,Posey,Knee,Hamstring,Probable,Knee,Hamstring,Full Participation in Practice,2012-11-30T10:47:00Z
2012,REG,HOU,13,00-0027081,S,Glover Quin,Glover,Quin,Shoulder,,Probable,Shoulder,,Full Participation in Practice,2012-11-30T10:47:00Z
2012,REG,HOU,13,00-0027703,LB,Darryl Sharpton,Darryl,Sharpton,Knee,Hip and Back,Probable,Knee,Hip and Back,Full Participation in Practice,2012-11-30T10:47:00Z
2012,REG,HOU,13,00-0022793,DE,Antonio Smith,Antonio,Smith,Ankle,,Probable,Ankle,,Full Participation in Practice,2012-11-30T10:47:00Z
2012,REG,HOU,13,00-0027890,RB,Ben Tate,Ben,Tate,Hamstring,,Probable,Hamstring,,Full Participation in Practice,2012-11-30T10:47:00Z
2012,REG,HOU,13,00-0021931,WR,Kevin Walter,Kevin,Walter,Shoulder,,Probable,Shoulder,,Full Participation in Practice,2012-11-30T10:47:00Z
2012,REG,HOU,13,00-0027949,DE,J.J. Watt,J.J.,Watt,Illness,,Probable,Illness,,Full Participation in Practice,2012-11-30T10:47:00Z
2012,REG,HOU,13,00-0028090,QB,T.J. Yates,T.J.,Yates,right Shoulder,,Probable,right Shoulder,,Full Participation in Practice,2012-11-30T10:47:00Z
2012,REG,HOU,13,00-0024365,LB,Tim Dobbins,Tim,Dobbins,Shoulder,,Probable,Shoulder,,Limited Participation in Practice,2012-11-30T10:47:00Z
2012,REG,HOU,13,00-0022131,G,Wade Smith,Wade,Smith,Knee,Ribs,Probable,Knee,Ribs,Limited Participation in Practice,2012-11-30T10:47:00Z
2012,REG,IND,13,00-0021146,LB,Dwight Freeney,Dwight,Freeney,,,,Not Injury Related,,Full Participation in Practice,2012-11-30T09:54:04Z
2012,REG,IND,13,00-0022059,LB,Robert Mathis,Robert,Mathis,,,,Not Injury Related,,Full Participation in Practice,2012-11-30T09:56:04Z
2012,REG,IND,13,00-0026226,S,Tom Zbikowski,Tom,Zbikowski,Knee,,Out,Knee,,Did Not Participate In Practice,2012-11-30T09:56:34Z
2012,REG,IND,13,00-0027624,DT,Martin Tevaseu,Martin,Tevaseu,Head,Shoulder,Questionable,Head,Shoulder,Full Participation in Practice,2012-11-30T09:57:00Z
2012,REG,IND,13,00-0027003,RB,Donald Brown,Donald,Brown,Knee,,Probable,Knee,,Full Participation in Practice,2012-11-30T09:56:18Z
2012,REG,IND,13,00-0027001,CB,Vontae Davis,Vontae,Davis,Knee,,Probable,Knee,,Full Participation in Practice,2012-11-30T09:56:18Z
2012,REG,IND,13,00-0029697,TE,Coby Fleener,Coby,Fleener,Shoulder,,Probable,Shoulder,,Full Participation in Practice,2012-11-30T09:56:18Z
2012,REG,IND,13,00-0026270,T,Tony Hills,Tony,Hills,Chest,,Probable,Chest,,Full Participation in Practice,2012-11-30T09:56:18Z
2012,REG,IND,13,00-0029668,QB,Andrew Luck,Andrew,Luck,Knee,,Probable,Knee,,Full Participation in Practice,2012-11-30T09:56:18Z
2012,REG,IND,13,00-0028650,S,Joe Young,Joe,Young,Toe,,Probable,Toe,,Full Participation in Practice,2012-11-30T09:56:18Z
2012,REG,JAX,13,00-0027047,CB,Derek Cox,Derek,Cox,Hamstring,,Out,Hamstring,,Did Not Participate In Practice,2012-11-30T10:35:35Z
2012,REG,JAX,13,00-0024275,RB,Maurice Jones-Drew,Maurice,Jones-Drew,Foot,,Out,Foot,,Did Not Participate In Practice,2012-11-30T10:35:50Z
2012,REG,JAX,13,00-0027752,DE,Austen Lane,Austen,Lane,Foot,,Out,Foot,,Did Not Participate In Practice,2012-11-30T10:36:19Z
2012,REG,JAX,13,00-0018956,C,Brad Meester,Brad,Meester,Foot,,Probable,Foot,,Full Participation in Practice,2012-11-30T10:35:21Z
2012,REG,JAX,13,00-0027862,DT,Tyson Alualu,Tyson,Alualu,Calf,,Probable,Calf,,Limited Participation in Practice,2012-11-30T10:35:21Z
2012,REG,JAX,13,00-0029707,WR,Justin Blackmon,Justin,Blackmon,Groin,,Probable,Groin,,Limited Participation in Practice,2012-11-30T10:35:21Z
2012,REG,JAX,13,00-0022897,RB,Greg Jones,Greg,Jones,Thigh,,Probable,Thigh,,Limited Participation in Practice,2012-11-30T10:35:21Z
2012,REG,JAX,13,00-0022080,CB,Rashean Mathis,Rashean,Mathis,Groin,,Probable,Groin,,Limited Participation in Practice,2012-11-30T10:35:21Z
2012,REG,JAX,13,00-0028052,WR,Cecil Shorts,Cecil,Shorts,Hamstring,,Probable,Hamstring,,Limited Participation in Practice,2012-11-30T10:35:21Z
2012,REG,KC,13,00-0027736,S,Kendrick Lewis,Kendrick,Lewis,Shoulder,,Doubtful,Shoulder,,Did Not Participate In Practice,2012-11-30T11:18:49Z
2012,REG,KC,13,00-0022350,G,Ryan Lilja,Ryan,Lilja,Knee,,Questionable,Knee,,Full Participation in Practice,2012-11-30T11:18:39Z
2012,REG,KC,13,00-0026155,T,Branden Albert,Branden,Albert,Back,,Questionable,Back,,Limited Participation in Practice,2012-11-30T11:17:09Z
2012,REG,KC,13,00-0024235,LB,Tamba Hali,Tamba,Hali,Knee,,Questionable,Knee,,Limited Participation in Practice,2012-11-30T11:18:29Z
2012,REG,KC,13,00-0027651,WR,Dexter McCluster,Dexter,McCluster,Head,,Probable,Head,,Full Participation in Practice,2012-11-30T11:18:56Z
2012,REG,MIA,13,00-0029619,RB,Jorvorskie Lane,Jorvorskie,Lane,Knee,,Questionable,Knee,,Limited Participation in Practice,2012-11-30T12:34:03Z
2012,REG,MIA,13,00-0026000,WR,Davone Bess,Davone,Bess,Wrist,,Probable,Wrist,,Full Participation in Practice,2012-11-30T12:33:55Z
2012,REG,MIA,13,00-0027744,CB,Nolan Carroll,Nolan,Carroll,Neck,,Probable,Neck,Ankle,Full Participation in Practice,2012-11-30T12:33:55Z
2012,REG,MIA,13,00-0022927,LB,Karlos Dansby,Karlos,Dansby,Biceps,,Probable,Biceps,,Full Participation in Practice,2012-11-30T12:33:55Z
2012,REG,MIA,13,00-0028453,QB,Pat Devlin,Pat,Devlin,Hip,,Probable,Hip,,Full Participation in Practice,2012-11-30T12:33:55Z
2012,REG,MIA,13,00-0024268,TE,Anthony Fasano,Anthony,Fasano,Hip,,Probable,Hip,,Full Participation in Practice,2012-11-30T12:33:55Z
2012,REG,MIA,13,00-0027762,S,Reshad Jones,Reshad,Jones,Thumb,,Probable,Thumb,,Full Participation in Practice,2012-11-30T12:33:55Z
2012,REG,MIA,13,00-0027843,LB,Austin Spitler,Austin,Spitler,Ankle,,Probable,Ankle,,Full Participation in Practice,2012-11-30T12:33:55Z
2012,REG,MIA,13,00-0028000,RB,Daniel Thomas,Daniel,Thomas,Knee,Ankle,Probable,Knee,Ankle,Full Participation in Practice,2012-11-30T12:33:55Z
2012,REG,MIN,13,00-0026998,WR,Percy Harvin,Percy,Harvin,Ankle,,Doubtful,Ankle,,Did Not Participate In Practice,2012-11-30T10:48:25Z
2012,REG,MIN,13,00-0022740,DE,Jared Allen,Jared,Allen,Shoulder,Back,Probable,Shoulder,Back,Full Participation in Practice,2012-11-30T10:47:47Z
2012,REG,MIN,13,00-0027108,LB,Jasper Brinkley,Jasper,Brinkley,Shoulder,,Probable,Shoulder,,Full Participation in Practice,2012-11-30T10:47:47Z
2012,REG,MIN,13,00-0026292,DT,Letroy Guion,Letroy,Guion,Foot,,Probable,Foot,,Full Participation in Practice,2012-11-30T10:47:47Z
2012,REG,MIN,13,00-0023060,P,Chris Kluwe,Chris,Kluwe,left Knee,,Probable,left Knee,,Full Participation in Practice,2012-11-30T10:47:47Z
2012,REG,MIN,13,00-0025394,RB,Adrian Peterson,Adrian,Peterson,Shoulder,,Probable,Shoulder,,Full Participation in Practice,2012-11-30T10:47:47Z
2012,REG,MIN,13,00-0027981,TE,Kyle Rudolph,Kyle,Rudolph,Concussion,Shoulder,Probable,Concussion,Shoulder,Full Participation in Practice,2012-11-30T10:47:47Z
2012,REG,MIN,13,00-0029606,S,Harrison Smith,Harrison,Smith,Concussion,,Probable,Concussion,,Full Participation in Practice,2012-11-30T10:47:47Z
2012,REG,MIN,13,00-0027030,T,Phil Loadholt,Phil,Loadholt,Knee,,Probable,Knee,,Limited Participation in Practice,2012-11-30T10:47:47Z
2012,REG,MIN,13,00-0018093,CB,Antoine Winfield,Antoine,Winfield,Knee,,Probable,Knee,,Limited Participation in Practice,2012-11-30T10:47:47Z
2012,REG,NE,13,00-0027656,TE,Rob Gronkowski,Rob,Gronkowski,Forearm,Hip,Out,Forearm,Hip,Did Not Participate In Practice,2012-11-30T12:35:20Z
2012,REG,NE,13,00-0029585,DE,Chandler Jones,Chandler,Jones,Ankle,,Out,Ankle,,Did Not Participate In Practice,2012-11-30T12:36:04Z
2012,REG,NE,13,00-0023467,G,Logan Mankins,Logan,Mankins,Ankle,Calf,Out,Ankle,Calf,Did Not Participate In Practice,2012-11-30T12:36:38Z
2012,REG,NE,13,00-0027016,DT,Ron Brace,Ron,Brace,Elbow,,Questionable,Elbow,,Limited Participation in Practice,2012-11-30T12:34:33Z
2012,REG,NE,13,00-0027010,S,Patrick Chung,Patrick,Chung,Shoulder,Hamstring,Questionable,Shoulder,Hamstring,Limited Participation in Practice,2012-11-30T12:34:41Z
2012,REG,NE,13,00-0022979,C,Dan Connolly,Dan,Connolly,Back,,Questionable,Back,,Limited Participation in Practice,2012-11-30T12:34:54Z
2012,REG,NE,13,00-0027150,WR,Julian Edelman,Julian,Edelman,Concussion,,Questionable,Concussion,,Limited Participation in Practice,2012-11-30T12:35:01Z
2012,REG,NE,13,00-0027713,TE,Aaron Hernandez,Aaron,Hernandez,Ankle,,Questionable,Ankle,,Limited Participation in Practice,2012-11-30T12:35:40Z
2012,REG,NE,13,00-0029669,LB,Dont'a Hightower,Dont'a,Hightower,Hamstring,,Questionable,Hamstring,,Limited Participation in Practice,2012-11-30T12:35:53Z
2012,REG,NE,13,00-0022097,WR,Brandon Lloyd,Brandon,Lloyd,Knee,,Questionable,Knee,,Limited Participation in Practice,2012-11-30T12:36:13Z
2012,REG,NE,13,00-0027236,DT,Kyle Love,Kyle,Love,Knee,,Questionable,Knee,,Limited Participation in Practice,2012-11-30T12:36:26Z
2012,REG,NE,13,00-0027435,C,Nick McDonald,Nick,McDonald,Shoulder,,Questionable,Shoulder,,Limited Participation in Practice,2012-11-30T12:36:56Z
2012,REG,NE,13,00-0026293,WR,Matt Slater,Matt,Slater,Concussion,,Questionable,Concussion,,Limited Participation in Practice,2012-11-30T12:37:04Z
2012,REG,NE,13,00-0027668,LB,Brandon Spikes,Brandon,Spikes,Knee,,Questionable,Knee,,Limited Participation in Practice,2012-11-30T12:37:15Z
2012,REG,NE,13,00-0027034,T,Sebastian Vollmer,Sebastian,Vollmer,Back,Knee,Questionable,Back,Knee,Limited Participation in Practice,2012-11-30T12:37:24Z
2012,REG,NE,13,00-0022427,WR,Wes Welker,Wes,Welker,Ankle,,Questionable,Ankle,,Limited Participation in Practice,2012-11-30T12:37:33Z
2012,REG,NE,13,00-0021645,LB,Tracy White,Tracy,White,Foot,,Questionable,Foot,,Limited Participation in Practice,2012-11-30T12:37:41Z
2012,REG,NE,13,00-0029244,T,Markus Zusevics,Markus,Zusevics,Illness,,Questionable,Illness,,Limited Participation in Practice,2012-11-30T12:37:53Z
2012,REG,NE,13,00-0026150,LB,Jerod Mayo,Jerod,Mayo,Elbow,,Probable,Elbow,,Full Participation in Practice,2012-11-30T12:34:20Z
2012,REG,NO,13,00-0028862,T,Bryce Harris,Bryce,Harris,,,,Ankle,,Did Not Participate In Practice,2012-11-28T11:58:53Z
2012,REG,NO,13,00-0028564,S,Isa Abdul-Quddus,Isa,Abdul-Quddus,Concussion,,Out,Concussion,,Did Not Participate In Practice,2012-11-28T11:59:27Z
2012,REG,NO,13,00-0027669,T,Charles Brown,Charles,Brown,Knee,,Out,Knee,,Did Not Participate In Practice,2012-11-28T11:59:32Z
2012,REG,NO,13,00-0027551,DE,Junior Galette,Junior,Galette,Ankle,,Out,Ankle,,Did Not Participate In Practice,2012-11-28T11:59:37Z
2012,REG,NO,13,00-0024030,DT,Tom Johnson,Tom,Johnson,Back,,Out,Back,,Did Not Participate In Practice,2012-11-28T11:59:47Z
2012,REG,NO,13,00-0023503,WR,Courtney Roby,Courtney,Roby,Shoulder,Ankle,Out,Shoulder,Ankle,Did Not Participate In Practice,2012-11-28T11:59:54Z
2012,REG,NO,13,00-0024424,T,Zach Strief,Zach,Strief,Groin,,Questionable,Groin,,Limited Participation in Practice,2012-11-28T12:00:00Z
2012,REG,NO,13,00-0024301,TE,David Thomas,David,Thomas,Knee,,Questionable,Knee,,Limited Participation in Practice,2012-11-28T12:00:06Z
2012,REG,NO,13,00-0029658,CB,Corey White,Corey,White,Knee,,Questionable,Knee,,Limited Participation in Practice,2012-11-28T12:00:16Z
2012,REG,NO,13,00-0025902,CB,Elbert Mack,Elbert,Mack,Concussion,,Probable,Concussion,,Full Participation in Practice,2012-11-28T11:59:20Z
2012,REG,NYG,13,00-0027070,TE,Travis Beckum,Travis,Beckum,Knee,,Out,Knee,,Did Not Participate In Practice,2012-12-01T10:25:56Z
2012,REG,NYG,13,00-0026171,S,Kenny Phillips,Kenny,Phillips,Knee,,Doubtful,Knee,,Limited Participation in Practice,2012-12-01T10:27:22Z
2012,REG,NYG,13,00-0028140,LB,Jacquian Williams,Jacquian,Williams,Knee,,Doubtful,Knee,,Limited Participation in Practice,2012-12-01T10:27:49Z
2012,REG,NYG,13,00-0027867,DE,Jason Pierre-Paul,Jason,Pierre-Paul,Back,,Questionable,Back,,Did Not Participate In Practice,2012-12-01T10:27:37Z
2012,REG,NYG,13,00-0021922,T,David Diehl,David,Diehl,Shoulder,,Questionable,Shoulder,,Limited Participation in Practice,2012-12-01T10:26:53Z
2012,REG,NYG,13,00-0024345,WR,Domenik Hixon,Domenik,Hixon,Ankle,,Questionable,Ankle,,Limited Participation in Practice,2012-12-01T10:27:05Z
2012,REG,NYG,13,00-0023443,S,Antrel Rolle,Antrel,Rolle,Illness,,Probable,Illness,,Did Not Participate In Practice,2012-12-01T10:26:19Z
2012,REG,NYG,13,00-0023509,DE,Justin Tuck,Justin,Tuck,Foot,,Probable,Foot,,Did Not Participate In Practice,2012-12-01T10:26:35Z
2012,REG,NYG,13,00-0023468,C,David Baas,David,Baas,Shoulder,,Probable,Shoulder,,Full Participation in Practice,2012-12-01T10:25:27Z
2012,REG,NYG,13,00-0029267,CB,Jayron Hosley,Jayron,Hosley,Shoulder,,Probable,Shoulder,,Full Participation in Practice,2012-12-01T10:25:27Z
2012,REG,NYG,13,00-0025637,RB,Ahmad Bradshaw,Ahmad,Bradshaw,Foot,,Probable,Foot,,Limited Participation in Practice,2012-12-01T10:25:27Z
2012,REG,NYJ,13,00-0028049,WR,Edmond Gates,Edmond,Gates,Concussion,,Doubtful,Concussion,,Did Not Participate In Practice,2012-11-30T11:40:52Z
2012,REG,NYJ,13,00-0027338,CB,Aaron Berry,Aaron,Berry,Quadricep,,Questionable,Quadricep,,Limited Participation in Practice,2012-11-30T11:42:03Z
2012,REG,NYJ,13,00-0023523,DT,Sione Pouha,Sione,Pouha,Back,,Questionable,Back,,Limited Participation in Practice,2012-11-30T11:41:57Z
2012,REG,NYJ,13,00-0027734,LB,Ricky Sapp,Ricky,Sapp,Ankle,,Questionable,Ankle,,Limited Participation in Practice,2012-11-30T11:42:19Z
2012,REG,NYJ,13,00-0027876,QB,Tim Tebow,Tim,Tebow,Ribs,,Questionable,Ribs,,Limited Participation in Practice,2012-11-30T11:42:12Z
2012,REG,NYJ,13,00-0027321,TE,Jeff Cumberland,Jeff,Cumberland,Wrist,,Probable,Wrist,,Full Participation in Practice,2012-11-30T11:40:36Z
2012,REG,NYJ,13,00-0028032,DT,Kenrick Ellis,Kenrick,Ellis,Knee,,Probable,Knee,,Full Participation in Practice,2012-11-30T11:40:36Z
2012,REG,NYJ,13,00-0026170,TE,Dustin Keller,Dustin,Keller,Illness,,Probable,Illness,,Full Participation in Practice,2012-11-30T11:40:36Z
2012,REG,NYJ,13,00-0028091,WR,Jeremy Kerley,Jeremy,Kerley,Heel,Hamstring Illness,Probable,Heel,Hamstring Illness,Full Participation in Practice,2012-11-30T11:40:36Z
2012,REG,NYJ,13,00-0025393,S,LaRon Landry,LaRon,Landry,Heel,,Probable,Heel,,Full Participation in Practice,2012-11-30T11:40:36Z
2012,REG,NYJ,13,00-0024244,C,Nick Mangold,Nick,Mangold,Thumb,,Probable,Thumb,,Full Participation in Practice,2012-11-30T11:40:36Z
2012,REG,NYJ,13,00-0027712,RB,Joe McKnight,Joe,McKnight,Ankle,,Probable,Ankle,,Full Participation in Practice,2012-11-30T11:40:36Z
2012,REG,NYJ,13,00-0022120,LB,Calvin Pace,Calvin,Pace,Shoulder,,Probable,Shoulder,,Full Participation in Practice,2012-11-30T11:40:36Z
2012,REG,NYJ,13,00-0028064,RB,Bilal Powell,Bilal,Powell,Shoulder,,Probable,Shoulder,,Full Participation in Practice,2012-11-30T11:40:36Z
2012,REG,NYJ,13,00-0026898,QB,Mark Sanchez,Mark,Sanchez,Back,,Probable,Back,,Full Participation in Practice,2012-11-30T11:40:36Z
2012,REG,NYJ,13,00-0026366,WR,Chaz Schilens,Chaz,Schilens,Concussion,Hip,Probable,Concussion,Hip,Full Participation in Practice,2012-11-30T11:40:36Z
2012,REG,NYJ,13,00-0020873,LB,Bart Scott,Bart,Scott,Toe,,Probable,Toe,,Full Participation in Practice,2012-11-30T11:40:36Z
2012,REG,NYJ,13,00-0026500,G,Matt Slauson,Matt,Slauson,Knee,,Probable,Knee,,Full Participation in Practice,2012-11-30T11:40:36Z
2012,REG,NYJ,13,00-0027879,CB,Kyle Wilson,Kyle,Wilson,Illness,,Probable,Illness,,Full Participation in Practice,2012-11-30T11:40:36Z
2012,REG,NYJ,13,00-0020969,G,Brandon Moore,Brandon,Moore,Hip,,Probable,Hip,,Limited Participation in Practice,2012-11-30T11:40:36Z
2012,REG,OAK,13,00-0029631,LB,Miles Burris,Miles,Burris,,,,Illness,,Did Not Participate In Practice,2012-11-28T13:38:11Z
2012,REG,OAK,13,00-0029627,DE,Jack Crawford,Jack,Crawford,Toe,,Out,Toe,,Did Not Participate In Practice,2012-11-30T13:20:04Z
2012,REG,OAK,13,00-0027904,LB,Rolando McClain,Rolando,McClain,Not Injury Related,,Out,Not Injury Related,,Did Not Participate In Practice,2012-11-30T13:19:48Z
2012,REG,OAK,13,00-0020442,DT,Richard Seymour,Richard,Seymour,Knee,Hamstring,Out,Knee,Hamstring,Did Not Participate In Practice,2012-11-30T13:19:37Z
2012,REG,OAK,13,00-0027080,RB,Mike Goodson,Mike,Goodson,Ankle,,Questionable,Ankle,,Limited Participation in Practice,2012-11-30T13:20:27Z
2012,REG,OAK,13,00-0026144,RB,Darren McFadden,Darren,McFadden,Ankle,,Questionable,Ankle,,Limited Participation in Practice,2012-11-30T13:20:36Z
2012,REG,OAK,13,00-0026240,S,Tyvon Branch,Tyvon,Branch,Neck,,Probable,Neck,,Full Participation in Practice,2012-11-30T13:18:52Z
2012,REG,OAK,13,00-0021429,QB,Carson Palmer,Carson,Palmer,right Thumb,,Probable,right Thumb,,Full Participation in Practice,2012-11-30T13:18:52Z
2012,REG,OAK,13,00-0026393,RB,Marcel Reece,Marcel,Reece,Hamstring,Quadricep,Probable,Hamstring,Quadricep,Full Participation in Practice,2012-11-30T13:18:52Z
2012,REG,OAK,13,00-0028063,RB,Taiwan Jones,Taiwan,Jones,Ankle,,Probable,Ankle,,Limited Participation in Practice,2012-11-30T13:18:52Z
2012,REG,PHI,13,00-0027029,RB,LeSean McCoy,LeSean,McCoy,Concussion,,Out,Concussion,,Did Not Participate In Practice,2012-11-30T10:29:10Z
2012,REG,PHI,13,00-0029438,RB,Chris Polk,Chris,Polk,Toe,,Out,Toe,,Did Not Participate In Practice,2012-11-30T10:29:20Z
2012,REG,PHI,13,00-0020245,QB,Michael Vick,Michael,Vick,Concussion,,Out,Concussion,,Did Not Participate In Practice,2012-11-30T10:29:04Z
2012,REG,PHI,13,00-0029653,DT,Fletcher Cox,Fletcher,Cox,Tailbone,Not Injury Related,Questionable,Tailbone,Not Injury Related,Did Not Participate In Practice,2012-11-30T10:29:27Z
2012,REG,PHI,13,00-0026574,C,Dallas Reynolds,Dallas,Reynolds,Ankle,,Questionable,Ankle,,Full Participation in Practice,2012-11-30T10:29:40Z
2012,REG,PHI,13,00-0024324,WR,Jason Avant,Jason,Avant,Hamstring,,Probable,Hamstring,,Full Participation in Practice,2012-11-30T10:28:08Z
2012,REG,PHI,13,00-0027758,WR,Riley Cooper,Riley,Cooper,Knee,,Probable,Knee,,Full Participation in Practice,2012-11-30T10:28:08Z
2012,REG,PHI,13,00-0021451,LS,Jon Dorenbos,Jon,Dorenbos,Ankle,,Probable,Ankle,,Full Participation in Practice,2012-11-30T10:28:28Z
2012,REG,PHI,13,00-0026370,T,King Dunlap,King,Dunlap,Knee,,Probable,Knee,,Full Participation in Practice,2012-11-30T10:28:08Z
2012,REG,PHI,13,00-0028178,RB,Stanley Havili,Stanley,Havili,Ankle,,Probable,Ankle,,Full Participation in Practice,2012-11-30T10:28:08Z
2012,REG,PHI,13,00-0027961,G,Danny Watkins,Danny,Watkins,Ankle,,Probable,Ankle,,Full Participation in Practice,2012-11-30T10:28:52Z
2012,REG,PIT,13,00-0029202,T,Mike Adams,Mike,Adams,Ankle,,Out,Ankle,,Did Not Participate In Practice,2012-11-30T10:39:28Z
2012,REG,PIT,13,00-0022177,QB,Byron Leftwich,Byron,Leftwich,Ribs,,Out,Ribs,,Did Not Participate In Practice,2012-11-30T10:40:16Z
2012,REG,PIT,13,00-0025433,LB,LaMarr Woodley,LaMarr,Woodley,Ankle,,Out,Ankle,,Did Not Participate In Practice,2012-11-30T10:40:52Z
2012,REG,PIT,13,00-0022924,QB,Ben Roethlisberger,Ben,Roethlisberger,Right Shoulder,,Out,Right Shoulder,,Limited Participation in Practice,2012-11-30T10:40:37Z
2012,REG,PIT,13,00-0024193,T,Willie Colon,Willie,Colon,Knee,,Questionable,Knee,,Limited Participation in Practice,2012-11-30T10:39:39Z
2012,REG,PIT,13,00-0022811,WR,Jerricho Cotchery,Jerricho,Cotchery,Ribs,,Questionable,Ribs,,Limited Participation in Practice,2012-11-30T10:40:01Z
2012,REG,PIT,13,00-0027793,WR,Antonio Brown,Antonio,Brown,Ankle,,Probable,Ankle,,Full Participation in Practice,2012-11-30T10:39:04Z
2012,REG,PIT,13,00-0020426,DT,Casey Hampton,Casey,Hampton,Illness,,Probable,Illness,,Full Participation in Practice,2012-11-30T10:39:04Z
2012,REG,PIT,13,00-0022119,S,Troy Polamalu,Troy,Polamalu,Calf,,Probable,Calf,,Full Participation in Practice,2012-11-30T10:39:04Z
2012,REG,PIT,13,00-0022785,T,Max Starks,Max,Starks,Back,,Probable,Back,,Full Participation in Practice,2012-11-30T10:39:04Z
2012,REG,SD,13,00-0027912,WR,Danario Alexander,Danario,Alexander,,,,Thigh,,Full Participation in Practice,2012-11-28T17:21:04Z
2012,REG,SD,13,00-0027956,DE,Corey Liuget,Corey,Liuget,,,,Tibia,,Full Participation in Practice,2012-11-28T17:24:56Z
2012,REG,SD,13,00-0027682,LB,Donald Butler,Donald,Butler,Groin,,Out,Groin,,Did Not Participate In Practice,2012-11-30T13:13:26Z
2012,REG,SD,13,00-0026182,WR,Eddie Royal,Eddie,Royal,Hamstring,,Out,Hamstring,,Did Not Participate In Practice,2012-11-30T13:13:51Z
2012,REG,SD,13,00-0027710,S,Darrell Stuckey,Darrell,Stuckey,Hamstring,,Out,Hamstring,,Did Not Participate In Practice,2012-11-30T13:14:01Z
2012,REG,SD,13,00-0025542,TE,Dante Rosario,Dante,Rosario,Hamstring,,Doubtful,Hamstring,,Did Not Participate In Practice,2012-11-30T13:13:45Z
2012,REG,SD,13,00-0022139,LB,Jarret Johnson,Jarret,Johnson,Back,,Questionable,Back,,Did Not Participate In Practice,2012-11-30T13:13:34Z
2012,REG,SD,13,00-0025521,LB,Antwan Barnes,Antwan,Barnes,Hamstring,,Probable,Hamstring,,Full Participation in Practice,2012-11-30T13:13:13Z
2012,REG,SD,13,00-0024401,T,Jeromey Clary,Jeromey,Clary,Thigh,,Probable,Thigh,,Full Participation in Practice,2012-11-30T13:13:13Z
2012,REG,SD,13,00-0026992,LB,Larry English,Larry,English,Calf,,Probable,Calf,,Full Participation in Practice,2012-11-30T13:13:13Z
2012,REG,SD,13,00-0027097,G,Tyronne Green,Tyronne,Green,Hamstring,,Probable,Hamstring,,Full Participation in Practice,2012-11-30T13:13:13Z
2012,REG,SD,13,00-0022017,P,Mike Scifres,Mike,Scifres,right Ankle,,Probable,right Ankle,,Full Participation in Practice,2012-11-30T13:13:13Z
2012,REG,SD,13,00-0025424,S,Eric Weddle,Eric,Weddle,Concussion,,Probable,Concussion,,Full Participation in Practice,2012-11-30T13:13:13Z
2012,REG,SEA,13,00-0022046,CB,Marcus Trufant,Marcus,Trufant,Hamstring,,Doubtful,Hamstring,,Did Not Participate In Practice,2012-11-30T13:12:50Z
2012,REG,SEA,13,00-0026261,DE,Red Bryant,Red,Bryant,Foot,,Questionable,Foot,,Did Not Participate In Practice,2012-11-30T13:13:09Z
2012,REG,SEA,13,00-0023533,LB,LeRoy Hill,LeRoy,Hill,Ankle,,Questionable,Ankle,,Did Not Participate In Practice,2012-11-30T13:13:16Z
2012,REG,SEA,13,00-0025431,WR,Sidney Rice,Sidney,Rice,Calf,,Questionable,Calf,,Limited Participation in Practice,2012-11-30T13:13:01Z
2012,REG,SEA,13,00-0025399,RB,Marshawn Lynch,Marshawn,Lynch,Back,,Probable,Back,,Full Participation in Practice,2012-11-30T13:12:33Z
2012,REG,SEA,13,00-0029308,DE,Greg Scruggs,Greg,Scruggs,Oblique,,Probable,Oblique,,Full Participation in Practice,2012-11-30T13:12:33Z
2012,REG,SF,13,00-0028479,TE,Demarcus Dobbs,Demarcus,Dobbs,Not Injury Related,,Out,Not Injury Related,,Did Not Participate In Practice,2012-11-30T12:50:14Z
2012,REG,SF,13,00-0027024,S,Darcel McBath,Darcel,McBath,Concussion,,Questionable,Concussion,,Limited Participation in Practice,2012-11-30T12:49:53Z
2012,REG,SF,13,00-0025534,CB,Tarell Brown,Tarell,Brown,Knee,,Probable,Knee,,Full Participation in Practice,2012-11-30T12:49:44Z
2012,REG,SF,13,00-0027863,T,Anthony Davis,Anthony,Davis,Finger,,Probable,Finger,,Full Participation in Practice,2012-11-30T12:49:44Z
2012,REG,SF,13,00-0025513,S,Dashon Goldson,Dashon,Goldson,Ribs,Calf,Probable,Ribs,Calf,Full Participation in Practice,2012-11-30T12:49:44Z
2012,REG,SF,13,00-0026211,LB,Tavares Gooden,Tavares,Gooden,Elbow,,Probable,Elbow,,Full Participation in Practice,2012-11-30T12:49:44Z
2012,REG,SF,13,00-0023500,RB,Frank Gore,Frank,Gore,Wrist,Ribs,Probable,Wrist,Ribs,Full Participation in Practice,2012-11-30T12:49:44Z
2012,REG,SF,13,00-0026235,WR,Mario Manningham,Mario,Manningham,Shoulder,,Probable,Shoulder,,Full Participation in Practice,2012-11-30T12:49:44Z
2012,REG,SF,13,00-0024389,TE,Delanie Walker,Delanie,Walker,Hip,Ribs,Probable,Hip,Ribs,Full Participation in Practice,2012-11-30T12:49:44Z
2012,REG,SF,13,00-0024223,S,Donte Whitner,Donte,Whitner,Knee,,Probable,Knee,,Full Participation in Practice,2012-11-30T12:49:44Z
2012,REG,SF,13,00-0025398,LB,Patrick Willis,Patrick,Willis,Shoulder,,Probable,Shoulder,,Full Participation in Practice,2012-11-30T12:49:44Z
2012,REG,SF,13,00-0000108,K,David Akers,David,Akers,Pelvis,,Probable,Pelvis,,Limited Participation in Practice,2012-11-30T12:49:44Z
2012,REG,SF,13,00-0027945,LB,Aldon Smith,Aldon,Smith,Shoulder,,Probable,Shoulder,,Limited Participation in Practice,2012-11-30T12:49:44Z
2012,REG,STL,13,00-0022034,LB,Mario Haggan,Mario,Haggan,Elbow,,Out,Elbow,,Did Not Participate In Practice,2012-11-30T12:38:43Z
2012,REG,STL,13,00-0026035,WR,Danny Amendola,Danny,Amendola,Foot,,Doubtful,Foot,,Did Not Participate In Practice,2012-11-30T12:38:38Z
2012,REG,STL,13,00-0027952,DE,Robert Quinn,Robert,Quinn,Concussion,,Questionable,Concussion,,Limited Participation in Practice,2012-11-30T12:38:55Z
2012,REG,STL,13,00-0026310,T,Barry Richardson,Barry,Richardson,Knee,,Questionable,Knee,,Limited Participation in Practice,2012-11-30T12:40:04Z
2012,REG,STL,13,00-0022832,C,Scott Wells,Scott,Wells,Knee,,Questionable,Knee,,Limited Participation in Practice,2012-11-30T12:39:03Z
2012,REG,STL,13,00-0022736,RB,Steven Jackson,Steven,Jackson,Foot,,Probable,Foot,,Full Participation in Practice,2012-11-30T12:38:32Z
2012,REG,TB,13,00-0026618,DE,Michael Bennett,Michael,Bennett,Ankle,,Probable,Ankle,,Full Participation in Practice,2012-11-30T11:14:58Z
2012,REG,TB,13,00-0027607,G,Ted Larsen,Ted,Larsen,Illness,,Probable,Illness,,Full Participation in Practice,2012-11-30T11:14:58Z
2012,REG,TB,13,00-0027055,DT,Roy Miller,Roy,Miller,Illness,,Probable,Illness,,Full Participation in Practice,2012-11-30T11:14:58Z
2012,REG,TB,13,00-0027812,LB,Dekoda Watson,Dekoda,Watson,Hamstring,,Probable,Hamstring,,Full Participation in Practice,2012-11-30T11:14:58Z
2012,REG,TEN,13,00-0020466,G,Steve Hutchinson,Steve,Hutchinson,,,,Not Injury Related,,Did Not Participate In Practice,2012-11-29T13:29:20Z
2012,REG,TEN,13,00-0028047,LB,Colin McCarthy,Colin,McCarthy,Concussion,,Out,Concussion,,Did Not Participate In Practice,2012-11-30T11:32:10Z
2012,REG,TEN,13,00-0028068,RB,Jamie Harper,Jamie,Harper,Ankle,,Questionable,Ankle,,Did Not Participate In Practice,2012-11-30T11:31:55Z
2012,REG,TEN,13,00-0027868,DE,Derrick Morgan,Derrick,Morgan,Knee,,Questionable,Knee,,Did Not Participate In Practice,2012-11-30T11:32:19Z
2012,REG,TEN,13,00-0026936,S,Al Afalava,Al,Afalava,Ankle,,Questionable,Ankle,,Full Participation in Practice,2012-11-30T11:31:41Z
2012,REG,TEN,13,00-0025833,LB,Patrick Bailey,Patrick,Bailey,Ribs,,Questionable,Ribs,,Full Participation in Practice,2012-11-30T11:31:48Z
2012,REG,TEN,13,00-0026266,WR,Lavelle Hawkins,Lavelle,Hawkins,Ankle,,Questionable,Ankle,,Full Participation in Practice,2012-11-30T11:32:00Z
2012,REG,TEN,13,00-0027893,WR,Damian Williams,Damian,Williams,Hamstring,,Questionable,Hamstring,,Limited Participation in Practice,2012-11-30T11:32:30Z
2012,REG,TEN,13,00-0026258,LB,Xavier Adibi,Xavier,Adibi,Knee,,Probable,Knee,,Full Participation in Practice,2012-11-30T11:31:30Z
2012,REG,TEN,13,00-0027006,WR,Kenny Britt,Kenny,Britt,Knee,,Probable,Knee,,Full Participation in Practice,2012-11-30T11:31:30Z
2012,REG,TEN,13,00-0027946,QB,Jake Locker,Jake,Locker,left Shoulder,,Probable,left Shoulder,,Full Participation in Practice,2012-11-30T11:31:30Z
2012,REG,TEN,13,00-0026225,TE,Craig Stevens,Craig,Stevens,Hamstring,,Probable,Hamstring,,Full Participation in Practice,2012-11-30T11:31:30Z
2012,REG,WAS,13,00-0005322,LB,London Fletcher,London,Fletcher,Ankle,,Questionable,Ankle,,Limited Participation in Practice,2012-12-01T15:42:58Z
2012,REG,WAS,13,00-0027857,T,Trent Williams,Trent,Williams,Thigh,,Questionable,Thigh,,Limited Participation in Practice,2012-12-01T15:43:03Z
2012,REG,WAS,13,00-0026345,WR,Pierre Garcon,Pierre,Garcon,Foot,,Probable,Foot,,Full Participation in Practice,2012-12-01T15:42:51Z
2012,REG,WAS,13,00-0024517,LB,Chris Wilson,Chris,Wilson,Hamstring,,Probable,Hamstring,,Full Participation in Practice,2012-12-01T15:42:51Z
2012,REG,WAS,13,00-0025442,CB,Josh Wilson,Josh,Wilson,Shoulder,,Probable,Shoulder,,Full Participation in Practice,2012-12-01T15:42:51Z
2012,REG,ARI,14,00-0026791,DE,Ronald Talley,Ronald,Talley,Ankle,,Doubtful,Ankle,,Did Not Participate In Practice,2012-12-07T11:28:37Z
2012,REG,ARI,14,00-0026190,DE,Calais Campbell,Calais,Campbell,Calf,,Questionable,Calf,,Limited Participation in Practice,2012-12-07T11:29:00Z
2012,REG,ARI,14,00-0025423,QB,Kevin Kolb,Kevin,Kolb,Ribs,,Questionable,Ribs,,Limited Participation in Practice,2012-12-07T11:29:05Z
2012,REG,ARI,14,00-0027691,WR,Andre Roberts,Andre,Roberts,Ankle,,Questionable,Ankle,,Limited Participation in Practice,2012-12-07T11:28:45Z
2012,REG,ARI,14,00-0027007,RB,Chris Wells,Chris,Wells,Knee,,Questionable,Knee,,Limited Participation in Practice,2012-12-07T11:28:52Z
2012,REG,ARI,14,00-0029530,CB,Justin Bethel,Justin,Bethel,Shoulder,,Probable,Shoulder,,Full Participation in Practice,2012-12-07T11:28:29Z
2012,REG,ARI,14,00-0026221,WR,Early Doucet,Early,Doucet,Ribs,,Probable,Ribs,,Full Participation in Practice,2012-12-07T11:28:29Z
2012,REG,ARI,14,00-0019435,LS,Mike Leach,Mike,Leach,Back,,Probable,Back,,Full Participation in Practice,2012-12-07T11:28:29Z
2012,REG,ARI,14,00-0019104,LB,Paris Lenon,Paris,Lenon,Shoulder,,Probable,Shoulder,,Full Participation in Practice,2012-12-07T11:28:29Z
2012,REG,ARI,14,00-0023557,S,Kerry Rhodes,Kerry,Rhodes,Quadricep,,Probable,Quadricep,,Full Participation in Practice,2012-12-07T11:28:29Z
2012,REG,ARI,14,00-0026910,CB,Gregory Toler,Gregory,Toler,Hamstring,,Probable,Hamstring,,Full Participation in Practice,2012-12-07T11:28:29Z
2012,REG,ARI,14,00-0026727,LB,Reggie Walker,Reggie,Walker,Knee,,Probable,Knee,,Full Participation in Practice,2012-12-07T11:28:29Z
2012,REG,ATL,14,00-0027031,S,William Moore,William,Moore,Hamstring,,Questionable,Hamstring,,Did Not Participate In Practice,2012-12-07T10:16:13Z
2012,REG,ATL,14,00-0021956,CB,Asante Samuel,Asante,Samuel,Shoulder,,Questionable,Shoulder,,Did Not Participate In Practice,2012-12-07T10:16:31Z
2012,REG,ATL,14,00-0027000,DT,Peria Jerry,Peria,Jerry,Quadricep,,Questionable,Quadricep,,Limited Participation in Practice,2012-12-07T10:16:07Z
2012,REG,ATL,14,00-0022821,RB,Michael Turner,Michael,Turner,Elbow,,Questionable,Elbow,,Limited Participation in Practice,2012-12-07T10:16:39Z
2012,REG,BAL,14,00-0027675,TE,Ed Dickson,Ed,Dickson,Knee,,Out,Knee,,Did Not Participate In Practice,2012-12-07T11:32:33Z
2012,REG,BAL,14,00-0026857,LB,Dannell Ellerbe,Dannell,Ellerbe,Ankle,,Out,Ankle,,Did Not Participate In Practice,2012-12-07T11:32:41Z
2012,REG,BAL,14,00-0027965,CB,Jimmy Smith,Jimmy,Smith,Abdomen,,Doubtful,Abdomen,,Limited Participation in Practice,2012-12-07T11:32:57Z
2012,REG,BAL,14,00-0021949,CB,Chris Johnson,Chris,Johnson,Thigh,,Questionable,Thigh,,Full Participation in Practice,2012-12-07T11:33:14Z
2012,REG,BAL,14,00-0029294,CB,Asa Jackson,Asa,Jackson,Shoulder,,Questionable,Shoulder,,Limited Participation in Practice,2012-12-07T11:32:48Z
2012,REG,BAL,14,00-0022161,LB,Terrell Suggs,Terrell,Suggs,Biceps,,Questionable,Biceps,,Limited Participation in Practice,2012-12-07T11:33:06Z
2012,REG,BAL,14,00-0028102,CB,Chykie Brown,Chykie,Brown,Ankle,,Probable,Ankle,,Full Participation in Practice,2012-12-07T11:32:22Z
2012,REG,BAL,14,00-0028278,LB,Josh Bynes,Josh,Bynes,Thigh,,Probable,Thigh,,Full Participation in Practice,2012-12-07T11:32:22Z
2012,REG,BAL,14,00-0025753,S,James Ihedigbo,James,Ihedigbo,Calf,,Probable,Calf,,Full Participation in Practice,2012-12-07T11:32:22Z
2012,REG,BAL,14,00-0022397,RB,Vonta Leach,Vonta,Leach,Ankle,,Probable,Ankle,,Full Participation in Practice,2012-12-07T11:32:22Z
2012,REG,BAL,14,00-0028103,DE,Pernell McPhee,Pernell,McPhee,Thigh,,Probable,Thigh,,Full Participation in Practice,2012-12-07T11:32:22Z
2012,REG,BAL,14,00-0024269,S,Bernard Pollard,Bernard,Pollard,Chest,,Probable,Chest,,Full Participation in Practice,2012-12-07T11:32:22Z
2012,REG,BAL,14,00-0025460,WR,Jacoby Jones,Jacoby,Jones,Ankle,,Probable,Ankle,,Limited Participation in Practice,2012-12-07T11:32:22Z
2012,REG,BAL,14,00-0021377,S,Ed Reed,Ed,Reed,Shoulder,,Probable,Shoulder,,Limited Participation in Practice,2012-12-07T11:32:22Z
2012,REG,BUF,14,00-0024373,DE,Mark Anderson,Mark,Anderson,Knee,,Out,Knee,,Did Not Participate In Practice,2012-12-07T09:41:31Z
2012,REG,BUF,14,00-0028060,T,Chris Hairston,Chris,Hairston,Ankle,,Out,Ankle,,Did Not Participate In Practice,2012-12-07T09:42:02Z
2012,REG,BUF,14,00-0021995,DE,Chris Kelsay,Chris,Kelsay,Neck,,Out,Neck,,Did Not Participate In Practice,2012-12-07T09:41:42Z
2012,REG,BUF,14,00-0027004,C,Eric Wood,Eric,Wood,Knee,,Out,Knee,,Did Not Participate In Practice,2012-12-07T09:41:52Z
2012,REG,BUF,14,00-0026364,WR,Steve Johnson,Steve,Johnson,Hamstring,,Questionable,Hamstring,,Limited Participation in Practice,2012-12-07T09:42:22Z
2012,REG,BUF,14,00-0022610,DT,Spencer Johnson,Spencer,Johnson,Ankle,,Questionable,Ankle,,Limited Participation in Practice,2012-12-07T09:43:07Z
2012,REG,BUF,14,00-0026151,CB,Leodis McKelvin,Leodis,McKelvin,Back,,Questionable,Back,,Limited Participation in Practice,2012-12-07T09:42:46Z
2012,REG,BUF,14,00-0028144,CB,Justin Rogers,Justin,Rogers,Foot,,Questionable,Foot,,Limited Participation in Practice,2012-12-07T09:42:32Z
2012,REG,BUF,14,00-0028107,LB,Chris White,Chris,White,Back,,Questionable,Back,,Limited Participation in Practice,2012-12-07T09:43:38Z
2012,REG,BUF,14,00-0027972,CB,Aaron Williams,Aaron,Williams,Knee,,Questionable,Knee,,Limited Participation in Practice,2012-12-07T09:43:01Z
2012,REG,BUF,14,00-0027018,S,Jairus Byrd,Jairus,Byrd,Back,,Probable,Back,,Full Participation in Practice,2012-12-07T09:41:04Z
2012,REG,BUF,14,00-0025516,TE,Scott Chandler,Scott,Chandler,Groin,,Probable,Groin,,Full Participation in Practice,2012-12-07T09:41:04Z
2012,REG,BUF,14,00-0027941,DE,Marcell Dareus,Marcell,Dareus,Shoulder,,Probable,Shoulder,,Full Participation in Practice,2012-12-07T09:41:04Z
2012,REG,BUF,14,00-0029660,WR,Trevor Graham,Trevor,Graham,Ankle,,Probable,Ankle,,Full Participation in Practice,2012-12-07T09:41:04Z
2012,REG,BUF,14,00-0027518,WR,Donald Jones,Donald,Jones,Calf,,Probable,Calf,,Full Participation in Practice,2012-12-07T09:41:04Z
2012,REG,BUF,14,00-0027027,G,Andy Levitre,Andy,Levitre,Knee,,Probable,Knee,,Full Participation in Practice,2012-12-07T09:41:04Z
2012,REG,BUF,14,00-0028038,S,Da'Norris Searcy,Da'Norris,Searcy,Hand,,Probable,Hand,,Full Participation in Practice,2012-12-07T09:41:04Z
2012,REG,BUF,14,00-0024318,WR,Brad Smith,Brad,Smith,Hamstring,,Probable,Hamstring,,Full Participation in Practice,2012-12-07T09:41:04Z
2012,REG,BUF,14,00-0027861,RB,C.J. Spiller,C.J.,Spiller,Shoulder,,Probable,Shoulder,,Full Participation in Practice,2012-12-07T09:41:04Z
2012,REG,BUF,14,00-0023750,DE,Mario Williams,Mario,Williams,Wrist,,Probable,Wrist,,Full Participation in Practice,2012-12-07T09:41:04Z
2012,REG,BUF,14,00-0021990,LB,Nick Barnett,Nick,Barnett,Knee,,Probable,Knee,,Limited Participation in Practice,2012-12-07T09:41:04Z
2012,REG,BUF,14,00-0027053,G,Kraig Urbik,Kraig,Urbik,Knee,,Probable,Knee,,Limited Participation in Practice,2012-12-07T09:41:04Z
2012,REG,BUF,14,00-0024348,DT,Kyle Williams,Kyle,Williams,Ankle,,Probable,Ankle,,Limited Participation in Practice,2012-12-07T09:41:04Z
2012,REG,CAR,14,00-0026153,RB,Jonathan Stewart,Jonathan,Stewart,Ankle,,Doubtful,Ankle,,Did Not Participate In Practice,2012-12-07T11:17:09Z
2012,REG,CAR,14,00-0024303,LB,James Anderson,James,Anderson,Eye,Back,Questionable,Eye,Back,Did Not Participate In Practice,2012-12-07T11:16:12Z
2012,REG,CAR,14,00-0022750,DT,Dwan Edwards,Dwan,Edwards,Wrist,,Questionable,Wrist,,Did Not Participate In Practice,2012-12-07T11:16:51Z
2012,REG,CAR,14,00-0027681,WR,Brandon LaFell,Brandon,LaFell,Toe,,Questionable,Toe,,Did Not Participate In Practice,2012-12-07T11:17:51Z
2012,REG,CAR,14,00-0027485,C,Jeff Byers,Jeff,Byers,Back,,Questionable,Back,,Limited Participation in Practice,2012-12-07T11:16:33Z
2012,REG,CAR,14,00-0026207,S,Charles Godfrey,Charles,Godfrey,Back,,Questionable,Back,,Limited Participation in Practice,2012-12-07T11:17:33Z
2012,REG,CAR,14,00-0025418,TE,Greg Olsen,Greg,Olsen,Back,,Probable,Back,,Full Participation in Practice,2012-12-07T11:18:09Z
2012,REG,CHI,14,00-0024334,WR,Brandon Marshall,Brandon,Marshall,,,,Not Injury Related,,Did Not Participate In Practice,2012-12-05T13:55:29Z
2012,REG,CHI,14,00-0024277,CB,Tim Jennings,Tim,Jennings,Shoulder,,Out,Shoulder,,Did Not Participate In Practice,2012-12-07T14:53:03Z
2012,REG,CHI,14,00-0026210,WR,Earl Bennett,Earl,Bennett,Concussion,,Out,Concussion,,Out (Definitely Will Not Play),2012-12-07T14:52:56Z
2012,REG,CHI,14,00-0019456,LB,Brian Urlacher,Brian,Urlacher,Hamstring,,Out,Hamstring,,Out (Definitely Will Not Play),2012-12-07T14:53:09Z
2012,REG,CHI,14,00-0025487,RB,Michael Bush,Michael,Bush,Ribs,,Questionable,Ribs,,Limited Participation in Practice,2012-12-07T14:53:20Z
2012,REG,CHI,14,00-0027991,DT,Stephen Paea,Stephen,Paea,Foot,,Questionable,Foot,,Limited Participation in Practice,2012-12-07T14:53:25Z
2012,REG,CHI,14,00-0023461,G,Chris Spencer,Chris,Spencer,Knee,,Questionable,Knee,,Limited Participation in Practice,2012-12-07T14:53:29Z
2012,REG,CHI,14,00-0027967,T,Gabe Carimi,Gabe,Carimi,Hamstring,,Probable,Hamstring,,Full Participation in Practice,2012-12-07T14:52:46Z
2012,REG,CHI,14,00-0024272,WR,Devin Hester,Devin,Hester,Concussion,,Probable,Concussion,,Full Participation in Practice,2012-12-07T14:52:46Z
2012,REG,CHI,14,00-0029137,WR,Alshon Jeffery,Alshon,Jeffery,Knee,,Probable,Knee,,Full Participation in Practice,2012-12-07T14:52:46Z
2012,REG,CIN,14,00-0029560,CB,Dre Kirkpatrick,Dre,Kirkpatrick,Head,,Out,Head,,Did Not Participate In Practice,2012-12-07T10:30:13Z
2012,REG,CIN,14,00-0023482,K,Mike Nugent,Mike,Nugent,right Calf,,Doubtful,right Calf,,Did Not Participate In Practice,2012-12-07T10:30:24Z
2012,REG,CIN,14,00-0026932,RB,Cedric Peerman,Cedric,Peerman,Ankle,,Doubtful,Ankle,,Did Not Participate In Practice,2012-12-07T10:30:31Z
2012,REG,CIN,14,00-0027942,WR,A.J. Green,A.J.,Green,Illness,,Probable,Illness,,Did Not Participate In Practice,2012-12-07T10:30:04Z
2012,REG,CIN,14,00-0029293,WR,Marvin Jones,Marvin,Jones,Illness,,Probable,Illness,,Full Participation in Practice,2012-12-07T10:28:48Z
2012,REG,CIN,14,00-0027040,TE,Richard Quinn,Richard,Quinn,Hamstring,,Probable,Hamstring,,Full Participation in Practice,2012-12-07T10:28:48Z
2012,REG,CIN,14,00-0027873,TE,Jermaine Gresham,Jermaine,Gresham,Hamstring,,Probable,Hamstring,,Limited Participation in Practice,2012-12-07T10:28:48Z
2012,REG,CLE,14,00-0028040,TE,Jordan Cameron,Jordan,Cameron,Groin,,Probable,Groin,,Full Participation in Practice,2012-12-07T12:04:57Z
2012,REG,CLE,14,00-0029279,LB,James-Michael Johnson,James-Michael,Johnson,Finger,,Probable,Finger,,Full Participation in Practice,2012-12-07T12:07:18Z
2012,REG,CLE,14,00-0023727,CB,Dimitri Patterson,Dimitri,Patterson,Ankle,,Probable,Ankle,,Full Participation in Practice,2012-12-07T12:04:57Z
2012,REG,CLE,14,00-0029675,RB,Trent Richardson,Trent,Richardson,Chest/Rib/Finger,,Probable,Chest/Rib/Finger,,Full Participation in Practice,2012-12-07T12:04:57Z
2012,REG,CLE,14,00-0024306,DE,Frostee Rucker,Frostee,Rucker,Shoulder,Finger,Probable,Shoulder,Finger,Full Participation in Practice,2012-12-07T12:04:57Z
2012,REG,CLE,14,00-0023316,S,Raymond Ventrone,Raymond,Ventrone,Calf,,Probable,Calf,,Full Participation in Practice,2012-12-07T12:04:57Z
2012,REG,CLE,14,00-0025453,CB,Usama Young,Usama,Young,Head,,Probable,Head,,Full Participation in Practice,2012-12-07T12:04:57Z
2012,REG,CLE,14,00-0029269,WR,Travis Benjamin,Travis,Benjamin,Finger,,Probable,Finger,,Limited Participation in Practice,2012-12-07T12:07:44Z
2012,REG,CLE,14,00-0023176,WR,Joshua Cribbs,Joshua,Cribbs,Shoulder,Chest,Probable,Shoulder,Chest,Limited Participation in Practice,2012-12-07T12:04:57Z
2012,REG,CLE,14,00-0029290,T,Ryan Miller,Ryan,Miller,Forearm,,Probable,Forearm,,Limited Participation in Practice,2012-12-07T12:04:57Z
2012,REG,DAL,14,00-0024372,S,Charlie Peprah,Charlie,Peprah,Foot,,Out,Foot,,Did Not Participate In Practice,2012-12-07T11:20:01Z
2012,REG,DAL,14,00-0023656,DT,Jay Ratliff,Jay,Ratliff,Groin,,Out,Groin,,Did Not Participate In Practice,2012-12-07T11:20:09Z
2012,REG,DAL,14,00-0026283,CB,Orlando Scandrick,Orlando,Scandrick,Hand,,Out,Hand,,Did Not Participate In Practice,2012-12-07T11:20:16Z
2012,REG,DAL,14,00-0023921,WR,Miles Austin,Miles,Austin,Hip,,Probable,Hip,,Full Participation in Practice,2012-12-07T11:19:50Z
2012,REG,DAL,14,00-0024266,G,Ryan Cook,Ryan,Cook,Knee,,Probable,Knee,,Full Participation in Practice,2012-12-07T11:19:50Z
2012,REG,DAL,14,00-0026162,RB,Felix Jones,Felix,Jones,Knee,,Probable,Knee,,Full Participation in Practice,2012-12-07T11:19:50Z
2012,REG,DAL,14,00-0027826,DT,Sean Lissemore,Sean,Lissemore,Ankle,,Probable,Ankle,,Full Participation in Practice,2012-12-07T11:19:50Z
2012,REG,DAL,14,00-0023958,G,Nate Livings,Nate,Livings,Knee,,Probable,Knee,,Full Participation in Practice,2012-12-07T11:19:50Z
2012,REG,DAL,14,00-0027947,T,Tyron Smith,Tyron,Smith,Ankle,,Probable,Ankle,,Full Participation in Practice,2012-12-07T11:19:50Z
2012,REG,DAL,14,00-0025413,LB,Anthony Spencer,Anthony,Spencer,Calf,,Probable,Calf,,Full Participation in Practice,2012-12-07T11:19:50Z
2012,REG,DAL,14,00-0024394,RB,Lawrence Vickers,Lawrence,Vickers,Knee,,Probable,Knee,,Full Participation in Practice,2012-12-07T11:19:50Z
2012,REG,DAL,14,00-0028009,RB,DeMarco Murray,DeMarco,Murray,Foot,,Probable,Foot,,Limited Participation in Practice,2012-12-07T11:19:50Z
2012,REG,DEN,14,00-0026994,DE,Robert Ayers,Robert,Ayers,,,,Not Injury Related,,Full Participation in Practice,2012-12-03T13:40:42Z
2012,REG,DEN,14,00-0025828,LB,Wesley Woodyard,Wesley,Woodyard,Ankle,,Doubtful,Ankle,,Did Not Participate In Practice,2012-12-05T11:51:56Z
2012,REG,DEN,14,00-0015754,WR,Brandon Stokley,Brandon,Stokley,Hip,,Questionable,Hip,,Limited Participation in Practice,2012-12-05T11:52:18Z
2012,REG,DEN,14,00-0028142,TE,Virgil Green,Virgil,Green,Hamstring,,Probable,Hamstring,,Full Participation in Practice,2012-12-05T11:51:08Z
2012,REG,DEN,14,00-0024375,G,Chris Kuper,Chris,Kuper,Ankle,,Probable,Ankle,,Full Participation in Practice,2012-12-05T11:51:08Z
2012,REG,DEN,14,00-0025504,G,Manuel Ramirez,Manuel,Ramirez,Back,,Probable,Back,,Full Participation in Practice,2012-12-05T11:51:08Z
2012,REG,DEN,14,00-0024756,WR,Matt Willis,Matt,Willis,Knee,,Probable,Knee,,Full Participation in Practice,2012-12-05T11:51:08Z
2012,REG,DET,14,00-0020382,DE,Kyle Vanden Bosch,Kyle,Vanden Bosch,,,,Not Injury Related,,Did Not Participate In Practice,2012-12-07T13:04:35Z
2012,REG,DET,14,00-0027009,S,Louis Delmas,Louis,Delmas,Knee,,Questionable,Knee,,Did Not Participate In Practice,2012-12-07T13:07:29Z
2012,REG,DET,14,00-0022906,DT,Corey Williams,Corey,Williams,Knee,,Questionable,Knee,,Did Not Participate In Practice,2012-12-07T13:06:30Z
2012,REG,DET,14,00-0020444,T,Jeff Backus,Jeff,Backus,Hamstring,,Questionable,Hamstring,,Limited Participation in Practice,2012-12-07T13:06:22Z
2012,REG,DET,14,00-0027951,DT,Nick Fairley,Nick,Fairley,Quadricep,,Questionable,Quadricep,,Limited Participation in Practice,2012-12-07T13:06:41Z
2012,REG,DET,14,00-0025428,CB,Chris Houston,Chris,Houston,Ankle,,Questionable,Ankle,,Limited Participation in Practice,2012-12-07T13:06:57Z
2012,REG,DET,14,00-0026674,CB,Jacob Lacey,Jacob,Lacey,Foot,Achilles,Questionable,Foot,Achilles,Limited Participation in Practice,2012-12-07T13:07:11Z
2012,REG,DET,14,00-0026168,DE,Lawrence Jackson,Lawrence,Jackson,Concussion,,Probable,Concussion,,Full Participation in Practice,2012-12-07T13:06:08Z
2012,REG,DET,14,00-0021570,WR,Kassim Osgood,Kassim,Osgood,Finger,,Probable,Finger,,Full Participation in Practice,2012-12-07T13:06:08Z
2012,REG,DET,14,00-0026635,LB,Ashlee Palmer,Ashlee,Palmer,Thumb,,Probable,Thumb,,Full Participation in Practice,2012-12-07T13:06:08Z
2012,REG,DET,14,00-0026157,T,Gosder Cherilus,Gosder,Cherilus,Knees,,Probable,Knees,,Limited Participation in Practice,2012-12-07T13:06:08Z
2012,REG,GB,14,00-0027002,LB,Clay Matthews,Clay,Matthews,Hamstring,,Out,Hamstring,,Did Not Participate In Practice,2012-12-07T12:13:13Z
2012,REG,GB,14,00-0026176,WR,Jordy Nelson,Jordy,Nelson,Hamstring,,Out,Hamstring,,Did Not Participate In Practice,2012-12-07T12:13:20Z
2012,REG,GB,14,00-0027791,RB,James Starks,James,Starks,Knee,,Out,Knee,,Did Not Participate In Practice,2012-12-07T12:13:29Z
2012,REG,GB,14,00-0027822,DE,C.J. Wilson,C.J.,Wilson,Knee,,Out,Knee,,Did Not Participate In Practice,2012-12-07T12:13:35Z
2012,REG,GB,14,00-0018227,S,Charles Woodson,Charles,Woodson,Collarbone,,Out,Collarbone,,Limited Participation in Practice,2012-12-07T12:13:41Z
2012,REG,GB,14,00-0027664,DE,Mike Neal,Mike,Neal,Shoulder,,Doubtful,Shoulder,,Did Not Participate In Practice,2012-12-07T12:12:53Z
2012,REG,GB,14,00-0027078,G,T.J. Lang,T.J.,Lang,Ankle,,Questionable,Ankle,,Limited Participation in Practice,2012-12-07T12:12:34Z
2012,REG,GB,14,00-0029291,LB,Terrell Manning,Terrell,Manning,Shoulder,,Questionable,Shoulder,,Limited Participation in Practice,2012-12-07T12:12:42Z
2012,REG,GB,14,00-0027440,CB,Sam Shields,Sam,Shields,Ankle,,Probable,Ankle,,Full Participation in Practice,2012-12-07T12:12:26Z
2012,REG,GB,14,00-0004541,WR,Donald Driver,Donald,Driver,Thumb,,Probable,Thumb,,Limited Participation in Practice,2012-12-07T12:12:26Z
2012,REG,GB,14,00-0014375,C,Jeff Saturday,Jeff,Saturday,Foot,,Probable,Foot,,Limited Participation in Practice,2012-12-07T12:12:26Z
2012,REG,HOU,14,00-0028152,T,Derek Newton,Derek,Newton,Knee,,Out,Knee,,Did Not Participate In Practice,2012-12-08T10:52:20Z
2012,REG,HOU,14,00-0027980,LB,Brooks Reed,Brooks,Reed,Groin,,Out,Groin,,Did Not Participate In Practice,2012-12-08T10:52:37Z
2012,REG,HOU,14,00-0025624,CB,Alan Ball,Alan,Ball,Foot,,Questionable,Foot,,Did Not Participate In Practice,2012-12-08T10:51:39Z
2012,REG,HOU,14,00-0027718,TE,Garrett Graham,Garrett,Graham,Concussion,,Questionable,Concussion,,Limited Participation in Practice,2012-12-08T10:51:51Z
2012,REG,HOU,14,00-0028536,LB,Bryan Braman,Bryan,Braman,Neck,,Probable,Neck,,Full Participation in Practice,2012-12-08T10:51:08Z
2012,REG,HOU,14,00-0026166,T,Duane Brown,Duane,Brown,Back,,Probable,Back,,Full Participation in Practice,2012-12-08T10:51:29Z
2012,REG,HOU,14,00-0027051,G,Antoine Caldwell,Antoine,Caldwell,Hamstring,,Probable,Hamstring,,Full Participation in Practice,2012-12-08T10:51:08Z
2012,REG,HOU,14,00-0029417,DE,Jared Crick,Jared,Crick,Neck,,Probable,Neck,,Full Participation in Practice,2012-12-08T10:51:08Z
2012,REG,HOU,14,00-0024313,TE,Owen Daniels,Owen,Daniels,Back,,Probable,Back,,Full Participation in Practice,2012-12-08T10:51:08Z
2012,REG,HOU,14,00-0022137,LB,Bradie James,Bradie,James,Hamstring,,Probable,Hamstring,,Full Participation in Practice,2012-12-08T10:51:08Z
2012,REG,HOU,14,00-0028542,WR,Lestar Jean,Lestar,Jean,Knee,,Probable,Knee,,Full Participation in Practice,2012-12-08T10:51:08Z
2012,REG,HOU,14,00-0029643,LB,Whitney Mercilus,Whitney,Mercilus,Hip,,Probable,Hip,,Full Participation in Practice,2012-12-08T10:51:08Z
2012,REG,HOU,14,00-0026417,LB,Jesse Nading,Jesse,Nading,Foot,,Probable,Foot,,Full Participation in Practice,2012-12-08T10:51:08Z
2012,REG,HOU,14,00-0029673,WR,DeVier Posey,DeVier,Posey,Knee,Hamstring,Probable,Knee,Hamstring,Full Participation in Practice,2012-12-08T10:51:08Z
2012,REG,HOU,14,00-0027703,LB,Darryl Sharpton,Darryl,Sharpton,Toe,,Probable,Toe,,Full Participation in Practice,2012-12-08T10:51:08Z
2012,REG,HOU,14,00-0027890,RB,Ben Tate,Ben,Tate,Hamstring,,Probable,Hamstring,,Full Participation in Practice,2012-12-08T10:51:08Z
2012,REG,HOU,14,00-0028090,QB,T.J. Yates,T.J.,Yates,right Elbow,,Probable,right Elbow,,Full Participation in Practice,2012-12-08T10:51:08Z
2012,REG,HOU,14,00-0023472,DT,Shaun Cody,Shaun,Cody,Ribs,Back,Probable,Ribs,Back,Limited Participation in Practice,2012-12-08T10:51:08Z
2012,REG,HOU,14,00-0024365,LB,Tim Dobbins,Tim,Dobbins,Shoulder,,Probable,Shoulder,,Limited Participation in Practice,2012-12-08T10:51:08Z
2012,REG,HOU,14,00-0024239,CB,Johnathan Joseph,Johnathan,Joseph,Hamstring,Groin,Probable,Hamstring,Groin,Limited Participation in Practice,2012-12-08T10:51:08Z
2012,REG,HOU,14,00-0022793,DE,Antonio Smith,Antonio,Smith,Ankle,,Probable,Ankle,,Limited Participation in Practice,2012-12-08T10:51:08Z
2012,REG,HOU,14,00-0022131,G,Wade Smith,Wade,Smith,Knee,Ribs,Probable,Knee,Ribs,Limited Participation in Practice,2012-12-08T10:51:08Z
2012,REG,IND,14,00-0026408,G,Joe Reitz,Joe,Reitz,Head,,Out,Head,,Did Not Participate In Practice,2012-12-07T09:54:00Z
2012,REG,IND,14,00-0027003,RB,Donald Brown,Donald,Brown,Ankle,,Out,Ankle,,Out (Definitely Will Not Play),2012-12-07T09:53:34Z
2012,REG,IND,14,00-0026226,S,Tom Zbikowski,Tom,Zbikowski,Knee,,Out,Knee,,Out (Definitely Will Not Play),2012-12-07T09:53:47Z
2012,REG,IND,14,00-0024254,T,Winston Justice,Winston,Justice,Head,,Questionable,Head,,Limited Participation in Practice,2012-12-07T09:54:14Z
2012,REG,IND,14,00-0024421,S,Antoine Bethea,Antoine,Bethea,Neck,,Probable,Neck,,Full Participation in Practice,2012-12-07T09:52:44Z
2012,REG,IND,14,00-0021146,LB,Dwight Freeney,Dwight,Freeney,Not Injury Related,,Probable,Not Injury Related,,Full Participation in Practice,2012-12-07T09:52:44Z
2012,REG,IND,14,00-0029668,QB,Andrew Luck,Andrew,Luck,Knee,,Probable,Knee,,Full Participation in Practice,2012-12-07T09:52:44Z
2012,REG,IND,14,00-0022059,LB,Robert Mathis,Robert,Mathis,Not Injury Related,,Probable,Not Injury Related,,Full Participation in Practice,2012-12-07T09:52:44Z
2012,REG,IND,14,00-0021998,DE,Cory Redding,Cory,Redding,Ankle,,Probable,Ankle,,Full Participation in Practice,2012-12-07T09:52:44Z
2012,REG,JAX,14,00-0029052,C,Michael Brewster,Michael,Brewster,Hand,,Out,Hand,,Did Not Participate In Practice,2012-12-07T11:21:42Z
2012,REG,JAX,14,00-0027155,RB,Rashad Jennings,Rashad,Jennings,Concussion,,Out,Concussion,,Did Not Participate In Practice,2012-12-07T11:21:53Z
2012,REG,JAX,14,00-0024275,RB,Maurice Jones-Drew,Maurice,Jones-Drew,Foot,,Out,Foot,,Did Not Participate In Practice,2012-12-07T11:22:10Z
2012,REG,JAX,14,00-0025407,CB,Aaron Ross,Aaron,Ross,Calf,,Out,Calf,,Did Not Participate In Practice,2012-12-07T11:23:14Z
2012,REG,JAX,14,00-0027818,DE,George Selvie,George,Selvie,Concussion,,Out,Concussion,,Did Not Participate In Practice,2012-12-07T11:23:19Z
2012,REG,JAX,14,00-0028052,WR,Cecil Shorts,Cecil,Shorts,Concussion,,Out,Concussion,,Did Not Participate In Practice,2012-12-07T11:23:24Z
2012,REG,JAX,14,00-0027862,DT,Tyson Alualu,Tyson,Alualu,Calf,,Probable,Calf,,Full Participation in Practice,2012-12-07T11:21:30Z
2012,REG,JAX,14,00-0027047,CB,Derek Cox,Derek,Cox,Hamstring,,Probable,Hamstring,,Full Participation in Practice,2012-12-07T11:21:30Z
2012,REG,JAX,14,00-0022897,RB,Greg Jones,Greg,Jones,Thigh,,Probable,Thigh,,Full Participation in Practice,2012-12-07T11:21:30Z
2012,REG,JAX,14,00-0027752,DE,Austen Lane,Austen,Lane,Foot,,Probable,Foot,,Full Participation in Practice,2012-12-07T11:21:30Z
2012,REG,JAX,14,00-0022080,CB,Rashean Mathis,Rashean,Mathis,Groin,,Probable,Groin,,Full Participation in Practice,2012-12-07T11:21:30Z
2012,REG,JAX,14,00-0018956,C,Brad Meester,Brad,Meester,Foot,,Probable,Foot,,Full Participation in Practice,2012-12-07T11:21:30Z
2012,REG,KC,14,00-0028024,DE,Allen Bailey,Allen,Bailey,,,,Ankle,,Did Not Participate In Practice,2012-12-05T11:04:39Z
2012,REG,KC,14,00-0023405,S,Abram Elam,Abram,Elam,Quadricep,,Doubtful,Quadricep,,Did Not Participate In Practice,2012-12-07T11:40:20Z
2012,REG,KC,14,00-0026155,T,Branden Albert,Branden,Albert,Back,,Questionable,Back,,Limited Participation in Practice,2012-12-07T11:39:21Z
2012,REG,KC,14,00-0029524,G,Jeff Allen,Jeff,Allen,Illness,,Questionable,Illness,,Limited Participation in Practice,2012-12-07T11:39:33Z
2012,REG,KC,14,00-0027858,S,Eric Berry,Eric,Berry,Hand,Illness,Questionable,Hand,Illness,Limited Participation in Practice,2012-12-07T11:39:45Z
2012,REG,KC,14,00-0026175,CB,Brandon Flowers,Brandon,Flowers,Hamstring,,Questionable,Hamstring,,Limited Participation in Practice,2012-12-07T11:40:36Z
2012,REG,KC,14,00-0020389,G,Russ Hochstein,Russ,Hochstein,Back,,Questionable,Back,,Limited Participation in Practice,2012-12-07T11:41:38Z
2012,REG,KC,14,00-0023449,LB,Derrick Johnson,Derrick,Johnson,Hamstring,,Questionable,Hamstring,,Limited Participation in Practice,2012-12-07T11:41:06Z
2012,REG,KC,14,00-0027736,S,Kendrick Lewis,Kendrick,Lewis,Shoulder,,Questionable,Shoulder,,Limited Participation in Practice,2012-12-07T11:41:21Z
2012,REG,KC,14,00-0024235,LB,Tamba Hali,Tamba,Hali,Knee,,Probable,Knee,,Full Participation in Practice,2012-12-07T11:39:11Z
2012,REG,KC,14,00-0022350,C,Ryan Lilja,Ryan,Lilja,Knee,,Probable,Knee,,Full Participation in Practice,2012-12-07T11:39:11Z
2012,REG,MIA,14,00-0028173,S,Jimmy Wilson,Jimmy,Wilson,Hip,,Questionable,Hip,,Limited Participation in Practice,2012-12-07T10:34:22Z
2012,REG,MIA,14,00-0028112,TE,Charles Clay,Charles,Clay,Ribs,,Probable,Ribs,,Full Participation in Practice,2012-12-07T10:34:15Z
2012,REG,MIA,14,00-0022927,LB,Karlos Dansby,Karlos,Dansby,Biceps,,Probable,Biceps,,Full Participation in Practice,2012-12-07T10:34:15Z
2012,REG,MIA,14,00-0024268,TE,Anthony Fasano,Anthony,Fasano,Hip,,Probable,Hip,,Full Participation in Practice,2012-12-07T10:34:15Z
2012,REG,MIA,14,00-0025612,P,Brandon Fields,Brandon,Fields,left Knee,right Knee,Probable,left Knee,right Knee,Full Participation in Practice,2012-12-07T10:34:15Z
2012,REG,MIA,14,00-0029619,RB,Jorvorskie Lane,Jorvorskie,Lane,Knee,,Probable,Knee,,Full Participation in Practice,2012-12-07T10:34:15Z
2012,REG,MIA,14,00-0027883,LB,Koa Misi,Koa,Misi,Finger,,Probable,Finger,,Full Participation in Practice,2012-12-07T10:34:15Z
2012,REG,MIA,14,00-0027843,LB,Austin Spitler,Austin,Spitler,Ankle,,Probable,Ankle,,Full Participation in Practice,2012-12-07T10:34:15Z
2012,REG,MIN,14,00-0026998,WR,Percy Harvin,Percy,Harvin,,,,Ankle,,Did Not Participate In Practice,2012-12-06T13:32:20Z
2012,REG,MIN,14,00-0025394,RB,Adrian Peterson,Adrian,Peterson,,,,Not Injury Related,,Did Not Participate In Practice,2012-12-06T13:32:50Z
2012,REG,MIN,14,00-0022740,DE,Jared Allen,Jared,Allen,Shoulder,Back,Probable,Shoulder,Back,Full Participation in Practice,2012-12-07T10:50:00Z
2012,REG,MIN,14,00-0027108,LB,Jasper Brinkley,Jasper,Brinkley,Shoulder,,Probable,Shoulder,,Full Participation in Practice,2012-12-07T10:50:00Z
2012,REG,MIN,14,00-0026292,DT,Letroy Guion,Letroy,Guion,Shin,,Probable,Shin,,Full Participation in Practice,2012-12-07T10:50:00Z
2012,REG,MIN,14,00-0023060,P,Chris Kluwe,Chris,Kluwe,left Knee,,Probable,left Knee,,Full Participation in Practice,2012-12-07T10:50:00Z
2012,REG,MIN,14,00-0027030,T,Phil Loadholt,Phil,Loadholt,Knee,,Probable,Knee,,Full Participation in Practice,2012-12-07T10:50:00Z
2012,REG,MIN,14,00-0027981,TE,Kyle Rudolph,Kyle,Rudolph,Shoulder,,Probable,Shoulder,,Full Participation in Practice,2012-12-07T10:50:00Z
2012,REG,MIN,14,00-0026327,C,John Sullivan,John,Sullivan,Ribs,Knee,Probable,Ribs,Knee,Full Participation in Practice,2012-12-07T10:50:00Z
2012,REG,MIN,14,00-0018093,CB,Antoine Winfield,Antoine,Winfield,Knee,,Probable,Knee,,Limited Participation in Practice,2012-12-07T10:50:00Z
2012,REG,NE,14,00-0027656,TE,Rob Gronkowski,Rob,Gronkowski,Forearm,Hip,Out,Forearm,Hip,Did Not Participate In Practice,2012-12-08T12:52:30Z
2012,REG,NE,14,00-0027016,DT,Ron Brace,Ron,Brace,Elbow,,Questionable,Elbow,,Limited Participation in Practice,2012-12-08T12:52:47Z
2012,REG,NE,14,00-0027010,S,Patrick Chung,Patrick,Chung,Shoulder,Hamstring,Questionable,Shoulder,Hamstring,Limited Participation in Practice,2012-12-08T12:52:52Z
2012,REG,NE,14,00-0022979,C,Dan Connolly,Dan,Connolly,Back,,Questionable,Back,,Limited Participation in Practice,2012-12-08T12:52:57Z
2012,REG,NE,14,00-0027713,TE,Aaron Hernandez,Aaron,Hernandez,Ankle,,Questionable,Ankle,,Limited Participation in Practice,2012-12-08T12:53:02Z
2012,REG,NE,14,00-0029669,LB,Dont'a Hightower,Dont'a,Hightower,Hamstring,,Questionable,Hamstring,,Limited Participation in Practice,2012-12-08T12:53:08Z
2012,REG,NE,14,00-0029585,DE,Chandler Jones,Chandler,Jones,Ankle,,Questionable,Ankle,,Limited Participation in Practice,2012-12-08T12:53:13Z
2012,REG,NE,14,00-0022097,WR,Brandon Lloyd,Brandon,Lloyd,Knee,,Questionable,Knee,,Limited Participation in Practice,2012-12-08T12:53:17Z
2012,REG,NE,14,00-0027236,DT,Kyle Love,Kyle,Love,Knee,,Questionable,Knee,,Limited Participation in Practice,2012-12-08T12:53:22Z
2012,REG,NE,14,00-0023467,G,Logan Mankins,Logan,Mankins,Ankle,Calf,Questionable,Ankle,Calf,Limited Participation in Practice,2012-12-08T12:53:28Z
2012,REG,NE,14,00-0027435,C,Nick McDonald,Nick,McDonald,Shoulder,,Questionable,Shoulder,,Limited Participation in Practice,2012-12-08T12:53:36Z
2012,REG,NE,14,00-0027668,LB,Brandon Spikes,Brandon,Spikes,Knee,Ankle,Questionable,Knee,Ankle,Limited Participation in Practice,2012-12-08T12:53:45Z
2012,REG,NE,14,00-0027034,T,Sebastian Vollmer,Sebastian,Vollmer,Back,Knee,Questionable,Back,Knee,Limited Participation in Practice,2012-12-08T12:53:51Z
2012,REG,NE,14,00-0022427,WR,Wes Welker,Wes,Welker,Ankle,,Questionable,Ankle,,Limited Participation in Practice,2012-12-08T12:53:56Z
2012,REG,NE,14,00-0026150,LB,Jerod Mayo,Jerod,Mayo,Elbow,,Probable,Elbow,,Full Participation in Practice,2012-12-08T12:44:07Z
2012,REG,NO,14,00-0027669,T,Charles Brown,Charles,Brown,Knee,,Out,Knee,,Did Not Participate In Practice,2012-12-07T11:00:44Z
2012,REG,NO,14,00-0029658,CB,Corey White,Corey,White,Knee,,Out,Knee,,Out (Definitely Will Not Play),2012-12-07T11:00:32Z
2012,REG,NO,14,00-0028564,S,Isa Abdul-Quddus,Isa,Abdul-Quddus,Concussion,,Probable,Concussion,,Full Participation in Practice,2012-12-07T11:00:24Z
2012,REG,NO,14,00-0027551,DE,Junior Galette,Junior,Galette,Ankle,,Probable,Ankle,,Full Participation in Practice,2012-12-07T11:00:24Z
2012,REG,NO,14,00-0024258,S,Roman Harper,Roman,Harper,Rib,,Probable,Rib,,Full Participation in Practice,2012-12-07T11:00:24Z
2012,REG,NO,14,00-0024030,DT,Tom Johnson,Tom,Johnson,Back,,Probable,Back,,Full Participation in Practice,2012-12-07T11:00:24Z
2012,REG,NO,14,00-0028026,CB,Johnny Patrick,Johnny,Patrick,Illness,,Probable,Illness,,Full Participation in Practice,2012-12-07T11:00:24Z
2012,REG,NO,14,00-0023503,WR,Courtney Roby,Courtney,Roby,Hamstring,,Probable,Hamstring,,Full Participation in Practice,2012-12-07T11:00:24Z
2012,REG,NO,14,00-0024301,TE,David Thomas,David,Thomas,Knee,,Probable,Knee,,Full Participation in Practice,2012-12-07T11:00:24Z
2012,REG,NO,14,00-0028010,DE,Martez Wilson,Martez,Wilson,Toe,,Probable,Toe,,Full Participation in Practice,2012-12-07T11:00:24Z
2012,REG,NYG,14,00-0022855,T,Sean Locklear,Sean,Locklear,,,,Knee,,Out (Definitely Will Not Play),2012-12-05T14:24:14Z
2012,REG,NYG,14,00-0027070,TE,Travis Beckum,Travis,Beckum,Knee,,Out,Knee,,Did Not Participate In Practice,2012-12-07T10:20:18Z
2012,REG,NYG,14,00-0028136,S,Tyler Sash,Tyler,Sash,Hamstring,,Out,Hamstring,,Did Not Participate In Practice,2012-12-07T10:20:56Z
2012,REG,NYG,14,00-0026171,S,Kenny Phillips,Kenny,Phillips,Knee,,Doubtful,Knee,,Did Not Participate In Practice,2012-12-07T10:20:40Z
2012,REG,NYG,14,00-0027005,WR,Hakeem Nicks,Hakeem,Nicks,Knee,,Questionable,Knee,,Limited Participation in Practice,2012-12-07T10:20:31Z
2012,REG,NYG,14,00-0023468,C,David Baas,David,Baas,Shoulder,,Probable,Shoulder,,Full Participation in Practice,2012-12-07T10:20:05Z
2012,REG,NYG,14,00-0023693,LB,Chase Blackburn,Chase,Blackburn,Ankle,,Probable,Ankle,,Full Participation in Practice,2012-12-07T10:20:05Z
2012,REG,NYG,14,00-0023593,LB,Michael Boley,Michael,Boley,Shoulder,,Probable,Shoulder,,Full Participation in Practice,2012-12-07T10:20:05Z
2012,REG,NYG,14,00-0024345,WR,Domenik Hixon,Domenik,Hixon,Ankle,,Probable,Ankle,,Full Participation in Practice,2012-12-07T10:20:05Z
2012,REG,NYG,14,00-0027867,DE,Jason Pierre-Paul,Jason,Pierre-Paul,Back,,Probable,Back,,Full Participation in Practice,2012-12-07T10:20:05Z
2012,REG,NYG,14,00-0028140,LB,Jacquian Williams,Jacquian,Williams,Knee,,Probable,Knee,,Full Participation in Practice,2012-12-07T10:20:05Z
2012,REG,NYG,14,00-0025637,RB,Ahmad Bradshaw,Ahmad,Bradshaw,Foot,,Probable,Foot,,Limited Participation in Practice,2012-12-07T10:20:05Z
2012,REG,NYJ,14,00-0028049,WR,Edmond Gates,Edmond,Gates,Concussion,,Out,Concussion,,Did Not Participate In Practice,2012-12-07T14:03:47Z
2012,REG,NYJ,14,00-0029040,DT,Damon Harrison,Damon,Harrison,Ankle,,Doubtful,Ankle,,Did Not Participate In Practice,2012-12-07T14:04:06Z
2012,REG,NYJ,14,00-0026170,TE,Dustin Keller,Dustin,Keller,Ankle,,Doubtful,Ankle,,Did Not Participate In Practice,2012-12-07T14:04:19Z
2012,REG,NYJ,14,00-0028995,WR,Stephen Hill,Stephen,Hill,Knee,,Questionable,Knee,,Limited Participation in Practice,2012-12-07T14:04:59Z
2012,REG,NYJ,14,00-0023523,DT,Sione Pouha,Sione,Pouha,Back,,Questionable,Back,,Limited Participation in Practice,2012-12-07T14:04:33Z
2012,REG,NYJ,14,00-0027876,QB,Tim Tebow,Tim,Tebow,Ribs,,Questionable,Ribs,,Limited Participation in Practice,2012-12-07T14:04:44Z
2012,REG,NYJ,14,00-0027338,CB,Aaron Berry,Aaron,Berry,Quadricep,,Probable,Quadricep,,Full Participation in Practice,2012-12-07T14:03:27Z
2012,REG,NYJ,14,00-0027321,TE,Jeff Cumberland,Jeff,Cumberland,Wrist,,Probable,Wrist,,Full Participation in Practice,2012-12-07T14:03:27Z
2012,REG,NYJ,14,00-0025689,DT,Mike Devito,Mike,Devito,Shin,,Probable,Shin,,Full Participation in Practice,2012-12-07T14:03:27Z
2012,REG,NYJ,14,00-0028032,DT,Kenrick Ellis,Kenrick,Ellis,Knee,Back,Probable,Knee,Back,Full Participation in Practice,2012-12-07T14:03:27Z
2012,REG,NYJ,14,00-0026344,RB,Lex Hilliard,Lex,Hilliard,Finger,,Probable,Finger,,Full Participation in Practice,2012-12-07T14:03:27Z
2012,REG,NYJ,14,00-0028091,WR,Jeremy Kerley,Jeremy,Kerley,Hamstring,Heel,Probable,Hamstring,Heel,Full Participation in Practice,2012-12-07T14:03:27Z
2012,REG,NYJ,14,00-0025393,S,LaRon Landry,LaRon,Landry,Heel,,Probable,Heel,,Full Participation in Practice,2012-12-07T14:03:27Z
2012,REG,NYJ,14,00-0024244,C,Nick Mangold,Nick,Mangold,Shoulder,,Probable,Shoulder,,Full Participation in Practice,2012-12-07T14:03:27Z
2012,REG,NYJ,14,00-0027712,RB,Joe McKnight,Joe,McKnight,Ankle,Ribs,Probable,Ankle,Ribs,Full Participation in Practice,2012-12-07T14:03:27Z
2012,REG,NYJ,14,00-0022120,LB,Calvin Pace,Calvin,Pace,Shoulder,,Probable,Shoulder,,Full Participation in Practice,2012-12-07T14:03:27Z
2012,REG,NYJ,14,00-0028064,RB,Bilal Powell,Bilal,Powell,Shoulder,,Probable,Shoulder,,Full Participation in Practice,2012-12-07T14:03:27Z
2012,REG,NYJ,14,00-0026898,QB,Mark Sanchez,Mark,Sanchez,Back,,Probable,Back,,Full Participation in Practice,2012-12-07T14:03:27Z
2012,REG,NYJ,14,00-0027734,LB,Ricky Sapp,Ricky,Sapp,Ankle,,Probable,Ankle,,Full Participation in Practice,2012-12-07T14:03:27Z
2012,REG,NYJ,14,00-0026366,WR,Chaz Schilens,Chaz,Schilens,Knee,,Probable,Knee,,Full Participation in Practice,2012-12-07T14:03:27Z
2012,REG,NYJ,14,00-0020873,LB,Bart Scott,Bart,Scott,Toe,,Probable,Toe,,Full Participation in Practice,2012-12-07T14:03:27Z
2012,REG,NYJ,14,00-0026500,G,Matt Slauson,Matt,Slauson,Knee,,Probable,Knee,,Full Participation in Practice,2012-12-07T14:03:27Z
2012,REG,NYJ,14,00-0020969,G,Brandon Moore,Brandon,Moore,Hip,,Probable,Hip,,Limited Participation in Practice,2012-12-07T14:03:27Z
2012,REG,OAK,14,00-0020442,DT,Richard Seymour,Richard,Seymour,Knee,Hamstring,Out,Knee,Hamstring,Did Not Participate In Practice,2012-12-05T12:24:47Z
2012,REG,OAK,14,00-0027610,CB,Phillip Adams,Phillip,Adams,Concussion,,Questionable,Concussion,,Limited Participation in Practice,2012-12-05T12:24:16Z
2012,REG,OAK,14,00-0029627,DE,Jack Crawford,Jack,Crawford,Toe,,Questionable,Toe,,Limited Participation in Practice,2012-12-05T12:24:26Z
2012,REG,OAK,14,00-0026240,S,Tyvon Branch,Tyvon,Branch,Neck,,Probable,Neck,,Full Participation in Practice,2012-12-05T12:24:07Z
2012,REG,OAK,14,00-0029702,WR,Juron Criner,Juron,Criner,Shoulder,,Probable,Shoulder,,Full Participation in Practice,2012-12-05T12:24:07Z
2012,REG,OAK,14,00-0023569,S,Matt Giordano,Matt,Giordano,Concussion,,Probable,Concussion,,Full Participation in Practice,2012-12-05T12:24:07Z
2012,REG,OAK,14,00-0027080,RB,Mike Goodson,Mike,Goodson,Ankle,,Probable,Ankle,,Full Participation in Practice,2012-12-05T12:24:07Z
2012,REG,OAK,14,00-0028063,RB,Taiwan Jones,Taiwan,Jones,Ankle,,Probable,Ankle,,Full Participation in Practice,2012-12-05T12:24:07Z
2012,REG,OAK,14,00-0026144,RB,Darren McFadden,Darren,McFadden,Ankle,,Probable,Ankle,,Full Participation in Practice,2012-12-05T12:24:07Z
2012,REG,OAK,14,00-0027023,S,Michael Mitchell,Michael,Mitchell,Concussion,,Probable,Concussion,,Full Participation in Practice,2012-12-05T12:24:07Z
2012,REG,OAK,14,00-0027135,TE,Brandon Myers,Brandon,Myers,Shoulder,,Probable,Shoulder,,Full Participation in Practice,2012-12-05T12:24:07Z
2012,REG,OAK,14,00-0021429,QB,Carson Palmer,Carson,Palmer,right Thumb,,Probable,right Thumb,,Full Participation in Practice,2012-12-05T12:24:07Z
2012,REG,OAK,14,00-0026393,RB,Marcel Reece,Marcel,Reece,Hamstring,Quadricep,Probable,Hamstring,Quadricep,Full Participation in Practice,2012-12-05T12:24:07Z
2012,REG,OAK,14,00-0023487,T,Khalif Barnes,Khalif,Barnes,Triceps,,Probable,Triceps,,Limited Participation in Practice,2012-12-05T12:24:07Z
2012,REG,PHI,14,00-0027835,S,Kurt Coleman,Kurt,Coleman,Chest,,Out,Chest,,Did Not Participate In Practice,2012-12-07T10:36:10Z
2012,REG,PHI,14,00-0027029,RB,LeSean McCoy,LeSean,McCoy,Concussion,,Out,Concussion,,Did Not Participate In Practice,2012-12-07T10:36:40Z
2012,REG,PHI,14,00-0023466,DT,Mike Patterson,Mike,Patterson,Illness,,Out,Illness,,Did Not Participate In Practice,2012-12-07T10:37:04Z
2012,REG,PHI,14,00-0020245,QB,Michael Vick,Michael,Vick,Concussion,,Out,Concussion,,Did Not Participate In Practice,2012-12-07T10:36:35Z
2012,REG,PHI,14,00-0029518,T,Nate Menkin,Nate,Menkin,Throat,,Out,Throat,,Out (Definitely Will Not Play),2012-12-07T10:36:28Z
2012,REG,PHI,14,00-0029438,RB,Chris Polk,Chris,Polk,Toe,,Questionable,Toe,,Limited Participation in Practice,2012-12-07T10:36:53Z
2012,REG,PHI,14,00-0027652,S,Nate Allen,Nate,Allen,Shoulder,,Probable,Shoulder,,Full Participation in Practice,2012-12-07T10:35:42Z
2012,REG,PHI,14,00-0029653,DT,Fletcher Cox,Fletcher,Cox,Tailbone,,Probable,Tailbone,,Full Participation in Practice,2012-12-07T10:35:42Z
2012,REG,PHI,14,00-0028178,RB,Stanley Havili,Stanley,Havili,Ankle,,Probable,Ankle,,Full Participation in Practice,2012-12-07T10:35:42Z
2012,REG,PHI,14,00-0029409,LB,Mychal Kendricks,Mychal,Kendricks,Shoulder,,Probable,Shoulder,,Full Participation in Practice,2012-12-07T10:35:42Z
2012,REG,PHI,14,00-0026574,G,Dallas Reynolds,Dallas,Reynolds,Ankle,,Probable,Ankle,,Full Participation in Practice,2012-12-07T10:35:42Z
2012,REG,PHI,14,00-0026156,CB,Dominique Rodgers-Cromartie,Dominique,Rodgers-Cromartie,Knee,,Probable,Knee,,Full Participation in Practice,2012-12-07T10:35:42Z
2012,REG,PIT,14,00-0029202,T,Mike Adams,Mike,Adams,Ankle,,Out,Ankle,,Did Not Participate In Practice,2012-12-07T11:33:20Z
2012,REG,PIT,14,00-0021891,CB,Ivan Taylor,Ivan,Taylor,Ankle,,Out,Ankle,,Did Not Participate In Practice,2012-12-07T11:33:53Z
2012,REG,PIT,14,00-0025433,LB,LaMarr Woodley,LaMarr,Woodley,Ankle,,Out,Ankle,,Did Not Participate In Practice,2012-12-07T11:34:02Z
2012,REG,PIT,14,00-0022177,QB,Byron Leftwich,Byron,Leftwich,Ribs,,Questionable,Ribs,,Did Not Participate In Practice,2012-12-07T11:34:07Z
2012,REG,PIT,14,00-0027793,WR,Antonio Brown,Antonio,Brown,Ankle,,Probable,Ankle,,Full Participation in Practice,2012-12-07T11:33:13Z
2012,REG,PIT,14,00-0028952,P,Drew Butler,Drew,Butler,Illness,,Probable,Illness,,Full Participation in Practice,2012-12-07T11:33:13Z
2012,REG,PIT,14,00-0020840,S,Ryan Clark,Ryan,Clark,Hip,,Probable,Hip,,Full Participation in Practice,2012-12-07T11:33:13Z
2012,REG,PIT,14,00-0024193,T,Willie Colon,Willie,Colon,Knee,,Probable,Knee,,Full Participation in Practice,2012-12-07T11:33:13Z
2012,REG,PIT,14,00-0022811,WR,Jerricho Cotchery,Jerricho,Cotchery,Ribs,,Probable,Ribs,,Full Participation in Practice,2012-12-07T11:33:13Z
2012,REG,PIT,14,00-0028841,RB,Will Johnson,Will,Johnson,Concussion,,Probable,Concussion,,Full Participation in Practice,2012-12-07T11:33:13Z
2012,REG,PIT,14,00-0022119,S,Troy Polamalu,Troy,Polamalu,Not Injury Related,,Probable,Not Injury Related,,Full Participation in Practice,2012-12-07T11:33:13Z
2012,REG,PIT,14,00-0022924,QB,Ben Roethlisberger,Ben,Roethlisberger,Right Shoulder,,Probable,Right Shoulder,,Full Participation in Practice,2012-12-07T11:33:13Z
2012,REG,PIT,14,00-0027685,WR,Emmanuel Sanders,Emmanuel,Sanders,Shoulder,,Probable,Shoulder,,Full Participation in Practice,2012-12-07T11:33:13Z
2012,REG,PIT,14,00-0026901,WR,Mike Wallace,Mike,Wallace,Knee,,Probable,Knee,,Full Participation in Practice,2012-12-07T11:33:13Z
2012,REG,SD,14,00-0027682,LB,Donald Butler,Donald,Butler,Groin,,Out,Groin,,Did Not Participate In Practice,2012-12-07T12:42:23Z
2012,REG,SD,14,00-0024401,T,Jeromey Clary,Jeromey,Clary,Knee,,Out,Knee,,Did Not Participate In Practice,2012-12-07T12:42:29Z
2012,REG,SD,14,00-0026182,WR,Eddie Royal,Eddie,Royal,Hamstring,,Out,Hamstring,,Did Not Participate In Practice,2012-12-07T12:42:35Z
2012,REG,SD,14,00-0027097,G,Tyronne Green,Tyronne,Green,Hamstring,,Doubtful,Hamstring,,Did Not Participate In Practice,2012-12-07T12:42:42Z
2012,REG,SD,14,00-0029457,T,Mike Harris,Mike,Harris,Ankle,,Questionable,Ankle,,Did Not Participate In Practice,2012-12-07T12:42:47Z
2012,REG,SD,14,00-0022139,LB,Jarret Johnson,Jarret,Johnson,Back,,Probable,Back,,Full Participation in Practice,2012-12-07T12:42:13Z
2012,REG,SD,14,00-0026317,S,Corey Lynch,Corey,Lynch,Quadricep,,Probable,Quadricep,,Full Participation in Practice,2012-12-07T12:42:13Z
2012,REG,SD,14,00-0025542,TE,Dante Rosario,Dante,Rosario,Hamstring,,Probable,Hamstring,,Full Participation in Practice,2012-12-07T12:42:13Z
2012,REG,SD,14,00-0027710,S,Darrell Stuckey,Darrell,Stuckey,Hamstring,,Probable,Hamstring,,Full Participation in Practice,2012-12-07T12:42:13Z
2012,REG,SEA,14,00-0022046,CB,Marcus Trufant,Marcus,Trufant,Hamstring,,Out,Hamstring,,Did Not Participate In Practice,2012-12-07T13:15:38Z
2012,REG,SEA,14,00-0023533,LB,LeRoy Hill,LeRoy,Hill,Ankle,,Questionable,Ankle,,Limited Participation in Practice,2012-12-07T13:15:30Z
2012,REG,SEA,14,00-0025399,RB,Marshawn Lynch,Marshawn,Lynch,Back,,Probable,Back,,Full Participation in Practice,2012-12-07T13:15:22Z
2012,REG,SEA,14,00-0027025,C,Max Unger,Max,Unger,Hip,,Probable,Hip,,Full Participation in Practice,2012-12-07T13:15:22Z
2012,REG,SEA,14,00-0026261,DE,Red Bryant,Red,Bryant,Foot,,Probable,Foot,,Limited Participation in Practice,2012-12-07T13:15:22Z
2012,REG,SEA,14,00-0027733,S,Kam Chancellor,Kam,Chancellor,Groin,,Probable,Groin,,Limited Participation in Practice,2012-12-07T13:15:22Z
2012,REG,SEA,14,00-0025431,WR,Sidney Rice,Sidney,Rice,Head,,Probable,Head,,Limited Participation in Practice,2012-12-07T13:15:22Z
2012,REG,SF,14,00-0026235,WR,Mario Manningham,Mario,Manningham,Shoulder,,Doubtful,Shoulder,,Did Not Participate In Practice,2012-12-07T13:07:45Z
2012,REG,SF,14,00-0000108,K,David Akers,David,Akers,Pelvis,,Probable,Pelvis,,Full Participation in Practice,2012-12-07T13:07:35Z
2012,REG,SF,14,00-0027894,LB,Navorro Bowman,Navorro,Bowman,Shoulder,,Probable,Shoulder,,Full Participation in Practice,2012-12-07T13:07:35Z
2012,REG,SF,14,00-0025534,CB,Tarell Brown,Tarell,Brown,Hamstring,,Probable,Hamstring,,Full Participation in Practice,2012-12-07T13:07:35Z
2012,REG,SF,14,00-0028018,CB,Chris Culliver,Chris,Culliver,Illness,,Probable,Illness,,Full Participation in Practice,2012-12-07T13:07:35Z
2012,REG,SF,14,00-0026211,LB,Tavares Gooden,Tavares,Gooden,Knee,Elbow,Probable,Knee,Elbow,Full Participation in Practice,2012-12-07T13:07:35Z
2012,REG,SF,14,00-0023500,RB,Frank Gore,Frank,Gore,Wrist,,Probable,Wrist,,Full Participation in Practice,2012-12-07T13:07:35Z
2012,REG,SF,14,00-0027869,G,Mike Iupati,Mike,Iupati,Shoulder,,Probable,Shoulder,,Full Participation in Practice,2012-12-07T13:07:35Z
2012,REG,SF,14,00-0023444,CB,Carlos Rogers,Carlos,Rogers,Knee,,Probable,Knee,,Full Participation in Practice,2012-12-07T13:07:35Z
2012,REG,SF,14,00-0025398,LB,Patrick Willis,Patrick,Willis,Shoulder,,Probable,Shoulder,,Full Participation in Practice,2012-12-07T13:07:35Z
2012,REG,SF,14,00-0027945,LB,Aldon Smith,Aldon,Smith,Shoulder,,Probable,Shoulder,,Limited Participation in Practice,2012-12-07T13:07:35Z
2012,REG,STL,14,00-0028274,C,Tim Barnes,Tim,Barnes,,,,Not Injury Related,,Did Not Participate In Practice,2012-12-06T15:34:30Z
2012,REG,STL,14,00-0028651,TE,Mike McNeill,Mike,McNeill,Thigh,,Out,Thigh,,Did Not Participate In Practice,2012-12-07T11:51:45Z
2012,REG,STL,14,00-0022034,LB,Mario Haggan,Mario,Haggan,Elbow,,Questionable,Elbow,,Full Participation in Practice,2012-12-07T11:51:38Z
2012,REG,STL,14,00-0026035,WR,Danny Amendola,Danny,Amendola,Foot,,Questionable,Foot,,Limited Participation in Practice,2012-12-07T11:51:22Z
2012,REG,STL,14,00-0022736,RB,Steven Jackson,Steven,Jackson,Foot,,Probable,Foot,,Full Participation in Practice,2012-12-07T11:51:11Z
2012,REG,STL,14,00-0022832,C,Scott Wells,Scott,Wells,Knee,,Probable,Knee,,Full Participation in Practice,2012-12-07T11:51:11Z
2012,REG,TB,14,00-0028678,CB,LeQuan Lewis,LeQuan,Lewis,Knee,,Out,Knee,,Did Not Participate In Practice,2012-12-07T11:30:07Z
2012,REG,TB,14,00-0027055,DT,Roy Miller,Roy,Miller,Head,,Questionable,Head,,Full Participation in Practice,2012-12-07T11:30:13Z
2012,REG,TB,14,00-0023496,WR,Vincent Jackson,Vincent,Jackson,Calf,,Probable,Calf,,Full Participation in Practice,2012-12-07T11:30:00Z
2012,REG,TB,14,00-0024559,RB,Danny Ware,Danny,Ware,Illness,,Probable,Illness,,Full Participation in Practice,2012-12-07T11:30:00Z
2012,REG,TEN,14,00-0020466,G,Steve Hutchinson,Steve,Hutchinson,,,,Knee,,Did Not Participate In Practice,2012-12-05T13:23:39Z
2012,REG,TEN,14,00-0028047,LB,Colin McCarthy,Colin,McCarthy,Concussion,,Out,Concussion,,Did Not Participate In Practice,2012-12-07T11:16:06Z
2012,REG,TEN,14,00-0027893,WR,Damian Williams,Damian,Williams,Hamstring,,Out,Hamstring,,Did Not Participate In Practice,2012-12-07T11:16:23Z
2012,REG,TEN,14,00-0026266,WR,Lavelle Hawkins,Lavelle,Hawkins,Ankle,,Questionable,Ankle,,Full Participation in Practice,2012-12-07T11:15:58Z
2012,REG,TEN,14,00-0023476,T,Michael Roos,Michael,Roos,Knee,,Questionable,Knee,,Full Participation in Practice,2012-12-07T11:16:15Z
2012,REG,TEN,14,00-0024228,DE,Kamerion Wimbley,Kamerion,Wimbley,Toe,,Questionable,Toe,,Full Participation in Practice,2012-12-07T11:16:29Z
2012,REG,TEN,14,00-0027006,WR,Kenny Britt,Kenny,Britt,Knee,,Probable,Knee,,Full Participation in Practice,2012-12-07T11:15:42Z
2012,REG,TEN,14,00-0027061,TE,Jared Cook,Jared,Cook,Neck,,Probable,Neck,,Full Participation in Practice,2012-12-07T11:15:15Z
2012,REG,TEN,14,00-0028068,RB,Jamie Harper,Jamie,Harper,Ankle,,Probable,Ankle,,Full Participation in Practice,2012-12-07T11:15:15Z
2012,REG,TEN,14,00-0027946,QB,Jake Locker,Jake,Locker,left Shoulder,,Probable,left Shoulder,,Full Participation in Practice,2012-12-07T11:15:15Z
2012,REG,TEN,14,00-0027705,CB,Alterraun Verner,Alterraun,Verner,Illness,,Probable,Illness,,Full Participation in Practice,2012-12-07T11:15:33Z
2012,REG,WAS,14,00-0005322,LB,London Fletcher,London,Fletcher,Ankle,,Questionable,Ankle,,Limited Participation in Practice,2012-12-07T11:43:18Z
2012,REG,WAS,14,00-0022923,CB,DeAngelo Hall,DeAngelo,Hall,Ankle,Knee,Questionable,Ankle,Knee,Limited Participation in Practice,2012-12-07T11:43:24Z
2012,REG,WAS,14,00-0027857,T,Trent Williams,Trent,Williams,Thigh,,Questionable,Thigh,,Limited Participation in Practice,2012-12-07T11:43:29Z
2012,REG,WAS,14,00-0026345,WR,Pierre Garcon,Pierre,Garcon,Foot,,Probable,Foot,,Full Participation in Practice,2012-12-07T11:43:12Z
2012,REG,WAS,14,00-0024515,P,Saverio Rocca,Saverio,Rocca,right Knee,,Probable,right Knee,,Full Participation in Practice,2012-12-07T11:43:12Z
2012,REG,WAS,14,00-0025442,CB,Josh Wilson,Josh,Wilson,Shoulder,,Probable,Shoulder,,Full Participation in Practice,2012-12-07T11:43:12Z
2012,REG,ARI,15,00-0026221,WR,Early Doucet,Early,Doucet,Concussion,,Out,Concussion,,Did Not Participate In Practice,2012-12-14T11:47:55Z
2012,REG,ARI,15,00-0023567,S,James Sanders,James,Sanders,Calf,,Doubtful,Calf,,Did Not Participate In Practice,2012-12-14T11:48:15Z
2012,REG,ARI,15,00-0028007,TE,Rob Housler,Rob,Housler,Knee,Ankle,Questionable,Knee,Ankle,Did Not Participate In Practice,2012-12-14T11:49:37Z
2012,REG,ARI,15,00-0026190,DE,Calais Campbell,Calais,Campbell,Calf,,Questionable,Calf,,Limited Participation in Practice,2012-12-14T11:47:48Z
2012,REG,ARI,15,00-0026791,DE,Ronald Talley,Ronald,Talley,Ankle,,Questionable,Ankle,,Limited Participation in Practice,2012-12-14T11:48:31Z
2012,REG,ARI,15,00-0027877,DT,Dan Williams,Dan,Williams,Hamstring,,Questionable,Hamstring,,Limited Participation in Practice,2012-12-14T11:48:25Z
2012,REG,ARI,15,00-0022010,DT,Nick Eason,Nick,Eason,Ankle,,Probable,Ankle,,Full Participation in Practice,2012-12-14T11:47:38Z
2012,REG,ARI,15,00-0019435,LS,Mike Leach,Mike,Leach,Back,Shoulder,Probable,Back,Shoulder,Full Participation in Practice,2012-12-14T11:47:38Z
2012,REG,ARI,15,00-0023557,S,Kerry Rhodes,Kerry,Rhodes,Abdomen,,Probable,Abdomen,,Full Participation in Practice,2012-12-14T11:47:38Z
2012,REG,ARI,15,00-0027691,WR,Andre Roberts,Andre,Roberts,Ankle,,Probable,Ankle,,Full Participation in Practice,2012-12-14T11:47:38Z
2012,REG,ARI,15,00-0026910,CB,Gregory Toler,Gregory,Toler,Hamstring,,Probable,Hamstring,,Full Participation in Practice,2012-12-14T11:47:38Z
2012,REG,ARI,15,00-0027007,RB,Chris Wells,Chris,Wells,Knee,,Probable,Knee,,Full Participation in Practice,2012-12-14T11:47:38Z
2012,REG,ATL,15,00-0027031,S,William Moore,William,Moore,Hamstring,,Questionable,Hamstring,,Did Not Participate In Practice,2012-12-14T11:50:08Z
2012,REG,ATL,15,00-0023462,WR,Roddy White,Roddy,White,Knee,,Questionable,Knee,,Did Not Participate In Practice,2012-12-14T11:50:16Z
2012,REG,ATL,15,00-0023494,DT,Jonathan Babineaux,Jonathan,Babineaux,Ribs,,Questionable,Ribs,,Limited Participation in Practice,2012-12-14T11:49:52Z
2012,REG,ATL,15,00-0026224,WR,Harry Douglas,Harry,Douglas,Ribs,,Questionable,Ribs,,Limited Participation in Practice,2012-12-14T11:50:01Z
2012,REG,ATL,15,00-0026161,T,Sam Baker,Sam,Baker,Hand,,Probable,Hand,,Full Participation in Practice,2012-12-14T11:49:45Z
2012,REG,ATL,15,00-0025426,G,Justin Blalock,Justin,Blalock,Elbow,,Probable,Elbow,,Full Participation in Practice,2012-12-14T11:49:45Z
2012,REG,ATL,15,00-0021956,CB,Asante Samuel,Asante,Samuel,Shoulder,,Probable,Shoulder,,Full Participation in Practice,2012-12-14T11:49:45Z
2012,REG,BAL,15,00-0026407,LB,Jameel McClain,Jameel,McClain,Neck,,Out,Neck,,Out (Definitely Will Not Play),2012-12-14T11:39:52Z
2012,REG,BAL,15,00-0027675,TE,Ed Dickson,Ed,Dickson,Knee,,Doubtful,Knee,,Limited Participation in Practice,2012-12-14T11:36:13Z
2012,REG,BAL,15,00-0024269,S,Bernard Pollard,Bernard,Pollard,Chest,,Questionable,Chest,,Did Not Participate In Practice,2012-12-14T11:37:51Z
2012,REG,BAL,15,00-0025473,G,Marshal Yanda,Marshal,Yanda,Ankle,,Questionable,Ankle,,Did Not Participate In Practice,2012-12-14T11:36:33Z
2012,REG,BAL,15,00-0027965,CB,Jimmy Smith,Jimmy,Smith,Abdomen,,Questionable,Abdomen,,Full Participation in Practice,2012-12-14T11:36:26Z
2012,REG,BAL,15,00-0022161,LB,Terrell Suggs,Terrell,Suggs,Biceps,,Questionable,Biceps,,Full Participation in Practice,2012-12-14T11:36:50Z
2012,REG,BAL,15,00-0026857,LB,Dannell Ellerbe,Dannell,Ellerbe,Ankle,,Questionable,Ankle,,Limited Participation in Practice,2012-12-14T11:36:18Z
2012,REG,BAL,15,00-0027756,DT,Arthur Jones,Arthur,Jones,Shoulder,,Questionable,Shoulder,,Limited Participation in Practice,2012-12-14T11:37:26Z
2012,REG,BAL,15,00-0022397,RB,Vonta Leach,Vonta,Leach,Ankle,,Questionable,Ankle,,Limited Participation in Practice,2012-12-14T11:37:34Z
2012,REG,BAL,15,00-0028103,DE,Pernell McPhee,Pernell,McPhee,Thigh,,Questionable,Thigh,,Limited Participation in Practice,2012-12-14T11:37:43Z
2012,REG,BAL,15,00-0028102,CB,Chykie Brown,Chykie,Brown,Knee,,Probable,Knee,,Full Participation in Practice,2012-12-14T11:36:02Z
2012,REG,BAL,15,00-0025460,WR,Jacoby Jones,Jacoby,Jones,Ankle,,Probable,Ankle,,Full Participation in Practice,2012-12-14T11:36:02Z
2012,REG,BAL,15,00-0021377,S,Ed Reed,Ed,Reed,Shoulder,,Probable,Shoulder,,Full Participation in Practice,2012-12-14T11:36:02Z
2012,REG,BAL,15,00-0029388,WR,Deonte Thompson,Deonte,Thompson,Thigh,,Probable,Thigh,,Full Participation in Practice,2012-12-14T11:36:02Z
2012,REG,BAL,15,00-0028288,WR,LaQuan Williams,LaQuan,Williams,Thigh,,Probable,Thigh,,Full Participation in Practice,2012-12-14T11:36:02Z
2012,REG,BAL,15,00-0029264,RB,Bernard Pierce,Bernard,Pierce,Back,,Probable,Back,,Limited Participation in Practice,2012-12-14T11:36:02Z
2012,REG,BAL,15,00-0026195,RB,Ray Rice,Ray,Rice,Hip,,Probable,Hip,,Limited Participation in Practice,2012-12-14T11:36:02Z
2012,REG,BUF,15,00-0024204,RB,Fred Jackson,Fred,Jackson,Knee,,Out,Knee,,Did Not Participate In Practice,2012-12-14T09:42:58Z
2012,REG,BUF,15,00-0027004,C,Eric Wood,Eric,Wood,Knee,,Out,Knee,,Did Not Participate In Practice,2012-12-14T09:43:05Z
2012,REG,BUF,15,00-0024373,DE,Mark Anderson,Mark,Anderson,Knee,,Questionable,Knee,,Limited Participation in Practice,2012-12-14T09:43:14Z
2012,REG,BUF,15,00-0021990,LB,Nick Barnett,Nick,Barnett,Knee,,Questionable,Knee,,Limited Participation in Practice,2012-12-14T09:43:20Z
2012,REG,BUF,15,00-0027018,S,Jairus Byrd,Jairus,Byrd,Shin,,Questionable,Shin,,Limited Participation in Practice,2012-12-14T09:43:28Z
2012,REG,BUF,15,00-0027941,DE,Marcell Dareus,Marcell,Dareus,Shoulder,,Questionable,Shoulder,,Limited Participation in Practice,2012-12-14T09:43:36Z
2012,REG,BUF,15,00-0022610,DT,Spencer Johnson,Spencer,Johnson,Knee,,Questionable,Knee,,Limited Participation in Practice,2012-12-14T09:44:06Z
2012,REG,BUF,15,00-0027518,WR,Donald Jones,Donald,Jones,Calf,,Questionable,Calf,,Limited Participation in Practice,2012-12-14T09:44:13Z
2012,REG,BUF,15,00-0027027,G,Andy Levitre,Andy,Levitre,Knee,,Questionable,Knee,,Limited Participation in Practice,2012-12-14T09:44:45Z
2012,REG,BUF,15,00-0026151,CB,Leodis McKelvin,Leodis,McKelvin,Groin,,Questionable,Groin,,Limited Participation in Practice,2012-12-14T09:44:53Z
2012,REG,BUF,15,00-0028144,CB,Justin Rogers,Justin,Rogers,Foot,,Questionable,Foot,,Limited Participation in Practice,2012-12-14T09:45:00Z
2012,REG,BUF,15,00-0029280,CB,Ron Brooks,Ron,Brooks,Hip,,Probable,Hip,,Full Participation in Practice,2012-12-14T09:42:35Z
2012,REG,BUF,15,00-0025516,TE,Scott Chandler,Scott,Chandler,Groin,,Probable,Groin,,Full Participation in Practice,2012-12-14T09:42:35Z
2012,REG,BUF,15,00-0028038,S,Da'Norris Searcy,Da'Norris,Searcy,Hand,,Probable,Hand,,Full Participation in Practice,2012-12-14T09:42:35Z
2012,REG,BUF,15,00-0028097,TE,Lee Smith,Lee,Smith,Knee,,Probable,Knee,,Full Participation in Practice,2012-12-14T09:42:35Z
2012,REG,BUF,15,00-0027861,RB,C.J. Spiller,C.J.,Spiller,Shoulder,,Probable,Shoulder,,Full Participation in Practice,2012-12-14T09:42:35Z
2012,REG,BUF,15,00-0027053,G,Kraig Urbik,Kraig,Urbik,Knee,,Probable,Knee,,Full Participation in Practice,2012-12-14T09:42:35Z
2012,REG,BUF,15,00-0027972,CB,Aaron Williams,Aaron,Williams,Knee,,Probable,Knee,,Full Participation in Practice,2012-12-14T09:42:35Z
2012,REG,BUF,15,00-0023750,DE,Mario Williams,Mario,Williams,Wrist,,Probable,Wrist,,Full Participation in Practice,2012-12-14T09:42:35Z
2012,REG,BUF,15,00-0024348,DT,Kyle Williams,Kyle,Williams,Ankle,,Probable,Ankle,,Full Participation in Practice,2012-12-14T09:42:35Z
2012,REG,BUF,15,00-0028107,LB,Chris White,Chris,White,Thumb,,Probable,Thumb,,Limited Participation in Practice,2012-12-14T09:42:35Z
2012,REG,CAR,15,00-0022750,DT,Dwan Edwards,Dwan,Edwards,Wrist,,Out,Wrist,,Out (Definitely Will Not Play),2012-12-14T10:34:07Z
2012,REG,CAR,15,00-0023602,C,Geoff Hangartner,Geoff,Hangartner,Foot,,Out,Foot,,Out (Definitely Will Not Play),2012-12-14T10:35:31Z
2012,REG,CAR,15,00-0026153,RB,Jonathan Stewart,Jonathan,Stewart,Ankle,,Out,Ankle,,Out (Definitely Will Not Play),2012-12-14T10:37:14Z
2012,REG,CAR,15,00-0028128,S,Colin Jones,Colin,Jones,Groin,,Questionable,Groin,,Did Not Participate In Practice,2012-12-14T10:36:19Z
2012,REG,CAR,15,00-0024303,LB,James Anderson,James,Anderson,Back,,Questionable,Back,,Full Participation in Practice,2012-12-14T10:32:38Z
2012,REG,CAR,15,00-0027681,WR,Brandon LaFell,Brandon,LaFell,Toe,,Questionable,Toe,,Limited Participation in Practice,2012-12-14T10:36:35Z
2012,REG,CAR,15,00-0027485,C,Jeff Byers,Jeff,Byers,Back,,Probable,Back,,Full Participation in Practice,2012-12-14T10:33:02Z
2012,REG,CAR,15,00-0023448,LB,Thomas Davis,Thomas,Davis,Knee,,Probable,Knee,,Full Participation in Practice,2012-12-14T10:33:45Z
2012,REG,CAR,15,00-0026207,S,Charles Godfrey,Charles,Godfrey,Back,,Probable,Back,,Full Participation in Practice,2012-12-14T10:34:31Z
2012,REG,CAR,15,00-0025470,DE,Charles Johnson,Charles,Johnson,Back,,Probable,Back,,Full Participation in Practice,2012-12-14T10:35:50Z
2012,REG,CAR,15,00-0027089,WR,Louis Murphy,Louis,Murphy,Hamstring,,Probable,Hamstring,,Full Participation in Practice,2012-12-14T10:36:55Z
2012,REG,CHI,15,00-0026210,WR,Earl Bennett,Earl,Bennett,Concussion,,Out,Concussion,,Did Not Participate In Practice,2012-12-14T11:36:28Z
2012,REG,CHI,15,00-0024277,CB,Tim Jennings,Tim,Jennings,Shoulder,,Out,Shoulder,,Did Not Participate In Practice,2012-12-14T11:36:38Z
2012,REG,CHI,15,00-0019456,LB,Brian Urlacher,Brian,Urlacher,Hamstring,,Out,Hamstring,,Did Not Participate In Practice,2012-12-14T11:36:52Z
2012,REG,CHI,15,00-0029250,DE,Shea McClellin,Shea,McClellin,Knee,,Doubtful,Knee,,Did Not Participate In Practice,2012-12-14T11:37:03Z
2012,REG,CHI,15,00-0026905,DT,Henry Melton,Henry,Melton,Chest,,Doubtful,Chest,,Did Not Participate In Practice,2012-12-14T11:37:16Z
2012,REG,CHI,15,00-0025487,RB,Michael Bush,Michael,Bush,Ribs,,Questionable,Ribs,,Limited Participation in Practice,2012-12-14T11:37:31Z
2012,REG,CHI,15,00-0026315,LB,Geno Hayes,Geno,Hayes,Knee,,Questionable,Knee,,Limited Participation in Practice,2012-12-14T11:37:42Z
2012,REG,CHI,15,00-0025574,DT,Matt Toeaina,Matt,Toeaina,Knee,,Questionable,Knee,,Limited Participation in Practice,2012-12-14T11:37:56Z
2012,REG,CHI,15,00-0022128,LB,Lance Briggs,Lance,Briggs,Knee,Hip,Probable,Knee,Hip,Full Participation in Practice,2012-12-14T11:36:14Z
2012,REG,CHI,15,00-0024226,QB,Jay Cutler,Jay,Cutler,Neck,Knee,Probable,Neck,Knee,Full Participation in Practice,2012-12-14T11:36:14Z
2012,REG,CHI,15,00-0026298,TE,Kellen Davis,Kellen,Davis,Knee,,Probable,Knee,,Full Participation in Practice,2012-12-14T11:36:14Z
2012,REG,CHI,15,00-0027991,DT,Stephen Paea,Stephen,Paea,Foot,,Probable,Foot,,Full Participation in Practice,2012-12-14T11:36:14Z
2012,REG,CHI,15,00-0024355,T,Jonathan Scott,Jonathan,Scott,Shoulder,,Probable,Shoulder,,Full Participation in Practice,2012-12-14T11:36:14Z
2012,REG,CHI,15,00-0023461,G,Chris Spencer,Chris,Spencer,Knee,,Probable,Knee,,Full Participation in Practice,2012-12-14T11:36:14Z
2012,REG,CHI,15,00-0022123,CB,Charles Tillman,Charles,Tillman,Shoulder,,Probable,Shoulder,,Full Participation in Practice,2012-12-14T11:36:14Z
2012,REG,CIN,15,00-0029560,CB,Dre Kirkpatrick,Dre,Kirkpatrick,Head,Illness,Out,Head,Illness,Did Not Participate In Practice,2012-12-12T08:14:51Z
2012,REG,CIN,15,00-0023482,K,Mike Nugent,Mike,Nugent,right Calf,,Doubtful,right Calf,,Did Not Participate In Practice,2012-12-12T08:15:02Z
2012,REG,CIN,15,00-0026932,RB,Cedric Peerman,Cedric,Peerman,Ankle,,Doubtful,Ankle,,Did Not Participate In Practice,2012-12-12T08:15:10Z
2012,REG,CIN,15,00-0027044,DE,Michael Johnson,Michael,Johnson,Toe,,Questionable,Toe,,Did Not Participate In Practice,2012-12-12T08:15:20Z
2012,REG,CIN,15,00-0028039,G,Clint Boling,Clint,Boling,Illness,,Probable,Illness,,Did Not Participate In Practice,2012-12-12T08:14:43Z
2012,REG,CIN,15,00-0026725,LB,Dan Skuta,Dan,Skuta,Back,,Probable,Back,,Did Not Participate In Practice,2012-12-12T08:12:42Z
2012,REG,CIN,15,00-0028912,LB,Vontaze Burfict,Vontaze,Burfict,Shoulder,,Probable,Shoulder,,Full Participation in Practice,2012-12-12T08:12:42Z
2012,REG,CIN,15,00-0027662,DE,Carlos Dunlap,Carlos,Dunlap,Calf,,Probable,Calf,,Full Participation in Practice,2012-12-12T08:12:42Z
2012,REG,CIN,15,00-0027014,LB,Rey Maualuga,Rey,Maualuga,Shoulder,Knee,Probable,Shoulder,Knee,Full Participation in Practice,2012-12-12T08:12:42Z
2012,REG,CLE,15,00-0029269,WR,Travis Benjamin,Travis,Benjamin,Finger,,Probable,Finger,,Full Participation in Practice,2012-12-14T11:52:47Z
2012,REG,CLE,15,00-0023176,WR,Joshua Cribbs,Joshua,Cribbs,Knee,,Probable,Knee,,Full Participation in Practice,2012-12-14T11:52:47Z
2012,REG,CLE,15,00-0027666,RB,Montario Hardesty,Montario,Hardesty,Knee,,Probable,Knee,,Full Participation in Practice,2012-12-14T11:52:47Z
2012,REG,CLE,15,00-0029279,LB,James-Michael Johnson,James-Michael,Johnson,Thigh,Finger,Probable,Thigh,Finger,Full Participation in Practice,2012-12-14T11:52:47Z
2012,REG,CLE,15,00-0027694,G,Shawn Lauvao,Shawn,Lauvao,Foot,,Probable,Foot,,Full Participation in Practice,2012-12-14T11:52:47Z
2012,REG,CLE,15,00-0019986,DE,Juqua Parker,Juqua,Parker,Knee,,Probable,Knee,,Full Participation in Practice,2012-12-14T11:52:47Z
2012,REG,CLE,15,00-0029675,RB,Trent Richardson,Trent,Richardson,Chest/Rib/Finger,,Probable,Chest/Rib/Finger,,Full Participation in Practice,2012-12-14T11:52:47Z
2012,REG,CLE,15,00-0024306,DE,Frostee Rucker,Frostee,Rucker,Shoulder,,Probable,Shoulder,,Full Participation in Practice,2012-12-14T11:52:47Z
2012,REG,CLE,15,00-0025390,T,Joe Thomas,Joe,Thomas,Back,,Probable,Back,,Full Participation in Practice,2012-12-14T11:52:47Z
2012,REG,DAL,15,00-0023656,DT,Jay Ratliff,Jay,Ratliff,Groin,,Out,Groin,,Did Not Participate In Practice,2012-12-14T11:19:07Z
2012,REG,DAL,15,00-0023445,LB,DeMarcus Ware,DeMarcus,Ware,Elbow,,Questionable,Elbow,,Did Not Participate In Practice,2012-12-14T11:19:16Z
2012,REG,DAL,15,00-0027902,WR,Dez Bryant,Dez,Bryant,Finger,,Questionable,Finger,,Limited Participation in Practice,2012-12-14T11:18:22Z
2012,REG,DAL,15,00-0029676,CB,Morris Claiborne,Morris,Claiborne,Concussion,,Questionable,Concussion,,Limited Participation in Practice,2012-12-14T11:18:33Z
2012,REG,DAL,15,00-0023958,G,Nate Livings,Nate,Livings,Concussion,,Questionable,Concussion,,Limited Participation in Practice,2012-12-14T11:18:47Z
2012,REG,DAL,15,00-0024372,S,Charlie Peprah,Charlie,Peprah,Foot,,Questionable,Foot,,Limited Participation in Practice,2012-12-14T11:19:02Z
2012,REG,DAL,15,00-0024266,G,Ryan Cook,Ryan,Cook,Knee,,Probable,Knee,,Full Participation in Practice,2012-12-14T11:18:14Z
2012,REG,DAL,15,00-0026162,RB,Felix Jones,Felix,Jones,Knee,,Probable,Knee,,Full Participation in Practice,2012-12-14T11:18:14Z
2012,REG,DAL,15,00-0027947,T,Tyron Smith,Tyron,Smith,Ankle,,Probable,Ankle,,Full Participation in Practice,2012-12-14T11:18:14Z
2012,REG,DAL,15,00-0028009,RB,DeMarco Murray,DeMarco,Murray,Foot,,Probable,Foot,,Limited Participation in Practice,2012-12-14T11:18:14Z
2012,REG,DEN,15,00-0026994,DE,Robert Ayers,Robert,Ayers,,,,Not Injury Related,,Did Not Participate In Practice,2012-12-14T12:28:52Z
2012,REG,DEN,15,00-0024375,G,Chris Kuper,Chris,Kuper,Ankle,,Questionable,Ankle,,Limited Participation in Practice,2012-12-14T11:21:39Z
2012,REG,DEN,15,00-0025828,LB,Wesley Woodyard,Wesley,Woodyard,Ankle,,Questionable,Ankle,,Limited Participation in Practice,2012-12-14T11:21:47Z
2012,REG,DEN,15,00-0027606,WR,Trindon Holliday,Trindon,Holliday,Knee,,Probable,Knee,,Full Participation in Practice,2012-12-14T11:21:28Z
2012,REG,DEN,15,00-0027874,WR,Demaryius Thomas,Demaryius,Thomas,Shoulder,,Probable,Shoulder,,Full Participation in Practice,2012-12-14T11:21:28Z
2012,REG,DEN,15,00-0024756,WR,Matt Willis,Matt,Willis,Knee,,Probable,Knee,,Full Participation in Practice,2012-12-14T11:21:28Z
2012,REG,DET,15,00-0020382,DE,Kyle Vanden Bosch,Kyle,Vanden Bosch,,,,Not Injury Related,,Did Not Participate In Practice,2012-12-14T13:00:44Z
2012,REG,DET,15,00-0029210,DE,Ronnell Lewis,Ronnell,Lewis,,,,Illness,,Limited Participation in Practice,2012-12-13T12:56:38Z
2012,REG,DET,15,00-0027951,DT,Nick Fairley,Nick,Fairley,Shoulder,,Doubtful,Shoulder,,Did Not Participate In Practice,2012-12-14T13:01:53Z
2012,REG,DET,15,00-0026996,TE,Brandon Pettigrew,Brandon,Pettigrew,Ankle,,Doubtful,Ankle,,Did Not Participate In Practice,2012-12-14T13:02:01Z
2012,REG,DET,15,00-0027009,S,Louis Delmas,Louis,Delmas,Knee,,Questionable,Knee,,Did Not Participate In Practice,2012-12-14T13:02:15Z
2012,REG,DET,15,00-0025596,T,Corey Hilliard,Corey,Hilliard,Knee,,Probable,Knee,,Full Participation in Practice,2012-12-14T13:01:30Z
2012,REG,DET,15,00-0027124,CB,Don Carey,Don,Carey,Knee,,Probable,Knee,,Limited Participation in Practice,2012-12-14T13:01:30Z
2012,REG,DET,15,00-0025428,CB,Chris Houston,Chris,Houston,Hamstring,,Probable,Hamstring,,Limited Participation in Practice,2012-12-14T13:01:30Z
2012,REG,DET,15,00-0025389,WR,Calvin Johnson,Calvin,Johnson,Knee,,Probable,Knee,,Limited Participation in Practice,2012-12-14T13:01:30Z
2012,REG,DET,15,00-0026674,CB,Jacob Lacey,Jacob,Lacey,Foot,Achilles,Probable,Foot,Achilles,Limited Participation in Practice,2012-12-14T13:01:30Z
2012,REG,GB,15,00-0026176,WR,Jordy Nelson,Jordy,Nelson,Hamstring,,Out,Hamstring,,Did Not Participate In Practice,2012-12-14T12:10:12Z
2012,REG,GB,15,00-0027791,RB,James Starks,James,Starks,Knee,,Out,Knee,,Did Not Participate In Practice,2012-12-14T12:10:22Z
2012,REG,GB,15,00-0027822,DE,C.J. Wilson,C.J.,Wilson,Knee,,Out,Knee,,Did Not Participate In Practice,2012-12-14T12:10:29Z
2012,REG,GB,15,00-0018227,S,Charles Woodson,Charles,Woodson,Collarbone,,Out,Collarbone,,Out (Definitely Will Not Play),2012-12-14T12:10:36Z
2012,REG,GB,15,00-0026275,G,Josh Sitton,Josh,Sitton,Hip,,Questionable,Hip,,Did Not Participate In Practice,2012-12-14T12:09:44Z
2012,REG,GB,15,00-0029291,LB,Terrell Manning,Terrell,Manning,Shoulder,,Questionable,Shoulder,,Full Participation in Practice,2012-12-14T12:10:02Z
2012,REG,GB,15,00-0004541,WR,Donald Driver,Donald,Driver,Thumb,,Questionable,Thumb,,Limited Participation in Practice,2012-12-14T12:09:53Z
2012,REG,GB,15,00-0028069,CB,Davon House,Davon,House,Illness,,Probable,Illness,,Full Participation in Practice,2012-12-14T12:09:23Z
2012,REG,GB,15,00-0027078,G,T.J. Lang,T.J.,Lang,Ankle,,Probable,Ankle,,Full Participation in Practice,2012-12-14T12:09:23Z
2012,REG,GB,15,00-0027002,LB,Clay Matthews,Clay,Matthews,Hamstring,,Probable,Hamstring,,Full Participation in Practice,2012-12-14T12:09:23Z
2012,REG,GB,15,00-0027664,DE,Mike Neal,Mike,Neal,Shoulder,,Probable,Shoulder,,Full Participation in Practice,2012-12-14T12:09:23Z
2012,REG,GB,15,00-0027768,T,Marshall Newhouse,Marshall,Newhouse,Wrist,,Probable,Wrist,,Full Participation in Practice,2012-12-14T12:09:23Z
2012,REG,GB,15,00-0029211,S,Jerron McMillian,Jerron,McMillian,Back,,Probable,Back,,Limited Participation in Practice,2012-12-14T12:09:23Z
2012,REG,HOU,15,00-0025624,CB,Alan Ball,Alan,Ball,Foot,,Out,Foot,,Did Not Participate In Practice,2012-12-14T11:03:59Z
2012,REG,HOU,15,00-0027980,LB,Brooks Reed,Brooks,Reed,Groin,,Out,Groin,,Did Not Participate In Practice,2012-12-14T11:04:16Z
2012,REG,HOU,15,00-0028152,T,Derek Newton,Derek,Newton,Knee,,Questionable,Knee,,Limited Participation in Practice,2012-12-14T11:04:39Z
2012,REG,HOU,15,00-0027081,S,Glover Quin,Glover,Quin,Hip,,Questionable,Hip,,Limited Participation in Practice,2012-12-14T11:05:09Z
2012,REG,HOU,15,00-0027703,LB,Darryl Sharpton,Darryl,Sharpton,Toe,,Questionable,Toe,,Limited Participation in Practice,2012-12-14T11:04:50Z
2012,REG,HOU,15,00-0029417,DE,Jared Crick,Jared,Crick,Neck,,Probable,Neck,,Full Participation in Practice,2012-12-14T11:03:49Z
2012,REG,HOU,15,00-0024313,TE,Owen Daniels,Owen,Daniels,Back,,Probable,Back,,Full Participation in Practice,2012-12-14T11:03:49Z
2012,REG,HOU,15,00-0026373,RB,Justin Forsett,Justin,Forsett,Knee,,Probable,Knee,,Full Participation in Practice,2012-12-14T11:03:49Z
2012,REG,HOU,15,00-0027718,TE,Garrett Graham,Garrett,Graham,Concussion,,Probable,Concussion,,Full Participation in Practice,2012-12-14T11:03:49Z
2012,REG,HOU,15,00-0022137,LB,Bradie James,Bradie,James,Knee,,Probable,Knee,,Full Participation in Practice,2012-12-14T11:03:49Z
2012,REG,HOU,15,00-0028542,WR,Lestar Jean,Lestar,Jean,Knee,Back,Probable,Knee,Back,Full Participation in Practice,2012-12-14T11:03:49Z
2012,REG,HOU,15,00-0029643,LB,Whitney Mercilus,Whitney,Mercilus,Knee,,Probable,Knee,,Full Participation in Practice,2012-12-14T11:03:49Z
2012,REG,HOU,15,00-0027684,DT,Earl Mitchell,Earl,Mitchell,Shoulder,,Probable,Shoulder,,Full Participation in Practice,2012-12-14T11:03:49Z
2012,REG,HOU,15,00-0026417,LB,Jesse Nading,Jesse,Nading,Foot,,Probable,Foot,,Full Participation in Practice,2012-12-14T11:03:49Z
2012,REG,HOU,15,00-0027890,RB,Ben Tate,Ben,Tate,Hamstring,Foot,Probable,Hamstring,Foot,Full Participation in Practice,2012-12-14T11:03:49Z
2012,REG,HOU,15,00-0028090,QB,T.J. Yates,T.J.,Yates,right Elbow,,Probable,right Elbow,,Full Participation in Practice,2012-12-14T11:03:49Z
2012,REG,HOU,15,00-0023472,DT,Shaun Cody,Shaun,Cody,Ribs,Back,Probable,Ribs,Back,Limited Participation in Practice,2012-12-14T11:03:49Z
2012,REG,HOU,15,00-0024365,LB,Tim Dobbins,Tim,Dobbins,Shoulder,,Probable,Shoulder,,Limited Participation in Practice,2012-12-14T11:03:49Z
2012,REG,HOU,15,00-0022684,P,Donnie Jones,Donnie,Jones,right Knee,,Probable,right Knee,,Limited Participation in Practice,2012-12-14T11:03:49Z
2012,REG,HOU,15,00-0024239,CB,Johnathan Joseph,Johnathan,Joseph,Groin,,Probable,Groin,,Limited Participation in Practice,2012-12-14T11:03:49Z
2012,REG,HOU,15,00-0022793,DE,Antonio Smith,Antonio,Smith,Ankle,,Probable,Ankle,,Limited Participation in Practice,2012-12-14T11:03:49Z
2012,REG,HOU,15,00-0022131,G,Wade Smith,Wade,Smith,Knee,Ribs,Probable,Knee,Ribs,Limited Participation in Practice,2012-12-14T11:03:49Z
2012,REG,IND,15,00-0021146,LB,Dwight Freeney,Dwight,Freeney,,,,Not Injury Related,,Full Participation in Practice,2012-12-14T09:52:21Z
2012,REG,IND,15,00-0022059,LB,Robert Mathis,Robert,Mathis,,,,Not Injury Related,,Full Participation in Practice,2012-12-14T09:54:40Z
2012,REG,IND,15,00-0028057,RB,Delone Carter,Delone,Carter,Ankle,,Out,Ankle,,Did Not Participate In Practice,2012-12-14T09:55:50Z
2012,REG,IND,15,00-0027831,LB,Kavell Conner,Kavell,Conner,Hamstring,,Out,Hamstring,,Did Not Participate In Practice,2012-12-14T09:56:23Z
2012,REG,IND,15,00-0024254,T,Winston Justice,Winston,Justice,Biceps,,Out,Biceps,,Did Not Participate In Practice,2012-12-14T09:56:36Z
2012,REG,IND,15,00-0025447,C,Samson Satele,Samson,Satele,Ankle,,Out,Ankle,,Did Not Participate In Practice,2012-12-14T09:56:09Z
2012,REG,IND,15,00-0026226,S,Tom Zbikowski,Tom,Zbikowski,Knee,,Out,Knee,,Did Not Participate In Practice,2012-12-14T09:55:38Z
2012,REG,IND,15,00-0026173,WR,Donnie Avery,Donnie,Avery,Rib,,Probable,Rib,,Full Participation in Practice,2012-12-14T09:55:05Z
2012,REG,IND,15,00-0029697,TE,Coby Fleener,Coby,Fleener,Ankle,,Probable,Ankle,,Full Participation in Practice,2012-12-14T09:55:05Z
2012,REG,IND,15,00-0029668,QB,Andrew Luck,Andrew,Luck,Knee,,Probable,Knee,,Full Participation in Practice,2012-12-14T09:55:05Z
2012,REG,IND,15,00-0026408,G,Joe Reitz,Joe,Reitz,Head,,Probable,Head,,Full Participation in Practice,2012-12-14T09:55:05Z
2012,REG,JAX,15,00-0027155,RB,Rashad Jennings,Rashad,Jennings,Concussion,,Out,Concussion,,Did Not Participate In Practice,2012-12-14T10:21:01Z
2012,REG,JAX,15,00-0024275,RB,Maurice Jones-Drew,Maurice,Jones-Drew,Foot,,Out,Foot,,Did Not Participate In Practice,2012-12-14T10:21:11Z
2012,REG,JAX,15,00-0025407,CB,Aaron Ross,Aaron,Ross,Calf,,Out,Calf,,Did Not Participate In Practice,2012-12-14T10:21:45Z
2012,REG,JAX,15,00-0027818,DE,George Selvie,George,Selvie,Concussion,,Out,Concussion,,Did Not Participate In Practice,2012-12-14T10:21:58Z
2012,REG,JAX,15,00-0028121,RB,Jordan Todman,Jordan,Todman,Calf,,Out,Calf,,Did Not Participate In Practice,2012-12-14T10:22:13Z
2012,REG,JAX,15,00-0027862,DT,Tyson Alualu,Tyson,Alualu,Calf,,Probable,Calf,,Full Participation in Practice,2012-12-14T10:20:48Z
2012,REG,JAX,15,00-0027047,CB,Derek Cox,Derek,Cox,Hamstring,,Probable,Hamstring,,Full Participation in Practice,2012-12-14T10:20:48Z
2012,REG,JAX,15,00-0022897,RB,Greg Jones,Greg,Jones,Thigh,,Probable,Thigh,,Full Participation in Practice,2012-12-14T10:20:48Z
2012,REG,JAX,15,00-0026253,S,Dwight Lowery,Dwight,Lowery,Foot,,Probable,Foot,,Full Participation in Practice,2012-12-14T10:20:48Z
2012,REG,JAX,15,00-0022080,CB,Rashean Mathis,Rashean,Mathis,Groin,,Probable,Groin,,Full Participation in Practice,2012-12-14T10:20:48Z
2012,REG,JAX,15,00-0018956,C,Brad Meester,Brad,Meester,Foot,,Probable,Foot,,Full Participation in Practice,2012-12-14T10:20:48Z
2012,REG,JAX,15,00-0028052,WR,Cecil Shorts,Cecil,Shorts,Concussion,,Probable,Concussion,,Full Participation in Practice,2012-12-14T10:20:48Z
2012,REG,KC,15,00-0025410,WR,Dwayne Bowe,Dwayne,Bowe,Ribs,,Out,Ribs,,Out (Definitely Will Not Play),2012-12-14T11:30:32Z
2012,REG,KC,15,00-0023405,S,Abram Elam,Abram,Elam,Quadricep,,Doubtful,Quadricep,,Did Not Participate In Practice,2012-12-14T11:30:48Z
2012,REG,KC,15,00-0020389,G,Russ Hochstein,Russ,Hochstein,Back,,Doubtful,Back,,Did Not Participate In Practice,2012-12-14T11:32:54Z
2012,REG,KC,15,00-0022350,G,Ryan Lilja,Ryan,Lilja,Knee,,Questionable,Knee,,Full Participation in Practice,2012-12-14T11:33:30Z
2012,REG,KC,15,00-0026155,T,Branden Albert,Branden,Albert,Back,,Questionable,Back,,Limited Participation in Practice,2012-12-14T11:29:56Z
2012,REG,KC,15,00-0027673,G,Jon Asamoah,Jon,Asamoah,Thumb,,Questionable,Thumb,,Limited Participation in Practice,2012-12-14T11:30:12Z
2012,REG,KC,15,00-0027858,S,Eric Berry,Eric,Berry,Hand,,Probable,Hand,,Full Participation in Practice,2012-12-14T11:29:36Z
2012,REG,KC,15,00-0026175,CB,Brandon Flowers,Brandon,Flowers,Hamstring,,Probable,Hamstring,,Full Participation in Practice,2012-12-14T11:29:36Z
2012,REG,KC,15,00-0029298,RB,Cyrus Gray,Cyrus,Gray,Shoulder,Neck,Probable,Shoulder,Neck,Full Participation in Practice,2012-12-14T11:29:36Z
2012,REG,KC,15,00-0023449,LB,Derrick Johnson,Derrick,Johnson,Hamstring,,Probable,Hamstring,,Full Participation in Practice,2012-12-14T11:29:36Z
2012,REG,KC,15,00-0027736,S,Kendrick Lewis,Kendrick,Lewis,Shoulder,,Probable,Shoulder,,Full Participation in Practice,2012-12-14T11:29:36Z
2012,REG,MIA,15,00-0026000,WR,Davone Bess,Davone,Bess,Back,,Out,Back,,Did Not Participate In Practice,2012-12-14T11:38:36Z
2012,REG,MIA,15,00-0027883,LB,Koa Misi,Koa,Misi,Ankle,,Out,Ankle,,Did Not Participate In Practice,2012-12-14T11:38:45Z
2012,REG,MIA,15,00-0022805,DT,Randy Starks,Randy,Starks,Not Injury Related,,Probable,Not Injury Related,,Did Not Participate In Practice,2012-12-14T11:38:27Z
2012,REG,MIA,15,00-0027355,S,Jonathon Amaya,Jonathon,Amaya,Neck,,Probable,Neck,,Full Participation in Practice,2012-12-14T11:38:27Z
2012,REG,MIA,15,00-0027115,S,Chris Clemons,Chris,Clemons,Ribs,,Probable,Ribs,,Full Participation in Practice,2012-12-14T11:38:27Z
2012,REG,MIA,15,00-0022927,LB,Karlos Dansby,Karlos,Dansby,Biceps,,Probable,Biceps,,Full Participation in Practice,2012-12-14T11:38:27Z
2012,REG,MIA,15,00-0025612,P,Brandon Fields,Brandon,Fields,right Knee,,Probable,right Knee,,Full Participation in Practice,2012-12-14T11:38:27Z
2012,REG,MIA,15,00-0027077,WR,Brian Hartline,Brian,Hartline,Glute,,Probable,Glute,,Full Participation in Practice,2012-12-14T11:38:27Z
2012,REG,MIA,15,00-0027843,LB,Austin Spitler,Austin,Spitler,Ankle,,Probable,Ankle,,Full Participation in Practice,2012-12-14T11:38:27Z
2012,REG,MIA,15,00-0028173,S,Jimmy Wilson,Jimmy,Wilson,Hip,,Probable,Hip,,Full Participation in Practice,2012-12-14T11:38:27Z
2012,REG,MIN,15,00-0018093,CB,Antoine Winfield,Antoine,Winfield,Knee,,Questionable,Knee,,Did Not Participate In Practice,2012-12-14T10:53:53Z
2012,REG,MIN,15,00-0022740,DE,Jared Allen,Jared,Allen,Shoulder,,Probable,Shoulder,,Full Participation in Practice,2012-12-14T10:53:37Z
2012,REG,MIN,15,00-0029575,S,Robert Blanton,Robert,Blanton,Neck,,Probable,Neck,,Full Participation in Practice,2012-12-14T10:53:37Z
2012,REG,MIN,15,00-0027108,LB,Jasper Brinkley,Jasper,Brinkley,Shoulder,,Probable,Shoulder,,Full Participation in Practice,2012-12-14T10:53:37Z
2012,REG,MIN,15,00-0026292,DT,Letroy Guion,Letroy,Guion,Shin,,Probable,Shin,,Full Participation in Practice,2012-12-14T10:53:37Z
2012,REG,MIN,15,00-0024413,G,Charlie Johnson,Charlie,Johnson,Ankle,,Probable,Ankle,,Full Participation in Practice,2012-12-14T10:53:37Z
2012,REG,MIN,15,00-0023060,P,Chris Kluwe,Chris,Kluwe,left Knee,right Groin,Probable,left Knee,right Groin,Full Participation in Practice,2012-12-14T10:53:37Z
2012,REG,MIN,15,00-0027030,T,Phil Loadholt,Phil,Loadholt,Knee,,Probable,Knee,,Full Participation in Practice,2012-12-14T10:53:37Z
2012,REG,MIN,15,00-0027981,TE,Kyle Rudolph,Kyle,Rudolph,Shoulder,,Probable,Shoulder,,Full Participation in Practice,2012-12-14T10:53:37Z
2012,REG,MIN,15,00-0027350,CB,A.J. Orange,A.J.,Orange,Concussion,,Probable,Concussion,,Limited Participation in Practice,2012-12-14T10:53:37Z
2012,REG,MIN,15,00-0025394,RB,Adrian Peterson,Adrian,Peterson,Abdomen,,Probable,Abdomen,,Limited Participation in Practice,2012-12-14T10:53:37Z
2012,REG,NE,15,00-0027955,T,Nate Solder,Nate,Solder,,,,Abdomen,,Limited Participation in Practice,2012-12-14T12:56:00Z
2012,REG,NE,15,00-0026071,CB,Kyle Arrington,Kyle,Arrington,Knee,,Questionable,Knee,,Limited Participation in Practice,2012-12-14T12:57:29Z
2012,REG,NE,15,00-0027016,DT,Ron Brace,Ron,Brace,Elbow,,Questionable,Elbow,,Limited Participation in Practice,2012-12-14T12:57:36Z
2012,REG,NE,15,00-0027010,S,Patrick Chung,Patrick,Chung,Shoulder,Hamstring,Questionable,Shoulder,Hamstring,Limited Participation in Practice,2012-12-14T12:57:42Z
2012,REG,NE,15,00-0022979,G,Dan Connolly,Dan,Connolly,Back,,Questionable,Back,,Limited Participation in Practice,2012-12-14T12:57:47Z
2012,REG,NE,15,00-0029596,CB,Alfonzo Dennard,Alfonzo,Dennard,Hamstring,,Questionable,Hamstring,,Limited Participation in Practice,2012-12-14T12:57:52Z
2012,REG,NE,15,00-0027656,TE,Rob Gronkowski,Rob,Gronkowski,Forearm,Hip,Questionable,Forearm,Hip,Limited Participation in Practice,2012-12-14T12:57:58Z
2012,REG,NE,15,00-0027713,TE,Aaron Hernandez,Aaron,Hernandez,Ankle,,Questionable,Ankle,,Limited Participation in Practice,2012-12-14T12:58:03Z
2012,REG,NE,15,00-0029669,LB,Dont'a Hightower,Dont'a,Hightower,Hamstring,,Questionable,Hamstring,,Limited Participation in Practice,2012-12-14T12:58:08Z
2012,REG,NE,15,00-0029585,DE,Chandler Jones,Chandler,Jones,Ankle,,Questionable,Ankle,,Limited Participation in Practice,2012-12-14T12:58:18Z
2012,REG,NE,15,00-0022097,WR,Brandon Lloyd,Brandon,Lloyd,Knee,,Questionable,Knee,,Limited Participation in Practice,2012-12-14T12:58:25Z
2012,REG,NE,15,00-0027236,DT,Kyle Love,Kyle,Love,Knee,,Questionable,Knee,,Limited Participation in Practice,2012-12-14T12:58:31Z
2012,REG,NE,15,00-0023467,G,Logan Mankins,Logan,Mankins,Ankle,Calf,Questionable,Ankle,Calf,Limited Participation in Practice,2012-12-14T12:58:37Z
2012,REG,NE,15,00-0027435,C,Nick McDonald,Nick,McDonald,Shoulder,,Questionable,Shoulder,,Limited Participation in Practice,2012-12-14T12:58:47Z
2012,REG,NE,15,00-0027668,LB,Brandon Spikes,Brandon,Spikes,Knee,Ankle,Questionable,Knee,Ankle,Limited Participation in Practice,2012-12-14T12:58:55Z
2012,REG,NE,15,00-0026160,CB,Aqib Talib,Aqib,Talib,Hip,,Questionable,Hip,,Limited Participation in Practice,2012-12-14T12:59:02Z
2012,REG,NE,15,00-0027034,T,Sebastian Vollmer,Sebastian,Vollmer,Back,Knee,Questionable,Back,Knee,Limited Participation in Practice,2012-12-14T12:59:09Z
2012,REG,NE,15,00-0022427,WR,Wes Welker,Wes,Welker,Ankle,,Questionable,Ankle,,Limited Participation in Practice,2012-12-14T12:59:16Z
2012,REG,NE,15,00-0021645,LB,Tracy White,Tracy,White,Elbow,,Questionable,Elbow,,Limited Participation in Practice,2012-12-14T12:59:21Z
2012,REG,NE,15,00-0026150,LB,Jerod Mayo,Jerod,Mayo,Elbow,,Probable,Elbow,,Full Participation in Practice,2012-12-14T12:56:11Z
2012,REG,NO,15,00-0027669,T,Charles Brown,Charles,Brown,Knee,,Out,Knee,,Did Not Participate In Practice,2012-12-14T11:03:02Z
2012,REG,NO,15,00-0027531,RB,Chris Ivory,Chris,Ivory,Hamstring,,Out,Hamstring,,Did Not Participate In Practice,2012-12-14T11:03:20Z
2012,REG,NO,15,00-0026990,S,Malcolm Jenkins,Malcolm,Jenkins,Hamstring,,Out,Hamstring,,Did Not Participate In Practice,2012-12-14T11:03:29Z
2012,REG,NO,15,00-0024424,T,Zach Strief,Zach,Strief,Ankle,,Out,Ankle,,Did Not Participate In Practice,2012-12-14T11:03:38Z
2012,REG,NO,15,00-0029658,CB,Corey White,Corey,White,Knee,,Out,Knee,,Did Not Participate In Practice,2012-12-14T11:03:46Z
2012,REG,NO,15,00-0026072,RB,Jed Collins,Jed,Collins,Toe,,Questionable,Toe,,Limited Participation in Practice,2012-12-14T11:03:12Z
2012,REG,NYG,15,00-0027957,CB,Prince Amukamara,Prince,Amukamara,Hamstring,,Out,Hamstring,,Did Not Participate In Practice,2012-12-14T10:17:03Z
2012,REG,NYG,15,00-0025637,RB,Ahmad Bradshaw,Ahmad,Bradshaw,Knee,Foot,Out,Knee,Foot,Did Not Participate In Practice,2012-12-14T10:17:20Z
2012,REG,NYG,15,00-0026171,S,Kenny Phillips,Kenny,Phillips,Knee,,Out,Knee,,Did Not Participate In Practice,2012-12-14T10:17:33Z
2012,REG,NYG,15,00-0028136,S,Tyler Sash,Tyler,Sash,Hamstring,,Out,Hamstring,,Did Not Participate In Practice,2012-12-14T10:17:41Z
2012,REG,NYG,15,00-0023593,LB,Michael Boley,Michael,Boley,Back,,Questionable,Back,,Limited Participation in Practice,2012-12-14T10:17:12Z
2012,REG,NYG,15,00-0023468,C,David Baas,David,Baas,Shoulder,,Probable,Shoulder,,Full Participation in Practice,2012-12-14T10:16:55Z
2012,REG,NYG,15,00-0027070,TE,Travis Beckum,Travis,Beckum,Knee,,Probable,Knee,,Full Participation in Practice,2012-12-14T10:16:55Z
2012,REG,NYG,15,00-0027867,DE,Jason Pierre-Paul,Jason,Pierre-Paul,Back,,Probable,Back,,Full Participation in Practice,2012-12-14T10:16:55Z
2012,REG,NYG,15,00-0027005,WR,Hakeem Nicks,Hakeem,Nicks,Knee,,Probable,Knee,,Limited Participation in Practice,2012-12-14T10:16:55Z
2012,REG,NYJ,15,00-0027338,CB,Aaron Berry,Aaron,Berry,Hamstring,,Doubtful,Hamstring,,Did Not Participate In Practice,2012-12-15T10:09:21Z
2012,REG,NYJ,15,00-0028995,WR,Stephen Hill,Stephen,Hill,Knee,,Doubtful,Knee,,Did Not Participate In Practice,2012-12-15T10:10:07Z
2012,REG,NYJ,15,00-0026170,TE,Dustin Keller,Dustin,Keller,Ankle,,Doubtful,Ankle,,Did Not Participate In Practice,2012-12-15T10:10:20Z
2012,REG,NYJ,15,00-0021081,LB,Bryan Thomas,Bryan,Thomas,Chest,,Doubtful,Chest,,Did Not Participate In Practice,2012-12-15T10:11:22Z
2012,REG,NYJ,15,00-0023438,WR,Braylon Edwards,Braylon,Edwards,Hamstring,,Questionable,Hamstring,,Limited Participation in Practice,2012-12-15T10:09:36Z
2012,REG,NYJ,15,00-0028049,WR,Edmond Gates,Edmond,Gates,Concussion,,Questionable,Concussion,,Limited Participation in Practice,2012-12-15T10:09:54Z
2012,REG,NYJ,15,00-0023523,DT,Sione Pouha,Sione,Pouha,Back,,Questionable,Back,,Limited Participation in Practice,2012-12-15T10:10:53Z
2012,REG,NYJ,15,00-0027321,TE,Jeff Cumberland,Jeff,Cumberland,Wrist,,Probable,Wrist,,Full Participation in Practice,2012-12-15T10:09:04Z
2012,REG,NYJ,15,00-0028032,DT,Kenrick Ellis,Kenrick,Ellis,Knee,,Probable,Knee,,Full Participation in Practice,2012-12-15T10:09:04Z
2012,REG,NYJ,15,00-0029040,DT,Damon Harrison,Damon,Harrison,Ankle,,Probable,Ankle,,Full Participation in Practice,2012-12-15T10:09:04Z
2012,REG,NYJ,15,00-0025393,S,LaRon Landry,LaRon,Landry,Heel,,Probable,Heel,,Full Participation in Practice,2012-12-15T10:09:04Z
2012,REG,NYJ,15,00-0024244,C,Nick Mangold,Nick,Mangold,Shoulder,,Probable,Shoulder,,Full Participation in Practice,2012-12-15T10:09:04Z
2012,REG,NYJ,15,00-0027712,RB,Joe McKnight,Joe,McKnight,Ankle,,Probable,Ankle,,Full Participation in Practice,2012-12-15T10:09:04Z
2012,REG,NYJ,15,00-0020969,G,Brandon Moore,Brandon,Moore,Hip,,Probable,Hip,,Full Participation in Practice,2012-12-15T10:09:04Z
2012,REG,NYJ,15,00-0022120,LB,Calvin Pace,Calvin,Pace,Shoulder,,Probable,Shoulder,,Full Participation in Practice,2012-12-15T10:09:04Z
2012,REG,NYJ,15,00-0028064,RB,Bilal Powell,Bilal,Powell,Shoulder,Toe,Probable,Shoulder,Toe,Full Participation in Practice,2012-12-15T10:09:04Z
2012,REG,NYJ,15,00-0026898,QB,Mark Sanchez,Mark,Sanchez,Back,,Probable,Back,,Full Participation in Practice,2012-12-15T10:09:04Z
2012,REG,NYJ,15,00-0027734,LB,Ricky Sapp,Ricky,Sapp,Ankle,,Probable,Ankle,,Full Participation in Practice,2012-12-15T10:09:04Z
2012,REG,NYJ,15,00-0020873,LB,Bart Scott,Bart,Scott,Toe,,Probable,Toe,,Full Participation in Practice,2012-12-15T10:09:04Z
2012,REG,NYJ,15,00-0026500,G,Matt Slauson,Matt,Slauson,Knee,,Probable,Knee,,Full Participation in Practice,2012-12-15T10:09:04Z
2012,REG,NYJ,15,00-0027876,QB,Tim Tebow,Tim,Tebow,Ribs,,Probable,Ribs,,Full Participation in Practice,2012-12-15T10:09:04Z
2012,REG,OAK,15,00-0029628,DT,Christo Bilukidi,Christo,Bilukidi,,,,Illness,,Did Not Participate In Practice,2012-12-12T13:45:15Z
2012,REG,OAK,15,00-0020442,DT,Richard Seymour,Richard,Seymour,Hamstring,Knee,Questionable,Hamstring,Knee,Did Not Participate In Practice,2012-12-14T12:44:17Z
2012,REG,OAK,15,00-0026240,S,Tyvon Branch,Tyvon,Branch,Neck,Ankle,Questionable,Neck,Ankle,Limited Participation in Practice,2012-12-14T12:44:05Z
2012,REG,OAK,15,00-0029627,DE,Jack Crawford,Jack,Crawford,Toe,,Probable,Toe,,Full Participation in Practice,2012-12-14T12:43:52Z
2012,REG,OAK,15,00-0024222,CB,Michael Huff,Michael,Huff,Wrist,,Probable,Wrist,,Full Participation in Practice,2012-12-14T12:43:52Z
2012,REG,OAK,15,00-0026144,RB,Darren McFadden,Darren,McFadden,Ankle,,Probable,Ankle,,Full Participation in Practice,2012-12-14T12:43:52Z
2012,REG,OAK,15,00-0027023,S,Michael Mitchell,Michael,Mitchell,Neck,,Probable,Neck,,Full Participation in Practice,2012-12-14T12:43:52Z
2012,REG,OAK,15,00-0023487,T,Khalif Barnes,Khalif,Barnes,Triceps,,Probable,Triceps,,Limited Participation in Practice,2012-12-14T12:43:52Z
2012,REG,PHI,15,00-0027835,S,Kurt Coleman,Kurt,Coleman,Chest,,Out,Chest,,Limited Participation in Practice,2012-12-12T08:53:16Z
2012,REG,PHI,15,00-0027029,RB,LeSean McCoy,LeSean,McCoy,Concussion,,Out,Concussion,,Limited Participation in Practice,2012-12-12T08:53:23Z
2012,REG,PHI,15,00-0020245,QB,Michael Vick,Michael,Vick,Concussion,Illness,Out,Concussion,Illness,Limited Participation in Practice,2012-12-12T08:53:10Z
2012,REG,PHI,15,00-0025549,TE,Brent Celek,Brent,Celek,Concussion,,Out,Concussion,,Out (Definitely Will Not Play),2012-12-12T08:53:29Z
2012,REG,PHI,15,00-0023466,DT,Mike Patterson,Mike,Patterson,Illness,,Out,Illness,,Out (Definitely Will Not Play),2012-12-12T08:53:34Z
2012,REG,PHI,15,00-0029438,RB,Chris Polk,Chris,Polk,Toe,,Questionable,Toe,,Full Participation in Practice,2012-12-12T08:52:53Z
2012,REG,PHI,15,00-0027652,S,Nate Allen,Nate,Allen,Shoulder,,Probable,Shoulder,,Full Participation in Practice,2012-12-12T08:52:43Z
2012,REG,PHI,15,00-0022077,CB,Nnamdi Asomugha,Nnamdi,Asomugha,Neck,Quadricep,Probable,Neck,Quadricep,Full Participation in Practice,2012-12-12T08:52:43Z
2012,REG,PHI,15,00-0028178,RB,Stanley Havili,Stanley,Havili,Ankle,,Probable,Ankle,,Full Participation in Practice,2012-12-12T08:52:43Z
2012,REG,PHI,15,00-0029409,LB,Mychal Kendricks,Mychal,Kendricks,Shoulder,,Probable,Shoulder,,Full Participation in Practice,2012-12-12T08:52:43Z
2012,REG,PHI,15,00-0026995,WR,Jeremy Maclin,Jeremy,Maclin,Groin,,Probable,Groin,,Full Participation in Practice,2012-12-12T08:52:43Z
2012,REG,PHI,15,00-0023514,G,Evan Mathis,Evan,Mathis,Ankle,,Probable,Ankle,,Full Participation in Practice,2012-12-12T08:52:43Z
2012,REG,PHI,15,00-0026574,C,Dallas Reynolds,Dallas,Reynolds,Ankle,,Probable,Ankle,,Full Participation in Practice,2012-12-12T08:52:43Z
2012,REG,PIT,15,00-0029202,T,Mike Adams,Mike,Adams,Ankle,,Out,Ankle,,Did Not Participate In Practice,2012-12-14T10:08:16Z
2012,REG,PIT,15,00-0024193,T,Willie Colon,Willie,Colon,Knee,,Out,Knee,,Did Not Participate In Practice,2012-12-14T10:08:23Z
2012,REG,PIT,15,00-0021891,CB,Ivan Taylor,Ivan,Taylor,Ankle,,Out,Ankle,,Did Not Participate In Practice,2012-12-14T10:08:28Z
2012,REG,PIT,15,00-0028066,CB,Cortez Allen,Cortez,Allen,Groin,,Doubtful,Groin,,Did Not Participate In Practice,2012-12-14T10:08:39Z
2012,REG,PIT,15,00-0027793,WR,Antonio Brown,Antonio,Brown,Illness,,Probable,Illness,,Did Not Participate In Practice,2012-12-14T10:11:14Z
2012,REG,PIT,15,00-0027765,LB,Stevenson Sylvester,Stevenson,Sylvester,Illness,,Probable,Illness,,Did Not Participate In Practice,2012-12-14T10:19:02Z
2012,REG,PIT,15,00-0023003,LS,Greg Warren,Greg,Warren,Illness,,Probable,Illness,,Did Not Participate In Practice,2012-12-14T10:10:53Z
2012,REG,PIT,15,00-0020712,LB,James Harrison,James,Harrison,Illness,,Probable,Illness,,Full Participation in Practice,2012-12-14T10:08:10Z
2012,REG,PIT,15,00-0026903,CB,Keenan Lewis,Keenan,Lewis,Hip,,Probable,Hip,,Full Participation in Practice,2012-12-14T10:08:10Z
2012,REG,PIT,15,00-0022119,S,Troy Polamalu,Troy,Polamalu,Not Injury Related,,Probable,Not Injury Related,,Full Participation in Practice,2012-12-14T10:08:10Z
2012,REG,PIT,15,00-0027685,WR,Emmanuel Sanders,Emmanuel,Sanders,Shoulder,,Probable,Shoulder,,Full Participation in Practice,2012-12-14T10:08:10Z
2012,REG,PIT,15,00-0025433,LB,LaMarr Woodley,LaMarr,Woodley,Ankle,,Probable,Ankle,,Full Participation in Practice,2012-12-14T10:08:10Z
2012,REG,PIT,15,00-0019642,WR,Plaxico Burress,Plaxico,Burress,Not Injury Related,,Probable,Not Injury Related,,Limited Participation in Practice,2012-12-14T10:18:46Z
2012,REG,SD,15,00-0022707,LB,Demorrio Williams,Demorrio,Williams,Ankle,,Out,Ankle,,Did Not Participate In Practice,2012-12-14T13:13:16Z
2012,REG,SD,15,00-0023437,RB,Ronnie Brown,Ronnie,Brown,Hamstring,,Doubtful,Hamstring,,Did Not Participate In Practice,2012-12-14T13:13:25Z
2012,REG,SD,15,00-0027682,LB,Donald Butler,Donald,Butler,Groin,,Doubtful,Groin,,Did Not Participate In Practice,2012-12-14T13:13:36Z
2012,REG,SD,15,00-0024401,T,Jeromey Clary,Jeromey,Clary,Knee,,Doubtful,Knee,,Did Not Participate In Practice,2012-12-14T13:13:49Z
2012,REG,SD,15,00-0027097,G,Tyronne Green,Tyronne,Green,Hamstring,,Doubtful,Hamstring,,Did Not Participate In Practice,2012-12-14T13:13:55Z
2012,REG,SD,15,00-0026182,WR,Eddie Royal,Eddie,Royal,Hamstring,,Questionable,Hamstring,,Full Participation in Practice,2012-12-14T13:14:05Z
2012,REG,SD,15,00-0029457,T,Mike Harris,Mike,Harris,Ankle,,Probable,Ankle,,Full Participation in Practice,2012-12-14T13:13:04Z
2012,REG,SD,15,00-0029256,DE,Kendall Reyes,Kendall,Reyes,Quadricep,,Probable,Quadricep,,Full Participation in Practice,2012-12-14T13:13:04Z
2012,REG,SEA,15,00-0027711,CB,Walter Thurmond,Walter,Thurmond,Hamstring,,Out,Hamstring,,Did Not Participate In Practice,2012-12-14T13:12:33Z
2012,REG,SEA,15,00-0022046,CB,Marcus Trufant,Marcus,Trufant,Hamstring,,Out,Hamstring,,Did Not Participate In Practice,2012-12-14T13:12:39Z
2012,REG,SEA,15,00-0026753,WR,Charly Martin,Charly,Martin,Calf,,Out,Calf,,Out (Definitely Will Not Play),2012-12-14T13:12:19Z
2012,REG,SEA,15,00-0026261,DE,Red Bryant,Red,Bryant,Foot,,Probable,Foot,,Full Participation in Practice,2012-12-14T13:11:44Z
2012,REG,SEA,15,00-0027733,S,Kam Chancellor,Kam,Chancellor,Groin,,Probable,Groin,,Full Participation in Practice,2012-12-14T13:11:44Z
2012,REG,SEA,15,00-0025431,WR,Sidney Rice,Sidney,Rice,Foot,,Probable,Foot,,Full Participation in Practice,2012-12-14T13:11:44Z
2012,REG,SEA,15,00-0025399,RB,Marshawn Lynch,Marshawn,Lynch,Back,,Probable,Back,Foot,Limited Participation in Practice,2012-12-14T13:11:44Z
2012,REG,SF,15,00-0026235,WR,Mario Manningham,Mario,Manningham,Shoulder,,Doubtful,Shoulder,,Did Not Participate In Practice,2012-12-14T13:24:41Z
2012,REG,SF,15,00-0000108,K,David Akers,David,Akers,Pelvis,,Probable,Pelvis,,Full Participation in Practice,2012-12-14T13:24:29Z
2012,REG,SF,15,00-0027894,LB,Navorro Bowman,Navorro,Bowman,Shoulder,,Probable,Shoulder,,Full Participation in Practice,2012-12-14T13:24:29Z
2012,REG,SF,15,00-0025534,CB,Tarell Brown,Tarell,Brown,Shoulder,,Probable,Shoulder,,Full Participation in Practice,2012-12-14T13:24:29Z
2012,REG,SF,15,00-0028018,CB,Chris Culliver,Chris,Culliver,Knee,,Probable,Knee,,Full Participation in Practice,2012-12-14T13:24:29Z
2012,REG,SF,15,00-0023500,RB,Frank Gore,Frank,Gore,Wrist,,Probable,Wrist,,Full Participation in Practice,2012-12-14T13:24:29Z
2012,REG,SF,15,00-0023444,CB,Carlos Rogers,Carlos,Rogers,Knee,,Probable,Knee,,Full Participation in Practice,2012-12-14T13:24:29Z
2012,REG,SF,15,00-0027905,DT,Will Tukuafu,Will,Tukuafu,Wrist,,Probable,Wrist,,Full Participation in Practice,2012-12-14T13:24:29Z
2012,REG,SF,15,00-0025398,LB,Patrick Willis,Patrick,Willis,Shoulder,,Probable,Shoulder,,Full Participation in Practice,2012-12-14T13:24:29Z
2012,REG,SF,15,00-0026211,LB,Tavares Gooden,Tavares,Gooden,Ribs,,Probable,Ribs,,Limited Participation in Practice,2012-12-14T13:24:29Z
2012,REG,SF,15,00-0028149,RB,Bruce Miller,Bruce,Miller,Shoulder,,Probable,Shoulder,,Limited Participation in Practice,2012-12-14T13:24:29Z
2012,REG,SF,15,00-0027945,LB,Aldon Smith,Aldon,Smith,Shoulder,,Probable,Shoulder,,Limited Participation in Practice,2012-12-14T13:24:29Z
2012,REG,STL,15,00-0027248,DT,Jermelle Cudjo,Jermelle,Cudjo,Foot,,Questionable,Foot,,Did Not Participate In Practice,2012-12-14T12:27:28Z
2012,REG,STL,15,00-0022736,RB,Steven Jackson,Steven,Jackson,Foot,,Probable,Foot,,Did Not Participate In Practice,2012-12-14T12:26:12Z
2012,REG,STL,15,00-0029681,CB,Janoris Jenkins,Janoris,Jenkins,Illness,,Probable,Illness,,Did Not Participate In Practice,2012-12-14T12:27:50Z
2012,REG,STL,15,00-0026035,WR,Danny Amendola,Danny,Amendola,Foot,,Probable,Foot,,Full Participation in Practice,2012-12-14T12:26:12Z
2012,REG,STL,15,00-0024796,S,Craig Dahl,Craig,Dahl,Head,,Probable,Head,,Full Participation in Practice,2012-12-14T12:26:12Z
2012,REG,STL,15,00-0024429,CB,Cortland Finnegan,Cortland,Finnegan,Ankle,,Probable,Ankle,,Full Participation in Practice,2012-12-14T12:26:12Z
2012,REG,STL,15,00-0022034,LB,Mario Haggan,Mario,Haggan,Elbow,,Probable,Elbow,,Full Participation in Practice,2012-12-14T12:26:12Z
2012,REG,STL,15,00-0028651,TE,Mike McNeill,Mike,McNeill,Thigh,,Probable,Thigh,,Full Participation in Practice,2012-12-14T12:26:12Z
2012,REG,STL,15,00-0022832,C,Scott Wells,Scott,Wells,Knee,,Probable,Knee,,Full Participation in Practice,2012-12-14T12:26:12Z
2012,REG,STL,15,00-0027011,LB,James Laurinaitis,James,Laurinaitis,Back,,Probable,Back,,Limited Participation in Practice,2012-12-14T12:26:12Z
2012,REG,TB,15,00-0027989,DE,Da'Quan Bowers,Da'Quan,Bowers,Not Injury Related,Hamstring,Questionable,Not Injury Related,Hamstring,Did Not Participate In Practice,2012-12-14T11:21:43Z
2012,REG,TB,15,00-0028678,CB,LeQuan Lewis,LeQuan,Lewis,Knee,,Questionable,Knee,,Limited Participation in Practice,2012-12-14T11:21:52Z
2012,REG,TB,15,00-0026618,DE,Michael Bennett,Michael,Bennett,Shoulder,,Probable,Shoulder,,Full Participation in Practice,2012-12-14T11:21:35Z
2012,REG,TB,15,00-0028160,CB,Anthony Gaitor,Anthony,Gaitor,Hamstring,,Probable,Hamstring,,Full Participation in Practice,2012-12-14T11:21:35Z
2012,REG,TB,15,00-0027112,T,Jamon Meredith,Jamon,Meredith,Ankle,,Probable,Ankle,,Full Participation in Practice,2012-12-14T11:21:35Z
2012,REG,TB,15,00-0027055,DT,Roy Miller,Roy,Miller,Head,,Probable,Head,,Full Participation in Practice,2012-12-14T11:21:35Z
2012,REG,TEN,15,00-0027136,CB,Jason McCourty,Jason,McCourty,,,,Not Injury Related,,Did Not Participate In Practice,2012-12-14T14:46:25Z
2012,REG,TEN,15,00-0028047,LB,Colin McCarthy,Colin,McCarthy,Concussion,,Out,Concussion,,Did Not Participate In Practice,2012-12-15T12:16:55Z
2012,REG,TEN,15,00-0029589,DE,Scott Solomon,Scott,Solomon,Knee,,Out,Knee,,Did Not Participate In Practice,2012-12-15T12:17:08Z
2012,REG,TEN,15,00-0027893,WR,Damian Williams,Damian,Williams,Hamstring,,Out,Hamstring,,Did Not Participate In Practice,2012-12-15T12:17:13Z
2012,REG,TEN,15,00-0027006,WR,Kenny Britt,Kenny,Britt,Knee,,Probable,Knee,,Full Participation in Practice,2012-12-15T12:16:44Z
2012,REG,TEN,15,00-0028015,DT,Jurrell Casey,Jurrell,Casey,Knee,,Probable,Knee,,Full Participation in Practice,2012-12-15T12:16:44Z
2012,REG,TEN,15,00-0025406,CB,Michael Griffin,Michael,Griffin,Neck,,Probable,Neck,,Full Participation in Practice,2012-12-15T12:16:44Z
2012,REG,TEN,15,00-0026164,RB,Chris Johnson,Chris,Johnson,Ankle,,Probable,Ankle,,Full Participation in Practice,2012-12-15T12:16:44Z
2012,REG,TEN,15,00-0027946,QB,Jake Locker,Jake,Locker,left Shoulder,,Probable,left Shoulder,,Full Participation in Practice,2012-12-15T12:16:44Z
2012,REG,TEN,15,00-0023476,T,Michael Roos,Michael,Roos,Knee,,Probable,Knee,,Full Participation in Practice,2012-12-15T12:16:44Z
2012,REG,TEN,15,00-0024228,DE,Kamerion Wimbley,Kamerion,Wimbley,Toe,,Probable,Toe,,Full Participation in Practice,2012-12-15T12:16:44Z
2012,REG,WAS,15,00-0005322,LB,London Fletcher,London,Fletcher,Ankle,,Questionable,Ankle,,Did Not Participate In Practice,2012-12-14T12:08:39Z
2012,REG,WAS,15,00-0029665,QB,Robert Griffin,Robert,Griffin,Knee,,Questionable,Knee,,Limited Participation in Practice,2012-12-14T12:08:43Z
2012,REG,WAS,15,00-0027857,T,Trent Williams,Trent,Williams,Thigh,,Questionable,Thigh,,Limited Participation in Practice,2012-12-14T12:08:57Z
2012,REG,WAS,15,00-0026512,DT,Chris Baker,Chris,Baker,Wrist,,Probable,Wrist,,Full Participation in Practice,2012-12-14T12:08:26Z
2012,REG,WAS,15,00-0028996,CB,Richard Crawford,Richard,Crawford,Knee,,Probable,Knee,,Full Participation in Practice,2012-12-14T12:08:26Z
2012,REG,WAS,15,00-0026345,WR,Pierre Garcon,Pierre,Garcon,Foot,,Probable,Foot,,Full Participation in Practice,2012-12-14T12:08:26Z
2012,REG,WAS,15,00-0027954,LB,Ryan Kerrigan,Ryan,Kerrigan,Ankle,,Probable,Ankle,,Full Participation in Practice,2012-12-14T12:08:26Z
2012,REG,WAS,15,00-0025442,CB,Josh Wilson,Josh,Wilson,Shoulder,,Probable,Shoulder,,Full Participation in Practice,2012-12-14T12:08:26Z
2012,REG,WAS,15,00-0029141,RB,Alfred Morris,Alfred,Morris,Illness,,Probable,Illness,,Limited Participation in Practice,2012-12-14T12:09:19Z
2012,REG,ARI,16,00-0026221,WR,Early Doucet,Early,Doucet,Concussion,,Out,Concussion,,Did Not Participate In Practice,2012-12-21T12:06:14Z
2012,REG,ARI,16,00-0026324,G,Mike Gibson,Mike,Gibson,Calf,,Out,Calf,,Did Not Participate In Practice,2012-12-21T12:06:22Z
2012,REG,ARI,16,00-0026192,LB,Quentin Groves,Quentin,Groves,Foot,,Questionable,Foot,,Limited Participation in Practice,2012-12-21T12:06:31Z
2012,REG,ARI,16,00-0028007,TE,Rob Housler,Rob,Housler,Knee,,Questionable,Knee,,Limited Participation in Practice,2012-12-21T12:06:36Z
2012,REG,ARI,16,00-0027067,S,Rashad Johnson,Rashad,Johnson,Hamstring,,Questionable,Hamstring,,Limited Participation in Practice,2012-12-21T12:06:48Z
2012,REG,ARI,16,00-0029551,T,Nate Potter,Nate,Potter,Ankle,,Questionable,Ankle,,Limited Participation in Practice,2012-12-21T12:07:08Z
2012,REG,ARI,16,00-0023567,S,James Sanders,James,Sanders,Calf,,Questionable,Calf,,Limited Participation in Practice,2012-12-21T12:06:42Z
2012,REG,ARI,16,00-0028074,RB,Anthony Sherman,Anthony,Sherman,Knee,,Questionable,Knee,,Limited Participation in Practice,2012-12-21T12:07:02Z
2012,REG,ARI,16,00-0026791,DE,Ronald Talley,Ronald,Talley,Ankle,,Questionable,Ankle,,Limited Participation in Practice,2012-12-21T12:06:55Z
2012,REG,ARI,16,00-0027877,DT,Dan Williams,Dan,Williams,Hamstring,,Questionable,Hamstring,,Limited Participation in Practice,2012-12-21T12:07:15Z
2012,REG,ARI,16,00-0026190,DE,Calais Campbell,Calais,Campbell,Calf,,Probable,Calf,,Full Participation in Practice,2012-12-21T12:06:05Z
2012,REG,ARI,16,00-0019435,LS,Mike Leach,Mike,Leach,Back,Shoulder,Probable,Back,Shoulder,Full Participation in Practice,2012-12-21T12:06:05Z
2012,REG,ARI,16,00-0026910,CB,Gregory Toler,Gregory,Toler,Hamstring,,Probable,Hamstring,,Full Participation in Practice,2012-12-21T12:06:05Z
2012,REG,ATL,16,00-0028168,DE,Cliff Matthews,Cliff,Matthews,Hamstring,,Questionable,Hamstring,,Did Not Participate In Practice,2012-12-21T08:25:47Z
2012,REG,ATL,16,00-0027031,S,William Moore,William,Moore,Hamstring,,Questionable,Hamstring,,Did Not Participate In Practice,2012-12-21T08:25:54Z
2012,REG,ATL,16,00-0023494,DT,Jonathan Babineaux,Jonathan,Babineaux,Ribs,,Questionable,Ribs,,Limited Participation in Practice,2012-12-21T08:25:32Z
2012,REG,ATL,16,00-0022245,T,Tyson Clabo,Tyson,Clabo,Thigh,,Questionable,Thigh,,Limited Participation in Practice,2012-12-21T08:25:38Z
2012,REG,ATL,16,00-0027062,CB,Christopher Owens,Christopher,Owens,Hamstring,,Questionable,Hamstring,,Limited Participation in Practice,2012-12-21T08:26:03Z
2012,REG,ATL,16,00-0023462,WR,Roddy White,Roddy,White,Knee,,Questionable,Knee,,Limited Participation in Practice,2012-12-21T08:26:08Z
2012,REG,ATL,16,00-0026224,WR,Harry Douglas,Harry,Douglas,Ribs,,Probable,Ribs,,Full Participation in Practice,2012-12-21T08:25:23Z
2012,REG,BAL,16,00-0026407,LB,Jameel McClain,Jameel,McClain,Neck,,Out,Neck,,Did Not Participate In Practice,2012-12-21T12:16:39Z
2012,REG,BAL,16,00-0024269,S,Bernard Pollard,Bernard,Pollard,Chest,,Doubtful,Chest,,Did Not Participate In Practice,2012-12-21T12:17:02Z
2012,REG,BAL,16,00-0028061,WR,Tandon Doss,Tandon,Doss,Ankle,,Questionable,Ankle,,Did Not Participate In Practice,2012-12-21T12:16:18Z
2012,REG,BAL,16,00-0029264,RB,Bernard Pierce,Bernard,Pierce,Head,,Questionable,Head,,Did Not Participate In Practice,2012-12-21T12:16:56Z
2012,REG,BAL,16,00-0026857,LB,Dannell Ellerbe,Dannell,Ellerbe,Ankle,,Questionable,Ankle,,Limited Participation in Practice,2012-12-21T12:16:23Z
2012,REG,BAL,16,00-0022397,RB,Vonta Leach,Vonta,Leach,Ankle,,Questionable,Ankle,,Limited Participation in Practice,2012-12-21T12:16:32Z
2012,REG,BAL,16,00-0027560,DE,Albert McClellan,Albert,McClellan,Thigh,Shoulder,Questionable,Thigh,Shoulder,Limited Participation in Practice,2012-12-21T12:16:45Z
2012,REG,BAL,16,00-0027996,WR,Torrey Smith,Torrey,Smith,Head,,Questionable,Head,,Limited Participation in Practice,2012-12-21T12:17:12Z
2012,REG,BAL,16,00-0025473,G,Marshal Yanda,Marshal,Yanda,Ankle,,Questionable,Ankle,,Limited Participation in Practice,2012-12-21T12:17:22Z
2012,REG,BAL,16,00-0027675,TE,Ed Dickson,Ed,Dickson,Knee,,Probable,Knee,,Full Participation in Practice,2012-12-21T12:16:07Z
2012,REG,BAL,16,00-0025753,S,James Ihedigbo,James,Ihedigbo,Neck,,Probable,Neck,,Full Participation in Practice,2012-12-21T12:16:07Z
2012,REG,BAL,16,00-0027756,DT,Arthur Jones,Arthur,Jones,Shoulder,,Probable,Shoulder,,Full Participation in Practice,2012-12-21T12:16:07Z
2012,REG,BAL,16,00-0028103,DE,Pernell McPhee,Pernell,McPhee,Thigh,,Probable,Thigh,,Full Participation in Practice,2012-12-21T12:16:07Z
2012,REG,BAL,16,00-0021377,S,Ed Reed,Ed,Reed,Shoulder,,Probable,Shoulder,,Full Participation in Practice,2012-12-21T12:16:07Z
2012,REG,BAL,16,00-0027965,CB,Jimmy Smith,Jimmy,Smith,Abdomen,,Probable,Abdomen,,Full Participation in Practice,2012-12-21T12:16:07Z
2012,REG,BAL,16,00-0022161,LB,Terrell Suggs,Terrell,Suggs,Biceps,,Probable,Biceps,,Full Participation in Practice,2012-12-21T12:16:07Z
2012,REG,BAL,16,00-0029388,WR,Deonte Thompson,Deonte,Thompson,Thigh,,Probable,Thigh,,Full Participation in Practice,2012-12-21T12:16:07Z
2012,REG,BAL,16,00-0028288,WR,LaQuan Williams,LaQuan,Williams,Thigh,,Probable,Thigh,,Full Participation in Practice,2012-12-21T12:16:07Z
2012,REG,BUF,16,00-0027708,WR,Marcus Easley,Marcus,Easley,Hamstring,,Out,Hamstring,,Did Not Participate In Practice,2012-12-21T09:29:18Z
2012,REG,BUF,16,00-0026151,CB,Leodis McKelvin,Leodis,McKelvin,Groin,,Out,Groin,,Did Not Participate In Practice,2012-12-21T09:29:02Z
2012,REG,BUF,16,00-0028107,LB,Chris White,Chris,White,Hamstring,,Out,Hamstring,,Did Not Participate In Practice,2012-12-21T09:29:35Z
2012,REG,BUF,16,00-0024373,DE,Mark Anderson,Mark,Anderson,Knee,,Out,Knee,,Limited Participation in Practice,2012-12-21T09:27:50Z
2012,REG,BUF,16,00-0027777,LB,Arthur Moats,Arthur,Moats,Ankle,,Out,Ankle,,Out (Definitely Will Not Play),2012-12-21T09:29:29Z
2012,REG,BUF,16,00-0027004,C,Eric Wood,Eric,Wood,Knee,,Questionable,Knee,,Limited Participation in Practice,2012-12-21T09:29:47Z
2012,REG,BUF,16,00-0027018,S,Jairus Byrd,Jairus,Byrd,Foot,,Probable,Foot,,Full Participation in Practice,2012-12-21T09:27:41Z
2012,REG,BUF,16,00-0027941,DT,Marcell Dareus,Marcell,Dareus,Knee,Wrist,Probable,Knee,Wrist,Full Participation in Practice,2012-12-21T09:30:05Z
2012,REG,BUF,16,00-0028097,TE,Lee Smith,Lee,Smith,Back,,Probable,Back,,Full Participation in Practice,2012-12-21T09:27:41Z
2012,REG,BUF,16,00-0027861,RB,C.J. Spiller,C.J.,Spiller,Shoulder,,Probable,Shoulder,,Full Participation in Practice,2012-12-21T09:27:41Z
2012,REG,BUF,16,00-0027972,CB,Aaron Williams,Aaron,Williams,Knee,,Probable,Knee,,Full Participation in Practice,2012-12-21T09:27:41Z
2012,REG,BUF,16,00-0023750,DE,Mario Williams,Mario,Williams,Wrist,,Probable,Wrist,,Full Participation in Practice,2012-12-21T09:27:41Z
2012,REG,BUF,16,00-0021990,LB,Nick Barnett,Nick,Barnett,Knee,,Probable,Knee,,Limited Participation in Practice,2012-12-21T09:27:41Z
2012,REG,BUF,16,00-0025516,TE,Scott Chandler,Scott,Chandler,Foot,,Probable,Foot,,Limited Participation in Practice,2012-12-21T09:27:41Z
2012,REG,BUF,16,00-0027027,G,Andy Levitre,Andy,Levitre,Knee,,Probable,Knee,,Limited Participation in Practice,2012-12-21T09:27:41Z
2012,REG,BUF,16,00-0028144,CB,Justin Rogers,Justin,Rogers,Foot,,Probable,Foot,,Limited Participation in Practice,2012-12-21T09:27:41Z
2012,REG,BUF,16,00-0024348,DT,Kyle Williams,Kyle,Williams,Ankle,,Probable,Ankle,,Limited Participation in Practice,2012-12-21T09:27:41Z
2012,REG,CAR,16,00-0023602,C,Geoff Hangartner,Geoff,Hangartner,Foot,,Doubtful,Foot,,Did Not Participate In Practice,2012-12-21T10:41:42Z
2012,REG,CAR,16,00-0026715,T,Garry Williams,Garry,Williams,Illness,,Questionable,Illness,,Did Not Participate In Practice,2012-12-21T10:42:53Z
2012,REG,CAR,16,00-0026153,RB,Jonathan Stewart,Jonathan,Stewart,Ankle,,Questionable,Ankle,,Limited Participation in Practice,2012-12-21T10:42:33Z
2012,REG,CAR,16,00-0025470,DE,Charles Johnson,Charles,Johnson,Not Injury Related,,Probable,Not Injury Related,,Did Not Participate In Practice,2012-12-21T10:42:01Z
2012,REG,CAR,16,00-0027385,G,Thomas Austin,Thomas,Austin,Illness,,Probable,Illness,,Full Participation in Practice,2012-12-21T10:39:37Z
2012,REG,CAR,16,00-0028738,T,Byron Bell,Byron,Bell,Illness,,Probable,Illness,,Full Participation in Practice,2012-12-21T10:39:56Z
2012,REG,CAR,16,00-0023448,LB,Thomas Davis,Thomas,Davis,Not Injury Related,,Probable,Not Injury Related,,Full Participation in Practice,2012-12-21T10:40:27Z
2012,REG,CAR,16,00-0022750,DT,Dwan Edwards,Dwan,Edwards,Wrist,,Probable,Wrist,,Full Participation in Practice,2012-12-21T10:40:49Z
2012,REG,CAR,16,00-0022117,T,Jordan Gross,Jordan,Gross,Not Injury Related,,Probable,Not Injury Related,,Full Participation in Practice,2012-12-21T10:41:19Z
2012,REG,CAR,16,00-0027681,WR,Brandon LaFell,Brandon,LaFell,Toe,,Probable,Toe,,Full Participation in Practice,2012-12-21T10:44:19Z
2012,REG,CHI,16,00-0019456,LB,Brian Urlacher,Brian,Urlacher,Hamstring,,Out,Hamstring,,Did Not Participate In Practice,2012-12-21T11:26:26Z
2012,REG,CHI,16,00-0026905,DT,Henry Melton,Henry,Melton,Chest,,Doubtful,Chest,,Limited Participation in Practice,2012-12-21T11:26:02Z
2012,REG,CHI,16,00-0024129,LB,Blake Costanzo,Blake,Costanzo,Calf,,Questionable,Calf,,Did Not Participate In Practice,2012-12-21T11:25:34Z
2012,REG,CHI,16,00-0026210,WR,Earl Bennett,Earl,Bennett,Concussion,,Questionable,Concussion,,Limited Participation in Practice,2012-12-21T11:25:25Z
2012,REG,CHI,16,00-0024277,CB,Tim Jennings,Tim,Jennings,Shoulder,,Questionable,Shoulder,,Limited Participation in Practice,2012-12-21T11:25:47Z
2012,REG,CHI,16,00-0024355,T,Jonathan Scott,Jonathan,Scott,Hamstring,,Questionable,Hamstring,,Limited Participation in Practice,2012-12-21T11:26:17Z
2012,REG,CHI,16,00-0026315,LB,Geno Hayes,Geno,Hayes,Knee,,Probable,Knee,,Full Participation in Practice,2012-12-21T11:25:13Z
2012,REG,CHI,16,00-0024334,WR,Brandon Marshall,Brandon,Marshall,Hamstring,,Probable,Hamstring,,Full Participation in Practice,2012-12-21T11:25:13Z
2012,REG,CHI,16,00-0029250,DE,Shea McClellin,Shea,McClellin,Knee,,Probable,Knee,,Full Participation in Practice,2012-12-21T11:25:13Z
2012,REG,CIN,16,00-0029560,CB,Dre Kirkpatrick,Dre,Kirkpatrick,Head,,Questionable,Head,,Did Not Participate In Practice,2012-12-21T11:15:54Z
2012,REG,CIN,16,00-0023482,K,Mike Nugent,Mike,Nugent,right Calf,,Questionable,right Calf,,Did Not Participate In Practice,2012-12-21T11:16:01Z
2012,REG,CIN,16,00-0023441,CB,Adam Jones,Adam,Jones,Hamstring,,Questionable,Hamstring,,Limited Participation in Practice,2012-12-21T11:15:20Z
2012,REG,CIN,16,00-0026932,RB,Cedric Peerman,Cedric,Peerman,Ankle,,Questionable,Ankle,,Limited Participation in Practice,2012-12-21T11:16:08Z
2012,REG,CIN,16,00-0028912,LB,Vontaze Burfict,Vontaze,Burfict,Illness,,Probable,Illness,,Did Not Participate In Practice,2012-12-21T11:14:58Z
2012,REG,CIN,16,00-0025630,LS,Clark Harris,Clark,Harris,Not Injury Related,,Probable,Not Injury Related,,Did Not Participate In Practice,2012-12-21T11:15:40Z
2012,REG,CIN,16,00-0027662,DE,Carlos Dunlap,Carlos,Dunlap,Illness,,Probable,Illness,,Full Participation in Practice,2012-12-21T11:12:43Z
2012,REG,CIN,16,00-0026982,T,Andre Smith,Andre,Smith,Foot,,Probable,Foot,,Full Participation in Practice,2012-12-21T11:12:43Z
2012,REG,CIN,16,00-0024270,T,Andrew Whitworth,Andrew,Whitworth,Head,,Probable,Head,,Full Participation in Practice,2012-12-21T11:12:43Z
2012,REG,CLE,16,00-0028040,TE,Jordan Cameron,Jordan,Cameron,Head,,Out,Head,,Did Not Participate In Practice,2012-12-21T12:15:08Z
2012,REG,CLE,16,00-0028924,S,Tashaun Gipson,Tashaun,Gipson,Foot,,Out,Foot,,Did Not Participate In Practice,2012-12-21T12:15:22Z
2012,REG,CLE,16,00-0027026,WR,Mohamed Massaquoi,Mohamed,Massaquoi,Knee,,Out,Knee,,Did Not Participate In Practice,2012-12-21T12:15:36Z
2012,REG,CLE,16,00-0023506,TE,Alex Smith,Alex,Smith,Knee,Illness,Questionable,Knee,Illness,Did Not Participate In Practice,2012-12-21T12:16:09Z
2012,REG,CLE,16,00-0029378,DT,Ishmaa'ily Kitchen,Ishmaa'ily,Kitchen,Calf,,Questionable,Calf,,Limited Participation in Practice,2012-12-21T12:17:32Z
2012,REG,CLE,16,00-0024306,DE,Frostee Rucker,Frostee,Rucker,Shoulder,Hip,Questionable,Shoulder,Hip,Limited Participation in Practice,2012-12-21T12:15:54Z
2012,REG,CLE,16,00-0029290,T,Ryan Miller,Ryan,Miller,Not Injury Related,,Probable,Not Injury Related,,Did Not Participate In Practice,2012-12-21T12:16:40Z
2012,REG,CLE,16,00-0029269,WR,Travis Benjamin,Travis,Benjamin,Finger,,Probable,Finger,,Full Participation in Practice,2012-12-21T12:14:52Z
2012,REG,CLE,16,00-0026239,T,Oniel Cousins,Oniel,Cousins,Shin,,Probable,Shin,,Full Participation in Practice,2012-12-21T12:14:52Z
2012,REG,CLE,16,00-0027666,RB,Montario Hardesty,Montario,Hardesty,Knee,,Probable,Knee,,Full Participation in Practice,2012-12-21T12:14:52Z
2012,REG,CLE,16,00-0027694,G,Shawn Lauvao,Shawn,Lauvao,Head,Foot,Probable,Head,Foot,Full Participation in Practice,2012-12-21T12:14:52Z
2012,REG,CLE,16,00-0029675,RB,Trent Richardson,Trent,Richardson,Chest/Rib/Finger,,Probable,Chest/Rib/Finger,,Full Participation in Practice,2012-12-21T12:14:52Z
2012,REG,CLE,16,00-0025390,T,Joe Thomas,Joe,Thomas,Back,,Probable,Back,,Full Participation in Practice,2012-12-21T12:14:52Z
2012,REG,CLE,16,00-0023176,WR,Joshua Cribbs,Joshua,Cribbs,Knee,,Probable,Knee,,Limited Participation in Practice,2012-12-21T12:14:52Z
2012,REG,CLE,16,00-0019986,DE,Juqua Parker,Juqua,Parker,Knee,,Probable,Knee,,Limited Participation in Practice,2012-12-21T12:14:52Z
2012,REG,CLE,16,00-0027959,DT,Phillip Taylor,Phillip,Taylor,Knee,Calf,Probable,Knee,Calf,Limited Participation in Practice,2012-12-21T12:14:52Z
2012,REG,DAL,16,00-0023656,DT,Jay Ratliff,Jay,Ratliff,Groin,,Out,Groin,,Did Not Participate In Practice,2012-12-21T11:17:30Z
2012,REG,DAL,16,00-0026780,WR,Kevin Ogletree,Kevin,Ogletree,Illness,,Questionable,Illness,,Did Not Participate In Practice,2012-12-21T11:18:00Z
2012,REG,DAL,16,00-0024224,LB,Ernie Sims,Ernie,Sims,Concussion,,Questionable,Concussion,,Full Participation in Practice,2012-12-21T11:17:40Z
2012,REG,DAL,16,00-0029676,CB,Morris Claiborne,Morris,Claiborne,Concussion,,Probable,Concussion,,Full Participation in Practice,2012-12-21T11:17:11Z
2012,REG,DAL,16,00-0026162,RB,Felix Jones,Felix,Jones,Knee,,Probable,Knee,,Full Participation in Practice,2012-12-21T11:17:11Z
2012,REG,DAL,16,00-0024372,S,Charlie Peprah,Charlie,Peprah,Foot,,Probable,Foot,,Full Participation in Practice,2012-12-21T11:17:11Z
2012,REG,DAL,16,00-0027902,WR,Dez Bryant,Dez,Bryant,Finger,,Probable,Finger,,Limited Participation in Practice,2012-12-21T11:17:11Z
2012,REG,DAL,16,00-0028009,RB,DeMarco Murray,DeMarco,Murray,Foot,,Probable,Foot,,Limited Participation in Practice,2012-12-21T11:17:11Z
2012,REG,DAL,16,00-0023445,LB,DeMarcus Ware,DeMarcus,Ware,Elbow,,Probable,Elbow,,Limited Participation in Practice,2012-12-21T11:17:11Z
2012,REG,DEN,16,00-0000585,CB,Champ Bailey,Champ,Bailey,,,,Not Injury Related,,Did Not Participate In Practice,2012-12-19T12:47:19Z
2012,REG,DEN,16,00-0024375,G,Chris Kuper,Chris,Kuper,Ankle,Head,Doubtful,Ankle,Head,Did Not Participate In Practice,2012-12-21T11:28:53Z
2012,REG,DEN,16,00-0027419,RB,Chris Gronkowski,Chris,Gronkowski,Hamstring,,Questionable,Hamstring,,Limited Participation in Practice,2012-12-21T11:29:03Z
2012,REG,DEN,16,00-0022247,S,Mike Adams,Mike,Adams,Knee,,Probable,Knee,,Full Participation in Practice,2012-12-21T11:28:32Z
2012,REG,DEN,16,00-0027690,WR,Eric Decker,Eric,Decker,Ankle,,Probable,Ankle,,Full Participation in Practice,2012-12-21T11:28:32Z
2012,REG,DEN,16,00-0027606,WR,Trindon Holliday,Trindon,Holliday,Knee,,Probable,Knee,,Full Participation in Practice,2012-12-21T11:28:32Z
2012,REG,DEN,16,00-0022019,C,Dan Koppen,Dan,Koppen,Knee,,Probable,Knee,,Full Participation in Practice,2012-12-21T11:28:32Z
2012,REG,DEN,16,00-0023287,S,Jim Leonhard,Jim,Leonhard,Ankle,,Probable,Ankle,,Full Participation in Practice,2012-12-21T11:28:32Z
2012,REG,DEN,16,00-0026988,RB,Knowshon Moreno,Knowshon,Moreno,Ribs,,Probable,Ribs,,Full Participation in Practice,2012-12-21T11:28:32Z
2012,REG,DEN,16,00-0023648,DT,Kevin Vickerson,Kevin,Vickerson,Groin,,Probable,Groin,,Full Participation in Practice,2012-12-21T11:28:32Z
2012,REG,DEN,16,00-0024756,WR,Matt Willis,Matt,Willis,Knee,,Probable,Knee,,Full Participation in Practice,2012-12-21T11:28:32Z
2012,REG,DEN,16,00-0025828,LB,Wesley Woodyard,Wesley,Woodyard,Ankle,,Probable,Ankle,,Full Participation in Practice,2012-12-21T11:28:32Z
2012,REG,DET,16,00-0026996,TE,Brandon Pettigrew,Brandon,Pettigrew,Ankle,,Doubtful,Ankle,,Did Not Participate In Practice,2012-12-21T12:57:56Z
2012,REG,DET,16,00-0027009,S,Louis Delmas,Louis,Delmas,Knee,,Questionable,Knee,,Limited Participation in Practice,2012-12-21T12:57:37Z
2012,REG,DET,16,00-0027124,CB,Don Carey,Don,Carey,Knee,,Probable,Knee,,Full Participation in Practice,2012-12-21T12:57:31Z
2012,REG,DET,16,00-0025428,CB,Chris Houston,Chris,Houston,Hamstring,,Probable,Hamstring,,Full Participation in Practice,2012-12-21T12:57:31Z
2012,REG,DET,16,00-0025389,WR,Calvin Johnson,Calvin,Johnson,Knee,,Probable,Knee,,Limited Participation in Practice,2012-12-21T12:57:31Z
2012,REG,DET,16,00-0027995,RB,Mikel Leshoure,Mikel,Leshoure,Calf,,Probable,Calf,,Limited Participation in Practice,2012-12-21T12:57:31Z
2012,REG,DET,16,00-0027050,LB,DeAndre Levy,DeAndre,Levy,Ankle,,Probable,Ankle,,Limited Participation in Practice,2012-12-21T12:57:31Z
2012,REG,GB,16,00-0022999,RB,John Kuhn,John,Kuhn,,,,Not Injury Related,,Did Not Participate In Practice,2012-12-20T12:16:37Z
2012,REG,GB,16,00-0026878,TE,Tom Crabtree,Tom,Crabtree,Hamstring,,Out,Hamstring,,Did Not Participate In Practice,2012-12-21T12:26:51Z
2012,REG,GB,16,00-0026176,WR,Jordy Nelson,Jordy,Nelson,Hamstring,,Out,Hamstring,,Did Not Participate In Practice,2012-12-21T12:27:41Z
2012,REG,GB,16,00-0027791,RB,James Starks,James,Starks,Knee,,Out,Knee,,Did Not Participate In Practice,2012-12-21T12:27:51Z
2012,REG,GB,16,00-0027822,DE,C.J. Wilson,C.J.,Wilson,Knee,,Out,Knee,,Did Not Participate In Practice,2012-12-21T12:28:15Z
2012,REG,GB,16,00-0018227,S,Charles Woodson,Charles,Woodson,Collarbone,,Out,Collarbone,,Limited Participation in Practice,2012-12-21T12:28:24Z
2012,REG,GB,16,00-0028034,RB,Alex Green,Alex,Green,Concussion,,Questionable,Concussion,,Did Not Participate In Practice,2012-12-21T12:27:22Z
2012,REG,GB,16,00-0029685,G,Greg Van Roten,Greg,Van Roten,Back,Illness,Questionable,Back,Illness,Did Not Participate In Practice,2012-12-21T12:31:04Z
2012,REG,GB,16,00-0029257,DE,Jerel Worthy,Jerel,Worthy,Hamstring,,Questionable,Hamstring,,Limited Participation in Practice,2012-12-21T12:28:41Z
2012,REG,GB,16,00-0028002,WR,Randall Cobb,Randall,Cobb,Shoulder,,Probable,Shoulder,,Full Participation in Practice,2012-12-21T12:23:50Z
2012,REG,GB,16,00-0027078,G,T.J. Lang,T.J.,Lang,Concussion,Illness,Probable,Concussion,Illness,Full Participation in Practice,2012-12-21T12:23:50Z
2012,REG,GB,16,00-0023459,QB,Aaron Rodgers,Aaron,Rodgers,Ankle,,Probable,Ankle,,Full Participation in Practice,2012-12-21T12:23:50Z
2012,REG,GB,16,00-0026307,LB,Erik Walden,Erik,Walden,Ankle,,Probable,Ankle,,Full Participation in Practice,2012-12-21T12:23:50Z
2012,REG,GB,16,00-0014375,C,Jeff Saturday,Jeff,Saturday,Neck,Shoulder,Probable,Neck,Shoulder,Limited Participation in Practice,2012-12-21T12:23:50Z
2012,REG,HOU,16,00-0025624,CB,Alan Ball,Alan,Ball,Foot,,Out,Foot,,Did Not Participate In Practice,2012-12-21T11:19:27Z
2012,REG,HOU,16,00-0028536,LB,Bryan Braman,Bryan,Braman,Knee,,Probable,Knee,,Full Participation in Practice,2012-12-21T11:18:32Z
2012,REG,HOU,16,00-0027917,RB,Tyler Clutts,Tyler,Clutts,Abdominal,,Probable,Abdominal,,Full Participation in Practice,2012-12-21T11:18:32Z
2012,REG,HOU,16,00-0029417,DE,Jared Crick,Jared,Crick,Neck,,Probable,Neck,,Full Participation in Practice,2012-12-21T11:18:32Z
2012,REG,HOU,16,00-0024313,TE,Owen Daniels,Owen,Daniels,Hamstring,,Probable,Hamstring,,Full Participation in Practice,2012-12-21T11:19:46Z
2012,REG,HOU,16,00-0026373,RB,Justin Forsett,Justin,Forsett,Knee,,Probable,Knee,,Full Participation in Practice,2012-12-21T11:18:32Z
2012,REG,HOU,16,00-0023471,LB,Barrett Ruud,Barrett,Ruud,Knee,,Probable,Knee,,Full Participation in Practice,2012-12-21T11:18:32Z
2012,REG,HOU,16,00-0027890,RB,Ben Tate,Ben,Tate,Hamstring,Foot,Probable,Hamstring,Foot,Full Participation in Practice,2012-12-21T11:18:32Z
2012,REG,HOU,16,00-0028090,QB,T.J. Yates,T.J.,Yates,right Elbow,,Probable,right Elbow,,Full Participation in Practice,2012-12-21T11:18:32Z
2012,REG,HOU,16,00-0023472,DT,Shaun Cody,Shaun,Cody,Back,,Probable,Back,,Limited Participation in Practice,2012-12-21T11:18:32Z
2012,REG,HOU,16,00-0024365,LB,Tim Dobbins,Tim,Dobbins,Shoulder,Thumb,Probable,Shoulder,Thumb,Limited Participation in Practice,2012-12-21T11:18:32Z
2012,REG,HOU,16,00-0024239,CB,Johnathan Joseph,Johnathan,Joseph,Groin,,Probable,Groin,,Limited Participation in Practice,2012-12-21T11:18:32Z
2012,REG,HOU,16,00-0028152,T,Derek Newton,Derek,Newton,Knee,,Probable,Knee,,Limited Participation in Practice,2012-12-21T11:18:32Z
2012,REG,HOU,16,00-0027081,S,Glover Quin,Glover,Quin,Hip,,Probable,Hip,,Limited Participation in Practice,2012-12-21T11:18:32Z
2012,REG,HOU,16,00-0027980,LB,Brooks Reed,Brooks,Reed,Groin,,Probable,Groin,,Limited Participation in Practice,2012-12-21T11:18:32Z
2012,REG,HOU,16,00-0027703,LB,Darryl Sharpton,Darryl,Sharpton,Toe,,Probable,Toe,,Limited Participation in Practice,2012-12-21T11:18:32Z
2012,REG,HOU,16,00-0022793,DE,Antonio Smith,Antonio,Smith,Ankle,,Probable,Ankle,,Limited Participation in Practice,2012-12-21T11:18:32Z
2012,REG,HOU,16,00-0022131,G,Wade Smith,Wade,Smith,Knee,Ribs,Probable,Knee,Ribs,Limited Participation in Practice,2012-12-21T11:18:32Z
2012,REG,IND,16,00-0020498,WR,Reggie Wayne,Reggie,Wayne,,,,Not Injury Related,,Did Not Participate In Practice,2012-12-21T10:11:31Z
2012,REG,IND,16,00-0022059,LB,Robert Mathis,Robert,Mathis,,,,Not Injury Related,,Full Participation in Practice,2012-12-21T10:10:52Z
2012,REG,IND,16,00-0028057,RB,Delone Carter,Delone,Carter,Ankle,,Out,Ankle,,Did Not Participate In Practice,2012-12-21T10:11:56Z
2012,REG,IND,16,00-0027831,LB,Kavell Conner,Kavell,Conner,Hamstring,,Out,Hamstring,,Did Not Participate In Practice,2012-12-21T10:12:21Z
2012,REG,IND,16,00-0025447,C,Samson Satele,Samson,Satele,Ankle,,Out,Ankle,,Did Not Participate In Practice,2012-12-21T10:12:10Z
2012,REG,IND,16,00-0026226,S,Tom Zbikowski,Tom,Zbikowski,Knee,,Out,Knee,,Limited Participation in Practice,2012-12-21T10:12:39Z
2012,REG,IND,16,00-0025539,DT,Antonio Johnson,Antonio,Johnson,Ankle,,Questionable,Ankle,,Did Not Participate In Practice,2012-12-21T10:13:20Z
2012,REG,IND,16,00-0024254,T,Winston Justice,Winston,Justice,Biceps,,Questionable,Biceps,,Full Participation in Practice,2012-12-21T10:12:55Z
2012,REG,IND,16,00-0026950,C,A.Q. Shipley,A.Q.,Shipley,Knee,,Questionable,Knee,,Full Participation in Practice,2012-12-21T10:13:51Z
2012,REG,IND,16,00-0025920,LB,Jerrell Freeman,Jerrell,Freeman,Thumb,,Probable,Thumb,,Full Participation in Practice,2012-12-21T10:11:39Z
2012,REG,IND,16,00-0021146,LB,Dwight Freeney,Dwight,Freeney,Ankle,,Probable,Ankle,,Full Participation in Practice,2012-12-21T10:11:39Z
2012,REG,IND,16,00-0029668,QB,Andrew Luck,Andrew,Luck,Knee,,Probable,Knee,,Full Participation in Practice,2012-12-21T10:11:39Z
2012,REG,IND,16,00-0027624,DT,Martin Tevaseu,Martin,Tevaseu,Illness,,Probable,Illness,,Full Participation in Practice,2012-12-21T10:11:39Z
2012,REG,IND,16,00-0027853,CB,Teddy Williams,Teddy,Williams,Knee,,Probable,Knee,,Full Participation in Practice,2012-12-21T10:11:39Z
2012,REG,IND,16,00-0028650,S,Joe Young,Joe,Young,Calf,,Probable,Calf,,Full Participation in Practice,2012-12-21T10:11:39Z
2012,REG,JAX,16,00-0027155,RB,Rashad Jennings,Rashad,Jennings,Concussion,,Out,Concussion,,Did Not Participate In Practice,2012-12-21T11:12:50Z
2012,REG,JAX,16,00-0024275,RB,Maurice Jones-Drew,Maurice,Jones-Drew,Foot,,Out,Foot,,Did Not Participate In Practice,2012-12-21T11:13:02Z
2012,REG,JAX,16,00-0026253,CB,Dwight Lowery,Dwight,Lowery,Foot,,Questionable,Foot,,Did Not Participate In Practice,2012-12-21T11:13:14Z
2012,REG,JAX,16,00-0025407,CB,Aaron Ross,Aaron,Ross,Calf,,Questionable,Calf,,Limited Participation in Practice,2012-12-21T11:13:38Z
2012,REG,JAX,16,00-0027862,DT,Tyson Alualu,Tyson,Alualu,Calf,,Probable,Calf,,Full Participation in Practice,2012-12-21T11:12:38Z
2012,REG,JAX,16,00-0027047,CB,Derek Cox,Derek,Cox,Hamstring,,Probable,Hamstring,,Full Participation in Practice,2012-12-21T11:12:38Z
2012,REG,JAX,16,00-0022897,RB,Greg Jones,Greg,Jones,Thigh,,Probable,Thigh,,Full Participation in Practice,2012-12-21T11:12:38Z
2012,REG,JAX,16,00-0022080,CB,Rashean Mathis,Rashean,Mathis,Groin,,Probable,Groin,,Full Participation in Practice,2012-12-21T11:12:38Z
2012,REG,JAX,16,00-0018956,C,Brad Meester,Brad,Meester,Foot,,Probable,Foot,,Full Participation in Practice,2012-12-21T11:12:38Z
2012,REG,JAX,16,00-0025421,LB,Paul Posluszny,Paul,Posluszny,Groin,,Probable,Groin,,Full Participation in Practice,2012-12-21T11:12:38Z
2012,REG,JAX,16,00-0027818,DE,George Selvie,George,Selvie,Concussion,,Probable,Concussion,,Full Participation in Practice,2012-12-21T11:12:38Z
2012,REG,KC,16,00-0027695,TE,Tony Moeaki,Tony,Moeaki,Head,,Doubtful,Head,,Did Not Participate In Practice,2012-12-21T11:39:03Z
2012,REG,KC,16,00-0028137,DT,Jerrell Powe,Jerrell,Powe,Illness,,Questionable,Illness,,Full Participation in Practice,2012-12-21T11:38:39Z
2012,REG,KC,16,00-0026155,T,Branden Albert,Branden,Albert,Back,,Questionable,Back,,Limited Participation in Practice,2012-12-21T11:39:24Z
2012,REG,KC,16,00-0023405,S,Abram Elam,Abram,Elam,Quadricep,,Questionable,Quadricep,,Limited Participation in Practice,2012-12-21T11:39:37Z
2012,REG,KC,16,00-0020389,G,Russ Hochstein,Russ,Hochstein,Back,,Questionable,Back,,Limited Participation in Practice,2012-12-21T11:38:25Z
2012,REG,KC,16,00-0027660,CB,Javier Arenas,Javier,Arenas,Ankle,,Probable,Ankle,,Full Participation in Practice,2012-12-21T11:38:08Z
2012,REG,KC,16,00-0027673,G,Jon Asamoah,Jon,Asamoah,Thumb,,Probable,Thumb,,Full Participation in Practice,2012-12-21T11:38:08Z
2012,REG,KC,16,00-0027964,WR,Jon Baldwin,Jon,Baldwin,Illness,,Probable,Illness,,Full Participation in Practice,2012-12-21T11:38:08Z
2012,REG,KC,16,00-0029319,WR,Josh Bellamy,Josh,Bellamy,Illness,,Probable,Illness,,Full Participation in Practice,2012-12-21T11:38:08Z
2012,REG,KC,16,00-0027858,S,Eric Berry,Eric,Berry,Hand,,Probable,Hand,,Full Participation in Practice,2012-12-21T11:38:08Z
2012,REG,KC,16,00-0022388,WR,Terrance Copper,Terrance,Copper,Hamstring,,Probable,Hamstring,,Full Participation in Practice,2012-12-21T11:38:08Z
2012,REG,KC,16,00-0026175,CB,Brandon Flowers,Brandon,Flowers,Illness,,Probable,Illness,,Full Participation in Practice,2012-12-21T11:38:08Z
2012,REG,KC,16,00-0022350,C,Ryan Lilja,Ryan,Lilja,Back,,Probable,Back,,Full Participation in Practice,2012-12-21T11:38:08Z
2012,REG,KC,16,00-0025409,QB,Brady Quinn,Brady,Quinn,Ribs,,Probable,Ribs,,Full Participation in Practice,2012-12-21T11:38:08Z
2012,REG,KC,16,00-0029540,G,Rich Ranglin,Rich,Ranglin,Knee,,Probable,Knee,,Full Participation in Practice,2012-12-21T11:38:08Z
2012,REG,KC,16,00-0029329,CB,Neiko Thorpe,Neiko,Thorpe,Illness,,Probable,Illness,,Full Participation in Practice,2012-12-21T11:38:08Z
2012,REG,MIA,16,00-0026000,WR,Davone Bess,Davone,Bess,Back,,Out,Back,,Did Not Participate In Practice,2012-12-21T10:02:21Z
2012,REG,MIA,16,00-0026003,K,Dan Carpenter,Dan,Carpenter,right Groin,,Out,right Groin,,Did Not Participate In Practice,2012-12-21T10:02:34Z
2012,REG,MIA,16,00-0027883,LB,Koa Misi,Koa,Misi,Ankle,,Out,Ankle,,Did Not Participate In Practice,2012-12-21T10:03:21Z
2012,REG,MIA,16,00-0022805,DT,Randy Starks,Randy,Starks,Not Injury Related,,Questionable,Not Injury Related,,Did Not Participate In Practice,2012-12-21T10:24:40Z
2012,REG,MIA,16,00-0027744,CB,Nolan Carroll,Nolan,Carroll,Knee,,Questionable,Knee,,Limited Participation in Practice,2012-12-21T10:02:42Z
2012,REG,MIA,16,00-0027077,WR,Brian Hartline,Brian,Hartline,Back,,Questionable,Back,,Limited Participation in Practice,2012-12-21T10:02:59Z
2012,REG,MIA,16,00-0027445,TE,Jeron Mastrud,Jeron,Mastrud,Hamstring,,Questionable,Hamstring,,Limited Participation in Practice,2012-12-21T10:03:14Z
2012,REG,MIA,16,00-0028400,WR,Armon Binns,Armon,Binns,Ankle,,Probable,Ankle,,Full Participation in Practice,2012-12-21T10:04:05Z
2012,REG,MIA,16,00-0027115,S,Chris Clemons,Chris,Clemons,Neck,Ribs,Probable,Neck,Ribs,Full Participation in Practice,2012-12-21T10:02:15Z
2012,REG,MIA,16,00-0022927,LB,Karlos Dansby,Karlos,Dansby,Biceps,,Probable,Biceps,,Full Participation in Practice,2012-12-21T10:02:15Z
2012,REG,MIA,16,00-0029111,DE,Derrick Shelby,Derrick,Shelby,Groin,,Probable,Groin,,Full Participation in Practice,2012-12-21T10:02:15Z
2012,REG,MIA,16,00-0028173,S,Jimmy Wilson,Jimmy,Wilson,Hip,,Probable,Hip,,Full Participation in Practice,2012-12-21T10:02:15Z
2012,REG,MIN,16,00-0025489,DE,Brian Robison,Brian,Robison,Shoulder,,Questionable,Shoulder,,Limited Participation in Practice,2012-12-21T11:03:12Z
2012,REG,MIN,16,00-0022740,DE,Jared Allen,Jared,Allen,Shoulder,,Probable,Shoulder,,Full Participation in Practice,2012-12-21T11:03:02Z
2012,REG,MIN,16,00-0027701,DE,Everson Griffen,Everson,Griffen,Elbow,,Probable,Elbow,,Full Participation in Practice,2012-12-21T11:03:02Z
2012,REG,MIN,16,00-0029687,T,Matt Kalil,Matt,Kalil,Illness,,Probable,Illness,,Full Participation in Practice,2012-12-21T11:03:02Z
2012,REG,MIN,16,00-0023060,P,Chris Kluwe,Chris,Kluwe,left Knee,right Groin,Probable,left Knee,right Groin,Full Participation in Practice,2012-12-21T11:03:02Z
2012,REG,MIN,16,00-0027030,T,Phil Loadholt,Phil,Loadholt,Knee,,Probable,Knee,,Full Participation in Practice,2012-12-21T11:03:02Z
2012,REG,MIN,16,00-0025394,RB,Adrian Peterson,Adrian,Peterson,Abdomen,Groin,Probable,Abdomen,Groin,Full Participation in Practice,2012-12-21T11:03:02Z
2012,REG,MIN,16,00-0028108,S,Mistral Raymond,Mistral,Raymond,Ankle,,Probable,Ankle,,Full Participation in Practice,2012-12-21T11:03:02Z
2012,REG,MIN,16,00-0027547,CB,Marcus Sherels,Marcus,Sherels,Quadricep,Elbow,Probable,Quadricep,Elbow,Full Participation in Practice,2012-12-21T11:03:02Z
2012,REG,MIN,16,00-0018093,CB,Antoine Winfield,Antoine,Winfield,Knee,,Probable,Knee,,Limited Participation in Practice,2012-12-21T11:03:02Z
2012,REG,NE,16,00-0019596,QB,Tom Brady,Tom,Brady,,,,right Shoulder,,Did Not Participate In Practice,2012-12-19T13:09:24Z
2012,REG,NE,16,00-0027010,S,Patrick Chung,Patrick,Chung,Shoulder,,Questionable,Shoulder,,Limited Participation in Practice,2012-12-21T12:23:00Z
2012,REG,NE,16,00-0022979,G,Dan Connolly,Dan,Connolly,Back,,Questionable,Back,,Limited Participation in Practice,2012-12-21T12:23:06Z
2012,REG,NE,16,00-0029596,CB,Alfonzo Dennard,Alfonzo,Dennard,Hamstring,Knee,Questionable,Hamstring,Knee,Limited Participation in Practice,2012-12-21T12:23:11Z
2012,REG,NE,16,00-0027656,TE,Rob Gronkowski,Rob,Gronkowski,Forearm,Hip,Questionable,Forearm,Hip,Limited Participation in Practice,2012-12-21T12:23:16Z
2012,REG,NE,16,00-0027713,TE,Aaron Hernandez,Aaron,Hernandez,Ankle,,Questionable,Ankle,,Limited Participation in Practice,2012-12-21T12:23:20Z
2012,REG,NE,16,00-0029669,LB,Dont'a Hightower,Dont'a,Hightower,Hamstring,Shoulder,Questionable,Hamstring,Shoulder,Limited Participation in Practice,2012-12-21T12:23:25Z
2012,REG,NE,16,00-0029585,DE,Chandler Jones,Chandler,Jones,Ankle,,Questionable,Ankle,,Limited Participation in Practice,2012-12-21T12:23:29Z
2012,REG,NE,16,00-0022097,WR,Brandon Lloyd,Brandon,Lloyd,Knee,,Questionable,Knee,,Limited Participation in Practice,2012-12-21T12:23:33Z
2012,REG,NE,16,00-0027236,DT,Kyle Love,Kyle,Love,Knee,,Questionable,Knee,,Limited Participation in Practice,2012-12-21T12:23:38Z
2012,REG,NE,16,00-0023467,G,Logan Mankins,Logan,Mankins,Ankle,Calf,Questionable,Ankle,Calf,Limited Participation in Practice,2012-12-21T12:23:43Z
2012,REG,NE,16,00-0026150,LB,Jerod Mayo,Jerod,Mayo,Elbow,,Questionable,Elbow,,Limited Participation in Practice,2012-12-21T12:23:49Z
2012,REG,NE,16,00-0027435,C,Nick McDonald,Nick,McDonald,Shoulder,,Questionable,Shoulder,,Limited Participation in Practice,2012-12-21T12:23:59Z
2012,REG,NE,16,00-0026556,LB,Mike Rivera,Mike,Rivera,Ankle,,Questionable,Ankle,,Limited Participation in Practice,2012-12-21T12:24:05Z
2012,REG,NE,16,00-0027955,T,Nate Solder,Nate,Solder,Abdomen,,Questionable,Abdomen,,Limited Participation in Practice,2012-12-21T12:24:11Z
2012,REG,NE,16,00-0027668,LB,Brandon Spikes,Brandon,Spikes,Knee,Ankle,Questionable,Knee,Ankle,Limited Participation in Practice,2012-12-21T12:24:18Z
2012,REG,NE,16,00-0026160,CB,Aqib Talib,Aqib,Talib,Hip,,Questionable,Hip,,Limited Participation in Practice,2012-12-21T12:24:23Z
2012,REG,NE,16,00-0027034,T,Sebastian Vollmer,Sebastian,Vollmer,Back,Knee,Questionable,Back,Knee,Limited Participation in Practice,2012-12-21T12:24:28Z
2012,REG,NE,16,00-0022427,WR,Wes Welker,Wes,Welker,Ankle,,Questionable,Ankle,,Limited Participation in Practice,2012-12-21T12:24:33Z
2012,REG,NE,16,00-0021645,LB,Tracy White,Tracy,White,Elbow,,Questionable,Elbow,,Limited Participation in Practice,2012-12-21T12:24:38Z
2012,REG,NO,16,00-0026072,RB,Jed Collins,Jed,Collins,Knee,Toe,Out,Knee,Toe,Did Not Participate In Practice,2012-12-21T11:03:36Z
2012,REG,NO,16,00-0027531,RB,Chris Ivory,Chris,Ivory,Hamstring,,Questionable,Hamstring,,Limited Participation in Practice,2012-12-21T11:03:52Z
2012,REG,NO,16,00-0027882,CB,Patrick Robinson,Patrick,Robinson,Groin,,Questionable,Groin,,Limited Participation in Practice,2012-12-21T11:04:18Z
2012,REG,NO,16,00-0027696,TE,Jimmy Graham,Jimmy,Graham,Wrist,,Probable,Wrist,,Full Participation in Practice,2012-12-21T11:03:19Z
2012,REG,NO,16,00-0024424,T,Zach Strief,Zach,Strief,Ankle,,Probable,Ankle,,Full Participation in Practice,2012-12-21T11:03:19Z
2012,REG,NO,16,00-0024813,RB,Pierre Thomas,Pierre,Thomas,Knee,,Probable,Knee,,Limited Participation in Practice,2012-12-21T11:03:19Z
2012,REG,NYG,16,00-0023509,DE,Justin Tuck,Justin,Tuck,Shoulder,,Questionable,Shoulder,,Did Not Participate In Practice,2012-12-21T10:24:23Z
2012,REG,NYG,16,00-0023468,C,David Baas,David,Baas,Hip,Shoulder,Questionable,Hip,Shoulder,Limited Participation in Practice,2012-12-21T10:23:32Z
2012,REG,NYG,16,00-0027070,TE,Travis Beckum,Travis,Beckum,Knee,,Questionable,Knee,,Limited Participation in Practice,2012-12-21T10:23:22Z
2012,REG,NYG,16,00-0025637,RB,Ahmad Bradshaw,Ahmad,Bradshaw,Knee,Foot,Questionable,Knee,Foot,Limited Participation in Practice,2012-12-21T10:23:41Z
2012,REG,NYG,16,00-0026171,S,Kenny Phillips,Kenny,Phillips,Knee,,Questionable,Knee,,Limited Participation in Practice,2012-12-21T10:23:52Z
2012,REG,NYG,16,00-0028136,S,Tyler Sash,Tyler,Sash,Hamstring,,Questionable,Hamstring,,Limited Participation in Practice,2012-12-21T10:24:04Z
2012,REG,NYG,16,00-0022838,G,Chris Snee,Chris,Snee,Hip,,Questionable,Hip,,Limited Participation in Practice,2012-12-21T10:24:13Z
2012,REG,NYG,16,00-0027957,CB,Prince Amukamara,Prince,Amukamara,Hamstring,,Probable,Hamstring,,Full Participation in Practice,2012-12-21T10:23:03Z
2012,REG,NYG,16,00-0023566,DT,Chris Canty,Chris,Canty,Neck,,Probable,Neck,,Full Participation in Practice,2012-12-21T10:23:03Z
2012,REG,NYG,16,00-0029262,WR,Rueben Randle,Rueben,Randle,Back,,Probable,Back,,Full Participation in Practice,2012-12-21T10:23:03Z
2012,REG,NYG,16,00-0027005,WR,Hakeem Nicks,Hakeem,Nicks,Knee,,Probable,Knee,,Limited Participation in Practice,2012-12-21T10:23:03Z
2012,REG,NYJ,16,00-0028995,WR,Stephen Hill,Stephen,Hill,,,,Knee,,Out (Definitely Will Not Play),2012-12-19T13:49:59Z
2012,REG,NYJ,16,00-0027338,CB,Aaron Berry,Aaron,Berry,Hamstring,,Doubtful,Hamstring,,Did Not Participate In Practice,2012-12-21T12:41:57Z
2012,REG,NYJ,16,00-0026170,TE,Dustin Keller,Dustin,Keller,Ankle,,Doubtful,Ankle,,Did Not Participate In Practice,2012-12-21T12:42:10Z
2012,REG,NYJ,16,00-0027700,WR,Mardy Gilyard,Mardy,Gilyard,Illness,,Questionable,Illness,,Did Not Participate In Practice,2012-12-21T12:43:17Z
2012,REG,NYJ,16,00-0023438,WR,Braylon Edwards,Braylon,Edwards,Hamstring,,Questionable,Hamstring,,Limited Participation in Practice,2012-12-21T12:42:35Z
2012,REG,NYJ,16,00-0023523,DT,Sione Pouha,Sione,Pouha,Back,,Questionable,Back,,Limited Participation in Practice,2012-12-21T12:42:26Z
2012,REG,NYJ,16,00-0027734,LB,Ricky Sapp,Ricky,Sapp,Ankle,,Questionable,Ankle,,Limited Participation in Practice,2012-12-21T12:42:55Z
2012,REG,NYJ,16,00-0026366,WR,Chaz Schilens,Chaz,Schilens,Calf,Knee,Questionable,Calf,Knee,Limited Participation in Practice,2012-12-21T12:43:06Z
2012,REG,NYJ,16,00-0021081,LB,Bryan Thomas,Bryan,Thomas,Chest,,Questionable,Chest,,Limited Participation in Practice,2012-12-21T12:42:44Z
2012,REG,NYJ,16,00-0027321,TE,Jeff Cumberland,Jeff,Cumberland,Ankle,Wrist,Probable,Ankle,Wrist,Full Participation in Practice,2012-12-21T12:41:50Z
2012,REG,NYJ,16,00-0028032,DT,Kenrick Ellis,Kenrick,Ellis,Knee,,Probable,Knee,,Full Participation in Practice,2012-12-21T12:41:50Z
2012,REG,NYJ,16,00-0025565,K,Nick Folk,Nick,Folk,Back,,Probable,Back,,Full Participation in Practice,2012-12-21T12:41:50Z
2012,REG,NYJ,16,00-0025393,S,LaRon Landry,LaRon,Landry,Heel,,Probable,Heel,,Full Participation in Practice,2012-12-21T12:41:50Z
2012,REG,NYJ,16,00-0024244,C,Nick Mangold,Nick,Mangold,Shoulder,,Probable,Shoulder,,Full Participation in Practice,2012-12-21T12:41:50Z
2012,REG,NYJ,16,00-0023904,LB,Garrett McIntyre,Garrett,McIntyre,Hamstring,,Probable,Hamstring,,Full Participation in Practice,2012-12-21T12:41:50Z
2012,REG,NYJ,16,00-0027712,RB,Joe McKnight,Joe,McKnight,Ankle,,Probable,Ankle,,Full Participation in Practice,2012-12-21T12:41:50Z
2012,REG,NYJ,16,00-0020969,G,Brandon Moore,Brandon,Moore,Foot,Hip,Probable,Foot,Hip,Full Participation in Practice,2012-12-21T12:41:50Z
2012,REG,NYJ,16,00-0022120,LB,Calvin Pace,Calvin,Pace,Shoulder,,Probable,Shoulder,,Full Participation in Practice,2012-12-21T12:41:50Z
2012,REG,NYJ,16,00-0028064,RB,Bilal Powell,Bilal,Powell,Shoulder,Toe,Probable,Shoulder,Toe,Full Participation in Practice,2012-12-21T12:41:50Z
2012,REG,NYJ,16,00-0026898,QB,Mark Sanchez,Mark,Sanchez,Back,,Probable,Back,,Full Participation in Practice,2012-12-21T12:41:50Z
2012,REG,NYJ,16,00-0020873,LB,Bart Scott,Bart,Scott,Toe,,Probable,Toe,,Full Participation in Practice,2012-12-21T12:41:50Z
2012,REG,NYJ,16,00-0026500,G,Matt Slauson,Matt,Slauson,Knee,,Probable,Knee,,Full Participation in Practice,2012-12-21T12:41:50Z
2012,REG,NYJ,16,00-0027876,QB,Tim Tebow,Tim,Tebow,Ribs,,Probable,Ribs,,Full Participation in Practice,2012-12-21T12:41:50Z
2012,REG,OAK,16,00-0020442,DT,Richard Seymour,Richard,Seymour,Knee,Hamstring,Out,Knee,Hamstring,Did Not Participate In Practice,2012-12-21T12:38:18Z
2012,REG,OAK,16,00-0026240,S,Tyvon Branch,Tyvon,Branch,Neck,Ankle,Questionable,Neck,Ankle,Limited Participation in Practice,2012-12-21T12:37:43Z
2012,REG,OAK,16,00-0029702,WR,Juron Criner,Juron,Criner,Hip,,Questionable,Hip,,Limited Participation in Practice,2012-12-21T12:38:03Z
2012,REG,OAK,16,00-0027023,S,Michael Mitchell,Michael,Mitchell,Neck,,Probable,Neck,,Full Participation in Practice,2012-12-21T12:37:29Z
2012,REG,OAK,16,00-0027610,CB,Phillip Adams,Phillip,Adams,Concussion,,Probable,Concussion,,Limited Participation in Practice,2012-12-21T12:37:29Z
2012,REG,OAK,16,00-0023487,T,Khalif Barnes,Khalif,Barnes,Triceps,,Probable,Triceps,,Limited Participation in Practice,2012-12-21T12:37:29Z
2012,REG,OAK,16,00-0028119,TE,Richard Gordon,Richard,Gordon,Biceps,,Probable,Biceps,,Limited Participation in Practice,2012-12-21T12:37:29Z
2012,REG,PHI,16,00-0028178,RB,Stanley Havili,Stanley,Havili,Hamstring,,Out,Hamstring,,Did Not Participate In Practice,2012-12-21T10:39:17Z
2012,REG,PHI,16,00-0029438,RB,Chris Polk,Chris,Polk,Toe,,Doubtful,Toe,,Full Participation in Practice,2012-12-21T10:39:25Z
2012,REG,PHI,16,00-0024324,WR,Jason Avant,Jason,Avant,Hamstring,,Probable,Hamstring,,Full Participation in Practice,2012-12-21T10:39:06Z
2012,REG,PHI,16,00-0025549,TE,Brent Celek,Brent,Celek,Concussion,,Probable,Concussion,,Full Participation in Practice,2012-12-21T10:39:06Z
2012,REG,PHI,16,00-0027835,S,Kurt Coleman,Kurt,Coleman,Chest,,Probable,Chest,,Full Participation in Practice,2012-12-21T10:39:06Z
2012,REG,PHI,16,00-0027758,WR,Riley Cooper,Riley,Cooper,Knee,,Probable,Knee,,Full Participation in Practice,2012-12-21T10:39:06Z
2012,REG,PHI,16,00-0026914,CB,Brandon Hughes,Brandon,Hughes,Lung contusion,,Probable,Lung contusion,,Full Participation in Practice,2012-12-21T10:39:06Z
2012,REG,PHI,16,00-0026995,WR,Jeremy Maclin,Jeremy,Maclin,Back,,Probable,Back,,Full Participation in Practice,2012-12-21T10:39:06Z
2012,REG,PHI,16,00-0023514,G,Evan Mathis,Evan,Mathis,Ankle,,Probable,Ankle,,Full Participation in Practice,2012-12-21T10:39:06Z
2012,REG,PHI,16,00-0027029,RB,LeSean McCoy,LeSean,McCoy,Concussion,,Probable,Concussion,,Full Participation in Practice,2012-12-21T10:39:06Z
2012,REG,PHI,16,00-0020245,QB,Michael Vick,Michael,Vick,Concussion,,Probable,Concussion,,Full Participation in Practice,2012-12-21T10:39:06Z
2012,REG,PIT,16,00-0021891,CB,Ivan Taylor,Ivan,Taylor,Ankle,,Out,Ankle,,Did Not Participate In Practice,2012-12-21T09:56:15Z
2012,REG,PIT,16,00-0029202,T,Mike Adams,Mike,Adams,Ankle,,Doubtful,Ankle,,Did Not Participate In Practice,2012-12-21T09:56:08Z
2012,REG,PIT,16,00-0028066,CB,Cortez Allen,Cortez,Allen,Groin,,Probable,Groin,,Full Participation in Practice,2012-12-21T09:55:52Z
2012,REG,PIT,16,00-0027969,DE,Cameron Heyward,Cameron,Heyward,Not Injury Related,,Probable,Not Injury Related,,Full Participation in Practice,2012-12-21T09:55:52Z
2012,REG,PIT,16,00-0022119,S,Troy Polamalu,Troy,Polamalu,Not Injury Related,,Probable,Not Injury Related,,Full Participation in Practice,2012-12-21T09:55:52Z
2012,REG,PIT,16,00-0027685,WR,Emmanuel Sanders,Emmanuel,Sanders,Rib,,Probable,Rib,,Full Participation in Practice,2012-12-21T09:55:52Z
2012,REG,PIT,16,00-0027723,DE,Al Woods,Al,Woods,Illness,,Probable,Illness,,Full Participation in Practice,2012-12-21T09:55:52Z
2012,REG,PIT,16,00-0028033,CB,Curtis Brown,Curtis,Brown,Knee,,Probable,Knee,,Limited Participation in Practice,2012-12-21T09:57:12Z
2012,REG,PIT,16,00-0020712,LB,James Harrison,James,Harrison,Illness,,Probable,Illness,,Limited Participation in Practice,2012-12-21T09:56:51Z
2012,REG,PIT,16,00-0026903,CB,Keenan Lewis,Keenan,Lewis,Hip,,Probable,Hip,,Limited Participation in Practice,2012-12-21T09:55:52Z
2012,REG,PIT,16,00-0027870,C,Maurkice Pouncey,Maurkice,Pouncey,Illness,,Probable,Illness,,Limited Participation in Practice,2012-12-21T09:56:35Z
2012,REG,SD,16,00-0022147,DT,Aubrayo Franklin,Aubrayo,Franklin,Knee,,Doubtful,Knee,,Did Not Participate In Practice,2012-12-21T12:25:10Z
2012,REG,SD,16,00-0022707,LB,Demorrio Williams,Demorrio,Williams,Ankle,,Questionable,Ankle,,Limited Participation in Practice,2012-12-21T12:25:24Z
2012,REG,SD,16,00-0023437,RB,Ronnie Brown,Ronnie,Brown,Hamstring,,Probable,Hamstring,,Full Participation in Practice,2012-12-21T12:24:18Z
2012,REG,SD,16,00-0027682,LB,Donald Butler,Donald,Butler,Groin,,Probable,Groin,,Full Participation in Practice,2012-12-21T12:24:18Z
2012,REG,SD,16,00-0024401,T,Jeromey Clary,Jeromey,Clary,Knee,,Probable,Knee,,Full Participation in Practice,2012-12-21T12:24:18Z
2012,REG,SD,16,00-0027097,G,Tyronne Green,Tyronne,Green,Hamstring,,Probable,Hamstring,,Full Participation in Practice,2012-12-21T12:24:18Z
2012,REG,SD,16,00-0026182,WR,Eddie Royal,Eddie,Royal,Hamstring,,Probable,Hamstring,,Full Participation in Practice,2012-12-21T12:24:18Z
2012,REG,SD,16,00-0015474,LB,Takeo Spikes,Takeo,Spikes,Hamstring,,Probable,Hamstring,,Full Participation in Practice,2012-12-21T12:24:18Z
2012,REG,SEA,16,00-0026194,DE,Jason Jones,Jason,Jones,,,,Knee,,Did Not Participate In Practice,2012-12-19T16:26:33Z
2012,REG,SEA,16,00-0028441,S,Jeron Johnson,Jeron,Johnson,Groin,,Questionable,Groin,,Did Not Participate In Practice,2012-12-21T13:22:49Z
2012,REG,SEA,16,00-0025431,WR,Sidney Rice,Sidney,Rice,Knee,,Questionable,Knee,,Limited Participation in Practice,2012-12-21T13:22:19Z
2012,REG,SEA,16,00-0027711,CB,Walter Thurmond,Walter,Thurmond,Hamstring,,Questionable,Hamstring,,Limited Participation in Practice,2012-12-21T13:22:25Z
2012,REG,SEA,16,00-0022046,CB,Marcus Trufant,Marcus,Trufant,Hamstring,,Questionable,Hamstring,,Limited Participation in Practice,2012-12-21T13:22:36Z
2012,REG,SEA,16,00-0028092,CB,Richard Sherman,Richard,Sherman,Not Injury Related,,Probable,Not Injury Related,,Did Not Participate In Practice,2012-12-21T13:22:00Z
2012,REG,SEA,16,00-0025420,DT,Alan Branch,Alan,Branch,Ankle,,Probable,Ankle,,Full Participation in Practice,2012-12-21T13:22:00Z
2012,REG,SEA,16,00-0025399,RB,Marshawn Lynch,Marshawn,Lynch,Back,,Probable,Back,,Full Participation in Practice,2012-12-21T13:22:00Z
2012,REG,SEA,16,00-0029273,RB,Robert Turbin,Robert,Turbin,Illness,,Probable,Illness,,Full Participation in Practice,2012-12-21T13:22:00Z
2012,REG,SEA,16,00-0024332,RB,Leon Washington,Leon,Washington,Illness,,Probable,Illness,,Full Participation in Practice,2012-12-21T13:22:00Z
2012,REG,SF,16,00-0019538,LB,Clark Haggans,Clark,Haggans,Shoulder,,Questionable,Shoulder,,Did Not Participate In Practice,2012-12-21T14:14:01Z
2012,REG,SF,16,00-0020535,DT,Justin Smith,Justin,Smith,Elbow,,Questionable,Elbow,,Did Not Participate In Practice,2012-12-21T14:14:10Z
2012,REG,SF,16,00-0026211,LB,Tavares Gooden,Tavares,Gooden,Ribs,,Questionable,Ribs,,Limited Participation in Practice,2012-12-21T13:04:36Z
2012,REG,SF,16,00-0026235,WR,Mario Manningham,Mario,Manningham,Shoulder,,Questionable,Shoulder,,Limited Participation in Practice,2012-12-21T13:03:48Z
2012,REG,SF,16,00-0027905,DT,Will Tukuafu,Will,Tukuafu,Concussion,,Questionable,Concussion,,Limited Participation in Practice,2012-12-21T13:03:33Z
2012,REG,SF,16,00-0026758,S,C.J. Spillman,C.J.,Spillman,Illness,,Probable,Illness,,Did Not Participate In Practice,2012-12-21T13:03:16Z
2012,REG,SF,16,00-0000108,K,David Akers,David,Akers,Pelvis,,Probable,Pelvis,,Full Participation in Practice,2012-12-21T13:02:52Z
2012,REG,SF,16,00-0026762,G,Alex Boone,Alex,Boone,Knee,,Probable,Knee,,Full Participation in Practice,2012-12-21T13:02:52Z
2012,REG,SF,16,00-0027894,LB,Navorro Bowman,Navorro,Bowman,Shoulder,,Probable,Shoulder,,Full Participation in Practice,2012-12-21T13:02:52Z
2012,REG,SF,16,00-0025513,S,Dashon Goldson,Dashon,Goldson,Foot,,Probable,Foot,,Full Participation in Practice,2012-12-21T13:02:52Z
2012,REG,SF,16,00-0023500,RB,Frank Gore,Frank,Gore,Wrist,,Probable,Wrist,,Full Participation in Practice,2012-12-21T13:02:52Z
2012,REG,SF,16,00-0027869,G,Mike Iupati,Mike,Iupati,Shoulder,,Probable,Shoulder,,Full Participation in Practice,2012-12-21T13:02:52Z
2012,REG,SF,16,00-0023444,CB,Carlos Rogers,Carlos,Rogers,Knee,,Probable,Knee,,Full Participation in Practice,2012-12-21T13:02:52Z
2012,REG,SF,16,00-0025398,LB,Patrick Willis,Patrick,Willis,Shoulder,,Probable,Shoulder,,Full Participation in Practice,2012-12-21T13:02:52Z
2012,REG,SF,16,00-0024495,LB,Ahmad Brooks,Ahmad,Brooks,Shoulder,,Probable,Shoulder,,Limited Participation in Practice,2012-12-21T13:02:52Z
2012,REG,SF,16,00-0025534,CB,Tarell Brown,Tarell,Brown,Shoulder,,Probable,Shoulder,,Limited Participation in Practice,2012-12-21T13:02:52Z
2012,REG,SF,16,00-0028149,RB,Bruce Miller,Bruce,Miller,Shoulder,,Probable,Shoulder,,Limited Participation in Practice,2012-12-21T13:02:52Z
2012,REG,SF,16,00-0027945,LB,Aldon Smith,Aldon,Smith,Shoulder,,Probable,Shoulder,,Limited Participation in Practice,2012-12-21T13:02:52Z
2012,REG,STL,16,00-0024429,CB,Cortland Finnegan,Cortland,Finnegan,Thigh,,Questionable,Thigh,,Did Not Participate In Practice,2012-12-21T11:49:04Z
2012,REG,STL,16,00-0027041,CB,Bradley Fletcher,Bradley,Fletcher,Illness,,Probable,Illness,,Full Participation in Practice,2012-12-21T11:48:53Z
2012,REG,STL,16,00-0027011,LB,James Laurinaitis,James,Laurinaitis,Back,,Probable,Back,,Full Participation in Practice,2012-12-21T11:48:53Z
2012,REG,STL,16,00-0027952,DE,Robert Quinn,Robert,Quinn,Illness,,Probable,Illness,,Full Participation in Practice,2012-12-21T11:48:53Z
2012,REG,STL,16,00-0022832,C,Scott Wells,Scott,Wells,Knee,,Probable,Knee,,Full Participation in Practice,2012-12-21T11:48:53Z
2012,REG,STL,16,00-0022736,RB,Steven Jackson,Steven,Jackson,Illness,,Probable,Illness,,Limited Participation in Practice,2012-12-21T11:48:53Z
2012,REG,TB,16,00-0027511,DE,Aaron Morgan,Aaron,Morgan,Shoulder,,Doubtful,Shoulder,,Did Not Participate In Practice,2012-12-21T11:28:26Z
2012,REG,TB,16,00-0028678,CB,LeQuan Lewis,LeQuan,Lewis,Knee,,Questionable,Knee,,Full Participation in Practice,2012-12-21T11:28:17Z
2012,REG,TB,16,00-0026618,DE,Michael Bennett,Michael,Bennett,Shoulder,,Probable,Shoulder,,Full Participation in Practice,2012-12-21T11:27:52Z
2012,REG,TB,16,00-0027989,DE,Da'Quan Bowers,Da'Quan,Bowers,Hamstring,,Probable,Hamstring,,Full Participation in Practice,2012-12-21T11:27:52Z
2012,REG,TB,16,00-0029562,LB,Lavonte David,Lavonte,David,Knee,,Probable,Knee,,Full Participation in Practice,2012-12-21T11:27:52Z
2012,REG,TB,16,00-0028042,TE,Luke Stocker,Luke,Stocker,Head,Nose,Probable,Head,Nose,Full Participation in Practice,2012-12-21T11:27:52Z
2012,REG,TB,16,00-0027702,WR,Mike Williams,Mike,Williams,Wrist,,Probable,Wrist,,Full Participation in Practice,2012-12-21T11:27:52Z
2012,REG,TEN,16,00-0027333,C,Kevin Matthews,Kevin,Matthews,Ankle,,Out,Ankle,,Did Not Participate In Practice,2012-12-21T11:15:30Z
2012,REG,TEN,16,00-0027066,CB,Ryan Mouton,Ryan,Mouton,Hamstring,,Questionable,Hamstring,,Did Not Participate In Practice,2012-12-21T11:15:42Z
2012,REG,TEN,16,00-0029708,WR,Kendall Wright,Kendall,Wright,Rib,,Questionable,Rib,,Did Not Participate In Practice,2012-12-21T11:16:02Z
2012,REG,TEN,16,00-0027893,WR,Damian Williams,Damian,Williams,Hamstring,,Questionable,Hamstring,,Full Participation in Practice,2012-12-21T11:15:54Z
2012,REG,TEN,16,00-0028047,LB,Colin McCarthy,Colin,McCarthy,Concussion,,Questionable,Concussion,,Limited Participation in Practice,2012-12-21T11:15:36Z
2012,REG,TEN,16,00-0029589,DE,Scott Solomon,Scott,Solomon,Knee,,Questionable,Knee,,Limited Participation in Practice,2012-12-21T11:15:47Z
2012,REG,TEN,16,00-0027006,WR,Kenny Britt,Kenny,Britt,Knee,,Probable,Knee,,Full Participation in Practice,2012-12-21T11:15:21Z
2012,REG,TEN,16,00-0027946,QB,Jake Locker,Jake,Locker,left Shoulder,,Probable,left Shoulder,,Full Participation in Practice,2012-12-21T11:15:21Z
2012,REG,TEN,16,00-0021085,LB,Will Witherspoon,Will,Witherspoon,Hamstring,,Probable,Hamstring,,Full Participation in Practice,2012-12-21T11:15:21Z
2012,REG,WAS,16,00-0023954,DE,Stephen Bowen,Stephen,Bowen,Biceps,,Questionable,Biceps,,Limited Participation in Practice,2012-12-21T11:46:40Z
2012,REG,WAS,16,00-0025826,T,Tyler Polumbus,Tyler,Polumbus,Head,,Questionable,Head,,Limited Participation in Practice,2012-12-21T11:46:55Z
2012,REG,WAS,16,00-0023259,LB,Lorenzo Alexander,Lorenzo,Alexander,Shoulder,,Probable,Shoulder,Not Injury Related,Did Not Participate In Practice,2012-12-21T11:46:26Z
2012,REG,WAS,16,00-0026345,WR,Pierre Garcon,Pierre,Garcon,Foot,,Probable,Foot,,Full Participation in Practice,2012-12-21T11:46:26Z
2012,REG,WAS,16,00-0029665,QB,Robert Griffin,Robert,Griffin,Knee,,Probable,Knee,,Full Participation in Practice,2012-12-21T11:46:26Z
2012,REG,WAS,16,00-0026382,LB,Rob Jackson,Rob,Jackson,Not Injury Related,,Probable,Not Injury Related,,Full Participation in Practice,2012-12-21T11:46:26Z
2012,REG,WAS,16,00-0027954,LB,Ryan Kerrigan,Ryan,Kerrigan,Ankle,,Probable,Ankle,,Full Participation in Practice,2012-12-21T11:46:26Z
2012,REG,WAS,16,00-0024448,C,Will Montgomery,Will,Montgomery,Knee,,Probable,Knee,,Full Participation in Practice,2012-12-21T11:46:26Z
2012,REG,WAS,16,00-0027857,T,Trent Williams,Trent,Williams,Thigh,,Probable,Thigh,,Full Participation in Practice,2012-12-21T11:46:26Z
2012,REG,WAS,16,00-0005322,LB,London Fletcher,London,Fletcher,Ankle,,Probable,Ankle,,Limited Participation in Practice,2012-12-21T11:46:26Z
2012,REG,ARI,17,00-0026221,WR,Early Doucet,Early,Doucet,Concussion,,Out,Concussion,,Did Not Participate In Practice,2012-12-28T11:52:17Z
2012,REG,ARI,17,00-0029343,WR,Laron Byrd,Laron,Byrd,Knee,,Doubtful,Knee,,Did Not Participate In Practice,2012-12-28T11:52:11Z
2012,REG,ARI,17,00-0026324,G,Mike Gibson,Mike,Gibson,Calf,,Questionable,Calf,,Limited Participation in Practice,2012-12-28T11:52:26Z
2012,REG,ARI,17,00-0029551,T,Nate Potter,Nate,Potter,Ankle,,Questionable,Ankle,,Limited Participation in Practice,2012-12-28T11:52:35Z
2012,REG,ARI,17,00-0028074,RB,Anthony Sherman,Anthony,Sherman,Knee,,Questionable,Knee,,Limited Participation in Practice,2012-12-28T11:52:42Z
2012,REG,ARI,17,00-0026791,DE,Ronald Talley,Ronald,Talley,Ankle,,Questionable,Ankle,,Limited Participation in Practice,2012-12-28T11:52:49Z
2012,REG,ARI,17,00-0027067,S,Rashad Johnson,Rashad,Johnson,Hamstring,,Probable,Hamstring,,Full Participation in Practice,2012-12-28T11:52:02Z
2012,REG,ARI,17,00-0023567,S,James Sanders,James,Sanders,Calf,,Probable,Calf,,Full Participation in Practice,2012-12-28T11:52:02Z
2012,REG,ARI,17,00-0026910,CB,Gregory Toler,Gregory,Toler,Hamstring,,Probable,Hamstring,,Full Participation in Practice,2012-12-28T11:52:02Z
2012,REG,ARI,17,00-0027877,DT,Dan Williams,Dan,Williams,Hamstring,,Probable,Hamstring,,Full Participation in Practice,2012-12-28T11:52:02Z
2012,REG,ARI,17,00-0020505,S,Adrian Wilson,Adrian,Wilson,Illness,,Probable,Illness,,Full Participation in Practice,2012-12-28T11:52:02Z
2012,REG,ARI,17,00-0023557,S,Kerry Rhodes,Kerry,Rhodes,Illness,,Probable,Illness,,Limited Participation in Practice,2012-12-28T11:52:02Z
2012,REG,ATL,17,00-0027031,S,William Moore,William,Moore,Hamstring,,Out,Hamstring,,Did Not Participate In Practice,2012-12-28T10:16:27Z
2012,REG,ATL,17,00-0027062,CB,Christopher Owens,Christopher,Owens,Hamstring,,Out,Hamstring,,Did Not Participate In Practice,2012-12-28T10:16:36Z
2012,REG,ATL,17,00-0023494,DT,Jonathan Babineaux,Jonathan,Babineaux,Ribs,,Questionable,Ribs,,Limited Participation in Practice,2012-12-28T10:16:16Z
2012,REG,ATL,17,00-0028168,DE,Cliff Matthews,Cliff,Matthews,Hamstring,,Questionable,Hamstring,,Limited Participation in Practice,2012-12-28T10:16:22Z
2012,REG,ATL,17,00-0027686,DT,Corey Peters,Corey,Peters,Knee,,Questionable,Knee,,Limited Participation in Practice,2012-12-28T10:16:43Z
2012,REG,ATL,17,00-0023462,WR,Roddy White,Roddy,White,Knee,,Questionable,Knee,,Limited Participation in Practice,2012-12-28T10:16:51Z
2012,REG,BAL,17,00-0024227,DT,Haloti Ngata,Haloti,Ngata,Knee,,Questionable,Knee,,Did Not Participate In Practice,2012-12-28T10:30:41Z
2012,REG,BAL,17,00-0025473,G,Marshal Yanda,Marshal,Yanda,Shoulder,Knee,Questionable,Shoulder,Knee,Did Not Participate In Practice,2012-12-28T10:31:06Z
2012,REG,BAL,17,00-0022084,WR,Anquan Boldin,Anquan,Boldin,Shoulder,,Questionable,Shoulder,,Limited Participation in Practice,2012-12-28T10:29:34Z
2012,REG,BAL,17,00-0028061,WR,Tandon Doss,Tandon,Doss,Ankle,,Questionable,Ankle,,Limited Participation in Practice,2012-12-28T10:29:40Z
2012,REG,BAL,17,00-0027756,DT,Arthur Jones,Arthur,Jones,Thigh,,Questionable,Thigh,,Limited Participation in Practice,2012-12-28T10:30:03Z
2012,REG,BAL,17,00-0022397,RB,Vonta Leach,Vonta,Leach,Ankle,,Questionable,Ankle,,Limited Participation in Practice,2012-12-28T10:30:16Z
2012,REG,BAL,17,00-0027560,DE,Albert McClellan,Albert,McClellan,Shoulder,Thigh,Questionable,Shoulder,Thigh,Limited Participation in Practice,2012-12-28T10:30:28Z
2012,REG,BAL,17,00-0026857,LB,Dannell Ellerbe,Dannell,Ellerbe,Ankle,,Probable,Ankle,,Full Participation in Practice,2012-12-28T10:29:24Z
2012,REG,BAL,17,00-0025460,WR,Jacoby Jones,Jacoby,Jones,Ankle,,Probable,Ankle,,Full Participation in Practice,2012-12-28T10:29:24Z
2012,REG,BAL,17,00-0009889,LB,Ray Lewis,Ray,Lewis,Other,,Probable,Other,,Full Participation in Practice,2012-12-28T10:29:24Z
2012,REG,BAL,17,00-0028103,DE,Pernell McPhee,Pernell,McPhee,Thigh,,Probable,Thigh,,Full Participation in Practice,2012-12-28T10:29:24Z
2012,REG,BAL,17,00-0027714,TE,Dennis Pitta,Dennis,Pitta,Knee,,Probable,Knee,,Full Participation in Practice,2012-12-28T10:29:24Z
2012,REG,BAL,17,00-0024269,S,Bernard Pollard,Bernard,Pollard,Chest,,Probable,Chest,,Full Participation in Practice,2012-12-28T10:29:24Z
2012,REG,BAL,17,00-0021377,S,Ed Reed,Ed,Reed,Shoulder,,Probable,Shoulder,,Full Participation in Practice,2012-12-28T10:29:24Z
2012,REG,BAL,17,00-0027965,CB,Jimmy Smith,Jimmy,Smith,Abdomen,,Probable,Abdomen,,Full Participation in Practice,2012-12-28T10:29:24Z
2012,REG,BAL,17,00-0022161,LB,Terrell Suggs,Terrell,Suggs,Biceps,,Probable,Biceps,,Full Participation in Practice,2012-12-28T10:29:24Z
2012,REG,BUF,17,00-0022421,WR,Ruvell Martin,Ruvell,Martin,,,,Not Injury Related,,Did Not Participate In Practice,2012-12-27T12:42:48Z
2012,REG,BUF,17,00-0025516,TE,Scott Chandler,Scott,Chandler,Knee,,Out,Knee,,Did Not Participate In Practice,2012-12-28T09:21:57Z
2012,REG,BUF,17,00-0028038,S,Da'Norris Searcy,Da'Norris,Searcy,Groin,,Out,Groin,,Did Not Participate In Practice,2012-12-28T09:22:04Z
2012,REG,BUF,17,00-0024373,DE,Mark Anderson,Mark,Anderson,Knee,,Out,Knee,,Limited Participation in Practice,2012-12-28T09:21:46Z
2012,REG,BUF,17,00-0027861,RB,C.J. Spiller,C.J.,Spiller,Shoulder,,Probable,Shoulder,,Full Participation in Practice,2012-12-28T09:21:36Z
2012,REG,BUF,17,00-0023750,DE,Mario Williams,Mario,Williams,Wrist,,Probable,Wrist,,Full Participation in Practice,2012-12-28T09:21:36Z
2012,REG,BUF,17,00-0021990,LB,Nick Barnett,Nick,Barnett,Knee,,Probable,Knee,,Limited Participation in Practice,2012-12-28T09:21:36Z
2012,REG,BUF,17,00-0027018,S,Jairus Byrd,Jairus,Byrd,Ankle,,Probable,Ankle,,Limited Participation in Practice,2012-12-28T09:21:36Z
2012,REG,BUF,17,00-0027819,RB,Dorin Dickerson,Dorin,Dickerson,Ankle,,Probable,Ankle,,Limited Participation in Practice,2012-12-28T09:21:36Z
2012,REG,BUF,17,00-0027708,WR,Marcus Easley,Marcus,Easley,Hamstring,,Probable,Hamstring,,Limited Participation in Practice,2012-12-28T09:21:36Z
2012,REG,BUF,17,00-0027027,G,Andy Levitre,Andy,Levitre,Knee,,Probable,Knee,,Limited Participation in Practice,2012-12-28T09:21:36Z
2012,REG,BUF,17,00-0028144,CB,Justin Rogers,Justin,Rogers,Foot,,Probable,Foot,,Limited Participation in Practice,2012-12-28T09:21:36Z
2012,REG,BUF,17,00-0028107,LB,Chris White,Chris,White,Hamstring,,Probable,Hamstring,,Limited Participation in Practice,2012-12-28T09:21:36Z
2012,REG,BUF,17,00-0024348,DT,Kyle Williams,Kyle,Williams,Ankle,,Probable,Ankle,,Limited Participation in Practice,2012-12-28T09:21:36Z
2012,REG,BUF,17,00-0027004,C,Eric Wood,Eric,Wood,Knee,,Probable,Knee,,Limited Participation in Practice,2012-12-28T09:21:36Z
2012,REG,CAR,17,00-0023602,C,Geoff Hangartner,Geoff,Hangartner,Foot,,Questionable,Foot,,Did Not Participate In Practice,2012-12-28T10:28:35Z
2012,REG,CAR,17,00-0026153,RB,Jonathan Stewart,Jonathan,Stewart,Ankle,,Questionable,Ankle,,Did Not Participate In Practice,2012-12-28T10:30:29Z
2012,REG,CAR,17,00-0029271,WR,Joe Adams,Joe,Adams,Ankle,,Questionable,Ankle,,Full Participation in Practice,2012-12-28T10:26:38Z
2012,REG,CAR,17,00-0024303,LB,James Anderson,James,Anderson,Back,,Questionable,Back,,Full Participation in Practice,2012-12-28T10:27:01Z
2012,REG,CAR,17,00-0027774,DE,Greg Hardy,Greg,Hardy,Not Injury Related,,Probable,Not Injury Related,,Did Not Participate In Practice,2012-12-28T10:29:10Z
2012,REG,CAR,17,00-0023448,LB,Thomas Davis,Thomas,Davis,Not Injury Related,,Probable,Not Injury Related,,Full Participation in Practice,2012-12-28T10:27:29Z
2012,REG,CAR,17,00-0022750,DT,Dwan Edwards,Dwan,Edwards,Not Injury Related,,Probable,Not Injury Related,,Full Participation in Practice,2012-12-28T10:27:50Z
2012,REG,CAR,17,00-0022117,T,Jordan Gross,Jordan,Gross,Not Injury Related,,Probable,Not Injury Related,,Full Participation in Practice,2012-12-28T10:28:12Z
2012,REG,CAR,17,00-0025470,DE,Charles Johnson,Charles,Johnson,Not Injury Related,,Probable,Not Injury Related,,Full Participation in Practice,2012-12-28T10:28:50Z
2012,REG,CAR,17,00-0027681,WR,Brandon LaFell,Brandon,LaFell,Toe,,Probable,Toe,,Full Participation in Practice,2012-12-28T10:29:24Z
2012,REG,CAR,17,00-0025418,TE,Greg Olsen,Greg,Olsen,Not Injury Related,,Probable,Not Injury Related,,Full Participation in Practice,2012-12-28T10:29:56Z
2012,REG,CAR,17,00-0020337,WR,Steve Smith,Steve,Smith,Not Injury Related,,Probable,Not Injury Related,,Full Participation in Practice,2012-12-28T10:30:10Z
2012,REG,CAR,17,00-0024242,RB,DeAngelo Williams,DeAngelo,Williams,Not Injury Related,,Probable,Not Injury Related,,Full Participation in Practice,2012-12-28T10:30:45Z
2012,REG,CHI,17,00-0028031,S,Chris Conte,Chris,Conte,Hamstring,,Out,Hamstring,,Did Not Participate In Practice,2012-12-28T11:25:25Z
2012,REG,CHI,17,00-0024129,LB,Blake Costanzo,Blake,Costanzo,Calf,,Out,Calf,,Did Not Participate In Practice,2012-12-28T11:25:31Z
2012,REG,CHI,17,00-0019456,LB,Brian Urlacher,Brian,Urlacher,Hamstring,,Doubtful,Hamstring,,Limited Participation in Practice,2012-12-28T11:26:02Z
2012,REG,CHI,17,00-0028565,RB,Armando Allen,Armando,Allen,Knee,,Questionable,Knee,,Did Not Participate In Practice,2012-12-28T11:25:16Z
2012,REG,CHI,17,00-0026905,DT,Henry Melton,Henry,Melton,Chest,,Questionable,Chest,,Full Participation in Practice,2012-12-28T11:25:47Z
2012,REG,CHI,17,00-0026184,RB,Matt Forte,Matt,Forte,Ankle,,Probable,Ankle,,Full Participation in Practice,2012-12-28T11:25:06Z
2012,REG,CHI,17,00-0024277,CB,Tim Jennings,Tim,Jennings,Shoulder,,Probable,Shoulder,,Full Participation in Practice,2012-12-28T11:25:06Z
2012,REG,CHI,17,00-0024355,T,Jonathan Scott,Jonathan,Scott,Hamstring,,Probable,Hamstring,,Full Participation in Practice,2012-12-28T11:25:06Z
2012,REG,CHI,17,00-0022123,CB,Charles Tillman,Charles,Tillman,Ribs,Elbow,Probable,Ribs,Elbow,Full Participation in Practice,2012-12-28T11:25:06Z
2012,REG,CIN,17,00-0023482,K,Mike Nugent,Mike,Nugent,right Calf,,Out,right Calf,,Did Not Participate In Practice,2012-12-28T10:05:41Z
2012,REG,CIN,17,00-0024231,CB,Jason Allen,Jason,Allen,Hamstring,,Questionable,Hamstring,,Limited Participation in Practice,2012-12-28T10:05:48Z
2012,REG,CIN,17,00-0022045,CB,Terence Newman,Terence,Newman,Groin,,Questionable,Groin,,Limited Participation in Practice,2012-12-28T10:06:08Z
2012,REG,CIN,17,00-0025860,RB,BenJarvus Green-Ellis,BenJarvus,Green-Ellis,Illness,,Probable,Illness,,Full Participation in Practice,2012-12-28T10:03:55Z
2012,REG,CIN,17,00-0023441,CB,Adam Jones,Adam,Jones,Hamstring,,Probable,Hamstring,,Full Participation in Practice,2012-12-28T10:03:55Z
2012,REG,CIN,17,00-0025408,S,Reggie Nelson,Reggie,Nelson,Shoulder,,Probable,Shoulder,,Full Participation in Practice,2012-12-28T10:03:55Z
2012,REG,CLE,17,00-0021186,CB,Sheldon Brown,Sheldon,Brown,Head,Foot,Out,Head,Foot,Did Not Participate In Practice,2012-12-28T13:04:26Z
2012,REG,CLE,17,00-0028040,TE,Jordan Cameron,Jordan,Cameron,Head,,Out,Head,,Did Not Participate In Practice,2012-12-28T13:04:35Z
2012,REG,CLE,17,00-0027688,QB,Colt McCoy,Colt,McCoy,right Shoulder,,Out,right Shoulder,,Did Not Participate In Practice,2012-12-28T13:05:08Z
2012,REG,CLE,17,00-0029675,RB,Trent Richardson,Trent,Richardson,Ankle,,Out,Ankle,,Did Not Participate In Practice,2012-12-28T13:05:20Z
2012,REG,CLE,17,00-0029677,QB,Brandon Weeden,Brandon,Weeden,right Shoulder,,Out,right Shoulder,,Did Not Participate In Practice,2012-12-28T13:05:37Z
2012,REG,CLE,17,00-0029378,DT,Ishmaa'ily Kitchen,Ishmaa'ily,Kitchen,Calf,,Questionable,Calf,,Limited Participation in Practice,2012-12-28T13:04:59Z
2012,REG,CLE,17,00-0023176,WR,Joshua Cribbs,Joshua,Cribbs,Knee,,Probable,Knee,,Full Participation in Practice,2012-12-28T13:04:18Z
2012,REG,CLE,17,00-0028924,S,Tashaun Gipson,Tashaun,Gipson,Foot,,Probable,Foot,,Full Participation in Practice,2012-12-28T13:04:18Z
2012,REG,CLE,17,00-0026205,C,John Greco,John,Greco,Thumb,,Probable,Thumb,,Full Participation in Practice,2012-12-28T13:04:18Z
2012,REG,CLE,17,00-0029266,DT,John Hughes,John,Hughes,Back,,Probable,Back,,Full Participation in Practice,2012-12-28T13:04:18Z
2012,REG,CLE,17,00-0019986,DE,Juqua Parker,Juqua,Parker,Knee,,Probable,Knee,,Full Participation in Practice,2012-12-28T13:04:18Z
2012,REG,CLE,17,00-0023506,TE,Alex Smith,Alex,Smith,Illness,,Probable,Illness,,Full Participation in Practice,2012-12-28T13:04:18Z
2012,REG,CLE,17,00-0025390,T,Joe Thomas,Joe,Thomas,Back,,Probable,Back,,Full Participation in Practice,2012-12-28T13:04:18Z
2012,REG,CLE,17,00-0024306,DE,Frostee Rucker,Frostee,Rucker,Shoulder,Hamstring,Probable,Shoulder,Hamstring,Limited Participation in Practice,2012-12-28T13:04:18Z
2012,REG,DAL,17,00-0027339,DT,Rob Callaway,Rob,Callaway,,,,Not Injury Related,,Did Not Participate In Practice,2012-12-26T13:07:51Z
2012,REG,DAL,17,00-0023559,LB,Brady Poppinga,Brady,Poppinga,,,,Not Injury Related,,Did Not Participate In Practice,2012-12-26T13:08:45Z
2012,REG,DAL,17,00-0023656,DT,Jay Ratliff,Jay,Ratliff,Groin,,Out,Groin,,Did Not Participate In Practice,2012-12-28T11:26:46Z
2012,REG,DAL,17,00-0024224,LB,Ernie Sims,Ernie,Sims,Concussion,,Questionable,Concussion,,Full Participation in Practice,2012-12-28T11:27:07Z
2012,REG,DAL,17,00-0023445,LB,DeMarcus Ware,DeMarcus,Ware,Elbow,Shoulder,Probable,Elbow,Shoulder,Did Not Participate In Practice,2012-12-28T11:26:26Z
2012,REG,DAL,17,00-0028614,LB,Alex Albright,Alex,Albright,Knee,,Probable,Knee,,Full Participation in Practice,2012-12-28T11:26:26Z
2012,REG,DAL,17,00-0027902,WR,Dez Bryant,Dez,Bryant,Finger,,Probable,Finger,,Full Participation in Practice,2012-12-28T11:26:26Z
2012,REG,DAL,17,00-0024307,DT,Jason Hatcher,Jason,Hatcher,Thigh,,Probable,Thigh,,Full Participation in Practice,2012-12-28T11:26:26Z
2012,REG,DAL,17,00-0026162,RB,Felix Jones,Felix,Jones,Knee,,Probable,Knee,,Full Participation in Practice,2012-12-28T11:26:26Z
2012,REG,DAL,17,00-0028009,RB,DeMarco Murray,DeMarco,Murray,Foot,,Probable,Foot,,Full Participation in Practice,2012-12-28T11:26:26Z
2012,REG,DAL,17,00-0027079,LB,Victor Butler,Victor,Butler,Groin,,Probable,Groin,,Limited Participation in Practice,2012-12-28T11:26:26Z
2012,REG,DEN,17,00-0026180,CB,Tracy Porter,Tracy,Porter,Concussion,,Out,Concussion,,Did Not Participate In Practice,2012-12-28T11:21:51Z
2012,REG,DEN,17,00-0027606,WR,Trindon Holliday,Trindon,Holliday,Ankle,,Doubtful,Ankle,,Did Not Participate In Practice,2012-12-28T11:21:43Z
2012,REG,DEN,17,00-0024375,G,Chris Kuper,Chris,Kuper,Ankle,Head,Questionable,Ankle,Head,Limited Participation in Practice,2012-12-28T11:22:08Z
2012,REG,DEN,17,00-0022247,S,Mike Adams,Mike,Adams,Knee,,Probable,Knee,,Full Participation in Practice,2012-12-28T11:21:33Z
2012,REG,DEN,17,00-0026152,T,Ryan Clady,Ryan,Clady,Shoulder,,Probable,Shoulder,,Full Participation in Practice,2012-12-28T11:21:33Z
2012,REG,DEN,17,00-0027419,RB,Chris Gronkowski,Chris,Gronkowski,Hamstring,,Probable,Hamstring,,Full Participation in Practice,2012-12-28T11:21:33Z
2012,REG,DEN,17,00-0023287,S,Jim Leonhard,Jim,Leonhard,Thigh,,Probable,Thigh,,Full Participation in Practice,2012-12-28T11:21:33Z
2012,REG,DEN,17,00-0026988,RB,Knowshon Moreno,Knowshon,Moreno,Ribs,,Probable,Ribs,,Full Participation in Practice,2012-12-28T11:21:33Z
2012,REG,DEN,17,00-0015754,WR,Brandon Stokley,Brandon,Stokley,Quadricep,,Probable,Quadricep,,Full Participation in Practice,2012-12-28T11:21:33Z
2012,REG,DEN,17,00-0029577,LB,Danny Trevathan,Danny,Trevathan,Groin,,Probable,Groin,,Full Participation in Practice,2012-12-28T11:21:33Z
2012,REG,DEN,17,00-0024756,WR,Matt Willis,Matt,Willis,Knee,,Probable,Knee,,Full Participation in Practice,2012-12-28T11:21:33Z
2012,REG,DET,17,00-0020382,DE,Kyle Vanden Bosch,Kyle,Vanden Bosch,,,,Not Injury Related,,Did Not Participate In Practice,2012-12-28T14:11:25Z
2012,REG,DET,17,00-0027084,DT,Sammie Lee Hill,Sammie Lee,Hill,Toe,,Out,Toe,,Did Not Participate In Practice,2012-12-28T14:12:51Z
2012,REG,DET,17,00-0026996,TE,Brandon Pettigrew,Brandon,Pettigrew,Ankle,,Doubtful,Ankle,,Limited Participation in Practice,2012-12-28T14:13:05Z
2012,REG,DET,17,00-0027009,S,Louis Delmas,Louis,Delmas,Knee,,Questionable,Knee,,Did Not Participate In Practice,2012-12-28T14:13:20Z
2012,REG,DET,17,00-0025428,CB,Chris Houston,Chris,Houston,Hamstring,Hip,Questionable,Hamstring,Hip,Limited Participation in Practice,2012-12-28T14:13:41Z
2012,REG,DET,17,00-0025389,WR,Calvin Johnson,Calvin,Johnson,Knee,Ankle,Probable,Knee,Ankle,Did Not Participate In Practice,2012-12-28T14:12:35Z
2012,REG,DET,17,00-0027124,CB,Don Carey,Don,Carey,Knee,,Probable,Knee,,Full Participation in Practice,2012-12-28T14:12:35Z
2012,REG,DET,17,00-0026204,RB,Kevin Smith,Kevin,Smith,Thumb,,Probable,Thumb,,Limited Participation in Practice,2012-12-28T14:14:16Z
2012,REG,GB,17,00-0027791,RB,James Starks,James,Starks,Knee,,Out,Knee,,Did Not Participate In Practice,2012-12-28T12:02:02Z
2012,REG,GB,17,00-0018227,S,Charles Woodson,Charles,Woodson,Collarbone,,Out,Collarbone,,Out (Definitely Will Not Play),2012-12-28T12:02:07Z
2012,REG,GB,17,00-0028069,CB,Davon House,Davon,House,Shoulder,Hip,Doubtful,Shoulder,Hip,Did Not Participate In Practice,2012-12-28T12:01:53Z
2012,REG,GB,17,00-0028002,WR,Randall Cobb,Randall,Cobb,Ankle,Knee,Questionable,Ankle,Knee,Limited Participation in Practice,2012-12-28T12:01:45Z
2012,REG,GB,17,00-0026878,TE,Tom Crabtree,Tom,Crabtree,Hamstring,,Probable,Hamstring,,Full Participation in Practice,2012-12-28T12:01:38Z
2012,REG,GB,17,00-0025580,K,Mason Crosby,Mason,Crosby,Illness,,Probable,Illness,,Full Participation in Practice,2012-12-28T12:01:38Z
2012,REG,GB,17,00-0028034,RB,Alex Green,Alex,Green,Concussion,,Probable,Concussion,,Full Participation in Practice,2012-12-28T12:01:38Z
2012,REG,GB,17,00-0026176,WR,Jordy Nelson,Jordy,Nelson,Hamstring,,Probable,Hamstring,,Full Participation in Practice,2012-12-28T12:01:38Z
2012,REG,GB,17,00-0014375,C,Jeff Saturday,Jeff,Saturday,Neck,Shoulder,Probable,Neck,Shoulder,Full Participation in Practice,2012-12-28T12:01:38Z
2012,REG,GB,17,00-0026275,G,Josh Sitton,Josh,Sitton,Concussion,,Probable,Concussion,,Full Participation in Practice,2012-12-28T12:01:38Z
2012,REG,GB,17,00-0026784,G,Evan Smith,Evan,Smith,Knee,,Probable,Knee,,Full Participation in Practice,2012-12-28T12:01:38Z
2012,REG,GB,17,00-0027822,DE,C.J. Wilson,C.J.,Wilson,Knee,,Probable,Knee,,Full Participation in Practice,2012-12-28T12:01:38Z
2012,REG,GB,17,00-0029257,DE,Jerel Worthy,Jerel,Worthy,Hamstring,,Probable,Hamstring,,Full Participation in Practice,2012-12-28T12:01:38Z
2012,REG,HOU,17,00-0025624,CB,Alan Ball,Alan,Ball,Foot,,Out,Foot,,Did Not Participate In Practice,2012-12-28T11:32:21Z
2012,REG,HOU,17,00-0028082,S,Shiloh Keo,Shiloh,Keo,Ankle,,Questionable,Ankle,,Did Not Participate In Practice,2012-12-28T11:32:30Z
2012,REG,HOU,17,00-0027980,LB,Brooks Reed,Brooks,Reed,Groin,,Questionable,Groin,,Limited Participation in Practice,2012-12-28T11:32:42Z
2012,REG,HOU,17,00-0027022,LB,Connor Barwin,Connor,Barwin,Back,Elbow,Probable,Back,Elbow,Full Participation in Practice,2012-12-28T11:32:13Z
2012,REG,HOU,17,00-0027917,RB,Tyler Clutts,Tyler,Clutts,Abdominal,,Probable,Abdominal,,Full Participation in Practice,2012-12-28T11:32:13Z
2012,REG,HOU,17,00-0029417,DE,Jared Crick,Jared,Crick,Neck,,Probable,Neck,,Full Participation in Practice,2012-12-28T11:32:13Z
2012,REG,HOU,17,00-0026373,RB,Justin Forsett,Justin,Forsett,Knee,,Probable,Knee,,Full Participation in Practice,2012-12-28T11:32:13Z
2012,REG,HOU,17,00-0026796,RB,Arian Foster,Arian,Foster,Arrhythmia,,Probable,Arrhythmia,,Full Participation in Practice,2012-12-28T11:32:13Z
2012,REG,HOU,17,00-0024239,CB,Johnathan Joseph,Johnathan,Joseph,Groin,Quadricep,Probable,Groin,Quadricep,Full Participation in Practice,2012-12-28T11:32:13Z
2012,REG,HOU,17,00-0029520,S,Eddie Pleasant,Eddie,Pleasant,Hamstring,,Probable,Hamstring,,Full Participation in Practice,2012-12-28T11:32:13Z
2012,REG,HOU,17,00-0027081,S,Glover Quin,Glover,Quin,Hip,,Probable,Hip,,Full Participation in Practice,2012-12-28T11:32:13Z
2012,REG,HOU,17,00-0027703,LB,Darryl Sharpton,Darryl,Sharpton,Toe,,Probable,Toe,,Full Participation in Practice,2012-12-28T11:32:13Z
2012,REG,HOU,17,00-0027890,RB,Ben Tate,Ben,Tate,Hamstring,,Probable,Hamstring,,Full Participation in Practice,2012-12-28T11:32:13Z
2012,REG,HOU,17,00-0027949,DE,J.J. Watt,J.J.,Watt,Chest,,Probable,Chest,,Full Participation in Practice,2012-12-28T11:32:13Z
2012,REG,HOU,17,00-0028090,QB,T.J. Yates,T.J.,Yates,right Elbow,,Probable,right Elbow,,Full Participation in Practice,2012-12-28T11:32:13Z
2012,REG,HOU,17,00-0023472,DT,Shaun Cody,Shaun,Cody,Back,,Probable,Back,,Limited Participation in Practice,2012-12-28T11:32:13Z
2012,REG,HOU,17,00-0024313,TE,Owen Daniels,Owen,Daniels,Hamstring,Neck,Probable,Hamstring,Neck,Limited Participation in Practice,2012-12-28T11:32:13Z
2012,REG,HOU,17,00-0024365,LB,Tim Dobbins,Tim,Dobbins,Shoulder,,Probable,Shoulder,,Limited Participation in Practice,2012-12-28T11:32:13Z
2012,REG,HOU,17,00-0028152,T,Derek Newton,Derek,Newton,Knee,,Probable,Knee,,Limited Participation in Practice,2012-12-28T11:32:13Z
2012,REG,HOU,17,00-0022793,DE,Antonio Smith,Antonio,Smith,Ankle,,Probable,Ankle,,Limited Participation in Practice,2012-12-28T11:32:13Z
2012,REG,HOU,17,00-0022131,G,Wade Smith,Wade,Smith,Knee,Ribs,Probable,Knee,Ribs,Limited Participation in Practice,2012-12-28T11:32:13Z
2012,REG,IND,17,00-0028057,RB,Delone Carter,Delone,Carter,Ankle,,Out,Ankle,,Did Not Participate In Practice,2012-12-28T12:40:34Z
2012,REG,IND,17,00-0025539,DT,Antonio Johnson,Antonio,Johnson,Ankle,,Out,Ankle,,Did Not Participate In Practice,2012-12-28T12:42:00Z
2012,REG,IND,17,00-0021998,DE,Cory Redding,Cory,Redding,Quadricep,,Out,Quadricep,,Did Not Participate In Practice,2012-12-28T12:41:20Z
2012,REG,IND,17,00-0025447,C,Samson Satele,Samson,Satele,Ankle,,Out,Ankle,,Did Not Participate In Practice,2012-12-28T12:41:39Z
2012,REG,IND,17,00-0026173,WR,Donnie Avery,Donnie,Avery,Shoulder,,Questionable,Shoulder,,Did Not Participate In Practice,2012-12-28T12:42:48Z
2012,REG,IND,17,00-0027831,LB,Kavell Conner,Kavell,Conner,Hamstring,,Questionable,Hamstring,,Full Participation in Practice,2012-12-28T12:43:05Z
2012,REG,IND,17,00-0024254,T,Winston Justice,Winston,Justice,Shoulder,,Questionable,Shoulder,,Full Participation in Practice,2012-12-28T12:43:39Z
2012,REG,IND,17,00-0026950,C,A.Q. Shipley,A.Q.,Shipley,Knee,,Questionable,Knee,,Full Participation in Practice,2012-12-28T12:42:20Z
2012,REG,IND,17,00-0027853,CB,Teddy Williams,Teddy,Williams,Knee,,Questionable,Knee,,Full Participation in Practice,2012-12-28T12:44:04Z
2012,REG,IND,17,00-0026226,S,Tom Zbikowski,Tom,Zbikowski,Knee,,Questionable,Knee,,Limited Participation in Practice,2012-12-28T12:43:26Z
2012,REG,IND,17,00-0025920,LB,Jerrell Freeman,Jerrell,Freeman,Thumb,,Probable,Thumb,,Full Participation in Practice,2012-12-28T12:38:22Z
2012,REG,IND,17,00-0021146,LB,Dwight Freeney,Dwight,Freeney,Not Injury Related,,Probable,Not Injury Related,,Full Participation in Practice,2012-12-28T12:38:22Z
2012,REG,IND,17,00-0029668,QB,Andrew Luck,Andrew,Luck,Knee,,Probable,Knee,,Full Participation in Practice,2012-12-28T12:38:22Z
2012,REG,IND,17,00-0022059,LB,Robert Mathis,Robert,Mathis,Not Injury Related,,Probable,Not Injury Related,,Full Participation in Practice,2012-12-28T12:38:22Z
2012,REG,JAX,17,00-0024275,RB,Maurice Jones-Drew,Maurice,Jones-Drew,,,,Foot,,Did Not Participate In Practice,2012-12-27T11:09:39Z
2012,REG,JAX,17,00-0025536,G,Uche Nwaneri,Uche,Nwaneri,Concussion,,Out,Concussion,,Did Not Participate In Practice,2012-12-28T10:13:10Z
2012,REG,JAX,17,00-0027862,DT,Tyson Alualu,Tyson,Alualu,Calf,,Probable,Calf,,Full Participation in Practice,2012-12-28T10:12:54Z
2012,REG,JAX,17,00-0022897,RB,Greg Jones,Greg,Jones,Thigh,,Probable,Thigh,,Full Participation in Practice,2012-12-28T10:12:54Z
2012,REG,JAX,17,00-0022080,CB,Rashean Mathis,Rashean,Mathis,Groin,,Probable,Groin,,Full Participation in Practice,2012-12-28T10:12:54Z
2012,REG,JAX,17,00-0018956,C,Brad Meester,Brad,Meester,Foot,,Probable,Foot,,Full Participation in Practice,2012-12-28T10:12:54Z
2012,REG,JAX,17,00-0025421,LB,Paul Posluszny,Paul,Posluszny,Groin,,Probable,Groin,,Full Participation in Practice,2012-12-28T10:12:54Z
2012,REG,JAX,17,00-0025407,CB,Aaron Ross,Aaron,Ross,Calf,,Probable,Calf,,Full Participation in Practice,2012-12-28T10:12:54Z
2012,REG,JAX,17,00-0022839,LB,Daryl Smith,Daryl,Smith,Groin,,Probable,Groin,,Full Participation in Practice,2012-12-28T10:12:54Z
2012,REG,JAX,17,00-0029061,LB,Julian Stanford,Julian,Stanford,Hip,,Probable,Hip,,Full Participation in Practice,2012-12-28T10:12:54Z
2012,REG,KC,17,00-0022388,WR,Terrance Copper,Terrance,Copper,Knee,,Out,Knee,,Did Not Participate In Practice,2012-12-28T12:02:11Z
2012,REG,KC,17,00-0026980,DE,Tyson Jackson,Tyson,Jackson,Foot,,Doubtful,Foot,,Did Not Participate In Practice,2012-12-28T12:00:54Z
2012,REG,KC,17,00-0026155,T,Branden Albert,Branden,Albert,Back,,Questionable,Back,,Did Not Participate In Practice,2012-12-28T12:02:35Z
2012,REG,KC,17,00-0029319,WR,Josh Bellamy,Josh,Bellamy,Ankle,,Questionable,Ankle,,Did Not Participate In Practice,2012-12-28T12:02:56Z
2012,REG,KC,17,00-0024235,LB,Tamba Hali,Tamba,Hali,Illness,,Questionable,Illness,,Did Not Participate In Practice,2012-12-28T12:01:12Z
2012,REG,KC,17,00-0027736,S,Kendrick Lewis,Kendrick,Lewis,Illness,,Questionable,Illness,,Did Not Participate In Practice,2012-12-28T12:03:21Z
2012,REG,KC,17,00-0027651,WR,Dexter McCluster,Dexter,McCluster,Illness,,Questionable,Illness,,Did Not Participate In Practice,2012-12-28T12:03:44Z
2012,REG,KC,17,00-0028056,CB,Jalil Brown,Jalil,Brown,Toe,,Questionable,Toe,,Limited Participation in Practice,2012-12-28T12:04:01Z
2012,REG,KC,17,00-0023405,S,Abram Elam,Abram,Elam,Quadricep,,Questionable,Quadricep,,Limited Participation in Practice,2012-12-28T12:04:23Z
2012,REG,KC,17,00-0027695,TE,Tony Moeaki,Tony,Moeaki,Head,,Questionable,Head,,Limited Participation in Practice,2012-12-28T12:02:23Z
2012,REG,KC,17,00-0027673,G,Jon Asamoah,Jon,Asamoah,Thumb,,Probable,Thumb,,Full Participation in Practice,2012-12-28T12:00:31Z
2012,REG,KC,17,00-0027858,S,Eric Berry,Eric,Berry,Hand,,Probable,Hand,,Full Participation in Practice,2012-12-28T12:00:31Z
2012,REG,KC,17,00-0026213,RB,Jamaal Charles,Jamaal,Charles,Illness,,Probable,Illness,,Full Participation in Practice,2012-12-28T12:00:31Z
2012,REG,KC,17,00-0027639,LB,Cory Greenwood,Cory,Greenwood,Illness,,Probable,Illness,,Full Participation in Practice,2012-12-28T12:00:31Z
2012,REG,KC,17,00-0020389,G,Russ Hochstein,Russ,Hochstein,Back,,Probable,Back,,Full Participation in Practice,2012-12-28T12:00:31Z
2012,REG,KC,17,00-0022350,G,Ryan Lilja,Ryan,Lilja,Back,,Probable,Back,,Full Participation in Practice,2012-12-28T12:00:31Z
2012,REG,KC,17,00-0029540,G,Rich Ranglin,Rich,Ranglin,Knee,,Probable,Knee,,Full Participation in Practice,2012-12-28T12:00:31Z
2012,REG,KC,17,00-0029543,T,Donald Stephenson,Donald,Stephenson,Illness,,Probable,Illness,,Full Participation in Practice,2012-12-28T12:00:31Z
2012,REG,MIA,17,00-0026000,WR,Davone Bess,Davone,Bess,Back,,Out,Back,,Did Not Participate In Practice,2012-12-28T11:09:45Z
2012,REG,MIA,17,00-0022805,DT,Randy Starks,Randy,Starks,Not Injury Related,,Questionable,Not Injury Related,,Did Not Participate In Practice,2012-12-28T11:09:57Z
2012,REG,MIA,17,00-0027744,CB,Nolan Carroll,Nolan,Carroll,Knee,,Questionable,Knee,,Limited Participation in Practice,2012-12-28T11:10:09Z
2012,REG,MIA,17,00-0029110,G,Josh Samuda,Josh,Samuda,Shoulder,,Questionable,Shoulder,,Limited Participation in Practice,2012-12-28T11:10:32Z
2012,REG,MIA,17,00-0028400,WR,Armon Binns,Armon,Binns,Groin,,Probable,Groin,,Full Participation in Practice,2012-12-28T11:08:58Z
2012,REG,MIA,17,00-0022927,LB,Karlos Dansby,Karlos,Dansby,Biceps,,Probable,Biceps,,Full Participation in Practice,2012-12-28T11:08:58Z
2012,REG,MIA,17,00-0027077,WR,Brian Hartline,Brian,Hartline,Back,,Probable,Back,,Full Participation in Practice,2012-12-28T11:08:58Z
2012,REG,MIA,17,00-0027115,S,Chris Clemons,Chris,Clemons,Ankle,,Probable,Ankle,,Limited Participation in Practice,2012-12-28T11:08:58Z
2012,REG,MIA,17,00-0027762,S,Reshad Jones,Reshad,Jones,Hip,,Probable,Hip,,Limited Participation in Practice,2012-12-28T11:08:58Z
2012,REG,MIA,17,00-0027883,LB,Koa Misi,Koa,Misi,Ankle,,Probable,Ankle,,Limited Participation in Practice,2012-12-28T11:08:58Z
2012,REG,MIA,17,00-0027037,CB,Sean Smith,Sean,Smith,Knee,,Probable,Knee,,Limited Participation in Practice,2012-12-28T11:08:58Z
2012,REG,MIN,17,00-0018093,CB,Antoine Winfield,Antoine,Winfield,Knee,Hand,Questionable,Knee,Hand,Did Not Participate In Practice,2012-12-28T10:57:23Z
2012,REG,MIN,17,00-0025489,DE,Brian Robison,Brian,Robison,Shoulder,,Questionable,Shoulder,,Limited Participation in Practice,2012-12-28T10:57:36Z
2012,REG,MIN,17,00-0025607,LB,Marvin Mitchell,Marvin,Mitchell,Illness,,Probable,Illness,,Did Not Participate In Practice,2012-12-28T10:58:14Z
2012,REG,MIN,17,00-0022740,DE,Jared Allen,Jared,Allen,Shoulder,Illness,Probable,Shoulder,Illness,Full Participation in Practice,2012-12-28T10:57:09Z
2012,REG,MIN,17,00-0023060,P,Chris Kluwe,Chris,Kluwe,left Knee,,Probable,left Knee,,Full Participation in Practice,2012-12-28T10:57:09Z
2012,REG,MIN,17,00-0027030,T,Phil Loadholt,Phil,Loadholt,Knee,,Probable,Knee,,Full Participation in Practice,2012-12-28T10:57:09Z
2012,REG,MIN,17,00-0027547,CB,Marcus Sherels,Marcus,Sherels,Quadricep,,Probable,Quadricep,,Full Participation in Practice,2012-12-28T10:57:09Z
2012,REG,MIN,17,00-0025394,RB,Adrian Peterson,Adrian,Peterson,Abdomen,,Probable,Abdomen,,Limited Participation in Practice,2012-12-28T10:57:09Z
2012,REG,NE,17,00-0024588,CB,Marquice Cole,Marquice,Cole,Finger,,Doubtful,Finger,,Did Not Participate In Practice,2012-12-28T12:37:43Z
2012,REG,NE,17,00-0027010,S,Patrick Chung,Patrick,Chung,Shoulder,,Questionable,Shoulder,,Limited Participation in Practice,2012-12-28T12:37:51Z
2012,REG,NE,17,00-0022979,G,Dan Connolly,Dan,Connolly,Back,,Questionable,Back,,Limited Participation in Practice,2012-12-28T12:38:03Z
2012,REG,NE,17,00-0029596,CB,Alfonzo Dennard,Alfonzo,Dennard,Hamstring,Knee,Questionable,Hamstring,Knee,Limited Participation in Practice,2012-12-28T12:38:11Z
2012,REG,NE,17,00-0029570,S,Nate Ebner,Nate,Ebner,Hamstring,,Questionable,Hamstring,,Limited Participation in Practice,2012-12-28T12:38:21Z
2012,REG,NE,17,00-0027656,TE,Rob Gronkowski,Rob,Gronkowski,Forearm,Hip,Questionable,Forearm,Hip,Limited Participation in Practice,2012-12-28T12:38:28Z
2012,REG,NE,17,00-0027713,TE,Aaron Hernandez,Aaron,Hernandez,Ankle,,Questionable,Ankle,,Limited Participation in Practice,2012-12-28T12:38:33Z
2012,REG,NE,17,00-0029669,LB,Dont'a Hightower,Dont'a,Hightower,Hamstring,Shoulder,Questionable,Hamstring,Shoulder,Limited Participation in Practice,2012-12-28T12:38:53Z
2012,REG,NE,17,00-0029585,DE,Chandler Jones,Chandler,Jones,Ankle,,Questionable,Ankle,,Limited Participation in Practice,2012-12-28T12:38:59Z
2012,REG,NE,17,00-0022097,WR,Brandon Lloyd,Brandon,Lloyd,Knee,,Questionable,Knee,,Limited Participation in Practice,2012-12-28T12:39:06Z
2012,REG,NE,17,00-0027236,DT,Kyle Love,Kyle,Love,Knee,,Questionable,Knee,,Limited Participation in Practice,2012-12-28T12:39:12Z
2012,REG,NE,17,00-0023467,G,Logan Mankins,Logan,Mankins,Ankle,Calf,Questionable,Ankle,Calf,Limited Participation in Practice,2012-12-28T12:39:17Z
2012,REG,NE,17,00-0026150,LB,Jerod Mayo,Jerod,Mayo,Elbow,,Questionable,Elbow,,Limited Participation in Practice,2012-12-28T12:39:23Z
2012,REG,NE,17,00-0027435,C,Nick McDonald,Nick,McDonald,Shoulder,,Questionable,Shoulder,,Limited Participation in Practice,2012-12-28T12:39:31Z
2012,REG,NE,17,00-0026556,LB,Mike Rivera,Mike,Rivera,Ankle,,Questionable,Ankle,,Limited Participation in Practice,2012-12-28T12:39:41Z
2012,REG,NE,17,00-0027955,T,Nate Solder,Nate,Solder,Abdomen,,Questionable,Abdomen,,Limited Participation in Practice,2012-12-28T12:39:48Z
2012,REG,NE,17,00-0027668,LB,Brandon Spikes,Brandon,Spikes,Knee,Ankle,Questionable,Knee,Ankle,Limited Participation in Practice,2012-12-28T12:39:53Z
2012,REG,NE,17,00-0026160,CB,Aqib Talib,Aqib,Talib,Hip,,Questionable,Hip,,Limited Participation in Practice,2012-12-28T12:39:59Z
2012,REG,NE,17,00-0027034,T,Sebastian Vollmer,Sebastian,Vollmer,Back,Knee,Questionable,Back,Knee,Limited Participation in Practice,2012-12-28T12:40:04Z
2012,REG,NE,17,00-0022427,WR,Wes Welker,Wes,Welker,Ankle,,Questionable,Ankle,,Limited Participation in Practice,2012-12-28T12:40:10Z
2012,REG,NE,17,00-0021645,LB,Tracy White,Tracy,White,Elbow,,Questionable,Elbow,,Limited Participation in Practice,2012-12-28T12:40:15Z
2012,REG,NO,17,00-0022527,CB,Jabari Greer,Jabari,Greer,Concussion,,Out,Concussion,,Did Not Participate In Practice,2012-12-28T10:56:26Z
2012,REG,NO,17,00-0029657,DT,Akiem Hicks,Akiem,Hicks,Knee,,Out,Knee,,Did Not Participate In Practice,2012-12-28T10:56:37Z
2012,REG,NO,17,00-0024813,RB,Pierre Thomas,Pierre,Thomas,Knee,,Out,Knee,,Did Not Participate In Practice,2012-12-28T10:56:45Z
2012,REG,NO,17,00-0026072,RB,Jed Collins,Jed,Collins,Knee,,Probable,Knee,,Full Participation in Practice,2012-12-28T10:56:17Z
2012,REG,NO,17,00-0027696,TE,Jimmy Graham,Jimmy,Graham,Wrist,Finger,Probable,Wrist,Finger,Full Participation in Practice,2012-12-28T10:56:17Z
2012,REG,NO,17,00-0027531,RB,Chris Ivory,Chris,Ivory,Hamstring,,Probable,Hamstring,,Full Participation in Practice,2012-12-28T10:56:17Z
2012,REG,NYG,17,00-0027070,TE,Travis Beckum,Travis,Beckum,,,,Knee,,Out (Definitely Will Not Play),2012-12-26T10:22:14Z
2012,REG,NYG,17,00-0023566,DT,Chris Canty,Chris,Canty,Knee,,Doubtful,Knee,,Did Not Participate In Practice,2012-12-28T10:11:25Z
2012,REG,NYG,17,00-0029267,CB,Jayron Hosley,Jayron,Hosley,Quadricep,,Doubtful,Quadricep,,Did Not Participate In Practice,2012-12-28T10:11:36Z
2012,REG,NYG,17,00-0027957,CB,Prince Amukamara,Prince,Amukamara,Hamstring,,Doubtful,Hamstring,,Limited Participation in Practice,2012-12-28T10:11:11Z
2012,REG,NYG,17,00-0027005,WR,Hakeem Nicks,Hakeem,Nicks,Knee,,Questionable,Knee,,Limited Participation in Practice,2012-12-28T10:11:46Z
2012,REG,NYG,17,00-0026171,S,Kenny Phillips,Kenny,Phillips,Knee,,Questionable,Knee,,Limited Participation in Practice,2012-12-28T10:11:54Z
2012,REG,NYG,17,00-0023509,DE,Justin Tuck,Justin,Tuck,Shoulder,,Questionable,Shoulder,,Limited Participation in Practice,2012-12-28T10:12:04Z
2012,REG,NYG,17,00-0028136,S,Tyler Sash,Tyler,Sash,Hamstring,,Probable,Hamstring,,Full Participation in Practice,2012-12-28T10:11:03Z
2012,REG,NYG,17,00-0023468,C,David Baas,David,Baas,Hip,Shoulder,Probable,Hip,Shoulder,Limited Participation in Practice,2012-12-28T10:11:03Z
2012,REG,NYG,17,00-0025637,RB,Ahmad Bradshaw,Ahmad,Bradshaw,Knee,Foot,Probable,Knee,Foot,Limited Participation in Practice,2012-12-28T10:11:03Z
2012,REG,NYG,17,00-0022838,G,Chris Snee,Chris,Snee,Hip,,Probable,Hip,,Limited Participation in Practice,2012-12-28T10:11:03Z
2012,REG,NYJ,17,00-0027338,CB,Aaron Berry,Aaron,Berry,Hamstring,,Out,Hamstring,,Did Not Participate In Practice,2012-12-28T10:49:11Z
2012,REG,NYJ,17,00-0026170,TE,Dustin Keller,Dustin,Keller,Ankle,,Doubtful,Ankle,,Did Not Participate In Practice,2012-12-28T10:49:22Z
2012,REG,NYJ,17,00-0028146,QB,Greg McElroy,Greg,McElroy,Abdomen,Concussion,Doubtful,Abdomen,Concussion,Did Not Participate In Practice,2012-12-28T10:49:30Z
2012,REG,NYJ,17,00-0026366,WR,Chaz Schilens,Chaz,Schilens,Knee,,Doubtful,Knee,,Did Not Participate In Practice,2012-12-28T10:49:38Z
2012,REG,NYJ,17,00-0021081,LB,Bryan Thomas,Bryan,Thomas,Chest,,Doubtful,Chest,,Did Not Participate In Practice,2012-12-28T10:49:45Z
2012,REG,NYJ,17,00-0023438,WR,Braylon Edwards,Braylon,Edwards,Hamstring,Knee,Questionable,Hamstring,Knee,Limited Participation in Practice,2012-12-28T10:50:05Z
2012,REG,NYJ,17,00-0027144,CB,Ellis Lankster,Ellis,Lankster,Concussion,,Questionable,Concussion,,Limited Participation in Practice,2012-12-28T10:49:56Z
2012,REG,NYJ,17,00-0027321,TE,Jeff Cumberland,Jeff,Cumberland,Wrist,,Probable,Wrist,,Full Participation in Practice,2012-12-28T10:49:04Z
2012,REG,NYJ,17,00-0028032,DT,Kenrick Ellis,Kenrick,Ellis,Knee,,Probable,Knee,,Full Participation in Practice,2012-12-28T10:49:04Z
2012,REG,NYJ,17,00-0025565,K,Nick Folk,Nick,Folk,Back,,Probable,Back,,Full Participation in Practice,2012-12-28T10:49:04Z
2012,REG,NYJ,17,00-0025393,S,LaRon Landry,LaRon,Landry,Hamstring,Heel,Probable,Hamstring,Heel,Full Participation in Practice,2012-12-28T10:49:04Z
2012,REG,NYJ,17,00-0027509,P,Robert Malone,Robert,Malone,Illness,,Probable,Illness,,Full Participation in Practice,2012-12-28T10:49:04Z
2012,REG,NYJ,17,00-0024244,C,Nick Mangold,Nick,Mangold,Shoulder,,Probable,Shoulder,,Full Participation in Practice,2012-12-28T10:49:04Z
2012,REG,NYJ,17,00-0023904,LB,Garrett McIntyre,Garrett,McIntyre,Elbow,,Probable,Elbow,,Full Participation in Practice,2012-12-28T10:49:04Z
2012,REG,NYJ,17,00-0027712,RB,Joe McKnight,Joe,McKnight,Ankle,Illness,Probable,Ankle,Illness,Full Participation in Practice,2012-12-28T10:49:04Z
2012,REG,NYJ,17,00-0020969,G,Brandon Moore,Brandon,Moore,Foot,Hip,Probable,Foot,Hip,Full Participation in Practice,2012-12-28T10:49:04Z
2012,REG,NYJ,17,00-0022120,LB,Calvin Pace,Calvin,Pace,Shoulder,,Probable,Shoulder,,Full Participation in Practice,2012-12-28T10:49:04Z
2012,REG,NYJ,17,00-0023523,DT,Sione Pouha,Sione,Pouha,Back,,Probable,Back,,Full Participation in Practice,2012-12-28T10:49:04Z
2012,REG,NYJ,17,00-0028064,RB,Bilal Powell,Bilal,Powell,Shoulder,,Probable,Shoulder,,Full Participation in Practice,2012-12-28T10:49:04Z
2012,REG,NYJ,17,00-0026898,QB,Mark Sanchez,Mark,Sanchez,Back,,Probable,Back,,Full Participation in Practice,2012-12-28T10:49:04Z
2012,REG,NYJ,17,00-0027734,LB,Ricky Sapp,Ricky,Sapp,Ankle,,Probable,Ankle,,Full Participation in Practice,2012-12-28T10:49:04Z
2012,REG,NYJ,17,00-0020873,LB,Bart Scott,Bart,Scott,Toe,,Probable,Toe,,Full Participation in Practice,2012-12-28T10:49:04Z
2012,REG,NYJ,17,00-0026500,G,Matt Slauson,Matt,Slauson,Knee,,Probable,Knee,,Full Participation in Practice,2012-12-28T10:49:04Z
2012,REG,NYJ,17,00-0027876,QB,Tim Tebow,Tim,Tebow,Ribs,,Probable,Ribs,,Full Participation in Practice,2012-12-28T10:49:04Z
2012,REG,NYJ,17,00-0027968,DE,Muhammad Wilkerson,Muhammad,Wilkerson,Concussion,Knee,Probable,Concussion,Knee,Full Participation in Practice,2012-12-28T10:49:04Z
2012,REG,OAK,17,00-0027080,RB,Mike Goodson,Mike,Goodson,,,,Illness,,Did Not Participate In Practice,2012-12-27T14:13:25Z
2012,REG,OAK,17,00-0020442,DT,Richard Seymour,Richard,Seymour,,,,Knee,Hamstring,Did Not Participate In Practice,2012-12-26T14:04:59Z
2012,REG,OAK,17,00-0027610,CB,Phillip Adams,Phillip,Adams,Groin,,Out,Groin,,Did Not Participate In Practice,2012-12-28T14:12:53Z
2012,REG,OAK,17,00-0021429,QB,Carson Palmer,Carson,Palmer,Ribs,,Out,Ribs,,Out (Definitely Will Not Play),2012-12-28T14:14:44Z
2012,REG,OAK,17,00-0023846,G,Mike Brisiel,Mike,Brisiel,Concussion,Ankle,Questionable,Concussion,Ankle,Did Not Participate In Practice,2012-12-28T14:14:15Z
2012,REG,OAK,17,00-0026240,S,Tyvon Branch,Tyvon,Branch,Neck,Ankle,Questionable,Neck,Ankle,Limited Participation in Practice,2012-12-28T14:13:07Z
2012,REG,OAK,17,00-0029627,DE,Jack Crawford,Jack,Crawford,Toe,,Probable,Toe,,Full Participation in Practice,2012-12-28T14:12:34Z
2012,REG,OAK,17,00-0029702,WR,Juron Criner,Juron,Criner,Hip,,Probable,Hip,,Full Participation in Practice,2012-12-28T14:12:34Z
2012,REG,OAK,17,00-0027135,TE,Brandon Myers,Brandon,Myers,Shoulder,,Probable,Shoulder,,Full Participation in Practice,2012-12-28T14:12:34Z
2012,REG,OAK,17,00-0028179,TE,David Ausberry,David,Ausberry,Knee,,Probable,Knee,,Limited Participation in Practice,2012-12-28T14:15:24Z
2012,REG,OAK,17,00-0023487,T,Khalif Barnes,Khalif,Barnes,Triceps,,Probable,Triceps,,Limited Participation in Practice,2012-12-28T14:12:34Z
2012,REG,OAK,17,00-0029631,LB,Miles Burris,Miles,Burris,Knee,,Probable,Knee,,Limited Participation in Practice,2012-12-28T14:15:12Z
2012,REG,PHI,17,00-0029653,DT,Fletcher Cox,Fletcher,Cox,Concussion,,Out,Concussion,,Did Not Participate In Practice,2012-12-28T10:51:46Z
2012,REG,PHI,17,00-0029409,LB,Mychal Kendricks,Mychal,Kendricks,Concussion,,Out,Concussion,,Did Not Participate In Practice,2012-12-28T10:51:56Z
2012,REG,PHI,17,00-0026123,TE,Evan Moore,Evan,Moore,Back,,Doubtful,Back,,Did Not Participate In Practice,2012-12-28T10:51:34Z
2012,REG,PHI,17,00-0029438,RB,Chris Polk,Chris,Polk,Toe,,Questionable,Toe,,Full Participation in Practice,2012-12-28T10:52:03Z
2012,REG,PHI,17,00-0024324,WR,Jason Avant,Jason,Avant,Calf,Hamstring,Probable,Calf,Hamstring,Full Participation in Practice,2012-12-28T10:51:26Z
2012,REG,PHI,17,00-0028178,RB,Stanley Havili,Stanley,Havili,Hamstring,,Probable,Hamstring,,Full Participation in Practice,2012-12-28T10:51:26Z
2012,REG,PHI,17,00-0026995,WR,Jeremy Maclin,Jeremy,Maclin,Knee,,Probable,Knee,,Full Participation in Practice,2012-12-28T10:51:26Z
2012,REG,PHI,17,00-0023514,G,Evan Mathis,Evan,Mathis,Ankle,,Probable,Ankle,,Full Participation in Practice,2012-12-28T10:51:26Z
2012,REG,PIT,17,00-0029202,T,Mike Adams,Mike,Adams,Ankle,,Out,Ankle,,Did Not Participate In Practice,2012-12-28T10:28:41Z
2012,REG,PIT,17,00-0028033,CB,Curtis Brown,Curtis,Brown,Ankle,,Out,Ankle,,Did Not Participate In Practice,2012-12-28T10:28:47Z
2012,REG,PIT,17,00-0028835,LB,Marshall McFadden,Marshall,McFadden,Abdomen,,Out,Abdomen,,Did Not Participate In Practice,2012-12-28T10:29:01Z
2012,REG,PIT,17,00-0026901,WR,Mike Wallace,Mike,Wallace,Hip,,Out,Hip,,Did Not Participate In Practice,2012-12-28T10:28:54Z
2012,REG,PIT,17,00-0029678,G,David DeCastro,David,DeCastro,Hamstring,,Probable,Hamstring,,Full Participation in Practice,2012-12-28T10:28:35Z
2012,REG,PIT,17,00-0026903,CB,Keenan Lewis,Keenan,Lewis,Knee,,Probable,Knee,,Full Participation in Practice,2012-12-28T10:28:35Z
2012,REG,PIT,17,00-0022119,S,Troy Polamalu,Troy,Polamalu,Not Injury Related,,Probable,Not Injury Related,,Full Participation in Practice,2012-12-28T10:28:35Z
2012,REG,SD,17,00-0027682,LB,Donald Butler,Donald,Butler,Groin,,Doubtful,Groin,,Did Not Participate In Practice,2012-12-28T13:05:04Z
2012,REG,SD,17,00-0023437,RB,Ronnie Brown,Ronnie,Brown,Hamstring,,Questionable,Hamstring,,Limited Participation in Practice,2012-12-28T13:04:55Z
2012,REG,SD,17,00-0015474,LB,Takeo Spikes,Takeo,Spikes,Hamstring,,Probable,Hamstring,,Full Participation in Practice,2012-12-28T13:04:42Z
2012,REG,SD,17,00-0022707,LB,Demorrio Williams,Demorrio,Williams,Ankle,,Probable,Ankle,,Full Participation in Practice,2012-12-28T13:04:42Z
2012,REG,SD,17,00-0028027,CB,Shareece Wright,Shareece,Wright,Shoulder,,Probable,Shoulder,,Full Participation in Practice,2012-12-28T13:04:42Z
2012,REG,SEA,17,00-0027711,CB,Walter Thurmond,Walter,Thurmond,Hamstring,,Out,Hamstring,,Did Not Participate In Practice,2012-12-28T13:22:55Z
2012,REG,SEA,17,00-0026290,T,Breno Giacomini,Breno,Giacomini,Elbow,,Questionable,Elbow,,Full Participation in Practice,2012-12-28T13:22:47Z
2012,REG,SEA,17,00-0023533,LB,LeRoy Hill,LeRoy,Hill,Hamstring,,Questionable,Hamstring,,Limited Participation in Practice,2012-12-28T13:22:28Z
2012,REG,SEA,17,00-0026261,DE,Red Bryant,Red,Bryant,Foot,,Probable,Foot,,Full Participation in Practice,2012-12-28T13:22:18Z
2012,REG,SEA,17,00-0025399,RB,Marshawn Lynch,Marshawn,Lynch,Back,,Probable,Back,,Full Participation in Practice,2012-12-28T13:22:18Z
2012,REG,SEA,17,00-0027783,TE,Anthony McCoy,Anthony,McCoy,Back,,Probable,Back,,Full Participation in Practice,2012-12-28T13:22:18Z
2012,REG,SEA,17,00-0025431,WR,Sidney Rice,Sidney,Rice,Knee,,Probable,Knee,,Full Participation in Practice,2012-12-28T13:22:18Z
2012,REG,SEA,17,00-0027891,WR,Golden Tate,Golden,Tate,Illness,,Probable,Illness,,Full Participation in Practice,2012-12-28T13:22:18Z
2012,REG,SEA,17,00-0027866,S,Earl Thomas,Earl,Thomas,Ankle,,Probable,Ankle,,Full Participation in Practice,2012-12-28T13:22:18Z
2012,REG,SEA,17,00-0022046,CB,Marcus Trufant,Marcus,Trufant,Hamstring,,Probable,Hamstring,,Full Participation in Practice,2012-12-28T13:22:18Z
2012,REG,SF,17,00-0026235,WR,Mario Manningham,Mario,Manningham,,,,Knee,,Out (Definitely Will Not Play),2012-12-28T14:46:09Z
2012,REG,SF,17,00-0020535,DT,Justin Smith,Justin,Smith,Elbow,Triceps,Doubtful,Elbow,Triceps,Did Not Participate In Practice,2012-12-28T12:54:41Z
2012,REG,SF,17,00-0024221,TE,Vernon Davis,Vernon,Davis,Concussion,,Questionable,Concussion,,Limited Participation in Practice,2012-12-28T12:54:06Z
2012,REG,SF,17,00-0019538,LB,Clark Haggans,Clark,Haggans,Shoulder,,Questionable,Shoulder,,Limited Participation in Practice,2012-12-28T12:54:52Z
2012,REG,SF,17,00-0027905,DT,Will Tukuafu,Will,Tukuafu,Neck,,Questionable,Neck,,Limited Participation in Practice,2012-12-28T12:54:14Z
2012,REG,SF,17,00-0027894,LB,Navorro Bowman,Navorro,Bowman,Wrist,Shoulder,Probable,Wrist,Shoulder,Full Participation in Practice,2012-12-28T12:53:28Z
2012,REG,SF,17,00-0021267,C,Jonathan Goodwin,Jonathan,Goodwin,Illness,,Probable,Illness,,Full Participation in Practice,2012-12-28T12:53:28Z
2012,REG,SF,17,00-0023500,RB,Frank Gore,Frank,Gore,Knee,,Probable,Knee,,Full Participation in Practice,2012-12-28T12:53:28Z
2012,REG,SF,17,00-0027869,G,Mike Iupati,Mike,Iupati,Shoulder,,Probable,Shoulder,,Full Participation in Practice,2012-12-28T12:53:28Z
2012,REG,SF,17,00-0022824,P,Andy Lee,Andy,Lee,Illness,,Probable,Illness,,Full Participation in Practice,2012-12-28T12:53:28Z
2012,REG,SF,17,00-0029297,S,Trenton Robinson,Trenton,Robinson,Finger,,Probable,Finger,,Full Participation in Practice,2012-12-28T12:53:28Z
2012,REG,SF,17,00-0023444,CB,Carlos Rogers,Carlos,Rogers,Knee,Toe,Probable,Knee,Toe,Full Participation in Practice,2012-12-28T12:53:28Z
2012,REG,SF,17,00-0024223,S,Donte Whitner,Donte,Whitner,Knee,,Probable,Knee,,Full Participation in Practice,2012-12-28T12:53:28Z
2012,REG,SF,17,00-0024495,LB,Ahmad Brooks,Ahmad,Brooks,Shoulder,,Probable,Shoulder,,Limited Participation in Practice,2012-12-28T12:53:28Z
2012,REG,SF,17,00-0025534,CB,Tarell Brown,Tarell,Brown,Shoulder,Knee,Probable,Shoulder,Knee,Limited Participation in Practice,2012-12-28T12:53:28Z
2012,REG,SF,17,00-0026211,LB,Tavares Gooden,Tavares,Gooden,Illness,Rib,Probable,Illness,Rib,Limited Participation in Practice,2012-12-28T12:53:28Z
2012,REG,SF,17,00-0028149,RB,Bruce Miller,Bruce,Miller,Shoulder,,Probable,Shoulder,,Limited Participation in Practice,2012-12-28T12:54:29Z
2012,REG,SF,17,00-0027945,LB,Aldon Smith,Aldon,Smith,Shoulder,,Probable,Shoulder,,Limited Participation in Practice,2012-12-28T12:53:28Z
2012,REG,STL,17,00-0024796,S,Craig Dahl,Craig,Dahl,Knee,,Probable,Knee,,Full Participation in Practice,2012-12-28T11:31:17Z
2012,REG,STL,17,00-0024429,CB,Cortland Finnegan,Cortland,Finnegan,Thigh,,Probable,Thigh,,Full Participation in Practice,2012-12-28T11:31:17Z
2012,REG,STL,17,00-0022736,RB,Steven Jackson,Steven,Jackson,Foot,,Probable,Foot,,Full Participation in Practice,2012-12-28T11:31:17Z
2012,REG,STL,17,00-0027011,LB,James Laurinaitis,James,Laurinaitis,Back,,Probable,Back,,Full Participation in Practice,2012-12-28T11:31:17Z
2012,REG,STL,17,00-0028016,WR,Austin Pettis,Austin,Pettis,Shoulder,,Probable,Shoulder,,Full Participation in Practice,2012-12-28T11:31:17Z
2012,REG,STL,17,00-0022832,C,Scott Wells,Scott,Wells,Knee,,Probable,Knee,,Full Participation in Practice,2012-12-28T11:31:17Z
2012,REG,TB,17,00-0026592,G,Roger Allen,Roger,Allen,Groin,,Doubtful,Groin,,Did Not Participate In Practice,2012-12-28T11:41:25Z
2012,REG,TB,17,00-0026945,CB,E.J. Biggers,E.J.,Biggers,Hip,,Probable,Hip,,Full Participation in Practice,2012-12-28T11:41:18Z
2012,REG,TB,17,00-0027989,DE,Da'Quan Bowers,Da'Quan,Bowers,Hamstring,,Probable,Hamstring,,Full Participation in Practice,2012-12-28T11:41:18Z
2012,REG,TB,17,00-0027780,TE,Nate Byham,Nate,Byham,Illness,,Probable,Illness,,Full Participation in Practice,2012-12-28T11:41:18Z
2012,REG,TB,17,00-0022165,TE,Dallas Clark,Dallas,Clark,Illness,,Probable,Illness,,Full Participation in Practice,2012-12-28T11:41:18Z
2012,REG,TB,17,00-0028678,CB,LeQuan Lewis,LeQuan,Lewis,Knee,,Probable,Knee,,Full Participation in Practice,2012-12-28T11:41:18Z
2012,REG,TB,17,00-0023894,T,Donald Penn,Donald,Penn,Not Injury Related,,Probable,Not Injury Related,,Full Participation in Practice,2012-12-28T11:41:18Z
2012,REG,TB,17,00-0026223,C,Jeremy Zuttah,Jeremy,Zuttah,Ankle,,Probable,Ankle,,Full Participation in Practice,2012-12-28T11:41:18Z
2012,REG,TEN,17,00-0027333,C,Kevin Matthews,Kevin,Matthews,Ankle,,Out,Ankle,,Did Not Participate In Practice,2012-12-28T13:17:34Z
2012,REG,TEN,17,00-0028047,LB,Colin McCarthy,Colin,McCarthy,Concussion,,Out,Concussion,,Did Not Participate In Practice,2012-12-28T13:17:42Z
2012,REG,TEN,17,00-0026225,TE,Craig Stevens,Craig,Stevens,Concussion,,Out,Concussion,,Did Not Participate In Practice,2012-12-28T13:18:04Z
2012,REG,TEN,17,00-0027893,WR,Damian Williams,Damian,Williams,Foot,,Questionable,Foot,,Did Not Participate In Practice,2012-12-28T13:18:11Z
2012,REG,TEN,17,00-0029589,DE,Scott Solomon,Scott,Solomon,Knee,,Questionable,Knee,,Full Participation in Practice,2012-12-28T13:17:57Z
2012,REG,TEN,17,00-0029708,WR,Kendall Wright,Kendall,Wright,Rib,,Questionable,Rib,,Full Participation in Practice,2012-12-28T13:18:27Z
2012,REG,TEN,17,00-0028068,RB,Jamie Harper,Jamie,Harper,Ankle,,Questionable,Ankle,,Limited Participation in Practice,2012-12-28T13:17:21Z
2012,REG,TEN,17,00-0026164,RB,Chris Johnson,Chris,Johnson,Ankle,,Questionable,Ankle,,Limited Participation in Practice,2012-12-28T13:17:27Z
2012,REG,TEN,17,00-0027066,CB,Ryan Mouton,Ryan,Mouton,Hamstring,,Questionable,Hamstring,,Limited Participation in Practice,2012-12-28T13:17:48Z
2012,REG,TEN,17,00-0021085,LB,Will Witherspoon,Will,Witherspoon,Chest,,Questionable,Chest,,Limited Participation in Practice,2012-12-28T13:18:19Z
2012,REG,TEN,17,00-0025406,S,Michael Griffin,Michael,Griffin,Illness,,Probable,Illness,,Did Not Participate In Practice,2012-12-28T13:27:39Z
2012,REG,TEN,17,00-0022409,S,Jordan Babineaux,Jordan,Babineaux,Thigh,,Probable,Thigh,,Full Participation in Practice,2012-12-28T13:16:58Z
2012,REG,TEN,17,00-0027946,QB,Jake Locker,Jake,Locker,left Shoulder,,Probable,left Shoulder,,Full Participation in Practice,2012-12-28T13:16:58Z
2012,REG,TEN,17,00-0027006,WR,Kenny Britt,Kenny,Britt,Knee,,Probable,Knee,,Limited Participation in Practice,2012-12-28T13:16:58Z
2012,REG,WAS,17,00-0028084,S,DeJon Gomes,DeJon,Gomes,Knee,,Questionable,Knee,,Limited Participation in Practice,2012-12-28T11:36:24Z
2012,REG,WAS,17,00-0025826,T,Tyler Polumbus,Tyler,Polumbus,Head,,Questionable,Head,,Limited Participation in Practice,2012-12-28T11:36:33Z
2012,REG,WAS,17,00-0005322,LB,London Fletcher,London,Fletcher,Ankle,,Probable,Ankle,,Did Not Participate In Practice,2012-12-28T11:36:16Z
2012,REG,WAS,17,00-0023259,LB,Lorenzo Alexander,Lorenzo,Alexander,Shoulder,,Probable,Shoulder,,Full Participation in Practice,2012-12-28T11:36:16Z
2012,REG,WAS,17,00-0023954,DE,Stephen Bowen,Stephen,Bowen,Biceps,,Probable,Biceps,,Full Participation in Practice,2012-12-28T11:36:16Z
2012,REG,WAS,17,00-0027789,WR,Dezmon Briscoe,Dezmon,Briscoe,Not Injury Related,,Probable,Not Injury Related,,Full Participation in Practice,2012-12-28T11:36:16Z
2012,REG,WAS,17,00-0026345,WR,Pierre Garcon,Pierre,Garcon,Foot,,Probable,Foot,,Full Participation in Practice,2012-12-28T11:36:16Z
2012,REG,WAS,17,00-0029665,QB,Robert Griffin,Robert,Griffin,Knee,,Probable,Knee,,Full Participation in Practice,2012-12-28T11:36:16Z
2012,REG,WAS,17,00-0027954,LB,Ryan Kerrigan,Ryan,Kerrigan,Ankle,,Probable,Ankle,,Full Participation in Practice,2012-12-28T11:36:16Z
2012,REG,WAS,17,00-0024448,C,Will Montgomery,Will,Montgomery,Knee,,Probable,Knee,,Full Participation in Practice,2012-12-28T11:36:16Z
2012,REG,WAS,17,00-0026314,WR,Josh Morgan,Josh,Morgan,Hand,,Probable,Hand,,Full Participation in Practice,2012-12-28T11:36:16Z
2012,REG,WAS,17,00-0027857,T,Trent Williams,Trent,Williams,Thigh,,Probable,Thigh,,Full Participation in Practice,2012-12-28T11:36:16Z
2012,REG,WAS,17,00-0025442,CB,Josh Wilson,Josh,Wilson,Shoulder,,Probable,Shoulder,,Full Participation in Practice,2012-12-28T11:36:16Z
2012,WC,BAL,18,00-0029007,LB,Adrian Hamilton,Adrian,Hamilton,,,,Illness,,Did Not Participate In Practice,2013-01-04T13:59:55Z
2012,WC,BAL,18,00-0028061,WR,Tandon Doss,Tandon,Doss,Ankle,,Questionable,Ankle,,Limited Participation in Practice,2013-01-04T14:00:59Z
2012,WC,BAL,18,00-0024269,S,Bernard Pollard,Bernard,Pollard,Chest,,Questionable,Chest,,Limited Participation in Practice,2013-01-04T14:01:12Z
2012,WC,BAL,18,00-0028023,T,Jah Reid,Jah,Reid,Toe,,Questionable,Toe,,Limited Participation in Practice,2013-01-04T14:01:19Z
2012,WC,BAL,18,00-0022084,WR,Anquan Boldin,Anquan,Boldin,Shoulder,,Probable,Shoulder,,Full Participation in Practice,2013-01-04T14:00:29Z
2012,WC,BAL,18,00-0026857,LB,Dannell Ellerbe,Dannell,Ellerbe,Ankle,,Probable,Ankle,,Full Participation in Practice,2013-01-04T14:00:29Z
2012,WC,BAL,18,00-0027756,DT,Arthur Jones,Arthur,Jones,Thigh,,Probable,Thigh,,Full Participation in Practice,2013-01-04T14:00:29Z
2012,WC,BAL,18,00-0009889,LB,Ray Lewis,Ray,Lewis,Other,,Probable,Other,,Full Participation in Practice,2013-01-04T14:00:29Z
2012,WC,BAL,18,00-0027560,LB,Albert McClellan,Albert,McClellan,Shoulder,Thigh,Probable,Shoulder,Thigh,Full Participation in Practice,2013-01-04T14:00:29Z
2012,WC,BAL,18,00-0029259,T,Kelechi Osemele,Kelechi,Osemele,Knee,,Probable,Knee,,Full Participation in Practice,2013-01-04T14:00:29Z
2012,WC,BAL,18,00-0021377,S,Ed Reed,Ed,Reed,Shoulder,,Probable,Shoulder,,Full Participation in Practice,2013-01-04T14:00:29Z
2012,WC,BAL,18,00-0027965,CB,Jimmy Smith,Jimmy,Smith,Abdomen,,Probable,Abdomen,,Full Participation in Practice,2013-01-04T14:00:29Z
2012,WC,BAL,18,00-0027996,WR,Torrey Smith,Torrey,Smith,Knee,,Probable,Knee,,Full Participation in Practice,2013-01-04T14:00:29Z
2012,WC,BAL,18,00-0022161,LB,Terrell Suggs,Terrell,Suggs,Biceps,,Probable,Biceps,,Full Participation in Practice,2013-01-04T14:00:29Z
2012,WC,BAL,18,00-0028163,RB,Anthony Allen,Anthony,Allen,Head,,Probable,Head,,Limited Participation in Practice,2013-01-04T14:00:29Z
2012,WC,BAL,18,00-0023679,TE,Billy Bajema,Billy,Bajema,Head,,Probable,Head,,Limited Participation in Practice,2013-01-04T14:00:29Z
2012,WC,BAL,18,00-0021949,CB,Chris Johnson,Chris,Johnson,Thigh,,Probable,Thigh,,Limited Participation in Practice,2013-01-04T14:00:29Z
2012,WC,BAL,18,00-0022397,RB,Vonta Leach,Vonta,Leach,Knee,Ankle,Probable,Knee,Ankle,Limited Participation in Practice,2013-01-04T14:00:29Z
2012,WC,BAL,18,00-0028103,DE,Pernell McPhee,Pernell,McPhee,Thigh,,Probable,Thigh,,Limited Participation in Practice,2013-01-04T14:00:29Z
2012,WC,BAL,18,00-0024227,DT,Haloti Ngata,Haloti,Ngata,Knee,,Probable,Knee,,Limited Participation in Practice,2013-01-04T14:00:29Z
2012,WC,BAL,18,00-0029264,RB,Bernard Pierce,Bernard,Pierce,Ankle,,Probable,Ankle,,Limited Participation in Practice,2013-01-04T14:00:29Z
2012,WC,BAL,18,00-0025473,G,Marshal Yanda,Marshal,Yanda,Shoulder,Knee,Probable,Shoulder,Knee,Limited Participation in Practice,2013-01-04T14:00:29Z
2012,WC,CIN,18,00-0022167,S,Chris Crocker,Chris,Crocker,Thigh,,Doubtful,Thigh,,Did Not Participate In Practice,2013-01-04T09:39:39Z
2012,WC,CIN,18,00-0024231,CB,Jason Allen,Jason,Allen,Hamstring,,Questionable,Hamstring,,Limited Participation in Practice,2013-01-04T09:39:50Z
2012,WC,CIN,18,00-0026105,DE,Wallace Gilberry,Wallace,Gilberry,Illness,,Probable,Illness,,Full Participation in Practice,2013-01-04T09:38:18Z
2012,WC,CIN,18,00-0025860,RB,BenJarvus Green-Ellis,BenJarvus,Green-Ellis,Hamstring,,Probable,Hamstring,,Full Participation in Practice,2013-01-04T09:38:18Z
2012,WC,CIN,18,00-0025405,CB,Leon Hall,Leon,Hall,Not Injury Related,,Probable,Not Injury Related,,Full Participation in Practice,2013-01-04T09:38:18Z
2012,WC,CIN,18,00-0027887,S,Taylor Mays,Taylor,Mays,Hamstring,,Probable,Hamstring,,Full Participation in Practice,2013-01-04T09:38:18Z
2012,WC,CIN,18,00-0022045,CB,Terence Newman,Terence,Newman,Groin,,Probable,Groin,,Full Participation in Practice,2013-01-04T09:38:18Z
2012,WC,CIN,18,00-0026725,LB,Dan Skuta,Dan,Skuta,Thigh,,Probable,Thigh,,Full Participation in Practice,2013-01-04T09:38:18Z
2012,WC,GB,18,00-0029051,WR,Jarrett Boykin,Jarrett,Boykin,Ankle,,Out,Ankle,,Did Not Participate In Practice,2013-01-04T12:18:56Z
2012,WC,GB,18,00-0029257,DE,Jerel Worthy,Jerel,Worthy,Knee,,Out,Knee,,Out (Definitely Will Not Play),2013-01-04T12:19:15Z
2012,WC,GB,18,00-0027791,RB,James Starks,James,Starks,Knee,,Questionable,Knee,,Limited Participation in Practice,2013-01-04T12:19:07Z
2012,WC,GB,18,00-0028002,WR,Randall Cobb,Randall,Cobb,Ankle,,Probable,Ankle,,Full Participation in Practice,2013-01-04T12:18:46Z
2012,WC,GB,18,00-0026231,TE,Jermichael Finley,Jermichael,Finley,Quadricep,,Probable,Quadricep,,Full Participation in Practice,2013-01-04T12:18:46Z
2012,WC,GB,18,00-0028034,RB,Alex Green,Alex,Green,Knee,,Probable,Knee,,Full Participation in Practice,2013-01-04T12:18:46Z
2012,WC,GB,18,00-0028069,CB,Davon House,Davon,House,Hip,,Probable,Hip,,Full Participation in Practice,2013-01-04T12:18:46Z
2012,WC,GB,18,00-0026176,WR,Jordy Nelson,Jordy,Nelson,Knee,,Probable,Knee,,Full Participation in Practice,2013-01-04T12:18:46Z
2012,WC,GB,18,00-0018227,S,Charles Woodson,Charles,Woodson,Collarbone,,Probable,Collarbone,,Full Participation in Practice,2013-01-04T12:18:46Z
2012,WC,GB,18,00-0024061,CB,Tramon Williams,Tramon,Williams,Illness,,Probable,Illness,,Limited Participation in Practice,2013-01-04T12:18:46Z
2012,WC,HOU,18,00-0024365,LB,Tim Dobbins,Tim,Dobbins,,,,Ankle,,Did Not Participate In Practice,2013-01-03T13:01:14Z
2012,WC,HOU,18,00-0027051,G,Antoine Caldwell,Antoine,Caldwell,Back,,Doubtful,Back,,Did Not Participate In Practice,2013-01-04T12:51:15Z
2012,WC,HOU,18,00-0027109,RB,James Casey,James,Casey,Knee,,Probable,Knee,,Full Participation in Practice,2013-01-04T12:50:48Z
2012,WC,HOU,18,00-0027917,RB,Tyler Clutts,Tyler,Clutts,Abdominal,,Probable,Abdominal,,Full Participation in Practice,2013-01-04T12:50:48Z
2012,WC,HOU,18,00-0026373,RB,Justin Forsett,Justin,Forsett,Knee,,Probable,Knee,,Full Participation in Practice,2013-01-04T12:50:48Z
2012,WC,HOU,18,00-0028082,S,Shiloh Keo,Shiloh,Keo,Ankle,,Probable,Ankle,,Full Participation in Practice,2013-01-04T12:50:48Z
2012,WC,HOU,18,00-0029673,WR,DeVier Posey,DeVier,Posey,Foot,,Probable,Foot,,Full Participation in Practice,2013-01-04T12:50:48Z
2012,WC,HOU,18,00-0027890,RB,Ben Tate,Ben,Tate,Foot,,Probable,Foot,,Full Participation in Practice,2013-01-04T12:50:48Z
2012,WC,HOU,18,00-0028090,QB,T.J. Yates,T.J.,Yates,right Elbow,,Probable,right Elbow,,Full Participation in Practice,2013-01-04T12:50:48Z
2012,WC,HOU,18,00-0025624,CB,Alan Ball,Alan,Ball,Foot,,Probable,Foot,,Limited Participation in Practice,2013-01-04T12:50:48Z
2012,WC,HOU,18,00-0023472,DT,Shaun Cody,Shaun,Cody,Back,,Probable,Back,,Limited Participation in Practice,2013-01-04T12:50:48Z
2012,WC,HOU,18,00-0024313,TE,Owen Daniels,Owen,Daniels,Chest,Knee,Probable,Chest,Knee,Limited Participation in Practice,2013-01-04T12:50:48Z
2012,WC,HOU,18,00-0028152,T,Derek Newton,Derek,Newton,Knee,,Probable,Knee,,Limited Participation in Practice,2013-01-04T12:50:48Z
2012,WC,HOU,18,00-0027980,LB,Brooks Reed,Brooks,Reed,Groin,,Probable,Groin,,Limited Participation in Practice,2013-01-04T12:50:48Z
2012,WC,HOU,18,00-0022793,DE,Antonio Smith,Antonio,Smith,Ankle,,Probable,Ankle,,Limited Participation in Practice,2013-01-04T12:50:48Z
2012,WC,HOU,18,00-0022131,G,Wade Smith,Wade,Smith,Knee,,Probable,Knee,,Limited Participation in Practice,2013-01-04T12:50:48Z
2012,WC,IND,18,00-0026408,G,Joe Reitz,Joe,Reitz,Concussion,,Out,Concussion,,Did Not Participate In Practice,2013-01-04T10:43:31Z
2012,WC,IND,18,00-0025539,DT,Antonio Johnson,Antonio,Johnson,Ankle,,Questionable,Ankle,,Full Participation in Practice,2013-01-04T10:42:24Z
2012,WC,IND,18,00-0024254,T,Winston Justice,Winston,Justice,Shoulder,,Questionable,Shoulder,,Full Participation in Practice,2013-01-04T10:43:07Z
2012,WC,IND,18,00-0026950,C,A.Q. Shipley,A.Q.,Shipley,Knee,,Questionable,Knee,,Full Participation in Practice,2013-01-04T10:42:41Z
2012,WC,IND,18,00-0026226,S,Tom Zbikowski,Tom,Zbikowski,Knee,,Questionable,Knee,,Full Participation in Practice,2013-01-04T10:42:54Z
2012,WC,IND,18,00-0028057,RB,Delone Carter,Delone,Carter,Ankle,,Questionable,Ankle,,Limited Participation in Practice,2013-01-04T10:42:11Z
2012,WC,IND,18,00-0027892,LB,Pat Angerer,Pat,Angerer,Illness,,Probable,Illness,,Full Participation in Practice,2013-01-04T10:41:25Z
2012,WC,IND,18,00-0025920,LB,Jerrell Freeman,Jerrell,Freeman,Thumb,,Probable,Thumb,,Full Participation in Practice,2013-01-04T10:41:25Z
2012,WC,IND,18,00-0021146,LB,Dwight Freeney,Dwight,Freeney,Not Injury Related,,Probable,Not Injury Related,,Full Participation in Practice,2013-01-04T10:41:25Z
2012,WC,IND,18,00-0027431,DT,Kellen Heard,Kellen,Heard,Illness,,Probable,Illness,,Full Participation in Practice,2013-01-04T10:41:25Z
2012,WC,IND,18,00-0029668,QB,Andrew Luck,Andrew,Luck,Knee,,Probable,Knee,,Full Participation in Practice,2013-01-04T10:41:25Z
2012,WC,IND,18,00-0022059,LB,Robert Mathis,Robert,Mathis,Not Injury Related,,Probable,Not Injury Related,,Full Participation in Practice,2013-01-04T10:41:25Z
2012,WC,IND,18,00-0021998,DE,Cory Redding,Cory,Redding,Quadricep,,Probable,Quadricep,,Full Participation in Practice,2013-01-04T10:41:25Z
2012,WC,IND,18,00-0025447,C,Samson Satele,Samson,Satele,Ankle,,Probable,Ankle,,Full Participation in Practice,2013-01-04T10:41:25Z
2012,WC,IND,18,00-0029091,T,Bradley Sowell,Bradley,Sowell,Illness,,Probable,Illness,,Full Participation in Practice,2013-01-04T10:41:25Z
2012,WC,IND,18,00-0027853,CB,Teddy Williams,Teddy,Williams,Knee,,Probable,Knee,,Full Participation in Practice,2013-01-04T10:41:25Z
2012,WC,MIN,18,00-0027068,LB,Tyrone McKenzie,Tyrone,McKenzie,Shoulder,,Out,Shoulder,,Did Not Participate In Practice,2013-01-04T11:42:02Z
2012,WC,MIN,18,00-0027950,QB,Christian Ponder,Christian,Ponder,right Elbow,,Questionable,right Elbow,,Limited Participation in Practice,2013-01-04T11:42:18Z
2012,WC,MIN,18,00-0018093,CB,Antoine Winfield,Antoine,Winfield,Hand,,Questionable,Hand,,Limited Participation in Practice,2013-01-04T11:42:37Z
2012,WC,MIN,18,00-0022740,DE,Jared Allen,Jared,Allen,Shoulder,,Probable,Shoulder,,Full Participation in Practice,2013-01-04T11:41:48Z
2012,WC,MIN,18,00-0027495,DE,George Johnson,George,Johnson,Quadricep,,Probable,Quadricep,,Full Participation in Practice,2013-01-04T11:41:48Z
2012,WC,MIN,18,00-0023060,P,Chris Kluwe,Chris,Kluwe,left Knee,,Probable,left Knee,,Full Participation in Practice,2013-01-04T11:41:48Z
2012,WC,MIN,18,00-0027030,T,Phil Loadholt,Phil,Loadholt,Knee,,Probable,Knee,,Full Participation in Practice,2013-01-04T11:41:48Z
2012,WC,MIN,18,00-0027350,CB,A.J. Orange,A.J.,Orange,Ankle,,Probable,Ankle,,Full Participation in Practice,2013-01-04T11:41:48Z
2012,WC,MIN,18,00-0025394,RB,Adrian Peterson,Adrian,Peterson,Abdomen,,Probable,Abdomen,,Full Participation in Practice,2013-01-04T11:41:48Z
2012,WC,MIN,18,00-0025489,DE,Brian Robison,Brian,Robison,Shoulder,,Probable,Shoulder,,Full Participation in Practice,2013-01-04T11:41:48Z
2012,WC,MIN,18,00-0029606,S,Harrison Smith,Harrison,Smith,Knee,,Probable,Knee,,Full Participation in Practice,2013-01-04T11:41:48Z
2012,WC,SEA,18,00-0025399,RB,Marshawn Lynch,Marshawn,Lynch,Back,,Probable,Back,,Full Participation in Practice,2013-01-04T13:56:08Z
2012,WC,SEA,18,00-0029295,CB,Jeremy Lane,Jeremy,Lane,Knee,,Probable,Knee,,Limited Participation in Practice,2013-01-04T13:56:38Z
2012,WC,WAS,18,00-0026519,CB,Domonique Johnson,Domonique,Johnson,,,,Knee,,Did Not Participate In Practice,2013-01-03T11:57:50Z
2012,WC,WAS,18,00-0026248,G,Kory Lichtensteiger,Kory,Lichtensteiger,Ankle,,Questionable,Ankle,,Did Not Participate In Practice,2013-01-04T12:25:11Z
2012,WC,WAS,18,00-0028084,S,DeJon Gomes,DeJon,Gomes,Knee,,Questionable,Knee,,Limited Participation in Practice,2013-01-04T12:25:03Z
2012,WC,WAS,18,00-0005322,LB,London Fletcher,London,Fletcher,Ankle,,Probable,Ankle,,Did Not Participate In Practice,2013-01-04T12:24:48Z
2012,WC,WAS,18,00-0023259,LB,Lorenzo Alexander,Lorenzo,Alexander,Shoulder,,Probable,Shoulder,,Full Participation in Practice,2013-01-04T12:24:48Z
2012,WC,WAS,18,00-0023954,DE,Stephen Bowen,Stephen,Bowen,Biceps,,Probable,Biceps,,Full Participation in Practice,2013-01-04T12:24:48Z
2012,WC,WAS,18,00-0029604,QB,Kirk Cousins,Kirk,Cousins,Illness,,Probable,Illness,,Full Participation in Practice,2013-01-04T12:24:48Z
2012,WC,WAS,18,00-0026345,WR,Pierre Garcon,Pierre,Garcon,Foot,,Probable,Foot,,Full Participation in Practice,2013-01-04T12:24:48Z
2012,WC,WAS,18,00-0029665,QB,Robert Griffin,Robert,Griffin,Knee,,Probable,Knee,,Full Participation in Practice,2013-01-04T12:24:48Z
2012,WC,WAS,18,00-0022923,CB,DeAngelo Hall,DeAngelo,Hall,Elbow,,Probable,Elbow,,Full Participation in Practice,2013-01-04T12:24:48Z
2012,WC,WAS,18,00-0027954,LB,Ryan Kerrigan,Ryan,Kerrigan,Ankle,,Probable,Ankle,,Full Participation in Practice,2013-01-04T12:24:48Z
2012,WC,WAS,18,00-0024448,C,Will Montgomery,Will,Montgomery,Knee,,Probable,Knee,,Full Participation in Practice,2013-01-04T12:24:48Z
2012,WC,WAS,18,00-0026314,WR,Josh Morgan,Josh,Morgan,Hand,Foot,Probable,Hand,Foot,Full Participation in Practice,2013-01-04T12:24:48Z
2012,WC,WAS,18,00-0027799,S,Jordan Pugh,Jordan,Pugh,Ankle,,Probable,Ankle,,Full Participation in Practice,2013-01-04T12:24:48Z
2012,WC,WAS,18,00-0024515,P,Saverio Rocca,Saverio,Rocca,right Knee,,Probable,right Knee,,Full Participation in Practice,2013-01-04T12:24:48Z
2012,WC,WAS,18,00-0022842,S,Madieu Williams,Madieu,Williams,Elbow,,Probable,Elbow,,Full Participation in Practice,2013-01-04T12:24:48Z
2012,DIV,ATL,19,00-0027062,CB,Christopher Owens,Christopher,Owens,Hamstring,,Out,Hamstring,,Did Not Participate In Practice,2013-01-11T12:07:51Z
2012,DIV,ATL,19,00-0019546,DE,John Abraham,John,Abraham,Ankle,,Questionable,Ankle,,Limited Participation in Practice,2013-01-11T12:07:33Z
2012,DIV,ATL,19,00-0029423,S,Charles Mitchell,Charles,Mitchell,Calf,,Questionable,Calf,,Limited Participation in Practice,2013-01-11T12:07:42Z
2012,DIV,ATL,19,00-0027031,S,William Moore,William,Moore,Hamstring,,Probable,Hamstring,,Full Participation in Practice,2013-01-11T12:07:26Z
2012,DIV,ATL,19,00-0022735,CB,Dunta Robinson,Dunta,Robinson,Head,,Probable,Head,,Full Participation in Practice,2013-01-11T12:07:26Z
2012,DIV,BAL,19,00-0028023,T,Jah Reid,Jah,Reid,Toe,,Out,Toe,,Did Not Participate In Practice,2013-01-11T07:55:04Z
2012,DIV,BAL,19,00-0022084,WR,Anquan Boldin,Anquan,Boldin,Shoulder,,Probable,Shoulder,,Full Participation in Practice,2013-01-11T07:54:49Z
2012,DIV,BAL,19,00-0028061,WR,Tandon Doss,Tandon,Doss,Ankle,,Probable,Ankle,,Full Participation in Practice,2013-01-11T07:54:49Z
2012,DIV,BAL,19,00-0029007,LB,Adrian Hamilton,Adrian,Hamilton,Illness,,Probable,Illness,,Full Participation in Practice,2013-01-11T07:54:49Z
2012,DIV,BAL,19,00-0009889,LB,Ray Lewis,Ray,Lewis,Other,,Probable,Other,,Full Participation in Practice,2013-01-11T07:54:49Z
2012,DIV,BAL,19,00-0027560,LB,Albert McClellan,Albert,McClellan,Shoulder,,Probable,Shoulder,,Full Participation in Practice,2013-01-11T07:54:49Z
2012,DIV,BAL,19,00-0028103,DE,Pernell McPhee,Pernell,McPhee,Thigh,,Probable,Thigh,,Full Participation in Practice,2013-01-11T07:54:49Z
2012,DIV,BAL,19,00-0024227,DT,Haloti Ngata,Haloti,Ngata,Knee,,Probable,Knee,,Full Participation in Practice,2013-01-11T07:54:49Z
2012,DIV,BAL,19,00-0024269,S,Bernard Pollard,Bernard,Pollard,Chest,,Probable,Chest,,Full Participation in Practice,2013-01-11T07:54:49Z
2012,DIV,BAL,19,00-0021377,S,Ed Reed,Ed,Reed,Shoulder,,Probable,Shoulder,,Full Participation in Practice,2013-01-11T07:54:49Z
2012,DIV,BAL,19,00-0027965,CB,Jimmy Smith,Jimmy,Smith,Abdomen,,Probable,Abdomen,,Full Participation in Practice,2013-01-11T07:54:49Z
2012,DIV,BAL,19,00-0022161,LB,Terrell Suggs,Terrell,Suggs,Achilles,Biceps,Probable,Achilles,Biceps,Full Participation in Practice,2013-01-11T07:54:49Z
2012,DIV,BAL,19,00-0025473,G,Marshal Yanda,Marshal,Yanda,Shoulder,,Probable,Shoulder,,Full Participation in Practice,2013-01-11T07:54:49Z
2012,DIV,BAL,19,00-0026857,LB,Dannell Ellerbe,Dannell,Ellerbe,Ankle,,Probable,Ankle,,Limited Participation in Practice,2013-01-11T07:54:49Z
2012,DIV,BAL,19,00-0022397,RB,Vonta Leach,Vonta,Leach,Knee,Ankle,Probable,Knee,Ankle,Limited Participation in Practice,2013-01-11T07:54:49Z
2012,DIV,BAL,19,00-0029264,RB,Bernard Pierce,Bernard,Pierce,Knee,,Probable,Knee,,Limited Participation in Practice,2013-01-11T07:54:49Z
2012,DIV,BAL,19,00-0027755,WR,David Reed,David,Reed,Thigh,,Probable,Thigh,,Limited Participation in Practice,2013-01-11T07:54:49Z
2012,DIV,BAL,19,00-0027996,WR,Torrey Smith,Torrey,Smith,Back,,Probable,Back,,Limited Participation in Practice,2013-01-11T07:54:49Z
2012,DIV,DEN,19,00-0026180,CB,Tracy Porter,Tracy,Porter,Concussion,,Out,Concussion,,Did Not Participate In Practice,2013-01-11T10:08:36Z
2012,DIV,DEN,19,00-0022247,S,Mike Adams,Mike,Adams,Knee,,Probable,Knee,,Full Participation in Practice,2013-01-11T10:08:27Z
2012,DIV,DEN,19,00-0026152,T,Ryan Clady,Ryan,Clady,Shoulder,,Probable,Shoulder,,Full Participation in Practice,2013-01-11T10:08:27Z
2012,DIV,DEN,19,00-0027984,T,Orlando Franklin,Orlando,Franklin,Knee,,Probable,Knee,,Full Participation in Practice,2013-01-11T10:08:27Z
2012,DIV,DEN,19,00-0027606,WR,Trindon Holliday,Trindon,Holliday,Ankle,,Probable,Ankle,,Full Participation in Practice,2013-01-11T10:08:27Z
2012,DIV,DEN,19,00-0024375,G,Chris Kuper,Chris,Kuper,Ankle,,Probable,Ankle,,Full Participation in Practice,2013-01-11T10:08:27Z
2012,DIV,DEN,19,00-0023287,S,Jim Leonhard,Jim,Leonhard,Thigh,,Probable,Thigh,,Full Participation in Practice,2013-01-11T10:08:27Z
2012,DIV,DEN,19,00-0024756,WR,Matt Willis,Matt,Willis,Knee,,Probable,Knee,,Full Participation in Practice,2013-01-11T10:08:27Z
2012,DIV,GB,19,00-0029051,WR,Jarrett Boykin,Jarrett,Boykin,Ankle,,Out,Ankle,,Did Not Participate In Practice,2013-01-11T09:20:49Z
2012,DIV,GB,19,00-0029257,DE,Jerel Worthy,Jerel,Worthy,Knee,,Out,Knee,,Out (Definitely Will Not Play),2013-01-11T09:20:54Z
2012,DIV,GB,19,00-0028002,WR,Randall Cobb,Randall,Cobb,Illness,,Probable,Illness,,Full Participation in Practice,2013-01-11T09:20:43Z
2012,DIV,GB,19,00-0026231,TE,Jermichael Finley,Jermichael,Finley,Hamstring,,Probable,Hamstring,,Full Participation in Practice,2013-01-11T09:20:43Z
2012,DIV,GB,19,00-0028034,RB,Alex Green,Alex,Green,Knee,,Probable,Knee,,Full Participation in Practice,2013-01-11T09:20:43Z
2012,DIV,GB,19,00-0027002,LB,Clay Matthews,Clay,Matthews,Knee,,Probable,Knee,,Full Participation in Practice,2013-01-11T09:20:43Z
2012,DIV,GB,19,00-0029130,LB,Dezman Moses,Dezman,Moses,Hamstring,,Probable,Hamstring,,Full Participation in Practice,2013-01-11T09:20:43Z
2012,DIV,GB,19,00-0026176,WR,Jordy Nelson,Jordy,Nelson,Ankle,,Probable,Ankle,,Full Participation in Practice,2013-01-11T09:20:43Z
2012,DIV,GB,19,00-0027791,RB,James Starks,James,Starks,Knee,,Probable,Knee,,Full Participation in Practice,2013-01-11T09:20:43Z
2012,DIV,HOU,19,00-0024313,TE,Owen Daniels,Owen,Daniels,Shoulder,,Probable,Shoulder,,Full Participation in Practice,2013-01-11T13:06:14Z
2012,DIV,HOU,19,00-0026373,RB,Justin Forsett,Justin,Forsett,Knee,,Probable,Knee,,Full Participation in Practice,2013-01-11T13:06:14Z
2012,DIV,HOU,19,00-0027718,TE,Garrett Graham,Garrett,Graham,Concussion,,Probable,Concussion,,Full Participation in Practice,2013-01-11T13:06:14Z
2012,DIV,HOU,19,00-0024239,CB,Johnathan Joseph,Johnathan,Joseph,Illness,,Probable,Illness,,Full Participation in Practice,2013-01-11T13:06:14Z
2012,DIV,HOU,19,00-0028082,S,Shiloh Keo,Shiloh,Keo,Ankle,,Probable,Ankle,,Full Participation in Practice,2013-01-11T13:06:14Z
2012,DIV,HOU,19,00-0027081,S,Glover Quin,Glover,Quin,Shoulder,,Probable,Shoulder,,Full Participation in Practice,2013-01-11T13:06:14Z
2012,DIV,HOU,19,00-0027980,LB,Brooks Reed,Brooks,Reed,Groin,,Probable,Groin,,Full Participation in Practice,2013-01-11T13:06:14Z
2012,DIV,HOU,19,00-0027890,RB,Ben Tate,Ben,Tate,Foot,,Probable,Foot,,Full Participation in Practice,2013-01-11T13:06:14Z
2012,DIV,HOU,19,00-0028090,QB,T.J. Yates,T.J.,Yates,right Elbow,,Probable,right Elbow,,Full Participation in Practice,2013-01-11T13:06:14Z
2012,DIV,HOU,19,00-0025624,CB,Alan Ball,Alan,Ball,Foot,,Probable,Foot,,Limited Participation in Practice,2013-01-11T13:06:14Z
2012,DIV,HOU,19,00-0027051,G,Antoine Caldwell,Antoine,Caldwell,Back,,Probable,Back,,Limited Participation in Practice,2013-01-11T13:06:14Z
2012,DIV,HOU,19,00-0023472,DT,Shaun Cody,Shaun,Cody,Back,,Probable,Back,,Limited Participation in Practice,2013-01-11T13:06:14Z
2012,DIV,HOU,19,00-0028152,T,Derek Newton,Derek,Newton,Knee,,Probable,Knee,,Limited Participation in Practice,2013-01-11T13:06:14Z
2012,DIV,HOU,19,00-0022793,DE,Antonio Smith,Antonio,Smith,Ankle,,Probable,Ankle,,Limited Participation in Practice,2013-01-11T13:06:14Z
2012,DIV,HOU,19,00-0022131,G,Wade Smith,Wade,Smith,Knee,,Probable,Knee,,Limited Participation in Practice,2013-01-11T13:06:14Z
2012,DIV,NE,19,00-0027010,S,Patrick Chung,Patrick,Chung,,,,Shoulder,,Limited Participation in Practice,2013-01-10T14:27:22Z
2012,DIV,NE,19,00-0022979,G,Dan Connolly,Dan,Connolly,,,,Back,,Limited Participation in Practice,2013-01-10T14:27:22Z
2012,DIV,NE,19,00-0029570,S,Nate Ebner,Nate,Ebner,,,,Hamstring,,Limited Participation in Practice,2013-01-10T14:27:22Z
2012,DIV,NE,19,00-0027713,TE,Aaron Hernandez,Aaron,Hernandez,,,,Ankle,,Limited Participation in Practice,2013-01-10T14:27:22Z
2012,DIV,NE,19,00-0029669,LB,Dont'a Hightower,Dont'a,Hightower,,,,Hamstring,,Limited Participation in Practice,2013-01-10T14:27:22Z
2012,DIV,NE,19,00-0029585,DE,Chandler Jones,Chandler,Jones,,,,Ankle,,Limited Participation in Practice,2013-01-10T14:27:22Z
2012,DIV,NE,19,00-0022097,WR,Brandon Lloyd,Brandon,Lloyd,,,,Knee,,Limited Participation in Practice,2013-01-10T14:27:22Z
2012,DIV,NE,19,00-0023467,G,Logan Mankins,Logan,Mankins,,,,Ankle,Calf,Limited Participation in Practice,2013-01-10T14:27:22Z
2012,DIV,NE,19,00-0026150,LB,Jerod Mayo,Jerod,Mayo,,,,Elbow,,Limited Participation in Practice,2013-01-10T14:27:22Z
2012,DIV,NE,19,00-0024349,DE,Rob Ninkovich,Rob,Ninkovich,,,,Hip,,Limited Participation in Practice,2013-01-10T14:27:22Z
2012,DIV,NE,19,00-0026556,LB,Mike Rivera,Mike,Rivera,,,,Ankle,,Limited Participation in Practice,2013-01-10T14:27:22Z
2012,DIV,NE,19,00-0027668,LB,Brandon Spikes,Brandon,Spikes,,,,Knee,Ankle,Limited Participation in Practice,2013-01-10T14:27:22Z
2012,DIV,NE,19,00-0026160,CB,Aqib Talib,Aqib,Talib,,,,Hip,,Limited Participation in Practice,2013-01-10T14:27:22Z
2012,DIV,NE,19,00-0022427,WR,Wes Welker,Wes,Welker,,,,Ankle,,Limited Participation in Practice,2013-01-10T14:27:22Z
2012,DIV,NE,19,00-0021645,LB,Tracy White,Tracy,White,,,,Elbow,,Limited Participation in Practice,2013-01-10T14:27:22Z
2012,DIV,NE,19,00-0024588,CB,Marquice Cole,Marquice,Cole,Finger,,Probable,Finger,,Full Participation in Practice,2013-01-11T13:02:41Z
2012,DIV,NE,19,00-0029596,CB,Alfonzo Dennard,Alfonzo,Dennard,Hamstring,Knee,Probable,Hamstring,Knee,Full Participation in Practice,2013-01-11T13:02:41Z
2012,DIV,NE,19,00-0027656,TE,Rob Gronkowski,Rob,Gronkowski,Forearm,Hip,Probable,Forearm,Hip,Full Participation in Practice,2013-01-11T13:02:41Z
2012,DIV,NE,19,00-0027435,C,Nick McDonald,Nick,McDonald,Shoulder,,Probable,Shoulder,,Full Participation in Practice,2013-01-11T13:02:41Z
2012,DIV,NE,19,00-0026309,DE,Trevor Scott,Trevor,Scott,Knee,,Probable,Knee,,Full Participation in Practice,2013-01-11T13:02:41Z
2012,DIV,SEA,19,00-0028111,CB,Byron Maxwell,Byron,Maxwell,Hamstring,,Doubtful,Hamstring,,Did Not Participate In Practice,2013-01-11T13:22:37Z
2012,DIV,SEA,19,00-0028441,S,Jeron Johnson,Jeron,Johnson,Hamstring,,Questionable,Hamstring,,Limited Participation in Practice,2013-01-11T13:22:56Z
2012,DIV,SEA,19,00-0025431,WR,Sidney Rice,Sidney,Rice,Knee,,Probable,Knee,,Did Not Participate In Practice,2013-01-11T13:22:08Z
2012,DIV,SEA,19,00-0025399,RB,Marshawn Lynch,Marshawn,Lynch,Foot,,Probable,Foot,,Limited Participation in Practice,2013-01-11T13:22:20Z
2012,DIV,SF,19,00-0027894,LB,Navorro Bowman,Navorro,Bowman,Shoulder,,Probable,Shoulder,,Full Participation in Practice,2013-01-11T12:50:15Z
2012,DIV,SF,19,00-0028903,TE,Garrett Celek,Garrett,Celek,Foot,,Probable,Foot,,Full Participation in Practice,2013-01-11T12:50:15Z
2012,DIV,SF,19,00-0026211,LB,Tavares Gooden,Tavares,Gooden,Ribs,,Probable,Ribs,,Full Participation in Practice,2013-01-11T12:50:15Z
2012,DIV,SF,19,00-0027869,G,Mike Iupati,Mike,Iupati,Shoulder,,Probable,Shoulder,,Full Participation in Practice,2013-01-11T12:50:15Z
2012,DIV,SF,19,00-0023444,CB,Carlos Rogers,Carlos,Rogers,Knee,,Probable,Knee,,Full Participation in Practice,2013-01-11T12:50:15Z
2012,DIV,SF,19,00-0025398,LB,Patrick Willis,Patrick,Willis,Shoulder,,Probable,Shoulder,,Full Participation in Practice,2013-01-11T12:50:15Z
2012,DIV,SF,19,00-0025534,CB,Tarell Brown,Tarell,Brown,Shoulder,,Probable,Shoulder,,Limited Participation in Practice,2013-01-11T12:50:15Z
2012,DIV,SF,19,00-0025513,S,Dashon Goldson,Dashon,Goldson,Shoulder,,Probable,Shoulder,,Limited Participation in Practice,2013-01-11T12:50:15Z
2012,DIV,SF,19,00-0019538,LB,Clark Haggans,Clark,Haggans,Shoulder,,Probable,Shoulder,,Limited Participation in Practice,2013-01-11T12:50:15Z
2012,DIV,SF,19,00-0028149,RB,Bruce Miller,Bruce,Miller,Shoulder,,Probable,Shoulder,,Limited Participation in Practice,2013-01-11T12:50:15Z
2012,DIV,SF,19,00-0027945,LB,Aldon Smith,Aldon,Smith,Shoulder,,Probable,Shoulder,,Limited Participation in Practice,2013-01-11T12:50:15Z
2012,DIV,SF,19,00-0020535,DT,Justin Smith,Justin,Smith,Elbow,triceps,Probable,Elbow,triceps,Limited Participation in Practice,2013-01-11T12:50:15Z
2012,DIV,SF,19,00-0027905,DT,Will Tukuafu,Will,Tukuafu,Neck,,Probable,Neck,,Limited Participation in Practice,2013-01-11T12:50:15Z
2012,CON,ATL,20,00-0019546,DE,John Abraham,John,Abraham,Ankle,,Questionable,Ankle,,Limited Participation in Practice,2013-01-18T11:49:26Z
2012,CON,ATL,20,00-0023494,DT,Jonathan Babineaux,Jonathan,Babineaux,Shoulder,,Questionable,Shoulder,,Limited Participation in Practice,2013-01-18T11:49:34Z
2012,CON,ATL,20,00-0027031,S,William Moore,William,Moore,Hand,,Probable,Hand,,Full Participation in Practice,2013-01-18T11:49:17Z
2012,CON,ATL,20,00-0025496,LB,Stephen Nicholas,Stephen,Nicholas,Foot,,Probable,Foot,,Full Participation in Practice,2013-01-18T11:49:17Z
2012,CON,ATL,20,00-0027062,CB,Christopher Owens,Christopher,Owens,Hamstring,,Probable,Hamstring,,Full Participation in Practice,2013-01-18T11:49:17Z
2012,CON,BAL,20,00-0029294,CB,Asa Jackson,Asa,Jackson,Thigh,,Out,Thigh,,Did Not Participate In Practice,2013-01-18T11:48:46Z
2012,CON,BAL,20,00-0026857,LB,Dannell Ellerbe,Dannell,Ellerbe,Ankle,Back,Questionable,Ankle,Back,Limited Participation in Practice,2013-01-18T11:48:53Z
2012,CON,BAL,20,00-0022397,RB,Vonta Leach,Vonta,Leach,Knee,Ankle,Questionable,Knee,Ankle,Limited Participation in Practice,2013-01-18T11:49:03Z
2012,CON,BAL,20,00-0029264,RB,Bernard Pierce,Bernard,Pierce,Knee,,Questionable,Knee,,Limited Participation in Practice,2013-01-18T11:49:12Z
2012,CON,BAL,20,00-0027755,WR,David Reed,David,Reed,Thigh,,Questionable,Thigh,,Limited Participation in Practice,2013-01-18T11:49:21Z
2012,CON,BAL,20,00-0028163,RB,Anthony Allen,Anthony,Allen,Head,,Probable,Head,,Full Participation in Practice,2013-01-18T11:48:33Z
2012,CON,BAL,20,00-0022084,WR,Anquan Boldin,Anquan,Boldin,Shoulder,,Probable,Shoulder,,Full Participation in Practice,2013-01-18T11:48:33Z
2012,CON,BAL,20,00-0028102,CB,Chykie Brown,Chykie,Brown,Shoulder,,Probable,Shoulder,,Full Participation in Practice,2013-01-18T11:48:33Z
2012,CON,BAL,20,00-0027665,DT,Terrence Cody,Terrence,Cody,Ankle,,Probable,Ankle,,Full Participation in Practice,2013-01-18T11:48:33Z
2012,CON,BAL,20,00-0029268,G,Gino Gradkowski,Gino,Gradkowski,Head,,Probable,Head,,Full Participation in Practice,2013-01-18T11:48:33Z
2012,CON,BAL,20,00-0027756,DT,Arthur Jones,Arthur,Jones,Thigh,Knee,Probable,Thigh,Knee,Full Participation in Practice,2013-01-18T11:48:33Z
2012,CON,BAL,20,00-0009889,LB,Ray Lewis,Ray,Lewis,Other,,Probable,Other,,Full Participation in Practice,2013-01-18T11:48:33Z
2012,CON,BAL,20,00-0027560,LB,Albert McClellan,Albert,McClellan,Shoulder,,Probable,Shoulder,,Full Participation in Practice,2013-01-18T11:48:33Z
2012,CON,BAL,20,00-0028103,DE,Pernell McPhee,Pernell,McPhee,Thigh,,Probable,Thigh,,Full Participation in Practice,2013-01-18T11:48:33Z
2012,CON,BAL,20,00-0024227,DT,Haloti Ngata,Haloti,Ngata,Knee,,Probable,Knee,,Full Participation in Practice,2013-01-18T11:48:33Z
2012,CON,BAL,20,00-0024269,S,Bernard Pollard,Bernard,Pollard,Chest,,Probable,Chest,,Full Participation in Practice,2013-01-18T11:48:33Z
2012,CON,BAL,20,00-0021377,S,Ed Reed,Ed,Reed,Shoulder,,Probable,Shoulder,,Full Participation in Practice,2013-01-18T11:48:33Z
2012,CON,BAL,20,00-0027965,CB,Jimmy Smith,Jimmy,Smith,Abdomen,,Probable,Abdomen,,Full Participation in Practice,2013-01-18T11:48:33Z
2012,CON,BAL,20,00-0027996,WR,Torrey Smith,Torrey,Smith,Back,,Probable,Back,,Full Participation in Practice,2013-01-18T11:48:33Z
2012,CON,BAL,20,00-0022161,LB,Terrell Suggs,Terrell,Suggs,Achilles,Biceps,Probable,Achilles,Biceps,Full Participation in Practice,2013-01-18T11:48:33Z
2012,CON,BAL,20,00-0025473,G,Marshal Yanda,Marshal,Yanda,Shoulder,,Probable,Shoulder,,Full Participation in Practice,2013-01-18T11:48:33Z
2012,CON,NE,20,00-0029596,CB,Alfonzo Dennard,Alfonzo,Dennard,,,,Not Injury Related,,Did Not Participate In Practice,2013-01-16T12:46:12Z
2012,CON,NE,20,00-0027656,TE,Rob Gronkowski,Rob,Gronkowski,,,,Forearm,Placed on Injured Reserve,Out (Definitely Will Not Play),2013-01-17T13:07:55Z
2012,CON,NE,20,00-0024588,CB,Marquice Cole,Marquice,Cole,Finger,,Probable,Finger,,Full Participation in Practice,2013-01-18T13:58:13Z
2012,CON,NE,20,00-0029585,DE,Chandler Jones,Chandler,Jones,Ankle,,Probable,Ankle,,Full Participation in Practice,2013-01-18T13:58:13Z
2012,CON,NE,20,00-0027435,C,Nick McDonald,Nick,McDonald,Shoulder,,Probable,Shoulder,,Full Participation in Practice,2013-01-18T13:58:13Z
2012,CON,NE,20,00-0026309,DE,Trevor Scott,Trevor,Scott,Knee,,Probable,Knee,,Full Participation in Practice,2013-01-18T13:58:13Z
2012,CON,NE,20,00-0026019,RB,Danny Woodhead,Danny,Woodhead,Thumb,,Probable,Thumb,,Full Participation in Practice,2013-01-18T13:58:13Z
2012,CON,SF,20,00-0026762,G,Alex Boone,Alex,Boone,Knee,,Probable,Knee,,Full Participation in Practice,2013-01-18T13:43:39Z
2012,CON,SF,20,00-0027894,LB,Navorro Bowman,Navorro,Bowman,Shoulder,,Probable,Shoulder,,Full Participation in Practice,2013-01-18T13:43:39Z
2012,CON,SF,20,00-0028903,TE,Garrett Celek,Garrett,Celek,Foot,,Probable,Foot,,Full Participation in Practice,2013-01-18T13:43:39Z
2012,CON,SF,20,00-0028018,CB,Chris Culliver,Chris,Culliver,Knee,,Probable,Knee,,Full Participation in Practice,2013-01-18T13:43:39Z
2012,CON,SF,20,00-0025513,S,Dashon Goldson,Dashon,Goldson,Shin,,Probable,Shin,,Full Participation in Practice,2013-01-18T13:43:39Z
2012,CON,SF,20,00-0026211,LB,Tavares Gooden,Tavares,Gooden,Knee,,Probable,Knee,,Full Participation in Practice,2013-01-18T13:43:39Z
2012,CON,SF,20,00-0023500,RB,Frank Gore,Frank,Gore,Knee,,Probable,Knee,,Full Participation in Practice,2013-01-18T13:43:39Z
2012,CON,SF,20,00-0019538,LB,Clark Haggans,Clark,Haggans,Shoulder,,Probable,Shoulder,,Full Participation in Practice,2013-01-18T13:43:39Z
2012,CON,SF,20,00-0027869,G,Mike Iupati,Mike,Iupati,Shoulder,,Probable,Shoulder,,Full Participation in Practice,2013-01-18T13:43:39Z
2012,CON,SF,20,00-0020535,DT,Justin Smith,Justin,Smith,Elbow,triceps,Probable,Elbow,triceps,Full Participation in Practice,2013-01-18T13:43:39Z
2012,CON,SF,20,00-0025398,LB,Patrick Willis,Patrick,Willis,Shoulder,,Probable,Shoulder,,Full Participation in Practice,2013-01-18T13:43:39Z
2012,CON,SF,20,00-0025534,CB,Tarell Brown,Tarell,Brown,Shoulder,,Probable,Shoulder,,Limited Participation in Practice,2013-01-18T13:43:39Z
2012,CON,SF,20,00-0028149,RB,Bruce Miller,Bruce,Miller,Shoulder,,Probable,Shoulder,,Limited Participation in Practice,2013-01-18T13:43:39Z
2012,CON,SF,20,00-0027945,LB,Aldon Smith,Aldon,Smith,Shoulder,,Probable,Shoulder,,Limited Participation in Practice,2013-01-18T13:43:39Z
2012,SB,BAL,21,00-0028061,WR,Tandon Doss,Tandon,Doss,Ankle,,Probable,Ankle,,Full Participation in Practice,2013-02-01T13:05:19Z
2012,SB,BAL,21,00-0026857,LB,Dannell Ellerbe,Dannell,Ellerbe,Toe,Back,Probable,Toe,Back,Full Participation in Practice,2013-02-01T13:05:19Z
2012,SB,BAL,21,00-0029294,CB,Asa Jackson,Asa,Jackson,Thigh,,Probable,Thigh,,Full Participation in Practice,2013-02-01T13:05:19Z
2012,SB,BAL,21,00-0022397,RB,Vonta Leach,Vonta,Leach,Knee,Ankle,Probable,Knee,Ankle,Full Participation in Practice,2013-02-01T13:05:19Z
2012,SB,BAL,21,00-0009889,LB,Ray Lewis,Ray,Lewis,Triceps,,Probable,Triceps,,Full Participation in Practice,2013-02-01T13:05:19Z
2012,SB,BAL,21,00-0027560,DE,Albert McClellan,Albert,McClellan,Shoulder,,Probable,Shoulder,,Full Participation in Practice,2013-02-01T13:05:19Z
2012,SB,BAL,21,00-0028103,DE,Pernell McPhee,Pernell,McPhee,Thigh,,Probable,Thigh,,Full Participation in Practice,2013-02-01T13:05:19Z
2012,SB,BAL,21,00-0024227,DT,Haloti Ngata,Haloti,Ngata,Knee,,Probable,Knee,,Full Participation in Practice,2013-02-01T13:05:19Z
2012,SB,BAL,21,00-0029264,RB,Bernard Pierce,Bernard,Pierce,Knee,Thigh,Probable,Knee,Thigh,Full Participation in Practice,2013-02-01T13:05:19Z
2012,SB,BAL,21,00-0027714,TE,Dennis Pitta,Dennis,Pitta,Thigh,,Probable,Thigh,,Full Participation in Practice,2013-02-01T13:05:19Z
2012,SB,BAL,21,00-0027755,WR,David Reed,David,Reed,Thigh,,Probable,Thigh,,Full Participation in Practice,2013-02-01T13:05:19Z
2012,SB,BAL,21,00-0021377,S,Ed Reed,Ed,Reed,Shoulder,,Probable,Shoulder,,Full Participation in Practice,2013-02-01T13:05:19Z
2012,SB,BAL,21,00-0027965,CB,Jimmy Smith,Jimmy,Smith,Abdomen,,Probable,Abdomen,,Full Participation in Practice,2013-02-01T13:05:19Z
2012,SB,BAL,21,00-0022161,LB,Terrell Suggs,Terrell,Suggs,Achilles,Biceps,Probable,Achilles,Biceps,Full Participation in Practice,2013-02-01T13:05:19Z
2012,SB,SF,21,00-0027894,LB,Navorro Bowman,Navorro,Bowman,Shoulder,,Probable,Shoulder,,Full Participation in Practice,2013-02-01T14:21:37Z
2012,SB,SF,21,00-0025534,CB,Tarell Brown,Tarell,Brown,Shoulder,,Probable,Shoulder,,Full Participation in Practice,2013-02-01T14:21:37Z
2012,SB,SF,21,00-0028903,TE,Garrett Celek,Garrett,Celek,Foot,,Probable,Foot,,Full Participation in Practice,2013-02-01T14:21:37Z
2012,SB,SF,21,00-0025513,S,Dashon Goldson,Dashon,Goldson,Foot,,Probable,Foot,,Full Participation in Practice,2013-02-01T14:21:37Z
2012,SB,SF,21,00-0023500,RB,Frank Gore,Frank,Gore,Shoulder,Ankle,Probable,Shoulder,Ankle,Full Participation in Practice,2013-02-01T14:21:37Z
2012,SB,SF,21,00-0019538,LB,Clark Haggans,Clark,Haggans,Shoulder,,Probable,Shoulder,,Full Participation in Practice,2013-02-01T14:21:37Z
2012,SB,SF,21,00-0027869,G,Mike Iupati,Mike,Iupati,Shoulder,,Probable,Shoulder,,Full Participation in Practice,2013-02-01T14:21:37Z
2012,SB,SF,21,00-0029260,RB,LaMichael James,LaMichael,James,Finger,,Probable,Finger,,Full Participation in Practice,2013-02-01T14:21:37Z
2012,SB,SF,21,00-0028149,RB,Bruce Miller,Bruce,Miller,Shoulder,,Probable,Shoulder,,Full Participation in Practice,2013-02-01T14:21:37Z
2012,SB,SF,21,00-0020535,DT,Justin Smith,Justin,Smith,Elbow,Triceps,Probable,Elbow,Triceps,Full Participation in Practice,2013-02-01T14:21:37Z
2012,SB,SF,21,00-0025398,LB,Patrick Willis,Patrick,Willis,Shoulder,,Probable,Shoulder,,Full Participation in Practice,2013-02-01T14:21:37Z
2012,SB,SF,21,00-0024495,LB,Ahmad Brooks,Ahmad,Brooks,Shoulder,,Probable,Shoulder,,Limited Participation in Practice,2013-02-01T14:21:37Z
2012,SB,SF,21,00-0027945,LB,Aldon Smith,Aldon,Smith,Shoulder,,Probable,Shoulder,,Limited Participation in Practice,2013-02-01T14:21:37Z
