season,game_type,team,week,gsis_id,position,full_name,first_name,last_name,report_primary_injury,report_secondary_injury,report_status,practice_primary_injury,practice_secondary_injury,practice_status,date_modified
2011,REG,ARI,1,00-0027825,TE,Jim Dray,Jim,Dray,Pectoral,,Out,Pectoral,,Did Not Participate In Practice,2011-09-09T12:42:40Z
2011,REG,ARI,1,00-0027754,QB,John Skelton,John,Skelton,Ankle,,Questionable,Ankle,,Full Participation in Practice,2011-09-09T12:43:01Z
2011,REG,ARI,1,00-0025668,CB,Michael Adams,Michael,Adams,Knee,,Questionable,Knee,,Limited Participation in Practice,2011-09-09T12:42:54Z
2011,REG,ARI,1,00-0028007,TE,Rob Housler,Rob,Housler,Groin,,Probable,Groin,,Full Participation in Practice,2011-09-09T12:42:32Z
2011,REG,ARI,1,00-0028145,CB,Korey Lindsey,Korey,Lindsey,Illness,,Probable,Illness,,Full Participation in Practice,2011-09-09T12:42:32Z
2011,REG,ARI,1,00-0028187,WR,DeMarco Sampson,DeMarco,Sampson,Hamstring,,Probable,Hamstring,,Full Participation in Practice,2011-09-09T12:42:32Z
2011,REG,ARI,1,00-0027346,RB,Alfonso Smith,Alfonso,Smith,Hamstring,,Probable,Hamstring,,Full Participation in Practice,2011-09-09T12:42:32Z
2011,REG,ARI,1,00-0020505,S,Adrian Wilson,Adrian,Wilson,Biceps,,Probable,Biceps,,Full Participation in Practice,2011-09-09T12:42:32Z
2011,REG,ATL,1,00-0027686,DT,Corey Peters,Corey,Peters,Knee,,Out,Knee,,Did Not Participate In Practice,2011-09-09T12:07:06Z
2011,REG,ATL,1,00-0010711,C,Todd McClure,Todd,McClure,Knee,,Out,Knee,,Out (Definitely Will Not Play),2011-09-09T12:06:53Z
2011,REG,ATL,1,00-0023494,DT,Jonathan Babineaux,Jonathan,Babineaux,Knee,Shoulder,Probable,Knee,Shoulder,Full Participation in Practice,2011-09-09T12:06:36Z
2011,REG,ATL,1,00-0026638,C,Rob Bruggeman,Rob,Bruggeman,Concussion,,Probable,Concussion,,Full Participation in Practice,2011-09-09T12:06:36Z
2011,REG,ATL,1,00-0022245,T,Tyson Clabo,Tyson,Clabo,Elbow,,Probable,Elbow,,Full Participation in Practice,2011-09-09T12:06:36Z
2011,REG,ATL,1,00-0022735,CB,Dunta Robinson,Dunta,Robinson,Hamstring,,Probable,Hamstring,,Full Participation in Practice,2011-09-09T12:06:36Z
2011,REG,ATL,1,00-0027090,DE,Lawrence Sidbury,Lawrence,Sidbury,Ankle,,Probable,Ankle,,Full Participation in Practice,2011-09-09T12:06:36Z
2011,REG,ATL,1,00-0023462,WR,Roddy White,Roddy,White,Thigh,,Probable,Thigh,,Full Participation in Practice,2011-09-09T12:06:36Z
2011,REG,BAL,1,00-0026911,LB,Jason Phillips,Jason,Phillips,Concussion,,Questionable,Concussion,,Full Participation in Practice,2011-09-09T11:18:46Z
2011,REG,BAL,1,00-0025416,G,Ben Grubbs,Ben,Grubbs,Thigh,,Probable,Thigh,,Did Not Participate In Practice,2011-09-09T11:19:01Z
2011,REG,BUF,1,00-0027777,LB,Arthur Moats,Arthur,Moats,Knee,,Out,Knee,,Did Not Participate In Practice,2011-09-09T13:26:08Z
2011,REG,BUF,1,00-0027708,WR,Marcus Easley,Marcus,Easley,Illness,,Questionable,Illness,,Limited Participation in Practice,2011-09-09T13:31:25Z
2011,REG,BUF,1,00-0027655,DT,Torell Troup,Torell,Troup,Back,,Questionable,Back,,Limited Participation in Practice,2011-09-09T13:31:10Z
2011,REG,CAR,1,00-0028070,WR,Kealoha Pilares,Kealoha,Pilares,Ankle,,Out,Ankle,,Out (Definitely Will Not Play),2011-09-09T10:12:17Z
2011,REG,CAR,1,00-0028081,CB,Josh Thomas,Josh,Thomas,Thigh,,Out,Thigh,,Out (Definitely Will Not Play),2011-09-09T10:12:55Z
2011,REG,CAR,1,00-0026159,T,Jeff Otah,Jeff,Otah,Knee,,Questionable,Knee,,Did Not Participate In Practice,2011-09-09T10:11:50Z
2011,REG,CAR,1,00-0025412,LB,Jon Beason,Jon,Beason,Ankle,,Questionable,Ankle,,Limited Participation in Practice,2011-09-09T10:10:59Z
2011,REG,CAR,1,00-0026390,G,Mackenzy Bernadeau,Mackenzy,Bernadeau,Toe,,Probable,Toe,,Limited Participation in Practice,2011-09-09T10:11:29Z
2011,REG,CHI,1,00-0023544,RB,Marion Barber,Marion,Barber,Calf,,Out,Calf,,Did Not Participate In Practice,2011-09-09T12:42:11Z
2011,REG,CHI,1,00-0023953,WR,Sam Hurd,Sam,Hurd,Ankle,,Questionable,Ankle,,Full Participation in Practice,2011-09-09T12:42:37Z
2011,REG,CHI,1,00-0027603,DE,Corey Wootton,Corey,Wootton,Knee,,Questionable,Knee,,Full Participation in Practice,2011-09-09T12:42:26Z
2011,REG,CHI,1,00-0022085,DT,Anthony Adams,Anthony,Adams,Calf,,Probable,Calf,,Full Participation in Practice,2011-09-09T12:41:56Z
2011,REG,CHI,1,00-0026579,RB,Kahlil Bell,Kahlil,Bell,Knee,,Probable,Knee,,Full Participation in Practice,2011-09-09T12:41:56Z
2011,REG,CHI,1,00-0022128,LB,Lance Briggs,Lance,Briggs,Knee,,Probable,Knee,,Full Participation in Practice,2011-09-09T12:41:56Z
2011,REG,CHI,1,00-0028031,S,Chris Conte,Chris,Conte,Head,,Probable,Head,,Full Participation in Practice,2011-09-09T12:41:56Z
2011,REG,CHI,1,00-0026298,TE,Kellen Davis,Kellen,Davis,Back,,Probable,Back,,Full Participation in Practice,2011-09-09T12:41:56Z
2011,REG,CHI,1,00-0010341,LS,Patrick Mannelly,Patrick,Mannelly,Calf,,Probable,Calf,,Full Participation in Practice,2011-09-09T12:41:56Z
2011,REG,CHI,1,00-0026260,S,Craig Steltz,Craig,Steltz,Hip,,Probable,Hip,,Full Participation in Practice,2011-09-09T12:41:56Z
2011,REG,CIN,1,00-0027751,G,Otis Hudson,Otis,Hudson,Knee,,Out,Knee,,Did Not Participate In Practice,2011-09-09T10:08:24Z
2011,REG,CIN,1,00-0028004,LB,Dontay Moch,Dontay,Moch,Foot,,Out,Foot,,Did Not Participate In Practice,2011-09-09T10:08:33Z
2011,REG,CIN,1,00-0027887,S,Taylor Mays,Taylor,Mays,Knee,,Doubtful,Knee,,Did Not Participate In Practice,2011-09-09T10:08:56Z
2011,REG,CIN,1,00-0024246,CB,Kelly Jennings,Kelly,Jennings,Hamstring,,Doubtful,Hamstring,,Limited Participation in Practice,2011-09-09T10:08:45Z
2011,REG,CIN,1,00-0027662,DE,Carlos Dunlap,Carlos,Dunlap,Knee,,Probable,Knee,,Full Participation in Practice,2011-09-09T10:07:27Z
2011,REG,CIN,1,00-0025439,RB,Brian Leonard,Brian,Leonard,Finger,,Probable,Finger,,Full Participation in Practice,2011-09-09T10:07:27Z
2011,REG,CIN,1,00-0026941,RB,Bernard Scott,Bernard,Scott,Hamstring,,Probable,Hamstring,,Full Participation in Practice,2011-09-09T10:07:27Z
2011,REG,CLE,1,00-0026001,LB,Titus Brown,Titus,Brown,Ankle,,Out,Ankle,,Did Not Participate In Practice,2011-09-09T12:30:48Z
2011,REG,CLE,1,00-0028186,CB,Eric Hagg,Eric,Hagg,Knee,,Out,Knee,,Did Not Participate In Practice,2011-09-09T12:31:07Z
2011,REG,CLE,1,00-0022149,T,Tony Pashos,Tony,Pashos,Ankle,,Doubtful,Ankle,,Limited Participation in Practice,2011-09-09T12:31:33Z
2011,REG,CLE,1,00-0024286,LB,Chris Gocong,Chris,Gocong,Shoulder,,Questionable,Shoulder,,Limited Participation in Practice,2011-09-09T12:32:02Z
2011,REG,CLE,1,00-0023176,WR,Joshua Cribbs,Joshua,Cribbs,Hamstring,,Probable,Hamstring,,Full Participation in Practice,2011-09-09T12:32:32Z
2011,REG,CLE,1,00-0027026,WR,Mohamed Massaquoi,Mohamed,Massaquoi,Foot,,Probable,Foot,,Full Participation in Practice,2011-09-09T12:33:02Z
2011,REG,CLE,1,00-0027776,WR,Carlton Mitchell,Carlton,Mitchell,Finger,,Probable,Finger,,Full Participation in Practice,2011-09-09T12:33:33Z
2011,REG,CLE,1,00-0028088,T,Jason Pinkston,Jason,Pinkston,Knee,,Probable,Knee,,Full Participation in Practice,2011-09-09T12:33:57Z
2011,REG,CLE,1,00-0027653,S,T.J. Ward,T.J.,Ward,Hamstring,,Probable,Hamstring,,Full Participation in Practice,2011-09-09T12:34:19Z
2011,REG,CLE,1,00-0022943,TE,Benjamin Watson,Benjamin,Watson,Hip,,Probable,Hip,,Full Participation in Practice,2011-09-09T12:34:44Z
2011,REG,CLE,1,00-0025453,S,Usama Young,Usama,Young,Hamstring,,Probable,Hamstring,,Full Participation in Practice,2011-09-09T12:35:08Z
2011,REG,DAL,1,00-0026201,TE,Martellus Bennett,Martellus,Bennett,Ankle,,Out,Ankle,,Did Not Participate In Practice,2011-09-09T11:47:16Z
2011,REG,DAL,1,00-0022045,CB,Terence Newman,Terence,Newman,Groin,,Out,Groin,,Did Not Participate In Practice,2011-09-09T11:48:07Z
2011,REG,DAL,1,00-0025462,WR,Laurent Robinson,Laurent,Robinson,Hamstring,,Out,Hamstring,,Did Not Participate In Practice,2011-09-09T11:48:16Z
2011,REG,DAL,1,00-0027417,C,Phil Costa,Phil,Costa,Knee,,Questionable,Knee,,Limited Participation in Practice,2011-09-09T11:47:30Z
2011,REG,DAL,1,00-0026165,CB,Mike Jenkins,Mike,Jenkins,Neck,Knee,Questionable,Neck,Knee,Limited Participation in Practice,2011-09-09T11:47:44Z
2011,REG,DAL,1,00-0027947,T,Tyron Smith,Tyron,Smith,Knee,,Questionable,Knee,,Limited Participation in Practice,2011-09-09T11:47:58Z
2011,REG,DAL,1,00-0026262,RB,Tashard Choice,Tashard,Choice,Knee,,Probable,Knee,,Full Participation in Practice,2011-09-09T11:47:06Z
2011,REG,DAL,1,00-0022137,LB,Bradie James,Bradie,James,Ankle,,Probable,Ankle,,Full Participation in Practice,2011-09-09T11:47:06Z
2011,REG,DAL,1,00-0023455,DE,Marcus Spears,Marcus,Spears,Groin,,Probable,Groin,,Full Participation in Practice,2011-09-09T11:47:06Z
2011,REG,DAL,1,00-0023921,WR,Miles Austin,Miles,Austin,Hamstring,,Probable,Hamstring,,Limited Participation in Practice,2011-09-09T11:47:06Z
2011,REG,DEN,1,00-0025508,DE,Marcus Thomas,Marcus,Thomas,Shoulder,,Out,Shoulder,,Did Not Participate In Practice,2011-09-10T17:09:10Z
2011,REG,DEN,1,00-0021989,DT,Ty Warren,Ty,Warren,Triceps,,Out,Triceps,,Did Not Participate In Practice,2011-09-10T17:09:40Z
2011,REG,DEN,1,00-0022780,LB,D.J. Williams,D.J.,Williams,Elbow,,Out,Elbow,,Did Not Participate In Practice,2011-09-10T17:09:53Z
2011,REG,DEN,1,00-0027874,WR,Demaryius Thomas,Demaryius,Thomas,Achilles,Finger,Out,Achilles,Finger,Out (Definitely Will Not Play),2011-09-10T17:08:32Z
2011,REG,DEN,1,00-0027083,S,David Bruton,David,Bruton,Shoulder,,Probable,Shoulder,,Full Participation in Practice,2011-09-10T17:07:11Z
2011,REG,DEN,1,00-0024229,DT,Brodrick Bunkley,Brodrick,Bunkley,Knee,,Probable,Knee,,Full Participation in Practice,2011-09-10T17:07:11Z
2011,REG,DEN,1,00-0028046,S,Quinton Carter,Quinton,Carter,Hamstring,,Probable,Hamstring,,Full Participation in Practice,2011-09-10T17:07:11Z
2011,REG,DEN,1,00-0024375,G,Chris Kuper,Chris,Kuper,Toe,,Probable,Toe,,Full Participation in Practice,2011-09-10T17:07:11Z
2011,REG,DEN,1,00-0024756,WR,Matt Willis,Matt,Willis,Toe,,Probable,Toe,,Full Participation in Practice,2011-09-10T17:07:11Z
2011,REG,DET,1,00-0020382,DE,Kyle Vanden Bosch,Kyle,Vanden Bosch,,,,Not Injury Related,,Did Not Participate In Practice,2011-09-07T13:13:23Z
2011,REG,DET,1,00-0027951,DT,Nick Fairley,Nick,Fairley,Foot,,Out,Foot,,Did Not Participate In Practice,2011-09-09T12:46:38Z
2011,REG,DET,1,00-0027728,T,Jason Fox,Jason,Fox,Foot,,Out,Foot,,Did Not Participate In Practice,2011-09-09T12:46:53Z
2011,REG,DET,1,00-0027013,CB,Alphonso Smith,Alphonso,Smith,Foot,,Out,Foot,,Full Participation in Practice,2011-09-09T12:47:01Z
2011,REG,DET,1,00-0026227,DT,Andre Fluellen,Andre,Fluellen,Hand,,Probable,Hand,,Full Participation in Practice,2011-09-09T12:46:30Z
2011,REG,DET,1,00-0021182,RB,Maurice Morris,Maurice,Morris,Hand,,Probable,Hand,,Full Participation in Practice,2011-09-09T12:46:30Z
2011,REG,GB,1,00-0028069,CB,Davon House,Davon,House,Ankle,,Out,Ankle,,Out (Definitely Will Not Play),2011-09-07T12:47:59Z
2011,REG,GB,1,00-0028605,LB,Vic So'oto,Vic,So'oto,Back,,Out,Back,,Out (Definitely Will Not Play),2011-09-07T12:48:08Z
2011,REG,GB,1,00-0027442,LB,Frank Zombo,Frank,Zombo,Shoulder,,Out,Shoulder,,Out (Definitely Will Not Play),2011-09-07T12:48:15Z
2011,REG,GB,1,00-0027664,DE,Mike Neal,Mike,Neal,Knee,,Questionable,Knee,,Limited Participation in Practice,2011-09-07T12:48:24Z
2011,REG,GB,1,00-0019702,T,Chad Clifton,Chad,Clifton,Knee,,Probable,Knee,,Full Participation in Practice,2011-09-07T12:47:48Z
2011,REG,GB,1,00-0028156,TE,Ryan Taylor,Ryan,Taylor,Hip,,Probable,Hip,,Full Participation in Practice,2011-09-07T12:47:48Z
2011,REG,GB,1,00-0026231,TE,Jermichael Finley,Jermichael,Finley,Ankle,,Probable,Ankle,,Limited Participation in Practice,2011-09-07T12:47:48Z
2011,REG,HOU,1,00-0028065,CB,Rashad Carmichael,Rashad,Carmichael,Shoulder,,Out,Shoulder,,Did Not Participate In Practice,2011-09-09T11:34:01Z
2011,REG,HOU,1,00-0026796,RB,Arian Foster,Arian,Foster,Hamstring,,Questionable,Hamstring,,Did Not Participate In Practice,2011-09-09T11:34:08Z
2011,REG,HOU,1,00-0027051,G,Antoine Caldwell,Antoine,Caldwell,Ankle,,Probable,Ankle,,Full Participation in Practice,2011-09-09T11:33:49Z
2011,REG,HOU,1,00-0027684,DT,Earl Mitchell,Earl,Mitchell,Knee,,Probable,Knee,,Full Participation in Practice,2011-09-09T11:33:49Z
2011,REG,HOU,1,00-0027081,CB,Glover Quin,Glover,Quin,Head,,Probable,Head,,Full Participation in Practice,2011-09-09T11:33:49Z
2011,REG,HOU,1,00-0027980,LB,Brooks Reed,Brooks,Reed,Wrist,,Probable,Wrist,,Full Participation in Practice,2011-09-09T11:33:49Z
2011,REG,HOU,1,00-0024248,LB,DeMeco Ryans,DeMeco,Ryans,Elbow,Ankle,Probable,Elbow,Ankle,Full Participation in Practice,2011-09-09T11:33:49Z
2011,REG,HOU,1,00-0027224,LS,Jonathan Weeks,Jonathan,Weeks,Ankle,,Probable,Ankle,,Full Participation in Practice,2011-09-09T11:33:49Z
2011,REG,HOU,1,00-0023750,LB,Mario Williams,Mario,Williams,Groin,Achilles,Probable,Groin,Achilles,Full Participation in Practice,2011-09-09T11:33:49Z
2011,REG,IND,1,00-0021484,LB,Gary Brackett,Gary,Brackett,,,,Not Injury Related,,Did Not Participate In Practice,2011-09-07T13:38:24Z
2011,REG,IND,1,00-0010346,QB,Peyton Manning,Peyton,Manning,Neck,,Out,Neck,,Out (Definitely Will Not Play),2011-09-09T13:48:03Z
2011,REG,IND,1,00-0028025,DT,Drake Nevis,Drake,Nevis,Foot,,Questionable,Foot,,Did Not Participate In Practice,2011-09-09T13:50:02Z
2011,REG,IND,1,00-0024421,S,Antoine Bethea,Antoine,Bethea,Hamstring,,Questionable,Hamstring,,Full Participation in Practice,2011-09-09T13:48:16Z
2011,REG,IND,1,00-0027092,WR,Austin Collie,Austin,Collie,Foot,,Questionable,Foot,,Full Participation in Practice,2011-09-09T13:48:25Z
2011,REG,IND,1,00-0025419,WR,Anthony Gonzalez,Anthony,Gonzalez,Hamstring,,Questionable,Hamstring,,Limited Participation in Practice,2011-09-09T13:48:43Z
2011,REG,IND,1,00-0027477,WR,Blair White,Blair,White,Back,,Questionable,Back,,Limited Participation in Practice,2011-09-09T13:48:50Z
2011,REG,JAX,1,00-0027862,DT,Tyson Alualu,Tyson,Alualu,,,,Not Injury Related,,Full Participation in Practice,2011-09-08T12:58:22Z
2011,REG,JAX,1,00-0022897,RB,Greg Jones,Greg,Jones,,,,Not Injury Related,,Full Participation in Practice,2011-09-08T12:58:33Z
2011,REG,JAX,1,00-0024275,RB,Maurice Jones-Drew,Maurice,Jones-Drew,,,,Not Injury Related,,Full Participation in Practice,2011-09-08T12:58:39Z
2011,REG,JAX,1,00-0022080,CB,Rashean Mathis,Rashean,Mathis,,,,Not Injury Related,,Full Participation in Practice,2011-09-08T12:58:49Z
2011,REG,JAX,1,00-0027015,T,Eben Britton,Eben,Britton,Back,,Questionable,Back,,Limited Participation in Practice,2011-09-09T10:54:43Z
2011,REG,JAX,1,00-0021269,DE,Aaron Kampman,Aaron,Kampman,Knee,,Questionable,Knee,,Limited Participation in Practice,2011-09-09T10:54:51Z
2011,REG,JAX,1,00-0027125,TE,Zach Miller,Zach,Miller,Knee,,Questionable,Knee,,Limited Participation in Practice,2011-09-09T10:54:57Z
2011,REG,KC,1,00-0022350,G,Ryan Lilja,Ryan,Lilja,,,,Not Injury Related,,Full Participation in Practice,2011-09-08T12:57:54Z
2011,REG,KC,1,00-0027964,WR,Jon Baldwin,Jon,Baldwin,Thumb,,Out,Thumb,,Did Not Participate In Practice,2011-09-09T13:43:29Z
2011,REG,KC,1,00-0025787,T,Jared Gaither,Jared,Gaither,Knee,,Questionable,Knee,,Did Not Participate In Practice,2011-09-09T13:44:14Z
2011,REG,KC,1,00-0023662,QB,Matt Cassel,Matt,Cassel,Rib,,Probable,Rib,,Full Participation in Practice,2011-09-09T13:43:18Z
2011,REG,KC,1,00-0025529,WR,Steve Breaston,Steve,Breaston,Hamstring,,Probable,Hamstring,,Limited Participation in Practice,2011-09-09T13:43:51Z
2011,REG,MIA,1,00-0028112,RB,Charles Clay,Charles,Clay,Hamstring,,Out,Hamstring,,Did Not Participate In Practice,2011-09-10T11:09:43Z
2011,REG,MIA,1,00-0028000,RB,Daniel Thomas,Daniel,Thomas,Hamstring,,Questionable,Hamstring,,Limited Participation in Practice,2011-09-10T11:09:52Z
2011,REG,MIN,1,00-0027030,T,Phil Loadholt,Phil,Loadholt,,,,Not Injury Related,,Did Not Participate In Practice,2011-09-08T13:34:31Z
2011,REG,MIN,1,00-0026292,DT,Letroy Guion,Letroy,Guion,,,,Not Injury Related,,Limited Participation in Practice,2011-09-08T13:34:52Z
2011,REG,MIN,1,00-0027058,CB,Asher Allen,Asher,Allen,Foot,,Questionable,Foot,,Limited Participation in Practice,2011-09-09T11:13:39Z
2011,REG,MIN,1,00-0027649,CB,Chris Cook,Chris,Cook,Hamstring,,Probable,Hamstring,,Full Participation in Practice,2011-09-09T11:13:16Z
2011,REG,MIN,1,00-0011022,QB,Donovan McNabb,Donovan,McNabb,right Wrist,,Probable,right Wrist,,Full Participation in Practice,2011-09-09T11:13:16Z
2011,REG,MIN,1,00-0022054,TE,Visanthe Shiancoe,Visanthe,Shiancoe,Hamstring,,Probable,Hamstring,,Full Participation in Practice,2011-09-09T11:13:16Z
2011,REG,NE,1,00-0021149,DT,Albert Haynesworth,Albert,Haynesworth,,,,Illness,,Did Not Participate In Practice,2011-09-10T15:27:59Z
2011,REG,NE,1,00-0027034,T,Sebastian Vollmer,Sebastian,Vollmer,Back,,Questionable,Back,,Did Not Participate In Practice,2011-09-10T15:33:44Z
2011,REG,NE,1,00-0024373,DE,Mark Anderson,Mark,Anderson,Knee,,Questionable,Knee,,Limited Participation in Practice,2011-09-10T15:32:26Z
2011,REG,NE,1,00-0026071,CB,Kyle Arrington,Kyle,Arrington,Hip,,Questionable,Hip,,Limited Participation in Practice,2011-09-10T15:32:49Z
2011,REG,NE,1,00-0022979,G,Dan Connolly,Dan,Connolly,Foot,,Questionable,Foot,,Limited Participation in Practice,2011-09-10T15:32:56Z
2011,REG,NE,1,00-0027661,LB,Jermaine Cunningham,Jermaine,Cunningham,Groin,,Questionable,Groin,,Limited Participation in Practice,2011-09-10T15:33:12Z
2011,REG,NE,1,00-0027237,LB,Dane Fletcher,Dane,Fletcher,Thumb,,Questionable,Thumb,,Limited Participation in Practice,2011-09-10T15:34:21Z
2011,REG,NE,1,00-0027693,WR,Taylor Price,Taylor,Price,Hamstring,,Questionable,Hamstring,,Limited Participation in Practice,2011-09-10T15:34:13Z
2011,REG,NE,1,00-0028011,RB,Stevan Ridley,Stevan,Ridley,Ankle,,Questionable,Ankle,,Limited Participation in Practice,2011-09-10T15:34:04Z
2011,REG,NE,1,00-0028251,LB,Jeff Tarpinian,Jeff,Tarpinian,Knee,,Questionable,Knee,,Limited Participation in Practice,2011-09-10T15:33:58Z
2011,REG,NE,1,00-0027994,RB,Shane Vereen,Shane,Vereen,Hamstring,,Questionable,Hamstring,,Limited Participation in Practice,2011-09-10T15:33:52Z
2011,REG,NE,1,00-0025866,C,Ryan Wendell,Ryan,Wendell,Calf,,Questionable,Calf,,Limited Participation in Practice,2011-09-10T15:33:32Z
2011,REG,NE,1,00-0021612,CB,Leigh Bodden,Leigh,Bodden,Hand,,Probable,Hand,,Full Participation in Practice,2011-09-10T15:32:13Z
2011,REG,NE,1,00-0027150,WR,Julian Edelman,Julian,Edelman,Hand,,Probable,Hand,,Full Participation in Practice,2011-09-10T15:32:13Z
2011,REG,NO,1,00-0025824,K,Garrett Hartley,Garrett,Hartley,right Hip,,Out,right Hip,,Did Not Participate In Practice,2011-09-07T12:20:00Z
2011,REG,NO,1,00-0023310,WR,Lance Moore,Lance,Moore,Groin,,Out,Groin,,Did Not Participate In Practice,2011-09-07T12:20:29Z
2011,REG,NO,1,00-0026377,WR,Adrian Arrington,Adrian,Arrington,Knee,,Questionable,Knee,,Limited Participation in Practice,2011-09-07T12:19:46Z
2011,REG,NO,1,00-0024030,DT,Tom Johnson,Tom,Johnson,Calf,,Questionable,Calf,,Limited Participation in Practice,2011-09-07T12:20:16Z
2011,REG,NYG,1,00-0027957,CB,Prince Amukamara,Prince,Amukamara,Foot,,Out,Foot,,Out (Definitely Will Not Play),2011-09-09T11:19:53Z
2011,REG,NYG,1,00-0026305,LB,Jonathan Goff,Jonathan,Goff,Knee,,Out,Knee,,Out (Definitely Will Not Play),2011-09-09T11:20:02Z
2011,REG,NYG,1,00-0021977,DE,Osi Umenyiora,Osi,Umenyiora,Knee,,Out,Knee,,Out (Definitely Will Not Play),2011-09-09T11:20:23Z
2011,REG,NYG,1,00-0027070,TE,Travis Beckum,Travis,Beckum,Hamstring,,Questionable,Hamstring,,Limited Participation in Practice,2011-09-09T11:20:46Z
2011,REG,NYG,1,00-0023509,DE,Justin Tuck,Justin,Tuck,Neck,,Questionable,Neck,,Limited Participation in Practice,2011-09-09T11:20:14Z
2011,REG,NYJ,1,00-0024595,WR,Logan Payne,Logan,Payne,Wrist,,Out,Wrist,,Out (Definitely Will Not Play),2011-09-09T12:45:32Z
2011,REG,NYJ,1,00-0025761,C,Robert Turner,Robert,Turner,Ankle,,Out,Ankle,,Out (Definitely Will Not Play),2011-09-09T12:44:58Z
2011,REG,NYJ,1,00-0002110,QB,Mark Brunell,Mark,Brunell,Calf,,Probable,Calf,,Full Participation in Practice,2011-09-09T12:44:49Z
2011,REG,NYJ,1,00-0019642,WR,Plaxico Burress,Plaxico,Burress,Ankle,,Probable,Ankle,,Full Participation in Practice,2011-09-09T12:44:49Z
2011,REG,NYJ,1,00-0027739,RB,John Conner,John,Conner,Ankle,,Probable,Ankle,,Full Participation in Practice,2011-09-09T12:44:49Z
2011,REG,NYJ,1,00-0027321,TE,Jeff Cumberland,Jeff,Cumberland,Hamstring,,Probable,Hamstring,,Full Participation in Practice,2011-09-09T12:44:49Z
2011,REG,NYJ,1,00-0026043,DE,Marcus Dixon,Marcus,Dixon,Knee,,Probable,Knee,,Full Participation in Practice,2011-09-09T12:44:49Z
2011,REG,NYJ,1,00-0028032,DT,Kenrick Ellis,Kenrick,Ellis,Hamstring,,Probable,Hamstring,,Full Participation in Practice,2011-09-09T12:44:49Z
2011,REG,NYJ,1,00-0024240,WR,Santonio Holmes,Santonio,Holmes,Illness,,Probable,Illness,,Full Participation in Practice,2011-09-09T12:45:17Z
2011,REG,NYJ,1,00-0010500,WR,Derrick Mason,Derrick,Mason,Knee,,Probable,Knee,,Full Participation in Practice,2011-09-09T12:44:49Z
2011,REG,NYJ,1,00-0027712,RB,Joe McKnight,Joe,McKnight,Illness,,Probable,Illness,,Full Participation in Practice,2011-09-09T12:44:49Z
2011,REG,NYJ,1,00-0020969,G,Brandon Moore,Brandon,Moore,Illness,,Probable,Illness,,Full Participation in Practice,2011-09-09T12:44:49Z
2011,REG,NYJ,1,00-0026016,DE,Ropati Pitoitua,Ropati,Pitoitua,Ankle,,Probable,Ankle,,Full Participation in Practice,2011-09-09T12:44:49Z
2011,REG,NYJ,1,00-0023523,DT,Sione Pouha,Sione,Pouha,Knee,,Probable,Knee,,Full Participation in Practice,2011-09-09T12:44:49Z
2011,REG,NYJ,1,00-0025401,CB,Darrelle Revis,Darrelle,Revis,Hip,,Probable,Hip,,Full Participation in Practice,2011-09-09T12:44:49Z
2011,REG,OAK,1,00-0025540,TE,Kevin Boss,Kevin,Boss,Knee,,Out,Knee,,Did Not Participate In Practice,2011-09-10T16:52:03Z
2011,REG,OAK,1,00-0027023,S,Michael Mitchell,Michael,Mitchell,Knee,,Out,Knee,,Did Not Participate In Practice,2011-09-10T16:52:14Z
2011,REG,OAK,1,00-0027089,WR,Louis Murphy,Louis,Murphy,Groin,,Out,Groin,,Did Not Participate In Practice,2011-09-10T16:52:22Z
2011,REG,OAK,1,00-0023530,LB,Darryl Blackstock,Darryl,Blackstock,Concussion,,Probable,Concussion,,Full Participation in Practice,2011-09-10T16:51:51Z
2011,REG,OAK,1,00-0024297,WR,Derek Hagan,Derek,Hagan,Calf,,Probable,Calf,,Full Participation in Practice,2011-09-10T16:51:51Z
2011,REG,OAK,1,00-0021949,CB,Chris Johnson,Chris,Johnson,Groin,,Probable,Groin,,Full Participation in Practice,2011-09-10T16:51:51Z
2011,REG,OAK,1,00-0028063,RB,Taiwan Jones,Taiwan,Jones,Foot,,Probable,Foot,,Full Participation in Practice,2011-09-10T16:51:51Z
2011,REG,OAK,1,00-0026366,WR,Chaz Schilens,Chaz,Schilens,Knee,,Probable,Knee,,Full Participation in Practice,2011-09-10T16:51:51Z
2011,REG,OAK,1,00-0028019,CB,DeMarcus Van Dyke,DeMarcus,Van Dyke,Ribs,,Probable,Ribs,,Full Participation in Practice,2011-09-10T16:51:51Z
2011,REG,PHI,1,00-0024218,QB,Vince Young,Vince,Young,Hamstring,,Doubtful,Hamstring,,Did Not Participate In Practice,2011-09-09T10:55:54Z
2011,REG,PHI,1,00-0027652,S,Nate Allen,Nate,Allen,Knee,,Probable,Knee,,Full Participation in Practice,2011-09-09T10:55:22Z
2011,REG,PHI,1,00-0026541,DT,Antonio Dixon,Antonio,Dixon,Back,,Probable,Back,,Full Participation in Practice,2011-09-09T10:55:22Z
2011,REG,PHI,1,00-0027725,TE,Clay Harbor,Clay,Harbor,Shoulder,,Probable,Shoulder,,Full Participation in Practice,2011-09-09T10:55:22Z
2011,REG,PHI,1,00-0023560,T,Todd Herremans,Todd,Herremans,Back,,Probable,Back,,Full Participation in Practice,2011-09-09T10:55:22Z
2011,REG,PHI,1,00-0027992,S,Jaiquawn Jarrett,Jaiquawn,Jarrett,Quadricep,,Probable,Quadricep,,Full Participation in Practice,2011-09-09T10:55:22Z
2011,REG,PHI,1,00-0024254,T,Winston Justice,Winston,Justice,Knee,,Probable,Knee,,Full Participation in Practice,2011-09-09T10:55:22Z
2011,REG,PHI,1,00-0026187,DT,Trevor Laws,Trevor,Laws,Hip,,Probable,Hip,,Full Participation in Practice,2011-09-09T10:55:22Z
2011,REG,PHI,1,00-0019986,DE,Juqua Parker,Juqua,Parker,Calf,,Probable,Calf,,Full Participation in Practice,2011-09-09T10:55:22Z
2011,REG,PHI,1,00-0025438,WR,Steve Smith,Steve,Smith,Knee,,Probable,Knee,,Full Participation in Practice,2011-09-09T10:55:22Z
2011,REG,PHI,1,00-0027961,G,Danny Watkins,Danny,Watkins,Foot,,Probable,Foot,,Full Participation in Practice,2011-09-09T10:55:22Z
2011,REG,PHI,1,00-0021956,CB,Asante Samuel,Asante,Samuel,Shoulder,,Probable,Shoulder,,Limited Participation in Practice,2011-09-09T10:55:45Z
2011,REG,PIT,1,00-0028100,LB,Chris Carter,Chris,Carter,Hamstring,,Out,Hamstring,,Did Not Participate In Practice,2011-09-09T10:39:48Z
2011,REG,PIT,1,00-0022811,WR,Jerricho Cotchery,Jerricho,Cotchery,Hamstring,,Doubtful,Hamstring,,Did Not Participate In Practice,2011-09-09T10:39:53Z
2011,REG,PIT,1,00-0028001,T,Marcus Gilbert,Marcus,Gilbert,Concussion,,Probable,Concussion,,Full Participation in Practice,2011-09-09T10:39:57Z
2011,REG,SD,1,00-0028020,WR,Vincent Brown,Vincent,Brown,Hamstring,,Questionable,Hamstring,,Did Not Participate In Practice,2011-09-09T13:38:36Z
2011,REG,SD,1,00-0022766,WR,Patrick Crayton,Patrick,Crayton,Ankle,,Questionable,Ankle,,Did Not Participate In Practice,2011-09-09T13:38:43Z
2011,REG,SD,1,00-0027999,LB,Jonas Mouton,Jonas,Mouton,Shoulder,,Questionable,Shoulder,,Did Not Participate In Practice,2011-09-09T13:38:56Z
2011,REG,SD,1,00-0028172,LB,Andrew Gachkar,Andrew,Gachkar,Back,,Probable,Back,,Full Participation in Practice,2011-09-09T13:39:17Z
2011,REG,SEA,1,00-0028621,T,Jarriel King,Jarriel,King,Ankle,,Out,Ankle,,Did Not Participate In Practice,2011-09-09T13:16:52Z
2011,REG,SEA,1,00-0022836,G,Robert Gallery,Robert,Gallery,Knee,,Doubtful,Knee,,Did Not Participate In Practice,2011-09-09T13:16:45Z
2011,REG,SEA,1,00-0025431,WR,Sidney Rice,Sidney,Rice,Shoulder,,Doubtful,Shoulder,,Did Not Participate In Practice,2011-09-09T13:16:59Z
2011,REG,SEA,1,00-0021577,DE,Chris Clemons,Chris,Clemons,Ankle,,Probable,Ankle,,Did Not Participate In Practice,2011-09-09T13:16:31Z
2011,REG,SEA,1,00-0025999,LB,David Hawthorne,David,Hawthorne,Knee,,Probable,Knee,,Limited Participation in Practice,2011-09-09T13:16:31Z
2011,REG,SF,1,00-0025513,S,Dashon Goldson,Dashon,Goldson,Knee,,Doubtful,Knee,,Did Not Participate In Practice,2011-09-09T13:15:46Z
2011,REG,STL,1,00-0027732,TE,Michael Hoomanawanui,Michael,Hoomanawanui,Calf,,Questionable,Calf,,Did Not Participate In Practice,2011-09-09T11:39:08Z
2011,REG,STL,1,00-0019387,DE,James Hall,James,Hall,Back,,Probable,Back,,Full Participation in Practice,2011-09-09T11:38:57Z
2011,REG,STL,1,00-0027787,DE,Eugene Sims,Eugene,Sims,oblique,,Probable,oblique,,Limited Participation in Practice,2011-09-09T11:38:57Z
2011,REG,TB,1,00-0022922,TE,Kellen Winslow,Kellen,Winslow,,,,Not Injury Related,,Did Not Participate In Practice,2011-09-08T11:08:35Z
2011,REG,TB,1,00-0027672,CB,Myron Lewis,Myron,Lewis,Ankle,,Out,Ankle,,Did Not Participate In Practice,2011-09-09T13:01:22Z
2011,REG,TB,1,00-0027812,LB,Dekoda Watson,Dekoda,Watson,Hamstring,,Questionable,Hamstring,,Limited Participation in Practice,2011-09-09T13:01:33Z
2011,REG,TB,1,00-0027607,C,Ted Larsen,Ted,Larsen,Ankle,,Probable,Ankle,,Full Participation in Practice,2011-09-09T13:01:07Z
2011,REG,TEN,1,00-0027868,DE,Derrick Morgan,Derrick,Morgan,Knee,,Doubtful,Knee,,Did Not Participate In Practice,2011-09-09T11:18:20Z
2011,REG,TEN,1,00-0027120,RB,Javon Ringer,Javon,Ringer,Back,,Questionable,Back,,Did Not Participate In Practice,2011-09-09T11:18:27Z
2011,REG,TEN,1,00-0026194,DT,Jason Jones,Jason,Jones,Knee,,Questionable,Knee,,Limited Participation in Practice,2011-09-09T11:18:13Z
2011,REG,TEN,1,00-0026266,WR,Lavelle Hawkins,Lavelle,Hawkins,Foot,,Probable,Foot,,Full Participation in Practice,2011-09-09T11:18:06Z
2011,REG,WAS,1,00-0025393,S,LaRon Landry,LaRon,Landry,Hamstring,,Out,Hamstring,,Did Not Participate In Practice,2011-09-09T10:08:52Z
2011,REG,WAS,1,00-0023501,S,Oshiomogho Atogwe,Oshiomogho,Atogwe,Hamstring,,Questionable,Hamstring,,Limited Participation in Practice,2011-09-09T10:08:59Z
2011,REG,WAS,1,00-0027618,WR,Brandon Banks,Brandon,Banks,Knee,,Questionable,Knee,,Limited Participation in Practice,2011-09-09T10:09:04Z
2011,REG,WAS,1,00-0022738,TE,Chris Cooley,Chris,Cooley,Knee,,Questionable,Knee,,Limited Participation in Practice,2011-09-09T10:09:11Z
2011,REG,WAS,1,00-0021147,WR,Donte' Stallworth,Donte',Stallworth,Shoulder,,Questionable,Shoulder,,Limited Participation in Practice,2011-09-09T10:09:17Z
2011,REG,WAS,1,00-0026279,RB,Ryan Torain,Ryan,Torain,Hand,,Questionable,Hand,,Limited Participation in Practice,2011-09-09T10:09:21Z
2011,REG,ARI,2,00-0027763,CB,Crezdon Butler,Crezdon,Butler,Ankle,,Out,Ankle,,Did Not Participate In Practice,2011-09-16T12:31:15Z
2011,REG,ARI,2,00-0027825,TE,Jim Dray,Jim,Dray,Pectoral,,Out,Pectoral,,Limited Participation in Practice,2011-09-16T12:31:21Z
2011,REG,ARI,2,00-0028187,WR,DeMarco Sampson,DeMarco,Sampson,Hamstring,,Questionable,Hamstring,,Did Not Participate In Practice,2011-09-16T12:31:29Z
2011,REG,ARI,2,00-0026956,RB,LaRod Stephens-Howling,LaRod,Stephens-Howling,Hand,,Questionable,Hand,,Did Not Participate In Practice,2011-09-16T12:31:36Z
2011,REG,ARI,2,00-0027886,LB,Daryl Washington,Daryl,Washington,Calf,,Questionable,Calf,,Did Not Participate In Practice,2011-09-16T12:31:45Z
2011,REG,ARI,2,00-0013126,LB,Joey Porter,Joey,Porter,Knee,,Probable,Knee,,Full Participation in Practice,2011-09-16T12:31:05Z
2011,REG,ARI,2,00-0021235,P,Dave Zastudil,Dave,Zastudil,right Calf,,Probable,right Calf,,Limited Participation in Practice,2011-09-16T12:31:05Z
2011,REG,ATL,2,00-0023494,DT,Jonathan Babineaux,Jonathan,Babineaux,Knee,,Out,Knee,,Did Not Participate In Practice,2011-09-16T11:52:01Z
2011,REG,ATL,2,00-0010711,C,Todd McClure,Todd,McClure,Knee,,Out,Knee,,Did Not Participate In Practice,2011-09-16T11:52:13Z
2011,REG,ATL,2,00-0027062,CB,Christopher Owens,Christopher,Owens,Ankle,,Questionable,Ankle,,Limited Participation in Practice,2011-09-16T11:52:28Z
2011,REG,ATL,2,00-0026224,WR,Harry Douglas,Harry,Douglas,Concussion,,Probable,Concussion,,Full Participation in Practice,2011-09-16T11:51:48Z
2011,REG,ATL,2,00-0022143,RB,Ovie Mughelli,Ovie,Mughelli,Knee,,Probable,Knee,,Full Participation in Practice,2011-09-16T11:51:48Z
2011,REG,ATL,2,00-0027686,DT,Corey Peters,Corey,Peters,Knee,,Probable,Knee,,Full Participation in Practice,2011-09-16T11:51:48Z
2011,REG,ATL,2,00-0023462,WR,Roddy White,Roddy,White,Knee,,Probable,Knee,,Full Participation in Practice,2011-09-16T11:51:48Z
2011,REG,BAL,2,00-0023008,CB,Chris Carr,Chris,Carr,Thigh,,Out,Thigh,,Did Not Participate In Practice,2011-09-16T11:03:37Z
2011,REG,BAL,2,00-0027965,CB,Jimmy Smith,Jimmy,Smith,Ankle,,Out,Ankle,,Did Not Participate In Practice,2011-09-16T11:03:51Z
2011,REG,BAL,2,00-0025416,G,Ben Grubbs,Ben,Grubbs,Toe,,Doubtful,Toe,,Did Not Participate In Practice,2011-09-16T11:03:44Z
2011,REG,BAL,2,00-0022910,WR,Lee Evans,Lee,Evans,Ankle,,Probable,Ankle,,Full Participation in Practice,2011-09-16T11:03:02Z
2011,REG,BAL,2,00-0022397,RB,Vonta Leach,Vonta,Leach,Foot,,Probable,Foot,,Full Participation in Practice,2011-09-16T11:03:24Z
2011,REG,BUF,2,00-0027708,WR,Marcus Easley,Marcus,Easley,Illness,,Out,Illness,,Did Not Participate In Practice,2011-09-16T09:27:29Z
2011,REG,BUF,2,00-0028376,LB,Robert Eddins,Robert,Eddins,Foot,,Out,Foot,,Did Not Participate In Practice,2011-09-16T09:27:35Z
2011,REG,BUF,2,00-0022008,CB,Terrence McGee,Terrence,McGee,Hamstring,,Out,Hamstring,,Did Not Participate In Practice,2011-09-16T09:27:44Z
2011,REG,BUF,2,00-0027655,DT,Torell Troup,Torell,Troup,Back,,Doubtful,Back,,Limited Participation in Practice,2011-09-16T09:28:05Z
2011,REG,BUF,2,00-0026364,WR,Steve Johnson,Steve,Johnson,Groin,,Probable,Groin,,Full Participation in Practice,2011-09-16T09:27:23Z
2011,REG,BUF,2,00-0027777,LB,Arthur Moats,Arthur,Moats,Knee,,Probable,Knee,,Full Participation in Practice,2011-09-16T09:27:23Z
2011,REG,CAR,2,00-0026159,T,Jeff Otah,Jeff,Otah,Head,,Doubtful,Head,,Did Not Participate In Practice,2011-09-16T12:58:00Z
2011,REG,CAR,2,00-0023448,LB,Thomas Davis,Thomas,Davis,Groin,,Probable,Groin,,Full Participation in Practice,2011-09-16T12:57:34Z
2011,REG,CAR,2,00-0028070,WR,Kealoha Pilares,Kealoha,Pilares,Ankle,,Probable,Ankle,,Full Participation in Practice,2011-09-16T12:58:32Z
2011,REG,CAR,2,00-0028081,CB,Josh Thomas,Josh,Thomas,Thigh,,Probable,Thigh,,Full Participation in Practice,2011-09-16T12:58:54Z
2011,REG,CHI,2,00-0019456,LB,Brian Urlacher,Brian,Urlacher,,,,Not Injury Related,,Did Not Participate In Practice,2011-09-14T12:59:18Z
2011,REG,CHI,2,00-0022128,LB,Lance Briggs,Lance,Briggs,,,,Knee,,Full Participation in Practice,2011-09-15T12:54:20Z
2011,REG,CHI,2,00-0023544,RB,Marion Barber,Marion,Barber,Calf,,Doubtful,Calf,,Did Not Participate In Practice,2011-09-16T12:34:25Z
2011,REG,CHI,2,00-0023614,S,Chris Harris,Chris,Harris,Hamstring,,Doubtful,Hamstring,,Did Not Participate In Practice,2011-09-16T12:34:43Z
2011,REG,CHI,2,00-0026961,G,Lance Louis,Lance,Louis,Ankle,,Doubtful,Ankle,,Did Not Participate In Practice,2011-09-16T12:35:11Z
2011,REG,CHI,2,00-0022909,WR,Roy Williams,Roy,Williams,Groin,,Questionable,Groin,,Limited Participation in Practice,2011-09-16T12:35:26Z
2011,REG,CHI,2,00-0026282,CB,Zackary Bowman,Zackary,Bowman,Hamstring,,Probable,Hamstring,,Full Participation in Practice,2011-09-16T12:34:05Z
2011,REG,CHI,2,00-0023953,WR,Sam Hurd,Sam,Hurd,Ankle,,Probable,Ankle,,Full Participation in Practice,2011-09-16T12:34:05Z
2011,REG,CHI,2,00-0027603,DE,Corey Wootton,Corey,Wootton,Knee,,Probable,Knee,,Full Participation in Practice,2011-09-16T12:34:05Z
2011,REG,CIN,2,00-0028004,LB,Dontay Moch,Dontay,Moch,Foot,,Out,Foot,,Did Not Participate In Practice,2011-09-16T10:14:29Z
2011,REG,CIN,2,00-0022867,DE,Robert Geathers,Robert,Geathers,Shoulder,,Doubtful,Shoulder,,Did Not Participate In Practice,2011-09-16T10:14:47Z
2011,REG,CIN,2,00-0027887,S,Taylor Mays,Taylor,Mays,Knee,,Doubtful,Knee,,Full Participation in Practice,2011-09-16T10:15:09Z
2011,REG,CIN,2,00-0027751,G,Otis Hudson,Otis,Hudson,Knee,,Doubtful,Knee,,Limited Participation in Practice,2011-09-16T10:14:56Z
2011,REG,CIN,2,00-0027973,QB,Andy Dalton,Andy,Dalton,right Wrist,,Probable,right Wrist,,Full Participation in Practice,2011-09-16T10:13:15Z
2011,REG,CIN,2,00-0024246,CB,Kelly Jennings,Kelly,Jennings,Hamstring,,Probable,Hamstring,,Full Participation in Practice,2011-09-16T10:13:15Z
2011,REG,CIN,2,00-0027044,DE,Michael Johnson,Michael,Johnson,Groin,,Probable,Groin,,Full Participation in Practice,2011-09-16T10:13:15Z
2011,REG,CIN,2,00-0024306,DE,Frostee Rucker,Frostee,Rucker,Illness,,Probable,Illness,,Full Participation in Practice,2011-09-16T10:13:15Z
2011,REG,CIN,2,00-0024270,T,Andrew Whitworth,Andrew,Whitworth,Knee,,Probable,Knee,,Full Participation in Practice,2011-09-16T10:13:15Z
2011,REG,CLE,2,00-0028088,T,Jason Pinkston,Jason,Pinkston,,,,Knee,,Full Participation in Practice,2011-09-14T13:05:59Z
2011,REG,CLE,2,00-0026001,LB,Titus Brown,Titus,Brown,Ankle,,Out,Ankle,,Did Not Participate In Practice,2011-09-16T12:44:42Z
2011,REG,CLE,2,00-0028186,S,Eric Hagg,Eric,Hagg,Knee,,Out,Knee,,Did Not Participate In Practice,2011-09-16T12:45:03Z
2011,REG,CLE,2,00-0022149,T,Tony Pashos,Tony,Pashos,Ankle,,Out,Ankle,,Did Not Participate In Practice,2011-09-16T12:45:20Z
2011,REG,CLE,2,00-0027026,WR,Mohamed Massaquoi,Mohamed,Massaquoi,Hamstring,,Probable,Hamstring,,Full Participation in Practice,2011-09-16T12:45:36Z
2011,REG,CLE,2,00-0027776,WR,Carlton Mitchell,Carlton,Mitchell,Finger,,Probable,Finger,,Full Participation in Practice,2011-09-16T12:46:25Z
2011,REG,CLE,2,00-0023727,CB,Dimitri Patterson,Dimitri,Patterson,Ankle,,Probable,Ankle,,Full Participation in Practice,2011-09-16T12:46:43Z
2011,REG,CLE,2,00-0027653,S,T.J. Ward,T.J.,Ward,Hamstring,,Probable,Hamstring,,Full Participation in Practice,2011-09-16T12:47:01Z
2011,REG,CLE,2,00-0025453,S,Usama Young,Usama,Young,Hamstring,,Probable,Hamstring,,Full Participation in Practice,2011-09-16T12:47:23Z
2011,REG,DAL,2,00-0027663,LB,Sean Lee,Sean,Lee,,,,Back,,Limited Participation in Practice,2011-09-16T11:48:00Z
2011,REG,DAL,2,00-0022045,CB,Terence Newman,Terence,Newman,Groin,,Out,Groin,,Did Not Participate In Practice,2011-09-16T11:48:45Z
2011,REG,DAL,2,00-0026283,CB,Orlando Scandrick,Orlando,Scandrick,Ankle,,Out,Ankle,,Did Not Participate In Practice,2011-09-16T11:48:52Z
2011,REG,DAL,2,00-0028190,G,Bill Nagy,Bill,Nagy,Neck,,Doubtful,Neck,,Did Not Participate In Practice,2011-09-16T11:48:36Z
2011,REG,DAL,2,00-0027902,WR,Dez Bryant,Dez,Bryant,Thigh,,Questionable,Thigh,,Did Not Participate In Practice,2011-09-16T11:48:21Z
2011,REG,DAL,2,00-0026201,TE,Martellus Bennett,Martellus,Bennett,Ankle,,Probable,Ankle,,Full Participation in Practice,2011-09-16T11:48:08Z
2011,REG,DAL,2,00-0027417,C,Phil Costa,Phil,Costa,Knee,,Probable,Knee,,Full Participation in Practice,2011-09-16T11:48:08Z
2011,REG,DAL,2,00-0026165,CB,Mike Jenkins,Mike,Jenkins,Shoulder,,Probable,Shoulder,,Full Participation in Practice,2011-09-16T11:48:08Z
2011,REG,DAL,2,00-0027947,T,Tyron Smith,Tyron,Smith,Knee,,Probable,Knee,,Full Participation in Practice,2011-09-16T11:48:08Z
2011,REG,DAL,2,00-0025413,LB,Anthony Spencer,Anthony,Spencer,Shoulder,,Probable,Shoulder,,Full Participation in Practice,2011-09-16T11:48:08Z
2011,REG,DAL,2,00-0023921,WR,Miles Austin,Miles,Austin,Knee,,Probable,Knee,,Limited Participation in Practice,2011-09-16T11:48:08Z
2011,REG,DEN,2,00-0027874,WR,Demaryius Thomas,Demaryius,Thomas,Finger,,Out,Finger,,Did Not Participate In Practice,2011-09-16T11:15:51Z
2011,REG,DEN,2,00-0025508,DE,Marcus Thomas,Marcus,Thomas,Shoulder,Groin,Out,Shoulder,Groin,Did Not Participate In Practice,2011-09-16T11:16:00Z
2011,REG,DEN,2,00-0021989,DE,Ty Warren,Ty,Warren,Triceps,,Out,Triceps,,Did Not Participate In Practice,2011-09-16T11:16:08Z
2011,REG,DEN,2,00-0022780,LB,D.J. Williams,D.J.,Williams,Elbow,,Out,Elbow,,Did Not Participate In Practice,2011-09-16T11:16:16Z
2011,REG,DEN,2,00-0000585,CB,Champ Bailey,Champ,Bailey,Hamstring,,Questionable,Hamstring,,Did Not Participate In Practice,2011-09-16T11:14:38Z
2011,REG,DEN,2,00-0024341,DE,Elvis Dumervil,Elvis,Dumervil,Shoulder,,Questionable,Shoulder,,Did Not Participate In Practice,2011-09-16T11:14:47Z
2011,REG,DEN,2,00-0026988,RB,Knowshon Moreno,Knowshon,Moreno,Hamstring,,Questionable,Hamstring,,Did Not Participate In Practice,2011-09-16T11:15:37Z
2011,REG,DEN,2,00-0022097,WR,Brandon Lloyd,Brandon,Lloyd,Groin,,Questionable,Groin,,Limited Participation in Practice,2011-09-16T11:15:20Z
2011,REG,DET,2,00-0020382,DE,Kyle Vanden Bosch,Kyle,Vanden Bosch,,,,Not Injury Related,,Did Not Participate In Practice,2011-09-14T13:06:54Z
2011,REG,DET,2,00-0027951,DT,Nick Fairley,Nick,Fairley,Foot,,Out,Foot,,Did Not Participate In Practice,2011-09-16T12:50:48Z
2011,REG,DET,2,00-0027728,T,Jason Fox,Jason,Fox,Foot,,Out,Foot,,Did Not Participate In Practice,2011-09-16T12:50:57Z
2011,REG,DET,2,00-0027013,CB,Alphonso Smith,Alphonso,Smith,Foot,,Out,Foot,,Limited Participation in Practice,2011-09-16T12:50:38Z
2011,REG,DET,2,00-0027009,S,Louis Delmas,Louis,Delmas,Hip,,Questionable,Hip,,Limited Participation in Practice,2011-09-16T12:50:22Z
2011,REG,DET,2,00-0025389,WR,Calvin Johnson,Calvin,Johnson,Ankle,,Questionable,Ankle,,Limited Participation in Practice,2011-09-16T12:50:31Z
2011,REG,DET,2,00-0024305,WR,Maurice Stovall,Maurice,Stovall,Hand,,Questionable,Hand,,Limited Participation in Practice,2011-09-16T12:51:03Z
2011,REG,GB,2,00-0028605,LB,Vic So'oto,Vic,So'oto,Back,,Out,Back,,Did Not Participate In Practice,2011-09-16T11:46:51Z
2011,REG,GB,2,00-0027664,DE,Mike Neal,Mike,Neal,Knee,,Out,Knee,,Out (Definitely Will Not Play),2011-09-16T11:46:42Z
2011,REG,GB,2,00-0027442,LB,Frank Zombo,Frank,Zombo,Shoulder,,Out,Shoulder,,Out (Definitely Will Not Play),2011-09-16T11:47:16Z
2011,REG,GB,2,00-0024061,CB,Tramon Williams,Tramon,Williams,Shoulder,,Questionable,Shoulder,,Did Not Participate In Practice,2011-09-16T11:47:08Z
2011,REG,GB,2,00-0028034,RB,Alex Green,Alex,Green,Achilles,,Questionable,Achilles,,Limited Participation in Practice,2011-09-16T11:48:57Z
2011,REG,GB,2,00-0019702,T,Chad Clifton,Chad,Clifton,Knee,,Probable,Knee,,Did Not Participate In Practice,2011-09-16T11:46:30Z
2011,REG,GB,2,00-0028069,CB,Davon House,Davon,House,Ankle,,Probable,Ankle,,Full Participation in Practice,2011-09-16T11:46:30Z
2011,REG,GB,2,00-0028156,TE,Ryan Taylor,Ryan,Taylor,Hip,,Probable,Hip,,Full Participation in Practice,2011-09-16T11:46:30Z
2011,REG,GB,2,00-0026231,TE,Jermichael Finley,Jermichael,Finley,Ankle,,Probable,Ankle,,Limited Participation in Practice,2011-09-16T11:46:30Z
2011,REG,HOU,2,00-0022770,RB,Derrick Ward,Derrick,Ward,Ankle,Shoulder,Out,Ankle,Shoulder,Did Not Participate In Practice,2011-09-16T11:22:39Z
2011,REG,HOU,2,00-0028065,CB,Rashad Carmichael,Rashad,Carmichael,Shoulder,,Out,Shoulder,,Out (Definitely Will Not Play),2011-09-16T11:21:40Z
2011,REG,HOU,2,00-0021931,WR,Kevin Walter,Kevin,Walter,Shoulder,Quadricep,Questionable,Shoulder,Quadricep,Did Not Participate In Practice,2011-09-16T11:22:23Z
2011,REG,HOU,2,00-0026796,RB,Arian Foster,Arian,Foster,Hamstring,,Questionable,Hamstring,,Limited Participation in Practice,2011-09-16T11:21:55Z
2011,REG,HOU,2,00-0027743,CB,Sherrick McManis,Sherrick,McManis,Hamstring,,Questionable,Hamstring,,Limited Participation in Practice,2011-09-16T11:22:10Z
2011,REG,HOU,2,00-0024231,CB,Jason Allen,Jason,Allen,Knee,,Probable,Knee,,Full Participation in Practice,2011-09-16T11:21:09Z
2011,REG,HOU,2,00-0027385,G,Thomas Austin,Thomas,Austin,Knee,,Probable,Knee,,Full Participation in Practice,2011-09-16T11:21:09Z
2011,REG,HOU,2,00-0027051,G,Antoine Caldwell,Antoine,Caldwell,Ankle,,Probable,Ankle,,Full Participation in Practice,2011-09-16T11:21:09Z
2011,REG,HOU,2,00-0023472,DT,Shaun Cody,Shaun,Cody,Neck,,Probable,Neck,,Full Participation in Practice,2011-09-16T11:21:09Z
2011,REG,HOU,2,00-0026991,LB,Brian Cushing,Brian,Cushing,Foot,,Probable,Foot,,Full Participation in Practice,2011-09-16T11:21:09Z
2011,REG,HOU,2,00-0027998,CB,Brandon Harris,Brandon,Harris,Ankle,,Probable,Ankle,,Full Participation in Practice,2011-09-16T11:21:09Z
2011,REG,HOU,2,00-0027980,LB,Brooks Reed,Brooks,Reed,Wrist,,Probable,Wrist,,Full Participation in Practice,2011-09-16T11:21:09Z
2011,REG,HOU,2,00-0024248,LB,DeMeco Ryans,DeMeco,Ryans,Elbow,Achilles,Probable,Elbow,Achilles,Full Participation in Practice,2011-09-16T11:21:09Z
2011,REG,HOU,2,00-0022793,DE,Antonio Smith,Antonio,Smith,Groin,,Probable,Groin,,Full Participation in Practice,2011-09-16T11:21:09Z
2011,REG,HOU,2,00-0027890,RB,Ben Tate,Ben,Tate,Quadricep,,Probable,Quadricep,,Full Participation in Practice,2011-09-16T11:21:09Z
2011,REG,HOU,2,00-0023750,LB,Mario Williams,Mario,Williams,Elbow,,Probable,Elbow,,Full Participation in Practice,2011-09-16T11:21:09Z
2011,REG,IND,2,00-0021484,LB,Gary Brackett,Gary,Brackett,Shoulder,,Out,Shoulder,,Out (Definitely Will Not Play),2011-09-16T13:00:44Z
2011,REG,IND,2,00-0010346,QB,Peyton Manning,Peyton,Manning,Neck,,Out,Neck,,Out (Definitely Will Not Play),2011-09-16T13:03:18Z
2011,REG,IND,2,00-0024224,LB,Ernie Sims,Ernie,Sims,Knee,,Out,Knee,,Out (Definitely Will Not Play),2011-09-16T13:04:06Z
2011,REG,IND,2,00-0022059,DE,Robert Mathis,Robert,Mathis,Neck,,Questionable,Neck,,Did Not Participate In Practice,2011-09-16T13:03:38Z
2011,REG,IND,2,00-0022047,DE,Tyler Brayton,Tyler,Brayton,Knee,,Questionable,Knee,,Full Participation in Practice,2011-09-16T13:01:00Z
2011,REG,IND,2,00-0027831,LB,Kavell Conner,Kavell,Conner,Foot,,Questionable,Foot,,Full Participation in Practice,2011-09-16T13:01:11Z
2011,REG,IND,2,00-0027761,TE,Brody Eldridge,Brody,Eldridge,Knee,,Questionable,Knee,,Full Participation in Practice,2011-09-16T13:01:25Z
2011,REG,IND,2,00-0025991,DT,Eric Foster,Eric,Foster,Knee,,Questionable,Knee,,Full Participation in Practice,2011-09-16T13:02:01Z
2011,REG,IND,2,00-0025419,WR,Anthony Gonzalez,Anthony,Gonzalez,Hamstring,,Questionable,Hamstring,,Full Participation in Practice,2011-09-16T13:03:03Z
2011,REG,IND,2,00-0027477,WR,Blair White,Blair,White,Back,,Questionable,Back,,Full Participation in Practice,2011-09-16T13:04:42Z
2011,REG,IND,2,00-0021146,DE,Dwight Freeney,Dwight,Freeney,Not Injury Related,,Probable,Not Injury Related,,Full Participation in Practice,2011-09-16T12:59:36Z
2011,REG,IND,2,00-0020498,WR,Reggie Wayne,Reggie,Wayne,Not Injury Related,,Probable,Not Injury Related,,Full Participation in Practice,2011-09-16T13:04:21Z
2011,REG,JAX,2,00-0022897,RB,Greg Jones,Greg,Jones,,,,Not Injury Related,,Full Participation in Practice,2011-09-15T14:08:59Z
2011,REG,JAX,2,00-0024275,RB,Maurice Jones-Drew,Maurice,Jones-Drew,,,,Not Injury Related,,Full Participation in Practice,2011-09-15T14:09:06Z
2011,REG,JAX,2,00-0022080,CB,Rashean Mathis,Rashean,Mathis,,,,Not Injury Related,,Full Participation in Practice,2011-09-15T14:09:14Z
2011,REG,JAX,2,00-0027047,CB,Derek Cox,Derek,Cox,Chest,,Out,Chest,,Did Not Participate In Practice,2011-09-16T10:58:23Z
2011,REG,JAX,2,00-0021269,DE,Aaron Kampman,Aaron,Kampman,Knee,,Out,Knee,,Did Not Participate In Practice,2011-09-16T10:58:46Z
2011,REG,JAX,2,00-0025463,WR,Jason Hill,Jason,Hill,Hip,,Doubtful,Hip,,Limited Participation in Practice,2011-09-16T10:58:32Z
2011,REG,JAX,2,00-0024243,TE,Marcedes Lewis,Marcedes,Lewis,Calf,,Doubtful,Calf,,Limited Participation in Practice,2011-09-16T10:58:56Z
2011,REG,JAX,2,00-0027862,DT,Tyson Alualu,Tyson,Alualu,Knee,,Probable,Knee,,Limited Participation in Practice,2011-09-16T10:58:16Z
2011,REG,KC,2,00-0027964,WR,Jon Baldwin,Jon,Baldwin,Thumb,,Out,Thumb,,Did Not Participate In Practice,2011-09-16T13:01:05Z
2011,REG,MIA,2,00-0024102,DE,Tony McDaniel,Tony,McDaniel,Hand,,Out,Hand,,Did Not Participate In Practice,2011-09-16T10:48:26Z
2011,REG,MIA,2,00-0027115,S,Chris Clemons,Chris,Clemons,Hamstring,,Questionable,Hamstring,,Did Not Participate In Practice,2011-09-16T10:48:18Z
2011,REG,MIA,2,00-0027358,WR,Roberto Wallace,Roberto,Wallace,Quadricep,,Questionable,Quadricep,,Did Not Participate In Practice,2011-09-16T10:48:41Z
2011,REG,MIA,2,00-0028112,RB,Charles Clay,Charles,Clay,Hamstring,,Probable,Hamstring,,Full Participation in Practice,2011-09-16T10:48:08Z
2011,REG,MIA,2,00-0016112,LB,Jason Taylor,Jason,Taylor,Ankle,,Probable,Ankle,,Full Participation in Practice,2011-09-16T10:48:08Z
2011,REG,MIA,2,00-0028000,RB,Daniel Thomas,Daniel,Thomas,Hamstring,,Probable,Hamstring,,Full Participation in Practice,2011-09-16T10:48:34Z
2011,REG,MIN,2,00-0022081,LB,E.J. Henderson,E.J.,Henderson,Knee,,Questionable,Knee,,Did Not Participate In Practice,2011-09-16T11:50:17Z
2011,REG,MIN,2,00-0023005,DE,Adrian Awasom,Adrian,Awasom,Knee,,Questionable,Knee,,Limited Participation in Practice,2011-09-16T11:50:27Z
2011,REG,MIN,2,00-0027058,CB,Asher Allen,Asher,Allen,Toe,,Probable,Toe,,Full Participation in Practice,2011-09-16T11:49:46Z
2011,REG,MIN,2,00-0022781,WR,Michael Jenkins,Michael,Jenkins,Groin,,Probable,Groin,,Full Participation in Practice,2011-09-16T11:49:46Z
2011,REG,NE,2,00-0027138,DT,Myron Pryor,Myron,Pryor,,,,Groin,,Full Participation in Practice,2011-09-15T13:41:57Z
2011,REG,NE,2,00-0027157,TE,Dan Gronkowski,Dan,Gronkowski,,,,Hamstring,,Limited Participation in Practice,2011-09-16T12:57:50Z
2011,REG,NE,2,00-0022019,C,Dan Koppen,Dan,Koppen,Fibula,,Out,Fibula,,Did Not Participate In Practice,2011-09-16T12:59:50Z
2011,REG,NE,2,00-0023255,DE,Mike Wright,Mike,Wright,Concussion,,Out,Concussion,,Did Not Participate In Practice,2011-09-16T13:00:02Z
2011,REG,NE,2,00-0025821,LB,Gary Guyton,Gary,Guyton,Hamstring,,Questionable,Hamstring,,Limited Participation in Practice,2011-09-16T12:59:36Z
2011,REG,NE,2,00-0027693,WR,Taylor Price,Taylor,Price,Hamstring,,Questionable,Hamstring,,Limited Participation in Practice,2011-09-16T13:00:12Z
2011,REG,NE,2,00-0027034,T,Sebastian Vollmer,Sebastian,Vollmer,Back,,Questionable,Back,,Limited Participation in Practice,2011-09-16T13:00:25Z
2011,REG,NE,2,00-0025866,C,Ryan Wendell,Ryan,Wendell,Calf,,Questionable,Calf,,Limited Participation in Practice,2011-09-16T13:00:37Z
2011,REG,NE,2,00-0027656,TE,Rob Gronkowski,Rob,Gronkowski,Hamstring,,Probable,,,"
    ",2011-09-16T13:01:37Z
2011,REG,NE,2,00-0026360,S,Josh Barrett,Josh,Barrett,Thumb,,Probable,Thumb,,Limited Participation in Practice,2011-09-16T12:59:20Z
2011,REG,NE,2,00-0021612,CB,Leigh Bodden,Leigh,Bodden,Back,,Probable,Back,,Limited Participation in Practice,2011-09-16T12:59:05Z
2011,REG,NE,2,00-0027237,LB,Dane Fletcher,Dane,Fletcher,Thumb,,Probable,Thumb,,Limited Participation in Practice,2011-09-16T12:59:05Z
2011,REG,NE,2,00-0026150,LB,Jerod Mayo,Jerod,Mayo,Thigh,,Probable,Thigh,,Limited Participation in Practice,2011-09-16T13:01:15Z
2011,REG,NO,2,00-0020528,DT,Shaun Rogers,Shaun,Rogers,,,,Not Injury Related,,Did Not Participate In Practice,2011-09-15T12:20:44Z
2011,REG,NO,2,00-0024466,WR,Marques Colston,Marques,Colston,Shoulder,,Out,Shoulder,,Did Not Participate In Practice,2011-09-16T11:29:00Z
2011,REG,NO,2,00-0025824,K,Garrett Hartley,Garrett,Hartley,right Hip,,Out,right Hip,,Did Not Participate In Practice,2011-09-16T11:29:23Z
2011,REG,NO,2,00-0024030,DT,Tom Johnson,Tom,Johnson,Calf,,Questionable,Calf,,Did Not Participate In Practice,2011-09-16T11:29:34Z
2011,REG,NO,2,00-0026180,CB,Tracy Porter,Tracy,Porter,Calf,,Questionable,Calf,,Did Not Participate In Practice,2011-09-16T11:29:53Z
2011,REG,NO,2,00-0024258,S,Roman Harper,Roman,Harper,Ankle,,Questionable,Ankle,,Limited Participation in Practice,2011-09-16T11:29:11Z
2011,REG,NO,2,00-0023310,WR,Lance Moore,Lance,Moore,Groin,,Questionable,Groin,,Limited Participation in Practice,2011-09-16T11:29:43Z
2011,REG,NO,2,00-0026304,G,Carl Nicks,Carl,Nicks,Illness,,Probable,Illness,,Did Not Participate In Practice,2011-09-16T11:30:20Z
2011,REG,NYG,2,00-0027957,CB,Prince Amukamara,Prince,Amukamara,Foot,,Out,Foot,,Did Not Participate In Practice,2011-09-17T09:50:22Z
2011,REG,NYG,2,00-0027070,TE,Travis Beckum,Travis,Beckum,Hamstring,,Out,Hamstring,,Did Not Participate In Practice,2011-09-17T09:50:45Z
2011,REG,NYG,2,00-0021977,DE,Osi Umenyiora,Osi,Umenyiora,Knee,,Out,Knee,,Did Not Participate In Practice,2011-09-17T09:51:30Z
2011,REG,NYG,2,00-0027005,WR,Hakeem Nicks,Hakeem,Nicks,Knee,,Questionable,Knee,,Limited Participation in Practice,2011-09-17T09:50:53Z
2011,REG,NYG,2,00-0023509,DE,Justin Tuck,Justin,Tuck,Neck,,Questionable,Neck,,Limited Participation in Practice,2011-09-17T09:51:22Z
2011,REG,NYJ,2,00-0024595,WR,Logan Payne,Logan,Payne,Wrist,,Out,Wrist,,Out (Definitely Will Not Play),2011-09-16T11:13:06Z
2011,REG,NYJ,2,00-0025761,G,Robert Turner,Robert,Turner,Ankle,,Out,Ankle,,Out (Definitely Will Not Play),2011-09-16T11:13:22Z
2011,REG,NYJ,2,00-0025434,LB,David Harris,David,Harris,Toe,,Questionable,Toe,,Limited Participation in Practice,2011-09-16T11:12:38Z
2011,REG,NYJ,2,00-0024240,WR,Santonio Holmes,Santonio,Holmes,Knee,Quadricep,Questionable,Knee,Quadricep,Limited Participation in Practice,2011-09-16T11:12:48Z
2011,REG,NYJ,2,00-0024312,S,Eric Smith,Eric,Smith,Ankle,,Questionable,Ankle,,Limited Participation in Practice,2011-09-16T11:12:59Z
2011,REG,NYJ,2,00-0002110,QB,Mark Brunell,Mark,Brunell,Calf,,Probable,Calf,,Full Participation in Practice,2011-09-16T11:12:25Z
2011,REG,NYJ,2,00-0019642,WR,Plaxico Burress,Plaxico,Burress,Ankle,,Probable,Ankle,,Full Participation in Practice,2011-09-16T11:12:25Z
2011,REG,NYJ,2,00-0024588,CB,Marquice Cole,Marquice,Cole,Ankle,,Probable,Ankle,,Full Participation in Practice,2011-09-16T11:12:25Z
2011,REG,NYJ,2,00-0027739,RB,John Conner,John,Conner,Ankle,,Probable,Ankle,,Full Participation in Practice,2011-09-16T11:12:25Z
2011,REG,NYJ,2,00-0027321,TE,Jeff Cumberland,Jeff,Cumberland,Hamstring,,Probable,Hamstring,,Full Participation in Practice,2011-09-16T11:12:25Z
2011,REG,NYJ,2,00-0026043,DT,Marcus Dixon,Marcus,Dixon,Knee,,Probable,Knee,,Full Participation in Practice,2011-09-16T11:12:25Z
2011,REG,NYJ,2,00-0022000,T,Wayne Hunter,Wayne,Hunter,Knee,,Probable,Knee,,Full Participation in Practice,2011-09-16T11:12:25Z
2011,REG,NYJ,2,00-0010500,WR,Derrick Mason,Derrick,Mason,Knee,,Probable,Knee,,Full Participation in Practice,2011-09-16T11:12:25Z
2011,REG,NYJ,2,00-0027712,RB,Joe McKnight,Joe,McKnight,Finger,,Probable,Finger,,Full Participation in Practice,2011-09-16T11:12:25Z
2011,REG,NYJ,2,00-0023523,DT,Sione Pouha,Sione,Pouha,Knee,Ankle,Probable,Knee,Ankle,Full Participation in Practice,2011-09-16T11:12:25Z
2011,REG,OAK,2,00-0027709,WR,Jacoby Ford,Jacoby,Ford,Hamstring,,Out,Hamstring,,Did Not Participate In Practice,2011-09-16T11:58:03Z
2011,REG,OAK,2,00-0027023,S,Michael Mitchell,Michael,Mitchell,Knee,,Out,Knee,,Did Not Participate In Practice,2011-09-16T11:58:38Z
2011,REG,OAK,2,00-0027089,WR,Louis Murphy,Louis,Murphy,Groin,,Out,Groin,,Did Not Participate In Practice,2011-09-16T11:58:49Z
2011,REG,OAK,2,00-0026983,WR,Darrius Heyward-Bey,Darrius,Heyward-Bey,Knee,,Questionable,Knee,,Did Not Participate In Practice,2011-09-16T11:58:16Z
2011,REG,OAK,2,00-0025540,TE,Kevin Boss,Kevin,Boss,Knee,,Questionable,Knee,,Limited Participation in Practice,2011-09-16T11:57:52Z
2011,REG,OAK,2,00-0024583,T,Stephon Heyer,Stephon,Heyer,Knee,,Questionable,Knee,,Limited Participation in Practice,2011-09-16T12:55:03Z
2011,REG,OAK,2,00-0024222,S,Michael Huff,Michael,Huff,Groin,,Questionable,Groin,,Limited Participation in Practice,2011-09-16T11:58:29Z
2011,REG,OAK,2,00-0020442,DT,Richard Seymour,Richard,Seymour,Ribs,,Questionable,Ribs,,Limited Participation in Practice,2011-09-16T11:58:58Z
2011,REG,OAK,2,00-0023460,QB,Jason Campbell,Jason,Campbell,Foot,,Probable,Foot,,Full Participation in Practice,2011-09-16T11:57:38Z
2011,REG,OAK,2,00-0021949,CB,Chris Johnson,Chris,Johnson,Groin,,Probable,Groin,,Full Participation in Practice,2011-09-16T11:57:38Z
2011,REG,OAK,2,00-0026144,RB,Darren McFadden,Darren,McFadden,Shoulder,,Probable,Shoulder,,Full Participation in Practice,2011-09-16T11:57:38Z
2011,REG,OAK,2,00-0025404,DE,Jarvis Moss,Jarvis,Moss,Foot,,Probable,Foot,,Full Participation in Practice,2011-09-16T11:57:38Z
2011,REG,OAK,2,00-0024793,CB,Joe Porter,Joe,Porter,Concussion,,Probable,Concussion,,Full Participation in Practice,2011-09-16T11:57:38Z
2011,REG,PHI,2,00-0024278,DE,Darryl Tapp,Darryl,Tapp,Pectoral,,Out,Pectoral,,Did Not Participate In Practice,2011-09-16T11:06:46Z
2011,REG,PHI,2,00-0025719,LB,Akeem Jordan,Akeem,Jordan,Shoulder,,Doubtful,Shoulder,,Limited Participation in Practice,2011-09-16T11:06:54Z
2011,REG,PHI,2,00-0026156,CB,Dominique Rodgers-Cromartie,Dominique,Rodgers-Cromartie,Ankle,,Questionable,Ankle,,Full Participation in Practice,2011-09-16T11:07:06Z
2011,REG,PHI,2,00-0022531,T,Jason Peters,Jason,Peters,Ankle,,Questionable,Ankle,,Limited Participation in Practice,2011-09-16T11:06:38Z
2011,REG,PHI,2,00-0024218,QB,Vince Young,Vince,Young,Hamstring,,Questionable,Hamstring,,Limited Participation in Practice,2011-09-16T11:07:16Z
2011,REG,PHI,2,00-0027652,S,Nate Allen,Nate,Allen,Knee,,Probable,Knee,,Full Participation in Practice,2011-09-16T11:06:24Z
2011,REG,PHI,2,00-0024254,T,Winston Justice,Winston,Justice,Knee,,Probable,Knee,,Full Participation in Practice,2011-09-16T11:06:24Z
2011,REG,PHI,2,00-0019986,DE,Juqua Parker,Juqua,Parker,Foot,,Probable,Foot,,Full Participation in Practice,2011-09-16T11:06:24Z
2011,REG,PHI,2,00-0025438,WR,Steve Smith,Steve,Smith,Knee,,Probable,Knee,,Full Participation in Practice,2011-09-16T11:06:24Z
2011,REG,PIT,2,00-0005082,LB,James Farrior,James,Farrior,,,,Not Injury Related,,Did Not Participate In Practice,2011-09-14T12:41:11Z
2011,REG,PIT,2,00-0015080,DE,Aaron Smith,Aaron,Smith,,,,Not Injury Related,,Did Not Participate In Practice,2011-09-14T12:40:40Z
2011,REG,PIT,2,00-0017162,WR,Hines Ward,Hines,Ward,,,,Not Injury Related,,Did Not Participate In Practice,2011-09-14T12:40:56Z
2011,REG,PIT,2,00-0022811,WR,Jerricho Cotchery,Jerricho,Cotchery,Hamstring,,Out,Hamstring,,Did Not Participate In Practice,2011-09-16T10:42:52Z
2011,REG,PIT,2,00-0023362,G,Chris Kemoeatu,Chris,Kemoeatu,Knee,,Questionable,Knee,,Limited Participation in Practice,2011-09-16T10:43:03Z
2011,REG,PIT,2,00-0023497,CB,Bryant McFadden,Bryant,McFadden,Hamstring,,Questionable,Hamstring,,Limited Participation in Practice,2011-09-16T10:43:10Z
2011,REG,PIT,2,00-0028033,CB,Curtis Brown,Curtis,Brown,Ankle,,Probable,Ankle,,Full Participation in Practice,2011-09-16T10:42:37Z
2011,REG,SD,2,00-0023463,DE,Luis Castillo,Luis,Castillo,Tibia,,Out,Tibia,,Did Not Participate In Practice,2011-09-16T12:22:11Z
2011,REG,SD,2,00-0027999,LB,Jonas Mouton,Jonas,Mouton,Shoulder,,Out,Shoulder,,Did Not Participate In Practice,2011-09-16T12:22:23Z
2011,REG,SD,2,00-0028020,WR,Vincent Brown,Vincent,Brown,Hamstring,,Probable,Hamstring,,Full Participation in Practice,2011-09-16T12:21:58Z
2011,REG,SD,2,00-0022766,WR,Patrick Crayton,Patrick,Crayton,Ankle,,Probable,Ankle,,Full Participation in Practice,2011-09-16T12:21:58Z
2011,REG,SEA,2,00-0027828,DE,Dexter Davis,Dexter,Davis,Hip,,Out,Hip,,Did Not Participate In Practice,2011-09-16T12:36:10Z
2011,REG,SEA,2,00-0028621,T,Jarriel King,Jarriel,King,Ankle,,Out,Ankle,,Did Not Participate In Practice,2011-09-16T12:36:45Z
2011,REG,SEA,2,00-0028111,CB,Byron Maxwell,Byron,Maxwell,Ankle,,Out,Ankle,,Did Not Participate In Practice,2011-09-16T12:36:54Z
2011,REG,SEA,2,00-0024315,RB,Michael Robinson,Michael,Robinson,Ankle,,Out,Ankle,,Did Not Participate In Practice,2011-09-16T12:37:32Z
2011,REG,SEA,2,00-0025431,WR,Sidney Rice,Sidney,Rice,Shoulder,,Out,Shoulder,,Limited Participation in Practice,2011-09-16T12:37:14Z
2011,REG,SEA,2,00-0028180,LB,Malcolm Smith,Malcolm,Smith,Hamstring,,Doubtful,Hamstring,,Did Not Participate In Practice,2011-09-16T12:37:43Z
2011,REG,SEA,2,00-0022836,G,Robert Gallery,Robert,Gallery,Knee,,Questionable,Knee,,Full Participation in Practice,2011-09-16T12:36:19Z
2011,REG,SEA,2,00-0025999,LB,David Hawthorne,David,Hawthorne,Knee,,Probable,Knee,,Full Participation in Practice,2011-09-16T12:36:35Z
2011,REG,SF,2,00-0026986,WR,Michael Crabtree,Michael,Crabtree,Feet,,Questionable,Feet,,Limited Participation in Practice,2011-09-16T13:55:27Z
2011,REG,SF,2,00-0025513,S,Dashon Goldson,Dashon,Goldson,Knee,,Questionable,Knee,,Limited Participation in Practice,2011-09-16T13:55:51Z
2011,REG,STL,2,00-0025626,DE,C.J. Ah You,C.J.,Ah You,Wrist,,Out,Wrist,,Did Not Participate In Practice,2011-09-17T11:18:23Z
2011,REG,STL,2,00-0026035,WR,Danny Amendola,Danny,Amendola,Elbow,,Doubtful,Elbow,,Did Not Participate In Practice,2011-09-17T11:18:31Z
2011,REG,STL,2,00-0022736,RB,Steven Jackson,Steven,Jackson,Quadricep,,Questionable,Quadricep,,Did Not Participate In Practice,2011-09-17T11:19:13Z
2011,REG,STL,2,00-0027732,TE,Michael Hoomanawanui,Michael,Hoomanawanui,Calf,,Questionable,Calf,,Limited Participation in Practice,2011-09-17T11:19:23Z
2011,REG,STL,2,00-0027854,QB,Sam Bradford,Sam,Bradford,right Finger,,Probable,right Finger,,Full Participation in Practice,2011-09-17T11:18:36Z
2011,REG,STL,2,00-0027041,CB,Bradley Fletcher,Bradley,Fletcher,Toe,,Probable,Toe,,Full Participation in Practice,2011-09-17T11:18:10Z
2011,REG,STL,2,00-0027845,LB,Josh Hull,Josh,Hull,Hamstring,,Probable,Hamstring,,Full Participation in Practice,2011-09-17T11:18:10Z
2011,REG,STL,2,00-0026979,T,Jason Smith,Jason,Smith,Ankle,,Probable,Ankle,,Full Participation in Practice,2011-09-17T11:18:10Z
2011,REG,TB,2,00-0022922,TE,Kellen Winslow,Kellen,Winslow,,,,Not Injury Related,,Did Not Participate In Practice,2011-09-14T12:38:19Z
2011,REG,TB,2,00-0027672,CB,Myron Lewis,Myron,Lewis,Ankle,,Out,Ankle,,Limited Participation in Practice,2011-09-16T12:07:47Z
2011,REG,TB,2,00-0026953,WR,Sammie Stroughter,Sammie,Stroughter,Foot,,Out,Foot,,Out (Definitely Will Not Play),2011-09-16T12:07:59Z
2011,REG,TB,2,00-0026080,T,James Lee,James,Lee,Knee,,Questionable,Knee,,Did Not Participate In Practice,2011-09-16T12:08:17Z
2011,REG,TB,2,00-0027989,DE,Da'Quan Bowers,Da'Quan,Bowers,Shoulder,,Probable,Shoulder,,Full Participation in Practice,2011-09-16T12:07:37Z
2011,REG,TEN,2,00-0023367,WR,Nate Washington,Nate,Washington,,,,Not Injury Related,,Limited Participation in Practice,2011-09-15T14:04:06Z
2011,REG,TEN,2,00-0021219,S,Chris Hope,Chris,Hope,Shoulder,,Doubtful,Shoulder,,Did Not Participate In Practice,2011-09-16T11:19:19Z
2011,REG,TEN,2,00-0026243,DE,William Hayes,William,Hayes,Shoulder,,Questionable,Shoulder,,Did Not Participate In Practice,2011-09-16T11:19:14Z
2011,REG,TEN,2,00-0027893,WR,Damian Williams,Damian,Williams,Hamstring,,Questionable,Hamstring,,Did Not Participate In Practice,2011-09-16T11:19:35Z
2011,REG,TEN,2,00-0026194,DT,Jason Jones,Jason,Jones,Knee,,Probable,Knee,,Full Participation in Practice,2011-09-16T11:19:06Z
2011,REG,TEN,2,00-0027868,DE,Derrick Morgan,Derrick,Morgan,Knee,,Probable,Knee,,Full Participation in Practice,2011-09-16T11:19:06Z
2011,REG,TEN,2,00-0027120,RB,Javon Ringer,Javon,Ringer,Back,,Probable,Back,,Full Participation in Practice,2011-09-16T11:19:06Z
2011,REG,WAS,2,00-0027215,TE,Logan Paulsen,Logan,Paulsen,,,,Hamstring,,Full Participation in Practice,2011-09-16T10:30:04Z
2011,REG,WAS,2,00-0027618,WR,Brandon Banks,Brandon,Banks,Knee,,Questionable,Knee,,Full Participation in Practice,2011-09-16T10:30:21Z
2011,REG,WAS,2,00-0022738,TE,Chris Cooley,Chris,Cooley,Knee,,Questionable,Knee,,Full Participation in Practice,2011-09-16T10:30:27Z
2011,REG,WAS,2,00-0022923,CB,DeAngelo Hall,DeAngelo,Hall,Back,,Questionable,Back,,Full Participation in Practice,2011-09-16T10:30:38Z
2011,REG,WAS,2,00-0021147,WR,Donte' Stallworth,Donte',Stallworth,Shoulder,,Questionable,Shoulder,,Full Participation in Practice,2011-09-16T10:30:51Z
2011,REG,WAS,2,00-0026714,LS,Nick Sundberg,Nick,Sundberg,Hand,,Questionable,Hand,,Full Participation in Practice,2011-09-16T10:30:56Z
2011,REG,WAS,2,00-0025393,S,LaRon Landry,LaRon,Landry,Hamstring,,Questionable,Hamstring,,Limited Participation in Practice,2011-09-16T10:30:41Z
2011,REG,WAS,2,00-0026989,LB,Brian Orakpo,Brian,Orakpo,Ankle,,Questionable,Ankle,,Limited Participation in Practice,2011-09-16T10:30:46Z
2011,REG,WAS,2,00-0022697,LB,Keyaron Fox,Keyaron,Fox,Back,,Probable,Back,,Limited Participation in Practice,2011-09-16T11:14:38Z
2011,REG,ARI,3,00-0027825,TE,Jim Dray,Jim,Dray,Pectoral,,Out,Pectoral,,Did Not Participate In Practice,2011-09-23T12:51:00Z
2011,REG,ARI,3,00-0025622,WR,Chansi Stuckey,Chansi,Stuckey,Hamstring,,Questionable,Hamstring,,Did Not Participate In Practice,2011-09-23T12:51:18Z
2011,REG,ARI,3,00-0028187,WR,DeMarco Sampson,DeMarco,Sampson,Hamstring,,Questionable,Hamstring,,Limited Participation in Practice,2011-09-23T12:51:07Z
2011,REG,ARI,3,00-0026956,KR,LaRod Stephens-Howling,LaRod,Stephens-Howling,Hand,,Questionable,Hand,,Limited Participation in Practice,2011-09-23T12:51:13Z
2011,REG,ARI,3,00-0027886,LB,Daryl Washington,Daryl,Washington,Calf,,Questionable,Calf,,Limited Participation in Practice,2011-09-23T12:51:25Z
2011,REG,ARI,3,00-0027007,RB,Chris Wells,Chris,Wells,Hamstring,,Questionable,Hamstring,,Limited Participation in Practice,2011-09-23T12:51:30Z
2011,REG,ARI,3,00-0019104,LB,Paris Lenon,Paris,Lenon,Groin,,Probable,Groin,,Full Participation in Practice,2011-09-23T12:50:53Z
2011,REG,ARI,3,00-0013126,LB,Joey Porter,Joey,Porter,Knee,,Probable,Knee,,Full Participation in Practice,2011-09-23T12:50:53Z
2011,REG,ATL,3,00-0023494,DT,Jonathan Babineaux,Jonathan,Babineaux,Knee,,Out,Knee,,Did Not Participate In Practice,2011-09-23T12:38:52Z
2011,REG,ATL,3,00-0023495,CB,Kelvin Hayden,Kelvin,Hayden,Hamstring,,Out,Hamstring,,Did Not Participate In Practice,2011-09-23T12:39:08Z
2011,REG,ATL,3,00-0025496,LB,Stephen Nicholas,Stephen,Nicholas,Calf,,Questionable,Calf,,Limited Participation in Practice,2011-09-23T12:39:37Z
2011,REG,ATL,3,00-0019546,DE,John Abraham,John,Abraham,Thigh,,Probable,Thigh,,Full Participation in Practice,2011-09-23T12:38:37Z
2011,REG,ATL,3,00-0024342,DE,Ray Edwards,Ray,Edwards,Foot,,Probable,Foot,,Full Participation in Practice,2011-09-23T12:38:37Z
2011,REG,ATL,3,00-0010711,C,Todd McClure,Todd,McClure,Knee,,Probable,Knee,,Full Participation in Practice,2011-09-23T12:38:37Z
2011,REG,ATL,3,00-0027686,DT,Corey Peters,Corey,Peters,Back,,Probable,Back,,Full Participation in Practice,2011-09-23T12:38:37Z
2011,REG,ATL,3,00-0026143,QB,Matt Ryan,Matt,Ryan,Knee,,Probable,Knee,,Full Participation in Practice,2011-09-23T12:38:37Z
2011,REG,ATL,3,00-0027770,S,Shann Schillinger,Shann,Schillinger,Neck,,Probable,Neck,,Full Participation in Practice,2011-09-23T12:38:37Z
2011,REG,ATL,3,00-0023462,WR,Roddy White,Roddy,White,Thigh,,Probable,Thigh,,Full Participation in Practice,2011-09-23T12:38:37Z
2011,REG,BAL,3,00-0022910,WR,Lee Evans,Lee,Evans,Ankle,,Out,Ankle,,Did Not Participate In Practice,2011-09-23T10:32:50Z
2011,REG,BAL,3,00-0027755,WR,David Reed,David,Reed,Shoulder,,Out,Shoulder,,Did Not Participate In Practice,2011-09-23T10:33:05Z
2011,REG,BAL,3,00-0027965,CB,Jimmy Smith,Jimmy,Smith,Ankle,,Out,Ankle,,Did Not Participate In Practice,2011-09-23T10:33:13Z
2011,REG,BAL,3,00-0025416,G,Ben Grubbs,Ben,Grubbs,Toe,,Questionable,Toe,,Did Not Participate In Practice,2011-09-23T10:32:56Z
2011,REG,BAL,3,00-0023008,CB,Chris Carr,Chris,Carr,Thigh,,Questionable,Thigh,,Limited Participation in Practice,2011-09-23T10:32:28Z
2011,REG,BAL,3,00-0001263,C,Matt Birk,Matt,Birk,Knee,,Probable,Knee,,Full Participation in Practice,2011-09-23T10:32:20Z
2011,REG,BAL,3,00-0027665,DT,Terrence Cody,Terrence,Cody,Head,,Probable,Head,,Limited Participation in Practice,2011-09-23T10:32:20Z
2011,REG,BAL,3,00-0021998,DE,Cory Redding,Cory,Redding,Toe,,Probable,Toe,,Limited Participation in Practice,2011-09-23T10:32:20Z
2011,REG,BUF,3,00-0022008,CB,Terrence McGee,Terrence,McGee,Hamstring,,Out,Hamstring,,Did Not Participate In Practice,2011-09-23T09:29:08Z
2011,REG,BUF,3,00-0023513,LB,Kirk Morrison,Kirk,Morrison,Hamstring,,Out,Hamstring,,Did Not Participate In Practice,2011-09-23T09:29:26Z
2011,REG,BUF,3,00-0023490,WR,Roscoe Parrish,Roscoe,Parrish,Ankle,,Out,Ankle,,Did Not Participate In Practice,2011-09-23T09:29:16Z
2011,REG,BUF,3,00-0027053,G,Kraig Urbik,Kraig,Urbik,Knee,,Out,Knee,,Did Not Participate In Practice,2011-09-23T09:29:36Z
2011,REG,BUF,3,00-0026364,WR,Steve Johnson,Steve,Johnson,Groin,,Probable,Groin,,Full Participation in Practice,2011-09-23T09:28:58Z
2011,REG,BUF,3,00-0022610,DE,Spencer Johnson,Spencer,Johnson,Hip,,Probable,Hip,,Full Participation in Practice,2011-09-23T09:28:58Z
2011,REG,BUF,3,00-0027655,DT,Torell Troup,Torell,Troup,Back,,Probable,Back,,Full Participation in Practice,2011-09-23T09:28:58Z
2011,REG,CAR,3,00-0026207,S,Charles Godfrey,Charles,Godfrey,Head,,Doubtful,Head,,Did Not Participate In Practice,2011-09-23T10:59:59Z
2011,REG,CAR,3,00-0022914,CB,Chris Gamble,Chris,Gamble,Ankle,,Questionable,Ankle,,Did Not Participate In Practice,2011-09-23T10:59:26Z
2011,REG,CAR,3,00-0027939,QB,Cam Newton,Cam,Newton,Ankle,,Probable,Ankle,,Full Participation in Practice,2011-09-23T11:00:39Z
2011,REG,CHI,3,00-0026210,WR,Earl Bennett,Earl,Bennett,Chest,,Out,Chest,,Did Not Participate In Practice,2011-09-23T12:17:40Z
2011,REG,CHI,3,00-0027967,T,Gabe Carimi,Gabe,Carimi,Knee,,Out,Knee,,Did Not Participate In Practice,2011-09-23T12:17:52Z
2011,REG,CHI,3,00-0023544,RB,Marion Barber,Marion,Barber,Calf,,Questionable,Calf,,Full Participation in Practice,2011-09-23T12:18:05Z
2011,REG,CHI,3,00-0023614,S,Chris Harris,Chris,Harris,Hamstring,,Questionable,Hamstring,,Full Participation in Practice,2011-09-23T12:18:14Z
2011,REG,CHI,3,00-0026961,G,Lance Louis,Lance,Louis,Ankle,,Questionable,Ankle,,Full Participation in Practice,2011-09-23T12:18:22Z
2011,REG,CHI,3,00-0022909,WR,Roy Williams,Roy,Williams,Groin,,Questionable,Groin,,Full Participation in Practice,2011-09-23T12:18:32Z
2011,REG,CHI,3,00-0027680,S,Major Wright,Major,Wright,Head,Neck,Questionable,Head,Neck,Limited Participation in Practice,2011-09-23T12:18:40Z
2011,REG,CIN,3,00-0028004,LB,Dontay Moch,Dontay,Moch,Foot,,Out,Foot,,Did Not Participate In Practice,2011-09-23T11:49:53Z
2011,REG,CIN,3,00-0027687,WR,Jordan Shipley,Jordan,Shipley,Knee,,Out,Knee,,Out (Definitely Will Not Play),2011-09-23T11:50:00Z
2011,REG,CIN,3,00-0022867,DE,Robert Geathers,Robert,Geathers,Shoulder,,Doubtful,Shoulder,,Did Not Participate In Practice,2011-09-23T11:50:09Z
2011,REG,CIN,3,00-0027751,G,Otis Hudson,Otis,Hudson,Knee,,Doubtful,Knee,,Did Not Participate In Practice,2011-09-23T11:50:22Z
2011,REG,CIN,3,00-0026186,WR,Jerome Simpson,Jerome,Simpson,Not Injury Related,,Questionable,Not Injury Related,,Did Not Participate In Practice,2011-09-23T11:49:34Z
2011,REG,CIN,3,00-0027887,S,Taylor Mays,Taylor,Mays,Knee,,Probable,Knee,,Full Participation in Practice,2011-09-23T11:46:47Z
2011,REG,CIN,3,00-0027942,WR,A.J. Green,A.J.,Green,Toe,,Probable,Toe,,Limited Participation in Practice,2011-09-23T11:46:47Z
2011,REG,CIN,3,00-0026982,T,Andre Smith,Andre,Smith,Ankle,,Probable,Ankle,,Limited Participation in Practice,2011-09-23T11:49:14Z
2011,REG,CLE,3,00-0026001,LB,Titus Brown,Titus,Brown,Ankle,,Out,Ankle,,Did Not Participate In Practice,2011-09-23T12:11:53Z
2011,REG,CLE,3,00-0028186,S,Eric Hagg,Eric,Hagg,Knee,,Out,Knee,,Limited Participation in Practice,2011-09-23T12:12:22Z
2011,REG,CLE,3,00-0023176,WR,Joshua Cribbs,Joshua,Cribbs,Groin,,Questionable,Groin,,Did Not Participate In Practice,2011-09-23T12:12:50Z
2011,REG,CLE,3,00-0026367,RB,Peyton Hillis,Peyton,Hillis,Illness,,Questionable,Illness,,Did Not Participate In Practice,2011-09-23T12:13:09Z
2011,REG,CLE,3,00-0027026,WR,Mohamed Massaquoi,Mohamed,Massaquoi,Ankle,,Questionable,Ankle,,Limited Participation in Practice,2011-09-23T12:23:43Z
2011,REG,CLE,3,00-0022149,T,Tony Pashos,Tony,Pashos,Ankle,,Questionable,Ankle,,Limited Participation in Practice,2011-09-23T12:13:54Z
2011,REG,CLE,3,00-0026742,DE,Marcus Benard,Marcus,Benard,Not Injury Related,,Probable,Not Injury Related,,Full Participation in Practice,2011-09-23T12:24:13Z
2011,REG,CLE,3,00-0027776,WR,Carlton Mitchell,Carlton,Mitchell,Finger,,Probable,Finger,,Full Participation in Practice,2011-09-23T12:24:38Z
2011,REG,CLE,3,00-0024081,DT,Scott Paxson,Scott,Paxson,Shoulder,,Probable,Shoulder,,Full Participation in Practice,2011-09-23T12:25:02Z
2011,REG,DAL,3,00-0023921,WR,Miles Austin,Miles,Austin,Hamstring,,Out,Hamstring,,Did Not Participate In Practice,2011-09-24T11:21:38Z
2011,REG,DAL,3,00-0022132,G,Derrick Dockery,Derrick,Dockery,Knee,,Out,Knee,,Did Not Participate In Practice,2011-09-24T11:22:08Z
2011,REG,DAL,3,00-0026283,CB,Orlando Scandrick,Orlando,Scandrick,Ankle,,Out,Ankle,,Did Not Participate In Practice,2011-09-24T11:22:44Z
2011,REG,DAL,3,00-0027902,WR,Dez Bryant,Dez,Bryant,Thigh,,Questionable,Thigh,,Limited Participation in Practice,2011-09-24T11:21:49Z
2011,REG,DAL,3,00-0027119,K,David Buehler,David,Buehler,right Groin,,Questionable,right Groin,,Limited Participation in Practice,2011-09-24T11:21:58Z
2011,REG,DAL,3,00-0026162,RB,Felix Jones,Felix,Jones,Shoulder,,Questionable,Shoulder,,Limited Participation in Practice,2011-09-24T11:22:19Z
2011,REG,DAL,3,00-0021678,QB,Tony Romo,Tony,Romo,Ribs,,Questionable,Ribs,,Limited Participation in Practice,2011-09-24T11:22:34Z
2011,REG,DAL,3,00-0027417,C,Phil Costa,Phil,Costa,Knee,,Probable,Knee,,Full Participation in Practice,2011-09-24T11:21:30Z
2011,REG,DAL,3,00-0026165,CB,Mike Jenkins,Mike,Jenkins,Shoulder,,Probable,Shoulder,,Full Participation in Practice,2011-09-24T11:21:30Z
2011,REG,DAL,3,00-0028190,G,Bill Nagy,Bill,Nagy,Neck,,Probable,Neck,,Full Participation in Practice,2011-09-24T11:21:30Z
2011,REG,DAL,3,00-0022045,CB,Terence Newman,Terence,Newman,Groin,,Probable,Groin,,Full Participation in Practice,2011-09-24T11:21:30Z
2011,REG,DAL,3,00-0025413,LB,Anthony Spencer,Anthony,Spencer,Shoulder,,Probable,Shoulder,,Full Participation in Practice,2011-09-24T11:21:30Z
2011,REG,DEN,3,00-0024341,DE,Elvis Dumervil,Elvis,Dumervil,Shoulder,,Out,Shoulder,,Did Not Participate In Practice,2011-09-23T13:29:08Z
2011,REG,DEN,3,00-0026182,WR,Eddie Royal,Eddie,Royal,Groin,,Out,Groin,,Did Not Participate In Practice,2011-09-23T13:28:42Z
2011,REG,DEN,3,00-0025508,DT,Marcus Thomas,Marcus,Thomas,Groin,,Out,Groin,,Did Not Participate In Practice,2011-09-23T13:29:00Z
2011,REG,DEN,3,00-0027874,WR,Demaryius Thomas,Demaryius,Thomas,Finger,,Out,Finger,,Did Not Participate In Practice,2011-09-23T13:28:47Z
2011,REG,DEN,3,00-0028067,TE,Julius Thomas,Julius,Thomas,Ankle,,Out,Ankle,,Did Not Participate In Practice,2011-09-23T13:28:53Z
2011,REG,DEN,3,00-0000585,CB,Champ Bailey,Champ,Bailey,Hamstring,,Questionable,Hamstring,,Did Not Participate In Practice,2011-09-23T13:28:32Z
2011,REG,DEN,3,00-0026988,RB,Knowshon Moreno,Knowshon,Moreno,Hamstring,,Questionable,Hamstring,,Limited Participation in Practice,2011-09-23T13:29:19Z
2011,REG,DEN,3,00-0022780,LB,D.J. Williams,D.J.,Williams,Elbow,,Questionable,Elbow,,Limited Participation in Practice,2011-09-23T13:29:24Z
2011,REG,DEN,3,00-0022097,WR,Brandon Lloyd,Brandon,Lloyd,Groin,,Probable,Groin,,Full Participation in Practice,2011-09-23T13:28:22Z
2011,REG,DET,3,00-0020382,DE,Kyle Vanden Bosch,Kyle,Vanden Bosch,,,,Not Injury Related,,Did Not Participate In Practice,2011-09-21T12:58:28Z
2011,REG,DET,3,00-0027728,T,Jason Fox,Jason,Fox,Foot,,Out,Foot,,Did Not Participate In Practice,2011-09-23T13:02:38Z
2011,REG,DET,3,00-0027951,DT,Nick Fairley,Nick,Fairley,Foot,,Out,Foot,,Limited Participation in Practice,2011-09-23T13:02:26Z
2011,REG,DET,3,00-0023429,WR,Rashied Davis,Rashied,Davis,Hamstring,,Questionable,Hamstring,,Limited Participation in Practice,2011-09-23T13:02:52Z
2011,REG,DET,3,00-0027050,LB,DeAndre Levy,DeAndre,Levy,Knee,,Questionable,Knee,,Limited Participation in Practice,2011-09-23T13:02:58Z
2011,REG,DET,3,00-0026996,TE,Brandon Pettigrew,Brandon,Pettigrew,Shoulder,,Questionable,Shoulder,,Limited Participation in Practice,2011-09-23T13:03:03Z
2011,REG,DET,3,00-0024305,WR,Maurice Stovall,Maurice,Stovall,Hand,,Questionable,Hand,,Limited Participation in Practice,2011-09-23T13:03:14Z
2011,REG,DET,3,00-0026232,DE,Cliff Avril,Cliff,Avril,Ankle,,Probable,Ankle,,Limited Participation in Practice,2011-09-23T13:00:59Z
2011,REG,DET,3,00-0027009,S,Louis Delmas,Louis,Delmas,Hip,,Probable,Hip,,Limited Participation in Practice,2011-09-23T13:00:59Z
2011,REG,DET,3,00-0025389,WR,Calvin Johnson,Calvin,Johnson,Ankle,,Probable,Ankle,,Limited Participation in Practice,2011-09-23T13:00:59Z
2011,REG,GB,3,00-0023486,S,Nick Collins,Nick,Collins,Neck,,Out,Neck,,Out (Definitely Will Not Play),2011-09-23T12:25:35Z
2011,REG,GB,3,00-0027664,DE,Mike Neal,Mike,Neal,Knee,,Out,Knee,,Out (Definitely Will Not Play),2011-09-23T12:25:42Z
2011,REG,GB,3,00-0027442,LB,Frank Zombo,Frank,Zombo,Shoulder,,Out,Shoulder,,Out (Definitely Will Not Play),2011-09-23T12:25:50Z
2011,REG,GB,3,00-0019702,T,Chad Clifton,Chad,Clifton,Knee,,Probable,Knee,,Did Not Participate In Practice,2011-09-23T12:25:23Z
2011,REG,GB,3,00-0026231,TE,Jermichael Finley,Jermichael,Finley,Ankle,,Probable,Ankle,,Full Participation in Practice,2011-09-23T12:25:23Z
2011,REG,GB,3,00-0028034,RB,Alex Green,Alex,Green,Achilles,,Probable,Achilles,,Full Participation in Practice,2011-09-23T12:25:23Z
2011,REG,GB,3,00-0028069,CB,Davon House,Davon,House,Ankle,,Probable,Ankle,,Full Participation in Practice,2011-09-23T12:25:23Z
2011,REG,GB,3,00-0028605,LB,Vic So'oto,Vic,So'oto,Back,,Probable,Back,,Full Participation in Practice,2011-09-23T12:25:23Z
2011,REG,GB,3,00-0027002,LB,Clay Matthews,Clay,Matthews,Quadricep,,Probable,Quadricep,,Limited Participation in Practice,2011-09-23T12:25:23Z
2011,REG,GB,3,00-0020515,DE,Ryan Pickett,Ryan,Pickett,Foot,,Probable,Foot,,Limited Participation in Practice,2011-09-23T12:25:23Z
2011,REG,GB,3,00-0024061,CB,Tramon Williams,Tramon,Williams,Shoulder,,Probable,Shoulder,,Limited Participation in Practice,2011-09-23T12:25:23Z
2011,REG,GB,3,00-0018227,CB,Charles Woodson,Charles,Woodson,Foot,,Probable,Foot,,Limited Participation in Practice,2011-09-23T12:25:23Z
2011,REG,HOU,3,00-0027743,CB,Sherrick McManis,Sherrick,McManis,Hamstring,,Out,Hamstring,,Did Not Participate In Practice,2011-09-23T11:51:15Z
2011,REG,HOU,3,00-0022770,RB,Derrick Ward,Derrick,Ward,Shoulder,Ankle,Out,Shoulder,Ankle,Did Not Participate In Practice,2011-09-23T11:51:27Z
2011,REG,HOU,3,00-0024304,T,Rashad Butler,Rashad,Butler,Elbow,,Out,Elbow,,Out (Definitely Will Not Play),2011-09-23T11:50:35Z
2011,REG,HOU,3,00-0026796,RB,Arian Foster,Arian,Foster,Hamstring,,Questionable,Hamstring,,Limited Participation in Practice,2011-09-23T11:50:49Z
2011,REG,HOU,3,00-0025460,WR,Jacoby Jones,Jacoby,Jones,Knee,,Questionable,Knee,,Limited Participation in Practice,2011-09-23T11:50:58Z
2011,REG,HOU,3,00-0027385,G,Thomas Austin,Thomas,Austin,Knee,,Probable,Knee,,Full Participation in Practice,2011-09-23T11:50:18Z
2011,REG,HOU,3,00-0023846,G,Mike Brisiel,Mike,Brisiel,Hip,,Probable,Hip,,Full Participation in Practice,2011-09-23T11:50:18Z
2011,REG,HOU,3,00-0026991,LB,Brian Cushing,Brian,Cushing,Knee,,Probable,Knee,,Full Participation in Practice,2011-09-23T11:50:18Z
2011,REG,HOU,3,00-0024239,CB,Johnathan Joseph,Johnathan,Joseph,Ankle,,Probable,Ankle,,Full Participation in Practice,2011-09-23T11:50:18Z
2011,REG,HOU,3,00-0024248,LB,DeMeco Ryans,DeMeco,Ryans,Elbow,Achilles,Probable,Elbow,Achilles,Full Participation in Practice,2011-09-23T11:50:18Z
2011,REG,HOU,3,00-0022787,QB,Matt Schaub,Matt,Schaub,Foot,,Probable,Foot,,Full Participation in Practice,2011-09-23T11:50:18Z
2011,REG,HOU,3,00-0027890,RB,Ben Tate,Ben,Tate,Back,,Probable,Back,,Full Participation in Practice,2011-09-23T11:50:18Z
2011,REG,HOU,3,00-0023750,LB,Mario Williams,Mario,Williams,Thumb,,Probable,Thumb,,Full Participation in Practice,2011-09-23T11:50:18Z
2011,REG,HOU,3,00-0021931,WR,Kevin Walter,Kevin,Walter,Shoulder,Thigh,Probable,Shoulder,Thigh,Limited Participation in Practice,2011-09-23T11:50:18Z
2011,REG,IND,3,00-0010346,QB,Peyton Manning,Peyton,Manning,Neck,,Out,Neck,,Out (Definitely Will Not Play),2011-09-23T12:41:39Z
2011,REG,IND,3,00-0024224,LB,Ernie Sims,Ernie,Sims,Knee,,Out,Knee,,Out (Definitely Will Not Play),2011-09-23T12:46:11Z
2011,REG,IND,3,00-0021484,LB,Gary Brackett,Gary,Brackett,Shoulder,,Questionable,Shoulder,,Did Not Participate In Practice,2011-09-23T12:39:04Z
2011,REG,IND,3,00-0024697,S,Melvin Bullitt,Melvin,Bullitt,Shoulder,,Questionable,Shoulder,,Did Not Participate In Practice,2011-09-23T12:39:16Z
2011,REG,IND,3,00-0022165,TE,Dallas Clark,Dallas,Clark,Foot,,Questionable,Foot,Hamstring,Did Not Participate In Practice,2011-09-23T12:39:35Z
2011,REG,IND,3,00-0020399,G,Ryan Diem,Ryan,Diem,Ankle,,Questionable,Ankle,,Did Not Participate In Practice,2011-09-23T12:40:14Z
2011,REG,IND,3,00-0027761,TE,Brody Eldridge,Brody,Eldridge,Knee,,Questionable,Knee,,Did Not Participate In Practice,2011-09-23T12:40:31Z
2011,REG,IND,3,00-0027032,DT,Fili Moala,Fili,Moala,Ankle,,Questionable,Ankle,,Did Not Participate In Practice,2011-09-23T12:45:51Z
2011,REG,IND,3,00-0003292,QB,Kerry Collins,Kerry,Collins,Shoulder,,Questionable,Shoulder,,Full Participation in Practice,2011-09-23T12:39:58Z
2011,REG,IND,3,00-0025991,DT,Eric Foster,Eric,Foster,Hamstring,,Questionable,Hamstring,,Full Participation in Practice,2011-09-23T12:40:44Z
2011,REG,IND,3,00-0022059,DE,Robert Mathis,Robert,Mathis,Chest,,Questionable,Chest,,Full Participation in Practice,2011-09-23T12:45:40Z
2011,REG,IND,3,00-0026267,TE,Jacob Tamme,Jacob,Tamme,Concussion,,Questionable,Concussion,,Full Participation in Practice,2011-09-23T12:46:46Z
2011,REG,IND,3,00-0027477,WR,Blair White,Blair,White,Back,,Questionable,Back,,Full Participation in Practice,2011-09-23T12:47:04Z
2011,REG,IND,3,00-0021146,DE,Dwight Freeney,Dwight,Freeney,Abdomen,,Questionable,Abdomen,,Limited Participation in Practice,2011-09-23T12:40:55Z
2011,REG,JAX,3,00-0022897,RB,Greg Jones,Greg,Jones,,,,Not Injury Related,,Full Participation in Practice,2011-09-22T12:56:37Z
2011,REG,JAX,3,00-0024275,RB,Maurice Jones-Drew,Maurice,Jones-Drew,,,,Not Injury Related,,Full Participation in Practice,2011-09-22T12:56:44Z
2011,REG,JAX,3,00-0022080,CB,Rashean Mathis,Rashean,Mathis,,,,Not Injury Related,,Full Participation in Practice,2011-09-22T12:57:05Z
2011,REG,JAX,3,00-0021269,DE,Aaron Kampman,Aaron,Kampman,Knee,,Out,Knee,,Did Not Participate In Practice,2011-09-23T10:17:09Z
2011,REG,JAX,3,00-0021570,WR,Kassim Osgood,Kassim,Osgood,Hamstring,,Out,Hamstring,,Did Not Participate In Practice,2011-09-23T10:17:25Z
2011,REG,JAX,3,00-0023481,DE,Matt Roth,Matt,Roth,Neck,,Questionable,Neck,,Limited Participation in Practice,2011-09-23T10:17:44Z
2011,REG,JAX,3,00-0027862,DT,Tyson Alualu,Tyson,Alualu,Knee,,Probable,Knee,,Full Participation in Practice,2011-09-23T10:16:46Z
2011,REG,JAX,3,00-0027047,CB,Derek Cox,Derek,Cox,Chest,,Probable,Chest,,Full Participation in Practice,2011-09-23T10:16:46Z
2011,REG,JAX,3,00-0025463,WR,Jason Hill,Jason,Hill,Hip,,Probable,Hip,,Full Participation in Practice,2011-09-23T10:16:46Z
2011,REG,JAX,3,00-0024243,TE,Marcedes Lewis,Marcedes,Lewis,Calf,,Probable,Calf,,Full Participation in Practice,2011-09-23T10:16:46Z
2011,REG,JAX,3,00-0025523,LB,Clint Session,Clint,Session,Wrist,,Probable,Wrist,,Full Participation in Practice,2011-09-23T10:18:03Z
2011,REG,JAX,3,00-0024290,G,Jason Spitz,Jason,Spitz,Quadricep,,Probable,Quadricep,,Limited Participation in Practice,2011-09-23T10:16:46Z
2011,REG,KC,3,00-0027964,WR,Jon Baldwin,Jon,Baldwin,Thumb,,Out,Thumb,,Limited Participation in Practice,2011-09-23T12:40:35Z
2011,REG,KC,3,00-0026105,DE,Wallace Gilberry,Wallace,Gilberry,Neck,,Questionable,Neck,,Full Participation in Practice,2011-09-23T12:40:55Z
2011,REG,KC,3,00-0024235,LB,Tamba Hali,Tamba,Hali,Ankle,,Probable,Ankle,,Full Participation in Practice,2011-09-23T12:41:01Z
2011,REG,MIA,3,00-0027001,CB,Vontae Davis,Vontae,Davis,Hamstring,,Out,Hamstring,,Did Not Participate In Practice,2011-09-23T11:35:11Z
2011,REG,MIA,3,00-0024102,DE,Tony McDaniel,Tony,McDaniel,Hand,,Out,Hand,,Did Not Participate In Practice,2011-09-23T11:35:30Z
2011,REG,MIA,3,00-0027358,WR,Roberto Wallace,Roberto,Wallace,Quadricep,,Doubtful,Quadricep,,Limited Participation in Practice,2011-09-23T11:35:41Z
2011,REG,MIA,3,00-0020467,CB,Will Allen,Will,Allen,Hamstring,,Questionable,Hamstring,,Limited Participation in Practice,2011-09-23T12:35:45Z
2011,REG,MIA,3,00-0027115,S,Chris Clemons,Chris,Clemons,Hamstring,,Questionable,Hamstring,,Limited Participation in Practice,2011-09-23T11:34:49Z
2011,REG,MIA,3,00-0024217,RB,Reggie Bush,Reggie,Bush,Groin,,Probable,Groin,,Full Participation in Practice,2011-09-23T11:34:33Z
2011,REG,MIA,3,00-0022927,LB,Karlos Dansby,Karlos,Dansby,Groin,,Probable,Groin,,Full Participation in Practice,2011-09-23T11:34:33Z
2011,REG,MIA,3,00-0024334,WR,Brandon Marshall,Brandon,Marshall,Groin,,Probable,Groin,,Full Participation in Practice,2011-09-23T11:34:33Z
2011,REG,MIN,3,00-0027649,CB,Chris Cook,Chris,Cook,Groin,,Questionable,Groin,,Limited Participation in Practice,2011-09-23T10:58:03Z
2011,REG,MIN,3,00-0022740,DE,Jared Allen,Jared,Allen,Shoulder,,Probable,Shoulder,,Full Participation in Practice,2011-09-23T10:57:52Z
2011,REG,MIN,3,00-0027058,CB,Asher Allen,Asher,Allen,Toe,,Probable,Toe,,Full Participation in Practice,2011-09-23T10:57:52Z
2011,REG,MIN,3,00-0026998,WR,Percy Harvin,Percy,Harvin,Illness,,Probable,Illness,,Full Participation in Practice,2011-09-23T10:57:52Z
2011,REG,MIN,3,00-0022781,WR,Michael Jenkins,Michael,Jenkins,Groin,,Probable,Groin,,Full Participation in Practice,2011-09-23T10:57:52Z
2011,REG,MIN,3,00-0027547,CB,Marcus Sherels,Marcus,Sherels,Chest,,Probable,Chest,,Full Participation in Practice,2011-09-23T10:57:52Z
2011,REG,MIN,3,00-0022073,DT,Kevin Williams,Kevin,Williams,Foot,,Probable,Foot,,Full Participation in Practice,2011-09-23T10:57:52Z
2011,REG,MIN,3,00-0022081,LB,E.J. Henderson,E.J.,Henderson,Knee,,Probable,Knee,,Limited Participation in Practice,2011-09-23T10:57:52Z
2011,REG,NE,3,00-0027157,TE,Dan Gronkowski,Dan,Gronkowski,,,,Hamstring,,Did Not Participate In Practice,2011-09-22T12:53:41Z
2011,REG,NE,3,00-0022019,C,Dan Koppen,Dan,Koppen,,,,PLACED ON INJURED RESERVE,,Out (Definitely Will Not Play),2011-09-21T12:55:21Z
2011,REG,NE,3,00-0027138,DT,Myron Pryor,Myron,Pryor,,,,PLACED ON INJURED RESERVE,,Out (Definitely Will Not Play),2011-09-21T12:55:40Z
2011,REG,NE,3,00-0027713,TE,Aaron Hernandez,Aaron,Hernandez,Knee,,Out,Knee,,Did Not Participate In Practice,2011-09-23T12:41:48Z
2011,REG,NE,3,00-0027034,T,Sebastian Vollmer,Sebastian,Vollmer,Back,,Out,Back,,Did Not Participate In Practice,2011-09-23T12:42:37Z
2011,REG,NE,3,00-0023255,DE,Mike Wright,Mike,Wright,Concussion,,Out,Concussion,,Did Not Participate In Practice,2011-09-23T12:43:04Z
2011,REG,NE,3,00-0021149,DT,Albert Haynesworth,Albert,Haynesworth,Back,,Questionable,Back,,Did Not Participate In Practice,2011-09-23T12:41:25Z
2011,REG,NE,3,00-0027010,S,Patrick Chung,Patrick,Chung,Hand,,Questionable,Hand,,Limited Participation in Practice,2011-09-23T12:40:05Z
2011,REG,NE,3,00-0027971,CB,Ras-I Dowling,Ras-I,Dowling,Hip,,Questionable,Hip,,Limited Participation in Practice,2011-09-23T12:40:35Z
2011,REG,NE,3,00-0025821,LB,Gary Guyton,Gary,Guyton,Hamstring,,Questionable,Hamstring,,Limited Participation in Practice,2011-09-23T12:41:01Z
2011,REG,NE,3,00-0026150,LB,Jerod Mayo,Jerod,Mayo,Thigh,,Questionable,Thigh,,Limited Participation in Practice,2011-09-23T12:41:35Z
2011,REG,NE,3,00-0027749,P,Zoltan Mesko,Zoltan,Mesko,Knee,,Questionable,Knee,,Limited Participation in Practice,2011-09-23T12:42:08Z
2011,REG,NE,3,00-0027693,WR,Taylor Price,Taylor,Price,Hamstring,,Questionable,Hamstring,,Limited Participation in Practice,2011-09-23T12:42:28Z
2011,REG,NE,3,00-0025866,C,Ryan Wendell,Ryan,Wendell,Calf,,Questionable,Calf,,Limited Participation in Practice,2011-09-23T12:42:45Z
2011,REG,NE,3,00-0026071,CB,Kyle Arrington,Kyle,Arrington,Concussion,,Probable,Concussion,,Full Participation in Practice,2011-09-23T12:39:43Z
2011,REG,NE,3,00-0026360,S,Josh Barrett,Josh,Barrett,Thumb,,Probable,Thumb,,Full Participation in Practice,2011-09-23T12:39:43Z
2011,REG,NE,3,00-0021612,CB,Leigh Bodden,Leigh,Bodden,Hand,,Probable,Hand,,Full Participation in Practice,2011-09-23T12:39:43Z
2011,REG,NE,3,00-0027237,LB,Dane Fletcher,Dane,Fletcher,Thumb,,Probable,Thumb,,Full Participation in Practice,2011-09-23T12:39:43Z
2011,REG,NO,3,00-0026377,WR,Adrian Arrington,Adrian,Arrington,,,,Knee,,Full Participation in Practice,2011-09-21T12:44:42Z
2011,REG,NO,3,00-0027551,DE,Junior Galette,Junior,Galette,,,,Shoulder,,Full Participation in Practice,2011-09-21T12:44:58Z
2011,REG,NO,3,00-0023310,WR,Lance Moore,Lance,Moore,,,,Groin,,Full Participation in Practice,2011-09-21T12:44:25Z
2011,REG,NO,3,00-0024466,WR,Marques Colston,Marques,Colston,Shoulder,,Out,Shoulder,,Did Not Participate In Practice,2011-09-23T11:27:33Z
2011,REG,NO,3,00-0025824,K,Garrett Hartley,Garrett,Hartley,right Hip,,Out,right Hip,,Did Not Participate In Practice,2011-09-23T11:27:51Z
2011,REG,NO,3,00-0022778,LB,Jonathan Vilma,Jonathan,Vilma,Knee,,Doubtful,Knee,,Did Not Participate In Practice,2011-09-23T11:28:05Z
2011,REG,NO,3,00-0026180,CB,Tracy Porter,Tracy,Porter,Calf,,Questionable,Calf,,Limited Participation in Practice,2011-09-23T11:28:00Z
2011,REG,NO,3,00-0027355,S,Jonathon Amaya,Jonathon,Amaya,Shoulder,,Probable,Shoulder,,Full Participation in Practice,2011-09-23T11:27:17Z
2011,REG,NO,3,00-0026832,LB,Jonathan Casillas,Jonathan,Casillas,Foot,Knee,Probable,Foot,Knee,Full Participation in Practice,2011-09-23T11:27:17Z
2011,REG,NO,3,00-0024258,S,Roman Harper,Roman,Harper,Ankle,,Probable,Ankle,,Full Participation in Practice,2011-09-23T11:27:17Z
2011,REG,NO,3,00-0024030,DT,Tom Johnson,Tom,Johnson,Calf,,Probable,Calf,,Full Participation in Practice,2011-09-23T11:27:17Z
2011,REG,NYG,3,00-0027957,CB,Prince Amukamara,Prince,Amukamara,Foot,,Out,Foot,,Did Not Participate In Practice,2011-09-23T10:26:40Z
2011,REG,NYG,3,00-0021977,DE,Osi Umenyiora,Osi,Umenyiora,Knee,,Out,Knee,,Did Not Participate In Practice,2011-09-23T10:27:19Z
2011,REG,NYG,3,00-0024345,WR,Domenik Hixon,Domenik,Hixon,Knee,,Out,Knee,,Out (Definitely Will Not Play),2011-09-23T10:26:57Z
2011,REG,NYG,3,00-0026235,WR,Mario Manningham,Mario,Manningham,Concussion,,Doubtful,Concussion,,Did Not Participate In Practice,2011-09-23T10:27:10Z
2011,REG,NYG,3,00-0023509,DE,Justin Tuck,Justin,Tuck,Not Injury Related,,Probable,Not Injury Related,,Did Not Participate In Practice,2011-09-23T10:26:30Z
2011,REG,NYG,3,00-0023468,C,David Baas,David,Baas,Lower Leg,,Probable,Lower Leg,,Full Participation in Practice,2011-09-23T10:25:59Z
2011,REG,NYG,3,00-0027070,TE,Travis Beckum,Travis,Beckum,Hamstring,,Probable,Hamstring,,Full Participation in Practice,2011-09-23T10:25:59Z
2011,REG,NYG,3,00-0022155,DT,Jimmy Kennedy,Jimmy,Kennedy,Knee,,Probable,Knee,,Full Participation in Practice,2011-09-23T10:25:59Z
2011,REG,NYJ,3,00-0024244,C,Nick Mangold,Nick,Mangold,Ankle,,Out,Ankle,,Did Not Participate In Practice,2011-09-23T09:41:17Z
2011,REG,NYJ,3,00-0024595,WR,Logan Payne,Logan,Payne,Wrist,,Out,Wrist,,Out (Definitely Will Not Play),2011-09-23T09:41:04Z
2011,REG,NYJ,3,00-0025761,G,Robert Turner,Robert,Turner,Ankle,,Out,Ankle,,Out (Definitely Will Not Play),2011-09-23T09:41:11Z
2011,REG,NYJ,3,00-0027968,DE,Muhammad Wilkerson,Muhammad,Wilkerson,Shoulder,,Questionable,Shoulder,,Limited Participation in Practice,2011-09-23T09:40:55Z
2011,REG,NYJ,3,00-0026043,DT,Marcus Dixon,Marcus,Dixon,Knee,,Probable,Knee,,Full Participation in Practice,2011-09-23T09:40:38Z
2011,REG,NYJ,3,00-0010500,WR,Derrick Mason,Derrick,Mason,Knee,,Probable,Knee,,Full Participation in Practice,2011-09-23T09:40:38Z
2011,REG,NYJ,3,00-0026898,QB,Mark Sanchez,Mark,Sanchez,right Elbow,,Probable,right Elbow,,Full Participation in Practice,2011-09-23T09:40:38Z
2011,REG,NYJ,3,00-0025689,DT,Mike Devito,Mike,Devito,Shoulder,,Probable,Shoulder,,Limited Participation in Practice,2011-09-23T09:40:38Z
2011,REG,NYJ,3,00-0025434,LB,David Harris,David,Harris,Toe,,Probable,Toe,,Limited Participation in Practice,2011-09-23T09:40:38Z
2011,REG,NYJ,3,00-0024240,WR,Santonio Holmes,Santonio,Holmes,Quadricep,,Probable,Quadricep,,Limited Participation in Practice,2011-09-23T09:40:38Z
2011,REG,NYJ,3,00-0023287,S,Jim Leonhard,Jim,Leonhard,Hamstring,,Probable,Hamstring,,Limited Participation in Practice,2011-09-23T09:40:38Z
2011,REG,NYJ,3,00-0024312,S,Eric Smith,Eric,Smith,Ankle,,Probable,Ankle,,Limited Participation in Practice,2011-09-23T09:40:38Z
2011,REG,OAK,3,00-0027709,WR,Jacoby Ford,Jacoby,Ford,Hamstring,,Out,Hamstring,,Did Not Participate In Practice,2011-09-23T12:17:41Z
2011,REG,OAK,3,00-0027023,S,Michael Mitchell,Michael,Mitchell,Knee,,Out,Knee,,Did Not Participate In Practice,2011-09-23T12:17:52Z
2011,REG,OAK,3,00-0027089,WR,Louis Murphy,Louis,Murphy,Groin,,Out,Groin,,Did Not Participate In Practice,2011-09-23T12:18:08Z
2011,REG,OAK,3,00-0028019,CB,DeMarcus Van Dyke,DeMarcus,Van Dyke,Knee,,Questionable,Knee,,Limited Participation in Practice,2011-09-23T12:18:19Z
2011,REG,OAK,3,00-0025540,TE,Kevin Boss,Kevin,Boss,Knee,,Probable,Knee,,Full Participation in Practice,2011-09-23T12:17:28Z
2011,REG,OAK,3,00-0026532,S,Jerome Boyd,Jerome,Boyd,Knee,,Probable,Knee,,Full Participation in Practice,2011-09-23T12:17:28Z
2011,REG,OAK,3,00-0026983,WR,Darrius Heyward-Bey,Darrius,Heyward-Bey,Knee,,Probable,Knee,,Full Participation in Practice,2011-09-23T12:17:28Z
2011,REG,OAK,3,00-0019646,K,Sebastian Janikowski,Sebastian,Janikowski,left Foot,,Probable,left Foot,,Full Participation in Practice,2011-09-23T12:17:28Z
2011,REG,OAK,3,00-0021949,CB,Chris Johnson,Chris,Johnson,Groin,,Probable,Groin,,Full Participation in Practice,2011-09-23T12:17:28Z
2011,REG,OAK,3,00-0026144,RB,Darren McFadden,Darren,McFadden,Shoulder,,Probable,Shoulder,,Full Participation in Practice,2011-09-23T12:17:28Z
2011,REG,OAK,3,00-0023460,QB,Jason Campbell,Jason,Campbell,Foot,,Probable,Foot,,Limited Participation in Practice,2011-09-23T12:17:28Z
2011,REG,PHI,3,00-0019986,DE,Juqua Parker,Juqua,Parker,Ankle,,Out,Ankle,,Did Not Participate In Practice,2011-09-23T12:40:55Z
2011,REG,PHI,3,00-0024278,DE,Darryl Tapp,Darryl,Tapp,Pectoral,,Out,Pectoral,,Did Not Participate In Practice,2011-09-23T12:41:01Z
2011,REG,PHI,3,00-0020245,QB,Michael Vick,Michael,Vick,Concussion,,Questionable,Concussion,,Full Participation in Practice,2011-09-23T12:41:07Z
2011,REG,PHI,3,00-0027652,S,Nate Allen,Nate,Allen,Knee,,Probable,Knee,,Full Participation in Practice,2011-09-23T12:40:46Z
2011,REG,PHI,3,00-0025549,TE,Brent Celek,Brent,Celek,Hip,,Probable,Hip,,Full Participation in Practice,2011-09-23T12:40:46Z
2011,REG,PHI,3,00-0023579,DE,Trent Cole,Trent,Cole,Hand,,Probable,Hand,,Full Participation in Practice,2011-09-23T12:40:46Z
2011,REG,PHI,3,00-0027758,WR,Riley Cooper,Riley,Cooper,Hamstring,,Probable,Hamstring,,Full Participation in Practice,2011-09-23T12:40:46Z
2011,REG,PHI,3,00-0027725,TE,Clay Harbor,Clay,Harbor,Ankle,,Probable,Ankle,,Full Participation in Practice,2011-09-23T12:40:46Z
2011,REG,PHI,3,00-0025719,LB,Akeem Jordan,Akeem,Jordan,Shoulder,,Probable,Shoulder,,Full Participation in Practice,2011-09-23T12:40:46Z
2011,REG,PHI,3,00-0024254,T,Winston Justice,Winston,Justice,Knee,,Probable,Knee,,Full Participation in Practice,2011-09-23T12:40:46Z
2011,REG,PHI,3,00-0028131,LB,Brian Rolle,Brian,Rolle,Quadricep,,Probable,Quadricep,,Full Participation in Practice,2011-09-23T12:40:46Z
2011,REG,PHI,3,00-0021956,CB,Asante Samuel,Asante,Samuel,Finger,,Probable,Finger,,Full Participation in Practice,2011-09-23T12:40:46Z
2011,REG,PHI,3,00-0025438,WR,Steve Smith,Steve,Smith,Knee,,Probable,Knee,,Full Participation in Practice,2011-09-23T12:40:46Z
2011,REG,PHI,3,00-0024218,QB,Vince Young,Vince,Young,Hamstring,,Probable,Hamstring,,Full Participation in Practice,2011-09-23T12:40:46Z
2011,REG,PIT,3,00-0005082,LB,James Farrior,James,Farrior,,,,Not Injury Related,,Did Not Participate In Practice,2011-09-21T12:30:28Z
2011,REG,PIT,3,00-0015080,DE,Aaron Smith,Aaron,Smith,,,,Not Injury Related,,Did Not Participate In Practice,2011-09-21T12:30:37Z
2011,REG,PIT,3,00-0017162,WR,Hines Ward,Hines,Ward,,,,Not Injury Related,,Did Not Participate In Practice,2011-09-21T12:30:14Z
2011,REG,PIT,3,00-0021344,DE,Brett Keisel,Brett,Keisel,Knee,,Out,Knee,,Did Not Participate In Practice,2011-09-23T10:02:32Z
2011,REG,PIT,3,00-0027786,RB,Jonathan Dwyer,Jonathan,Dwyer,Shoulder,,Probable,Shoulder,,Full Participation in Practice,2011-09-23T10:02:11Z
2011,REG,PIT,3,00-0027870,C,Maurkice Pouncey,Maurkice,Pouncey,Hamstring,,Probable,Hamstring,,Full Participation in Practice,2011-09-23T10:02:11Z
2011,REG,SD,3,00-0027999,LB,Jonas Mouton,Jonas,Mouton,,,,Shoulder,,Did Not Participate In Practice,2011-09-21T16:08:13Z
2011,REG,SD,3,00-0023463,DE,Luis Castillo,Luis,Castillo,Tibia,,Out,Tibia,,Did Not Participate In Practice,2011-09-23T13:36:12Z
2011,REG,SD,3,00-0022414,WR,Malcom Floyd,Malcom,Floyd,Groin,,Doubtful,Groin,,Did Not Participate In Practice,2011-09-23T13:36:23Z
2011,REG,SD,3,00-0027956,DE,Corey Liuget,Corey,Liuget,Ankle,,Doubtful,Ankle,,Did Not Participate In Practice,2011-09-23T13:36:28Z
2011,REG,SD,3,00-0022944,S,Bob Sanders,Bob,Sanders,Knee,,Doubtful,Knee,,Did Not Participate In Practice,2011-09-23T13:36:34Z
2011,REG,SD,3,00-0021547,TE,Antonio Gates,Antonio,Gates,Foot,,Questionable,Foot,,Did Not Participate In Practice,2011-09-23T13:36:41Z
2011,REG,SD,3,00-0021381,CB,Quentin Jammer,Quentin,Jammer,Illness,,Probable,Illness,,Did Not Participate In Practice,2011-09-23T13:38:20Z
2011,REG,SD,3,00-0023496,WR,Vincent Jackson,Vincent,Jackson,Abdomen,,Probable,Abdomen,,Full Participation in Practice,2011-09-23T13:36:49Z
2011,REG,SD,3,00-0026069,RB,Mike Tolbert,Mike,Tolbert,Calf,,Probable,Calf,,Full Participation in Practice,2011-09-23T13:35:59Z
2011,REG,SEA,3,00-0021340,DE,Raheem Brock,Raheem,Brock,,,,Not Injury Related,,Did Not Participate In Practice,2011-09-21T16:02:53Z
2011,REG,SEA,3,00-0028621,T,Jarriel King,Jarriel,King,Ankle,,Out,Ankle,,Did Not Participate In Practice,2011-09-23T13:38:56Z
2011,REG,SEA,3,00-0028111,CB,Byron Maxwell,Byron,Maxwell,Ankle,,Out,Ankle,,Did Not Participate In Practice,2011-09-23T13:39:01Z
2011,REG,SEA,3,00-0024315,RB,Michael Robinson,Michael,Robinson,Ankle,,Out,Ankle,,Did Not Participate In Practice,2011-09-23T13:39:10Z
2011,REG,SEA,3,00-0022836,G,Robert Gallery,Robert,Gallery,Groin,,Out,Groin,,Out (Definitely Will Not Play),2011-09-23T13:39:51Z
2011,REG,SEA,3,00-0025431,WR,Sidney Rice,Sidney,Rice,Shoulder,,Probable,Shoulder,,Full Participation in Practice,2011-09-23T13:38:43Z
2011,REG,SEA,3,00-0028180,LB,Malcolm Smith,Malcolm,Smith,Hamstring,,Probable,Hamstring,,Full Participation in Practice,2011-09-23T13:38:43Z
2011,REG,SF,3,00-0023438,WR,Braylon Edwards,Braylon,Edwards,Knee,,Out,Knee,,Out (Definitely Will Not Play),2011-09-23T13:11:34Z
2011,REG,SF,3,00-0020508,RB,Moran Norris,Moran,Norris,Fibula,,Out,Fibula,,Out (Definitely Will Not Play),2011-09-23T13:11:44Z
2011,REG,SF,3,00-0027375,CB,Tramaine Brock,Tramaine,Brock,Hand,,Probable,Hand,,Full Participation in Practice,2011-09-23T13:11:21Z
2011,REG,SF,3,00-0023436,QB,Alex Smith,Alex,Smith,Concussion,,Probable,Concussion,,Full Participation in Practice,2011-09-23T13:11:21Z
2011,REG,SF,3,00-0026986,WR,Michael Crabtree,Michael,Crabtree,Feet,,Probable,Feet,,Limited Participation in Practice,2011-09-23T13:11:21Z
2011,REG,STL,3,00-0026035,WR,Danny Amendola,Danny,Amendola,Elbow,,Doubtful,Elbow,,Did Not Participate In Practice,2011-09-23T11:23:41Z
2011,REG,STL,3,00-0025626,DE,C.J. Ah You,C.J.,Ah You,Wrist,,Questionable,Wrist,,Limited Participation in Practice,2011-09-23T11:23:34Z
2011,REG,STL,3,00-0022736,RB,Steven Jackson,Steven,Jackson,Quadricep,,Questionable,Quadricep,,Limited Participation in Practice,2011-09-23T11:23:57Z
2011,REG,STL,3,00-0021197,LB,Ben Leber,Ben,Leber,Groin,,Questionable,Groin,,Limited Participation in Practice,2011-09-23T11:24:05Z
2011,REG,STL,3,00-0023440,RB,Carnell Williams,Carnell,Williams,Hamstring,,Questionable,Hamstring,,Limited Participation in Practice,2011-09-23T11:24:58Z
2011,REG,STL,3,00-0028050,WR,Greg Salas,Greg,Salas,Ribs,,Probable,Ribs,,Full Participation in Practice,2011-09-23T11:23:28Z
2011,REG,STL,3,00-0027732,TE,Michael Hoomanawanui,Michael,Hoomanawanui,Calf,,Probable,Calf,,Limited Participation in Practice,2011-09-23T11:23:51Z
2011,REG,TB,3,00-0026080,T,James Lee,James,Lee,Knee,,Out,Knee,,Did Not Participate In Practice,2011-09-23T12:21:02Z
2011,REG,TB,3,00-0026953,WR,Sammie Stroughter,Sammie,Stroughter,Ankle,,Out,Ankle,,Did Not Participate In Practice,2011-09-23T12:21:14Z
2011,REG,TB,3,00-0025455,LB,Quincy Black,Quincy,Black,Ankle,,Doubtful,Ankle,,Did Not Participate In Practice,2011-09-23T12:20:44Z
2011,REG,TB,3,00-0025443,DE,Tim Crowder,Tim,Crowder,Calf,,Questionable,Calf,,Full Participation in Practice,2011-09-23T12:20:56Z
2011,REG,TB,3,00-0022922,TE,Kellen Winslow,Kellen,Winslow,Knee,,Questionable,Knee,,Full Participation in Practice,2011-09-23T12:21:25Z
2011,REG,TEN,3,00-0026243,DE,William Hayes,William,Hayes,Shoulder,,Questionable,Shoulder,,Full Participation in Practice,2011-09-23T11:18:16Z
2011,REG,TEN,3,00-0027893,WR,Damian Williams,Damian,Williams,Hamstring,,Questionable,Hamstring,,Full Participation in Practice,2011-09-23T11:18:01Z
2011,REG,TEN,3,00-0021219,S,Chris Hope,Chris,Hope,Shoulder,,Questionable,Shoulder,,Limited Participation in Practice,2011-09-23T11:17:50Z
2011,REG,TEN,3,00-0027006,WR,Kenny Britt,Kenny,Britt,Thigh,,Probable,Thigh,,Full Participation in Practice,2011-09-23T11:17:41Z
2011,REG,TEN,3,00-0026164,RB,Chris Johnson,Chris,Johnson,Ribs,,Probable,Ribs,,Full Participation in Practice,2011-09-23T11:17:41Z
2011,REG,WAS,3,00-0028084,S,DeJon Gomes,DeJon,Gomes,Hamstring,,Questionable,Hamstring,,Limited Participation in Practice,2011-09-24T09:59:42Z
2011,REG,WAS,3,00-0025393,S,LaRon Landry,LaRon,Landry,Hamstring,,Questionable,Hamstring,,Limited Participation in Practice,2011-09-24T09:59:45Z
2011,REG,WAS,3,00-0014655,RB,Mike Sellers,Mike,Sellers,Ankle,,Questionable,Ankle,,Limited Participation in Practice,2011-09-24T09:59:47Z
2011,REG,WAS,3,00-0026852,RB,Darrel Young,Darrel,Young,Hamstring,,Questionable,Hamstring,,Limited Participation in Practice,2011-09-24T09:59:52Z
2011,REG,WAS,3,00-0027618,WR,Brandon Banks,Brandon,Banks,Knee,,Probable,Knee,,Full Participation in Practice,2011-09-24T10:00:00Z
2011,REG,WAS,3,00-0022738,TE,Chris Cooley,Chris,Cooley,Knee,,Probable,Knee,,Full Participation in Practice,2011-09-24T10:00:03Z
2011,REG,WAS,3,00-0022697,LB,Keyaron Fox,Keyaron,Fox,Back,,Probable,Back,,Full Participation in Practice,2011-09-24T10:00:07Z
2011,REG,WAS,3,00-0022923,CB,DeAngelo Hall,DeAngelo,Hall,Toe,,Probable,Toe,,Full Participation in Practice,2011-09-24T10:00:10Z
2011,REG,WAS,3,00-0027215,TE,Logan Paulsen,Logan,Paulsen,Hamstring,,Probable,Hamstring,,Full Participation in Practice,2011-09-24T10:00:12Z
2011,REG,WAS,3,00-0025442,CB,Josh Wilson,Josh,Wilson,Back,,Probable,Back,,Full Participation in Practice,2011-09-24T10:00:20Z
2011,REG,ARI,4,00-0027825,TE,Jim Dray,Jim,Dray,Pectoral,,Out,Pectoral,,Did Not Participate In Practice,2011-09-30T12:49:47Z
2011,REG,ARI,4,00-0026956,KR,LaRod Stephens-Howling,LaRod,Stephens-Howling,Hand,,Questionable,Hand,,Full Participation in Practice,2011-09-30T12:49:55Z
2011,REG,ARI,4,00-0025622,WR,Chansi Stuckey,Chansi,Stuckey,Hamstring,,Questionable,Hamstring,,Limited Participation in Practice,2011-09-30T12:50:01Z
2011,REG,ARI,4,00-0027007,RB,Chris Wells,Chris,Wells,Hamstring,,Questionable,Hamstring,,Limited Participation in Practice,2011-09-30T12:50:08Z
2011,REG,ARI,4,00-0020516,TE,Todd Heap,Todd,Heap,Ribs,,Probable,Ribs,,Full Participation in Practice,2011-09-30T12:49:39Z
2011,REG,ARI,4,00-0019104,LB,Paris Lenon,Paris,Lenon,Groin,,Probable,Groin,,Full Participation in Practice,2011-09-30T12:49:39Z
2011,REG,ATL,4,00-0023494,DT,Jonathan Babineaux,Jonathan,Babineaux,Knee,,Out,Knee,,Did Not Participate In Practice,2011-09-30T09:49:13Z
2011,REG,ATL,4,00-0028168,DE,Cliff Matthews,Cliff,Matthews,Knee,,Out,Knee,,Did Not Participate In Practice,2011-09-30T09:49:32Z
2011,REG,ATL,4,00-0025496,LB,Stephen Nicholas,Stephen,Nicholas,Calf,,Out,Calf,,Did Not Participate In Practice,2011-09-30T09:49:42Z
2011,REG,ATL,4,00-0025631,RB,Jason Snelling,Jason,Snelling,Concussion,,Out,Concussion,,Did Not Participate In Practice,2011-09-30T09:49:53Z
2011,REG,ATL,4,00-0023462,WR,Roddy White,Roddy,White,Thigh,,Questionable,Thigh,,Limited Participation in Practice,2011-09-30T09:50:02Z
2011,REG,ATL,4,00-0026161,T,Sam Baker,Sam,Baker,Ankle,,Probable,Ankle,,Full Participation in Practice,2011-09-30T09:48:53Z
2011,REG,ATL,4,00-0023495,CB,Kelvin Hayden,Kelvin,Hayden,Hamstring,,Probable,Hamstring,,Full Participation in Practice,2011-09-30T09:48:53Z
2011,REG,ATL,4,00-0026177,LB,Curtis Lofton,Curtis,Lofton,Foot,,Probable,Foot,,Full Participation in Practice,2011-09-30T09:48:53Z
2011,REG,BAL,4,00-0022910,WR,Lee Evans,Lee,Evans,Ankle,,Out,Ankle,,Did Not Participate In Practice,2011-09-30T11:12:49Z
2011,REG,BAL,4,00-0026346,S,Haruki Nakamura,Haruki,Nakamura,Knee,,Out,Knee,,Did Not Participate In Practice,2011-09-30T11:13:01Z
2011,REG,BAL,4,00-0027755,WR,David Reed,David,Reed,Shoulder,,Out,Shoulder,,Did Not Participate In Practice,2011-09-30T11:13:10Z
2011,REG,BAL,4,00-0027965,CB,Jimmy Smith,Jimmy,Smith,Ankle,,Out,Ankle,,Did Not Participate In Practice,2011-09-30T11:13:15Z
2011,REG,BAL,4,00-0026857,LB,Dannell Ellerbe,Dannell,Ellerbe,Thigh,,Doubtful,Thigh,,Did Not Participate In Practice,2011-09-30T11:12:43Z
2011,REG,BAL,4,00-0023008,CB,Chris Carr,Chris,Carr,Thigh,,Questionable,Thigh,,Did Not Participate In Practice,2011-09-30T11:12:14Z
2011,REG,BAL,4,00-0025416,G,Ben Grubbs,Ben,Grubbs,Toe,,Questionable,Toe,,Did Not Participate In Practice,2011-09-30T11:12:55Z
2011,REG,BAL,4,00-0001263,C,Matt Birk,Matt,Birk,Knee,,Probable,Knee,,Full Participation in Practice,2011-09-30T11:11:59Z
2011,REG,BAL,4,00-0021998,DE,Cory Redding,Cory,Redding,Toe,,Probable,Toe,,Full Participation in Practice,2011-09-30T11:11:59Z
2011,REG,BUF,4,00-0022008,CB,Terrence McGee,Terrence,McGee,Hamstring,,Out,Hamstring,,Did Not Participate In Practice,2011-09-30T09:59:50Z
2011,REG,BUF,4,00-0028107,LB,Chris White,Chris,White,Hamstring,,Out,Hamstring,,Did Not Participate In Practice,2011-09-30T10:00:21Z
2011,REG,BUF,4,00-0027972,CB,Aaron Williams,Aaron,Williams,Chest,,Out,Chest,,Did Not Participate In Practice,2011-09-30T10:00:37Z
2011,REG,BUF,4,00-0027053,G,Kraig Urbik,Kraig,Urbik,Knee,,Doubtful,Knee,,Limited Participation in Practice,2011-09-30T10:00:09Z
2011,REG,BUF,4,00-0026364,WR,Steve Johnson,Steve,Johnson,Groin,,Probable,Groin,,Full Participation in Practice,2011-09-30T09:59:32Z
2011,REG,BUF,4,00-0023513,LB,Kirk Morrison,Kirk,Morrison,Hamstring,,Probable,Hamstring,,Full Participation in Practice,2011-09-30T09:59:32Z
2011,REG,BUF,4,00-0027655,DT,Torell Troup,Torell,Troup,Back,,Probable,Back,,Full Participation in Practice,2011-09-30T09:59:32Z
2011,REG,BUF,4,00-0028071,RB,Johnny White,Johnny,White,Ankle,,Probable,Ankle,,Full Participation in Practice,2011-09-30T09:59:32Z
2011,REG,CAR,4,00-0022914,CB,Chris Gamble,Chris,Gamble,Head,,Doubtful,Head,,Did Not Participate In Practice,2011-09-30T11:07:22Z
2011,REG,CAR,4,00-0026159,T,Jeff Otah,Jeff,Otah,Back,,Questionable,Back,,Limited Participation in Practice,2011-09-30T13:37:40Z
2011,REG,CAR,4,00-0025470,DE,Charles Johnson,Charles,Johnson,Not Injury Related,,Probable,Not Injury Related,,Did Not Participate In Practice,2011-09-30T11:09:31Z
2011,REG,CAR,4,00-0026207,S,Charles Godfrey,Charles,Godfrey,Head,,Probable,Head,,Full Participation in Practice,2011-09-30T11:07:51Z
2011,REG,CHI,4,00-0026210,WR,Earl Bennett,Earl,Bennett,Chest,,Out,Chest,,Did Not Participate In Practice,2011-09-30T12:20:25Z
2011,REG,CHI,4,00-0027967,T,Gabe Carimi,Gabe,Carimi,Knee,,Out,Knee,,Did Not Participate In Practice,2011-09-30T12:20:38Z
2011,REG,CHI,4,00-0023614,S,Chris Harris,Chris,Harris,Hamstring,,Questionable,Hamstring,,Did Not Participate In Practice,2011-09-30T12:20:48Z
2011,REG,CHI,4,00-0025464,TE,Matt Spaeth,Matt,Spaeth,Calf,,Questionable,Calf,,Did Not Participate In Practice,2011-09-30T12:20:56Z
2011,REG,CHI,4,00-0023544,RB,Marion Barber,Marion,Barber,Calf,,Probable,Calf,,Full Participation in Practice,2011-09-30T12:20:06Z
2011,REG,CHI,4,00-0026579,RB,Kahlil Bell,Kahlil,Bell,Back,,Probable,Back,,Full Participation in Practice,2011-09-30T12:20:06Z
2011,REG,CHI,4,00-0010341,LS,Patrick Mannelly,Patrick,Mannelly,Hip,,Probable,Hip,,Full Participation in Practice,2011-09-30T12:20:06Z
2011,REG,CHI,4,00-0027680,S,Major Wright,Major,Wright,Head,Neck,Probable,Head,Neck,Full Participation in Practice,2011-09-30T12:20:06Z
2011,REG,CIN,4,00-0028004,LB,Dontay Moch,Dontay,Moch,Foot,,Out,Foot,,Did Not Participate In Practice,2011-09-30T10:25:54Z
2011,REG,CIN,4,00-0026217,DT,Pat Sims,Pat,Sims,Elbow,,Probable,Elbow,,Did Not Participate In Practice,2011-09-30T10:26:44Z
2011,REG,CIN,4,00-0022167,S,Chris Crocker,Chris,Crocker,Not Injury Related,,Probable,Not Injury Related,,Full Participation in Practice,2011-09-30T10:22:34Z
2011,REG,CIN,4,00-0023665,DE,Jonathan Fanene,Jonathan,Fanene,Knee,,Probable,Knee,,Full Participation in Practice,2011-09-30T10:22:34Z
2011,REG,CIN,4,00-0022867,DE,Robert Geathers,Robert,Geathers,Shoulder,,Probable,Shoulder,,Full Participation in Practice,2011-09-30T10:22:34Z
2011,REG,CIN,4,00-0027751,G,Otis Hudson,Otis,Hudson,Knee,,Probable,Knee,,Full Participation in Practice,2011-09-30T10:22:34Z
2011,REG,CIN,4,00-0027244,S,Jeromy Miles,Jeromy,Miles,Groin,,Probable,Groin,,Full Participation in Practice,2011-09-30T10:22:34Z
2011,REG,CIN,4,00-0022815,S,Gibril Wilson,Gibril,Wilson,Knee,,Probable,Knee,,Full Participation in Practice,2011-09-30T10:22:34Z
2011,REG,CLE,4,00-0021186,CB,Sheldon Brown,Sheldon,Brown,Groin,,Questionable,Groin,,Limited Participation in Practice,2011-09-30T11:32:13Z
2011,REG,CLE,4,00-0026001,LB,Titus Brown,Titus,Brown,Ankle,,Questionable,Ankle,,Limited Participation in Practice,2011-09-30T11:32:32Z
2011,REG,CLE,4,00-0023176,KR,Joshua Cribbs,Joshua,Cribbs,Groin,,Questionable,Groin,,Limited Participation in Practice,2011-09-30T11:32:49Z
2011,REG,CLE,4,00-0028186,S,Eric Hagg,Eric,Hagg,Knee,,Questionable,Knee,,Limited Participation in Practice,2011-09-30T11:33:07Z
2011,REG,CLE,4,00-0027026,WR,Mohamed Massaquoi,Mohamed,Massaquoi,Ankle,,Questionable,Ankle,,Limited Participation in Practice,2011-09-30T11:33:23Z
2011,REG,CLE,4,00-0022149,T,Tony Pashos,Tony,Pashos,Ankle,,Questionable,Ankle,,Limited Participation in Practice,2011-09-30T11:33:38Z
2011,REG,CLE,4,00-0025390,T,Joe Thomas,Joe,Thomas,Knee,,Questionable,Knee,,Limited Participation in Practice,2011-09-30T11:33:53Z
2011,REG,CLE,4,00-0024286,LB,Chris Gocong,Chris,Gocong,Groin,,Probable,Groin,,Full Participation in Practice,2011-09-30T11:34:10Z
2011,REG,CLE,4,00-0026367,RB,Peyton Hillis,Peyton,Hillis,Illness,,Probable,Illness,,Full Participation in Practice,2011-09-30T11:34:22Z
2011,REG,CLE,4,00-0027776,WR,Carlton Mitchell,Carlton,Mitchell,Finger,,Probable,Finger,,Full Participation in Practice,2011-09-30T11:34:40Z
2011,REG,DAL,4,00-0023921,WR,Miles Austin,Miles,Austin,Hamstring,,Out,Hamstring,,Did Not Participate In Practice,2011-09-30T12:22:44Z
2011,REG,DAL,4,00-0027119,K,David Buehler,David,Buehler,right Groin,,Out,right Groin,,Did Not Participate In Practice,2011-09-30T12:23:10Z
2011,REG,DAL,4,00-0022132,G,Derrick Dockery,Derrick,Dockery,Knee,,Out,Knee,,Did Not Participate In Practice,2011-09-30T12:23:24Z
2011,REG,DAL,4,00-0024307,DE,Jason Hatcher,Jason,Hatcher,Calf,,Out,Calf,,Did Not Participate In Practice,2011-09-30T12:23:45Z
2011,REG,DAL,4,00-0026283,CB,Orlando Scandrick,Orlando,Scandrick,Ankle,,Out,Ankle,,Did Not Participate In Practice,2011-09-30T12:24:10Z
2011,REG,DAL,4,00-0027902,WR,Dez Bryant,Dez,Bryant,Thigh,,Questionable,Thigh,,Did Not Participate In Practice,2011-09-30T12:22:57Z
2011,REG,DAL,4,00-0027093,RB,Tony Fiammetta,Tony,Fiammetta,Hamstring,,Questionable,Hamstring,,Did Not Participate In Practice,2011-09-30T12:23:35Z
2011,REG,DAL,4,00-0021678,QB,Tony Romo,Tony,Romo,Ribs,,Questionable,Ribs,,Limited Participation in Practice,2011-09-30T12:24:02Z
2011,REG,DAL,4,00-0027417,C,Phil Costa,Phil,Costa,Knee,,Probable,Knee,,Full Participation in Practice,2011-09-30T12:22:35Z
2011,REG,DAL,4,00-0026165,CB,Mike Jenkins,Mike,Jenkins,Shoulder,,Probable,Shoulder,,Full Participation in Practice,2011-09-30T12:22:35Z
2011,REG,DAL,4,00-0026162,RB,Felix Jones,Felix,Jones,Shoulder,,Probable,Shoulder,,Full Participation in Practice,2011-09-30T12:22:35Z
2011,REG,DAL,4,00-0025413,LB,Anthony Spencer,Anthony,Spencer,Shoulder,,Probable,Shoulder,,Full Participation in Practice,2011-09-30T12:22:35Z
2011,REG,DEN,4,00-0026182,WR,Eddie Royal,Eddie,Royal,Groin,,Out,Groin,,Did Not Participate In Practice,2011-09-30T11:33:32Z
2011,REG,DEN,4,00-0027874,WR,Demaryius Thomas,Demaryius,Thomas,Finger,,Out,Finger,,Did Not Participate In Practice,2011-09-30T11:33:40Z
2011,REG,DEN,4,00-0028067,TE,Julius Thomas,Julius,Thomas,Ankle,,Out,Ankle,,Did Not Participate In Practice,2011-09-30T11:33:49Z
2011,REG,DEN,4,00-0000585,CB,Champ Bailey,Champ,Bailey,Hamstring,,Questionable,Hamstring,,Limited Participation in Practice,2011-09-30T11:33:02Z
2011,REG,DEN,4,00-0024341,DE,Elvis Dumervil,Elvis,Dumervil,Shoulder,Calf,Questionable,Shoulder,Calf,Limited Participation in Practice,2011-09-30T11:33:19Z
2011,REG,DEN,4,00-0025508,DT,Marcus Thomas,Marcus,Thomas,Groin,,Questionable,Groin,,Limited Participation in Practice,2011-09-30T11:34:05Z
2011,REG,DEN,4,00-0026988,RB,Knowshon Moreno,Knowshon,Moreno,Hamstring,,Probable,Hamstring,,Full Participation in Practice,2011-09-30T11:32:47Z
2011,REG,DEN,4,00-0022780,LB,D.J. Williams,D.J.,Williams,Elbow,,Probable,Elbow,,Full Participation in Practice,2011-09-30T11:34:14Z
2011,REG,DET,4,00-0020382,DE,Kyle Vanden Bosch,Kyle,Vanden Bosch,,,,Not Injury Related,,Did Not Participate In Practice,2011-09-28T12:58:42Z
2011,REG,DET,4,00-0026498,QB,Matthew Stafford,Matthew,Stafford,,,,right Forearm,,Full Participation in Practice,2011-09-29T12:49:44Z
2011,REG,DET,4,00-0023429,WR,Rashied Davis,Rashied,Davis,Foot,,Out,Foot,,Did Not Participate In Practice,2011-09-30T12:44:13Z
2011,REG,DET,4,00-0025435,LB,Justin Durant,Justin,Durant,Concussion,,Out,Concussion,,Did Not Participate In Practice,2011-09-30T12:44:25Z
2011,REG,DET,4,00-0027951,DT,Nick Fairley,Nick,Fairley,Foot,,Out,Foot,,Did Not Participate In Practice,2011-09-30T12:45:02Z
2011,REG,DET,4,00-0027728,T,Jason Fox,Jason,Fox,Foot,,Out,Foot,,Did Not Participate In Practice,2011-09-30T12:45:12Z
2011,REG,DET,4,00-0027338,CB,Aaron Berry,Aaron,Berry,Groin,,Questionable,Groin,,Limited Participation in Practice,2011-09-30T12:43:29Z
2011,REG,DET,4,00-0026168,DE,Lawrence Jackson,Lawrence,Jackson,Hamstring,,Questionable,Hamstring,,Limited Participation in Practice,2011-09-30T12:45:45Z
2011,REG,DET,4,00-0027671,S,Amari Spievey,Amari,Spievey,Toe,,Questionable,Toe,,Limited Participation in Practice,2011-09-30T12:46:03Z
2011,REG,DET,4,00-0024305,WR,Maurice Stovall,Maurice,Stovall,Hand,,Questionable,Hand,,Limited Participation in Practice,2011-09-30T12:46:13Z
2011,REG,DET,4,00-0025571,S,John Wendling,John,Wendling,Knee,,Questionable,Knee,,Limited Participation in Practice,2011-09-30T12:46:29Z
2011,REG,DET,4,00-0025440,CB,Eric Wright,Eric,Wright,Groin,,Questionable,Groin,,Limited Participation in Practice,2011-09-30T12:46:40Z
2011,REG,DET,4,00-0027050,LB,DeAndre Levy,DeAndre,Levy,Knee,,Probable,Knee,,Full Participation in Practice,2011-09-30T12:43:03Z
2011,REG,DET,4,00-0027009,S,Louis Delmas,Louis,Delmas,Abdomen,,Probable,Abdomen,,Limited Participation in Practice,2011-09-30T12:43:03Z
2011,REG,DET,4,00-0025389,WR,Calvin Johnson,Calvin,Johnson,Ankle,,Probable,Ankle,,Limited Participation in Practice,2011-09-30T12:43:03Z
2011,REG,DET,4,00-0026996,TE,Brandon Pettigrew,Brandon,Pettigrew,Shoulder,,Probable,Shoulder,,Limited Participation in Practice,2011-09-30T12:43:03Z
2011,REG,GB,4,00-0027875,T,Bryan Bulaga,Bryan,Bulaga,Knee,,Out,Knee,,Did Not Participate In Practice,2011-09-30T11:42:45Z
2011,REG,GB,4,00-0022984,RB,Ryan Grant,Ryan,Grant,Kidney,,Out,Kidney,,Did Not Participate In Practice,2011-09-30T11:43:04Z
2011,REG,GB,4,00-0023486,S,Nick Collins,Nick,Collins,Neck,,Out,Neck,,Out (Definitely Will Not Play),2011-09-30T11:42:54Z
2011,REG,GB,4,00-0027664,DE,Mike Neal,Mike,Neal,Knee,,Out,Knee,,Out (Definitely Will Not Play),2011-09-30T11:43:45Z
2011,REG,GB,4,00-0027442,LB,Frank Zombo,Frank,Zombo,Shoulder,,Out,Shoulder,,Out (Definitely Will Not Play),2011-09-30T11:43:53Z
2011,REG,GB,4,00-0028600,LB,Jamari Lattimore,Jamari,Lattimore,Shoulder,,Questionable,Shoulder,,Did Not Participate In Practice,2011-09-30T11:43:25Z
2011,REG,GB,4,00-0026200,CB,Patrick Lee,Patrick,Lee,Back,,Questionable,Back,,Full Participation in Practice,2011-09-30T11:43:33Z
2011,REG,GB,4,00-0026946,LB,Brad Jones,Brad,Jones,Hamstring,,Questionable,Hamstring,,Limited Participation in Practice,2011-09-30T11:43:18Z
2011,REG,GB,4,00-0019702,T,Chad Clifton,Chad,Clifton,Knee,,Probable,Knee,,Did Not Participate In Practice,2011-09-30T11:42:37Z
2011,REG,GB,4,00-0027002,LB,Clay Matthews,Clay,Matthews,Quadricep,,Probable,Quadricep,,Did Not Participate In Practice,2011-09-30T11:42:37Z
2011,REG,GB,4,00-0020515,DE,Ryan Pickett,Ryan,Pickett,Foot,,Probable,Foot,,Full Participation in Practice,2011-09-30T11:42:37Z
2011,REG,GB,4,00-0028605,LB,Vic So'oto,Vic,So'oto,Back,,Probable,Back,,Full Participation in Practice,2011-09-30T11:42:37Z
2011,REG,GB,4,00-0026231,TE,Jermichael Finley,Jermichael,Finley,Ankle,,Probable,Ankle,,Limited Participation in Practice,2011-09-30T11:42:37Z
2011,REG,GB,4,00-0024061,CB,Tramon Williams,Tramon,Williams,Shoulder,,Probable,Shoulder,,Limited Participation in Practice,2011-09-30T11:42:37Z
2011,REG,GB,4,00-0018227,CB,Charles Woodson,Charles,Woodson,Foot,Knee,Probable,Foot,Knee,Limited Participation in Practice,2011-09-30T11:42:37Z
2011,REG,HOU,4,00-0022770,RB,Derrick Ward,Derrick,Ward,Ankle,Shoulder,Out,Ankle,Shoulder,Did Not Participate In Practice,2011-09-30T11:28:51Z
2011,REG,HOU,4,00-0027743,CB,Sherrick McManis,Sherrick,McManis,Hamstring,,Doubtful,Hamstring,,Did Not Participate In Practice,2011-09-30T11:28:39Z
2011,REG,HOU,4,00-0027872,CB,Kareem Jackson,Kareem,Jackson,Knee,,Questionable,Knee,,Did Not Participate In Practice,2011-09-30T11:27:24Z
2011,REG,HOU,4,00-0027385,G,Thomas Austin,Thomas,Austin,Knee,,Probable,Knee,,Full Participation in Practice,2011-09-30T11:19:51Z
2011,REG,HOU,4,00-0028536,LB,Bryan Braman,Bryan,Braman,Wrist,,Probable,Wrist,,Full Participation in Practice,2011-09-30T11:19:51Z
2011,REG,HOU,4,00-0023846,G,Mike Brisiel,Mike,Brisiel,Shoulder,,Probable,Shoulder,,Full Participation in Practice,2011-09-30T11:19:51Z
2011,REG,HOU,4,00-0026796,RB,Arian Foster,Arian,Foster,Hamstring,,Probable,Hamstring,,Full Participation in Practice,2011-09-30T11:19:51Z
2011,REG,HOU,4,00-0024239,CB,Johnathan Joseph,Johnathan,Joseph,Foot,,Probable,Foot,,Full Participation in Practice,2011-09-30T11:28:08Z
2011,REG,HOU,4,00-0024248,LB,DeMeco Ryans,DeMeco,Ryans,Knee,Elbow,Probable,Knee,Elbow,Full Participation in Practice,2011-09-30T11:19:51Z
2011,REG,HOU,4,00-0027890,RB,Ben Tate,Ben,Tate,Back,Hip,Probable,Back,Hip,Full Participation in Practice,2011-09-30T11:19:51Z
2011,REG,HOU,4,00-0024394,RB,Lawrence Vickers,Lawrence,Vickers,Illness,,Probable,Illness,,Full Participation in Practice,2011-09-30T11:19:51Z
2011,REG,HOU,4,00-0023630,TE,Joel Dreessen,Joel,Dreessen,Knee,,Probable,Knee,,Limited Participation in Practice,2011-09-30T11:19:51Z
2011,REG,HOU,4,00-0022044,WR,Andre Johnson,Andre,Johnson,Knee,Toe,Probable,Knee,Toe,Limited Participation in Practice,2011-09-30T11:19:51Z
2011,REG,HOU,4,00-0025460,WR,Jacoby Jones,Jacoby,Jones,Knee,,Probable,Knee,,Limited Participation in Practice,2011-09-30T11:19:51Z
2011,REG,HOU,4,00-0021931,WR,Kevin Walter,Kevin,Walter,Shoulder,,Probable,Shoulder,,Limited Participation in Practice,2011-09-30T11:19:51Z
2011,REG,HOU,4,00-0023750,LB,Mario Williams,Mario,Williams,Knee,,Probable,Knee,,Limited Participation in Practice,2011-09-30T11:19:51Z
2011,REG,IND,4,00-0010346,QB,Peyton Manning,Peyton,Manning,Neck,,Out,Neck,,Out (Definitely Will Not Play),2011-10-01T11:17:53Z
2011,REG,IND,4,00-0024421,S,Antoine Bethea,Antoine,Bethea,Heel,,Questionable,Heel,,Did Not Participate In Practice,2011-10-01T11:17:07Z
2011,REG,IND,4,00-0003292,QB,Kerry Collins,Kerry,Collins,Head,,Questionable,Head,,Did Not Participate In Practice,2011-10-01T11:17:19Z
2011,REG,IND,4,00-0020399,G,Ryan Diem,Ryan,Diem,Ankle,,Questionable,Ankle,,Did Not Participate In Practice,2011-10-01T11:17:27Z
2011,REG,IND,4,00-0027032,DT,Fili Moala,Fili,Moala,Ankle,,Questionable,Ankle,,Did Not Participate In Practice,2011-10-01T11:18:07Z
2011,REG,IND,4,00-0026408,G,Joe Reitz,Joe,Reitz,Ankle,,Questionable,Ankle,,Did Not Participate In Practice,2011-10-01T11:18:20Z
2011,REG,IND,4,00-0024224,LB,Ernie Sims,Ernie,Sims,Knee,,Questionable,Knee,,Did Not Participate In Practice,2011-10-01T11:18:30Z
2011,REG,IND,4,00-0027761,TE,Brody Eldridge,Brody,Eldridge,Knee,,Questionable,Knee,,Full Participation in Practice,2011-10-01T11:17:37Z
2011,REG,IND,4,00-0021146,DE,Dwight Freeney,Dwight,Freeney,Ankle,,Questionable,Ankle,,Full Participation in Practice,2011-10-01T11:17:45Z
2011,REG,JAX,4,00-0022897,RB,Greg Jones,Greg,Jones,,,,Not Injury Related,,Full Participation in Practice,2011-09-29T13:47:09Z
2011,REG,JAX,4,00-0024275,RB,Maurice Jones-Drew,Maurice,Jones-Drew,,,,Not Injury Related,,Full Participation in Practice,2011-09-29T13:47:15Z
2011,REG,JAX,4,00-0024243,TE,Marcedes Lewis,Marcedes,Lewis,,,,Calf,,Full Participation in Practice,2011-09-29T13:46:26Z
2011,REG,JAX,4,00-0022080,CB,Rashean Mathis,Rashean,Mathis,,,,Not Injury Related,,Full Participation in Practice,2011-09-29T13:47:38Z
2011,REG,JAX,4,00-0025523,LB,Clint Session,Clint,Session,,,,Wrist,,Full Participation in Practice,2011-09-29T13:46:26Z
2011,REG,JAX,4,00-0024103,RB,Montell Owens,Montell,Owens,Knee,,Out,Knee,,Did Not Participate In Practice,2011-09-30T14:03:37Z
2011,REG,JAX,4,00-0021269,DE,Aaron Kampman,Aaron,Kampman,Knee,,Out,Knee,,Limited Participation in Practice,2011-09-30T14:02:31Z
2011,REG,JAX,4,00-0027047,CB,Derek Cox,Derek,Cox,Groin,,Doubtful,Groin,,Did Not Participate In Practice,2011-09-30T14:01:58Z
2011,REG,JAX,4,00-0026960,S,Courtney Greene,Courtney,Greene,Neck,,Doubtful,Neck,,Did Not Participate In Practice,2011-09-30T14:02:19Z
2011,REG,JAX,4,00-0021570,WR,Kassim Osgood,Kassim,Osgood,Hamstring,,Doubtful,Hamstring,,Did Not Participate In Practice,2011-09-30T14:03:07Z
2011,REG,JAX,4,00-0025942,DT,Leger Douzable,Leger,Douzable,Thigh,,Questionable,Thigh,,Limited Participation in Practice,2011-09-30T14:02:08Z
2011,REG,JAX,4,00-0026984,T,Eugene Monroe,Eugene,Monroe,Shoulder,,Questionable,Shoulder,,Limited Participation in Practice,2011-09-30T14:02:50Z
2011,REG,JAX,4,00-0024290,G,Jason Spitz,Jason,Spitz,Quadricep,,Questionable,Quadricep,,Limited Participation in Practice,2011-09-30T14:04:02Z
2011,REG,JAX,4,00-0027862,DT,Tyson Alualu,Tyson,Alualu,Knee,,Probable,Knee,,Full Participation in Practice,2011-09-30T14:01:30Z
2011,REG,JAX,4,00-0023481,DE,Matt Roth,Matt,Roth,Neck,,Probable,Neck,,Full Participation in Practice,2011-09-30T14:01:30Z
2011,REG,KC,4,00-0027964,WR,Jon Baldwin,Jon,Baldwin,Thumb,,Out,Thumb,,Limited Participation in Practice,2011-09-30T12:19:38Z
2011,REG,KC,4,00-0026175,CB,Brandon Flowers,Brandon,Flowers,Ankle,,Questionable,Ankle,,Limited Participation in Practice,2011-09-30T12:19:48Z
2011,REG,KC,4,00-0021187,S,Jon McGraw,Jon,McGraw,Shin,,Questionable,Shin,,Limited Participation in Practice,2011-09-30T12:19:54Z
2011,REG,KC,4,00-0028311,DE,Brandon Bair,Brandon,Bair,Illness,,Probable,Illness,,Full Participation in Practice,2011-09-30T12:19:29Z
2011,REG,MIA,4,00-0022067,S,Yeremiah Bell,Yeremiah,Bell,,,,Not Injury Related,,Did Not Participate In Practice,2011-09-28T13:29:40Z
2011,REG,MIA,4,00-0016112,LB,Jason Taylor,Jason,Taylor,,,,Not Injury Related,,Did Not Participate In Practice,2011-09-28T13:29:14Z
2011,REG,MIA,4,00-0024102,DE,Tony McDaniel,Tony,McDaniel,Hand,,Out,Hand,,Did Not Participate In Practice,2011-09-30T10:55:08Z
2011,REG,MIA,4,00-0027883,LB,Koa Misi,Koa,Misi,Neck,,Questionable,Neck,,Did Not Participate In Practice,2011-09-30T10:54:59Z
2011,REG,MIA,4,00-0028000,RB,Daniel Thomas,Daniel,Thomas,Hamstring,,Questionable,Hamstring,,Did Not Participate In Practice,2011-09-30T10:55:15Z
2011,REG,MIA,4,00-0027001,CB,Vontae Davis,Vontae,Davis,Hamstring,,Questionable,Hamstring,,Limited Participation in Practice,2011-09-30T10:54:43Z
2011,REG,MIA,4,00-0020467,CB,Will Allen,Will,Allen,Hamstring,,Probable,Hamstring,,Full Participation in Practice,2011-09-30T10:54:23Z
2011,REG,MIA,4,00-0022890,G,Vernon Carey,Vernon,Carey,Shoulder,,Probable,Shoulder,,Full Participation in Practice,2011-09-30T10:54:23Z
2011,REG,MIA,4,00-0027358,WR,Roberto Wallace,Roberto,Wallace,Quadricep,,Probable,Quadricep,,Full Participation in Practice,2011-09-30T10:54:23Z
2011,REG,MIN,4,00-0026952,S,Jamarca Sanford,Jamarca,Sanford,Thigh,,Questionable,Thigh,,Full Participation in Practice,2011-09-30T11:15:30Z
2011,REG,MIN,4,00-0022081,LB,E.J. Henderson,E.J.,Henderson,Knee,,Questionable,Knee,,Limited Participation in Practice,2011-09-30T11:15:16Z
2011,REG,MIN,4,00-0027058,CB,Asher Allen,Asher,Allen,Toe,,Probable,Toe,,Full Participation in Practice,2011-09-30T11:15:03Z
2011,REG,MIN,4,00-0027649,CB,Chris Cook,Chris,Cook,Groin,,Probable,Groin,,Full Participation in Practice,2011-09-30T11:15:03Z
2011,REG,MIN,4,00-0026183,S,Tyrell Johnson,Tyrell,Johnson,Hip,,Probable,Hip,,Full Participation in Practice,2011-09-30T11:15:03Z
2011,REG,MIN,4,00-0009323,TE,Jim Kleinsasser,Jim,Kleinsasser,Elbow,,Probable,Elbow,,Full Participation in Practice,2011-09-30T11:15:03Z
2011,REG,MIN,4,00-0025394,RB,Adrian Peterson,Adrian,Peterson,Calf,,Probable,Calf,,Full Participation in Practice,2011-09-30T11:15:03Z
2011,REG,MIN,4,00-0022073,DT,Kevin Williams,Kevin,Williams,Foot,,Probable,Foot,,Full Participation in Practice,2011-09-30T11:15:03Z
2011,REG,NE,4,00-0023467,G,Logan Mankins,Logan,Mankins,,,,Illness,,Limited Participation in Practice,2011-09-29T13:01:14Z
2011,REG,NE,4,00-0026150,LB,Jerod Mayo,Jerod,Mayo,,,,Thigh,,Limited Participation in Practice,2011-09-29T13:00:53Z
2011,REG,NE,4,00-0027749,P,Zoltan Mesko,Zoltan,Mesko,,,,left Knee,,Limited Participation in Practice,2011-09-29T13:00:53Z
2011,REG,NE,4,00-0027713,TE,Aaron Hernandez,Aaron,Hernandez,Knee,,Out,Knee,,Did Not Participate In Practice,2011-09-30T11:36:47Z
2011,REG,NE,4,00-0027034,T,Sebastian Vollmer,Sebastian,Vollmer,Back,,Out,Back,,Did Not Participate In Practice,2011-09-30T11:37:09Z
2011,REG,NE,4,00-0023255,DE,Mike Wright,Mike,Wright,Concussion,,Out,Concussion,,Did Not Participate In Practice,2011-09-30T11:37:17Z
2011,REG,NE,4,00-0027971,CB,Ras-I Dowling,Ras-I,Dowling,Hip,,Questionable,Hip,,Did Not Participate In Practice,2011-09-30T11:36:02Z
2011,REG,NE,4,00-0021149,DE,Albert Haynesworth,Albert,Haynesworth,Back,,Questionable,Back,,Did Not Participate In Practice,2011-09-30T11:36:37Z
2011,REG,NE,4,00-0026071,CB,Kyle Arrington,Kyle,Arrington,Chest,,Questionable,Chest,,Limited Participation in Practice,2011-09-30T11:35:31Z
2011,REG,NE,4,00-0021612,CB,Leigh Bodden,Leigh,Bodden,Groin,,Questionable,Groin,,Limited Participation in Practice,2011-09-30T11:35:43Z
2011,REG,NE,4,00-0027010,S,Patrick Chung,Patrick,Chung,Hand,,Questionable,Hand,,Limited Participation in Practice,2011-09-30T11:35:51Z
2011,REG,NE,4,00-0019545,DE,Shaun Ellis,Shaun,Ellis,Knee,,Questionable,Knee,,Limited Participation in Practice,2011-09-30T11:36:15Z
2011,REG,NE,4,00-0025821,LB,Gary Guyton,Gary,Guyton,Hamstring,,Questionable,Hamstring,,Limited Participation in Practice,2011-09-30T11:36:30Z
2011,REG,NE,4,00-0027693,WR,Taylor Price,Taylor,Price,Hamstring,,Questionable,Hamstring,,Limited Participation in Practice,2011-09-30T11:37:00Z
2011,REG,NE,4,00-0025866,C,Ryan Wendell,Ryan,Wendell,Calf,,Questionable,Calf,,Limited Participation in Practice,2011-09-30T11:37:35Z
2011,REG,NE,4,00-0026360,S,Josh Barrett,Josh,Barrett,Thumb,,Probable,Thumb,,Full Participation in Practice,2011-09-30T11:35:08Z
2011,REG,NE,4,00-0027237,LB,Dane Fletcher,Dane,Fletcher,Thumb,,Probable,Thumb,,Full Participation in Practice,2011-09-30T11:35:08Z
2011,REG,NO,4,00-0022147,DT,Aubrayo Franklin,Aubrayo,Franklin,,,,Thigh,,Full Participation in Practice,2011-09-28T12:21:06Z
2011,REG,NO,4,00-0025548,LB,Will Herring,Will,Herring,Hamstring,,Out,Hamstring,,Did Not Participate In Practice,2011-09-30T11:31:46Z
2011,REG,NO,4,00-0009472,C,Olin Kreutz,Olin,Kreutz,Knee,,Out,Knee,,Did Not Participate In Practice,2011-09-30T11:31:03Z
2011,REG,NO,4,00-0024424,T,Zach Strief,Zach,Strief,Knee,,Out,Knee,,Did Not Participate In Practice,2011-09-30T11:31:11Z
2011,REG,NO,4,00-0024301,TE,David Thomas,David,Thomas,Concussion,,Out,Concussion,,Did Not Participate In Practice,2011-09-30T11:31:36Z
2011,REG,NO,4,00-0028010,LB,Martez Wilson,Martez,Wilson,Neck,Shoulder,Out,Neck,Shoulder,Did Not Participate In Practice,2011-09-30T11:31:26Z
2011,REG,NO,4,00-0024466,WR,Marques Colston,Marques,Colston,Shoulder,,Questionable,Shoulder,,Limited Participation in Practice,2011-09-30T11:32:19Z
2011,REG,NO,4,00-0022778,LB,Jonathan Vilma,Jonathan,Vilma,Knee,,Questionable,Knee,,Limited Participation in Practice,2011-09-30T11:32:09Z
2011,REG,NO,4,00-0027355,S,Jonathon Amaya,Jonathon,Amaya,Shoulder,,Probable,Shoulder,,Full Participation in Practice,2011-09-30T11:30:50Z
2011,REG,NO,4,00-0026377,WR,Adrian Arrington,Adrian,Arrington,Knee,,Probable,Knee,,Full Participation in Practice,2011-09-30T11:30:50Z
2011,REG,NO,4,00-0026832,LB,Jonathan Casillas,Jonathan,Casillas,Foot,Knee,Probable,Foot,Knee,Full Participation in Practice,2011-09-30T11:30:50Z
2011,REG,NO,4,00-0024258,S,Roman Harper,Roman,Harper,Neck,Shoulder,Probable,Neck,Shoulder,Full Participation in Practice,2011-09-30T11:30:50Z
2011,REG,NO,4,00-0024030,DT,Tom Johnson,Tom,Johnson,Calf,,Probable,Calf,,Full Participation in Practice,2011-09-30T11:30:50Z
2011,REG,NO,4,00-0026180,CB,Tracy Porter,Tracy,Porter,Calf,,Probable,Calf,,Full Participation in Practice,2011-09-30T11:30:50Z
2011,REG,NO,4,00-0020528,DT,Shaun Rogers,Shaun,Rogers,Elbow,,Probable,Elbow,,Limited Participation in Practice,2011-09-30T11:30:50Z
2011,REG,NYG,4,00-0027957,CB,Prince Amukamara,Prince,Amukamara,Foot,,Out,Foot,,Did Not Participate In Practice,2011-09-30T10:29:59Z
2011,REG,NYG,4,00-0015754,WR,Brandon Stokley,Brandon,Stokley,Quadricep,,Out,Quadricep,,Did Not Participate In Practice,2011-09-30T10:30:24Z
2011,REG,NYG,4,00-0025503,LS,Zak DeOssie,Zak,DeOssie,Back,,Questionable,Back,,Did Not Participate In Practice,2011-09-30T10:30:09Z
2011,REG,NYG,4,00-0023509,DE,Justin Tuck,Justin,Tuck,Groin,Neck,Questionable,Groin,Neck,Limited Participation in Practice,2011-09-30T10:30:39Z
2011,REG,NYG,4,00-0021977,DE,Osi Umenyiora,Osi,Umenyiora,Knee,,Questionable,Knee,,Limited Participation in Practice,2011-09-30T10:30:47Z
2011,REG,NYG,4,00-0026235,WR,Mario Manningham,Mario,Manningham,Concussion,,Probable,Concussion,,Full Participation in Practice,2011-09-30T10:29:50Z
2011,REG,NYG,4,00-0027005,WR,Hakeem Nicks,Hakeem,Nicks,Knee,,Probable,Knee,,Full Participation in Practice,2011-09-30T10:29:50Z
2011,REG,NYJ,4,00-0024595,WR,Logan Payne,Logan,Payne,Wrist,,Out,Wrist,,Out (Definitely Will Not Play),2011-09-30T11:32:08Z
2011,REG,NYJ,4,00-0024244,C,Nick Mangold,Nick,Mangold,Ankle,,Questionable,Ankle,,Limited Participation in Practice,2011-09-30T11:32:14Z
2011,REG,NYJ,4,00-0019642,WR,Plaxico Burress,Plaxico,Burress,Hamstring,,Probable,Hamstring,,Full Participation in Practice,2011-09-30T11:32:00Z
2011,REG,NYJ,4,00-0024234,CB,Antonio Cromartie,Antonio,Cromartie,Ribs,,Probable,Ribs,,Full Participation in Practice,2011-09-30T11:32:00Z
2011,REG,NYJ,4,00-0025689,DT,Mike Devito,Mike,Devito,Shoulder,,Probable,Shoulder,,Full Participation in Practice,2011-09-30T11:32:00Z
2011,REG,NYJ,4,00-0025434,LB,David Harris,David,Harris,Toe,,Probable,Toe,,Full Participation in Practice,2011-09-30T11:32:00Z
2011,REG,NYJ,4,00-0024240,WR,Santonio Holmes,Santonio,Holmes,Shoulder,,Probable,Shoulder,,Full Participation in Practice,2011-09-30T11:32:00Z
2011,REG,NYJ,4,00-0027968,DE,Muhammad Wilkerson,Muhammad,Wilkerson,Shoulder,,Probable,Shoulder,,Limited Participation in Practice,2011-09-30T11:32:00Z
2011,REG,OAK,4,00-0021949,CB,Chris Johnson,Chris,Johnson,Hamstring,,Out,Hamstring,,Did Not Participate In Practice,2011-09-30T12:26:37Z
2011,REG,OAK,4,00-0027089,WR,Louis Murphy,Louis,Murphy,Groin,,Out,Groin,,Did Not Participate In Practice,2011-09-30T12:27:17Z
2011,REG,OAK,4,00-0023945,LB,Ricky Brown,Ricky,Brown,Concussion,,Questionable,Concussion,,Did Not Participate In Practice,2011-09-30T12:25:37Z
2011,REG,OAK,4,00-0024222,S,Michael Huff,Michael,Huff,Concussion,,Questionable,Concussion,,Did Not Participate In Practice,2011-09-30T12:26:25Z
2011,REG,OAK,4,00-0026393,RB,Marcel Reece,Marcel,Reece,Ankle,,Questionable,Ankle,,Did Not Participate In Practice,2011-09-30T12:27:32Z
2011,REG,OAK,4,00-0027045,DE,Matt Shaughnessy,Matt,Shaughnessy,Shoulder,,Questionable,Shoulder,,Did Not Participate In Practice,2011-09-30T12:27:45Z
2011,REG,OAK,4,00-0027709,WR,Jacoby Ford,Jacoby,Ford,Hamstring,,Questionable,Hamstring,,Limited Participation in Practice,2011-09-30T12:26:00Z
2011,REG,OAK,4,00-0027023,S,Michael Mitchell,Michael,Mitchell,Knee,,Questionable,Knee,,Limited Participation in Practice,2011-09-30T12:26:58Z
2011,REG,OAK,4,00-0026532,S,Jerome Boyd,Jerome,Boyd,Knee,,Probable,Knee,,Full Participation in Practice,2011-09-30T12:25:24Z
2011,REG,OAK,4,00-0023569,S,Matt Giordano,Matt,Giordano,Shoulder,,Probable,Shoulder,,Full Participation in Practice,2011-09-30T12:25:24Z
2011,REG,OAK,4,00-0026192,LB,Quentin Groves,Quentin,Groves,Quadricep,,Probable,Quadricep,,Full Participation in Practice,2011-09-30T12:25:24Z
2011,REG,OAK,4,00-0026144,RB,Darren McFadden,Darren,McFadden,Shoulder,Groin,Probable,Shoulder,Groin,Full Participation in Practice,2011-09-30T12:25:24Z
2011,REG,OAK,4,00-0028019,CB,DeMarcus Van Dyke,DeMarcus,Van Dyke,Knee,,Probable,Knee,,Full Participation in Practice,2011-09-30T12:25:24Z
2011,REG,OAK,4,00-0023460,QB,Jason Campbell,Jason,Campbell,Foot,,Probable,Foot,,Limited Participation in Practice,2011-09-30T12:25:24Z
2011,REG,OAK,4,00-0028051,CB,Chimdi Chekwa,Chimdi,Chekwa,Hamstring,,Probable,Hamstring,,Limited Participation in Practice,2011-09-30T12:25:24Z
2011,REG,PHI,4,00-0026914,CB,Brandon Hughes,Brandon,Hughes,Hamstring,,Out,Hamstring,,Did Not Participate In Practice,2011-09-30T11:10:35Z
2011,REG,PHI,4,00-0019986,DE,Juqua Parker,Juqua,Parker,Ankle,,Out,Ankle,,Did Not Participate In Practice,2011-09-30T11:10:43Z
2011,REG,PHI,4,00-0024278,DE,Darryl Tapp,Darryl,Tapp,Pectoral,,Doubtful,Pectoral,,Limited Participation in Practice,2011-09-30T11:10:56Z
2011,REG,PHI,4,00-0027652,S,Nate Allen,Nate,Allen,Knee,,Probable,Knee,,Full Participation in Practice,2011-09-30T11:10:13Z
2011,REG,PHI,4,00-0027758,WR,Riley Cooper,Riley,Cooper,Concussion,,Probable,Concussion,,Full Participation in Practice,2011-09-30T11:10:13Z
2011,REG,PHI,4,00-0027725,TE,Clay Harbor,Clay,Harbor,Biceps,,Probable,Biceps,,Full Participation in Practice,2011-09-30T11:10:13Z
2011,REG,PHI,4,00-0024254,T,Winston Justice,Winston,Justice,Knee,,Probable,Knee,,Full Participation in Practice,2011-09-30T11:10:13Z
2011,REG,PHI,4,00-0025438,WR,Steve Smith,Steve,Smith,Knee,,Probable,Knee,,Full Participation in Practice,2011-09-30T11:10:13Z
2011,REG,PHI,4,00-0020245,QB,Michael Vick,Michael,Vick,right Hand,,Probable,right Hand,,Full Participation in Practice,2011-09-30T11:10:13Z
2011,REG,PHI,4,00-0026995,WR,Jeremy Maclin,Jeremy,Maclin,Hamstring,,Probable,Hamstring,,Limited Participation in Practice,2011-09-30T11:10:13Z
2011,REG,PIT,4,00-0005082,LB,James Farrior,James,Farrior,,,,Not Injury Related,,Did Not Participate In Practice,2011-09-28T12:32:52Z
2011,REG,PIT,4,00-0015080,DE,Aaron Smith,Aaron,Smith,,,,Not Injury Related,,Did Not Participate In Practice,2011-09-28T12:32:41Z
2011,REG,PIT,4,00-0017162,WR,Hines Ward,Hines,Ward,,,,Not Injury Related,,Did Not Participate In Practice,2011-09-28T12:33:35Z
2011,REG,PIT,4,00-0021344,DE,Brett Keisel,Brett,Keisel,Knee,,Out,Knee,,Did Not Participate In Practice,2011-09-30T10:03:18Z
2011,REG,PIT,4,00-0025829,G,Doug Legursky,Doug,Legursky,Shoulder,,Out,Shoulder,,Did Not Participate In Practice,2011-09-30T10:05:51Z
2011,REG,PIT,4,00-0024355,T,Jonathan Scott,Jonathan,Scott,Ankle,,Out,Ankle,,Did Not Participate In Practice,2011-09-30T10:06:00Z
2011,REG,PIT,4,00-0028100,LB,Chris Carter,Chris,Carter,Hamstring,,Questionable,Hamstring,,Did Not Participate In Practice,2011-09-30T10:03:02Z
2011,REG,PIT,4,00-0022064,WR,Arnaz Battle,Arnaz,Battle,Knee,,Probable,Knee,,Full Participation in Practice,2011-09-30T10:02:50Z
2011,REG,PIT,4,00-0026564,T,Steve McLendon,Steve,McLendon,Illness,,Probable,Illness,,Full Participation in Practice,2011-09-30T10:02:50Z
2011,REG,PIT,4,00-0026901,WR,Mike Wallace,Mike,Wallace,Rib,,Probable,Rib,,Full Participation in Practice,2011-09-30T10:02:50Z
2011,REG,SD,4,00-0023463,DE,Luis Castillo,Luis,Castillo,Tibia,,Out,Tibia,,Did Not Participate In Practice,2011-09-30T13:34:23Z
2011,REG,SD,4,00-0021542,DE,Jacques Cesaire,Jacques,Cesaire,Knee,,Out,Knee,,Did Not Participate In Practice,2011-09-30T13:34:30Z
2011,REG,SD,4,00-0021547,TE,Antonio Gates,Antonio,Gates,Foot,,Doubtful,Foot,,Did Not Participate In Practice,2011-09-30T13:34:48Z
2011,REG,SD,4,00-0021381,CB,Quentin Jammer,Quentin,Jammer,Hamstring,,Doubtful,Hamstring,,Did Not Participate In Practice,2011-09-30T13:35:03Z
2011,REG,SD,4,00-0022414,WR,Malcom Floyd,Malcom,Floyd,Groin,,Questionable,Groin,,Full Participation in Practice,2011-09-30T13:34:40Z
2011,REG,SD,4,00-0023496,WR,Vincent Jackson,Vincent,Jackson,Abdomen,,Questionable,Abdomen,,Full Participation in Practice,2011-09-30T13:34:56Z
2011,REG,SD,4,00-0027956,DE,Corey Liuget,Corey,Liuget,Ankle,,Probable,Ankle,,Full Participation in Practice,2011-09-30T13:33:44Z
2011,REG,SD,4,00-0027864,RB,Ryan Mathews,Ryan,Mathews,Foot,,Probable,Foot,,Full Participation in Practice,2011-09-30T13:33:44Z
2011,REG,SD,4,00-0019467,LB,Na'il Diggs,Na'il,Diggs,Groin,,Probable,Groin,,Limited Participation in Practice,2011-09-30T13:34:08Z
2011,REG,SEA,4,00-0022836,G,Robert Gallery,Robert,Gallery,Groin,,Out,Groin,,Out (Definitely Will Not Play),2011-09-30T13:42:03Z
2011,REG,SEA,4,00-0027733,S,Kam Chancellor,Kam,Chancellor,Quadricep,,Doubtful,Quadricep,,Did Not Participate In Practice,2011-09-30T13:41:50Z
2011,REG,SEA,4,00-0028111,CB,Byron Maxwell,Byron,Maxwell,Ankle,,Doubtful,Ankle,,Did Not Participate In Practice,2011-09-30T13:42:11Z
2011,REG,SEA,4,00-0028621,T,Jarriel King,Jarriel,King,Ankle,,Probable,Ankle,,Full Participation in Practice,2011-09-30T13:41:32Z
2011,REG,SEA,4,00-0023498,LB,Matt McCoy,Matt,McCoy,Shoulder,Head,Probable,Shoulder,Head,Full Participation in Practice,2011-09-30T13:41:32Z
2011,REG,SEA,4,00-0024315,RB,Michael Robinson,Michael,Robinson,Ankle,,Probable,Ankle,,Full Participation in Practice,2011-09-30T13:41:32Z
2011,REG,SF,4,00-0023438,WR,Braylon Edwards,Braylon,Edwards,Knee,,Out,Knee,,Out (Definitely Will Not Play),2011-09-30T12:47:02Z
2011,REG,SF,4,00-0020508,RB,Moran Norris,Moran,Norris,Fibula,,Out,Fibula,,Out (Definitely Will Not Play),2011-09-30T12:47:23Z
2011,REG,SF,4,00-0023500,RB,Frank Gore,Frank,Gore,Ankle,,Questionable,Ankle,,Limited Participation in Practice,2011-09-30T12:47:11Z
2011,REG,SF,4,00-0024223,S,Donte Whitner,Donte,Whitner,Hip,,Questionable,Hip,,Limited Participation in Practice,2011-09-30T12:47:33Z
2011,REG,SF,4,00-0027869,G,Mike Iupati,Mike,Iupati,Neck,,Probable,Neck,,Full Participation in Practice,2011-09-30T12:46:50Z
2011,REG,SF,4,00-0026986,WR,Michael Crabtree,Michael,Crabtree,Foot,,Probable,Foot,,Limited Participation in Practice,2011-09-30T12:46:50Z
2011,REG,STL,4,00-0027854,QB,Sam Bradford,Sam,Bradford,,,,Toe,,Full Participation in Practice,2011-09-28T12:34:56Z
2011,REG,STL,4,00-0026035,WR,Danny Amendola,Danny,Amendola,Elbow,,Questionable,Elbow,,Did Not Participate In Practice,2011-09-30T12:07:16Z
2011,REG,STL,4,00-0027073,DT,Darell Scott,Darell,Scott,Thumb,,Probable,Thumb,,Full Participation in Practice,2011-09-30T12:07:08Z
2011,REG,STL,4,00-0023440,RB,Carnell Williams,Carnell,Williams,Hamstring,,Probable,Hamstring,,Full Participation in Practice,2011-09-30T12:07:08Z
2011,REG,STL,4,00-0027732,TE,Michael Hoomanawanui,Michael,Hoomanawanui,Back,,Probable,Back,,Limited Participation in Practice,2011-09-30T12:07:08Z
2011,REG,STL,4,00-0022736,RB,Steven Jackson,Steven,Jackson,Quadricep,,Probable,Quadricep,,Limited Participation in Practice,2011-09-30T12:07:08Z
2011,REG,TB,4,00-0027789,WR,Dezmon Briscoe,Dezmon,Briscoe,,,,Not Injury Related,,Did Not Participate In Practice,2011-09-29T13:00:59Z
2011,REG,TB,4,00-0026080,T,James Lee,James,Lee,Knee,,Out,Knee,,Did Not Participate In Practice,2011-10-01T11:40:27Z
2011,REG,TB,4,00-0026953,WR,Sammie Stroughter,Sammie,Stroughter,Foot,,Out,Foot,,Did Not Participate In Practice,2011-10-01T11:40:46Z
2011,REG,TB,4,00-0025455,LB,Quincy Black,Quincy,Black,Ankle,,Questionable,Ankle,,Full Participation in Practice,2011-10-01T11:40:21Z
2011,REG,TB,4,00-0028509,TE,Zack Pianalto,Zack,Pianalto,Calf,,Probable,Calf,,Did Not Participate In Practice,2011-10-01T11:41:08Z
2011,REG,TB,4,00-0026300,QB,Josh Johnson,Josh,Johnson,Ankle,,Probable,Ankle,,Full Participation in Practice,2011-10-01T11:40:11Z
2011,REG,TB,4,00-0022922,TE,Kellen Winslow,Kellen,Winslow,Knee,,Probable,Knee,,Limited Participation in Practice,2011-10-01T11:40:57Z
2011,REG,TEN,4,00-0027095,LB,Gerald McRath,Gerald,McRath,Knee,,Doubtful,Knee,,Did Not Participate In Practice,2011-09-30T11:33:11Z
2011,REG,TEN,4,00-0021219,S,Chris Hope,Chris,Hope,Shoulder,,Probable,Shoulder,,Full Participation in Practice,2011-09-30T11:33:04Z
2011,REG,WAS,4,00-0026465,WR,Anthony Armstrong,Anthony,Armstrong,Hamstring,,Questionable,Hamstring,,Limited Participation in Practice,2011-09-30T10:32:32Z
2011,REG,WAS,4,00-0028084,S,DeJon Gomes,DeJon,Gomes,Hamstring,,Questionable,Hamstring,,Limited Participation in Practice,2011-09-30T10:32:39Z
2011,REG,WAS,4,00-0026852,RB,Darrel Young,Darrel,Young,Hamstring,,Questionable,Hamstring,,Limited Participation in Practice,2011-09-30T10:32:47Z
2011,REG,WAS,4,00-0027618,WR,Brandon Banks,Brandon,Banks,Knee,,Probable,Knee,,Full Participation in Practice,2011-09-30T10:32:12Z
2011,REG,WAS,4,00-0023954,DE,Stephen Bowen,Stephen,Bowen,Elbow,,Probable,Elbow,,Full Participation in Practice,2011-09-30T10:32:12Z
2011,REG,WAS,4,00-0022738,TE,Chris Cooley,Chris,Cooley,Knee,,Probable,Knee,,Full Participation in Practice,2011-09-30T10:32:12Z
2011,REG,WAS,4,00-0025393,S,LaRon Landry,LaRon,Landry,Hamstring,,Probable,Hamstring,,Full Participation in Practice,2011-09-30T10:32:12Z
2011,REG,WAS,4,00-0024448,C,Will Montgomery,Will,Montgomery,Knee,,Probable,Knee,,Full Participation in Practice,2011-09-30T10:32:12Z
2011,REG,WAS,4,00-0025442,CB,Josh Wilson,Josh,Wilson,Back,,Probable,Back,,Full Participation in Practice,2011-09-30T10:32:12Z
2011,REG,ARI,5,00-0027825,TE,Jim Dray,Jim,Dray,Pectoral,,Out,Pectoral,,Did Not Participate In Practice,2011-10-07T12:21:54Z
2011,REG,ARI,5,00-0020516,TE,Todd Heap,Todd,Heap,Hamstring,,Questionable,Hamstring,,Did Not Participate In Practice,2011-10-07T12:22:00Z
2011,REG,ARI,5,00-0021235,P,Dave Zastudil,Dave,Zastudil,right Knee,,Questionable,right Knee,,Did Not Participate In Practice,2011-10-07T12:22:20Z
2011,REG,ARI,5,00-0026365,T,Brandon Keith,Brandon,Keith,Knee,,Questionable,Knee,,Full Participation in Practice,2011-10-07T12:22:06Z
2011,REG,ARI,5,00-0025622,WR,Chansi Stuckey,Chansi,Stuckey,Hamstring,,Questionable,Hamstring,,Limited Participation in Practice,2011-10-07T12:22:12Z
2011,REG,ARI,5,00-0027007,RB,Chris Wells,Chris,Wells,Hamstring,,Questionable,Hamstring,,Limited Participation in Practice,2011-10-07T12:22:27Z
2011,REG,ARI,5,00-0025668,CB,Michael Adams,Michael,Adams,Wrist,,Probable,Wrist,,Full Participation in Practice,2011-10-07T12:21:37Z
2011,REG,ARI,5,00-0026221,WR,Early Doucet,Early,Doucet,Hamstring,,Probable,Hamstring,,Full Participation in Practice,2011-10-07T12:21:37Z
2011,REG,ARI,5,00-0027350,CB,A.J. Orange,A.J.,Orange,Ankle,,Probable,Ankle,,Full Participation in Practice,2011-10-07T12:21:37Z
2011,REG,ARI,5,00-0013126,LB,Joey Porter,Joey,Porter,Knee,,Probable,Knee,,Full Participation in Practice,2011-10-07T12:21:37Z
2011,REG,ARI,5,00-0025682,C,Lyle Sendlein,Lyle,Sendlein,Elbow,,Probable,Elbow,,Full Participation in Practice,2011-10-07T12:21:37Z
2011,REG,ATL,5,00-0028168,DE,Cliff Matthews,Cliff,Matthews,Knee,,Out,Knee,,Did Not Participate In Practice,2011-10-07T12:18:49Z
2011,REG,ATL,5,00-0010711,C,Todd McClure,Todd,McClure,Knee,,Out,Knee,,Did Not Participate In Practice,2011-10-07T12:18:54Z
2011,REG,ATL,5,00-0019546,DE,John Abraham,John,Abraham,Hip,,Questionable,Hip,,Limited Participation in Practice,2011-10-07T12:19:42Z
2011,REG,ATL,5,00-0023494,DT,Jonathan Babineaux,Jonathan,Babineaux,Knee,,Questionable,Knee,,Limited Participation in Practice,2011-10-07T12:18:38Z
2011,REG,ATL,5,00-0027031,S,William Moore,William,Moore,Neck,,Probable,Neck,,Full Participation in Practice,2011-10-07T12:18:23Z
2011,REG,ATL,5,00-0025496,LB,Stephen Nicholas,Stephen,Nicholas,Calf,,Probable,Calf,,Full Participation in Practice,2011-10-07T12:18:23Z
2011,REG,ATL,5,00-0027062,CB,Christopher Owens,Christopher,Owens,Ankle,,Probable,Ankle,,Full Participation in Practice,2011-10-07T12:18:23Z
2011,REG,ATL,5,00-0027202,TE,Michael Palmer,Michael,Palmer,Ankle,,Probable,Ankle,,Full Participation in Practice,2011-10-07T12:18:23Z
2011,REG,ATL,5,00-0025631,RB,Jason Snelling,Jason,Snelling,Concussion,,Probable,Concussion,,Full Participation in Practice,2011-10-07T12:18:23Z
2011,REG,ATL,5,00-0023462,WR,Roddy White,Roddy,White,Thigh,,Probable,Thigh,,Full Participation in Practice,2011-10-07T12:18:23Z
2011,REG,BUF,5,00-0026359,T,Demetress Bell,Demetress,Bell,Shoulder,,Out,Shoulder,,Did Not Participate In Practice,2011-10-07T10:04:14Z
2011,REG,BUF,5,00-0021995,LB,Chris Kelsay,Chris,Kelsay,Calf,,Out,Calf,,Did Not Participate In Practice,2011-10-07T10:04:24Z
2011,REG,BUF,5,00-0027655,DT,Torell Troup,Torell,Troup,Back,,Out,Back,,Did Not Participate In Practice,2011-10-07T10:04:57Z
2011,REG,BUF,5,00-0028107,LB,Chris White,Chris,White,Hamstring,,Out,Hamstring,,Did Not Participate In Practice,2011-10-07T10:05:33Z
2011,REG,BUF,5,00-0027972,CB,Aaron Williams,Aaron,Williams,Chest,,Out,Chest,,Did Not Participate In Practice,2011-10-07T10:05:49Z
2011,REG,BUF,5,00-0022421,WR,Ruvell Martin,Ruvell,Martin,Knee,,Probable,Knee,,Did Not Participate In Practice,2011-10-07T10:03:31Z
2011,REG,BUF,5,00-0021990,LB,Nick Barnett,Nick,Barnett,Ankle,,Probable,Ankle,,Full Participation in Practice,2011-10-07T10:03:31Z
2011,REG,BUF,5,00-0022008,CB,Terrence McGee,Terrence,McGee,Hamstring,,Probable,Hamstring,,Full Participation in Practice,2011-10-07T10:03:31Z
2011,REG,BUF,5,00-0023446,LB,Shawne Merriman,Shawne,Merriman,Shoulder,,Probable,Shoulder,,Full Participation in Practice,2011-10-07T10:03:31Z
2011,REG,BUF,5,00-0027861,RB,C.J. Spiller,C.J.,Spiller,Knee,,Probable,Knee,,Full Participation in Practice,2011-10-07T10:03:31Z
2011,REG,BUF,5,00-0027053,G,Kraig Urbik,Kraig,Urbik,Knee,,Probable,Knee,,Full Participation in Practice,2011-10-07T10:03:31Z
2011,REG,BUF,5,00-0027004,C,Eric Wood,Eric,Wood,Ankle,,Probable,Ankle,,Full Participation in Practice,2011-10-07T10:03:31Z
2011,REG,CAR,5,00-0022914,CB,Chris Gamble,Chris,Gamble,Head,,Probable,Head,,Full Participation in Practice,2011-10-07T11:45:37Z
2011,REG,CAR,5,00-0027080,RB,Mike Goodson,Mike,Goodson,Illness,,Probable,Illness,,Full Participation in Practice,2011-10-07T11:46:07Z
2011,REG,CAR,5,00-0023602,C,Geoff Hangartner,Geoff,Hangartner,Back,,Probable,Back,,Full Participation in Practice,2011-10-07T11:46:59Z
2011,REG,CAR,5,00-0026159,T,Jeff Otah,Jeff,Otah,Back,,Probable,Back,,Full Participation in Practice,2011-10-07T11:47:21Z
2011,REG,CAR,5,00-0021148,TE,Jeremy Shockey,Jeremy,Shockey,Head,,Probable,Head,,Full Participation in Practice,2011-10-07T11:47:43Z
2011,REG,CHI,5,00-0026210,WR,Earl Bennett,Earl,Bennett,Chest,,Out,Chest,,Did Not Participate In Practice,2011-10-08T11:40:51Z
2011,REG,CHI,5,00-0027967,T,Gabe Carimi,Gabe,Carimi,Knee,,Out,Knee,,Did Not Participate In Practice,2011-10-08T11:41:01Z
2011,REG,CHI,5,00-0023614,S,Chris Harris,Chris,Harris,Hamstring,,Probable,Hamstring,,Full Participation in Practice,2011-10-08T11:40:37Z
2011,REG,CHI,5,00-0025464,TE,Matt Spaeth,Matt,Spaeth,Calf,,Probable,Calf,,Full Participation in Practice,2011-10-08T11:40:37Z
2011,REG,CHI,5,00-0023461,C,Chris Spencer,Chris,Spencer,Hand,,Probable,Hand,,Full Participation in Practice,2011-10-08T11:40:37Z
2011,REG,CHI,5,00-0022123,CB,Charles Tillman,Charles,Tillman,Hip,,Probable,Hip,,Full Participation in Practice,2011-10-08T11:40:37Z
2011,REG,CHI,5,00-0027603,DE,Corey Wootton,Corey,Wootton,Hand,,Probable,Hand,,Full Participation in Practice,2011-10-08T11:40:37Z
2011,REG,CIN,5,00-0024246,CB,Kelly Jennings,Kelly,Jennings,Hamstring,,Doubtful,Hamstring,,Did Not Participate In Practice,2011-10-07T10:46:44Z
2011,REG,CIN,5,00-0028004,LB,Dontay Moch,Dontay,Moch,Foot,,Doubtful,Foot,,Limited Participation in Practice,2011-10-07T10:46:54Z
2011,REG,CIN,5,00-0027244,S,Jeromy Miles,Jeromy,Miles,Groin,,Questionable,Groin,,Full Participation in Practice,2011-10-07T10:47:03Z
2011,REG,CIN,5,00-0022167,S,Chris Crocker,Chris,Crocker,Knee,,Probable,Knee,,Full Participation in Practice,2011-10-07T10:44:24Z
2011,REG,CIN,5,00-0027887,S,Taylor Mays,Taylor,Mays,Illness,,Probable,Illness,,Full Participation in Practice,2011-10-07T10:44:24Z
2011,REG,CIN,5,00-0026982,T,Andre Smith,Andre,Smith,Foot,,Probable,Foot,,Full Participation in Practice,2011-10-07T10:44:24Z
2011,REG,CIN,5,00-0024270,T,Andrew Whitworth,Andrew,Whitworth,Not Injury Related,,Probable,Not Injury Related,,Limited Participation in Practice,2011-10-07T10:47:21Z
2011,REG,DEN,5,00-0026182,WR,Eddie Royal,Eddie,Royal,Groin,,Out,Groin,,Did Not Participate In Practice,2011-10-07T11:50:57Z
2011,REG,DEN,5,00-0027874,WR,Demaryius Thomas,Demaryius,Thomas,Finger,,Out,Finger,,Did Not Participate In Practice,2011-10-07T11:51:08Z
2011,REG,DEN,5,00-0028067,TE,Julius Thomas,Julius,Thomas,Ankle,,Out,Ankle,,Did Not Participate In Practice,2011-10-07T11:51:16Z
2011,REG,DEN,5,00-0026269,CB,Jonathan Wilhite,Jonathan,Wilhite,Illness,,Questionable,Illness,,Did Not Participate In Practice,2011-10-07T11:51:28Z
2011,REG,DEN,5,00-0004073,S,Brian Dawkins,Brian,Dawkins,Ankle,,Questionable,Ankle,,Limited Participation in Practice,2011-10-07T11:50:16Z
2011,REG,DEN,5,00-0023752,TE,Daniel Fells,Daniel,Fells,Knee,,Questionable,Knee,,Limited Participation in Practice,2011-10-07T11:50:27Z
2011,REG,DEN,5,00-0000585,CB,Champ Bailey,Champ,Bailey,Hamstring,,Probable,Hamstring,,Full Participation in Practice,2011-10-07T11:50:01Z
2011,REG,DEN,5,00-0027983,S,Rahim Moore,Rahim,Moore,Illness,,Probable,Illness,,Full Participation in Practice,2011-10-07T11:50:44Z
2011,REG,DEN,5,00-0026988,RB,Knowshon Moreno,Knowshon,Moreno,Hamstring,,Probable,Hamstring,,Full Participation in Practice,2011-10-07T11:50:01Z
2011,REG,DEN,5,00-0025508,DT,Marcus Thomas,Marcus,Thomas,Groin,,Probable,Groin,,Full Participation in Practice,2011-10-07T11:50:01Z
2011,REG,DET,5,00-0022218,S,Erik Coleman,Erik,Coleman,Ankle,,Out,Ankle,,Did Not Participate In Practice,2011-10-08T12:56:27Z
2011,REG,DET,5,00-0023429,WR,Rashied Davis,Rashied,Davis,Foot,,Out,Foot,,Did Not Participate In Practice,2011-10-08T12:56:34Z
2011,REG,DET,5,00-0027728,T,Jason Fox,Jason,Fox,Foot,,Out,Foot,,Limited Participation in Practice,2011-10-08T12:56:40Z
2011,REG,DET,5,00-0027951,DT,Nick Fairley,Nick,Fairley,Foot,,Questionable,Foot,,Full Participation in Practice,2011-10-08T12:56:56Z
2011,REG,DET,5,00-0027338,CB,Aaron Berry,Aaron,Berry,Groin,,Questionable,Groin,,Limited Participation in Practice,2011-10-08T12:56:49Z
2011,REG,DET,5,00-0026168,DE,Lawrence Jackson,Lawrence,Jackson,Hamstring,,Questionable,Hamstring,,Limited Participation in Practice,2011-10-08T12:57:05Z
2011,REG,DET,5,00-0027671,S,Amari Spievey,Amari,Spievey,Hamstring,,Questionable,Hamstring,,Limited Participation in Practice,2011-10-08T12:57:20Z
2011,REG,DET,5,00-0025435,LB,Justin Durant,Justin,Durant,Concussion,,Probable,Concussion,,Full Participation in Practice,2011-10-08T12:56:13Z
2011,REG,DET,5,00-0025389,WR,Calvin Johnson,Calvin,Johnson,Ankle,,Probable,Ankle,,Full Participation in Practice,2011-10-08T12:56:13Z
2011,REG,DET,5,00-0027050,LB,DeAndre Levy,DeAndre,Levy,Knee,,Probable,Knee,,Full Participation in Practice,2011-10-08T12:56:13Z
2011,REG,DET,5,00-0024305,WR,Maurice Stovall,Maurice,Stovall,Hand,,Probable,Hand,,Full Participation in Practice,2011-10-08T12:56:13Z
2011,REG,DET,5,00-0025440,CB,Eric Wright,Eric,Wright,Groin,,Probable,Groin,,Full Participation in Practice,2011-10-08T12:56:13Z
2011,REG,DET,5,00-0027009,S,Louis Delmas,Louis,Delmas,Abdomen,,Probable,Abdomen,,Limited Participation in Practice,2011-10-08T12:56:13Z
2011,REG,GB,5,00-0027875,T,Bryan Bulaga,Bryan,Bulaga,Knee,,Out,Knee,,Did Not Participate In Practice,2011-10-07T12:29:45Z
2011,REG,GB,5,00-0027442,LB,Frank Zombo,Frank,Zombo,Shoulder,,Out,Shoulder,,Limited Participation in Practice,2011-10-07T12:30:28Z
2011,REG,GB,5,00-0023486,S,Nick Collins,Nick,Collins,Neck,,Out,Neck,,Out (Definitely Will Not Play),2011-10-07T12:29:53Z
2011,REG,GB,5,00-0027664,DE,Mike Neal,Mike,Neal,Knee,,Out,Knee,,Out (Definitely Will Not Play),2011-10-07T12:30:10Z
2011,REG,GB,5,00-0027753,TE,Andrew Quarless,Andrew,Quarless,Knee,,Doubtful,Knee,,Did Not Participate In Practice,2011-10-07T12:30:20Z
2011,REG,GB,5,00-0026946,LB,Brad Jones,Brad,Jones,Hamstring,,Questionable,Hamstring,,Did Not Participate In Practice,2011-10-07T12:30:03Z
2011,REG,GB,5,00-0019702,T,Chad Clifton,Chad,Clifton,Knee,,Probable,Knee,,Did Not Participate In Practice,2011-10-07T12:29:14Z
2011,REG,GB,5,00-0027002,LB,Clay Matthews,Clay,Matthews,Quadricep,,Probable,Quadricep,,Did Not Participate In Practice,2011-10-07T12:29:14Z
2011,REG,GB,5,00-0022984,RB,Ryan Grant,Ryan,Grant,Kidney,,Probable,Kidney,,Full Participation in Practice,2011-10-07T12:29:14Z
2011,REG,GB,5,00-0028156,TE,Ryan Taylor,Ryan,Taylor,Shoulder,,Probable,Shoulder,,Full Participation in Practice,2011-10-07T12:29:14Z
2011,REG,GB,5,00-0004541,WR,Donald Driver,Donald,Driver,Shin,,Probable,Shin,,Limited Participation in Practice,2011-10-07T12:29:14Z
2011,REG,GB,5,00-0028600,LB,Jamari Lattimore,Jamari,Lattimore,Shoulder,,Probable,Shoulder,,Limited Participation in Practice,2011-10-07T12:29:14Z
2011,REG,GB,5,00-0026200,CB,Patrick Lee,Patrick,Lee,Back,,Probable,Back,,Limited Participation in Practice,2011-10-07T12:29:14Z
2011,REG,GB,5,00-0024061,CB,Tramon Williams,Tramon,Williams,Shoulder,,Probable,Shoulder,,Limited Participation in Practice,2011-10-07T12:29:14Z
2011,REG,GB,5,00-0018227,CB,Charles Woodson,Charles,Woodson,Foot,Knee,Probable,Foot,Knee,Limited Participation in Practice,2011-10-07T12:29:14Z
2011,REG,HOU,5,00-0022044,WR,Andre Johnson,Andre,Johnson,Hamstring,,Out,Hamstring,,Did Not Participate In Practice,2011-10-07T11:35:00Z
2011,REG,HOU,5,00-0024365,LB,Tim Dobbins,Tim,Dobbins,Hamstring,,Doubtful,Hamstring,,Did Not Participate In Practice,2011-10-07T11:34:32Z
2011,REG,HOU,5,00-0022156,WR,Bryant Johnson,Bryant,Johnson,Hamstring,,Questionable,Hamstring,,Did Not Participate In Practice,2011-10-07T11:35:12Z
2011,REG,HOU,5,00-0027743,CB,Sherrick McManis,Sherrick,McManis,Hamstring,,Questionable,Hamstring,,Did Not Participate In Practice,2011-10-07T11:35:38Z
2011,REG,HOU,5,00-0027872,CB,Kareem Jackson,Kareem,Jackson,Knee,,Questionable,Knee,,Limited Participation in Practice,2011-10-07T11:34:52Z
2011,REG,HOU,5,00-0024248,LB,DeMeco Ryans,DeMeco,Ryans,Elbow,Hamstring,Questionable,Elbow,Hamstring,Limited Participation in Practice,2011-10-07T11:35:59Z
2011,REG,HOU,5,00-0027890,RB,Ben Tate,Ben,Tate,Groin,,Questionable,Groin,,Limited Participation in Practice,2011-10-07T11:36:26Z
2011,REG,HOU,5,00-0022770,RB,Derrick Ward,Derrick,Ward,Ankle,Shoulder,Questionable,Ankle,Shoulder,Limited Participation in Practice,2011-10-07T11:36:34Z
2011,REG,HOU,5,00-0024231,CB,Jason Allen,Jason,Allen,Knee,,Probable,Knee,,Full Participation in Practice,2011-10-07T11:33:28Z
2011,REG,HOU,5,00-0027385,G,Thomas Austin,Thomas,Austin,Knee,,Probable,Knee,,Full Participation in Practice,2011-10-07T11:33:28Z
2011,REG,HOU,5,00-0026796,RB,Arian Foster,Arian,Foster,Hip,,Probable,Hip,,Full Participation in Practice,2011-10-07T11:33:28Z
2011,REG,HOU,5,00-0025460,WR,Jacoby Jones,Jacoby,Jones,Knee,,Probable,Knee,,Full Participation in Practice,2011-10-07T11:35:22Z
2011,REG,HOU,5,00-0024239,CB,Johnathan Joseph,Johnathan,Joseph,Hamstring,,Probable,Hamstring,,Full Participation in Practice,2011-10-07T11:33:28Z
2011,REG,HOU,5,00-0026935,CB,Brice McCain,Brice,McCain,Groin,,Probable,Groin,,Full Participation in Practice,2011-10-07T11:33:28Z
2011,REG,HOU,5,00-0023633,C,Chris Myers,Chris,Myers,Elbow,Ankle,Probable,Elbow,Ankle,Full Participation in Practice,2011-10-07T11:33:28Z
2011,REG,HOU,5,00-0022793,DE,Antonio Smith,Antonio,Smith,Ankle,,Probable,Ankle,,Full Participation in Practice,2011-10-07T11:33:28Z
2011,REG,HOU,5,00-0023750,LB,Mario Williams,Mario,Williams,Elbow,,Probable,Elbow,,Full Participation in Practice,2011-10-07T11:33:28Z
2011,REG,IND,5,00-0024245,RB,Joseph Addai,Joseph,Addai,,,,Not Injury Related,,Full Participation in Practice,2011-10-07T11:38:20Z
2011,REG,IND,5,00-0022059,DE,Robert Mathis,Robert,Mathis,,,,Not Injury Related,,Full Participation in Practice,2011-10-07T11:40:19Z
2011,REG,IND,5,00-0010346,QB,Peyton Manning,Peyton,Manning,Neck,,Out,Neck,,Out (Definitely Will Not Play),2011-10-07T11:44:10Z
2011,REG,IND,5,00-0027960,T,Anthony Castonzo,Anthony,Castonzo,Ankle,,Questionable,Ankle,,Did Not Participate In Practice,2011-10-07T11:43:12Z
2011,REG,IND,5,00-0020399,G,Ryan Diem,Ryan,Diem,Ankle,,Questionable,Ankle,,Did Not Participate In Practice,2011-10-07T11:43:34Z
2011,REG,IND,5,00-0028025,DT,Drake Nevis,Drake,Nevis,Back,,Questionable,Back,,Did Not Participate In Practice,2011-10-07T11:45:22Z
2011,REG,IND,5,00-0027761,TE,Brody Eldridge,Brody,Eldridge,Knee,,Questionable,Knee,,Full Participation in Practice,2011-10-07T11:43:43Z
2011,REG,IND,5,00-0021146,DE,Dwight Freeney,Dwight,Freeney,Abdomen,,Questionable,Abdomen,,Full Participation in Practice,2011-10-07T11:43:59Z
2011,REG,IND,5,00-0027032,DT,Fili Moala,Fili,Moala,Ankle,,Questionable,Ankle,,Full Participation in Practice,2011-10-07T11:45:09Z
2011,REG,IND,5,00-0026199,C,Mike Pollak,Mike,Pollak,Arm,,Questionable,Arm,,Full Participation in Practice,2011-10-07T11:45:36Z
2011,REG,IND,5,00-0026408,G,Joe Reitz,Joe,Reitz,Ankle,,Questionable,Ankle,,Full Participation in Practice,2011-10-07T11:45:45Z
2011,REG,IND,5,00-0024224,LB,Ernie Sims,Ernie,Sims,Knee,,Questionable,Knee,,Full Participation in Practice,2011-10-07T11:45:54Z
2011,REG,IND,5,00-0003292,QB,Kerry Collins,Kerry,Collins,Concussion,,Questionable,Concussion,,Limited Participation in Practice,2011-10-07T11:43:23Z
2011,REG,JAX,5,00-0026605,LB,Russell Allen,Russell,Allen,,,,Not Injury Related,,Full Participation in Practice,2011-10-07T11:06:42Z
2011,REG,JAX,5,00-0022897,RB,Greg Jones,Greg,Jones,,,,Not Injury Related,,Full Participation in Practice,2011-10-07T11:06:29Z
2011,REG,JAX,5,00-0024275,RB,Maurice Jones-Drew,Maurice,Jones-Drew,,,,Not Injury Related,,Full Participation in Practice,2011-10-07T11:06:29Z
2011,REG,JAX,5,00-0022080,CB,Rashean Mathis,Rashean,Mathis,,,,Not Injury Related,,Full Participation in Practice,2011-10-07T11:06:29Z
2011,REG,JAX,5,00-0027047,CB,Derek Cox,Derek,Cox,Groin,,Out,Groin,,Did Not Participate In Practice,2011-10-07T11:11:20Z
2011,REG,JAX,5,00-0024103,RB,Montell Owens,Montell,Owens,Knee,,Out,Knee,,Did Not Participate In Practice,2011-10-07T11:12:24Z
2011,REG,JAX,5,00-0027125,TE,Zach Miller,Zach,Miller,Shoulder,,Doubtful,Shoulder,,Did Not Participate In Practice,2011-10-07T11:11:59Z
2011,REG,JAX,5,00-0021570,WR,Kassim Osgood,Kassim,Osgood,Hamstring,,Doubtful,Hamstring,,Did Not Participate In Practice,2011-10-07T11:12:16Z
2011,REG,JAX,5,00-0024290,G,Jason Spitz,Jason,Spitz,Quadricep,,Doubtful,Quadricep,,Did Not Participate In Practice,2011-10-07T11:12:33Z
2011,REG,JAX,5,00-0021269,DE,Aaron Kampman,Aaron,Kampman,Knee,,Questionable,Knee,,Did Not Participate In Practice,2011-10-07T11:11:46Z
2011,REG,JAX,5,00-0026960,S,Courtney Greene,Courtney,Greene,Neck,,Questionable,Neck,,Limited Participation in Practice,2011-10-07T11:11:33Z
2011,REG,JAX,5,00-0027862,DT,Tyson Alualu,Tyson,Alualu,Knee,,Probable,Knee,,Full Participation in Practice,2011-10-07T11:10:07Z
2011,REG,JAX,5,00-0026984,T,Eugene Monroe,Eugene,Monroe,Shoulder,,Probable,Shoulder,,Full Participation in Practice,2011-10-07T11:12:08Z
2011,REG,KC,5,00-0027964,WR,Jon Baldwin,Jon,Baldwin,Thumb,,Probable,Thumb,,Full Participation in Practice,2011-10-07T11:51:25Z
2011,REG,KC,5,00-0022388,WR,Terrance Copper,Terrance,Copper,Illness,,Probable,Illness,,Full Participation in Practice,2011-10-07T11:51:25Z
2011,REG,KC,5,00-0021187,S,Jon McGraw,Jon,McGraw,Knee,,Probable,Knee,,Full Participation in Practice,2011-10-07T11:51:25Z
2011,REG,MIN,5,00-0026183,S,Tyrell Johnson,Tyrell,Johnson,,,,Hip,,Full Participation in Practice,2011-10-07T10:57:16Z
2011,REG,MIN,5,00-0025394,RB,Adrian Peterson,Adrian,Peterson,,,,Ankle,,Full Participation in Practice,2011-10-07T10:57:00Z
2011,REG,MIN,5,00-0018093,CB,Antoine Winfield,Antoine,Winfield,Neck,,Doubtful,Neck,,Did Not Participate In Practice,2011-10-07T10:57:51Z
2011,REG,MIN,5,00-0023060,P,Chris Kluwe,Chris,Kluwe,right Hamstring,,Questionable,right Hamstring,,Full Participation in Practice,2011-10-07T10:58:02Z
2011,REG,MIN,5,00-0025940,S,Husain Abdullah,Husain,Abdullah,Pelvis,,Probable,Pelvis,,Full Participation in Practice,2011-10-07T10:57:39Z
2011,REG,MIN,5,00-0026952,S,Jamarca Sanford,Jamarca,Sanford,Knee,,Probable,Knee,,Full Participation in Practice,2011-10-07T10:57:39Z
2011,REG,MIN,5,00-0022081,LB,E.J. Henderson,E.J.,Henderson,Knee,,Probable,Knee,,Limited Participation in Practice,2011-10-07T10:57:39Z
2011,REG,MIN,5,00-0024413,T,Charlie Johnson,Charlie,Johnson,Elbow,,Probable,Elbow,,Limited Participation in Practice,2011-10-07T10:57:39Z
2011,REG,MIN,5,00-0026327,C,John Sullivan,John,Sullivan,Ankle,,Probable,Ankle,,Limited Participation in Practice,2011-10-07T10:57:39Z
2011,REG,NE,5,00-0026071,CB,Kyle Arrington,Kyle,Arrington,,,,Chest,,Limited Participation in Practice,2011-10-06T12:50:34Z
2011,REG,NE,5,00-0025821,LB,Gary Guyton,Gary,Guyton,,,,Hamstring,,Limited Participation in Practice,2011-10-06T12:50:34Z
2011,REG,NE,5,00-0027150,WR,Julian Edelman,Julian,Edelman,Ankle,,Doubtful,Ankle,,Did Not Participate In Practice,2011-10-07T12:32:43Z
2011,REG,NE,5,00-0026150,LB,Jerod Mayo,Jerod,Mayo,Knee,,Doubtful,Knee,,Did Not Participate In Practice,2011-10-07T12:32:55Z
2011,REG,NE,5,00-0027034,T,Sebastian Vollmer,Sebastian,Vollmer,Back,,Doubtful,Back,,Did Not Participate In Practice,2011-10-07T12:33:04Z
2011,REG,NE,5,00-0026019,RB,Danny Woodhead,Danny,Woodhead,Ankle,,Doubtful,Ankle,,Did Not Participate In Practice,2011-10-07T12:33:13Z
2011,REG,NE,5,00-0026360,S,Josh Barrett,Josh,Barrett,Thumb,Hamstring,Questionable,Thumb,Hamstring,Limited Participation in Practice,2011-10-07T12:33:30Z
2011,REG,NE,5,00-0021612,CB,Leigh Bodden,Leigh,Bodden,Groin,,Questionable,Groin,,Limited Participation in Practice,2011-10-07T12:33:36Z
2011,REG,NE,5,00-0027971,CB,Ras-I Dowling,Ras-I,Dowling,Hip,,Questionable,Hip,,Limited Participation in Practice,2011-10-07T12:33:43Z
2011,REG,NE,5,00-0021149,DT,Albert Haynesworth,Albert,Haynesworth,Back,,Questionable,Back,,Limited Participation in Practice,2011-10-07T12:33:50Z
2011,REG,NE,5,00-0027713,TE,Aaron Hernandez,Aaron,Hernandez,Knee,,Questionable,Knee,,Limited Participation in Practice,2011-10-07T12:33:59Z
2011,REG,NE,5,00-0027236,DT,Kyle Love,Kyle,Love,Ankle,,Questionable,Ankle,,Limited Participation in Practice,2011-10-07T12:34:13Z
2011,REG,NE,5,00-0023255,DE,Mike Wright,Mike,Wright,Concussion,,Questionable,Concussion,,Limited Participation in Practice,2011-10-07T12:34:21Z
2011,REG,NE,5,00-0027010,S,Patrick Chung,Patrick,Chung,Hand,,Probable,Hand,,Full Participation in Practice,2011-10-07T12:32:11Z
2011,REG,NE,5,00-0019545,DE,Shaun Ellis,Shaun,Ellis,Knee,,Probable,Knee,,Full Participation in Practice,2011-10-07T12:32:11Z
2011,REG,NE,5,00-0027237,LB,Dane Fletcher,Dane,Fletcher,Thumb,,Probable,Thumb,,Full Participation in Practice,2011-10-07T12:32:11Z
2011,REG,NO,5,00-0024424,T,Zach Strief,Zach,Strief,Knee,,Out,Knee,,Did Not Participate In Practice,2011-10-07T11:09:51Z
2011,REG,NO,5,00-0024301,TE,David Thomas,David,Thomas,Concussion,,Out,Concussion,,Did Not Participate In Practice,2011-10-07T11:10:00Z
2011,REG,NO,5,00-0028010,LB,Martez Wilson,Martez,Wilson,Neck,,Doubtful,Neck,,Limited Participation in Practice,2011-10-07T11:10:10Z
2011,REG,NO,5,00-0022929,WR,Devery Henderson,Devery,Henderson,Calf,,Questionable,Calf,,Limited Participation in Practice,2011-10-07T11:09:20Z
2011,REG,NO,5,00-0025548,LB,Will Herring,Will,Herring,Hamstring,,Questionable,Hamstring,,Limited Participation in Practice,2011-10-07T11:09:31Z
2011,REG,NO,5,00-0009472,C,Olin Kreutz,Olin,Kreutz,Knee,,Questionable,Knee,,Limited Participation in Practice,2011-10-07T11:09:42Z
2011,REG,NO,5,00-0022778,LB,Jonathan Vilma,Jonathan,Vilma,Knee,,Probable,Knee,,Limited Participation in Practice,2011-10-07T11:09:08Z
2011,REG,NYG,5,00-0023478,CB,Corey Webster,Corey,Webster,,,,Not Injury Related,,Did Not Participate In Practice,2011-10-05T11:02:26Z
2011,REG,NYG,5,00-0027957,CB,Prince Amukamara,Prince,Amukamara,Foot,,Out,Foot,,Did Not Participate In Practice,2011-10-07T11:52:44Z
2011,REG,NYG,5,00-0023468,C,David Baas,David,Baas,Neck,,Out,Neck,,Did Not Participate In Practice,2011-10-07T11:52:55Z
2011,REG,NYG,5,00-0023545,RB,Brandon Jacobs,Brandon,Jacobs,Knee,,Doubtful,Knee,,Did Not Participate In Practice,2011-10-07T11:53:05Z
2011,REG,NYG,5,00-0023509,DE,Justin Tuck,Justin,Tuck,Groin,Neck,Doubtful,Groin,Neck,Did Not Participate In Practice,2011-10-07T11:53:16Z
2011,REG,NYG,5,00-0021261,DT,Rocky Bernard,Rocky,Bernard,Ribs,,Probable,Ribs,,Limited Participation in Practice,2011-10-07T11:52:34Z
2011,REG,NYG,5,00-0023593,LB,Michael Boley,Michael,Boley,Knee,,Probable,Knee,,Limited Participation in Practice,2011-10-07T11:52:34Z
2011,REG,NYG,5,00-0021977,DE,Osi Umenyiora,Osi,Umenyiora,Knee,,Probable,Knee,,Limited Participation in Practice,2011-10-07T11:52:34Z
2011,REG,NYJ,5,00-0023904,LB,Garrett McIntyre,Garrett,McIntyre,Concussion,,Out,Concussion,,Limited Participation in Practice,2011-10-07T10:53:50Z
2011,REG,NYJ,5,00-0024595,WR,Logan Payne,Logan,Payne,Wrist,,Out,Wrist,,Out (Definitely Will Not Play),2011-10-07T10:54:04Z
2011,REG,NYJ,5,00-0021081,LB,Bryan Thomas,Bryan,Thomas,Achilles,,Out,Achilles,,Out (Definitely Will Not Play),2011-10-07T10:54:00Z
2011,REG,NYJ,5,00-0024244,C,Nick Mangold,Nick,Mangold,Ankle,,Questionable,Ankle,,Limited Participation in Practice,2011-10-07T10:54:23Z
2011,REG,NYJ,5,00-0019642,WR,Plaxico Burress,Plaxico,Burress,Elbow,,Probable,Elbow,,Full Participation in Practice,2011-10-07T10:53:41Z
2011,REG,NYJ,5,00-0024234,CB,Antonio Cromartie,Antonio,Cromartie,Ribs,,Probable,Ribs,,Full Participation in Practice,2011-10-07T10:53:41Z
2011,REG,NYJ,5,00-0025689,DT,Mike Devito,Mike,Devito,Shoulder,,Probable,Shoulder,,Full Participation in Practice,2011-10-07T10:53:41Z
2011,REG,NYJ,5,00-0025434,LB,David Harris,David,Harris,Toe,,Probable,Toe,,Full Participation in Practice,2011-10-07T10:53:41Z
2011,REG,NYJ,5,00-0024312,S,Eric Smith,Eric,Smith,Tricep,,Probable,Tricep,,Full Participation in Practice,2011-10-07T10:53:41Z
2011,REG,NYJ,5,00-0027968,DE,Muhammad Wilkerson,Muhammad,Wilkerson,Shoulder,,Probable,Shoulder,,Full Participation in Practice,2011-10-07T10:53:41Z
2011,REG,NYJ,5,00-0022120,LB,Calvin Pace,Calvin,Pace,Abdomen,,Probable,Abdomen,,Limited Participation in Practice,2011-10-07T10:53:41Z
2011,REG,OAK,5,00-0028119,TE,Richard Gordon,Richard,Gordon,Hand,,Out,Hand,,Did Not Participate In Practice,2011-10-07T12:06:07Z
2011,REG,OAK,5,00-0021949,CB,Chris Johnson,Chris,Johnson,Hamstring,,Out,Hamstring,,Did Not Participate In Practice,2011-10-07T12:06:41Z
2011,REG,OAK,5,00-0027045,DE,Matt Shaughnessy,Matt,Shaughnessy,Shoulder,,Out,Shoulder,,Did Not Participate In Practice,2011-10-07T12:06:53Z
2011,REG,OAK,5,00-0023945,LB,Ricky Brown,Ricky,Brown,Concussion,,Questionable,Concussion,,Did Not Participate In Practice,2011-10-07T12:05:44Z
2011,REG,OAK,5,00-0028051,CB,Chimdi Chekwa,Chimdi,Chekwa,Hamstring,,Questionable,Hamstring,,Did Not Participate In Practice,2011-10-07T12:05:53Z
2011,REG,OAK,5,00-0026393,RB,Marcel Reece,Marcel,Reece,Ankle,,Questionable,Ankle,,Did Not Participate In Practice,2011-10-07T12:07:23Z
2011,REG,OAK,5,00-0024222,S,Michael Huff,Michael,Huff,Ankle,,Questionable,Ankle,,Limited Participation in Practice,2011-10-07T12:06:22Z
2011,REG,OAK,5,00-0027089,WR,Louis Murphy,Louis,Murphy,Groin,,Questionable,Groin,,Limited Participation in Practice,2011-10-07T12:07:12Z
2011,REG,OAK,5,00-0026532,S,Jerome Boyd,Jerome,Boyd,Knee,,Probable,Knee,,Full Participation in Practice,2011-10-07T12:05:26Z
2011,REG,OAK,5,00-0026240,S,Tyvon Branch,Tyvon,Branch,Knee,,Probable,Knee,,Full Participation in Practice,2011-10-07T12:05:26Z
2011,REG,OAK,5,00-0025487,RB,Michael Bush,Michael,Bush,Ankle,,Probable,Ankle,,Full Participation in Practice,2011-10-07T12:05:26Z
2011,REG,OAK,5,00-0028063,RB,Taiwan Jones,Taiwan,Jones,Calf,,Probable,Calf,,Full Participation in Practice,2011-10-07T12:05:26Z
2011,REG,OAK,5,00-0027023,S,Michael Mitchell,Michael,Mitchell,Knee,,Probable,Knee,,Full Participation in Practice,2011-10-07T12:05:26Z
2011,REG,OAK,5,00-0023460,QB,Jason Campbell,Jason,Campbell,Foot,,Probable,Foot,,Limited Participation in Practice,2011-10-07T12:05:26Z
2011,REG,OAK,5,00-0025404,DE,Jarvis Moss,Jarvis,Moss,Chest,,Probable,Chest,,Limited Participation in Practice,2011-10-07T12:05:26Z
2011,REG,PHI,5,00-0025549,TE,Brent Celek,Brent,Celek,,,,Illness,,Full Participation in Practice,2011-10-06T12:33:31Z
2011,REG,PHI,5,00-0023579,DE,Trent Cole,Trent,Cole,Calf,,Out,Calf,,Did Not Participate In Practice,2011-10-07T10:57:58Z
2011,REG,PHI,5,00-0022531,T,Jason Peters,Jason,Peters,Hamstring,,Out,Hamstring,,Did Not Participate In Practice,2011-10-07T10:58:08Z
2011,REG,PHI,5,00-0019986,DE,Juqua Parker,Juqua,Parker,Ankle,,Questionable,Ankle,,Full Participation in Practice,2011-10-07T10:58:35Z
2011,REG,PHI,5,00-0027652,S,Nate Allen,Nate,Allen,Knee,,Probable,Knee,,Full Participation in Practice,2011-10-07T10:57:47Z
2011,REG,PHI,5,00-0024324,WR,Jason Avant,Jason,Avant,Shoulder,,Probable,Shoulder,,Full Participation in Practice,2011-10-07T10:57:47Z
2011,REG,PHI,5,00-0027758,WR,Riley Cooper,Riley,Cooper,Hamstring,,Probable,Hamstring,,Full Participation in Practice,2011-10-07T10:57:47Z
2011,REG,PHI,5,00-0026951,LB,Moise Fokou,Moise,Fokou,Neck,,Probable,Neck,,Full Participation in Practice,2011-10-07T10:57:47Z
2011,REG,PHI,5,00-0026914,CB,Brandon Hughes,Brandon,Hughes,Hamstring,,Probable,Hamstring,,Full Participation in Practice,2011-10-07T10:57:47Z
2011,REG,PHI,5,00-0021706,DT,Cullen Jenkins,Cullen,Jenkins,Tricep,,Probable,Tricep,,Full Participation in Practice,2011-10-07T10:57:47Z
2011,REG,PHI,5,00-0024254,T,Winston Justice,Winston,Justice,Knee,,Probable,Knee,,Full Participation in Practice,2011-10-07T10:57:47Z
2011,REG,PHI,5,00-0023466,DT,Mike Patterson,Mike,Patterson,Knee,,Probable,Knee,,Full Participation in Practice,2011-10-07T10:57:47Z
2011,REG,PHI,5,00-0025438,WR,Steve Smith,Steve,Smith,Knee,,Probable,Knee,,Full Participation in Practice,2011-10-07T10:57:47Z
2011,REG,PHI,5,00-0024278,DE,Darryl Tapp,Darryl,Tapp,Pectoral,,Probable,Pectoral,,Full Participation in Practice,2011-10-07T10:57:47Z
2011,REG,PHI,5,00-0020245,QB,Michael Vick,Michael,Vick,left Finger,,Probable,left Finger,,Full Participation in Practice,2011-10-07T10:57:47Z
2011,REG,PIT,5,00-0017162,WR,Hines Ward,Hines,Ward,,,,Not Injury Related,,Did Not Participate In Practice,2011-10-05T12:51:34Z
2011,REG,PIT,5,00-0020426,T,Casey Hampton,Casey,Hampton,Shoulder,,Out,Shoulder,,Did Not Participate In Practice,2011-10-07T10:39:55Z
2011,REG,PIT,5,00-0020712,LB,James Harrison,James,Harrison,Eye,,Out,Eye,,Did Not Participate In Practice,2011-10-07T10:40:00Z
2011,REG,PIT,5,00-0023362,G,Chris Kemoeatu,Chris,Kemoeatu,Knee,,Out,Knee,,Did Not Participate In Practice,2011-10-07T10:40:09Z
2011,REG,PIT,5,00-0022217,RB,Mewelde Moore,Mewelde,Moore,Ankle,,Out,Ankle,,Did Not Participate In Practice,2011-10-07T10:40:22Z
2011,REG,PIT,5,00-0015080,DE,Aaron Smith,Aaron,Smith,Foot,,Out,Foot,,Did Not Participate In Practice,2011-10-07T10:40:32Z
2011,REG,PIT,5,00-0027889,LB,Jason Worilds,Jason,Worilds,Quadricep,,Out,Quadricep,,Did Not Participate In Practice,2011-10-07T10:40:38Z
2011,REG,PIT,5,00-0028066,CB,Cortez Allen,Cortez,Allen,Ankle,,Questionable,Ankle,,Did Not Participate In Practice,2011-10-07T10:39:49Z
2011,REG,PIT,5,00-0026163,RB,Rashard Mendenhall,Rashard,Mendenhall,Hamstring,,Questionable,Hamstring,,Limited Participation in Practice,2011-10-07T10:40:16Z
2011,REG,PIT,5,00-0022924,QB,Ben Roethlisberger,Ben,Roethlisberger,Foot,,Probable,Foot,,Full Participation in Practice,2011-10-07T10:40:27Z
2011,REG,SD,5,00-0023463,DE,Luis Castillo,Luis,Castillo,Tibia,,Out,Tibia,,Did Not Participate In Practice,2011-10-07T13:26:57Z
2011,REG,SD,5,00-0021542,DE,Jacques Cesaire,Jacques,Cesaire,Knee,,Out,Knee,,Did Not Participate In Practice,2011-10-07T13:27:05Z
2011,REG,SD,5,00-0021547,TE,Antonio Gates,Antonio,Gates,Foot,,Doubtful,Foot,,Did Not Participate In Practice,2011-10-07T13:27:14Z
2011,REG,SD,5,00-0022804,C,Nick Hardwick,Nick,Hardwick,Neck,,Probable,Neck,,Full Participation in Practice,2011-10-07T13:26:46Z
2011,REG,SD,5,00-0023496,WR,Vincent Jackson,Vincent,Jackson,Hamstring,,Probable,Hamstring,,Full Participation in Practice,2011-10-07T13:26:46Z
2011,REG,SD,5,00-0021381,CB,Quentin Jammer,Quentin,Jammer,Illness,,Probable,Illness,,Full Participation in Practice,2011-10-07T13:26:46Z
2011,REG,SEA,5,00-0023452,WR,Mike Williams,Mike,Williams,Concussion,,Out,Concussion,,Did Not Participate In Practice,2011-10-07T13:23:45Z
2011,REG,SEA,5,00-0022836,G,Robert Gallery,Robert,Gallery,Groin,,Out,Groin,,Out (Definitely Will Not Play),2011-10-07T13:23:13Z
2011,REG,SEA,5,00-0028180,LB,Malcolm Smith,Malcolm,Smith,Hamstring,,Doubtful,Hamstring,,Did Not Participate In Practice,2011-10-07T13:23:31Z
2011,REG,SEA,5,00-0028111,CB,Byron Maxwell,Byron,Maxwell,Ankle,,Doubtful,Ankle,,Limited Participation in Practice,2011-10-07T13:23:23Z
2011,REG,SEA,5,00-0028045,WR,Kris Durham,Kris,Durham,Hamstring,,Questionable,Hamstring,,Did Not Participate In Practice,2011-10-07T13:24:05Z
2011,REG,SEA,5,00-0022046,CB,Marcus Trufant,Marcus,Trufant,Back,,Questionable,Back,,Did Not Participate In Practice,2011-10-07T13:23:39Z
2011,REG,SEA,5,00-0027733,S,Kam Chancellor,Kam,Chancellor,Quadricep,,Questionable,Quadricep,,Limited Participation in Practice,2011-10-07T13:23:07Z
2011,REG,SEA,5,00-0022753,DT,Tony Hargrove,Tony,Hargrove,Hamstring,,Probable,Hamstring,,Full Participation in Practice,2011-10-07T13:23:00Z
2011,REG,SEA,5,00-0025425,TE,Zach Miller,Zach,Miller,Knee,,Probable,Knee,,Full Participation in Practice,2011-10-07T13:23:00Z
2011,REG,SF,5,00-0027375,CB,Tramaine Brock,Tramaine,Brock,Hand,,Out,Hand,,Out (Definitely Will Not Play),2011-10-07T13:43:22Z
2011,REG,SF,5,00-0023438,WR,Braylon Edwards,Braylon,Edwards,Knee,,Out,Knee,,Out (Definitely Will Not Play),2011-10-07T13:41:57Z
2011,REG,SF,5,00-0020508,RB,Moran Norris,Moran,Norris,Fibula,,Out,Fibula,,Out (Definitely Will Not Play),2011-10-07T13:41:23Z
2011,REG,SF,5,00-0022863,DT,Isaac Sopoaga,Isaac,Sopoaga,Infection,,Doubtful,Infection,,Did Not Participate In Practice,2011-10-07T13:45:47Z
2011,REG,SF,5,00-0022843,CB,Shawntae Spencer,Shawntae,Spencer,Toe,,Questionable,Toe,,Limited Participation in Practice,2011-10-07T13:45:36Z
2011,REG,SF,5,00-0027869,G,Mike Iupati,Mike,Iupati,Neck,,Probable,Neck,,Full Participation in Practice,2011-10-07T13:42:27Z
2011,REG,SF,5,00-0023529,G,Adam Snyder,Adam,Snyder,Hamstring,,Probable,Hamstring,,Full Participation in Practice,2011-10-07T13:42:11Z
2011,REG,SF,5,00-0026986,WR,Michael Crabtree,Michael,Crabtree,Foot,,Probable,Feet,,Limited Participation in Practice,2011-10-07T13:41:39Z
2011,REG,SF,5,00-0023500,RB,Frank Gore,Frank,Gore,Ankle,,Probable,Ankle,,Limited Participation in Practice,2011-10-07T13:39:46Z
2011,REG,TB,5,00-0022922,TE,Kellen Winslow,Kellen,Winslow,,,,Not Injury Related,,Did Not Participate In Practice,2011-10-06T13:44:51Z
2011,REG,TB,5,00-0028571,S,Devin Holland,Devin,Holland,Back,,Out,Back,,Did Not Participate In Practice,2011-10-07T10:09:55Z
2011,REG,TB,5,00-0026080,T,James Lee,James,Lee,Knee,,Out,Knee,,Did Not Participate In Practice,2011-10-07T10:10:07Z
2011,REG,TB,5,00-0028042,TE,Luke Stocker,Luke,Stocker,Knee,,Out,Knee,,Did Not Participate In Practice,2011-10-07T10:10:24Z
2011,REG,TB,5,00-0026953,WR,Sammie Stroughter,Sammie,Stroughter,Foot,,Out,Foot,,Did Not Participate In Practice,2011-10-07T10:10:48Z
2011,REG,TB,5,00-0025605,LB,Zach Diles,Zach,Diles,Hamstring,,Doubtful,Hamstring,,Did Not Participate In Practice,2011-10-07T10:09:41Z
2011,REG,TB,5,00-0025455,LB,Quincy Black,Quincy,Black,Ankle,,Questionable,Ankle,,Did Not Participate In Practice,2011-10-07T10:09:24Z
2011,REG,TB,5,00-0026618,DE,Michael Bennett,Michael,Bennett,Groin,,Probable,Groin,,Full Participation in Practice,2011-10-07T10:11:58Z
2011,REG,TB,5,00-0025443,DE,Tim Crowder,Tim,Crowder,Knee,,Probable,Knee,,Full Participation in Practice,2011-10-07T10:09:11Z
2011,REG,TB,5,00-0021755,RB,Earnest Graham,Earnest,Graham,Hamstring,,Probable,Hamstring,,Full Participation in Practice,2011-10-07T10:09:11Z
2011,REG,TB,5,00-0028509,TE,Zack Pianalto,Zack,Pianalto,Calf,,Probable,Calf,,Full Participation in Practice,2011-10-07T10:10:14Z
2011,REG,TB,5,00-0026160,CB,Aqib Talib,Aqib,Talib,Knee,,Probable,Knee,,Full Participation in Practice,2011-10-07T10:11:06Z
2011,REG,TEN,5,00-0024489,RB,Ahmard Hall,Ahmard,Hall,,,,Not Injury Related,,Did Not Participate In Practice,2011-10-07T11:24:07Z
2011,REG,TEN,5,00-0021219,S,Chris Hope,Chris,Hope,Forearm,,Out,Forearm,,Out (Definitely Will Not Play),2011-10-07T11:24:36Z
2011,REG,TEN,5,00-0026225,TE,Craig Stevens,Craig,Stevens,Rib,,Questionable,Rib,,Did Not Participate In Practice,2011-10-07T11:25:33Z
2011,REG,TEN,5,00-0025502,G,Leroy Harris,Leroy,Harris,Knee,,Questionable,Knee,,Full Participation in Practice,2011-10-07T11:26:11Z
2011,REG,TEN,5,00-0025406,S,Michael Griffin,Michael,Griffin,Illness,,Probable,Illness,,Full Participation in Practice,2011-10-07T11:24:24Z
2011,REG,TEN,5,00-0027816,KR,Marc Mariani,Marc,Mariani,Hip,,Probable,Hip,,Full Participation in Practice,2011-10-07T11:24:24Z
2011,REG,TEN,5,00-0027095,LB,Gerald McRath,Gerald,McRath,Knee,,Probable,Knee,,Full Participation in Practice,2011-10-07T11:24:24Z
2011,REG,ATL,6,00-0027944,WR,Julio Jones,Julio,Jones,Hamstring,,Out,Hamstring,,Did Not Participate In Practice,2011-10-14T11:37:05Z
2011,REG,ATL,6,00-0027062,CB,Christopher Owens,Christopher,Owens,Concussion,,Out,Concussion,,Did Not Participate In Practice,2011-10-14T11:38:54Z
2011,REG,ATL,6,00-0023567,S,James Sanders,James,Sanders,Hamstring,,Questionable,Hamstring,,Did Not Participate In Practice,2011-10-14T11:39:28Z
2011,REG,ATL,6,00-0019546,DE,John Abraham,John,Abraham,Groin,,Questionable,Groin,,Limited Participation in Practice,2011-10-14T11:36:51Z
2011,REG,ATL,6,00-0010711,C,Todd McClure,Todd,McClure,Knee,,Questionable,Knee,,Limited Participation in Practice,2011-10-14T11:37:22Z
2011,REG,ATL,6,00-0027110,G,Garrett Reynolds,Garrett,Reynolds,Ankle,,Questionable,Ankle,,Limited Participation in Practice,2011-10-14T11:39:09Z
2011,REG,ATL,6,00-0023494,DT,Jonathan Babineaux,Jonathan,Babineaux,Knee,,Probable,Knee,,Full Participation in Practice,2011-10-14T11:36:38Z
2011,REG,ATL,6,00-0006101,TE,Tony Gonzalez,Tony,Gonzalez,Elbow,,Probable,Elbow,,Full Participation in Practice,2011-10-14T11:36:38Z
2011,REG,ATL,6,00-0028168,DE,Cliff Matthews,Cliff,Matthews,Knee,,Probable,Knee,,Full Participation in Practice,2011-10-14T11:36:38Z
2011,REG,ATL,6,00-0027031,S,William Moore,William,Moore,Neck,,Probable,Neck,,Full Participation in Practice,2011-10-14T11:36:38Z
2011,REG,ATL,6,00-0023462,WR,Roddy White,Roddy,White,Knee,,Probable,Knee,,Full Participation in Practice,2011-10-14T11:36:38Z
2011,REG,BAL,6,00-0023008,CB,Chris Carr,Chris,Carr,Thigh,,Out,Thigh,,Did Not Participate In Practice,2011-10-14T11:59:56Z
2011,REG,BAL,6,00-0022910,WR,Lee Evans,Lee,Evans,Ankle,,Out,Ankle,,Did Not Participate In Practice,2011-10-14T12:00:02Z
2011,REG,BAL,6,00-0027965,CB,Jimmy Smith,Jimmy,Smith,Ankle,,Out,Ankle,,Did Not Participate In Practice,2011-10-14T12:00:18Z
2011,REG,BAL,6,00-0026226,S,Tom Zbikowski,Tom,Zbikowski,Head,,Out,Head,,Did Not Participate In Practice,2011-10-14T12:00:23Z
2011,REG,BAL,6,00-0025416,G,Ben Grubbs,Ben,Grubbs,Toe,,Questionable,Toe,,Limited Participation in Practice,2011-10-14T12:00:09Z
2011,REG,BAL,6,00-0028163,RB,Anthony Allen,Anthony,Allen,Thigh,,Probable,Thigh,,Full Participation in Practice,2011-10-14T10:51:42Z
2011,REG,BAL,6,00-0026857,LB,Dannell Ellerbe,Dannell,Ellerbe,Thigh,,Probable,Thigh,,Full Participation in Practice,2011-10-14T10:51:42Z
2011,REG,BAL,6,00-0026346,S,Haruki Nakamura,Haruki,Nakamura,Knee,,Probable,Knee,,Full Participation in Practice,2011-10-14T10:51:42Z
2011,REG,BAL,6,00-0027755,WR,David Reed,David,Reed,Shoulder,,Probable,Shoulder,,Full Participation in Practice,2011-10-14T10:51:42Z
2011,REG,BUF,6,00-0026359,T,Demetress Bell,Demetress,Bell,Shoulder,,Out,Shoulder,,Did Not Participate In Practice,2011-10-14T09:40:03Z
2011,REG,BUF,6,00-0027518,WR,Donald Jones,Donald,Jones,Ankle,,Out,Ankle,,Did Not Participate In Practice,2011-10-14T09:40:09Z
2011,REG,BUF,6,00-0021995,LB,Chris Kelsay,Chris,Kelsay,Calf,,Out,Calf,,Did Not Participate In Practice,2011-10-14T09:40:30Z
2011,REG,BUF,6,00-0027972,CB,Aaron Williams,Aaron,Williams,Chest,,Out,Chest,,Did Not Participate In Practice,2011-10-14T09:40:18Z
2011,REG,BUF,6,00-0023446,LB,Shawne Merriman,Shawne,Merriman,Achilles,Shoulder,Doubtful,Achilles,Shoulder,Did Not Participate In Practice,2011-10-14T09:42:19Z
2011,REG,BUF,6,00-0021990,LB,Nick Barnett,Nick,Barnett,Ankle,,Questionable,Ankle,,Limited Participation in Practice,2011-10-14T09:41:53Z
2011,REG,BUF,6,00-0028038,S,Da'Norris Searcy,Da'Norris,Searcy,Ankle,,Questionable,Ankle,,Limited Participation in Practice,2011-10-14T09:41:30Z
2011,REG,BUF,6,00-0024348,T,Kyle Williams,Kyle,Williams,Foot,,Questionable,Foot,,Limited Participation in Practice,2011-10-14T09:41:43Z
2011,REG,BUF,6,00-0027027,G,Andy Levitre,Andy,Levitre,Knee,,Probable,Knee,,Full Participation in Practice,2011-10-14T09:39:44Z
2011,REG,BUF,6,00-0027655,DT,Torell Troup,Torell,Troup,Back,,Probable,Back,,Full Participation in Practice,2011-10-14T09:39:44Z
2011,REG,BUF,6,00-0028107,LB,Chris White,Chris,White,Hamstring,,Probable,Hamstring,,Full Participation in Practice,2011-10-14T09:39:44Z
2011,REG,CAR,6,00-0024382,LB,Omar Gaither,Omar,Gaither,Knee,,Out,Knee,,Out (Definitely Will Not Play),2011-10-14T10:30:00Z
2011,REG,CAR,6,00-0028096,S,Jermale Hines,Jermale,Hines,Illness,,Questionable,Illness,,Did Not Participate In Practice,2011-10-14T10:30:32Z
2011,REG,CAR,6,00-0026159,T,Jeff Otah,Jeff,Otah,Back,,Questionable,Back,,Limited Participation in Practice,2011-10-14T10:31:17Z
2011,REG,CAR,6,00-0025470,DE,Charles Johnson,Charles,Johnson,Hip,,Probable,Hip,,Full Participation in Practice,2011-10-14T10:30:55Z
2011,REG,CHI,6,00-0027967,T,Gabe Carimi,Gabe,Carimi,Knee,,Out,Knee,,Did Not Participate In Practice,2011-10-14T12:46:42Z
2011,REG,CHI,6,00-0025574,DT,Matt Toeaina,Matt,Toeaina,Knee,,Out,Knee,,Did Not Participate In Practice,2011-10-14T12:46:54Z
2011,REG,CHI,6,00-0021140,DE,Julius Peppers,Julius,Peppers,Knee,,Doubtful,Knee,,Did Not Participate In Practice,2011-10-14T12:47:07Z
2011,REG,CHI,6,00-0026210,WR,Earl Bennett,Earl,Bennett,Chest,,Questionable,Chest,,Full Participation in Practice,2011-10-14T12:47:20Z
2011,REG,CHI,6,00-0022123,CB,Charles Tillman,Charles,Tillman,Hip,,Probable,Hip,,Full Participation in Practice,2011-10-14T12:44:38Z
2011,REG,CHI,6,00-0027603,DE,Corey Wootton,Corey,Wootton,Hand,,Probable,Hand,,Full Participation in Practice,2011-10-14T12:44:38Z
2011,REG,CIN,6,00-0027014,LB,Rey Maualuga,Rey,Maualuga,Ankle,,Out,Ankle,,Did Not Participate In Practice,2011-10-14T10:27:48Z
2011,REG,CIN,6,00-0028105,WR,Ryan Whalen,Ryan,Whalen,Hamstring,,Doubtful,Hamstring,,Did Not Participate In Practice,2011-10-14T10:27:57Z
2011,REG,CIN,6,00-0028004,LB,Dontay Moch,Dontay,Moch,Foot,,Questionable,Foot,,Full Participation in Practice,2011-10-14T10:28:20Z
2011,REG,CIN,6,00-0024246,CB,Kelly Jennings,Kelly,Jennings,Hamstring,,Questionable,Hamstring,,Limited Participation in Practice,2011-10-14T10:28:10Z
2011,REG,CIN,6,00-0022167,S,Chris Crocker,Chris,Crocker,Knee,,Probable,Knee,,Full Participation in Practice,2011-10-14T10:26:58Z
2011,REG,CIN,6,00-0021929,TE,Donald Lee,Donald,Lee,Groin,,Probable,Groin,,Full Participation in Practice,2011-10-14T10:26:58Z
2011,REG,CIN,6,00-0025439,RB,Brian Leonard,Brian,Leonard,Groin,,Probable,Groin,,Full Participation in Practice,2011-10-14T10:26:58Z
2011,REG,CLE,6,00-0027860,CB,Joe Haden,Joe,Haden,Knee,,Questionable,Knee,,Did Not Participate In Practice,2011-10-14T11:18:07Z
2011,REG,CLE,6,00-0026001,LB,Titus Brown,Titus,Brown,Ankle,,Questionable,Ankle,,Limited Participation in Practice,2011-10-14T11:17:32Z
2011,REG,CLE,6,00-0023176,WR,Joshua Cribbs,Joshua,Cribbs,Knee,,Questionable,Knee,,Limited Participation in Practice,2011-10-14T11:17:52Z
2011,REG,CLE,6,00-0026997,C,Alex Mack,Alex,Mack,Illness,,Questionable,Illness,,Limited Participation in Practice,2011-10-14T11:18:27Z
2011,REG,CLE,6,00-0022149,T,Tony Pashos,Tony,Pashos,Ankle,,Questionable,Ankle,,Limited Participation in Practice,2011-10-14T11:18:45Z
2011,REG,CLE,6,00-0028186,S,Eric Hagg,Eric,Hagg,Knee,,Probable,Knee,,Full Participation in Practice,2011-10-14T11:19:06Z
2011,REG,DAL,6,00-0022132,G,Derrick Dockery,Derrick,Dockery,Knee,,Out,Knee,,Did Not Participate In Practice,2011-10-14T11:43:34Z
2011,REG,DAL,6,00-0027093,RB,Tony Fiammetta,Tony,Fiammetta,Hamstring,,Out,Hamstring,,Did Not Participate In Practice,2011-10-14T11:43:41Z
2011,REG,DAL,6,00-0024307,DE,Jason Hatcher,Jason,Hatcher,Calf,,Out,Calf,,Did Not Participate In Practice,2011-10-14T11:43:50Z
2011,REG,DAL,6,00-0027119,K,David Buehler,David,Buehler,right Groin,,Out,right Groin,,Limited Participation in Practice,2011-10-14T11:43:25Z
2011,REG,DAL,6,00-0021348,G,Kyle Kosier,Kyle,Kosier,Foot,,Questionable,Foot,,Limited Participation in Practice,2011-10-14T11:43:59Z
2011,REG,DAL,6,00-0023921,WR,Miles Austin,Miles,Austin,Hamstring,,Probable,Hamstring,,Full Participation in Practice,2011-10-14T11:43:16Z
2011,REG,DAL,6,00-0027902,WR,Dez Bryant,Dez,Bryant,Thigh,,Probable,Thigh,,Full Participation in Practice,2011-10-14T11:43:16Z
2011,REG,DAL,6,00-0027416,S,Barry Church,Barry,Church,Shoulder,,Probable,Shoulder,,Full Participation in Practice,2011-10-14T11:43:16Z
2011,REG,DAL,6,00-0026162,RB,Felix Jones,Felix,Jones,Shoulder,,Probable,Shoulder,,Full Participation in Practice,2011-10-14T11:43:16Z
2011,REG,DAL,6,00-0027422,S,Danny McCray,Danny,McCray,Ankle,,Probable,Ankle,,Full Participation in Practice,2011-10-14T11:43:16Z
2011,REG,DAL,6,00-0021678,QB,Tony Romo,Tony,Romo,Ribs,,Probable,Ribs,,Full Participation in Practice,2011-10-14T11:43:16Z
2011,REG,DAL,6,00-0026283,CB,Orlando Scandrick,Orlando,Scandrick,Ankle,,Probable,Ankle,,Full Participation in Practice,2011-10-14T11:43:16Z
2011,REG,DAL,6,00-0023590,S,Gerald Sensabaugh,Gerald,Sensabaugh,Concussion,,Probable,Concussion,,Full Participation in Practice,2011-10-14T11:43:16Z
2011,REG,DET,6,00-0022218,S,Erik Coleman,Erik,Coleman,,,,Ankle,,Did Not Participate In Practice,2011-10-13T12:44:14Z
2011,REG,DET,6,00-0025435,LB,Justin Durant,Justin,Durant,Concussion,,Out,Concussion,,Did Not Participate In Practice,2011-10-14T12:57:06Z
2011,REG,DET,6,00-0023543,S,Vincent Fuller,Vincent,Fuller,Elbow,,Out,Elbow,,Did Not Participate In Practice,2011-10-14T12:56:58Z
2011,REG,DET,6,00-0024276,TE,Tony Scheffler,Tony,Scheffler,Concussion,,Out,Concussion,,Did Not Participate In Practice,2011-10-14T12:57:15Z
2011,REG,DET,6,00-0027338,CB,Aaron Berry,Aaron,Berry,Groin,,Questionable,Groin,,Limited Participation in Practice,2011-10-14T12:57:24Z
2011,REG,DET,6,00-0023429,WR,Rashied Davis,Rashied,Davis,Foot,,Questionable,Foot,,Limited Participation in Practice,2011-10-14T12:57:32Z
2011,REG,DET,6,00-0027728,T,Jason Fox,Jason,Fox,Foot,,Questionable,Foot,,Limited Participation in Practice,2011-10-14T12:57:41Z
2011,REG,DET,6,00-0027671,S,Amari Spievey,Amari,Spievey,Hamstring,,Questionable,Hamstring,,Limited Participation in Practice,2011-10-14T12:57:51Z
2011,REG,DET,6,00-0026232,DE,Cliff Avril,Cliff,Avril,Elbow,,Probable,Elbow,,Full Participation in Practice,2011-10-14T12:55:56Z
2011,REG,DET,6,00-0027050,LB,DeAndre Levy,DeAndre,Levy,Knee,,Probable,Knee,,Full Participation in Practice,2011-10-14T12:55:56Z
2011,REG,DET,6,00-0024331,LB,Stephen Tulloch,Stephen,Tulloch,Ankle,,Probable,Ankle,,Full Participation in Practice,2011-10-14T12:55:56Z
2011,REG,DET,6,00-0027009,S,Louis Delmas,Louis,Delmas,Abdomen,,Probable,Abdomen,,Limited Participation in Practice,2011-10-14T12:55:56Z
2011,REG,DET,6,00-0028095,LB,Doug Hogue,Doug,Hogue,Hamstring,,Probable,Hamstring,,Limited Participation in Practice,2011-10-14T12:55:56Z
2011,REG,DET,6,00-0026168,DE,Lawrence Jackson,Lawrence,Jackson,Hamstring,,Probable,Hamstring,,Limited Participation in Practice,2011-10-14T12:55:56Z
2011,REG,GB,6,00-0019702,T,Chad Clifton,Chad,Clifton,Knee,Hamstring,Out,Knee,Hamstring,Out (Definitely Will Not Play),2011-10-14T12:57:24Z
2011,REG,GB,6,00-0027664,DE,Mike Neal,Mike,Neal,Knee,,Out,Knee,,Out (Definitely Will Not Play),2011-10-14T12:57:41Z
2011,REG,GB,6,00-0026784,G,Evan Smith,Evan,Smith,Foot,,Questionable,Foot,,Did Not Participate In Practice,2011-10-14T12:57:32Z
2011,REG,GB,6,00-0027676,S,Morgan Burnett,Morgan,Burnett,Hand,,Probable,Hand,,Did Not Participate In Practice,2011-10-14T12:57:13Z
2011,REG,GB,6,00-0027442,LB,Frank Zombo,Frank,Zombo,Shoulder,,Probable,Shoulder,,Full Participation in Practice,2011-10-14T12:56:55Z
2011,REG,GB,6,00-0027875,T,Bryan Bulaga,Bryan,Bulaga,Knee,,Probable,Knee,,Limited Participation in Practice,2011-10-14T12:56:55Z
2011,REG,GB,6,00-0024267,WR,Greg Jennings,Greg,Jennings,Groin,,Probable,Groin,,Limited Participation in Practice,2011-10-14T12:56:55Z
2011,REG,GB,6,00-0026200,CB,Patrick Lee,Patrick,Lee,Back,,Probable,Back,,Limited Participation in Practice,2011-10-14T12:56:55Z
2011,REG,GB,6,00-0027002,LB,Clay Matthews,Clay,Matthews,Quadricep,,Probable,Quadricep,,Limited Participation in Practice,2011-10-14T12:56:55Z
2011,REG,GB,6,00-0027753,TE,Andrew Quarless,Andrew,Quarless,Knee,,Probable,Knee,,Limited Participation in Practice,2011-10-14T12:56:55Z
2011,REG,GB,6,00-0026275,G,Josh Sitton,Josh,Sitton,Ankle,,Probable,Ankle,,Limited Participation in Practice,2011-10-14T12:56:55Z
2011,REG,GB,6,00-0018227,CB,Charles Woodson,Charles,Woodson,Foot,Knee,Probable,Foot,Knee,Limited Participation in Practice,2011-10-14T12:56:55Z
2011,REG,HOU,6,00-0022044,WR,Andre Johnson,Andre,Johnson,Hamstring,,Out,Hamstring,,Did Not Participate In Practice,2011-10-14T13:03:15Z
2011,REG,HOU,6,00-0027109,RB,James Casey,James,Casey,Chest,,Doubtful,Chest,,Did Not Participate In Practice,2011-10-14T13:03:22Z
2011,REG,HOU,6,00-0024231,CB,Jason Allen,Jason,Allen,Knee,Groin,Probable,Knee,Groin,Full Participation in Practice,2011-10-14T13:03:00Z
2011,REG,HOU,6,00-0027385,G,Thomas Austin,Thomas,Austin,Knee,,Probable,Knee,,Full Participation in Practice,2011-10-14T13:03:00Z
2011,REG,HOU,6,00-0023846,G,Mike Brisiel,Mike,Brisiel,Ankle,Knee,Probable,Ankle,Knee,Full Participation in Practice,2011-10-14T13:03:00Z
2011,REG,HOU,6,00-0024365,LB,Tim Dobbins,Tim,Dobbins,Hamstring,,Probable,Hamstring,,Full Participation in Practice,2011-10-14T13:03:00Z
2011,REG,HOU,6,00-0023630,TE,Joel Dreessen,Joel,Dreessen,Hip,,Probable,Hip,,Full Participation in Practice,2011-10-14T13:04:30Z
2011,REG,HOU,6,00-0027718,TE,Garrett Graham,Garrett,Graham,Hamstring,,Probable,Hamstring,,Full Participation in Practice,2011-10-14T13:04:56Z
2011,REG,HOU,6,00-0027998,CB,Brandon Harris,Brandon,Harris,Hamstring,,Probable,Hamstring,,Full Participation in Practice,2011-10-14T13:03:00Z
2011,REG,HOU,6,00-0027872,CB,Kareem Jackson,Kareem,Jackson,Knee,,Probable,Knee,,Full Participation in Practice,2011-10-14T13:03:00Z
2011,REG,HOU,6,00-0025460,WR,Jacoby Jones,Jacoby,Jones,Knee,,Probable,Knee,,Full Participation in Practice,2011-10-14T13:03:00Z
2011,REG,HOU,6,00-0024239,CB,Johnathan Joseph,Johnathan,Joseph,Calf,,Probable,Calf,,Full Participation in Practice,2011-10-14T13:04:08Z
2011,REG,HOU,6,00-0026935,CB,Brice McCain,Brice,McCain,Hamstring,Concussion,Probable,Hamstring,Concussion,Full Participation in Practice,2011-10-14T13:03:00Z
2011,REG,HOU,6,00-0027743,CB,Sherrick McManis,Sherrick,McManis,Hamstring,,Probable,Hamstring,,Full Participation in Practice,2011-10-14T13:03:00Z
2011,REG,HOU,6,00-0022793,DE,Antonio Smith,Antonio,Smith,Ankle,,Probable,Ankle,,Full Participation in Practice,2011-10-14T13:03:00Z
2011,REG,HOU,6,00-0027890,RB,Ben Tate,Ben,Tate,Groin,Achilles,Probable,Groin,Achilles,Full Participation in Practice,2011-10-14T13:03:00Z
2011,REG,HOU,6,00-0021931,WR,Kevin Walter,Kevin,Walter,Illness,,Probable,Illness,,Full Participation in Practice,2011-10-14T13:03:00Z
2011,REG,HOU,6,00-0022770,RB,Derrick Ward,Derrick,Ward,Ankle,,Probable,Ankle,,Full Participation in Practice,2011-10-14T13:03:00Z
2011,REG,HOU,6,00-0026796,RB,Arian Foster,Arian,Foster,Quadricep,,Probable,Quadricep,,Limited Participation in Practice,2011-10-14T13:03:00Z
2011,REG,HOU,6,00-0022156,WR,Bryant Johnson,Bryant,Johnson,Hamstring,,Probable,Hamstring,,Limited Participation in Practice,2011-10-14T13:03:00Z
2011,REG,HOU,6,00-0024248,LB,DeMeco Ryans,DeMeco,Ryans,Elbow,Hamstring/Knee,Probable,Elbow,Hamstring/Knee,Limited Participation in Practice,2011-10-14T13:03:00Z
2011,REG,HOU,6,00-0022787,QB,Matt Schaub,Matt,Schaub,right Shoulder,,Probable,right Shoulder,,Limited Participation in Practice,2011-10-14T13:03:00Z
2011,REG,IND,6,00-0020498,WR,Reggie Wayne,Reggie,Wayne,,,,Not Injury Related,,Did Not Participate In Practice,2011-10-14T10:51:09Z
2011,REG,IND,6,00-0021146,DE,Dwight Freeney,Dwight,Freeney,,,,Not Injury Related,,Full Participation in Practice,2011-10-14T10:51:09Z
2011,REG,IND,6,00-0022059,DE,Robert Mathis,Robert,Mathis,,,,Not Injury Related,,Full Participation in Practice,2011-10-14T10:52:29Z
2011,REG,IND,6,00-0010346,QB,Peyton Manning,Peyton,Manning,Neck,,Out,Neck,,Out (Definitely Will Not Play),2011-10-14T10:55:12Z
2011,REG,IND,6,00-0024245,RB,Joseph Addai,Joseph,Addai,Hamstring,,Questionable,Hamstring,,Did Not Participate In Practice,2011-10-14T10:53:37Z
2011,REG,IND,6,00-0027960,T,Anthony Castonzo,Anthony,Castonzo,Ankle,,Questionable,Ankle,,Did Not Participate In Practice,2011-10-14T10:53:53Z
2011,REG,IND,6,00-0028025,DT,Drake Nevis,Drake,Nevis,Back,,Questionable,Back,,Did Not Participate In Practice,2011-10-14T10:56:30Z
2011,REG,IND,6,00-0027064,CB,Jerraud Powers,Jerraud,Powers,Hamstring,,Questionable,Hamstring,,Did Not Participate In Practice,2011-10-14T10:56:39Z
2011,REG,IND,6,00-0020399,G,Ryan Diem,Ryan,Diem,Ankle,,Questionable,Ankle,,Full Participation in Practice,2011-10-14T10:54:15Z
2011,REG,IND,6,00-0027761,TE,Brody Eldridge,Brody,Eldridge,Knee,,Questionable,Knee,,Full Participation in Practice,2011-10-14T10:54:28Z
2011,REG,IND,6,00-0003292,QB,Kerry Collins,Kerry,Collins,Concussion,,Questionable,Concussion,,Limited Participation in Practice,2011-10-14T10:54:02Z
2011,REG,JAX,6,00-0022897,RB,Greg Jones,Greg,Jones,,,,Not Injury Related,,Limited Participation in Practice,2011-10-12T12:48:23Z
2011,REG,JAX,6,00-0024275,RB,Maurice Jones-Drew,Maurice,Jones-Drew,,,,Not Injury Related,,Limited Participation in Practice,2011-10-12T12:48:35Z
2011,REG,JAX,6,00-0022080,CB,Rashean Mathis,Rashean,Mathis,,,,Not Injury Related,,Limited Participation in Practice,2011-10-12T12:49:07Z
2011,REG,JAX,6,00-0024103,RB,Montell Owens,Montell,Owens,Knee,,Out,Knee,,Did Not Participate In Practice,2011-10-14T10:26:20Z
2011,REG,JAX,6,00-0025523,LB,Clint Session,Clint,Session,Elbow,,Out,Elbow,,Did Not Participate In Practice,2011-10-14T10:26:31Z
2011,REG,JAX,6,00-0024290,G,Jason Spitz,Jason,Spitz,Quadricep,,Out,Quadricep,,Did Not Participate In Practice,2011-10-14T10:26:46Z
2011,REG,JAX,6,00-0027047,CB,Derek Cox,Derek,Cox,Groin,,Doubtful,Groin,,Limited Participation in Practice,2011-10-14T10:25:28Z
2011,REG,JAX,6,00-0026984,T,Eugene Monroe,Eugene,Monroe,Shoulder,,Questionable,Shoulder,,Limited Participation in Practice,2011-10-14T10:25:53Z
2011,REG,JAX,6,00-0021570,WR,Kassim Osgood,Kassim,Osgood,Hamstring,,Questionable,Hamstring,,Limited Participation in Practice,2011-10-14T10:26:10Z
2011,REG,JAX,6,00-0021269,DE,Aaron Kampman,Aaron,Kampman,Knee,,Probable,Knee,,Did Not Participate In Practice,2011-10-14T10:25:05Z
2011,REG,JAX,6,00-0027862,DT,Tyson Alualu,Tyson,Alualu,Knee,,Probable,Knee,,Full Participation in Practice,2011-10-14T10:25:05Z
2011,REG,JAX,6,00-0024403,CB,Drew Coleman,Drew,Coleman,Head,,Probable,Head,,Full Participation in Practice,2011-10-14T10:25:05Z
2011,REG,JAX,6,00-0026960,S,Courtney Greene,Courtney,Greene,Neck,,Probable,Neck,,Full Participation in Practice,2011-10-14T10:25:05Z
2011,REG,JAX,6,00-0025463,WR,Jason Hill,Jason,Hill,Thigh,,Probable,Thigh,,Full Participation in Practice,2011-10-14T10:25:05Z
2011,REG,JAX,6,00-0027125,TE,Zach Miller,Zach,Miller,Shoulder,,Probable,Shoulder,,Full Participation in Practice,2011-10-14T10:25:05Z
2011,REG,JAX,6,00-0022839,LB,Daryl Smith,Daryl,Smith,Head,,Probable,Head,,Full Participation in Practice,2011-10-14T10:25:05Z
2011,REG,JAX,6,00-0024344,T,Guy Whimper,Guy,Whimper,Hip,,Probable,Hip,,Full Participation in Practice,2011-10-14T10:25:05Z
2011,REG,MIA,6,00-0027744,CB,Nolan Carroll,Nolan,Carroll,Hamstring,,Questionable,Hamstring,,Limited Participation in Practice,2011-10-15T10:58:12Z
2011,REG,MIA,6,00-0027115,S,Chris Clemons,Chris,Clemons,Hamstring,,Questionable,Hamstring,,Limited Participation in Practice,2011-10-15T10:58:48Z
2011,REG,MIA,6,00-0028000,RB,Daniel Thomas,Daniel,Thomas,Hamstring,,Questionable,Hamstring,,Limited Participation in Practice,2011-10-15T10:59:28Z
2011,REG,MIA,6,00-0028253,TE,Will Yeatman,Will,Yeatman,Shoulder,,Questionable,Shoulder,,Limited Participation in Practice,2011-10-15T10:59:57Z
2011,REG,MIA,6,00-0027001,CB,Vontae Davis,Vontae,Davis,Hamstring,,Probable,Hamstring,,Full Participation in Practice,2011-10-15T10:55:55Z
2011,REG,MIA,6,00-0024102,DE,Tony McDaniel,Tony,McDaniel,Hand,,Probable,Hand,,Full Participation in Practice,2011-10-15T10:55:55Z
2011,REG,MIA,6,00-0027883,LB,Koa Misi,Koa,Misi,Neck,,Probable,Neck,,Full Participation in Practice,2011-10-15T10:55:55Z
2011,REG,MIN,6,00-0018093,CB,Antoine Winfield,Antoine,Winfield,Neck,,Doubtful,Neck,,Did Not Participate In Practice,2011-10-14T12:30:32Z
2011,REG,MIN,6,00-0026998,WR,Percy Harvin,Percy,Harvin,Ribs,,Questionable,Ribs,,Limited Participation in Practice,2011-10-14T12:30:25Z
2011,REG,MIN,6,00-0025940,S,Husain Abdullah,Husain,Abdullah,Pelvis,,Probable,Pelvis,,Full Participation in Practice,2011-10-14T12:30:16Z
2011,REG,MIN,6,00-0022740,DE,Jared Allen,Jared,Allen,Eye,,Probable,Eye,,Full Participation in Practice,2011-10-14T12:30:16Z
2011,REG,MIN,6,00-0026486,LB,Kenny Onatolu,Kenny,Onatolu,Hamstring,,Probable,Hamstring,,Full Participation in Practice,2011-10-14T12:30:16Z
2011,REG,MIN,6,00-0022081,LB,E.J. Henderson,E.J.,Henderson,Knee,,Probable,Knee,,Limited Participation in Practice,2011-10-14T12:30:16Z
2011,REG,NE,6,00-0022712,DT,Vince Wilfork,Vince,Wilfork,,,,Not Injury Related,,Did Not Participate In Practice,2011-10-13T13:04:08Z
2011,REG,NE,6,00-0023255,DE,Mike Wright,Mike,Wright,,,,Concussion,Placed On Injured Reserve,Did Not Participate In Practice,2011-10-13T13:03:01Z
2011,REG,NE,6,00-0026360,S,Josh Barrett,Josh,Barrett,Thumb,Hamstring,Out,Thumb,Hamstring,Did Not Participate In Practice,2011-10-14T12:49:56Z
2011,REG,NE,6,00-0021612,CB,Leigh Bodden,Leigh,Bodden,Thumb,,Questionable,Thumb,,Limited Participation in Practice,2011-10-14T12:50:06Z
2011,REG,NE,6,00-0027232,S,Sergio Brown,Sergio,Brown,Chest,,Questionable,Chest,,Limited Participation in Practice,2011-10-14T12:50:13Z
2011,REG,NE,6,00-0027971,CB,Ras-I Dowling,Ras-I,Dowling,Hip,,Questionable,Hip,,Limited Participation in Practice,2011-10-14T12:50:23Z
2011,REG,NE,6,00-0027150,WR,Julian Edelman,Julian,Edelman,Ankle,,Questionable,Ankle,,Limited Participation in Practice,2011-10-14T12:50:31Z
2011,REG,NE,6,00-0025860,RB,BenJarvus Green-Ellis,BenJarvus,Green-Ellis,Toe,,Questionable,Toe,,Limited Participation in Practice,2011-10-14T12:50:42Z
2011,REG,NE,6,00-0021149,DE,Albert Haynesworth,Albert,Haynesworth,Back,,Questionable,Back,,Limited Participation in Practice,2011-10-14T12:50:54Z
2011,REG,NE,6,00-0027713,TE,Aaron Hernandez,Aaron,Hernandez,Knee,,Questionable,Knee,,Limited Participation in Practice,2011-10-14T12:51:11Z
2011,REG,NE,6,00-0027236,DT,Kyle Love,Kyle,Love,Back,,Questionable,Back,,Limited Participation in Practice,2011-10-14T12:51:23Z
2011,REG,NE,6,00-0026150,LB,Jerod Mayo,Jerod,Mayo,Knee,,Questionable,Knee,,Limited Participation in Practice,2011-10-14T12:51:33Z
2011,REG,NE,6,00-0026293,WR,Matt Slater,Matt,Slater,Ribs,,Questionable,Ribs,,Limited Participation in Practice,2011-10-14T12:51:40Z
2011,REG,NE,6,00-0027034,T,Sebastian Vollmer,Sebastian,Vollmer,Back,,Questionable,Back,,Limited Participation in Practice,2011-10-14T12:51:50Z
2011,REG,NE,6,00-0026019,RB,Danny Woodhead,Danny,Woodhead,Ankle,,Questionable,Ankle,,Limited Participation in Practice,2011-10-14T12:52:12Z
2011,REG,NE,6,00-0027010,S,Patrick Chung,Patrick,Chung,Hand,,Probable,Hand,,Full Participation in Practice,2011-10-14T12:49:40Z
2011,REG,NE,6,00-0027237,LB,Dane Fletcher,Dane,Fletcher,Thumb,,Probable,Thumb,,Full Participation in Practice,2011-10-14T12:49:40Z
2011,REG,NO,6,00-0009472,C,Olin Kreutz,Olin,Kreutz,,,,Knee,,Full Participation in Practice,2011-10-12T12:58:10Z
2011,REG,NO,6,00-0025548,LB,Will Herring,Will,Herring,Hamstring,,Out,Hamstring,,Did Not Participate In Practice,2011-10-14T11:37:12Z
2011,REG,NO,6,00-0024424,T,Zach Strief,Zach,Strief,Knee,,Out,Knee,,Did Not Participate In Practice,2011-10-14T11:37:03Z
2011,REG,NO,6,00-0024301,TE,David Thomas,David,Thomas,Concussion,,Out,Concussion,,Did Not Participate In Practice,2011-10-14T11:37:29Z
2011,REG,NO,6,00-0021304,TE,John Gilmore,John,Gilmore,Neck,,Probable,Neck,,Full Participation in Practice,2011-10-14T11:36:49Z
2011,REG,NO,6,00-0022929,WR,Devery Henderson,Devery,Henderson,Calf,,Probable,Calf,,Full Participation in Practice,2011-10-14T11:36:49Z
2011,REG,NO,6,00-0028010,LB,Martez Wilson,Martez,Wilson,Neck,,Probable,Neck,,Full Participation in Practice,2011-10-14T11:36:49Z
2011,REG,NO,6,00-0022778,LB,Jonathan Vilma,Jonathan,Vilma,Knee,,Probable,Knee,,Limited Participation in Practice,2011-10-14T11:36:49Z
2011,REG,NYG,6,00-0027957,CB,Prince Amukamara,Prince,Amukamara,Foot,,Out,Foot,,Did Not Participate In Practice,2011-10-14T12:38:01Z
2011,REG,NYG,6,00-0028492,RB,Henry Hynoski,Henry,Hynoski,Neck,,Out,Neck,,Did Not Participate In Practice,2011-10-14T12:38:49Z
2011,REG,NYG,6,00-0023545,RB,Brandon Jacobs,Brandon,Jacobs,Knee,,Out,Knee,,Did Not Participate In Practice,2011-10-14T12:38:58Z
2011,REG,NYG,6,00-0022838,G,Chris Snee,Chris,Snee,Concussion,,Out,Concussion,,Did Not Participate In Practice,2011-10-14T12:39:11Z
2011,REG,NYG,6,00-0023509,DE,Justin Tuck,Justin,Tuck,Groin,Neck,Out,Groin,Neck,Did Not Participate In Practice,2011-10-14T12:39:17Z
2011,REG,NYG,6,00-0023468,C,David Baas,David,Baas,Neck,,Questionable,Neck,,Limited Participation in Practice,2011-10-14T12:38:09Z
2011,REG,NYG,6,00-0025503,LS,Zak DeOssie,Zak,DeOssie,Concussion,,Questionable,Concussion,,Limited Participation in Practice,2011-10-14T12:38:27Z
2011,REG,NYG,6,00-0023593,LB,Michael Boley,Michael,Boley,Knee,,Probable,Knee,,Limited Participation in Practice,2011-10-14T12:38:40Z
2011,REG,NYG,6,00-0021977,DE,Osi Umenyiora,Osi,Umenyiora,Knee,,Probable,Knee,,Limited Participation in Practice,2011-10-14T12:37:52Z
2011,REG,NYJ,6,00-0026016,DE,Ropati Pitoitua,Ropati,Pitoitua,Knee,,Out,Knee,,Did Not Participate In Practice,2011-10-15T11:12:21Z
2011,REG,NYJ,6,00-0027915,CB,Isaiah Trufant,Isaiah,Trufant,Hamstring,,Out,Hamstring,,Did Not Participate In Practice,2011-10-15T11:12:44Z
2011,REG,NYJ,6,00-0022158,CB,Donald Strickland,Donald,Strickland,Concussion,,Out,Concussion,,Limited Participation in Practice,2011-10-15T11:12:30Z
2011,REG,NYJ,6,00-0024595,WR,Logan Payne,Logan,Payne,Wrist,,Out,Wrist,,Out (Definitely Will Not Play),2011-10-15T11:12:14Z
2011,REG,NYJ,6,00-0024244,C,Nick Mangold,Nick,Mangold,Ankle,,Questionable,Ankle,,Limited Participation in Practice,2011-10-15T11:12:58Z
2011,REG,NYJ,6,00-0024588,CB,Marquice Cole,Marquice,Cole,Hamstring,,Probable,Hamstring,,Full Participation in Practice,2011-10-15T11:11:55Z
2011,REG,NYJ,6,00-0026043,DT,Marcus Dixon,Marcus,Dixon,Shoulder,,Probable,Shoulder,,Full Participation in Practice,2011-10-15T11:11:55Z
2011,REG,NYJ,6,00-0023904,LB,Garrett McIntyre,Garrett,McIntyre,Concussion,,Probable,Concussion,,Full Participation in Practice,2011-10-15T11:11:55Z
2011,REG,NYJ,6,00-0026493,LS,Tanner Purdum,Tanner,Purdum,Low Back,,Probable,Low Back,,Full Participation in Practice,2011-10-15T11:11:55Z
2011,REG,NYJ,6,00-0020873,LB,Bart Scott,Bart,Scott,Toe,,Probable,Toe,,Full Participation in Practice,2011-10-15T11:11:55Z
2011,REG,NYJ,6,00-0027624,DT,Martin Tevaseu,Martin,Tevaseu,Low Back,,Probable,Low Back,,Full Participation in Practice,2011-10-15T11:11:55Z
2011,REG,NYJ,6,00-0020536,RB,LaDainian Tomlinson,LaDainian,Tomlinson,Calf,,Probable,Calf,,Full Participation in Practice,2011-10-15T11:11:55Z
2011,REG,NYJ,6,00-0027968,DE,Muhammad Wilkerson,Muhammad,Wilkerson,Shoulder,,Probable,Shoulder,,Full Participation in Practice,2011-10-15T11:11:55Z
2011,REG,OAK,6,00-0028051,CB,Chimdi Chekwa,Chimdi,Chekwa,Hamstring,,Out,Hamstring,,Did Not Participate In Practice,2011-10-14T12:45:41Z
2011,REG,OAK,6,00-0028119,TE,Richard Gordon,Richard,Gordon,Hand,,Out,Hand,,Did Not Participate In Practice,2011-10-14T12:46:25Z
2011,REG,OAK,6,00-0021949,CB,Chris Johnson,Chris,Johnson,Hamstring,Groin,Out,Hamstring,Groin,Did Not Participate In Practice,2011-10-14T12:46:37Z
2011,REG,OAK,6,00-0027045,DE,Matt Shaughnessy,Matt,Shaughnessy,Shoulder,,Out,Shoulder,,Did Not Participate In Practice,2011-10-14T12:48:14Z
2011,REG,OAK,6,00-0021357,RB,Rock Cartwright,Rock,Cartwright,Calf,,Questionable,Calf,,Did Not Participate In Practice,2011-10-14T12:45:23Z
2011,REG,OAK,6,00-0026393,RB,Marcel Reece,Marcel,Reece,Ankle,,Questionable,Ankle,,Did Not Participate In Practice,2011-10-14T12:47:46Z
2011,REG,OAK,6,00-0024222,S,Michael Huff,Michael,Huff,Ankle,,Questionable,Ankle,,Limited Participation in Practice,2011-10-14T12:46:04Z
2011,REG,OAK,6,00-0027904,LB,Rolando McClain,Rolando,McClain,Ankle,,Questionable,Ankle,,Limited Participation in Practice,2011-10-14T12:46:54Z
2011,REG,OAK,6,00-0023460,QB,Jason Campbell,Jason,Campbell,Foot,,Probable,Foot,,Full Participation in Practice,2011-10-14T12:45:01Z
2011,REG,OAK,6,00-0023569,S,Matt Giordano,Matt,Giordano,Concussion,Groin,Probable,Concussion,Groin,Full Participation in Practice,2011-10-14T12:45:01Z
2011,REG,OAK,6,00-0027023,S,Michael Mitchell,Michael,Mitchell,Knee,,Probable,Knee,,Full Participation in Practice,2011-10-14T12:45:01Z
2011,REG,OAK,6,00-0027089,WR,Louis Murphy,Louis,Murphy,Groin,,Probable,Groin,,Full Participation in Practice,2011-10-14T12:45:01Z
2011,REG,OAK,6,00-0027135,TE,Brandon Myers,Brandon,Myers,Ribs,,Probable,Ribs,,Limited Participation in Practice,2011-10-14T12:45:01Z
2011,REG,OAK,6,00-0025447,C,Samson Satele,Samson,Satele,Ribs,,Probable,Ribs,,Limited Participation in Practice,2011-10-14T12:45:01Z
2011,REG,OAK,6,00-0020442,DT,Richard Seymour,Richard,Seymour,Knee,,Probable,Knee,,Limited Participation in Practice,2011-10-14T12:45:01Z
2011,REG,PHI,6,00-0023579,DE,Trent Cole,Trent,Cole,Calf,,Out,Calf,,Did Not Participate In Practice,2011-10-14T11:03:22Z
2011,REG,PHI,6,00-0022531,T,Jason Peters,Jason,Peters,Hamstring,,Out,Hamstring,,Did Not Participate In Practice,2011-10-14T11:03:33Z
2011,REG,PHI,6,00-0026370,T,King Dunlap,King,Dunlap,Back,,Questionable,Back,,Did Not Participate In Practice,2011-10-14T11:03:41Z
2011,REG,PHI,6,00-0027652,S,Nate Allen,Nate,Allen,Knee,,Probable,Knee,,Full Participation in Practice,2011-10-14T11:02:57Z
2011,REG,PHI,6,00-0024324,WR,Jason Avant,Jason,Avant,Hip,,Probable,Hip,,Full Participation in Practice,2011-10-14T11:02:57Z
2011,REG,PHI,6,00-0021706,DT,Cullen Jenkins,Cullen,Jenkins,Tricep,,Probable,Tricep,,Full Participation in Practice,2011-10-14T11:02:57Z
2011,REG,PHI,6,00-0024254,T,Winston Justice,Winston,Justice,Knee,,Probable,Knee,,Full Participation in Practice,2011-10-14T11:02:57Z
2011,REG,PHI,6,00-0024442,S,Jarrad Page,Jarrad,Page,Stinger,,Probable,Stinger,,Full Participation in Practice,2011-10-14T11:02:57Z
2011,REG,PHI,6,00-0025438,WR,Steve Smith,Steve,Smith,Knee,,Probable,Knee,,Full Participation in Practice,2011-10-14T11:02:57Z
2011,REG,PHI,6,00-0024278,DE,Darryl Tapp,Darryl,Tapp,Pectoral,,Probable,Pectoral,,Full Participation in Practice,2011-10-14T11:02:57Z
2011,REG,PHI,6,00-0028099,G,Julian Vandervelde,Julian,Vandervelde,Elbow,,Probable,Elbow,,Full Participation in Practice,2011-10-14T11:02:57Z
2011,REG,PHI,6,00-0019986,DE,Juqua Parker,Juqua,Parker,Ankle,,Probable,Ankle,,Limited Participation in Practice,2011-10-14T11:02:57Z
2011,REG,PIT,6,00-0017162,WR,Hines Ward,Hines,Ward,,,,Not Injury Related,,Did Not Participate In Practice,2011-10-12T12:31:05Z
2011,REG,PIT,6,00-0028001,T,Marcus Gilbert,Marcus,Gilbert,Shoulder,,Out,Shoulder,,Did Not Participate In Practice,2011-10-14T11:10:14Z
2011,REG,PIT,6,00-0020426,T,Casey Hampton,Casey,Hampton,Shoulder,,Out,Shoulder,,Did Not Participate In Practice,2011-10-14T11:10:37Z
2011,REG,PIT,6,00-0020712,LB,James Harrison,James,Harrison,Eye,,Out,Eye,,Did Not Participate In Practice,2011-10-14T11:10:43Z
2011,REG,PIT,6,00-0023362,G,Chris Kemoeatu,Chris,Kemoeatu,Knee,,Out,Knee,,Did Not Participate In Practice,2011-10-14T11:10:49Z
2011,REG,PIT,6,00-0022217,RB,Mewelde Moore,Mewelde,Moore,Ankle,,Out,Ankle,,Did Not Participate In Practice,2011-10-14T11:10:57Z
2011,REG,PIT,6,00-0015080,DE,Aaron Smith,Aaron,Smith,Foot,,Out,Foot,,Did Not Participate In Practice,2011-10-14T11:11:01Z
2011,REG,PIT,6,00-0027889,LB,Jason Worilds,Jason,Worilds,Quadricep,,Out,Quadricep,,Full Participation in Practice,2011-10-14T11:11:11Z
2011,REG,PIT,6,00-0028066,CB,Cortez Allen,Cortez,Allen,Ankle,,Probable,Ankle,,Full Participation in Practice,2011-10-14T11:10:01Z
2011,REG,PIT,6,00-0020840,S,Ryan Clark,Ryan,Clark,Quadricep,,Probable,Quadricep,,Full Participation in Practice,2011-10-14T11:10:01Z
2011,REG,SF,6,00-0027375,CB,Tramaine Brock,Tramaine,Brock,Hand,,Out,Hand,,Out (Definitely Will Not Play),2011-10-14T12:46:36Z
2011,REG,SF,6,00-0023438,WR,Braylon Edwards,Braylon,Edwards,Knee,,Out,Knee,,Out (Definitely Will Not Play),2011-10-14T12:46:45Z
2011,REG,SF,6,00-0020508,RB,Moran Norris,Moran,Norris,Fibula,,Out,Fibula,,Out (Definitely Will Not Play),2011-10-14T12:46:55Z
2011,REG,SF,6,00-0027894,LB,Navorro Bowman,Navorro,Bowman,Neck,,Probable,Neck,,Full Participation in Practice,2011-10-14T12:46:28Z
2011,REG,SF,6,00-0025396,WR,Ted Ginn,Ted,Ginn,Finger,,Probable,Finger,,Full Participation in Practice,2011-10-14T12:46:28Z
2011,REG,SF,6,00-0026986,WR,Michael Crabtree,Michael,Crabtree,Feet,,Probable,Feet,,Limited Participation in Practice,2011-10-14T12:46:28Z
2011,REG,SF,6,00-0025513,S,Dashon Goldson,Dashon,Goldson,Knee,,Probable,Knee,,Limited Participation in Practice,2011-10-14T12:46:28Z
2011,REG,SF,6,00-0027869,G,Mike Iupati,Mike,Iupati,Knee,,Probable,Knee,,Limited Participation in Practice,2011-10-14T12:46:28Z
2011,REG,SF,6,00-0023529,G,Adam Snyder,Adam,Snyder,Forearm,,Probable,Forearm,,Limited Participation in Practice,2011-10-14T12:46:28Z
2011,REG,SF,6,00-0022863,DT,Isaac Sopoaga,Isaac,Sopoaga,Infection,,Probable,Infection,,Limited Participation in Practice,2011-10-14T12:46:28Z
2011,REG,SF,6,00-0022843,CB,Shawntae Spencer,Shawntae,Spencer,Toe,,Probable,Toe,,Limited Participation in Practice,2011-10-14T12:46:28Z
2011,REG,STL,6,00-0027503,CB,Josh Gordy,Josh,Gordy,,,,Not Football Related,,Did Not Participate In Practice,2011-10-12T12:39:50Z
2011,REG,STL,6,00-0022875,G,Jacob Bell,Jacob,Bell,Hamstring,,Questionable,Hamstring,,Limited Participation in Practice,2011-10-14T11:22:40Z
2011,REG,STL,6,00-0027732,TE,Michael Hoomanawanui,Michael,Hoomanawanui,Head,,Questionable,Head,,Limited Participation in Practice,2011-10-14T11:22:53Z
2011,REG,STL,6,00-0019387,DE,James Hall,James,Hall,Back,,Probable,Back,,Full Participation in Practice,2011-10-14T11:22:28Z
2011,REG,STL,6,00-0028394,LS,Jake McQuaide,Jake,McQuaide,Illness,,Probable,Illness,,Full Participation in Practice,2011-10-14T11:22:28Z
2011,REG,STL,6,00-0027073,DT,Darell Scott,Darell,Scott,Thumb,,Probable,Thumb,,Full Participation in Practice,2011-10-14T11:22:28Z
2011,REG,TB,6,00-0022922,TE,Kellen Winslow,Kellen,Winslow,,,,Not Injury Related,,Did Not Participate In Practice,2011-10-12T12:37:55Z
2011,REG,TB,6,00-0027856,DT,Gerald McCoy,Gerald,McCoy,Ankle,,Out,Ankle,,Did Not Participate In Practice,2011-10-14T12:50:56Z
2011,REG,TB,6,00-0028042,TE,Luke Stocker,Luke,Stocker,Knee,,Out,Knee,,Did Not Participate In Practice,2011-10-14T12:51:01Z
2011,REG,TB,6,00-0026953,WR,Sammie Stroughter,Sammie,Stroughter,Foot,,Out,Foot,,Did Not Participate In Practice,2011-10-14T12:51:16Z
2011,REG,TB,6,00-0027325,RB,LeGarrette Blount,LeGarrette,Blount,Knee,,Doubtful,Knee,,Did Not Participate In Practice,2011-10-14T12:50:34Z
2011,REG,TB,6,00-0028022,LB,Mason Foster,Mason,Foster,Ankle,,Questionable,Ankle,,Full Participation in Practice,2011-10-14T12:50:49Z
2011,REG,TB,6,00-0025605,LB,Zach Diles,Zach,Diles,Hamstring,,Questionable,Hamstring,,Limited Participation in Practice,2011-10-14T12:50:43Z
2011,REG,TB,6,00-0025455,LB,Quincy Black,Quincy,Black,Ankle,,Probable,Ankle,,Full Participation in Practice,2011-10-14T12:50:20Z
2011,REG,TB,6,00-0026080,T,James Lee,James,Lee,Knee,,Probable,Knee,,Full Participation in Practice,2011-10-14T12:50:20Z
2011,REG,TB,6,00-0026160,CB,Aqib Talib,Aqib,Talib,Knee,,Probable,Knee,,Full Participation in Practice,2011-10-14T12:50:20Z
2011,REG,WAS,6,00-0026465,WR,Anthony Armstrong,Anthony,Armstrong,Hamstring,,Questionable,Hamstring,,Limited Participation in Practice,2011-10-14T11:03:18Z
2011,REG,WAS,6,00-0021151,CB,Phillip Buchanon,Phillip,Buchanon,Neck,,Questionable,Neck,,Limited Participation in Practice,2011-10-14T11:03:31Z
2011,REG,WAS,6,00-0022738,TE,Chris Cooley,Chris,Cooley,Knee,,Questionable,Knee,,Limited Participation in Practice,2011-10-14T11:03:37Z
2011,REG,WAS,6,00-0022923,CB,DeAngelo Hall,DeAngelo,Hall,Knee,,Questionable,Knee,,Limited Participation in Practice,2011-10-14T11:04:04Z
2011,REG,WAS,6,00-0026289,RB,Tim Hightower,Tim,Hightower,Shoulder,,Questionable,Shoulder,,Limited Participation in Practice,2011-10-14T11:03:44Z
2011,REG,WAS,6,00-0023501,S,Oshiomogho Atogwe,Oshiomogho,Atogwe,Toe,,Probable,Toe,,Full Participation in Practice,2011-10-14T11:03:04Z
2011,REG,WAS,6,00-0026852,RB,Darrel Young,Darrel,Young,Hamstring,,Probable,Hamstring,,Full Participation in Practice,2011-10-14T11:03:04Z
2011,REG,ARI,7,00-0023557,S,Kerry Rhodes,Kerry,Rhodes,Foot,,Out,Foot,,Did Not Participate In Practice,2011-10-21T12:34:10Z
2011,REG,ARI,7,00-0020516,TE,Todd Heap,Todd,Heap,Hamstring,,Questionable,Hamstring,,Did Not Participate In Practice,2011-10-21T12:34:03Z
2011,REG,ARI,7,00-0027825,TE,Jim Dray,Jim,Dray,Pectoral,,Questionable,Pectoral,,Limited Participation in Practice,2011-10-21T12:33:57Z
2011,REG,ARI,7,00-0013126,LB,Joey Porter,Joey,Porter,Knee,,Probable,Knee,,Full Participation in Practice,2011-10-21T12:33:49Z
2011,REG,ARI,7,00-0021235,P,Dave Zastudil,Dave,Zastudil,right Knee,,Probable,right Knee,,Full Participation in Practice,2011-10-21T12:33:49Z
2011,REG,ATL,7,00-0027062,CB,Christopher Owens,Christopher,Owens,Concussion,,Out,Concussion,,Did Not Participate In Practice,2011-10-21T11:54:13Z
2011,REG,ATL,7,00-0027944,WR,Julio Jones,Julio,Jones,Hamstring,,Doubtful,Hamstring,,Did Not Participate In Practice,2011-10-21T11:53:46Z
2011,REG,ATL,7,00-0019546,DE,John Abraham,John,Abraham,Groin,,Questionable,Groin,,Limited Participation in Practice,2011-10-21T11:53:21Z
2011,REG,ATL,7,00-0026161,T,Sam Baker,Sam,Baker,Back,,Questionable,Back,,Limited Participation in Practice,2011-10-21T11:53:37Z
2011,REG,ATL,7,00-0010711,C,Todd McClure,Todd,McClure,Knee,,Questionable,Knee,,Limited Participation in Practice,2011-10-21T11:54:00Z
2011,REG,ATL,7,00-0027110,G,Garrett Reynolds,Garrett,Reynolds,Ankle,,Questionable,Ankle,,Limited Participation in Practice,2011-10-21T11:54:36Z
2011,REG,ATL,7,00-0023494,DT,Jonathan Babineaux,Jonathan,Babineaux,Knee,,Probable,Knee,,Full Participation in Practice,2011-10-21T11:53:06Z
2011,REG,ATL,7,00-0006101,TE,Tony Gonzalez,Tony,Gonzalez,Elbow,,Probable,Elbow,,Full Participation in Practice,2011-10-21T11:53:06Z
2011,REG,ATL,7,00-0023567,S,James Sanders,James,Sanders,Hamstring,,Probable,Hamstring,,Full Participation in Practice,2011-10-21T11:53:06Z
2011,REG,ATL,7,00-0023462,WR,Roddy White,Roddy,White,Knee,,Probable,Knee,,Full Participation in Practice,2011-10-21T11:53:06Z
2011,REG,BAL,7,00-0022910,WR,Lee Evans,Lee,Evans,Ankle,,Out,Ankle,,Did Not Participate In Practice,2011-10-22T10:49:42Z
2011,REG,BAL,7,00-0025416,G,Ben Grubbs,Ben,Grubbs,Toe,,Out,Toe,,Did Not Participate In Practice,2011-10-22T10:49:54Z
2011,REG,BAL,7,00-0028163,RB,Anthony Allen,Anthony,Allen,Thigh,,Out,Thigh,,Out (Definitely Will Not Play),2011-10-22T10:49:03Z
2011,REG,BAL,7,00-0026857,LB,Dannell Ellerbe,Dannell,Ellerbe,Thigh,,Out,Thigh,,Out (Definitely Will Not Play),2011-10-22T10:49:28Z
2011,REG,BAL,7,00-0026226,S,Tom Zbikowski,Tom,Zbikowski,Head,,Doubtful,Head,,Limited Participation in Practice,2011-10-22T10:50:19Z
2011,REG,BAL,7,00-0023008,CB,Chris Carr,Chris,Carr,Thigh,,Questionable,Thigh,,Limited Participation in Practice,2011-10-22T10:49:16Z
2011,REG,BAL,7,00-0022139,DT,Jarret Johnson,Jarret,Johnson,Back,,Probable,Back,,Full Participation in Practice,2011-10-22T10:48:02Z
2011,REG,BAL,7,00-0027965,CB,Jimmy Smith,Jimmy,Smith,Ankle,,Probable,Ankle,,Full Participation in Practice,2011-10-22T10:48:02Z
2011,REG,BAL,7,00-0027755,WR,David Reed,David,Reed,Finger,,Probable,Finger,,Limited Participation in Practice,2011-10-22T10:48:38Z
2011,REG,CAR,7,00-0024382,LB,Omar Gaither,Omar,Gaither,Knee,,Doubtful,Knee,,Did Not Participate In Practice,2011-10-21T11:15:31Z
2011,REG,CAR,7,00-0027799,S,Jordan Pugh,Jordan,Pugh,Head,,Doubtful,Head,,Did Not Participate In Practice,2011-10-21T11:16:20Z
2011,REG,CAR,7,00-0025418,TE,Greg Olsen,Greg,Olsen,Toe,,Probable,Toe,,Full Participation in Practice,2011-10-21T11:15:53Z
2011,REG,CAR,7,00-0021148,TE,Jeremy Shockey,Jeremy,Shockey,Not Injury Related,,Probable,Not Injury Related,,Full Participation in Practice,2011-10-21T11:16:41Z
2011,REG,CAR,7,00-0026295,LB,Thomas Williams,Thomas,Williams,Head,,Probable,Head,,Full Participation in Practice,2011-10-21T11:17:11Z
2011,REG,CHI,7,00-0027967,T,Gabe Carimi,Gabe,Carimi,Knee,,Out,Knee,,Did Not Participate In Practice,2011-10-21T11:07:58Z
2011,REG,CHI,7,00-0025574,DT,Matt Toeaina,Matt,Toeaina,Knee,,Out,Knee,,Did Not Participate In Practice,2011-10-21T11:08:07Z
2011,REG,CHI,7,00-0026210,WR,Earl Bennett,Earl,Bennett,Chest,,Probable,Chest,,Full Participation in Practice,2011-10-21T11:07:49Z
2011,REG,CHI,7,00-0026298,TE,Kellen Davis,Kellen,Davis,Elbow,,Probable,Elbow,,Full Participation in Practice,2011-10-21T11:07:49Z
2011,REG,CHI,7,00-0024272,WR,Devin Hester,Devin,Hester,Chest,,Probable,Chest,,Full Participation in Practice,2011-10-21T11:07:49Z
2011,REG,CHI,7,00-0028357,S,Anthony Walters,Anthony,Walters,Knee,,Probable,Knee,,Full Participation in Practice,2011-10-21T11:07:49Z
2011,REG,CHI,7,00-0027680,S,Major Wright,Major,Wright,Hip,,Probable,Hip,,Full Participation in Practice,2011-10-21T11:07:49Z
2011,REG,CLE,7,00-0021259,LB,Scott Fujita,Scott,Fujita,Head,,Out,Head,,Did Not Participate In Practice,2011-10-21T12:04:21Z
2011,REG,CLE,7,00-0026367,RB,Peyton Hillis,Peyton,Hillis,Hamstring,,Questionable,Hamstring,,Did Not Participate In Practice,2011-10-21T12:05:17Z
2011,REG,CLE,7,00-0023316,S,Raymond Ventrone,Raymond,Ventrone,Hamstring,,Questionable,Hamstring,,Did Not Participate In Practice,2011-10-21T12:09:11Z
2011,REG,CLE,7,00-0027860,CB,Joe Haden,Joe,Haden,Knee,,Questionable,Knee,,Limited Participation in Practice,2011-10-21T12:04:44Z
2011,REG,CLE,7,00-0020801,G,Artis Hicks,Artis,Hicks,Back,,Questionable,Back,,Limited Participation in Practice,2011-10-21T12:05:01Z
2011,REG,CLE,7,00-0022149,T,Tony Pashos,Tony,Pashos,Ankle,,Questionable,Ankle,,Limited Participation in Practice,2011-10-21T12:07:16Z
2011,REG,CLE,7,00-0028075,CB,Buster Skrine,Buster,Skrine,Hip,,Questionable,Hip,,Limited Participation in Practice,2011-10-21T12:08:33Z
2011,REG,CLE,7,00-0026001,LB,Titus Brown,Titus,Brown,Ankle,,Probable,Ankle,,Full Participation in Practice,2011-10-21T12:09:30Z
2011,REG,CLE,7,00-0023176,WR,Joshua Cribbs,Joshua,Cribbs,Knee,,Probable,Knee,,Full Participation in Practice,2011-10-21T12:10:20Z
2011,REG,CLE,7,00-0026997,C,Alex Mack,Alex,Mack,Illness,,Probable,Illness,,Full Participation in Practice,2011-10-21T12:10:36Z
2011,REG,CLE,7,00-0026123,TE,Evan Moore,Evan,Moore,Ankle,,Probable,Ankle,,Full Participation in Practice,2011-10-21T12:10:51Z
2011,REG,DAL,7,00-0022132,G,Derrick Dockery,Derrick,Dockery,Knee,,Out,Knee,,Did Not Participate In Practice,2011-10-21T12:18:29Z
2011,REG,DAL,7,00-0024307,DE,Jason Hatcher,Jason,Hatcher,Calf,,Out,Calf,,Did Not Participate In Practice,2011-10-21T12:18:38Z
2011,REG,DAL,7,00-0026162,RB,Felix Jones,Felix,Jones,Ankle,,Out,Ankle,,Did Not Participate In Practice,2011-10-21T12:18:46Z
2011,REG,DAL,7,00-0027119,K,David Buehler,David,Buehler,right Groin,,Questionable,right Groin,,Limited Participation in Practice,2011-10-21T12:18:18Z
2011,REG,DAL,7,00-0021348,G,Kyle Kosier,Kyle,Kosier,Foot,,Questionable,Foot,,Limited Participation in Practice,2011-10-21T12:18:53Z
2011,REG,DAL,7,00-0023445,LB,DeMarcus Ware,DeMarcus,Ware,Back,,Questionable,Back,,Limited Participation in Practice,2011-10-21T12:19:01Z
2011,REG,DAL,7,00-0027416,S,Barry Church,Barry,Church,Shoulder,,Probable,Shoulder,,Full Participation in Practice,2011-10-21T12:18:10Z
2011,REG,DAL,7,00-0027093,RB,Tony Fiammetta,Tony,Fiammetta,Hamstring,,Probable,Hamstring,,Full Participation in Practice,2011-10-21T12:18:10Z
2011,REG,DAL,7,00-0021678,QB,Tony Romo,Tony,Romo,Ribs,,Probable,Ribs,,Full Participation in Practice,2011-10-21T12:18:10Z
2011,REG,DEN,7,00-0028067,TE,Julius Thomas,Julius,Thomas,Ankle,,Questionable,Ankle,,Limited Participation in Practice,2011-10-21T11:37:46Z
2011,REG,DEN,7,00-0004073,S,Brian Dawkins,Brian,Dawkins,Head,Neck,Probable,Head,Neck,Full Participation in Practice,2011-10-21T11:37:30Z
2011,REG,DEN,7,00-0022178,RB,Willis McGahee,Willis,McGahee,Back,,Probable,Back,,Full Participation in Practice,2011-10-21T11:37:30Z
2011,REG,DEN,7,00-0026182,WR,Eddie Royal,Eddie,Royal,Groin,,Probable,Groin,,Full Participation in Practice,2011-10-21T11:37:30Z
2011,REG,DEN,7,00-0027874,WR,Demaryius Thomas,Demaryius,Thomas,Finger,,Probable,Finger,,Full Participation in Practice,2011-10-21T11:37:30Z
2011,REG,DET,7,00-0027671,S,Amari Spievey,Amari,Spievey,,,,Not Injury Related,,Did Not Participate In Practice,2011-10-19T12:52:50Z
2011,REG,DET,7,00-0020382,DE,Kyle Vanden Bosch,Kyle,Vanden Bosch,,,,Not Injury Related,,Did Not Participate In Practice,2011-10-19T12:53:04Z
2011,REG,DET,7,00-0027880,RB,Jahvid Best,Jahvid,Best,Concussion,,Out,Concussion,,Did Not Participate In Practice,2011-10-21T12:54:25Z
2011,REG,DET,7,00-0023429,WR,Rashied Davis,Rashied,Davis,Feet,,Doubtful,Feet,,Did Not Participate In Practice,2011-10-21T12:54:43Z
2011,REG,DET,7,00-0023543,S,Vincent Fuller,Vincent,Fuller,Elbow,,Doubtful,Elbow,,Limited Participation in Practice,2011-10-21T12:54:49Z
2011,REG,DET,7,00-0027338,CB,Aaron Berry,Aaron,Berry,Groin,,Questionable,Groin,,Limited Participation in Practice,2011-10-21T12:54:18Z
2011,REG,DET,7,00-0027808,DE,Willie Young,Willie,Young,Calf,,Questionable,Calf,,Limited Participation in Practice,2011-10-21T13:32:05Z
2011,REG,DET,7,00-0025440,CB,Eric Wright,Eric,Wright,Illness,,Probable,Illness,,Did Not Participate In Practice,2011-10-21T13:25:57Z
2011,REG,DET,7,00-0028095,LB,Doug Hogue,Doug,Hogue,Hamstring,,Probable,Hamstring,,Full Participation in Practice,2011-10-21T12:54:09Z
2011,REG,DET,7,00-0026157,T,Gosder Cherilus,Gosder,Cherilus,Knee,,Probable,Knee,,Limited Participation in Practice,2011-10-21T12:54:09Z
2011,REG,DET,7,00-0025435,LB,Justin Durant,Justin,Durant,Concussion,,Probable,Concussion,,Limited Participation in Practice,2011-10-21T12:54:09Z
2011,REG,DET,7,00-0025428,CB,Chris Houston,Chris,Houston,Back,,Probable,Back,,Limited Participation in Practice,2011-10-21T12:54:09Z
2011,REG,DET,7,00-0024276,TE,Tony Scheffler,Tony,Scheffler,Concussion,,Probable,Concussion,,Limited Participation in Practice,2011-10-21T12:54:09Z
2011,REG,GB,7,00-0028600,LB,Jamari Lattimore,Jamari,Lattimore,Shoulder,,Out,Shoulder,,Did Not Participate In Practice,2011-10-21T12:12:19Z
2011,REG,GB,7,00-0019702,T,Chad Clifton,Chad,Clifton,Knee,Hamstring,Out,Knee,Hamstring,Out (Definitely Will Not Play),2011-10-21T12:11:25Z
2011,REG,GB,7,00-0027664,DE,Mike Neal,Mike,Neal,Knee,,Out,Knee,,Out (Definitely Will Not Play),2011-10-21T12:12:29Z
2011,REG,GB,7,00-0027442,LB,Frank Zombo,Frank,Zombo,Knee,,Out,Knee,,Out (Definitely Will Not Play),2011-10-21T12:13:07Z
2011,REG,GB,7,00-0027440,CB,Sam Shields,Sam,Shields,Concussion,,Doubtful,Concussion,,Did Not Participate In Practice,2011-10-21T12:12:58Z
2011,REG,GB,7,00-0020515,DE,Ryan Pickett,Ryan,Pickett,Concussion,,Questionable,Concussion,,Did Not Participate In Practice,2011-10-21T12:12:49Z
2011,REG,GB,7,00-0028591,T,Ray Dominguez,Ray,Dominguez,Not Injury Related,,Probable,Not Injury Related,,Did Not Participate In Practice,2011-10-21T12:11:43Z
2011,REG,GB,7,00-0027002,LB,Clay Matthews,Clay,Matthews,Quadricep,,Probable,Quadricep,,Did Not Participate In Practice,2011-10-21T12:11:12Z
2011,REG,GB,7,00-0027768,T,Marshall Newhouse,Marshall,Newhouse,Not Injury Related,,Probable,Not Injury Related,,Did Not Participate In Practice,2011-10-21T12:12:07Z
2011,REG,GB,7,00-0026275,G,Josh Sitton,Josh,Sitton,Knee,,Probable,Knee,,Did Not Participate In Practice,2011-10-21T12:11:12Z
2011,REG,GB,7,00-0027753,TE,Andrew Quarless,Andrew,Quarless,Knee,,Probable,Knee,,Full Participation in Practice,2011-10-21T12:11:12Z
2011,REG,GB,7,00-0027676,S,Morgan Burnett,Morgan,Burnett,Hand,,Probable,Hand,,Limited Participation in Practice,2011-10-21T12:11:12Z
2011,REG,GB,7,00-0018227,CB,Charles Woodson,Charles,Woodson,Foot,Knee,Probable,Foot,Knee,Limited Participation in Practice,2011-10-21T12:11:12Z
2011,REG,HOU,7,00-0022044,WR,Andre Johnson,Andre,Johnson,Hamstring,,Out,Hamstring,,Did Not Participate In Practice,2011-10-21T11:35:09Z
2011,REG,HOU,7,00-0027109,RB,James Casey,James,Casey,Chest,,Doubtful,Chest,,Did Not Participate In Practice,2011-10-21T11:34:40Z
2011,REG,HOU,7,00-0027051,G,Antoine Caldwell,Antoine,Caldwell,Ankle,,Questionable,Ankle,,Limited Participation in Practice,2011-10-21T11:34:13Z
2011,REG,HOU,7,00-0026166,T,Duane Brown,Duane,Brown,Knee,,Probable,Knee,,Full Participation in Practice,2011-10-21T11:33:46Z
2011,REG,HOU,7,00-0026991,LB,Brian Cushing,Brian,Cushing,Elbow,,Probable,Elbow,,Full Participation in Practice,2011-10-21T11:33:46Z
2011,REG,HOU,7,00-0024239,CB,Johnathan Joseph,Johnathan,Joseph,Shoulder,,Probable,Shoulder,,Full Participation in Practice,2011-10-21T11:33:46Z
2011,REG,HOU,7,00-0024225,QB,Matt Leinart,Matt,Leinart,left Thumb,,Probable,left Thumb,,Full Participation in Practice,2011-10-21T11:35:44Z
2011,REG,HOU,7,00-0022787,QB,Matt Schaub,Matt,Schaub,Chest,Hip,Probable,Chest,Hip,Full Participation in Practice,2011-10-21T11:33:46Z
2011,REG,HOU,7,00-0027703,LB,Darryl Sharpton,Darryl,Sharpton,Back,Groin,Probable,Back,Groin,Full Participation in Practice,2011-10-21T11:33:46Z
2011,REG,HOU,7,00-0023846,G,Mike Brisiel,Mike,Brisiel,Shin,,Probable,Shin,,Limited Participation in Practice,2011-10-21T11:33:46Z
2011,REG,HOU,7,00-0025460,WR,Jacoby Jones,Jacoby,Jones,Groin,,Probable,Groin,,Limited Participation in Practice,2011-10-21T11:36:52Z
2011,REG,HOU,7,00-0024257,S,Danieal Manning,Danieal,Manning,Fibula,,Probable,Fibula,,Limited Participation in Practice,2011-10-21T11:33:46Z
2011,REG,HOU,7,00-0024248,LB,DeMeco Ryans,DeMeco,Ryans,Hamstring,,Probable,Hamstring,,Limited Participation in Practice,2011-10-21T11:33:46Z
2011,REG,IND,7,00-0024421,S,Antoine Bethea,Antoine,Bethea,,,,Not Injury Related,,Full Participation in Practice,2011-10-21T11:11:32Z
2011,REG,IND,7,00-0021146,DE,Dwight Freeney,Dwight,Freeney,,,,Not Injury Related,,Full Participation in Practice,2011-10-21T11:11:32Z
2011,REG,IND,7,00-0022059,DE,Robert Mathis,Robert,Mathis,,,,Not Injury Related,,Limited Participation in Practice,2011-10-21T11:13:37Z
2011,REG,IND,7,00-0010346,QB,Peyton Manning,Peyton,Manning,Neck,,Out,Neck,,Out (Definitely Will Not Play),2011-10-21T11:16:49Z
2011,REG,IND,7,00-0027960,T,Anthony Castonzo,Anthony,Castonzo,Ankle,,Questionable,Ankle,,Did Not Participate In Practice,2011-10-21T11:14:53Z
2011,REG,IND,7,00-0020399,G,Ryan Diem,Ryan,Diem,Ankle,,Questionable,Ankle,,Did Not Participate In Practice,2011-10-21T11:15:37Z
2011,REG,IND,7,00-0027719,LB,A.J. Edds,A.J.,Edds,Concussion,,Questionable,Concussion,,Did Not Participate In Practice,2011-10-21T11:15:48Z
2011,REG,IND,7,00-0025419,WR,Anthony Gonzalez,Anthony,Gonzalez,Groin,,Questionable,Groin,,Did Not Participate In Practice,2011-10-21T11:16:29Z
2011,REG,IND,7,00-0028025,DT,Drake Nevis,Drake,Nevis,Back,,Questionable,Back,,Did Not Participate In Practice,2011-10-21T11:17:07Z
2011,REG,IND,7,00-0024245,RB,Joseph Addai,Joseph,Addai,Hamstring,,Questionable,Hamstring,,Full Participation in Practice,2011-10-21T11:14:14Z
2011,REG,IND,7,00-0027831,LB,Kavell Conner,Kavell,Conner,Foot,,Questionable,Foot,,Full Participation in Practice,2011-10-21T11:15:21Z
2011,REG,IND,7,00-0027761,TE,Brody Eldridge,Brody,Eldridge,Knee,,Questionable,Knee,,Full Participation in Practice,2011-10-21T11:16:08Z
2011,REG,IND,7,00-0003292,QB,Kerry Collins,Kerry,Collins,Concussion,,Questionable,Concussion,,Limited Participation in Practice,2011-10-21T11:15:08Z
2011,REG,JAX,7,00-0022897,RB,Greg Jones,Greg,Jones,,,,Not Injury Related,,Full Participation in Practice,2011-10-21T13:23:11Z
2011,REG,JAX,7,00-0024275,RB,Maurice Jones-Drew,Maurice,Jones-Drew,,,,Not Injury Related,,Full Participation in Practice,2011-10-21T13:23:17Z
2011,REG,JAX,7,00-0021269,DE,Aaron Kampman,Aaron,Kampman,,,,Not Injury Related,,Full Participation in Practice,2011-10-21T13:23:22Z
2011,REG,JAX,7,00-0022080,CB,Rashean Mathis,Rashean,Mathis,,,,Not Injury Related,,Full Participation in Practice,2011-10-21T13:23:27Z
2011,REG,JAX,7,00-0026960,S,Courtney Greene,Courtney,Greene,Hamstring,,Out,Hamstring,,Did Not Participate In Practice,2011-10-22T10:05:21Z
2011,REG,JAX,7,00-0027015,T,Eben Britton,Eben,Britton,Back,,Doubtful,Back,,Did Not Participate In Practice,2011-10-22T10:05:12Z
2011,REG,JAX,7,00-0024290,G,Jason Spitz,Jason,Spitz,Quadricep,,Questionable,Quadricep,,Limited Participation in Practice,2011-10-22T10:05:33Z
2011,REG,JAX,7,00-0027862,DT,Tyson Alualu,Tyson,Alualu,Knee,,Probable,Knee,,Full Participation in Practice,2011-10-22T10:05:00Z
2011,REG,JAX,7,00-0027047,CB,Derek Cox,Derek,Cox,Groin,,Probable,Groin,,Full Participation in Practice,2011-10-22T10:05:00Z
2011,REG,JAX,7,00-0026984,T,Eugene Monroe,Eugene,Monroe,Shoulder,,Probable,Shoulder,,Full Participation in Practice,2011-10-22T10:05:00Z
2011,REG,JAX,7,00-0021570,WR,Kassim Osgood,Kassim,Osgood,Hamstring,,Probable,Hamstring,,Full Participation in Practice,2011-10-22T10:05:00Z
2011,REG,JAX,7,00-0024103,RB,Montell Owens,Montell,Owens,Knee,,Probable,Knee,,Full Participation in Practice,2011-10-22T10:05:00Z
2011,REG,JAX,7,00-0028014,G,Will Rackley,Will,Rackley,Knee,,Probable,Knee,,Full Participation in Practice,2011-10-22T10:05:00Z
2011,REG,JAX,7,00-0025523,LB,Clint Session,Clint,Session,Elbow,,Probable,Elbow,,Full Participation in Practice,2011-10-22T10:05:00Z
2011,REG,JAX,7,00-0024344,T,Guy Whimper,Guy,Whimper,Hip,,Probable,Hip,,Full Participation in Practice,2011-10-22T10:05:00Z
2011,REG,JAX,7,00-0024360,S,Dawan Landry,Dawan,Landry,Thigh,,Probable,Thigh,,Limited Participation in Practice,2011-10-22T10:05:00Z
2011,REG,KC,7,00-0025701,RB,Jackie Battle,Jackie,Battle,Neck,,Probable,Neck,,Full Participation in Practice,2011-10-21T11:39:26Z
2011,REG,KC,7,00-0025524,RB,Le'Ron McClain,Le'Ron,McClain,Neck,,Probable,Neck,,Full Participation in Practice,2011-10-21T11:39:26Z
2011,REG,MIA,7,00-0027762,S,Reshad Jones,Reshad,Jones,Knee,,Doubtful,Knee,,Did Not Participate In Practice,2011-10-21T10:43:07Z
2011,REG,MIA,7,00-0027115,S,Chris Clemons,Chris,Clemons,Hamstring,,Questionable,Hamstring,,Limited Participation in Practice,2011-10-21T10:44:00Z
2011,REG,MIA,7,00-0027001,CB,Vontae Davis,Vontae,Davis,Hamstring,,Questionable,Hamstring,,Limited Participation in Practice,2011-10-21T10:44:57Z
2011,REG,MIA,7,00-0028253,TE,Will Yeatman,Will,Yeatman,Shoulder,,Questionable,Shoulder,,Limited Participation in Practice,2011-10-21T10:44:25Z
2011,REG,MIA,7,00-0024217,RB,Reggie Bush,Reggie,Bush,Groin,,Probable,Groin,,Full Participation in Practice,2011-10-21T10:42:44Z
2011,REG,MIA,7,00-0027744,CB,Nolan Carroll,Nolan,Carroll,Hamstring,,Probable,Hamstring,,Full Participation in Practice,2011-10-21T10:42:44Z
2011,REG,MIA,7,00-0024334,WR,Brandon Marshall,Brandon,Marshall,Quadricep,,Probable,Quadricep,,Full Participation in Practice,2011-10-21T10:42:44Z
2011,REG,MIA,7,00-0028000,RB,Daniel Thomas,Daniel,Thomas,Hamstring,,Probable,Hamstring,,Full Participation in Practice,2011-10-21T10:42:44Z
2011,REG,MIA,7,00-0023368,LB,Cameron Wake,Cameron,Wake,Hamstring,,Probable,Hamstring,,Full Participation in Practice,2011-10-21T10:42:44Z
2011,REG,MIN,7,00-0027796,QB,Joe Webb,Joe,Webb,,,,Not Injury Related,,Did Not Participate In Practice,2011-10-20T13:59:58Z
2011,REG,MIN,7,00-0026952,S,Jamarca Sanford,Jamarca,Sanford,Concussion,,Doubtful,Concussion,,Did Not Participate In Practice,2011-10-21T11:06:03Z
2011,REG,MIN,7,00-0026327,C,John Sullivan,John,Sullivan,Concussion,,Doubtful,Concussion,,Did Not Participate In Practice,2011-10-21T11:06:10Z
2011,REG,MIN,7,00-0018093,CB,Antoine Winfield,Antoine,Winfield,Neck,,Doubtful,Neck,,Limited Participation in Practice,2011-10-21T11:06:26Z
2011,REG,MIN,7,00-0022081,LB,E.J. Henderson,E.J.,Henderson,Knee,,Probable,Knee,,Full Participation in Practice,2011-10-21T11:05:52Z
2011,REG,MIN,7,00-0020466,G,Steve Hutchinson,Steve,Hutchinson,Knee,,Probable,Knee,,Full Participation in Practice,2011-10-21T11:05:52Z
2011,REG,MIN,7,00-0026998,WR,Percy Harvin,Percy,Harvin,Ribs,,Probable,Ribs,,Limited Participation in Practice,2011-10-21T11:05:52Z
2011,REG,MIN,7,00-0027030,T,Phil Loadholt,Phil,Loadholt,Knee,,Probable,Knee,,Limited Participation in Practice,2011-10-21T11:05:52Z
2011,REG,MIN,7,00-0026486,LB,Kenny Onatolu,Kenny,Onatolu,Hamstring,,Probable,Hamstring,,Limited Participation in Practice,2011-10-21T11:05:52Z
2011,REG,NO,7,00-0025548,LB,Will Herring,Will,Herring,Hamstring,,Out,Hamstring,,Did Not Participate In Practice,2011-10-21T11:21:47Z
2011,REG,NO,7,00-0024424,T,Zach Strief,Zach,Strief,Knee,,Out,Knee,,Did Not Participate In Practice,2011-10-21T11:22:31Z
2011,REG,NO,7,00-0024301,TE,David Thomas,David,Thomas,Concussion,,Out,Concussion,,Limited Participation in Practice,2011-10-21T11:22:36Z
2011,REG,NO,7,00-0026147,DT,Sedrick Ellis,Sedrick,Ellis,Ankle,,Questionable,Ankle,,Limited Participation in Practice,2011-10-21T11:21:30Z
2011,REG,NO,7,00-0025441,DE,Turk McBride,Turk,McBride,Shoulder,,Questionable,Shoulder,,Limited Participation in Practice,2011-10-21T11:22:25Z
2011,REG,NO,7,00-0009472,C,Olin Kreutz,Olin,Kreutz,Not Injury Related,,Probable,Not Injury Related,,Did Not Participate In Practice,2011-10-21T11:21:20Z
2011,REG,NO,7,00-0021304,TE,John Gilmore,John,Gilmore,Neck,,Probable,Neck,,Limited Participation in Practice,2011-10-21T11:21:20Z
2011,REG,NO,7,00-0027696,TE,Jimmy Graham,Jimmy,Graham,Ankle,,Probable,Ankle,,Limited Participation in Practice,2011-10-21T11:21:20Z
2011,REG,NO,7,00-0022778,LB,Jonathan Vilma,Jonathan,Vilma,Knee,,Probable,Knee,,Limited Participation in Practice,2011-10-21T11:21:20Z
2011,REG,NYJ,7,00-0027915,CB,Isaiah Trufant,Isaiah,Trufant,Hamstring,,Out,Hamstring,,Did Not Participate In Practice,2011-10-21T10:53:36Z
2011,REG,NYJ,7,00-0024595,WR,Logan Payne,Logan,Payne,Wrist,,Out,Wrist,,Out (Definitely Will Not Play),2011-10-21T10:53:15Z
2011,REG,NYJ,7,00-0025689,DT,Mike Devito,Mike,Devito,Knee,,Questionable,Knee,,Did Not Participate In Practice,2011-10-21T10:53:47Z
2011,REG,NYJ,7,00-0024244,C,Nick Mangold,Nick,Mangold,Ankle,,Questionable,Ankle,,Limited Participation in Practice,2011-10-21T10:53:55Z
2011,REG,NYJ,7,00-0024588,CB,Marquice Cole,Marquice,Cole,Hamstring,,Probable,Hamstring,,Full Participation in Practice,2011-10-21T10:52:52Z
2011,REG,NYJ,7,00-0024234,CB,Antonio Cromartie,Antonio,Cromartie,Groin,,Probable,Groin,,Full Participation in Practice,2011-10-21T10:52:52Z
2011,REG,NYJ,7,00-0026043,DT,Marcus Dixon,Marcus,Dixon,Knee,,Probable,Knee,,Full Participation in Practice,2011-10-21T10:52:52Z
2011,REG,NYJ,7,00-0027712,RB,Joe McKnight,Joe,McKnight,Knee,,Probable,Knee,,Full Participation in Practice,2011-10-21T10:52:52Z
2011,REG,NYJ,7,00-0026016,DE,Ropati Pitoitua,Ropati,Pitoitua,Knee,,Probable,Knee,,Full Participation in Practice,2011-10-21T10:52:52Z
2011,REG,NYJ,7,00-0026493,LS,Tanner Purdum,Tanner,Purdum,Back,,Probable,Back,,Full Participation in Practice,2011-10-21T10:52:52Z
2011,REG,NYJ,7,00-0022158,CB,Donald Strickland,Donald,Strickland,Concussion,,Probable,Concussion,,Full Participation in Practice,2011-10-21T10:52:52Z
2011,REG,NYJ,7,00-0020536,RB,LaDainian Tomlinson,LaDainian,Tomlinson,Not Injury Related,,Probable,Not Injury Related,,Full Participation in Practice,2011-10-21T10:52:52Z
2011,REG,NYJ,7,00-0027968,DE,Muhammad Wilkerson,Muhammad,Wilkerson,Shoulder,,Probable,Shoulder,,Full Participation in Practice,2011-10-21T10:52:52Z
2011,REG,OAK,7,00-0023460,QB,Jason Campbell,Jason,Campbell,Collarbone,Foot,Out,Collarbone,Foot,Did Not Participate In Practice,2011-10-21T12:42:23Z
2011,REG,OAK,7,00-0021949,CB,Chris Johnson,Chris,Johnson,Groin,Hamstring,Out,Groin,Hamstring,Did Not Participate In Practice,2011-10-21T12:43:49Z
2011,REG,OAK,7,00-0021357,RB,Rock Cartwright,Rock,Cartwright,Calf,,Questionable,Calf,,Did Not Participate In Practice,2011-10-21T12:42:39Z
2011,REG,OAK,7,00-0019646,K,Sebastian Janikowski,Sebastian,Janikowski,left Hamstring,,Questionable,left Hamstring,,Did Not Participate In Practice,2011-10-21T12:44:57Z
2011,REG,OAK,7,00-0027904,LB,Rolando McClain,Rolando,McClain,Ankle,,Questionable,Ankle,,Did Not Participate In Practice,2011-10-21T12:44:01Z
2011,REG,OAK,7,00-0026393,RB,Marcel Reece,Marcel,Reece,Ankle,,Questionable,Ankle,,Did Not Participate In Practice,2011-10-21T12:44:17Z
2011,REG,OAK,7,00-0020442,DT,Richard Seymour,Richard,Seymour,Knee,,Questionable,Knee,,Did Not Participate In Practice,2011-10-21T12:45:39Z
2011,REG,OAK,7,00-0028051,CB,Chimdi Chekwa,Chimdi,Chekwa,Hamstring,,Questionable,Hamstring,,Limited Participation in Practice,2011-10-21T12:42:54Z
2011,REG,OAK,7,00-0024222,S,Michael Huff,Michael,Huff,Ankle,,Questionable,Ankle,,Limited Participation in Practice,2011-10-21T12:43:22Z
2011,REG,OAK,7,00-0026366,WR,Chaz Schilens,Chaz,Schilens,Groin,,Questionable,Groin,,Limited Participation in Practice,2011-10-21T12:45:22Z
2011,REG,OAK,7,00-0028119,TE,Richard Gordon,Richard,Gordon,Hand,,Probable,Hand,,Full Participation in Practice,2011-10-21T12:42:06Z
2011,REG,OAK,7,00-0027135,TE,Brandon Myers,Brandon,Myers,Ribs,,Probable,Ribs,,Full Participation in Practice,2011-10-21T12:42:06Z
2011,REG,OAK,7,00-0025447,C,Samson Satele,Samson,Satele,Ribs,,Probable,Ribs,,Limited Participation in Practice,2011-10-21T12:42:06Z
2011,REG,PIT,7,00-0017162,WR,Hines Ward,Hines,Ward,,,,Not Injury Related,,Did Not Participate In Practice,2011-10-19T12:47:12Z
2011,REG,PIT,7,00-0020426,T,Casey Hampton,Casey,Hampton,Shoulder,,Out,Shoulder,,Did Not Participate In Practice,2011-10-21T09:53:07Z
2011,REG,PIT,7,00-0020712,LB,James Harrison,James,Harrison,Eye,,Out,Eye,,Did Not Participate In Practice,2011-10-21T09:53:12Z
2011,REG,PIT,7,00-0025829,G,Doug Legursky,Doug,Legursky,Toe,,Out,Toe,,Did Not Participate In Practice,2011-10-21T09:53:22Z
2011,REG,PIT,7,00-0015080,DE,Aaron Smith,Aaron,Smith,Foot,,Out,Foot,,Did Not Participate In Practice,2011-10-21T09:53:33Z
2011,REG,PIT,7,00-0019940,T,Chris Hoke,Chris,Hoke,Neck,,Doubtful,Neck,,Did Not Participate In Practice,2011-10-21T09:53:18Z
2011,REG,PIT,7,00-0027889,LB,Jason Worilds,Jason,Worilds,Quadricep,,Questionable,Quadricep,,Did Not Participate In Practice,2011-10-21T09:53:43Z
2011,REG,PIT,7,00-0026163,RB,Rashard Mendenhall,Rashard,Mendenhall,Knee,,Probable,Knee,,Full Participation in Practice,2011-10-21T09:53:26Z
2011,REG,PIT,7,00-0027870,C,Maurkice Pouncey,Maurkice,Pouncey,Elbow,,Probable,Elbow,,Full Participation in Practice,2011-10-21T09:52:51Z
2011,REG,PIT,7,00-0026901,WR,Mike Wallace,Mike,Wallace,Hamstring,,Probable,Hamstring,,Full Participation in Practice,2011-10-21T09:52:51Z
2011,REG,SD,7,00-0023463,DE,Luis Castillo,Luis,Castillo,Tibia,,Out,Tibia,,Did Not Participate In Practice,2011-10-21T12:34:50Z
2011,REG,SD,7,00-0021547,TE,Antonio Gates,Antonio,Gates,Foot,,Questionable,Foot,,Full Participation in Practice,2011-10-21T12:35:01Z
2011,REG,SD,7,00-0021542,DE,Jacques Cesaire,Jacques,Cesaire,Knee,,Probable,Knee,,Full Participation in Practice,2011-10-21T12:34:33Z
2011,REG,SD,7,00-0027988,CB,Marcus Gilchrist,Marcus,Gilchrist,Knee,Shoulder,Probable,Knee,Shoulder,Full Participation in Practice,2011-10-21T12:34:33Z
2011,REG,SD,7,00-0023496,WR,Vincent Jackson,Vincent,Jackson,Hamstring,,Probable,Hamstring,,Full Participation in Practice,2011-10-21T12:34:33Z
2011,REG,SD,7,00-0026069,RB,Mike Tolbert,Mike,Tolbert,Concussion,,Probable,Concussion,,Full Participation in Practice,2011-10-21T12:34:33Z
2011,REG,SD,7,00-0026209,RB,Jacob Hester,Jacob,Hester,Foot,,Probable,Foot,,Limited Participation in Practice,2011-10-21T12:35:38Z
2011,REG,SEA,7,00-0025425,TE,Zach Miller,Zach,Miller,Head,Neck,Out,Head,Neck,Did Not Participate In Practice,2011-10-21T13:19:25Z
2011,REG,SEA,7,00-0027025,C,Max Unger,Max,Unger,Foot,,Doubtful,Foot,,Did Not Participate In Practice,2011-10-21T13:19:34Z
2011,REG,SEA,7,00-0024279,QB,Tarvaris Jackson,Tarvaris,Jackson,Pectoral,,Doubtful,Pectoral,,Limited Participation in Practice,2011-10-21T13:19:14Z
2011,REG,SEA,7,00-0022836,G,Robert Gallery,Robert,Gallery,Groin,,Probable,Groin,,Full Participation in Practice,2011-10-21T13:19:06Z
2011,REG,SEA,7,00-0025399,RB,Marshawn Lynch,Marshawn,Lynch,Ankle,,Probable,Ankle,,Full Participation in Practice,2011-10-21T13:19:06Z
2011,REG,SEA,7,00-0028180,LB,Malcolm Smith,Malcolm,Smith,Hamstring,,Probable,Hamstring,,Full Participation in Practice,2011-10-21T13:19:06Z
2011,REG,SEA,7,00-0023452,WR,Mike Williams,Mike,Williams,Concussion,,Probable,Concussion,,Full Participation in Practice,2011-10-21T13:19:06Z
2011,REG,STL,7,00-0021512,S,Quintin Mikell,Quintin,Mikell,,,,Not football related,,Did Not Participate In Practice,2011-10-20T13:26:10Z
2011,REG,STL,7,00-0025626,DE,C.J. Ah You,C.J.,Ah You,Wrist,,Out,Wrist,,Did Not Participate In Practice,2011-10-21T10:58:08Z
2011,REG,STL,7,00-0027313,CB,Brian Jackson,Brian,Jackson,Knee,,Out,Knee,,Did Not Participate In Practice,2011-10-21T10:58:15Z
2011,REG,STL,7,00-0027854,QB,Sam Bradford,Sam,Bradford,Ankle,,Questionable,Ankle,,Did Not Participate In Practice,2011-10-21T10:58:23Z
2011,REG,STL,7,00-0027787,DE,Eugene Sims,Eugene,Sims,Illness,,Probable,Illness,,Did Not Participate In Practice,2011-10-21T10:58:42Z
2011,REG,TB,7,00-0022922,TE,Kellen Winslow,Kellen,Winslow,,,,Not Injury Related,,Did Not Participate In Practice,2011-10-19T09:38:51Z
2011,REG,TB,7,00-0022157,C,Jeff Faine,Jeff,Faine,Biceps,,Out,Biceps,,Did Not Participate In Practice,2011-10-21T11:19:35Z
2011,REG,TB,7,00-0026953,WR,Sammie Stroughter,Sammie,Stroughter,Ankle,,Out,Ankle,,Did Not Participate In Practice,2011-10-21T11:20:01Z
2011,REG,TB,7,00-0027325,RB,LeGarrette Blount,LeGarrette,Blount,Knee,,Doubtful,Knee,,Did Not Participate In Practice,2011-10-21T11:19:28Z
2011,REG,TB,7,00-0027856,DT,Gerald McCoy,Gerald,McCoy,Ankle,,Questionable,Ankle,,Did Not Participate In Practice,2011-10-21T11:19:46Z
2011,REG,TB,7,00-0028042,TE,Luke Stocker,Luke,Stocker,Knee,,Questionable,Knee,,Full Participation in Practice,2011-10-21T11:19:54Z
2011,REG,TB,7,00-0026618,DE,Michael Bennett,Michael,Bennett,Groin,,Probable,Groin,,Full Participation in Practice,2011-10-21T11:19:19Z
2011,REG,TB,7,00-0028022,LB,Mason Foster,Mason,Foster,Ankle,,Probable,Ankle,,Full Participation in Practice,2011-10-21T11:19:19Z
2011,REG,TEN,7,00-0021126,LS,Ken Amato,Ken,Amato,,,,Not Injury Related,,Did Not Participate In Practice,2011-10-21T11:32:09Z
2011,REG,TEN,7,00-0021219,S,Chris Hope,Chris,Hope,Forearm,,Out,Forearm,,Did Not Participate In Practice,2011-10-21T11:28:42Z
2011,REG,TEN,7,00-0028047,LB,Colin McCarthy,Colin,McCarthy,Hamstring,,Out,Hamstring,,Did Not Participate In Practice,2011-10-21T11:28:49Z
2011,REG,TEN,7,00-0026243,DE,William Hayes,William,Hayes,Back,,Questionable,Back,,Limited Participation in Practice,2011-10-21T11:29:16Z
2011,REG,TEN,7,00-0026225,TE,Craig Stevens,Craig,Stevens,Rib,,Questionable,Rib,,Limited Participation in Practice,2011-10-21T11:28:57Z
2011,REG,WAS,7,00-0025739,CB,Byron Westbrook,Byron,Westbrook,Hamstring,,Out,Hamstring,,Did Not Participate In Practice,2011-10-21T10:41:08Z
2011,REG,WAS,7,00-0027857,T,Trent Williams,Trent,Williams,Ankle,,Out,Ankle,,Did Not Participate In Practice,2011-10-21T10:41:03Z
2011,REG,WAS,7,00-0022738,TE,Chris Cooley,Chris,Cooley,Finger,Knee,Out,Finger,Knee,Out (Definitely Will Not Play),2011-10-21T10:41:13Z
2011,REG,WAS,7,00-0023501,S,Oshiomogho Atogwe,Oshiomogho,Atogwe,Knee,,Questionable,Knee,,Did Not Participate In Practice,2011-10-21T10:40:29Z
2011,REG,WAS,7,00-0021151,CB,Phillip Buchanon,Phillip,Buchanon,Neck,Knee,Questionable,Neck,Knee,Full Participation in Practice,2011-10-21T10:42:01Z
2011,REG,WAS,7,00-0021147,WR,Donte' Stallworth,Donte',Stallworth,Hamstring,,Questionable,Hamstring,,Full Participation in Practice,2011-10-21T13:04:15Z
2011,REG,WAS,7,00-0026465,WR,Anthony Armstrong,Anthony,Armstrong,Hamstring,,Probable,Hamstring,,Full Participation in Practice,2011-10-21T10:40:01Z
2011,REG,WAS,7,00-0022923,CB,DeAngelo Hall,DeAngelo,Hall,Toe,,Probable,Toe,,Full Participation in Practice,2011-10-21T10:40:01Z
2011,REG,WAS,7,00-0026289,RB,Tim Hightower,Tim,Hightower,Shoulder,,Probable,Shoulder,,Full Participation in Practice,2011-10-21T10:40:01Z
2011,REG,ARI,8,00-0023557,S,Kerry Rhodes,Kerry,Rhodes,Foot,,Out,Foot,,Did Not Participate In Practice,2011-10-28T12:20:46Z
2011,REG,ARI,8,00-0026221,WR,Early Doucet,Early,Doucet,Quadricep,,Questionable,Quadricep,,Full Participation in Practice,2011-10-28T12:20:16Z
2011,REG,ARI,8,00-0027825,TE,Jim Dray,Jim,Dray,Pectoral,,Questionable,Pectoral,,Limited Participation in Practice,2011-10-28T12:20:23Z
2011,REG,ARI,8,00-0020516,TE,Todd Heap,Todd,Heap,Hamstring,,Questionable,Hamstring,,Limited Participation in Practice,2011-10-28T12:20:28Z
2011,REG,ARI,8,00-0013126,LB,Joey Porter,Joey,Porter,Knee,,Questionable,Knee,,Limited Participation in Practice,2011-10-28T12:20:34Z
2011,REG,ARI,8,00-0028187,WR,DeMarco Sampson,DeMarco,Sampson,Hamstring,,Questionable,Hamstring,,Limited Participation in Practice,2011-10-28T12:20:39Z
2011,REG,ARI,8,00-0027007,RB,Chris Wells,Chris,Wells,Knee,,Questionable,Knee,,Limited Participation in Practice,2011-10-28T12:20:52Z
2011,REG,ARI,8,00-0025668,CB,Michael Adams,Michael,Adams,Hand,,Probable,Hand,,Full Participation in Practice,2011-10-28T12:20:07Z
2011,REG,BAL,8,00-0028163,RB,Anthony Allen,Anthony,Allen,Thigh,,Out,Thigh,,Did Not Participate In Practice,2011-10-28T12:43:24Z
2011,REG,BAL,8,00-0026857,LB,Dannell Ellerbe,Dannell,Ellerbe,Thigh,,Out,Thigh,,Did Not Participate In Practice,2011-10-28T12:43:35Z
2011,REG,BAL,8,00-0022910,WR,Lee Evans,Lee,Evans,Ankle,,Out,Ankle,,Did Not Participate In Practice,2011-10-28T12:43:43Z
2011,REG,BAL,8,00-0025416,G,Ben Grubbs,Ben,Grubbs,Toe,,Out,Toe,,Did Not Participate In Practice,2011-10-28T12:43:58Z
2011,REG,BAL,8,00-0026837,CB,Danny Gorrer,Danny,Gorrer,Thigh,,Questionable,Thigh,,Did Not Participate In Practice,2011-10-28T12:44:26Z
2011,REG,BAL,8,00-0023008,CB,Chris Carr,Chris,Carr,Thigh,,Probable,Thigh,,Full Participation in Practice,2011-10-28T12:43:14Z
2011,REG,BAL,8,00-0026226,S,Tom Zbikowski,Tom,Zbikowski,Head,,Probable,Head,,Full Participation in Practice,2011-10-28T12:43:14Z
2011,REG,BAL,8,00-0028102,CB,Chykie Brown,Chykie,Brown,Illness,,Probable,Illness,,Limited Participation in Practice,2011-10-28T12:45:17Z
2011,REG,BAL,8,00-0021377,S,Ed Reed,Ed,Reed,Neck,,Probable,Neck,,Limited Participation in Practice,2011-10-28T12:43:14Z
2011,REG,BUF,8,00-0026359,T,Demetress Bell,Demetress,Bell,Shoulder,,Out,Shoulder,,Did Not Participate In Practice,2011-10-28T09:57:23Z
2011,REG,BUF,8,00-0028060,T,Chris Hairston,Chris,Hairston,Ankle,,Out,Ankle,,Did Not Participate In Practice,2011-10-28T09:57:31Z
2011,REG,BUF,8,00-0027518,WR,Donald Jones,Donald,Jones,Ankle,,Out,Ankle,,Did Not Participate In Practice,2011-10-28T09:57:38Z
2011,REG,BUF,8,00-0023446,LB,Shawne Merriman,Shawne,Merriman,Achilles,,Out,Achilles,,Did Not Participate In Practice,2011-10-28T09:57:56Z
2011,REG,BUF,8,00-0027972,CB,Aaron Williams,Aaron,Williams,Chest,,Out,Chest,,Did Not Participate In Practice,2011-10-28T09:58:04Z
2011,REG,BUF,8,00-0024348,DT,Kyle Williams,Kyle,Williams,Foot,,Out,Foot,,Did Not Participate In Practice,2011-10-28T09:58:09Z
2011,REG,BUF,8,00-0021995,LB,Chris Kelsay,Chris,Kelsay,Calf,,Probable,Calf,,Full Participation in Practice,2011-10-28T09:56:22Z
2011,REG,CAR,8,00-0027799,S,Jordan Pugh,Jordan,Pugh,Head,,Doubtful,Head,,Did Not Participate In Practice,2011-10-28T11:51:06Z
2011,REG,CAR,8,00-0027017,CB,Darius Butler,Darius,Butler,Not Injury Related,,Questionable,Not Injury Related,,Did Not Participate In Practice,2011-10-28T11:51:26Z
2011,REG,CAR,8,00-0024382,LB,Omar Gaither,Omar,Gaither,Knee,,Probable,Knee,,Full Participation in Practice,2011-10-28T11:51:52Z
2011,REG,CAR,8,00-0027939,QB,Cam Newton,Cam,Newton,Illness,,Probable,Illness,,Full Participation in Practice,2011-10-28T11:52:16Z
2011,REG,CIN,8,00-0027014,LB,Rey Maualuga,Rey,Maualuga,Ankle,,Out,Ankle,,Did Not Participate In Practice,2011-10-28T10:19:42Z
2011,REG,CIN,8,00-0026928,CB,Morgan Trent,Morgan,Trent,Ankle,,Questionable,Ankle,,Did Not Participate In Practice,2011-10-28T10:20:10Z
2011,REG,CIN,8,00-0024253,LB,Thomas Howard,Thomas,Howard,Hamstring,,Questionable,Hamstring,,Limited Participation in Practice,2011-10-28T10:19:51Z
2011,REG,CIN,8,00-0020495,CB,Nate Clements,Nate,Clements,Knee,,Probable,Knee,,Full Participation in Practice,2011-10-28T10:19:32Z
2011,REG,CIN,8,00-0024246,CB,Kelly Jennings,Kelly,Jennings,Hamstring,,Probable,Hamstring,,Full Participation in Practice,2011-10-28T10:17:31Z
2011,REG,CIN,8,00-0026725,LB,Dan Skuta,Dan,Skuta,Groin,,Probable,Groin,,Full Participation in Practice,2011-10-28T10:17:31Z
2011,REG,CIN,8,00-0027873,TE,Jermaine Gresham,Jermaine,Gresham,Hamstring,,Probable,Hamstring,,Limited Participation in Practice,2011-10-28T10:20:36Z
2011,REG,CLE,8,00-0027460,LB,Auston English,Auston,English,Knee,,Out,Knee,,Did Not Participate In Practice,2011-10-28T11:11:33Z
2011,REG,CLE,8,00-0027026,WR,Mohamed Massaquoi,Mohamed,Massaquoi,Head,,Out,Head,,Did Not Participate In Practice,2011-10-28T11:11:50Z
2011,REG,CLE,8,00-0026367,RB,Peyton Hillis,Peyton,Hillis,Hamstring,,Questionable,Hamstring,,Did Not Participate In Practice,2011-10-28T11:14:08Z
2011,REG,CLE,8,00-0027074,LB,Kaluka Maiava,Kaluka,Maiava,Knee,,Questionable,Knee,,Did Not Participate In Practice,2011-10-28T11:14:55Z
2011,REG,CLE,8,00-0023316,S,Raymond Ventrone,Raymond,Ventrone,Hamstring,,Questionable,Hamstring,,Did Not Participate In Practice,2011-10-28T11:16:04Z
2011,REG,CLE,8,00-0027860,CB,Joe Haden,Joe,Haden,Knee,,Questionable,Knee,,Limited Participation in Practice,2011-10-28T11:13:54Z
2011,REG,CLE,8,00-0027694,G,Shawn Lauvao,Shawn,Lauvao,Knee,,Questionable,Knee,,Limited Participation in Practice,2011-10-28T11:14:30Z
2011,REG,CLE,8,00-0022149,T,Tony Pashos,Tony,Pashos,Ankle,,Questionable,Ankle,,Limited Participation in Practice,2011-10-28T11:15:14Z
2011,REG,CLE,8,00-0022943,TE,Benjamin Watson,Benjamin,Watson,Head,,Questionable,Head,,Limited Participation in Practice,2011-10-28T11:15:40Z
2011,REG,CLE,8,00-0004091,K,Phil Dawson,Phil,Dawson,right Thigh,,Probable,right Thigh,,Full Participation in Practice,2011-10-28T11:12:14Z
2011,REG,CLE,8,00-0021259,LB,Scott Fujita,Scott,Fujita,Head,,Probable,Head,,Full Participation in Practice,2011-10-28T11:12:45Z
2011,REG,CLE,8,00-0020801,G,Artis Hicks,Artis,Hicks,Back,,Probable,Back,,Full Participation in Practice,2011-10-28T11:13:13Z
2011,REG,CLE,8,00-0028075,CB,Buster Skrine,Buster,Skrine,Hip,,Probable,Hip,,Full Participation in Practice,2011-10-28T11:13:31Z
2011,REG,DAL,8,00-0026162,RB,Felix Jones,Felix,Jones,Ankle,,Out,Ankle,,Did Not Participate In Practice,2011-10-28T12:31:28Z
2011,REG,DAL,8,00-0026262,RB,Tashard Choice,Tashard,Choice,Shoulder,,Questionable,Shoulder,Hamstring,Did Not Participate In Practice,2011-10-28T12:31:01Z
2011,REG,DAL,8,00-0022132,G,Derrick Dockery,Derrick,Dockery,Knee,,Questionable,Knee,,Limited Participation in Practice,2011-10-28T12:31:11Z
2011,REG,DAL,8,00-0024307,DE,Jason Hatcher,Jason,Hatcher,Calf,,Questionable,Calf,,Limited Participation in Practice,2011-10-28T12:31:19Z
2011,REG,DAL,8,00-0021348,G,Kyle Kosier,Kyle,Kosier,Foot,,Questionable,Foot,,Limited Participation in Practice,2011-10-28T12:31:38Z
2011,REG,DAL,8,00-0027119,K,David Buehler,David,Buehler,right Groin,,Probable,right Groin,,Full Participation in Practice,2011-10-28T12:30:46Z
2011,REG,DAL,8,00-0027416,S,Barry Church,Barry,Church,Shoulder,,Probable,Shoulder,,Full Participation in Practice,2011-10-28T12:30:46Z
2011,REG,DAL,8,00-0021488,P,Mat McBriar,Mat,McBriar,left Foot,,Probable,left Foot,,Full Participation in Practice,2011-10-28T12:30:46Z
2011,REG,DAL,8,00-0021678,QB,Tony Romo,Tony,Romo,Ribs,,Probable,Ribs,,Full Participation in Practice,2011-10-28T12:30:46Z
2011,REG,DEN,8,00-0022178,RB,Willis McGahee,Willis,McGahee,Hand,,Out,Hand,,Did Not Participate In Practice,2011-10-28T11:42:47Z
2011,REG,DEN,8,00-0024341,DE,Elvis Dumervil,Elvis,Dumervil,Ankle,,Questionable,Ankle,,Limited Participation in Practice,2011-10-28T11:42:40Z
2011,REG,DEN,8,00-0025508,DT,Marcus Thomas,Marcus,Thomas,Knee,,Questionable,Knee,,Limited Participation in Practice,2011-10-28T11:42:58Z
2011,REG,DEN,8,00-0028067,TE,Julius Thomas,Julius,Thomas,Ankle,,Probable,Ankle,,Full Participation in Practice,2011-10-28T11:42:27Z
2011,REG,DEN,8,00-0004073,S,Brian Dawkins,Brian,Dawkins,Illness,,Probable,Illness,,Limited Participation in Practice,2011-10-28T11:42:27Z
2011,REG,DET,8,00-0020382,DE,Kyle Vanden Bosch,Kyle,Vanden Bosch,,,,Not Injury Related,,Did Not Participate In Practice,2011-10-27T12:52:38Z
2011,REG,DET,8,00-0027880,RB,Jahvid Best,Jahvid,Best,Concussion,,Out,Concussion,,Did Not Participate In Practice,2011-10-28T12:48:08Z
2011,REG,DET,8,00-0023429,WR,Rashied Davis,Rashied,Davis,Foot,,Doubtful,Foot,,Did Not Participate In Practice,2011-10-28T12:48:44Z
2011,REG,DET,8,00-0027951,DT,Nick Fairley,Nick,Fairley,Foot,,Doubtful,Foot,,Did Not Participate In Practice,2011-10-28T12:49:14Z
2011,REG,DET,8,00-0023543,S,Vincent Fuller,Vincent,Fuller,Elbow,,Doubtful,Elbow,,Limited Participation in Practice,2011-10-28T12:49:42Z
2011,REG,DET,8,00-0026498,QB,Matthew Stafford,Matthew,Stafford,Ankle,,Questionable,Ankle,,Full Participation in Practice,2011-10-28T12:50:22Z
2011,REG,DET,8,00-0027084,DT,Sammie Lee Hill,Sammie Lee,Hill,Ankle,,Questionable,Ankle,,Limited Participation in Practice,2011-10-28T12:50:02Z
2011,REG,DET,8,00-0025428,CB,Chris Houston,Chris,Houston,Back,,Probable,Back,,Full Participation in Practice,2011-10-28T12:51:25Z
2011,REG,DET,8,00-0024343,G,Rob Sims,Rob,Sims,Illness,,Probable,Illness,,Full Participation in Practice,2011-10-28T12:50:38Z
2011,REG,DET,8,00-0027808,DE,Willie Young,Willie,Young,Calf,,Probable,Calf,,Full Participation in Practice,2011-10-28T12:51:47Z
2011,REG,DET,8,00-0026157,T,Gosder Cherilus,Gosder,Cherilus,Knee,,Probable,Knee,,Limited Participation in Practice,2011-10-28T12:51:01Z
2011,REG,HOU,8,00-0022044,WR,Andre Johnson,Andre,Johnson,Hamstring,,Out,Hamstring,,Did Not Participate In Practice,2011-10-28T11:53:45Z
2011,REG,HOU,8,00-0024257,S,Danieal Manning,Danieal,Manning,Ankle,,Out,Ankle,,Did Not Participate In Practice,2011-10-28T11:53:35Z
2011,REG,HOU,8,00-0027385,G,Thomas Austin,Thomas,Austin,Knee,,Probable,Knee,,Full Participation in Practice,2011-10-28T11:53:15Z
2011,REG,HOU,8,00-0028536,LB,Bryan Braman,Bryan,Braman,Neck,,Probable,Neck,,Full Participation in Practice,2011-10-28T11:53:15Z
2011,REG,HOU,8,00-0023846,G,Mike Brisiel,Mike,Brisiel,Leg,,Probable,Leg,,Full Participation in Practice,2011-10-28T11:53:15Z
2011,REG,HOU,8,00-0023219,DE,Tim Bulman,Tim,Bulman,Elbow,,Probable,Elbow,,Full Participation in Practice,2011-10-28T11:53:15Z
2011,REG,HOU,8,00-0027051,G,Antoine Caldwell,Antoine,Caldwell,Ankle,,Probable,Ankle,,Full Participation in Practice,2011-10-28T11:53:15Z
2011,REG,HOU,8,00-0026991,LB,Brian Cushing,Brian,Cushing,Illness,,Probable,Illness,,Full Participation in Practice,2011-10-28T11:53:15Z
2011,REG,HOU,8,00-0024239,CB,Johnathan Joseph,Johnathan,Joseph,Neck,Ankle,Probable,Neck,Ankle,Full Participation in Practice,2011-10-28T11:53:15Z
2011,REG,HOU,8,00-0023633,C,Chris Myers,Chris,Myers,Knee,,Probable,Knee,,Full Participation in Practice,2011-10-28T11:53:15Z
2011,REG,HOU,8,00-0024248,LB,DeMeco Ryans,DeMeco,Ryans,Elbow,Hamstring,Probable,Elbow,Hamstring,Full Participation in Practice,2011-10-28T11:53:15Z
2011,REG,HOU,8,00-0021931,WR,Kevin Walter,Kevin,Walter,Knee,,Probable,Knee,,Full Participation in Practice,2011-10-28T11:53:15Z
2011,REG,HOU,8,00-0024281,T,Eric Winston,Eric,Winston,Ankle,,Probable,Ankle,,Full Participation in Practice,2011-10-28T11:53:15Z
2011,REG,HOU,8,00-0027109,RB,James Casey,James,Casey,Chest,,Probable,Chest,,Limited Participation in Practice,2011-10-28T11:53:15Z
2011,REG,IND,8,00-0022059,DE,Robert Mathis,Robert,Mathis,,,,Not Injury Related,,Full Participation in Practice,2011-10-28T11:18:45Z
2011,REG,IND,8,00-0010346,QB,Peyton Manning,Peyton,Manning,Neck,,Out,Neck,,Out (Definitely Will Not Play),2011-10-28T11:21:37Z
2011,REG,IND,8,00-0026408,G,Joe Reitz,Joe,Reitz,Knee,,Out,Knee,,Out (Definitely Will Not Play),2011-10-28T11:22:49Z
2011,REG,IND,8,00-0027960,T,Anthony Castonzo,Anthony,Castonzo,Ankle,,Questionable,Ankle,,Did Not Participate In Practice,2011-10-28T11:20:34Z
2011,REG,IND,8,00-0020399,G,Ryan Diem,Ryan,Diem,Ankle,,Questionable,Ankle,,Did Not Participate In Practice,2011-10-28T11:20:49Z
2011,REG,IND,8,00-0028025,DT,Drake Nevis,Drake,Nevis,Back,,Questionable,Back,,Did Not Participate In Practice,2011-10-28T11:22:11Z
2011,REG,IND,8,00-0026199,C,Mike Pollak,Mike,Pollak,Hamstring,,Questionable,Hamstring,,Did Not Participate In Practice,2011-10-28T11:22:35Z
2011,REG,IND,8,00-0024245,RB,Joseph Addai,Joseph,Addai,Hamstring,,Questionable,Hamstring,,Full Participation in Practice,2011-10-28T11:20:15Z
2011,REG,IND,8,00-0027831,LB,Kavell Conner,Kavell,Conner,Knee,,Questionable,Knee,,Full Participation in Practice,2011-10-28T11:20:41Z
2011,REG,IND,8,00-0027719,LB,A.J. Edds,A.J.,Edds,Concussion,,Questionable,Concussion,,Full Participation in Practice,2011-10-28T11:20:58Z
2011,REG,IND,8,00-0027761,TE,Brody Eldridge,Brody,Eldridge,Knee,,Questionable,Knee,,Full Participation in Practice,2011-10-28T11:21:05Z
2011,REG,IND,8,00-0021146,DE,Dwight Freeney,Dwight,Freeney,Knee,,Questionable,Knee,,Full Participation in Practice,2011-10-28T11:21:12Z
2011,REG,IND,8,00-0025419,WR,Anthony Gonzalez,Anthony,Gonzalez,Groin,,Questionable,Groin,,Full Participation in Practice,2011-10-28T11:21:24Z
2011,REG,IND,8,00-0027145,P,Pat McAfee,Pat,McAfee,right Hamstring,,Questionable,right Hamstring,,Full Participation in Practice,2011-10-28T11:21:55Z
2011,REG,IND,8,00-0027096,G,Seth Olsen,Seth,Olsen,Hand,,Questionable,Hand,,Full Participation in Practice,2011-10-28T11:22:21Z
2011,REG,IND,8,00-0026267,TE,Jacob Tamme,Jacob,Tamme,Concussion,,Questionable,Concussion,,Full Participation in Practice,2011-10-28T11:23:03Z
2011,REG,IND,8,00-0027892,LB,Pat Angerer,Pat,Angerer,Knee,,Questionable,Knee,,Limited Participation in Practice,2011-10-28T11:20:25Z
2011,REG,JAX,8,00-0027862,DT,Tyson Alualu,Tyson,Alualu,,,,Not Injury Related,,Full Participation in Practice,2011-10-27T13:31:17Z
2011,REG,JAX,8,00-0022897,RB,Greg Jones,Greg,Jones,,,,Not Injury Related,,Full Participation in Practice,2011-10-27T13:31:34Z
2011,REG,JAX,8,00-0024275,RB,Maurice Jones-Drew,Maurice,Jones-Drew,,,,Not Injury Related,,Full Participation in Practice,2011-10-27T13:31:39Z
2011,REG,JAX,8,00-0021269,DE,Aaron Kampman,Aaron,Kampman,,,,Not Injury Related,,Full Participation in Practice,2011-10-27T13:31:44Z
2011,REG,JAX,8,00-0022080,CB,Rashean Mathis,Rashean,Mathis,,,,Not Injury Related,,Full Participation in Practice,2011-10-27T13:31:49Z
2011,REG,JAX,8,00-0026607,RB,Brock Bolen,Brock,Bolen,Calf,,Out,Calf,,Did Not Participate In Practice,2011-10-28T10:11:37Z
2011,REG,JAX,8,00-0027015,T,Eben Britton,Eben,Britton,Back,,Out,Back,,Did Not Participate In Practice,2011-10-28T10:11:43Z
2011,REG,JAX,8,00-0024058,DE,John Chick,John,Chick,Abdomen,,Out,Abdomen,,Did Not Participate In Practice,2011-10-28T10:11:49Z
2011,REG,JAX,8,00-0026960,S,Courtney Greene,Courtney,Greene,Hamstring,,Out,Hamstring,,Did Not Participate In Practice,2011-10-28T10:11:56Z
2011,REG,JAX,8,00-0028052,WR,Cecil Shorts,Cecil,Shorts,Hamstring,,Questionable,Hamstring,,Did Not Participate In Practice,2011-10-28T10:12:39Z
2011,REG,JAX,8,00-0025466,WR,Mike Sims-Walker,Mike,Sims-Walker,Illness,,Probable,Illness,,Did Not Participate In Practice,2011-10-28T10:12:25Z
2011,REG,JAX,8,00-0025463,WR,Jason Hill,Jason,Hill,Wrist,,Probable,Wrist,,Full Participation in Practice,2011-10-28T10:11:12Z
2011,REG,JAX,8,00-0025523,LB,Clint Session,Clint,Session,Elbow,,Probable,Elbow,,Full Participation in Practice,2011-10-28T10:11:12Z
2011,REG,JAX,8,00-0024290,G,Jason Spitz,Jason,Spitz,Quadricep,,Probable,Quadricep,,Full Participation in Practice,2011-10-28T10:11:12Z
2011,REG,KC,8,00-0027651,RB,Dexter McCluster,Dexter,McCluster,,,,Not Injury Related,,Did Not Participate In Practice,2011-10-28T13:04:43Z
2011,REG,KC,8,00-0027736,S,Kendrick Lewis,Kendrick,Lewis,Ankle,,Probable,Ankle,,Limited Participation in Practice,2011-10-29T13:41:44Z
2011,REG,MIA,8,00-0027001,CB,Vontae Davis,Vontae,Davis,Hamstring,,Doubtful,Hamstring,,Did Not Participate In Practice,2011-10-28T10:47:26Z
2011,REG,MIA,8,00-0023516,G,Richie Incognito,Richie,Incognito,Ankle,,Questionable,Ankle,,Limited Participation in Practice,2011-10-28T10:47:48Z
2011,REG,MIA,8,00-0027762,S,Reshad Jones,Reshad,Jones,Knee,,Questionable,Knee,,Limited Participation in Practice,2011-10-28T10:47:38Z
2011,REG,MIA,8,00-0026206,DE,Kendall Langford,Kendall,Langford,Hip,,Questionable,Hip,,Limited Participation in Practice,2011-10-28T10:47:58Z
2011,REG,MIA,8,00-0028000,RB,Daniel Thomas,Daniel,Thomas,Hamstring,,Questionable,Hamstring,,Limited Participation in Practice,2011-10-28T10:48:12Z
2011,REG,MIA,8,00-0024217,RB,Reggie Bush,Reggie,Bush,Neck,,Probable,Neck,,Full Participation in Practice,2011-10-28T10:46:45Z
2011,REG,MIA,8,00-0027744,CB,Nolan Carroll,Nolan,Carroll,Hamstring,,Probable,Hamstring,,Full Participation in Practice,2011-10-28T10:46:45Z
2011,REG,MIA,8,00-0027115,S,Chris Clemons,Chris,Clemons,Hamstring,,Probable,Hamstring,,Full Participation in Practice,2011-10-28T10:46:45Z
2011,REG,MIA,8,00-0021160,T,Marc Colombo,Marc,Colombo,Knee,,Probable,Knee,,Full Participation in Practice,2011-10-28T10:46:45Z
2011,REG,MIA,8,00-0028049,WR,Edmond Gates,Edmond,Gates,Groin,,Probable,Groin,,Full Participation in Practice,2011-10-28T10:51:39Z
2011,REG,MIA,8,00-0025708,QB,Matt Moore,Matt,Moore,Ribs,,Probable,Ribs,,Full Participation in Practice,2011-10-28T10:46:45Z
2011,REG,MIA,8,00-0027878,DE,Jared Odrick,Jared,Odrick,Knee,,Probable,Knee,,Full Participation in Practice,2011-10-28T10:46:45Z
2011,REG,MIN,8,00-0025945,LB,Erin Henderson,Erin,Henderson,,,,Not Injury Related,,Did Not Participate In Practice,2011-10-26T13:05:50Z
2011,REG,MIN,8,00-0022266,G,Anthony Herrera,Anthony,Herrera,Knee,,Out,Knee,,Did Not Participate In Practice,2011-10-28T10:50:59Z
2011,REG,MIN,8,00-0025458,RB,Lorenzo Booker,Lorenzo,Booker,Concussion,,Questionable,Concussion,,Did Not Participate In Practice,2011-10-28T10:51:34Z
2011,REG,MIN,8,00-0026998,WR,Percy Harvin,Percy,Harvin,Ribs,,Questionable,Ribs,,Limited Participation in Practice,2011-10-28T10:51:08Z
2011,REG,MIN,8,00-0018093,CB,Antoine Winfield,Antoine,Winfield,Neck,,Questionable,Neck,,Limited Participation in Practice,2011-10-28T10:51:26Z
2011,REG,MIN,8,00-0022740,DE,Jared Allen,Jared,Allen,Not Injury Related,,Probable,Not Injury Related,,Did Not Participate In Practice,2011-10-28T10:50:47Z
2011,REG,MIN,8,00-0025940,S,Husain Abdullah,Husain,Abdullah,Concussion,,Probable,Concussion,,Full Participation in Practice,2011-10-28T10:50:47Z
2011,REG,MIN,8,00-0024073,DT,Remi Ayodele,Remi,Ayodele,Ankle,,Probable,Ankle,,Full Participation in Practice,2011-10-28T10:50:47Z
2011,REG,MIN,8,00-0022081,LB,E.J. Henderson,E.J.,Henderson,Knee,,Probable,Knee,,Full Participation in Practice,2011-10-28T10:50:47Z
2011,REG,MIN,8,00-0025394,RB,Adrian Peterson,Adrian,Peterson,Ankle,,Probable,Ankle,,Full Participation in Practice,2011-10-28T10:50:47Z
2011,REG,MIN,8,00-0025489,DE,Brian Robison,Brian,Robison,Shoulder,,Probable,Shoulder,,Full Participation in Practice,2011-10-28T10:50:47Z
2011,REG,MIN,8,00-0026952,S,Jamarca Sanford,Jamarca,Sanford,Concussion,,Probable,Concussion,,Full Participation in Practice,2011-10-28T10:50:47Z
2011,REG,MIN,8,00-0026327,C,John Sullivan,John,Sullivan,Concussion,,Probable,Concussion,,Full Participation in Practice,2011-10-28T10:50:47Z
2011,REG,MIN,8,00-0022054,TE,Visanthe Shiancoe,Visanthe,Shiancoe,Foot,,Probable,Foot,,Limited Participation in Practice,2011-10-28T10:50:47Z
2011,REG,NE,8,00-0021612,CB,Leigh Bodden,Leigh,Bodden,,,,Thumb,,Limited Participation in Practice,2011-10-27T12:55:15Z
2011,REG,NE,8,00-0027237,LB,Dane Fletcher,Dane,Fletcher,Thumb,,Out,Thumb,,Did Not Participate In Practice,2011-10-28T12:43:41Z
2011,REG,NE,8,00-0027971,CB,Ras-I Dowling,Ras-I,Dowling,Hip,,Doubtful,Hip,,Did Not Participate In Practice,2011-10-28T12:43:49Z
2011,REG,NE,8,00-0026360,S,Josh Barrett,Josh,Barrett,Thumb,,Questionable,Thumb,,Limited Participation in Practice,2011-10-28T12:44:02Z
2011,REG,NE,8,00-0025860,RB,BenJarvus Green-Ellis,BenJarvus,Green-Ellis,Toe,,Questionable,Toe,,Limited Participation in Practice,2011-10-28T12:44:13Z
2011,REG,NE,8,00-0021149,DE,Albert Haynesworth,Albert,Haynesworth,Back,,Questionable,Back,,Limited Participation in Practice,2011-10-28T12:44:19Z
2011,REG,NE,8,00-0026150,LB,Jerod Mayo,Jerod,Mayo,Knee,,Questionable,Knee,,Limited Participation in Practice,2011-10-28T12:44:26Z
2011,REG,NE,8,00-0027034,T,Sebastian Vollmer,Sebastian,Vollmer,Back,,Questionable,Back,,Limited Participation in Practice,2011-10-28T12:44:32Z
2011,REG,NO,8,00-0027966,RB,Mark Ingram,Mark,Ingram,Heel,,Out,Heel,,Did Not Participate In Practice,2011-10-28T11:48:11Z
2011,REG,NO,8,00-0024424,T,Zach Strief,Zach,Strief,Hamstring,,Questionable,Hamstring,,Limited Participation in Practice,2011-10-28T11:48:20Z
2011,REG,NO,8,00-0024301,TE,David Thomas,David,Thomas,Concussion,,Questionable,Concussion,,Limited Participation in Practice,2011-10-28T11:48:00Z
2011,REG,NO,8,00-0022778,LB,Jonathan Vilma,Jonathan,Vilma,Knee,,Probable,Knee,,Did Not Participate In Practice,2011-10-28T11:47:48Z
2011,REG,NO,8,00-0026832,LB,Jonathan Casillas,Jonathan,Casillas,Knee,,Probable,Knee,,Full Participation in Practice,2011-10-28T11:47:48Z
2011,REG,NO,8,00-0026147,DT,Sedrick Ellis,Sedrick,Ellis,Ankle,,Probable,Ankle,,Full Participation in Practice,2011-10-28T11:47:48Z
2011,REG,NO,8,00-0021304,TE,John Gilmore,John,Gilmore,Neck,,Probable,Neck,,Full Participation in Practice,2011-10-28T11:47:48Z
2011,REG,NO,8,00-0027696,TE,Jimmy Graham,Jimmy,Graham,Ankle,,Probable,Ankle,,Full Participation in Practice,2011-10-28T11:47:48Z
2011,REG,NO,8,00-0025548,LB,Will Herring,Will,Herring,Hamstring,,Probable,Hamstring,,Full Participation in Practice,2011-10-28T11:47:48Z
2011,REG,NO,8,00-0025441,DE,Turk McBride,Turk,McBride,Shoulder,,Probable,Shoulder,,Full Participation in Practice,2011-10-28T11:47:48Z
2011,REG,NYG,8,00-0027957,CB,Prince Amukamara,Prince,Amukamara,Foot,,Out,Foot,,Limited Participation in Practice,2011-10-28T10:15:33Z
2011,REG,NYG,8,00-0028492,RB,Henry Hynoski,Henry,Hynoski,Neck,,Doubtful,Neck,,Did Not Participate In Practice,2011-10-28T10:15:56Z
2011,REG,NYG,8,00-0022870,T,Stacy Andrews,Stacy,Andrews,Back,,Questionable,Back,,Did Not Participate In Practice,2011-10-28T10:15:45Z
2011,REG,NYG,8,00-0023509,DE,Justin Tuck,Justin,Tuck,Groin,Neck,Questionable,Groin,Neck,Limited Participation in Practice,2011-10-28T10:16:10Z
2011,REG,NYG,8,00-0022838,G,Chris Snee,Chris,Snee,Concussion,,Probable,Concussion,,Full Participation in Practice,2011-10-28T10:15:21Z
2011,REG,NYG,8,00-0023593,LB,Michael Boley,Michael,Boley,Knee,,Probable,Knee,,Limited Participation in Practice,2011-10-28T10:15:21Z
2011,REG,NYG,8,00-0023545,RB,Brandon Jacobs,Brandon,Jacobs,Knee,,Probable,Knee,,Limited Participation in Practice,2011-10-28T10:15:21Z
2011,REG,NYG,8,00-0021977,DE,Osi Umenyiora,Osi,Umenyiora,Knee,,Probable,Knee,,Limited Participation in Practice,2011-10-28T10:15:21Z
2011,REG,PHI,8,00-0023560,T,Todd Herremans,Todd,Herremans,,,,Foot,,Full Participation in Practice,2011-10-27T12:58:31Z
2011,REG,PHI,8,00-0027652,S,Nate Allen,Nate,Allen,Knee,,Probable,Knee,,Full Participation in Practice,2011-10-28T10:54:31Z
2011,REG,PHI,8,00-0023579,DE,Trent Cole,Trent,Cole,Calf,,Probable,Calf,,Full Participation in Practice,2011-10-28T10:54:31Z
2011,REG,PHI,8,00-0026370,T,King Dunlap,King,Dunlap,Back,,Probable,Back,,Full Participation in Practice,2011-10-28T10:54:31Z
2011,REG,PHI,8,00-0024254,T,Winston Justice,Winston,Justice,Knee,,Probable,Knee,,Full Participation in Practice,2011-10-28T10:54:31Z
2011,REG,PHI,8,00-0019986,DE,Juqua Parker,Juqua,Parker,Ankle,,Probable,Ankle,,Full Participation in Practice,2011-10-28T10:54:31Z
2011,REG,PHI,8,00-0022531,T,Jason Peters,Jason,Peters,Hamstring,,Probable,Hamstring,,Full Participation in Practice,2011-10-28T10:54:31Z
2011,REG,PHI,8,00-0024278,DE,Darryl Tapp,Darryl,Tapp,Pectoral,,Probable,Pectoral,,Full Participation in Practice,2011-10-28T10:54:31Z
2011,REG,PIT,8,00-0020712,LB,James Harrison,James,Harrison,Eye,,Out,Eye,,Did Not Participate In Practice,2011-10-28T12:18:12Z
2011,REG,PIT,8,00-0025829,G,Doug Legursky,Doug,Legursky,Toe,,Out,Toe,,Did Not Participate In Practice,2011-10-28T12:20:22Z
2011,REG,PIT,8,00-0019940,T,Chris Hoke,Chris,Hoke,Neck,,Out,Neck,,Limited Participation in Practice,2011-10-28T12:18:40Z
2011,REG,PIT,8,00-0027889,LB,Jason Worilds,Jason,Worilds,Quadricep,,Out,Quadricep,,Limited Participation in Practice,2011-10-28T12:22:51Z
2011,REG,PIT,8,00-0017162,WR,Hines Ward,Hines,Ward,Ankle,,Questionable,Ankle,,Did Not Participate In Practice,2011-10-28T12:15:56Z
2011,REG,PIT,8,00-0005082,LB,James Farrior,James,Farrior,Calf,,Questionable,Calf,,Limited Participation in Practice,2011-10-28T12:13:58Z
2011,REG,SD,8,00-0023463,DE,Luis Castillo,Luis,Castillo,Tibia,,Out,Tibia,,Did Not Participate In Practice,2011-10-29T13:15:49Z
2011,REG,SD,8,00-0021546,G,Kris Dielman,Kris,Dielman,Concussion,,Out,Concussion,,Did Not Participate In Practice,2011-10-29T13:15:59Z
2011,REG,SD,8,00-0022723,LB,Shaun Phillips,Shaun,Phillips,Foot,,Out,Foot,,Did Not Participate In Practice,2011-10-29T13:21:08Z
2011,REG,SD,8,00-0026069,RB,Mike Tolbert,Mike,Tolbert,Hamstring,Hand,Doubtful,Hamstring,Hand,Did Not Participate In Practice,2011-10-29T13:21:21Z
2011,REG,SD,8,00-0022414,WR,Malcom Floyd,Malcom,Floyd,Hip,,Questionable,Hip,,Full Participation in Practice,2011-10-29T13:20:55Z
2011,REG,SD,8,00-0027710,S,Darrell Stuckey,Darrell,Stuckey,Groin,,Questionable,Groin,,Full Participation in Practice,2011-10-29T13:21:48Z
2011,REG,SD,8,00-0021547,TE,Antonio Gates,Antonio,Gates,Foot,,Probable,Foot,,Full Participation in Practice,2011-10-29T13:15:36Z
2011,REG,SD,8,00-0026209,RB,Jacob Hester,Jacob,Hester,Foot,,Probable,Foot,,Full Participation in Practice,2011-10-29T13:15:36Z
2011,REG,SD,8,00-0027864,RB,Ryan Mathews,Ryan,Mathews,Thumb,,Probable,Thumb,,Full Participation in Practice,2011-10-29T13:15:36Z
2011,REG,SD,8,00-0024265,T,Marcus McNeill,Marcus,McNeill,Neck,,Probable,Neck,,Full Participation in Practice,2011-10-29T13:15:36Z
2011,REG,SD,8,00-0023674,C,Scott Mruczkowski,Scott,Mruczkowski,Neck,,Probable,Neck,,Full Participation in Practice,2011-10-29T13:15:36Z
2011,REG,SEA,8,00-0023013,CB,Brandon Browner,Brandon,Browner,,,,Not Injury Related,,Did Not Participate In Practice,2011-10-26T15:42:02Z
2011,REG,SEA,8,00-0024279,QB,Tarvaris Jackson,Tarvaris,Jackson,Pectoral,,Questionable,Pectoral,,Full Participation in Practice,2011-10-28T13:30:13Z
2011,REG,SEA,8,00-0027733,S,Kam Chancellor,Kam,Chancellor,Knee,,Probable,Knee,,Full Participation in Practice,2011-10-28T13:29:55Z
2011,REG,SEA,8,00-0025399,RB,Marshawn Lynch,Marshawn,Lynch,Back,,Probable,Back,,Full Participation in Practice,2011-10-28T13:29:55Z
2011,REG,SEA,8,00-0025425,TE,Zach Miller,Zach,Miller,Neck,Head,Probable,Neck,Head,Full Participation in Practice,2011-10-28T13:29:55Z
2011,REG,SEA,8,00-0027025,C,Max Unger,Max,Unger,Foot,,Probable,Foot,,Full Participation in Practice,2011-10-28T13:29:55Z
2011,REG,SEA,8,00-0023404,S,Atari Bigby,Atari,Bigby,Hamstring,,Probable,Hamstring,,Limited Participation in Practice,2011-10-28T13:29:55Z
2011,REG,SEA,8,00-0028441,S,Jeron Johnson,Jeron,Johnson,Ankle,,Probable,Ankle,,Limited Participation in Practice,2011-10-28T13:29:55Z
2011,REG,SF,8,00-0027375,CB,Tramaine Brock,Tramaine,Brock,Hand,,Doubtful,Hand,,Limited Participation in Practice,2011-10-28T13:07:52Z
2011,REG,SF,8,00-0020508,RB,Moran Norris,Moran,Norris,Fibula,,Doubtful,Fibula,,Limited Participation in Practice,2011-10-28T13:07:29Z
2011,REG,SF,8,00-0023438,WR,Braylon Edwards,Braylon,Edwards,Knee,,Questionable,Knee,,Limited Participation in Practice,2011-10-28T13:08:10Z
2011,REG,SF,8,00-0024354,LB,Parys Haralson,Parys,Haralson,Hamstring,,Probable,Hamstring,,Full Participation in Practice,2011-10-28T13:18:33Z
2011,REG,SF,8,00-0023529,G,Adam Snyder,Adam,Snyder,Stinger,,Probable,Stinger ,,Full Participation in Practice,2011-10-28T13:15:05Z
2011,REG,SF,8,00-0022843,CB,Shawntae Spencer,Shawntae,Spencer,Toe,,Probable,Toe,,Full Participation in Practice,2011-10-28T13:09:22Z
2011,REG,SF,8,00-0026986,WR,Michael Crabtree,Michael,Crabtree,Foot,,Probable,Foot,,Limited Participation in Practice,2011-10-28T13:08:27Z
2011,REG,SF,8,00-0028018,CB,Chris Culliver,Chris,Culliver,Shoulder,,Probable,Shoulder,,Limited Participation in Practice,2011-10-28T13:09:01Z
2011,REG,SF,8,00-0021267,C,Jonathan Goodwin,Jonathan,Goodwin,Concussion,,Probable,Concussion,,Limited Participation in Practice,2011-10-28T13:08:42Z
2011,REG,STL,8,00-0024294,RB,Jerious Norwood,Jerious,Norwood,,,,Illness,,Full Participation in Practice,2011-10-27T13:00:06Z
2011,REG,STL,8,00-0027648,T,Rodger Saffold,Rodger,Saffold,,,,Illness,,Full Participation in Practice,2011-10-27T13:00:16Z
2011,REG,STL,8,00-0027854,QB,Sam Bradford,Sam,Bradford,Ankle,,Out,Ankle,,Did Not Participate In Practice,2011-10-28T11:22:46Z
2011,REG,STL,8,00-0027073,DT,Darell Scott,Darell,Scott,Concussion,,Out,Concussion,,Did Not Participate In Practice,2011-10-28T11:24:07Z
2011,REG,STL,8,00-0026979,T,Jason Smith,Jason,Smith,Concussion,Neck,Out,Neck,Concussion,Did Not Participate In Practice,2011-10-28T11:23:50Z
2011,REG,STL,8,00-0027912,WR,Danario Alexander,Danario,Alexander,Hamstring,,Doubtful,Hamstring,,Did Not Participate In Practice,2011-10-28T11:22:38Z
2011,REG,STL,8,00-0023559,LB,Brady Poppinga,Brady,Poppinga,Calf,,Questionable,Calf,,Did Not Participate In Practice,2011-10-28T11:23:14Z
2011,REG,STL,8,00-0026241,CB,Justin King,Justin,King,Groin,,Questionable,Groin,,Limited Participation in Practice,2011-10-28T11:22:58Z
2011,REG,STL,8,00-0025626,DE,C.J. Ah You,C.J.,Ah You,Wrist,,Probable,Wrist,,Full Participation in Practice,2011-10-28T11:22:24Z
2011,REG,TEN,8,00-0021219,S,Chris Hope,Chris,Hope,Forearm,,Out,Forearm,,Did Not Participate In Practice,2011-10-28T11:55:38Z
2011,REG,TEN,8,00-0028047,LB,Colin McCarthy,Colin,McCarthy,Hamstring,,Out,Hamstring,,Did Not Participate In Practice,2011-10-28T11:55:45Z
2011,REG,TEN,8,00-0022755,G,Jake Scott,Jake,Scott,Neck,,Questionable,Neck,,Did Not Participate In Practice,2011-10-28T11:55:53Z
2011,REG,TEN,8,00-0026243,DE,William Hayes,William,Hayes,Back,,Questionable,Back,,Full Participation in Practice,2011-10-28T11:55:31Z
2011,REG,TEN,8,00-0026225,TE,Craig Stevens,Craig,Stevens,Rib,,Questionable,Rib,,Limited Participation in Practice,2011-10-28T11:56:01Z
2011,REG,TEN,8,00-0007091,QB,Matt Hasselbeck,Matt,Hasselbeck,right Thumb,,Probable,right Thumb,,Full Participation in Practice,2011-10-28T11:55:20Z
2011,REG,WAS,8,00-0014655,RB,Mike Sellers,Mike,Sellers,Back,,Out,Back,,Did Not Participate In Practice,2011-10-28T10:34:44Z
2011,REG,WAS,8,00-0027857,T,Trent Williams,Trent,Williams,Ankle,,Out,Ankle,,Did Not Participate In Practice,2011-10-28T10:35:31Z
2011,REG,WAS,8,00-0020494,WR,Santana Moss,Santana,Moss,Hand,,Out,Hand,,Out (Definitely Will Not Play),2011-10-28T10:34:34Z
2011,REG,WAS,8,00-0023501,S,Oshiomogho Atogwe,Oshiomogho,Atogwe,Knee,,Questionable,Knee,,Limited Participation in Practice,2011-10-28T10:33:36Z
2011,REG,WAS,8,00-0021151,CB,Phillip Buchanon,Phillip,Buchanon,Neck,Knee,Questionable,Neck,Knee,Limited Participation in Practice,2011-10-28T10:33:49Z
2011,REG,WAS,8,00-0005322,LB,London Fletcher,London,Fletcher,Hamstring,,Questionable,Hamstring,,Limited Participation in Practice,2011-10-28T10:34:05Z
2011,REG,WAS,8,00-0022923,CB,DeAngelo Hall,DeAngelo,Hall,Hip,,Questionable,Hip,,Limited Participation in Practice,2011-10-28T10:34:21Z
2011,REG,WAS,8,00-0023447,T,Jammal Brown,Jammal,Brown,Hip,,Probable,Hip,,Full Participation in Practice,2011-10-28T10:33:28Z
2011,REG,WAS,8,00-0024387,S,Reed Doughty,Reed,Doughty,Chest,,Probable,Chest,,Full Participation in Practice,2011-10-28T10:33:28Z
2011,REG,WAS,8,00-0022121,QB,Rex Grossman,Rex,Grossman,Illness,,Probable,Illness,,Full Participation in Practice,2011-10-28T10:33:28Z
2011,REG,WAS,8,00-0021147,WR,Donte' Stallworth,Donte',Stallworth,Hamstring,,Probable,Hamstring,,Full Participation in Practice,2011-10-28T10:33:28Z
2011,REG,WAS,8,00-0025739,CB,Byron Westbrook,Byron,Westbrook,Hamstring,,Probable,Hamstring,,Full Participation in Practice,2011-10-28T10:33:28Z
2011,REG,WAS,8,00-0025442,CB,Josh Wilson,Josh,Wilson,Hamstring,,Probable,Hamstring,,Full Participation in Practice,2011-10-28T10:33:28Z
2011,REG,ARI,9,00-0028007,TE,Rob Housler,Rob,Housler,Groin,,Out,Groin,,Did Not Participate In Practice,2011-11-04T13:03:46Z
2011,REG,ARI,9,00-0013126,LB,Joey Porter,Joey,Porter,Knee,,Out,Knee,,Did Not Participate In Practice,2011-11-04T13:03:58Z
2011,REG,ARI,9,00-0023557,S,Kerry Rhodes,Kerry,Rhodes,Foot,,Out,Foot,,Did Not Participate In Practice,2011-11-04T13:04:03Z
2011,REG,ARI,9,00-0028074,RB,Anthony Sherman,Anthony,Sherman,Ankle,,Out,Ankle,,Did Not Participate In Practice,2011-11-04T13:04:07Z
2011,REG,ARI,9,00-0025423,QB,Kevin Kolb,Kevin,Kolb,Toe,,Doubtful,Toe,,Did Not Participate In Practice,2011-11-04T13:03:52Z
2011,REG,ARI,9,00-0027825,TE,Jim Dray,Jim,Dray,Pectoral,,Questionable,Pectoral,,Limited Participation in Practice,2011-11-04T13:03:24Z
2011,REG,ARI,9,00-0022010,DT,Nick Eason,Nick,Eason,Achilles,,Questionable,Achilles,,Limited Participation in Practice,2011-11-04T13:03:29Z
2011,REG,ARI,9,00-0020516,TE,Todd Heap,Todd,Heap,Hamstring,,Questionable,Hamstring,,Limited Participation in Practice,2011-11-04T13:03:35Z
2011,REG,ARI,9,00-0026956,KR,LaRod Stephens-Howling,LaRod,Stephens-Howling,Shoulder,,Questionable,Shoulder,,Limited Participation in Practice,2011-11-04T13:04:19Z
2011,REG,ARI,9,00-0027007,RB,Chris Wells,Chris,Wells,Knee,,Questionable,Knee,,Limited Participation in Practice,2011-11-04T13:04:13Z
2011,REG,ATL,9,00-0026161,T,Sam Baker,Sam,Baker,Back,,Out,Back,,Did Not Participate In Practice,2011-11-04T12:20:08Z
2011,REG,ATL,9,00-0019546,DE,John Abraham,John,Abraham,Not Injury Related,,Probable,Not Injury Related,,Full Participation in Practice,2011-11-04T12:19:59Z
2011,REG,ATL,9,00-0006101,TE,Tony Gonzalez,Tony,Gonzalez,Back,,Probable,Back,,Full Participation in Practice,2011-11-04T12:19:59Z
2011,REG,ATL,9,00-0027944,WR,Julio Jones,Julio,Jones,Hamstring,,Probable,Hamstring,,Full Participation in Practice,2011-11-04T12:19:59Z
2011,REG,ATL,9,00-0010711,C,Todd McClure,Todd,McClure,Not Injury Related,,Probable,Not Injury Related,,Full Participation in Practice,2011-11-04T12:19:59Z
2011,REG,ATL,9,00-0027062,CB,Christopher Owens,Christopher,Owens,Concussion,,Probable,Concussion,,Full Participation in Practice,2011-11-04T12:19:59Z
2011,REG,BAL,9,00-0026857,LB,Dannell Ellerbe,Dannell,Ellerbe,Thigh,,Out,Thigh,,Did Not Participate In Practice,2011-11-04T11:14:50Z
2011,REG,BAL,9,00-0022910,WR,Lee Evans,Lee,Evans,Ankle,,Out,Ankle,,Did Not Participate In Practice,2011-11-04T11:14:55Z
2011,REG,BAL,9,00-0028163,RB,Anthony Allen,Anthony,Allen,Thigh,,Questionable,Thigh,,Limited Participation in Practice,2011-11-04T11:14:29Z
2011,REG,BAL,9,00-0028102,CB,Chykie Brown,Chykie,Brown,Knee,,Questionable,Knee,,Limited Participation in Practice,2011-11-04T11:14:40Z
2011,REG,BAL,9,00-0025416,G,Ben Grubbs,Ben,Grubbs,Toe,,Questionable,Toe,,Limited Participation in Practice,2011-11-04T11:15:04Z
2011,REG,BAL,9,00-0027755,WR,David Reed,David,Reed,Knee,,Questionable,Knee,,Limited Participation in Practice,2011-11-04T11:15:18Z
2011,REG,BAL,9,00-0001263,C,Matt Birk,Matt,Birk,Neck,,Probable,Neck,,Full Participation in Practice,2011-11-04T11:14:18Z
2011,REG,BAL,9,00-0026837,CB,Danny Gorrer,Danny,Gorrer,Thigh,,Probable,Thigh,,Full Participation in Practice,2011-11-04T11:14:18Z
2011,REG,BAL,9,00-0024227,DT,Haloti Ngata,Haloti,Ngata,Thigh,,Probable,Thigh,,Limited Participation in Practice,2011-11-04T11:14:18Z
2011,REG,BUF,9,00-0026359,T,Demetress Bell,Demetress,Bell,Shoulder,,Out,Shoulder,,Did Not Participate In Practice,2011-11-04T09:31:28Z
2011,REG,BUF,9,00-0024348,DT,Kyle Williams,Kyle,Williams,Foot,,Out,Foot,,Did Not Participate In Practice,2011-11-04T09:31:34Z
2011,REG,BUF,9,00-0027972,CB,Aaron Williams,Aaron,Williams,Chest,,Out,Chest,,Limited Participation in Practice,2011-11-04T09:31:47Z
2011,REG,BUF,9,00-0028060,T,Chris Hairston,Chris,Hairston,Ankle,,Questionable,Ankle,,Limited Participation in Practice,2011-11-04T09:32:13Z
2011,REG,BUF,9,00-0021995,LB,Chris Kelsay,Chris,Kelsay,Calf,,Questionable,Calf,,Limited Participation in Practice,2011-11-04T09:31:59Z
2011,REG,BUF,9,00-0023682,QB,Ryan Fitzpatrick,Ryan,Fitzpatrick,Chest,,Probable,Chest,,Full Participation in Practice,2011-11-04T09:31:21Z
2011,REG,BUF,9,00-0027518,WR,Donald Jones,Donald,Jones,Ankle,,Probable,Ankle,,Full Participation in Practice,2011-11-04T09:31:21Z
2011,REG,BUF,9,00-0028071,RB,Johnny White,Johnny,White,Illness,,Probable,Illness,,Full Participation in Practice,2011-11-04T09:31:21Z
2011,REG,BUF,9,00-0027027,G,Andy Levitre,Andy,Levitre,Shoulder,,Probable,Shoulder,,Limited Participation in Practice,2011-11-04T09:31:21Z
2011,REG,CHI,9,00-0027967,T,Gabe Carimi,Gabe,Carimi,Knee,,Out,Knee,,Did Not Participate In Practice,2011-11-05T11:27:00Z
2011,REG,CIN,9,00-0027873,TE,Jermaine Gresham,Jermaine,Gresham,Hamstring,,Doubtful,Hamstring,,Did Not Participate In Practice,2011-11-04T10:53:19Z
2011,REG,CIN,9,00-0027014,LB,Rey Maualuga,Rey,Maualuga,Ankle,,Doubtful,Ankle,,Did Not Participate In Practice,2011-11-04T10:53:36Z
2011,REG,CIN,9,00-0023441,CB,Adam Jones,Adam,Jones,Hamstring,,Doubtful,Hamstring,,Limited Participation in Practice,2011-11-04T10:53:26Z
2011,REG,CIN,9,00-0020495,CB,Nate Clements,Nate,Clements,Knee,,Probable,Knee,,Full Participation in Practice,2011-11-04T10:50:25Z
2011,REG,CIN,9,00-0022167,S,Chris Crocker,Chris,Crocker,Knee,,Probable,Knee,,Full Participation in Practice,2011-11-04T10:50:25Z
2011,REG,CIN,9,00-0027662,DE,Carlos Dunlap,Carlos,Dunlap,Groin,,Probable,Groin,,Full Participation in Practice,2011-11-04T10:50:25Z
2011,REG,CIN,9,00-0024253,LB,Thomas Howard,Thomas,Howard,Hamstring,,Probable,Hamstring,,Full Participation in Practice,2011-11-04T10:50:25Z
2011,REG,CIN,9,00-0026249,C,Mike McGlynn,Mike,McGlynn,Not Injury Related,,Probable,Not Injury Related,,Full Participation in Practice,2011-11-04T10:50:25Z
2011,REG,CIN,9,00-0024306,DE,Frostee Rucker,Frostee,Rucker,Shoulder,,Probable,Shoulder,,Limited Participation in Practice,2011-11-04T10:54:08Z
2011,REG,CLE,9,00-0027460,LB,Auston English,Auston,English,Knee,,Out,Knee,,Did Not Participate In Practice,2011-11-04T13:03:48Z
2011,REG,CLE,9,00-0027666,RB,Montario Hardesty,Montario,Hardesty,Calf,,Out,Calf,,Did Not Participate In Practice,2011-11-04T13:04:04Z
2011,REG,CLE,9,00-0023727,CB,Dimitri Patterson,Dimitri,Patterson,Knee,,Out,Knee,,Did Not Participate In Practice,2011-11-04T13:04:21Z
2011,REG,CLE,9,00-0026367,RB,Peyton Hillis,Peyton,Hillis,Hamstring,,Questionable,Hamstring,,Limited Participation in Practice,2011-11-04T13:04:49Z
2011,REG,CLE,9,00-0027074,LB,Kaluka Maiava,Kaluka,Maiava,Knee,,Questionable,Knee,,Limited Participation in Practice,2011-11-04T13:05:21Z
2011,REG,CLE,9,00-0022149,T,Tony Pashos,Tony,Pashos,Ankle,,Questionable,Ankle,,Limited Participation in Practice,2011-11-04T13:05:39Z
2011,REG,CLE,9,00-0023316,S,Raymond Ventrone,Raymond,Ventrone,Hamstring,,Questionable,Hamstring,,Limited Participation in Practice,2011-11-04T13:05:59Z
2011,REG,CLE,9,00-0024286,LB,Chris Gocong,Chris,Gocong,Shoulder,,Probable,Shoulder,,Full Participation in Practice,2011-11-04T13:06:23Z
2011,REG,CLE,9,00-0027694,G,Shawn Lauvao,Shawn,Lauvao,Knee,,Probable,Knee,,Full Participation in Practice,2011-11-04T13:07:16Z
2011,REG,CLE,9,00-0027026,WR,Mohamed Massaquoi,Mohamed,Massaquoi,Head,,Probable,Head,,Full Participation in Practice,2011-11-04T13:07:34Z
2011,REG,CLE,9,00-0027653,S,T.J. Ward,T.J.,Ward,Knee,,Probable,Knee,,Full Participation in Practice,2011-11-04T13:07:55Z
2011,REG,DAL,9,00-0026165,CB,Mike Jenkins,Mike,Jenkins,Hamstring,,Out,Hamstring,,Did Not Participate In Practice,2011-11-04T12:35:38Z
2011,REG,DAL,9,00-0026162,RB,Felix Jones,Felix,Jones,Ankle,,Out,Ankle,,Did Not Participate In Practice,2011-11-04T12:35:45Z
2011,REG,DAL,9,00-0027663,LB,Sean Lee,Sean,Lee,Wrist,,Doubtful,Wrist,,Did Not Participate In Practice,2011-11-04T12:35:59Z
2011,REG,DAL,9,00-0021348,G,Kyle Kosier,Kyle,Kosier,Foot,,Questionable,Foot,,Limited Participation in Practice,2011-11-04T12:35:52Z
2011,REG,DAL,9,00-0021488,P,Mat McBriar,Mat,McBriar,left Foot,,Questionable,left Foot,,Limited Participation in Practice,2011-11-04T12:36:05Z
2011,REG,DAL,9,00-0021678,QB,Tony Romo,Tony,Romo,Ribs,,Probable,Ribs,,Full Participation in Practice,2011-11-04T12:35:32Z
2011,REG,DEN,9,00-0028142,TE,Virgil Green,Virgil,Green,Neck,,Out,Neck,,Did Not Participate In Practice,2011-11-04T11:46:56Z
2011,REG,DEN,9,00-0027290,CB,Cassius Vaughn,Cassius,Vaughn,Hamstring,,Out,Hamstring,,Did Not Participate In Practice,2011-11-04T11:47:10Z
2011,REG,DEN,9,00-0028046,S,Quinton Carter,Quinton,Carter,Concussion,,Questionable,Concussion,,Limited Participation in Practice,2011-11-04T11:46:40Z
2011,REG,DEN,9,00-0028067,TE,Julius Thomas,Julius,Thomas,Ankle,,Probable,Ankle,,Full Participation in Practice,2011-11-04T11:46:26Z
2011,REG,DEN,9,00-0027984,T,Orlando Franklin,Orlando,Franklin,Groin,,Probable,Groin,,Limited Participation in Practice,2011-11-04T11:46:26Z
2011,REG,DEN,9,00-0022178,RB,Willis McGahee,Willis,McGahee,Hand,,Probable,Hand,,Limited Participation in Practice,2011-11-04T11:46:26Z
2011,REG,GB,9,00-0019702,T,Chad Clifton,Chad,Clifton,Knee,Hamstring,Out,Knee,Hamstring,Out (Definitely Will Not Play),2011-11-04T12:29:12Z
2011,REG,GB,9,00-0027664,DE,Mike Neal,Mike,Neal,Knee,,Out,Knee,,Out (Definitely Will Not Play),2011-11-04T12:29:19Z
2011,REG,GB,9,00-0027676,S,Morgan Burnett,Morgan,Burnett,Hand,,Probable,Hand,,Full Participation in Practice,2011-11-04T12:29:05Z
2011,REG,GB,9,00-0028600,LB,Jamari Lattimore,Jamari,Lattimore,Shoulder,,Probable,Shoulder,,Full Participation in Practice,2011-11-04T12:29:05Z
2011,REG,GB,9,00-0027440,CB,Sam Shields,Sam,Shields,Concussion,,Probable,Concussion,,Full Participation in Practice,2011-11-04T12:29:05Z
2011,REG,GB,9,00-0027442,LB,Frank Zombo,Frank,Zombo,Knee,,Probable,Knee,,Full Participation in Practice,2011-11-04T12:29:05Z
2011,REG,GB,9,00-0027002,LB,Clay Matthews,Clay,Matthews,Quadricep,,Probable,Quadricep,,Limited Participation in Practice,2011-11-04T12:29:05Z
2011,REG,GB,9,00-0026275,G,Josh Sitton,Josh,Sitton,Knee,,Probable,Knee,,Limited Participation in Practice,2011-11-04T12:29:05Z
2011,REG,HOU,9,00-0010500,WR,Derrick Mason,Derrick,Mason,,,,Finger,,Full Participation in Practice,2011-11-04T11:22:08Z
2011,REG,HOU,9,00-0022044,WR,Andre Johnson,Andre,Johnson,Hamstring,,Out,Hamstring,,Did Not Participate In Practice,2011-11-04T11:24:50Z
2011,REG,HOU,9,00-0024257,S,Danieal Manning,Danieal,Manning,Ankle,,Out,Ankle,,Did Not Participate In Practice,2011-11-04T11:24:59Z
2011,REG,HOU,9,00-0024231,CB,Jason Allen,Jason,Allen,Knee,,Probable,Knee,,Full Participation in Practice,2011-11-04T11:24:35Z
2011,REG,HOU,9,00-0027385,G,Thomas Austin,Thomas,Austin,Knee,,Probable,Knee,,Full Participation in Practice,2011-11-04T11:24:35Z
2011,REG,HOU,9,00-0028536,LB,Bryan Braman,Bryan,Braman,Neck,,Probable,Neck,,Full Participation in Practice,2011-11-04T11:24:35Z
2011,REG,HOU,9,00-0023846,G,Mike Brisiel,Mike,Brisiel,Shin,,Probable,Shin,,Full Participation in Practice,2011-11-04T11:24:35Z
2011,REG,HOU,9,00-0026166,T,Duane Brown,Duane,Brown,Shoulder,,Probable,Shoulder,,Full Participation in Practice,2011-11-04T11:24:35Z
2011,REG,HOU,9,00-0027051,G,Antoine Caldwell,Antoine,Caldwell,Ankle,,Probable,Ankle,,Full Participation in Practice,2011-11-04T11:24:35Z
2011,REG,HOU,9,00-0026991,LB,Brian Cushing,Brian,Cushing,Knee,,Probable,Knee,,Full Participation in Practice,2011-11-04T11:24:35Z
2011,REG,HOU,9,00-0027743,CB,Sherrick McManis,Sherrick,McManis,Groin,,Probable,Groin,,Full Participation in Practice,2011-11-04T11:24:35Z
2011,REG,HOU,9,00-0023633,C,Chris Myers,Chris,Myers,Knee,,Probable,Knee,,Full Participation in Practice,2011-11-04T11:24:35Z
2011,REG,HOU,9,00-0024248,LB,DeMeco Ryans,DeMeco,Ryans,Elbow,Hamstring/Wrist,Probable,Elbow,Hamstring/Wrist,Full Participation in Practice,2011-11-04T11:24:35Z
2011,REG,HOU,9,00-0027890,RB,Ben Tate,Ben,Tate,Ankle,,Probable,Ankle,,Full Participation in Practice,2011-11-04T11:24:35Z
2011,REG,HOU,9,00-0024281,T,Eric Winston,Eric,Winston,Ankle,,Probable,Ankle,,Full Participation in Practice,2011-11-04T11:24:35Z
2011,REG,HOU,9,00-0027022,LB,Connor Barwin,Connor,Barwin,Achilles,,Probable,Achilles,,Limited Participation in Practice,2011-11-04T11:24:35Z
2011,REG,HOU,9,00-0027109,RB,James Casey,James,Casey,Chest,,Probable,Chest,,Limited Participation in Practice,2011-11-04T11:24:35Z
2011,REG,HOU,9,00-0021931,WR,Kevin Walter,Kevin,Walter,Knee,,Probable,Knee,,Limited Participation in Practice,2011-11-04T11:24:35Z
2011,REG,IND,9,00-0027831,LB,Kavell Conner,Kavell,Conner,,,,Not Injury Related,,Full Participation in Practice,2011-11-04T12:03:28Z
2011,REG,IND,9,00-0021146,DE,Dwight Freeney,Dwight,Freeney,,,,Not Injury Related,,Full Participation in Practice,2011-11-04T12:03:28Z
2011,REG,IND,9,00-0022059,DE,Robert Mathis,Robert,Mathis,,,,Not Injury Related,,Full Participation in Practice,2011-11-04T12:05:24Z
2011,REG,IND,9,00-0010346,QB,Peyton Manning,Peyton,Manning,Neck,,Out,Neck,,Out (Definitely Will Not Play),2011-11-04T12:09:00Z
2011,REG,IND,9,00-0026408,G,Joe Reitz,Joe,Reitz,Knee,,Out,Knee,,Out (Definitely Will Not Play),2011-11-04T12:09:18Z
2011,REG,IND,9,00-0024245,RB,Joseph Addai,Joseph,Addai,Knee,,Questionable,Knee,,Did Not Participate In Practice,2011-11-04T12:06:58Z
2011,REG,IND,9,00-0027233,CB,Terrence Johnson,Terrence,Johnson,Ankle,,Questionable,Ankle,,Did Not Participate In Practice,2011-11-04T12:07:59Z
2011,REG,IND,9,00-0014375,C,Jeff Saturday,Jeff,Saturday,Knee,,Questionable,Knee,,Did Not Participate In Practice,2011-11-04T12:09:35Z
2011,REG,IND,9,00-0027477,WR,Blair White,Blair,White,Knee,,Questionable,Knee,,Did Not Participate In Practice,2011-11-04T12:09:45Z
2011,REG,IND,9,00-0027892,LB,Pat Angerer,Pat,Angerer,Knee,,Questionable,Knee,,Full Participation in Practice,2011-11-04T12:07:06Z
2011,REG,IND,9,00-0022165,TE,Dallas Clark,Dallas,Clark,Knee,,Questionable,Knee,,Full Participation in Practice,2011-11-04T12:07:21Z
2011,REG,IND,9,00-0020399,G,Ryan Diem,Ryan,Diem,Ankle,,Questionable,Ankle,,Full Participation in Practice,2011-11-04T12:07:36Z
2011,REG,IND,9,00-0027761,TE,Brody Eldridge,Brody,Eldridge,Knee,,Questionable,Knee,,Full Participation in Practice,2011-11-04T12:07:47Z
2011,REG,IND,9,00-0024353,G,Quinn Ojinnaka,Quinn,Ojinnaka,Shoulder,,Questionable,Shoulder,,Full Participation in Practice,2011-11-04T12:08:34Z
2011,REG,IND,9,00-0026199,C,Mike Pollak,Mike,Pollak,Hamstring,,Questionable,Hamstring,,Full Participation in Practice,2011-11-04T12:08:42Z
2011,REG,IND,9,00-0027960,T,Anthony Castonzo,Anthony,Castonzo,Ankle,,Questionable,Ankle,,Limited Participation in Practice,2011-11-04T12:07:14Z
2011,REG,IND,9,00-0028025,DT,Drake Nevis,Drake,Nevis,Back,,Questionable,Back,,Limited Participation in Practice,2011-11-04T12:08:26Z
2011,REG,KC,9,00-0021187,S,Jon McGraw,Jon,McGraw,Shoulder,,Doubtful,Shoulder,,Did Not Participate In Practice,2011-11-04T13:20:00Z
2011,REG,KC,9,00-0027660,CB,Javier Arenas,Javier,Arenas,Ankle,,Questionable,Ankle,,Limited Participation in Practice,2011-11-04T13:22:19Z
2011,REG,MIA,9,00-0027001,CB,Vontae Davis,Vontae,Davis,Hamstring,,Questionable,Hamstring,,Limited Participation in Practice,2011-11-04T10:28:40Z
2011,REG,MIA,9,00-0028049,WR,Edmond Gates,Edmond,Gates,Groin,,Questionable,Groin,,Limited Participation in Practice,2011-11-04T10:28:48Z
2011,REG,MIA,9,00-0028000,RB,Daniel Thomas,Daniel,Thomas,Hamstring,,Questionable,Hamstring,,Limited Participation in Practice,2011-11-04T10:28:58Z
2011,REG,MIA,9,00-0022067,S,Yeremiah Bell,Yeremiah,Bell,Toe,,Probable,Toe,,Full Participation in Practice,2011-11-04T10:28:30Z
2011,REG,MIA,9,00-0021160,T,Marc Colombo,Marc,Colombo,Knee,,Probable,Knee,,Full Participation in Practice,2011-11-04T10:28:30Z
2011,REG,MIA,9,00-0023516,G,Richie Incognito,Richie,Incognito,Ankle,,Probable,Ankle,,Full Participation in Practice,2011-11-04T10:28:30Z
2011,REG,MIA,9,00-0026206,DE,Kendall Langford,Kendall,Langford,Hips,,Probable,Hips,,Full Participation in Practice,2011-11-04T10:28:30Z
2011,REG,MIA,9,00-0025708,QB,Matt Moore,Matt,Moore,Ribs,,Probable,Ribs,,Full Participation in Practice,2011-11-04T10:28:30Z
2011,REG,MIA,9,00-0027953,C,Mike Pouncey,Mike,Pouncey,Neck,,Probable,Neck,,Full Participation in Practice,2011-11-04T10:28:30Z
2011,REG,MIA,9,00-0016112,LB,Jason Taylor,Jason,Taylor,Hip,,Probable,Hip,,Full Participation in Practice,2011-11-04T10:28:30Z
2011,REG,NE,9,00-0027237,LB,Dane Fletcher,Dane,Fletcher,Thumb,,Out,Thumb,,Did Not Participate In Practice,2011-11-04T12:56:11Z
2011,REG,NE,9,00-0026360,S,Josh Barrett,Josh,Barrett,Thumb,,Questionable,Thumb,,Limited Participation in Practice,2011-11-04T12:55:40Z
2011,REG,NE,9,00-0019545,DE,Shaun Ellis,Shaun,Ellis,Rib,,Questionable,Rib,,Limited Participation in Practice,2011-11-04T12:55:47Z
2011,REG,NE,9,00-0005091,RB,Kevin Faulk,Kevin,Faulk,Knee,,Questionable,Knee,,Limited Participation in Practice,2011-11-04T12:55:59Z
2011,REG,NE,9,00-0025860,RB,BenJarvus Green-Ellis,BenJarvus,Green-Ellis,Toe,,Questionable,Toe,,Limited Participation in Practice,2011-11-04T12:56:19Z
2011,REG,NE,9,00-0021149,DT,Albert Haynesworth,Albert,Haynesworth,Back,,Questionable,Back,,Limited Participation in Practice,2011-11-04T12:57:03Z
2011,REG,NE,9,00-0027713,TE,Aaron Hernandez,Aaron,Hernandez,Knee,,Questionable,Knee,,Limited Participation in Practice,2011-11-04T12:57:12Z
2011,REG,NE,9,00-0026150,LB,Jerod Mayo,Jerod,Mayo,Knee,,Questionable,Knee,,Limited Participation in Practice,2011-11-04T12:57:19Z
2011,REG,NE,9,00-0027034,T,Sebastian Vollmer,Sebastian,Vollmer,Back,,Questionable,Back,,Limited Participation in Practice,2011-11-04T12:57:29Z
2011,REG,NE,9,00-0022427,WR,Wes Welker,Wes,Welker,Neck,,Questionable,Neck,,Limited Participation in Practice,2011-11-04T12:57:38Z
2011,REG,NE,9,00-0026335,G,Donald Thomas,Donald,Thomas,Not Injury Related,,Probable,Not Injury Related,,Did Not Participate In Practice,2011-11-04T12:57:56Z
2011,REG,NO,9,00-0027966,RB,Mark Ingram,Mark,Ingram,Heel,,Out,Heel,,Did Not Participate In Practice,2011-11-04T11:37:40Z
2011,REG,NO,9,00-0022778,LB,Jonathan Vilma,Jonathan,Vilma,Knee,,Questionable,Knee,,Did Not Participate In Practice,2011-11-04T11:37:56Z
2011,REG,NO,9,00-0020528,DT,Shaun Rogers,Shaun,Rogers,Illness,,Probable,Illness,,Did Not Participate In Practice,2011-11-04T11:38:23Z
2011,REG,NO,9,00-0026832,LB,Jonathan Casillas,Jonathan,Casillas,Knee,,Probable,Knee,,Full Participation in Practice,2011-11-04T11:37:27Z
2011,REG,NO,9,00-0026147,DT,Sedrick Ellis,Sedrick,Ellis,Ankle,,Probable,Ankle,,Full Participation in Practice,2011-11-04T11:37:27Z
2011,REG,NO,9,00-0027551,DE,Junior Galette,Junior,Galette,Knee,,Probable,Knee,,Full Participation in Practice,2011-11-04T11:37:27Z
2011,REG,NO,9,00-0024424,T,Zach Strief,Zach,Strief,Knee,,Probable,Knee,,Full Participation in Practice,2011-11-04T11:37:27Z
2011,REG,NO,9,00-0024301,TE,David Thomas,David,Thomas,Concussion,,Probable,Concussion,,Full Participation in Practice,2011-11-04T11:37:27Z
2011,REG,NYG,9,00-0022870,T,Stacy Andrews,Stacy,Andrews,Back,,Out,Back,,Did Not Participate In Practice,2011-11-04T10:17:50Z
2011,REG,NYG,9,00-0023468,C,David Baas,David,Baas,Knee,,Doubtful,Knee,,Did Not Participate In Practice,2011-11-04T10:17:58Z
2011,REG,NYG,9,00-0025637,RB,Ahmad Bradshaw,Ahmad,Bradshaw,Foot,,Doubtful,Foot,,Did Not Participate In Practice,2011-11-04T10:18:12Z
2011,REG,NYG,9,00-0027005,WR,Hakeem Nicks,Hakeem,Nicks,Hamstring,,Doubtful,Hamstring,,Did Not Participate In Practice,2011-11-04T10:18:34Z
2011,REG,NYG,9,00-0027867,DE,Jason Pierre-Paul,Jason,Pierre-Paul,Concussion,,Questionable,Concussion,,Did Not Participate In Practice,2011-11-04T10:18:55Z
2011,REG,NYG,9,00-0027957,CB,Prince Amukamara,Prince,Amukamara,Foot,,Questionable,Foot,,Limited Participation in Practice,2011-11-04T10:17:44Z
2011,REG,NYG,9,00-0028492,RB,Henry Hynoski,Henry,Hynoski,Neck,,Questionable,Neck,,Limited Participation in Practice,2011-11-04T10:18:23Z
2011,REG,NYG,9,00-0023593,LB,Michael Boley,Michael,Boley,Knee,,Probable,Knee,,Full Participation in Practice,2011-11-04T10:17:36Z
2011,REG,NYG,9,00-0026235,WR,Mario Manningham,Mario,Manningham,Illness,,Probable,Illness,,Full Participation in Practice,2011-11-04T10:17:36Z
2011,REG,NYG,9,00-0026931,TE,Bear Pascoe,Bear,Pascoe,Finger,,Probable,Finger,,Full Participation in Practice,2011-11-04T10:17:36Z
2011,REG,NYG,9,00-0023509,DE,Justin Tuck,Justin,Tuck,Groin,,Probable,Groin,,Full Participation in Practice,2011-11-04T10:17:36Z
2011,REG,NYG,9,00-0021977,DE,Osi Umenyiora,Osi,Umenyiora,Knee,Shoulder,Probable,Knee,Shoulder,Full Participation in Practice,2011-11-04T10:17:36Z
2011,REG,NYJ,9,00-0019642,WR,Plaxico Burress,Plaxico,Burress,Low Back,,Questionable,Low Back,,Limited Participation in Practice,2011-11-04T10:42:01Z
2011,REG,NYJ,9,00-0025689,DT,Mike Devito,Mike,Devito,Knee,,Questionable,Knee,,Limited Participation in Practice,2011-11-04T10:42:06Z
2011,REG,NYJ,9,00-0028032,DT,Kenrick Ellis,Kenrick,Ellis,Ankle,,Questionable,Ankle,,Limited Participation in Practice,2011-11-04T10:42:16Z
2011,REG,NYJ,9,00-0027915,CB,Isaiah Trufant,Isaiah,Trufant,Hamstring,,Questionable,Hamstring,,Limited Participation in Practice,2011-11-04T10:42:21Z
2011,REG,NYJ,9,00-0026043,DT,Marcus Dixon,Marcus,Dixon,Knee,,Probable,Knee,,Full Participation in Practice,2011-11-04T10:41:55Z
2011,REG,NYJ,9,00-0025434,LB,David Harris,David,Harris,Ankle,,Probable,Ankle,,Full Participation in Practice,2011-11-04T10:41:55Z
2011,REG,NYJ,9,00-0024244,C,Nick Mangold,Nick,Mangold,Ankle,,Probable,Ankle,,Full Participation in Practice,2011-11-04T10:41:55Z
2011,REG,NYJ,9,00-0022120,LB,Calvin Pace,Calvin,Pace,Groin,,Probable,Groin,,Full Participation in Practice,2011-11-04T10:41:55Z
2011,REG,NYJ,9,00-0026016,DE,Ropati Pitoitua,Ropati,Pitoitua,Knee,,Probable,Knee,,Full Participation in Practice,2011-11-04T10:41:55Z
2011,REG,OAK,9,00-0023460,QB,Jason Campbell,Jason,Campbell,Collarbone,,Out,Collarbone,,Did Not Participate In Practice,2011-11-04T12:57:53Z
2011,REG,OAK,9,00-0021949,CB,Chris Johnson,Chris,Johnson,Groin,Hamstring,Out,Groin,Hamstring,Did Not Participate In Practice,2011-11-04T12:59:18Z
2011,REG,OAK,9,00-0026144,RB,Darren McFadden,Darren,McFadden,Foot,,Out,Foot,,Did Not Participate In Practice,2011-11-04T12:59:48Z
2011,REG,OAK,9,00-0028051,CB,Chimdi Chekwa,Chimdi,Chekwa,Hamstring,,Questionable,Hamstring,,Did Not Participate In Practice,2011-11-04T12:58:07Z
2011,REG,OAK,9,00-0019646,K,Sebastian Janikowski,Sebastian,Janikowski,left Hamstring,,Questionable,left Hamstring,,Did Not Participate In Practice,2011-11-04T12:58:59Z
2011,REG,OAK,9,00-0024222,S,Michael Huff,Michael,Huff,Ankle,,Questionable,Ankle,,Limited Participation in Practice,2011-11-04T12:58:39Z
2011,REG,OAK,9,00-0027904,LB,Rolando McClain,Rolando,McClain,Ankle,,Questionable,Ankle,,Limited Participation in Practice,2011-11-04T12:59:37Z
2011,REG,OAK,9,00-0025540,TE,Kevin Boss,Kevin,Boss,Concussion,,Probable,Concussion,,Full Participation in Practice,2011-11-04T12:57:37Z
2011,REG,OAK,9,00-0023569,S,Matt Giordano,Matt,Giordano,Neck,,Probable,Neck,,Full Participation in Practice,2011-11-04T12:57:37Z
2011,REG,OAK,9,00-0026393,RB,Marcel Reece,Marcel,Reece,Ankle,,Probable,Ankle,,Full Participation in Practice,2011-11-04T12:57:37Z
2011,REG,OAK,9,00-0026366,WR,Chaz Schilens,Chaz,Schilens,Groin,,Probable,Groin,,Full Participation in Practice,2011-11-04T12:57:37Z
2011,REG,OAK,9,00-0021144,DT,John Henderson,John,Henderson,Back,,Probable,Back,,Limited Participation in Practice,2011-11-04T12:57:37Z
2011,REG,OAK,9,00-0025447,C,Samson Satele,Samson,Satele,Knee,,Probable,Knee,,Limited Participation in Practice,2011-11-04T12:57:37Z
2011,REG,PHI,9,00-0027029,RB,LeSean McCoy,LeSean,McCoy,,,,Illness,,Full Participation in Practice,2011-11-04T12:34:51Z
2011,REG,PHI,9,00-0019986,DE,Juqua Parker,Juqua,Parker,Ankle,,Doubtful,Ankle,,Did Not Participate In Practice,2011-11-05T11:31:10Z
2011,REG,PHI,9,00-0027652,S,Nate Allen,Nate,Allen,Knee,,Probable,Knee,,Full Participation in Practice,2011-11-05T11:30:56Z
2011,REG,PHI,9,00-0025549,TE,Brent Celek,Brent,Celek,Hip,,Probable,Hip,,Full Participation in Practice,2011-11-05T11:30:56Z
2011,REG,PHI,9,00-0026370,T,King Dunlap,King,Dunlap,Back,,Probable,Back,,Full Participation in Practice,2011-11-05T11:30:56Z
2011,REG,PHI,9,00-0025719,LB,Akeem Jordan,Akeem,Jordan,Concussion,,Probable,Concussion,,Full Participation in Practice,2011-11-05T11:30:56Z
2011,REG,PHI,9,00-0024254,T,Winston Justice,Winston,Justice,Knee,,Probable,Knee,,Full Participation in Practice,2011-11-05T11:30:56Z
2011,REG,PHI,9,00-0026303,RB,Owen Schmitt,Owen,Schmitt,Groin,,Probable,Groin,,Full Participation in Practice,2011-11-05T11:30:56Z
2011,REG,PIT,9,00-0025829,G,Doug Legursky,Doug,Legursky,Toe,,Out,Toe,,Did Not Participate In Practice,2011-11-04T11:42:14Z
2011,REG,PIT,9,00-0027685,WR,Emmanuel Sanders,Emmanuel,Sanders,Knee,,Out,Knee,,Did Not Participate In Practice,2011-11-04T11:42:27Z
2011,REG,PIT,9,00-0025433,LB,LaMarr Woodley,LaMarr,Woodley,Hamstring,,Out,Hamstring,,Did Not Participate In Practice,2011-11-04T11:42:50Z
2011,REG,PIT,9,00-0005082,LB,James Farrior,James,Farrior,Calf,,Questionable,Calf,,Limited Participation in Practice,2011-11-04T11:42:00Z
2011,REG,PIT,9,00-0025499,P,Daniel Sepulveda,Daniel,Sepulveda,Knee,,Questionable,Knee,,Limited Participation in Practice,2011-11-04T11:41:40Z
2011,REG,PIT,9,00-0017162,WR,Hines Ward,Hines,Ward,Ankle,,Questionable,Ankle,,Limited Participation in Practice,2011-11-04T11:43:03Z
2011,REG,PIT,9,00-0020712,LB,James Harrison,James,Harrison,Eye,,Probable,Eye,,Full Participation in Practice,2011-11-04T11:42:07Z
2011,REG,PIT,9,00-0024355,T,Jonathan Scott,Jonathan,Scott,Ankle,,Probable,Ankle,,Full Participation in Practice,2011-11-04T11:40:54Z
2011,REG,SD,9,00-0023463,DE,Luis Castillo,Luis,Castillo,Tibia,,Out,Tibia,,Did Not Participate In Practice,2011-11-04T14:20:30Z
2011,REG,SD,9,00-0021546,G,Kris Dielman,Kris,Dielman,Concussion,,Out,Concussion,,Did Not Participate In Practice,2011-11-04T14:20:38Z
2011,REG,SD,9,00-0022723,LB,Shaun Phillips,Shaun,Phillips,Foot,,Doubtful,Foot,,Did Not Participate In Practice,2011-11-04T14:21:16Z
2011,REG,SD,9,00-0019467,LB,Na'il Diggs,Na'il,Diggs,Knee,,Questionable,Knee,,Did Not Participate In Practice,2011-11-04T14:20:49Z
2011,REG,SD,9,00-0022414,WR,Malcom Floyd,Malcom,Floyd,Hip,,Questionable,Hip,,Did Not Participate In Practice,2011-11-04T14:20:58Z
2011,REG,SD,9,00-0027864,RB,Ryan Mathews,Ryan,Mathews,Groin,,Questionable,Groin,,Did Not Participate In Practice,2011-11-04T14:23:21Z
2011,REG,SD,9,00-0026745,RB,Curtis Brinkley,Curtis,Brinkley,Concussion,,Probable,Concussion,,Full Participation in Practice,2011-11-04T14:20:19Z
2011,REG,SD,9,00-0021547,TE,Antonio Gates,Antonio,Gates,Not Injury Related,,Probable,Not Injury Related,,Full Participation in Practice,2011-11-04T14:20:19Z
2011,REG,SD,9,00-0027097,G,Tyronne Green,Tyronne,Green,Hand,,Probable,Hand,,Full Participation in Practice,2011-11-04T14:20:19Z
2011,REG,SD,9,00-0023496,WR,Vincent Jackson,Vincent,Jackson,Hamstring,,Probable,Hamstring,,Full Participation in Practice,2011-11-04T14:20:19Z
2011,REG,SD,9,00-0026069,RB,Mike Tolbert,Mike,Tolbert,Hamstring,,Probable,Hamstring,,Full Participation in Practice,2011-11-04T14:20:19Z
2011,REG,SEA,9,00-0025420,DT,Alan Branch,Alan,Branch,Knee,Hip,Questionable,Knee,Hip,Did Not Participate In Practice,2011-11-04T13:13:53Z
2011,REG,SEA,9,00-0026963,TE,Cameron Morrah,Cameron,Morrah,Toe,Knee,Questionable,Toe,Knee,Did Not Participate In Practice,2011-11-04T13:15:12Z
2011,REG,SEA,9,00-0026392,LB,David Vobora,David,Vobora,Calf,,Questionable,Calf,,Did Not Participate In Practice,2011-11-04T13:15:37Z
2011,REG,SEA,9,00-0027733,S,Kam Chancellor,Kam,Chancellor,Knee,,Probable,Knee,,Full Participation in Practice,2011-11-04T13:13:41Z
2011,REG,SEA,9,00-0023533,LB,LeRoy Hill,LeRoy,Hill,Knee,,Probable,Knee,,Full Participation in Practice,2011-11-04T13:13:41Z
2011,REG,SEA,9,00-0024279,QB,Tarvaris Jackson,Tarvaris,Jackson,Pectoral,,Probable,Pectoral,,Full Participation in Practice,2011-11-04T13:13:41Z
2011,REG,SEA,9,00-0025431,WR,Sidney Rice,Sidney,Rice,Foot,,Probable,Foot,,Full Participation in Practice,2011-11-04T13:13:41Z
2011,REG,SEA,9,00-0023452,WR,Mike Williams,Mike,Williams,Hamstring,,Probable,Hamstring,,Full Participation in Practice,2011-11-04T13:13:41Z
2011,REG,SF,9,00-0020535,DT,Justin Smith,Justin,Smith,,,,Not Injury Related,,Did Not Participate In Practice,2011-11-02T16:51:46Z
2011,REG,SF,9,00-0025484,DT,Ray McDonald,Ray,McDonald,Hamstring,,Doubtful,Hamstring,,Did Not Participate In Practice,2011-11-04T12:27:33Z
2011,REG,SF,9,00-0020508,RB,Moran Norris,Moran,Norris,Fibula,,Questionable,Fibula,,Limited Participation in Practice,2011-11-04T12:27:22Z
2011,REG,SF,9,00-0027375,CB,Tramaine Brock,Tramaine,Brock,Hand,,Probable,Hand,,Full Participation in Practice,2011-11-04T12:27:11Z
2011,REG,SF,9,00-0022843,CB,Shawntae Spencer,Shawntae,Spencer,Toe,,Probable,Toe,,Full Participation in Practice,2011-11-04T12:27:11Z
2011,REG,SF,9,00-0026986,WR,Michael Crabtree,Michael,Crabtree,Foot,,Probable,Foot,,Limited Participation in Practice,2011-11-04T12:27:11Z
2011,REG,SF,9,00-0028018,CB,Chris Culliver,Chris,Culliver,Shoulder,,Probable,Shoulder,,Limited Participation in Practice,2011-11-04T12:27:11Z
2011,REG,SF,9,00-0023438,WR,Braylon Edwards,Braylon,Edwards,Knee,,Probable,Knee,,Limited Participation in Practice,2011-11-04T12:27:11Z
2011,REG,SF,9,00-0025513,S,Dashon Goldson,Dashon,Goldson,Knee,,Probable,Knee,,Limited Participation in Practice,2011-11-04T12:27:11Z
2011,REG,STL,9,00-0027912,WR,Danario Alexander,Danario,Alexander,Hamstring,,Out,Hamstring,,Did Not Participate In Practice,2011-11-04T11:20:06Z
2011,REG,STL,9,00-0024294,RB,Jerious Norwood,Jerious,Norwood,Hamstring,,Out,Hamstring,,Did Not Participate In Practice,2011-11-04T11:20:56Z
2011,REG,STL,9,00-0027073,DT,Darell Scott,Darell,Scott,Head,,Out,Head,,Did Not Participate In Practice,2011-11-04T11:21:17Z
2011,REG,STL,9,00-0026979,T,Jason Smith,Jason,Smith,Head,,Out,Head,,Did Not Participate In Practice,2011-11-04T11:21:23Z
2011,REG,STL,9,00-0026263,LB,Bryan Kehl,Bryan,Kehl,Ankle,,Questionable,Ankle,,Did Not Participate In Practice,2011-11-04T11:20:41Z
2011,REG,STL,9,00-0027854,QB,Sam Bradford,Sam,Bradford,Ankle,,Questionable,Ankle,,Limited Participation in Practice,2011-11-04T11:20:21Z
2011,REG,STL,9,00-0023559,LB,Brady Poppinga,Brady,Poppinga,Calf,,Questionable,Calf,,Limited Participation in Practice,2011-11-04T11:21:08Z
2011,REG,STL,9,00-0021064,C,Tony Wragge,Tony,Wragge,Knee,,Probable,Knee,,Full Participation in Practice,2011-11-04T11:19:53Z
2011,REG,TB,9,00-0026291,DT,Frank Okam,Frank,Okam,Calf,,Out,Calf,,Did Not Participate In Practice,2011-11-04T12:06:09Z
2011,REG,TB,9,00-0026223,G,Jeremy Zuttah,Jeremy,Zuttah,Knee,,Out,Knee,,Did Not Participate In Practice,2011-11-04T12:05:46Z
2011,REG,TB,9,00-0022922,TE,Kellen Winslow,Kellen,Winslow,Not Injury Related,,Probable,Not Injury Related,,Did Not Participate In Practice,2011-11-04T12:05:31Z
2011,REG,TB,9,00-0027325,RB,LeGarrette Blount,LeGarrette,Blount,Knee,,Probable,Knee,,Full Participation in Practice,2011-11-04T12:05:31Z
2011,REG,TB,9,00-0022157,C,Jeff Faine,Jeff,Faine,Biceps,,Probable,Biceps,,Full Participation in Practice,2011-11-04T12:05:31Z
2011,REG,TB,9,00-0028022,LB,Mason Foster,Mason,Foster,Ankle,,Probable,Ankle,,Full Participation in Practice,2011-11-04T12:05:31Z
2011,REG,TB,9,00-0026993,QB,Josh Freeman,Josh,Freeman,right Thumb,,Probable,right Thumb,,Full Participation in Practice,2011-11-04T12:05:31Z
2011,REG,TB,9,00-0025493,S,Tanard Jackson,Tanard,Jackson,Hamstring,,Probable,Hamstring,,Full Participation in Practice,2011-11-04T12:05:31Z
2011,REG,TB,9,00-0027856,DT,Gerald McCoy,Gerald,McCoy,Ankle,,Probable,Ankle,,Full Participation in Practice,2011-11-04T12:05:31Z
2011,REG,TB,9,00-0027650,DT,Brian Price,Brian,Price,Illness,,Probable,Illness,,Full Participation in Practice,2011-11-04T12:05:31Z
2011,REG,TB,9,00-0026953,WR,Sammie Stroughter,Sammie,Stroughter,Ankle,,Probable,Ankle,,Full Participation in Practice,2011-11-04T12:05:31Z
2011,REG,TEN,9,00-0021219,S,Chris Hope,Chris,Hope,Forearm,,Out,Forearm,,Did Not Participate In Practice,2011-11-04T11:39:22Z
2011,REG,TEN,9,00-0024489,RB,Ahmard Hall,Ahmard,Hall,Back,,Questionable,Back,,Did Not Participate In Practice,2011-11-04T11:39:13Z
2011,REG,TEN,9,00-0026225,TE,Craig Stevens,Craig,Stevens,Rib,,Questionable,Rib,,Full Participation in Practice,2011-11-04T11:39:35Z
2011,REG,TEN,9,00-0028047,LB,Colin McCarthy,Colin,McCarthy,Hamstring,,Questionable,Hamstring,,Limited Participation in Practice,2011-11-04T11:39:29Z
2011,REG,TEN,9,00-0022814,DE,Dave Ball,Dave,Ball,Achilles,,Probable,Achilles,,Full Participation in Practice,2011-11-04T11:39:05Z
2011,REG,TEN,9,00-0025406,S,Michael Griffin,Michael,Griffin,Hip,,Probable,Hip,,Full Participation in Practice,2011-11-04T11:39:05Z
2011,REG,WAS,9,00-0026262,RB,Tashard Choice,Tashard,Choice,Hamstring,,Out,Hamstring,,Out (Definitely Will Not Play),2011-11-04T10:26:44Z
2011,REG,WAS,9,00-0020494,WR,Santana Moss,Santana,Moss,Hand,,Out,Hand,,Out (Definitely Will Not Play),2011-11-04T10:27:07Z
2011,REG,WAS,9,00-0023501,S,Oshiomogho Atogwe,Oshiomogho,Atogwe,Toe,Knee,Questionable,Toe,Knee,Did Not Participate In Practice,2011-11-04T10:26:28Z
2011,REG,WAS,9,00-0021151,CB,Phillip Buchanon,Phillip,Buchanon,Neck,Knee,Questionable,Neck,Knee,Limited Participation in Practice,2011-11-04T10:26:35Z
2011,REG,WAS,9,00-0026188,TE,Fred Davis,Fred,Davis,Ankle,,Questionable,Ankle,,Limited Participation in Practice,2011-11-04T10:26:54Z
2011,REG,WAS,9,00-0027857,T,Trent Williams,Trent,Williams,Ankle,,Questionable,Ankle,,Limited Participation in Practice,2011-11-04T10:27:15Z
2011,REG,WAS,9,00-0024387,S,Reed Doughty,Reed,Doughty,Chest,,Probable,Chest,,Full Participation in Practice,2011-11-04T10:26:19Z
2011,REG,WAS,9,00-0005322,LB,London Fletcher,London,Fletcher,Hamstring,,Probable,Hamstring,,Full Participation in Practice,2011-11-04T10:26:19Z
2011,REG,WAS,9,00-0024250,LB,Rocky McIntosh,Rocky,McIntosh,Ankle,,Probable,Ankle,,Full Participation in Practice,2011-11-04T10:26:19Z
2011,REG,WAS,9,00-0027215,TE,Logan Paulsen,Logan,Paulsen,Shoulder,,Probable,Shoulder,,Full Participation in Practice,2011-11-04T10:26:19Z
2011,REG,WAS,9,00-0014655,RB,Mike Sellers,Mike,Sellers,Back,,Probable,Back,,Full Participation in Practice,2011-11-04T10:26:19Z
2011,REG,ARI,10,00-0013126,LB,Joey Porter,Joey,Porter,Knee,,Out,Knee,,Did Not Participate In Practice,2011-11-11T11:17:48Z
2011,REG,ARI,10,00-0023557,S,Kerry Rhodes,Kerry,Rhodes,Foot,,Out,Foot,,Did Not Participate In Practice,2011-11-11T11:17:53Z
2011,REG,ARI,10,00-0028007,TE,Rob Housler,Rob,Housler,Groin,,Doubtful,Groin,,Did Not Participate In Practice,2011-11-11T11:17:26Z
2011,REG,ARI,10,00-0025423,QB,Kevin Kolb,Kevin,Kolb,Toe,,Questionable,Toe,,Did Not Participate In Practice,2011-11-11T11:17:37Z
2011,REG,ARI,10,00-0020516,TE,Todd Heap,Todd,Heap,Hamstring,,Questionable,Hamstring,,Limited Participation in Practice,2011-11-11T11:17:18Z
2011,REG,ARI,10,00-0019104,LB,Paris Lenon,Paris,Lenon,Groin,,Questionable,Groin,,Limited Participation in Practice,2011-11-11T11:17:43Z
2011,REG,ARI,10,00-0027350,CB,A.J. Orange,A.J.,Orange,Foot,,Questionable,Foot,,Limited Participation in Practice,2011-11-11T11:17:31Z
2011,REG,ARI,10,00-0028074,RB,Anthony Sherman,Anthony,Sherman,Ankle,,Questionable,Ankle,,Limited Participation in Practice,2011-11-11T11:17:57Z
2011,REG,ARI,10,00-0026956,KR,LaRod Stephens-Howling,LaRod,Stephens-Howling,Shoulder,,Questionable,Shoulder,,Limited Participation in Practice,2011-11-11T11:18:02Z
2011,REG,ARI,10,00-0025668,CB,Michael Adams,Michael,Adams,Neck,,Probable,Neck,,Full Participation in Practice,2011-11-11T11:16:15Z
2011,REG,ARI,10,00-0027007,RB,Chris Wells,Chris,Wells,Knee,,Probable,Knee,,Full Participation in Practice,2011-11-11T11:16:15Z
2011,REG,ATL,10,00-0026161,T,Sam Baker,Sam,Baker,Back,,Out,Back,,Did Not Participate In Practice,2011-11-11T12:11:47Z
2011,REG,ATL,10,00-0027031,S,William Moore,William,Moore,Quadricep,,Doubtful,Quadricep,,Did Not Participate In Practice,2011-11-11T12:12:02Z
2011,REG,ATL,10,00-0019546,DE,John Abraham,John,Abraham,Not Injury Related,,Probable,Not Injury Related,,Full Participation in Practice,2011-11-11T12:11:33Z
2011,REG,ATL,10,00-0024342,DE,Ray Edwards,Ray,Edwards,Knee,,Probable,Knee,,Full Participation in Practice,2011-11-11T12:11:33Z
2011,REG,ATL,10,00-0006101,TE,Tony Gonzalez,Tony,Gonzalez,Back,,Probable,Back,,Full Participation in Practice,2011-11-11T12:11:33Z
2011,REG,ATL,10,00-0024183,CB,Brent Grimes,Brent,Grimes,Knee,,Probable,Knee,,Full Participation in Practice,2011-11-11T12:11:33Z
2011,REG,ATL,10,00-0026177,LB,Curtis Lofton,Curtis,Lofton,Groin,,Probable,Groin,,Full Participation in Practice,2011-11-11T12:13:00Z
2011,REG,ATL,10,00-0010711,C,Todd McClure,Todd,McClure,Not Injury Related,,Probable,Not Injury Related,,Full Participation in Practice,2011-11-11T12:11:33Z
2011,REG,ATL,10,00-0027686,DT,Corey Peters,Corey,Peters,Knee,,Probable,Knee,,Full Participation in Practice,2011-11-11T12:11:33Z
2011,REG,ATL,10,00-0022735,CB,Dunta Robinson,Dunta,Robinson,Thigh,,Probable,Thigh,,Full Participation in Practice,2011-11-11T12:12:30Z
2011,REG,ATL,10,00-0027944,WR,Julio Jones,Julio,Jones,Hamstring,,Probable,Hamstring,,Limited Participation in Practice,2011-11-11T12:11:33Z
2011,REG,BAL,10,00-0028102,CB,Chykie Brown,Chykie,Brown,,,,Knee,,Full Participation in Practice,2011-11-09T13:17:36Z
2011,REG,BAL,10,00-0028163,RB,Anthony Allen,Anthony,Allen,Thigh,,Out,Thigh,,Did Not Participate In Practice,2011-11-11T10:27:12Z
2011,REG,BAL,10,00-0026857,LB,Dannell Ellerbe,Dannell,Ellerbe,Thigh,,Doubtful,Thigh,,Limited Participation in Practice,2011-11-11T10:27:28Z
2011,REG,BAL,10,00-0022910,WR,Lee Evans,Lee,Evans,Ankle,,Doubtful,Ankle,,Limited Participation in Practice,2011-11-11T10:27:35Z
2011,REG,BAL,10,00-0000551,LB,Brendon Ayanbadejo,Brendon,Ayanbadejo,Head,,Questionable,Head,,Limited Participation in Practice,2011-11-11T10:27:18Z
2011,REG,BAL,10,00-0001263,C,Matt Birk,Matt,Birk,Neck,,Probable,Neck,,Full Participation in Practice,2011-11-11T10:27:06Z
2011,REG,BAL,10,00-0021377,S,Ed Reed,Ed,Reed,Shoulder,,Probable,Shoulder,,Full Participation in Practice,2011-11-11T10:27:06Z
2011,REG,BAL,10,00-0022161,LB,Terrell Suggs,Terrell,Suggs,Knee,,Probable,Knee,,Full Participation in Practice,2011-11-11T10:27:06Z
2011,REG,BAL,10,00-0022714,TE,Kris Wilson,Kris,Wilson,Calf,,Probable,Calf,,Full Participation in Practice,2011-11-11T10:27:06Z
2011,REG,BUF,10,00-0026359,T,Demetress Bell,Demetress,Bell,Shoulder,,Out,Shoulder,,Did Not Participate In Practice,2011-11-11T13:37:11Z
2011,REG,BUF,10,00-0021995,LB,Chris Kelsay,Chris,Kelsay,Calf,,Out,Calf,,Did Not Participate In Practice,2011-11-11T13:37:19Z
2011,REG,BUF,10,00-0019310,K,Rian Lindell,Rian,Lindell,Shoulder,,Out,Shoulder,,Did Not Participate In Practice,2011-11-11T13:36:57Z
2011,REG,BUF,10,00-0024348,DT,Kyle Williams,Kyle,Williams,Foot,,Out,Foot,,Did Not Participate In Practice,2011-11-11T13:36:52Z
2011,REG,BUF,10,00-0027972,CB,Aaron Williams,Aaron,Williams,Chest,,Questionable,Chest,,Limited Participation in Practice,2011-11-11T13:37:28Z
2011,REG,BUF,10,00-0026364,WR,Steve Johnson,Steve,Johnson,Illness,,Probable,Illness,,Did Not Participate In Practice,2011-11-11T13:37:40Z
2011,REG,CAR,10,00-0026911,LB,Jason Phillips,Jason,Phillips,Calf,,Out,Calf,,Out (Definitely Will Not Play),2011-11-11T10:59:26Z
2011,REG,CAR,10,00-0027080,KR,Mike Goodson,Mike,Goodson,Hamstring,,Doubtful,Hamstring,,Did Not Participate In Practice,2011-11-11T10:59:04Z
2011,REG,CAR,10,00-0024303,LB,James Anderson,James,Anderson,Ankle,,Questionable,Ankle,,Did Not Participate In Practice,2011-11-11T10:58:34Z
2011,REG,CHI,10,00-0028337,TE,Kyle Adams,Kyle,Adams,Hamstring,,Out,Hamstring,,Did Not Participate In Practice,2011-11-11T11:44:29Z
2011,REG,CHI,10,00-0027967,T,Gabe Carimi,Gabe,Carimi,Knee,,Out,Knee,,Did Not Participate In Practice,2011-11-11T11:44:38Z
2011,REG,CHI,10,00-0024272,WR,Devin Hester,Devin,Hester,Ankle,,Questionable,Ankle,,Did Not Participate In Practice,2011-11-11T11:44:48Z
2011,REG,CHI,10,00-0026298,TE,Kellen Davis,Kellen,Davis,Shoulder,,Probable,Shoulder,,Full Participation in Practice,2011-11-11T11:44:09Z
2011,REG,CHI,10,00-0021140,DE,Julius Peppers,Julius,Peppers,Knee,,Probable,Knee,,Full Participation in Practice,2011-11-11T11:44:09Z
2011,REG,CHI,10,00-0025574,DT,Matt Toeaina,Matt,Toeaina,Knee,,Probable,Knee,,Full Participation in Practice,2011-11-11T11:44:09Z
2011,REG,CHI,10,00-0027680,S,Major Wright,Major,Wright,Ankle,,Probable,Ankle,,Full Participation in Practice,2011-11-11T11:44:09Z
2011,REG,CIN,10,00-0021929,TE,Donald Lee,Donald,Lee,Foot,,Out,Foot,,Did Not Participate In Practice,2011-11-11T10:22:38Z
2011,REG,CIN,10,00-0023441,CB,Adam Jones,Adam,Jones,Hamstring,,Doubtful,Hamstring,,Did Not Participate In Practice,2011-11-11T10:22:53Z
2011,REG,CIN,10,00-0027662,DE,Carlos Dunlap,Carlos,Dunlap,Hamstring,,Questionable,Hamstring,,Limited Participation in Practice,2011-11-11T10:23:05Z
2011,REG,CIN,10,00-0027873,TE,Jermaine Gresham,Jermaine,Gresham,Hamstring,,Questionable,Hamstring,,Limited Participation in Practice,2011-11-11T10:23:15Z
2011,REG,CIN,10,00-0025439,RB,Brian Leonard,Brian,Leonard,Knee,,Questionable,Knee,,Limited Participation in Practice,2011-11-11T10:23:24Z
2011,REG,CIN,10,00-0026237,WR,Andre Caldwell,Andre,Caldwell,Groin,,Probable,Groin,,Full Participation in Practice,2011-11-11T10:20:35Z
2011,REG,CIN,10,00-0020495,CB,Nate Clements,Nate,Clements,Knee,,Probable,Knee,,Full Participation in Practice,2011-11-11T10:20:35Z
2011,REG,CIN,10,00-0022167,S,Chris Crocker,Chris,Crocker,Knee,,Probable,Knee,,Full Participation in Practice,2011-11-11T10:20:35Z
2011,REG,CIN,10,00-0024253,LB,Thomas Howard,Thomas,Howard,Hamstring,,Probable,Hamstring,,Full Participation in Practice,2011-11-11T10:20:35Z
2011,REG,CIN,10,00-0026982,T,Andre Smith,Andre,Smith,Toe,,Probable,Toe,,Full Participation in Practice,2011-11-11T10:20:35Z
2011,REG,CIN,10,00-0027014,LB,Rey Maualuga,Rey,Maualuga,Ankle,,Probable,Ankle,,Limited Participation in Practice,2011-11-11T10:20:35Z
2011,REG,CLE,10,00-0027666,RB,Montario Hardesty,Montario,Hardesty,Calf,,Out,Calf,,Did Not Participate In Practice,2011-11-11T12:47:18Z
2011,REG,CLE,10,00-0026367,RB,Peyton Hillis,Peyton,Hillis,Hamstring,,Out,Hamstring,,Did Not Participate In Practice,2011-11-11T12:47:42Z
2011,REG,CLE,10,00-0027026,WR,Mohamed Massaquoi,Mohamed,Massaquoi,Head,,Out,Head,,Did Not Participate In Practice,2011-11-11T12:47:56Z
2011,REG,CLE,10,00-0027653,S,T.J. Ward,T.J.,Ward,Foot,Finger,Doubtful,Foot,Finger,Did Not Participate In Practice,2011-11-11T12:48:21Z
2011,REG,CLE,10,00-0023727,CB,Dimitri Patterson,Dimitri,Patterson,Knee,,Questionable,Knee,,Did Not Participate In Practice,2011-11-11T12:52:35Z
2011,REG,CLE,10,00-0027460,LB,Auston English,Auston,English,Knee,,Questionable,Knee,,Limited Participation in Practice,2011-11-11T12:50:57Z
2011,REG,CLE,10,00-0027074,LB,Kaluka Maiava,Kaluka,Maiava,Knee,,Questionable,Knee,,Limited Participation in Practice,2011-11-11T12:51:18Z
2011,REG,CLE,10,00-0023893,DE,Jayme Mitchell,Jayme,Mitchell,Chest,Ankle,Questionable,Chest,Ankle,Limited Participation in Practice,2011-11-11T12:51:41Z
2011,REG,CLE,10,00-0022149,T,Tony Pashos,Tony,Pashos,Ankle,,Questionable,Ankle,,Limited Participation in Practice,2011-11-11T12:52:07Z
2011,REG,CLE,10,00-0023316,S,Raymond Ventrone,Raymond,Ventrone,Hamstring,,Questionable,Hamstring,,Limited Participation in Practice,2011-11-11T12:52:59Z
2011,REG,CLE,10,00-0025453,S,Usama Young,Usama,Young,Hip,,Questionable,Hip,,Limited Participation in Practice,2011-11-11T12:53:18Z
2011,REG,CLE,10,00-0004091,K,Phil Dawson,Phil,Dawson,Illness,,Probable,Illness,,Full Participation in Practice,2011-11-11T12:48:46Z
2011,REG,CLE,10,00-0010609,P,Brad Maynard,Brad,Maynard,left Thigh,,Probable,left Thigh,,Full Participation in Practice,2011-11-11T12:49:14Z
2011,REG,CLE,10,00-0028458,LB,Quinton Spears,Quinton,Spears,Ankle,,Probable,Ankle,,Full Participation in Practice,2011-11-11T12:50:03Z
2011,REG,CLE,10,00-0026739,WR,Jordan Norwood,Jordan,Norwood,Finger,,Probable,Finger,,Limited Participation in Practice,2011-11-11T12:58:39Z
2011,REG,DAL,10,00-0023921,WR,Miles Austin,Miles,Austin,Hamstring,,Out,Hamstring,,Did Not Participate In Practice,2011-11-11T12:26:15Z
2011,REG,DAL,10,00-0026165,CB,Mike Jenkins,Mike,Jenkins,Hamstring,,Out,Hamstring,,Did Not Participate In Practice,2011-11-11T12:26:22Z
2011,REG,DAL,10,00-0026162,RB,Felix Jones,Felix,Jones,Ankle,,Out,Ankle,,Did Not Participate In Practice,2011-11-11T12:26:29Z
2011,REG,DAL,10,00-0021348,G,Kyle Kosier,Kyle,Kosier,Foot,,Questionable,Foot,,Limited Participation in Practice,2011-11-11T12:26:36Z
2011,REG,DAL,10,00-0027663,LB,Sean Lee,Sean,Lee,Wrist,,Questionable,Wrist,,Limited Participation in Practice,2011-11-11T12:26:42Z
2011,REG,DAL,10,00-0021488,P,Mat McBriar,Mat,McBriar,left Foot,,Questionable,left Foot,,Limited Participation in Practice,2011-11-11T12:26:48Z
2011,REG,DAL,10,00-0026839,T,Jermey Parnell,Jermey,Parnell,Back,,Probable,Back,,Full Participation in Practice,2011-11-11T12:26:09Z
2011,REG,DAL,10,00-0021678,QB,Tony Romo,Tony,Romo,Ribs,,Probable,Ribs,,Full Participation in Practice,2011-11-11T12:26:09Z
2011,REG,DEN,10,00-0027290,CB,Cassius Vaughn,Cassius,Vaughn,Hamstring,,Questionable,Hamstring,,Limited Participation in Practice,2011-11-11T11:32:44Z
2011,REG,DEN,10,00-0025828,LB,Wesley Woodyard,Wesley,Woodyard,Knee,,Questionable,Knee,,Limited Participation in Practice,2011-11-11T11:32:54Z
2011,REG,DEN,10,00-0004073,S,Brian Dawkins,Brian,Dawkins,Thigh,,Probable,Thigh,,Full Participation in Practice,2011-11-11T11:32:18Z
2011,REG,DEN,10,00-0028142,TE,Virgil Green,Virgil,Green,Neck,,Probable,Neck,,Full Participation in Practice,2011-11-11T11:32:18Z
2011,REG,DEN,10,00-0026323,RB,Spencer Larsen,Spencer,Larsen,Shoulder,,Probable,Shoulder,,Full Participation in Practice,2011-11-11T11:32:18Z
2011,REG,DEN,10,00-0022178,RB,Willis McGahee,Willis,McGahee,Hand,,Probable,Hand,,Full Participation in Practice,2011-11-11T11:32:18Z
2011,REG,DEN,10,00-0027983,S,Rahim Moore,Rahim,Moore,Concussion,,Probable,Concussion,,Full Participation in Practice,2011-11-11T11:32:18Z
2011,REG,DET,10,00-0020382,DE,Kyle Vanden Bosch,Kyle,Vanden Bosch,,,,Not Injury Related,,Did Not Participate In Practice,2011-11-09T13:02:23Z
2011,REG,DET,10,00-0027880,RB,Jahvid Best,Jahvid,Best,Concussion,,Out,Concussion,,Did Not Participate In Practice,2011-11-11T12:52:14Z
2011,REG,DET,10,00-0027009,S,Louis Delmas,Louis,Delmas,Foot,,Questionable,Foot,,Limited Participation in Practice,2011-11-11T12:52:26Z
2011,REG,DET,10,00-0028625,P,Ryan Donahue,Ryan,Donahue,right Quadricep,,Questionable,right Quadricep,,Limited Participation in Practice,2011-11-11T12:52:34Z
2011,REG,DET,10,00-0027084,DT,Sammie Lee Hill,Sammie Lee,Hill,Ankle,,Questionable,Ankle,,Limited Participation in Practice,2011-11-11T12:52:41Z
2011,REG,DET,10,00-0026996,TE,Brandon Pettigrew,Brandon,Pettigrew,Elbow,,Probable,Elbow,,Full Participation in Practice,2011-11-11T12:52:05Z
2011,REG,DET,10,00-0026498,QB,Matthew Stafford,Matthew,Stafford,right Finger,Ankle,Probable,right Finger,Ankle,Full Participation in Practice,2011-11-11T12:52:05Z
2011,REG,DET,10,00-0023429,WR,Rashied Davis,Rashied,Davis,Foot,,Probable,Foot,,Limited Participation in Practice,2011-11-11T12:52:05Z
2011,REG,DET,10,00-0006800,K,Jason Hanson,Jason,Hanson,left Knee,,Probable,left Knee,,Limited Participation in Practice,2011-11-11T12:52:05Z
2011,REG,GB,10,00-0027664,DE,Mike Neal,Mike,Neal,Knee,,Out,Knee,,Limited Participation in Practice,2011-11-12T11:19:05Z
2011,REG,GB,10,00-0019702,T,Chad Clifton,Chad,Clifton,Hamstring,,Out,Hamstring,,Out (Definitely Will Not Play),2011-11-12T11:18:56Z
2011,REG,GB,10,00-0027442,LB,Frank Zombo,Frank,Zombo,Hamstring,,Out,Hamstring,,Out (Definitely Will Not Play),2011-11-12T11:19:15Z
2011,REG,GB,10,00-0027676,S,Morgan Burnett,Morgan,Burnett,Hand,,Probable,Hand,,Full Participation in Practice,2011-11-12T11:18:47Z
2011,REG,GB,10,00-0027002,LB,Clay Matthews,Clay,Matthews,Knee,,Probable,Knee,,Limited Participation in Practice,2011-11-12T11:18:47Z
2011,REG,GB,10,00-0026275,G,Josh Sitton,Josh,Sitton,Knee,,Probable,Knee,,Limited Participation in Practice,2011-11-12T11:18:47Z
2011,REG,HOU,10,00-0022044,WR,Andre Johnson,Andre,Johnson,Hamstring,,Out,Hamstring,,Did Not Participate In Practice,2011-11-11T10:54:31Z
2011,REG,HOU,10,00-0024257,S,Danieal Manning,Danieal,Manning,Ankle,,Out,Ankle,,Did Not Participate In Practice,2011-11-11T10:54:48Z
2011,REG,HOU,10,00-0027743,CB,Sherrick McManis,Sherrick,McManis,Groin,,Questionable,Groin,,Limited Participation in Practice,2011-11-11T10:55:13Z
2011,REG,HOU,10,00-0027684,DT,Earl Mitchell,Earl,Mitchell,Ankle,,Questionable,Ankle,,Limited Participation in Practice,2011-11-11T10:55:40Z
2011,REG,HOU,10,00-0022793,DE,Antonio Smith,Antonio,Smith,Shoulder,,Questionable,Shoulder,,Limited Participation in Practice,2011-11-11T10:55:57Z
2011,REG,HOU,10,00-0024281,T,Eric Winston,Eric,Winston,Back,,Questionable,Back,,Limited Participation in Practice,2011-11-11T10:56:05Z
2011,REG,HOU,10,00-0028533,LB,Mister Alexander,Mister,Alexander,Shoulder,,Probable,Shoulder,,Full Participation in Practice,2011-11-11T10:54:13Z
2011,REG,HOU,10,00-0024231,CB,Jason Allen,Jason,Allen,Knee,,Probable,Knee,,Full Participation in Practice,2011-11-11T10:54:13Z
2011,REG,HOU,10,00-0027385,G,Thomas Austin,Thomas,Austin,Knee,,Probable,Knee,,Full Participation in Practice,2011-11-11T10:54:13Z
2011,REG,HOU,10,00-0027022,LB,Connor Barwin,Connor,Barwin,Achilles,,Probable,Achilles,,Full Participation in Practice,2011-11-11T10:54:13Z
2011,REG,HOU,10,00-0028536,LB,Bryan Braman,Bryan,Braman,Thigh,,Probable,Thigh,,Full Participation in Practice,2011-11-11T10:54:13Z
2011,REG,HOU,10,00-0023846,G,Mike Brisiel,Mike,Brisiel,Back,,Probable,Back,,Full Participation in Practice,2011-11-11T10:54:13Z
2011,REG,HOU,10,00-0026166,T,Duane Brown,Duane,Brown,Shoulder,,Probable,Shoulder,,Full Participation in Practice,2011-11-11T10:54:13Z
2011,REG,HOU,10,00-0027051,G,Antoine Caldwell,Antoine,Caldwell,Ankle,,Probable,Ankle,,Full Participation in Practice,2011-11-11T10:54:13Z
2011,REG,HOU,10,00-0027109,RB,James Casey,James,Casey,Pectoral,,Probable,Pectoral,,Full Participation in Practice,2011-11-11T10:54:13Z
2011,REG,HOU,10,00-0023472,DT,Shaun Cody,Shaun,Cody,Back,,Probable,Back,,Full Participation in Practice,2011-11-11T10:56:37Z
2011,REG,HOU,10,00-0026991,LB,Brian Cushing,Brian,Cushing,Knee,Hamstring,Probable,Knee,Hamstring,Full Participation in Practice,2011-11-11T10:54:13Z
2011,REG,HOU,10,00-0024365,LB,Tim Dobbins,Tim,Dobbins,Hip,,Probable,Hip,,Full Participation in Practice,2011-11-11T10:57:02Z
2011,REG,HOU,10,00-0024239,CB,Johnathan Joseph,Johnathan,Joseph,Hamstring,Abdomen,Probable,Hamstring,Abdomen,Full Participation in Practice,2011-11-11T10:54:13Z
2011,REG,HOU,10,00-0026417,LB,Jesse Nading,Jesse,Nading,Shoulder,,Probable,Shoulder,,Full Participation in Practice,2011-11-11T10:54:13Z
2011,REG,HOU,10,00-0022131,G,Wade Smith,Wade,Smith,Ankle,,Probable,Ankle,,Full Participation in Practice,2011-11-11T10:54:13Z
2011,REG,HOU,10,00-0027890,RB,Ben Tate,Ben,Tate,Foot,Ankle,Probable,Foot,Ankle,Full Participation in Practice,2011-11-11T10:54:13Z
2011,REG,HOU,10,00-0021931,WR,Kevin Walter,Kevin,Walter,Knee,Ankle,Probable,Knee,Ankle,Full Participation in Practice,2011-11-11T10:54:13Z
2011,REG,IND,10,00-0027831,LB,Kavell Conner,Kavell,Conner,,,,Not Injury Related,,Full Participation in Practice,2011-11-11T12:10:44Z
2011,REG,IND,10,00-0021146,DE,Dwight Freeney,Dwight,Freeney,,,,Not Injury Related,,Full Participation in Practice,2011-11-11T12:10:44Z
2011,REG,IND,10,00-0022059,DE,Robert Mathis,Robert,Mathis,,,,Not Injury Related,,Full Participation in Practice,2011-11-11T12:12:21Z
2011,REG,IND,10,00-0022165,TE,Dallas Clark,Dallas,Clark,Fibula,,Out,Fibula,,Out (Definitely Will Not Play),2011-11-11T12:13:50Z
2011,REG,IND,10,00-0027761,TE,Brody Eldridge,Brody,Eldridge,Hand,,Out,Hand,,Out (Definitely Will Not Play),2011-11-11T12:14:18Z
2011,REG,IND,10,00-0010346,QB,Peyton Manning,Peyton,Manning,Neck,,Out,Neck,,Out (Definitely Will Not Play),2011-11-11T12:14:54Z
2011,REG,IND,10,00-0026408,G,Joe Reitz,Joe,Reitz,Knee,,Out,Knee,,Out (Definitely Will Not Play),2011-11-11T12:15:23Z
2011,REG,IND,10,00-0024245,RB,Joseph Addai,Joseph,Addai,Hamstring,,Questionable,Hamstring,,Did Not Participate In Practice,2011-11-11T12:13:04Z
2011,REG,IND,10,00-0027233,CB,Terrence Johnson,Terrence,Johnson,Ankle,,Questionable,Ankle,,Did Not Participate In Practice,2011-11-11T12:14:45Z
2011,REG,IND,10,00-0027477,WR,Blair White,Blair,White,Knee,,Questionable,Knee,,Did Not Participate In Practice,2011-11-11T12:15:50Z
2011,REG,IND,10,00-0025395,DE,Jamaal Anderson,Jamaal,Anderson,Hip,,Questionable,Hip,,Full Participation in Practice,2011-11-11T12:13:14Z
2011,REG,IND,10,00-0027842,S,Stevie Brown,Stevie,Brown,Hamstring,,Questionable,Hamstring,,Full Participation in Practice,2011-11-11T12:13:29Z
2011,REG,IND,10,00-0028025,DT,Drake Nevis,Drake,Nevis,Back,,Questionable,Back,,Full Participation in Practice,2011-11-11T12:15:10Z
2011,REG,JAX,10,00-0027862,DT,Tyson Alualu,Tyson,Alualu,,,,Not Injury Related,,Full Participation in Practice,2011-11-10T13:43:58Z
2011,REG,JAX,10,00-0022897,RB,Greg Jones,Greg,Jones,,,,Not Injury Related,,Full Participation in Practice,2011-11-10T13:44:25Z
2011,REG,JAX,10,00-0024275,RB,Maurice Jones-Drew,Maurice,Jones-Drew,,,,Not Injury Related,,Full Participation in Practice,2011-11-10T13:44:30Z
2011,REG,JAX,10,00-0022080,CB,Rashean Mathis,Rashean,Mathis,,,,Not Injury Related,,Full Participation in Practice,2011-11-10T13:44:53Z
2011,REG,JAX,10,00-0026607,RB,Brock Bolen,Brock,Bolen,Calf,,Out,Calf,,Did Not Participate In Practice,2011-11-11T10:30:04Z
2011,REG,JAX,10,00-0027015,T,Eben Britton,Eben,Britton,Back,,Out,Back,,Did Not Participate In Practice,2011-11-11T10:30:11Z
2011,REG,JAX,10,00-0021269,DE,Aaron Kampman,Aaron,Kampman,Hamstring,,Out,Hamstring,,Did Not Participate In Practice,2011-11-11T10:30:28Z
2011,REG,JAX,10,00-0027046,DT,Terrance Knighton,Terrance,Knighton,Ankle,,Questionable,Ankle,,Did Not Participate In Practice,2011-11-11T10:30:41Z
2011,REG,JAX,10,00-0027012,WR,Brian Robiskie,Brian,Robiskie,Hamstring,,Questionable,Hamstring,,Limited Participation in Practice,2011-11-11T10:30:50Z
2011,REG,JAX,10,00-0024058,DE,John Chick,John,Chick,Abdomen,,Probable,Abdomen,,Full Participation in Practice,2011-11-11T10:29:44Z
2011,REG,JAX,10,00-0026960,S,Courtney Greene,Courtney,Greene,Hamstring,,Probable,Hamstring,,Full Participation in Practice,2011-11-11T10:29:44Z
2011,REG,JAX,10,00-0028052,WR,Cecil Shorts,Cecil,Shorts,Hamstring,,Probable,Hamstring,,Full Participation in Practice,2011-11-11T10:29:44Z
2011,REG,KC,10,00-0022707,LB,Demorrio Williams,Demorrio,Williams,Groin,,Out,Groin,,Did Not Participate In Practice,2011-11-11T12:55:58Z
2011,REG,KC,10,00-0021187,S,Jon McGraw,Jon,McGraw,Shoulder,,Questionable,Shoulder,,Full Participation in Practice,2011-11-11T12:55:51Z
2011,REG,KC,10,00-0027660,CB,Javier Arenas,Javier,Arenas,Ankle,,Probable,Ankle,,Full Participation in Practice,2011-11-11T12:55:40Z
2011,REG,MIA,10,00-0027744,CB,Nolan Carroll,Nolan,Carroll,Hamstring,,Questionable,Hamstring,,Limited Participation in Practice,2011-11-11T11:32:40Z
2011,REG,MIA,10,00-0027001,CB,Vontae Davis,Vontae,Davis,Hamstring,,Probable,Hamstring,,Full Participation in Practice,2011-11-11T11:32:31Z
2011,REG,MIA,10,00-0028049,WR,Edmond Gates,Edmond,Gates,Groin,,Probable,Groin,,Full Participation in Practice,2011-11-11T11:32:31Z
2011,REG,MIN,10,00-0027649,CB,Chris Cook,Chris,Cook,Not Injury Related,,Out,Not Injury Related,,Out (Definitely Will Not Play),2011-11-12T10:44:21Z
2011,REG,MIN,10,00-0022266,G,Anthony Herrera,Anthony,Herrera,Knee,,Out,Knee,,Out (Definitely Will Not Play),2011-11-12T10:44:35Z
2011,REG,MIN,10,00-0027030,T,Phil Loadholt,Phil,Loadholt,Illness,,Probable,Illness,,Full Participation in Practice,2011-11-12T10:44:09Z
2011,REG,MIN,10,00-0018093,CB,Antoine Winfield,Antoine,Winfield,Neck,,Probable,Neck,,Full Participation in Practice,2011-11-12T10:44:09Z
2011,REG,NE,10,00-0027237,LB,Dane Fletcher,Dane,Fletcher,Thumb,,Out,Thumb,,Did Not Participate In Practice,2011-11-11T12:40:30Z
2011,REG,NE,10,00-0027668,LB,Brandon Spikes,Brandon,Spikes,Knee,,Out,Knee,,Did Not Participate In Practice,2011-11-11T12:40:39Z
2011,REG,NE,10,00-0026071,CB,Kyle Arrington,Kyle,Arrington,Foot,,Questionable,Foot,,Limited Participation in Practice,2011-11-11T12:40:52Z
2011,REG,NE,10,00-0027010,S,Patrick Chung,Patrick,Chung,Foot,,Questionable,Foot,,Limited Participation in Practice,2011-11-11T12:40:59Z
2011,REG,NE,10,00-0019545,DE,Shaun Ellis,Shaun,Ellis,Rib,,Questionable,Rib,,Limited Participation in Practice,2011-11-11T12:41:07Z
2011,REG,NE,10,00-0005091,RB,Kevin Faulk,Kevin,Faulk,Knee,,Questionable,Knee,,Limited Participation in Practice,2011-11-11T12:41:14Z
2011,REG,NE,10,00-0025860,RB,BenJarvus Green-Ellis,BenJarvus,Green-Ellis,Toe,,Questionable,Toe,,Limited Participation in Practice,2011-11-11T12:41:21Z
2011,REG,NE,10,00-0025821,LB,Gary Guyton,Gary,Guyton,Shoulder,,Questionable,Shoulder,,Limited Participation in Practice,2011-11-11T12:41:28Z
2011,REG,NE,10,00-0026150,LB,Jerod Mayo,Jerod,Mayo,Knee,,Questionable,Knee,,Limited Participation in Practice,2011-11-11T12:41:35Z
2011,REG,NE,10,00-0027693,WR,Taylor Price,Taylor,Price,Hamstring,,Questionable,Hamstring,,Limited Participation in Practice,2011-11-11T12:41:49Z
2011,REG,NE,10,00-0027034,T,Sebastian Vollmer,Sebastian,Vollmer,Back,,Questionable,Back,,Limited Participation in Practice,2011-11-11T12:41:58Z
2011,REG,NE,10,00-0025866,C,Ryan Wendell,Ryan,Wendell,Concussion,,Questionable,Concussion,,Limited Participation in Practice,2011-11-11T12:42:10Z
2011,REG,NE,10,00-0022427,WR,Wes Welker,Wes,Welker,Rib,,Probable,Rib,,Full Participation in Practice,2011-11-11T12:42:05Z
2011,REG,NO,10,00-0025512,T,Jermon Bushrod,Jermon,Bushrod,,,,Stomach,,Full Participation in Practice,2011-11-10T11:51:16Z
2011,REG,NO,10,00-0025441,DE,Turk McBride,Turk,McBride,Ankle,,Out,Ankle,,Did Not Participate In Practice,2011-11-11T11:50:14Z
2011,REG,NO,10,00-0022778,LB,Jonathan Vilma,Jonathan,Vilma,Knee,,Out,Knee,,Did Not Participate In Practice,2011-11-11T11:50:27Z
2011,REG,NO,10,00-0023310,WR,Lance Moore,Lance,Moore,Hamstring,,Questionable,Hamstring,,Did Not Participate In Practice,2011-11-11T11:50:02Z
2011,REG,NO,10,00-0027882,CB,Patrick Robinson,Patrick,Robinson,Stomach,,Questionable,Stomach,,Did Not Participate In Practice,2011-11-11T11:49:49Z
2011,REG,NO,10,00-0027531,RB,Chris Ivory,Chris,Ivory,Hamstring,,Questionable,Hamstring,,Limited Participation in Practice,2011-11-11T11:49:34Z
2011,REG,NO,10,00-0021304,TE,John Gilmore,John,Gilmore,Neck,,Probable,Neck,,Limited Participation in Practice,2011-11-11T11:48:41Z
2011,REG,NO,10,00-0027966,RB,Mark Ingram,Mark,Ingram,Heel,,Probable,Heel,,Limited Participation in Practice,2011-11-11T11:48:41Z
2011,REG,NO,10,00-0026180,CB,Tracy Porter,Tracy,Porter,Neck,Chest,Probable,Neck,Chest,Limited Participation in Practice,2011-11-11T11:48:41Z
2011,REG,NYG,10,00-0025637,RB,Ahmad Bradshaw,Ahmad,Bradshaw,Foot,,Out,Foot,,Did Not Participate In Practice,2011-11-11T10:04:37Z
2011,REG,NYG,10,00-0028021,WR,Jerrel Jernigan,Jerrel,Jernigan,Hip,,Out,Hip,,Did Not Participate In Practice,2011-11-11T10:04:53Z
2011,REG,NYG,10,00-0027957,CB,Prince Amukamara,Prince,Amukamara,Foot,,Questionable,Foot,,Limited Participation in Practice,2011-11-11T10:04:12Z
2011,REG,NYG,10,00-0022870,T,Stacy Andrews,Stacy,Andrews,Back,,Questionable,Back,,Limited Participation in Practice,2011-11-11T10:04:19Z
2011,REG,NYG,10,00-0023468,C,David Baas,David,Baas,Knee,,Questionable,Knee,,Limited Participation in Practice,2011-11-11T10:04:27Z
2011,REG,NYG,10,00-0027005,WR,Hakeem Nicks,Hakeem,Nicks,Hamstring,,Questionable,Hamstring,,Limited Participation in Practice,2011-11-11T10:05:02Z
2011,REG,NYG,10,00-0028492,RB,Henry Hynoski,Henry,Hynoski,Neck,,Probable,Neck,,Full Participation in Practice,2011-11-11T10:04:02Z
2011,REG,NYG,10,00-0021977,DE,Osi Umenyiora,Osi,Umenyiora,Knee,,Probable,Knee,,Full Participation in Practice,2011-11-11T10:04:02Z
2011,REG,NYJ,10,00-0027088,TE,Shawn Nelson,Shawn,Nelson,Illness,,Questionable,Illness,,Did Not Participate In Practice,2011-11-11T11:32:03Z
2011,REG,NYJ,10,00-0023469,S,Brodney Pool,Brodney,Pool,Knee,,Questionable,Knee,,Did Not Participate In Practice,2011-11-11T11:32:37Z
2011,REG,NYJ,10,00-0019642,WR,Plaxico Burress,Plaxico,Burress,Low Back,,Probable,Low Back,,Full Participation in Practice,2011-11-11T11:31:49Z
2011,REG,NYJ,10,00-0024234,CB,Antonio Cromartie,Antonio,Cromartie,Finger,,Probable,Finger,,Full Participation in Practice,2011-11-11T11:31:49Z
2011,REG,NYJ,10,00-0025689,DT,Mike Devito,Mike,Devito,Knee,,Probable,Knee,,Full Participation in Practice,2011-11-11T11:31:49Z
2011,REG,NYJ,10,00-0026043,DT,Marcus Dixon,Marcus,Dixon,Shoulder,,Probable,Shoulder,,Full Participation in Practice,2011-11-11T11:31:49Z
2011,REG,NYJ,10,00-0028032,DT,Kenrick Ellis,Kenrick,Ellis,Ankle,,Probable,Ankle,,Full Participation in Practice,2011-11-11T11:31:49Z
2011,REG,NYJ,10,00-0026899,RB,Shonn Greene,Shonn,Greene,Head,Groin,Probable,Head,Groin,Full Participation in Practice,2011-11-11T11:31:49Z
2011,REG,NYJ,10,00-0024240,WR,Santonio Holmes,Santonio,Holmes,Foot,,Probable,Foot,,Full Participation in Practice,2011-11-11T11:31:49Z
2011,REG,NYJ,10,00-0022000,T,Wayne Hunter,Wayne,Hunter,Finger,,Probable,Finger,,Full Participation in Practice,2011-11-11T11:31:49Z
2011,REG,NYJ,10,00-0024244,C,Nick Mangold,Nick,Mangold,Ankle,,Probable,Ankle,,Full Participation in Practice,2011-11-11T11:31:49Z
2011,REG,NYJ,10,00-0027170,LB,Joshua Mauga,Joshua,Mauga,Low Back,,Probable,Low Back,,Full Participation in Practice,2011-11-11T11:31:49Z
2011,REG,NYJ,10,00-0027712,RB,Joe McKnight,Joe,McKnight,Toe,,Probable,Toe,,Full Participation in Practice,2011-11-11T11:31:49Z
2011,REG,NYJ,10,00-0022120,LB,Calvin Pace,Calvin,Pace,Groin,,Probable,Groin,,Full Participation in Practice,2011-11-11T11:31:49Z
2011,REG,NYJ,10,00-0023523,DT,Sione Pouha,Sione,Pouha,Finger,,Probable,Finger,,Full Participation in Practice,2011-11-11T11:31:49Z
2011,REG,NYJ,10,00-0026500,G,Matt Slauson,Matt,Slauson,Neck,,Probable,Neck,,Full Participation in Practice,2011-11-11T11:31:49Z
2011,REG,NYJ,10,00-0027915,CB,Isaiah Trufant,Isaiah,Trufant,Hamstring,,Probable,Hamstring,,Full Participation in Practice,2011-11-11T11:31:49Z
2011,REG,OAK,10,00-0023460,QB,Jason Campbell,Jason,Campbell,Collarbone,,Out,Collarbone,,Did Not Participate In Practice,2011-11-09T12:50:48Z
2011,REG,OAK,10,00-0021949,CB,Chris Johnson,Chris,Johnson,Groin,Hamstring,Out,Groin,Hamstring,Did Not Participate In Practice,2011-11-09T12:52:06Z
2011,REG,OAK,10,00-0026144,RB,Darren McFadden,Darren,McFadden,Foot,,Out,Foot,,Did Not Participate In Practice,2011-11-09T12:52:31Z
2011,REG,OAK,10,00-0028019,CB,DeMarcus Van Dyke,DeMarcus,Van Dyke,Hamstring,,Out,Hamstring,,Did Not Participate In Practice,2011-11-09T12:54:00Z
2011,REG,OAK,10,00-0024222,S,Michael Huff,Michael,Huff,Ankle,,Questionable,Ankle,,Did Not Participate In Practice,2011-11-09T12:51:40Z
2011,REG,OAK,10,00-0019646,K,Sebastian Janikowski,Sebastian,Janikowski,left Hamstring,,Questionable,left Hamstring,,Did Not Participate In Practice,2011-11-09T12:51:55Z
2011,REG,OAK,10,00-0025640,S,Chinedum Ndukwe,Chinedum,Ndukwe,Knee,,Questionable,Knee,,Did Not Participate In Practice,2011-11-09T12:52:59Z
2011,REG,OAK,10,00-0025447,C,Samson Satele,Samson,Satele,Knee,,Questionable,Knee,,Did Not Participate In Practice,2011-11-09T12:53:47Z
2011,REG,OAK,10,00-0023487,T,Khalif Barnes,Khalif,Barnes,Shoulder,,Questionable,Shoulder,,Limited Participation in Practice,2011-11-09T12:50:40Z
2011,REG,OAK,10,00-0028051,CB,Chimdi Chekwa,Chimdi,Chekwa,Hamstring,,Questionable,Hamstring,,Limited Participation in Practice,2011-11-09T12:51:21Z
2011,REG,OAK,10,00-0027904,LB,Rolando McClain,Rolando,McClain,Ankle,,Questionable,Ankle,,Limited Participation in Practice,2011-11-09T12:52:20Z
2011,REG,OAK,10,00-0027023,S,Michael Mitchell,Michael,Mitchell,Ankle,,Questionable,Ankle,,Limited Participation in Practice,2011-11-09T12:52:44Z
2011,REG,OAK,10,00-0020442,DT,Richard Seymour,Richard,Seymour,Ankle,,Questionable,Ankle,,Limited Participation in Practice,2011-11-09T12:53:31Z
2011,REG,OAK,10,00-0023569,S,Matt Giordano,Matt,Giordano,Neck,,Probable,Neck,,Full Participation in Practice,2011-11-09T12:50:23Z
2011,REG,OAK,10,00-0021429,QB,Carson Palmer,Carson,Palmer,Quadricep,,Probable,Quadricep,,Full Participation in Practice,2011-11-09T12:50:23Z
2011,REG,OAK,10,00-0026393,RB,Marcel Reece,Marcel,Reece,Shoulder,,Probable,Shoulder,,Full Participation in Practice,2011-11-09T12:50:23Z
2011,REG,OAK,10,00-0021357,RB,Rock Cartwright,Rock,Cartwright,Calf,,Probable,Calf,,Limited Participation in Practice,2011-11-09T12:50:59Z
2011,REG,PHI,10,00-0027652,S,Nate Allen,Nate,Allen,Concussion,,Out,Concussion,,Did Not Participate In Practice,2011-11-11T10:52:54Z
2011,REG,PHI,10,00-0023514,G,Evan Mathis,Evan,Mathis,Toe,,Out,Toe,,Did Not Participate In Practice,2011-11-11T10:53:03Z
2011,REG,PHI,10,00-0019986,DE,Juqua Parker,Juqua,Parker,Ankle,,Questionable,Ankle,,Full Participation in Practice,2011-11-11T10:53:10Z
2011,REG,PHI,10,00-0027865,DE,Brandon Graham,Brandon,Graham,Knee,,Probable,Knee,,Full Participation in Practice,2011-11-11T10:51:51Z
2011,REG,PHI,10,00-0024254,T,Winston Justice,Winston,Justice,Knee,,Probable,Knee,,Full Participation in Practice,2011-11-11T10:51:51Z
2011,REG,PHI,10,00-0028129,C,Jason Kelce,Jason,Kelce,Quadricep,,Probable,Quadricep,,Full Participation in Practice,2011-11-11T10:51:51Z
2011,REG,PHI,10,00-0027029,RB,LeSean McCoy,LeSean,McCoy,Shoulder,,Probable,Shoulder,,Full Participation in Practice,2011-11-11T10:51:51Z
2011,REG,PHI,10,00-0021956,CB,Asante Samuel,Asante,Samuel,Groin,,Probable,Groin,,Full Participation in Practice,2011-11-11T10:51:51Z
2011,REG,PIT,10,00-0022064,WR,Arnaz Battle,Arnaz,Battle,Hamstring,,Out,Hamstring,,Did Not Participate In Practice,2011-11-11T09:59:40Z
2011,REG,PIT,10,00-0027685,WR,Emmanuel Sanders,Emmanuel,Sanders,Knee,,Out,Knee,,Did Not Participate In Practice,2011-11-11T10:00:00Z
2011,REG,PIT,10,00-0025433,LB,LaMarr Woodley,LaMarr,Woodley,Hamstring,,Out,Hamstring,,Did Not Participate In Practice,2011-11-11T10:00:11Z
2011,REG,PIT,10,00-0022811,WR,Jerricho Cotchery,Jerricho,Cotchery,Knee,,Probable,Knee,,Full Participation in Practice,2011-11-11T09:56:54Z
2011,REG,PIT,10,00-0005082,LB,James Farrior,James,Farrior,Calf,,Probable,Calf,,Full Participation in Practice,2011-11-11T09:56:54Z
2011,REG,PIT,10,00-0020712,LB,James Harrison,James,Harrison,Toe,,Probable,Toe,,Full Participation in Practice,2011-11-11T09:56:54Z
2011,REG,PIT,10,00-0025829,G,Doug Legursky,Doug,Legursky,Toe,,Probable,Toe,,Full Participation in Practice,2011-11-11T09:56:54Z
2011,REG,PIT,10,00-0022119,S,Troy Polamalu,Troy,Polamalu,Rib,,Probable,Rib,,Full Participation in Practice,2011-11-11T09:56:54Z
2011,REG,PIT,10,00-0027765,LB,Stevenson Sylvester,Stevenson,Sylvester,Knee,,Probable,Knee,,Full Participation in Practice,2011-11-11T09:56:54Z
2011,REG,PIT,10,00-0017162,WR,Hines Ward,Hines,Ward,Head,,Probable,Head,,Full Participation in Practice,2011-11-11T09:56:54Z
2011,REG,SD,10,00-0023463,DE,Luis Castillo,Luis,Castillo,Tibia,,Out,Tibia,,Did Not Participate In Practice,2011-11-09T15:08:32Z
2011,REG,SD,10,00-0021546,G,Kris Dielman,Kris,Dielman,Concussion,,Out,Concussion,,Did Not Participate In Practice,2011-11-09T15:08:40Z
2011,REG,SD,10,00-0022414,WR,Malcom Floyd,Malcom,Floyd,Hip,,Doubtful,Hip,,Did Not Participate In Practice,2011-11-09T15:08:48Z
2011,REG,SD,10,00-0022723,LB,Shaun Phillips,Shaun,Phillips,Foot,,Doubtful,Foot,,Did Not Participate In Practice,2011-11-09T15:08:55Z
2011,REG,SD,10,00-0027682,LB,Donald Butler,Donald,Butler,Illness,,Probable,Illness,,Did Not Participate In Practice,2011-11-09T15:09:24Z
2011,REG,SD,10,00-0025521,LB,Antwan Barnes,Antwan,Barnes,Calf,,Probable,Calf,,Full Participation in Practice,2011-11-09T15:08:14Z
2011,REG,SD,10,00-0019467,LB,Na'il Diggs,Na'il,Diggs,Knee,,Probable,Knee,,Full Participation in Practice,2011-11-09T15:08:14Z
2011,REG,SD,10,00-0027585,WR,Richard Goodman,Richard,Goodman,Groin,,Probable,Groin,,Full Participation in Practice,2011-11-09T15:08:14Z
2011,REG,SD,10,00-0027864,RB,Ryan Mathews,Ryan,Mathews,Groin,,Probable,Groin,,Full Participation in Practice,2011-11-09T15:08:14Z
2011,REG,SD,10,00-0015474,LB,Takeo Spikes,Takeo,Spikes,Biceps,,Probable,Biceps,,Full Participation in Practice,2011-11-09T15:08:14Z
2011,REG,SD,10,00-0023998,S,Steve Gregory,Steve,Gregory,Thigh,,Probable,Thigh,,Limited Participation in Practice,2011-11-09T15:09:43Z
2011,REG,SEA,10,00-0026392,LB,David Vobora,David,Vobora,Concussion,,Out,Concussion,,Did Not Participate In Practice,2011-11-11T13:22:23Z
2011,REG,SEA,10,00-0026963,TE,Cameron Morrah,Cameron,Morrah,Toe,Knee,Questionable,Toe,Knee,Full Participation in Practice,2011-11-11T13:22:14Z
2011,REG,SEA,10,00-0024279,QB,Tarvaris Jackson,Tarvaris,Jackson,Pectoral,,Probable,Pectoral,,Full Participation in Practice,2011-11-11T13:21:59Z
2011,REG,SEA,10,00-0025431,WR,Sidney Rice,Sidney,Rice,Foot,,Probable,Foot,,Full Participation in Practice,2011-11-11T13:21:51Z
2011,REG,SF,10,00-0020535,DT,Justin Smith,Justin,Smith,,,,Not Injury Related,,Limited Participation in Practice,2011-11-09T16:50:34Z
2011,REG,SF,10,00-0025484,DT,Ray McDonald,Ray,McDonald,Hamstring,,Questionable,Hamstring,,Limited Participation in Practice,2011-11-11T14:10:50Z
2011,REG,SF,10,00-0020508,RB,Moran Norris,Moran,Norris,Fibula,,Questionable,Fibula,,Limited Participation in Practice,2011-11-11T14:06:32Z
2011,REG,SF,10,00-0025513,S,Dashon Goldson,Dashon,Goldson,Knee,,Probable,Knee,,Full Participation in Practice,2011-11-11T14:09:53Z
2011,REG,SF,10,00-0028053,RB,Kendall Hunter,Kendall,Hunter,Ankle,,Probable,Ankle,,Full Participation in Practice,2011-11-11T14:06:01Z
2011,REG,SF,10,00-0022843,CB,Shawntae Spencer,Shawntae,Spencer,Toe,,Probable,Toe,,Full Participation in Practice,2011-11-11T14:09:29Z
2011,REG,SF,10,00-0024389,TE,Delanie Walker,Delanie,Walker,Knee,,Probable,Knee,,Full Participation in Practice,2011-11-11T14:08:04Z
2011,REG,SF,10,00-0024223,S,Donte Whitner,Donte,Whitner,Thigh,,Probable,Thigh,,Full Participation in Practice,2011-11-11T14:09:13Z
2011,REG,SF,10,00-0027894,LB,Navorro Bowman,Navorro,Bowman,Shoulder,,Probable,Shoulder,,Limited Participation in Practice,2011-11-11T14:08:31Z
2011,REG,SF,10,00-0026986,WR,Michael Crabtree,Michael,Crabtree,Foot,,Probable,Foot,,Limited Participation in Practice,2011-11-11T14:06:54Z
2011,REG,SF,10,00-0028018,CB,Chris Culliver,Chris,Culliver,Shoulder,,Probable,Shoulder,,Limited Participation in Practice,2011-11-11T14:08:51Z
2011,REG,SF,10,00-0023438,WR,Braylon Edwards,Braylon,Edwards,Knee,,Probable,Knee,,Limited Participation in Practice,2011-11-11T14:07:13Z
2011,REG,SF,10,00-0023500,RB,Frank Gore,Frank,Gore,Ankle,,Probable,Ankle,,Limited Participation in Practice,2011-11-11T14:05:45Z
2011,REG,STL,10,00-0027912,WR,Danario Alexander,Danario,Alexander,Hamstring,,Out,Hamstring,,Did Not Participate In Practice,2011-11-11T11:09:39Z
2011,REG,STL,10,00-0027985,TE,Lance Kendricks,Lance,Kendricks,Foot,,Out,Foot,,Did Not Participate In Practice,2011-11-11T11:10:27Z
2011,REG,STL,10,00-0024294,RB,Jerious Norwood,Jerious,Norwood,Hamstring,,Out,Hamstring,,Did Not Participate In Practice,2011-11-11T11:10:35Z
2011,REG,STL,10,00-0026979,T,Jason Smith,Jason,Smith,Head,,Out,Head,,Did Not Participate In Practice,2011-11-11T11:10:54Z
2011,REG,STL,10,00-0027845,LB,Josh Hull,Josh,Hull,Hamstring,,Questionable,Hamstring,,Did Not Participate In Practice,2011-11-11T11:12:18Z
2011,REG,STL,10,00-0027854,QB,Sam Bradford,Sam,Bradford,Ankle,,Questionable,Ankle,,Limited Participation in Practice,2011-11-11T11:09:52Z
2011,REG,STL,10,00-0019387,DE,James Hall,James,Hall,Knee,,Questionable,Knee,,Limited Participation in Practice,2011-11-11T11:11:59Z
2011,REG,STL,10,00-0026263,LB,Bryan Kehl,Bryan,Kehl,Ankle,,Questionable,Ankle,,Limited Participation in Practice,2011-11-11T11:11:15Z
2011,REG,STL,10,00-0027787,DE,Eugene Sims,Eugene,Sims,Shoulder,,Questionable,Shoulder,,Limited Participation in Practice,2011-11-11T11:11:30Z
2011,REG,STL,10,00-0025626,DE,C.J. Ah You,C.J.,Ah You,Calf,,Probable,Calf,,Full Participation in Practice,2011-11-11T11:09:20Z
2011,REG,STL,10,00-0023327,DT,Gary Gibson,Gary,Gibson,Hip,,Probable,Hip,,Full Participation in Practice,2011-11-11T11:10:13Z
2011,REG,STL,10,00-0022736,RB,Steven Jackson,Steven,Jackson,Foot,,Probable,Foot,,Full Participation in Practice,2011-11-11T11:09:20Z
2011,REG,STL,10,00-0027073,DT,Darell Scott,Darell,Scott,Head,,Probable,Head,,Full Participation in Practice,2011-11-11T11:09:20Z
2011,REG,STL,10,00-0027256,S,Darian Stewart,Darian,Stewart,Ankle,,Probable,Ankle,,Full Participation in Practice,2011-11-11T11:09:20Z
2011,REG,TB,10,00-0022922,TE,Kellen Winslow,Kellen,Winslow,,,,Not Injury Related,,Did Not Participate In Practice,2011-11-09T13:38:20Z
2011,REG,TB,10,00-0026291,DT,Frank Okam,Frank,Okam,Calf,,Doubtful,Calf,,Did Not Participate In Practice,2011-11-11T12:24:59Z
2011,REG,TB,10,00-0027812,LB,Dekoda Watson,Dekoda,Watson,Groin,,Questionable,Groin,,Did Not Participate In Practice,2011-11-11T12:25:15Z
2011,REG,TB,10,00-0026993,QB,Josh Freeman,Josh,Freeman,right Thumb,,Probable,right Thumb,,Full Participation in Practice,2011-11-11T12:24:40Z
2011,REG,TB,10,00-0025493,S,Tanard Jackson,Tanard,Jackson,Hamstring,,Probable,Hamstring,,Full Participation in Practice,2011-11-11T12:24:40Z
2011,REG,TB,10,00-0027702,WR,Mike Williams,Mike,Williams,Thigh,,Probable,Thigh,,Full Participation in Practice,2011-11-11T12:24:40Z
2011,REG,TB,10,00-0026223,C,Jeremy Zuttah,Jeremy,Zuttah,Knee,,Probable,Knee,,Full Participation in Practice,2011-11-11T12:24:40Z
2011,REG,TEN,10,00-0022814,DE,Dave Ball,Dave,Ball,Concussion,,Out,Concussion,,Did Not Participate In Practice,2011-11-11T11:12:02Z
2011,REG,TEN,10,00-0023471,LB,Barrett Ruud,Barrett,Ruud,Groin,,Questionable,Groin,,Did Not Participate In Practice,2011-11-11T11:12:30Z
2011,REG,TEN,10,00-0027061,TE,Jared Cook,Jared,Cook,Knee,,Questionable,Knee,,Full Participation in Practice,2011-11-11T11:12:09Z
2011,REG,TEN,10,00-0024489,RB,Ahmard Hall,Ahmard,Hall,Back,,Questionable,Back,,Full Participation in Practice,2011-11-11T11:12:16Z
2011,REG,TEN,10,00-0021219,S,Chris Hope,Chris,Hope,Forearm,,Questionable,Forearm,,Full Participation in Practice,2011-11-11T11:12:24Z
2011,REG,TEN,10,00-0023367,WR,Nate Washington,Nate,Washington,Hip,,Questionable,Hip,,Full Participation in Practice,2011-11-11T11:12:37Z
2011,REG,TEN,10,00-0007091,QB,Matt Hasselbeck,Matt,Hasselbeck,Knee,,Probable,Knee,,Full Participation in Practice,2011-11-11T11:11:56Z
2011,REG,WAS,10,00-0022697,LB,Keyaron Fox,Keyaron,Fox,Infection,,Out,Infection,,Did Not Participate In Practice,2011-11-11T10:39:02Z
2011,REG,WAS,10,00-0020494,WR,Santana Moss,Santana,Moss,Hand,,Out,Hand,,Out (Definitely Will Not Play),2011-11-11T10:39:14Z
2011,REG,WAS,10,00-0028093,WR,Niles Paul,Niles,Paul,Toe,,Out,Toe,,Out (Definitely Will Not Play),2011-11-11T10:39:24Z
2011,REG,WAS,10,00-0023501,S,Oshiomogho Atogwe,Oshiomogho,Atogwe,Toe,Knee,Questionable,Toe,Knee,Limited Participation in Practice,2011-11-11T10:38:35Z
2011,REG,WAS,10,00-0023447,T,Jammal Brown,Jammal,Brown,Groin,,Questionable,Groin,,Limited Participation in Practice,2011-11-11T10:38:40Z
2011,REG,WAS,10,00-0026262,RB,Tashard Choice,Tashard,Choice,Hamstring,,Questionable,Hamstring,,Limited Participation in Practice,2011-11-11T10:38:50Z
2011,REG,WAS,10,00-0022923,CB,DeAngelo Hall,DeAngelo,Hall,Not Injury Related,,Probable,Not Injury Related,,Did Not Participate In Practice,2011-11-11T10:40:20Z
2011,REG,WAS,10,00-0026188,TE,Fred Davis,Fred,Davis,Ankle,,Probable,Ankle,,Full Participation in Practice,2011-11-11T10:38:28Z
2011,REG,WAS,10,00-0024387,S,Reed Doughty,Reed,Doughty,Chest,,Probable,Chest,,Full Participation in Practice,2011-11-11T10:38:28Z
2011,REG,WAS,10,00-0024410,DE,Kedric Golston,Kedric,Golston,Elbow,,Probable,Elbow,,Full Participation in Practice,2011-11-11T10:38:28Z
2011,REG,WAS,10,00-0025393,S,LaRon Landry,LaRon,Landry,Achilles,,Probable,Achilles,,Full Participation in Practice,2011-11-11T10:39:50Z
2011,REG,WAS,10,00-0028162,LB,Markus White,Markus,White,Illness,,Probable,Illness,,Full Participation in Practice,2011-11-11T10:38:28Z
2011,REG,WAS,10,00-0027857,T,Trent Williams,Trent,Williams,Ankle,,Probable,Ankle,,Full Participation in Practice,2011-11-11T10:38:28Z
2011,REG,ARI,11,00-0013126,LB,Joey Porter,Joey,Porter,Knee,,Out,Knee,,Did Not Participate In Practice,2011-11-18T11:57:56Z
2011,REG,ARI,11,00-0023557,S,Kerry Rhodes,Kerry,Rhodes,Foot,,Out,Foot,,Did Not Participate In Practice,2011-11-18T11:58:01Z
2011,REG,ARI,11,00-0025668,CB,Michael Adams,Michael,Adams,Hamstring,,Questionable,Hamstring,,Limited Participation in Practice,2011-11-18T11:57:17Z
2011,REG,ARI,11,00-0021974,T,Jeremy Bridges,Jeremy,Bridges,Back,,Questionable,Back,,Limited Participation in Practice,2011-11-18T11:57:24Z
2011,REG,ARI,11,00-0020516,TE,Todd Heap,Todd,Heap,Hamstring,,Questionable,Hamstring,,Limited Participation in Practice,2011-11-18T11:57:29Z
2011,REG,ARI,11,00-0028007,TE,Rob Housler,Rob,Housler,Groin,,Questionable,Groin,,Limited Participation in Practice,2011-11-18T11:57:34Z
2011,REG,ARI,11,00-0026365,T,Brandon Keith,Brandon,Keith,Knee,,Questionable,Knee,,Limited Participation in Practice,2011-11-18T11:57:41Z
2011,REG,ARI,11,00-0025423,QB,Kevin Kolb,Kevin,Kolb,Toe,,Questionable,Toe,,Limited Participation in Practice,2011-11-18T11:57:46Z
2011,REG,ARI,11,00-0019104,LB,Paris Lenon,Paris,Lenon,Groin,,Questionable,Groin,,Limited Participation in Practice,2011-11-18T11:57:51Z
2011,REG,ARI,11,00-0028074,RB,Anthony Sherman,Anthony,Sherman,Ankle,,Questionable,Ankle,,Limited Participation in Practice,2011-11-18T11:58:06Z
2011,REG,ARI,11,00-0027007,RB,Chris Wells,Chris,Wells,Knee,,Questionable,Knee,,Limited Participation in Practice,2011-11-18T11:58:14Z
2011,REG,ARI,11,00-0025474,LB,Stewart Bradley,Stewart,Bradley,Ribs,,Probable,Ribs,,Full Participation in Practice,2011-11-18T11:57:03Z
2011,REG,ARI,11,00-0026956,KR,LaRod Stephens-Howling,LaRod,Stephens-Howling,Shoulder,,Probable,Shoulder,,Limited Participation in Practice,2011-11-18T11:57:03Z
2011,REG,ATL,11,00-0006101,TE,Tony Gonzalez,Tony,Gonzalez,,,,Not Injury Related,,Did Not Participate In Practice,2011-11-16T12:42:33Z
2011,REG,ATL,11,00-0027031,S,William Moore,William,Moore,Quadricep,,Out,Quadricep,,Did Not Participate In Practice,2011-11-18T11:55:49Z
2011,REG,ATL,11,00-0027944,WR,Julio Jones,Julio,Jones,Hamstring,,Questionable,Hamstring,,Did Not Participate In Practice,2011-11-18T11:55:38Z
2011,REG,ATL,11,00-0026161,T,Sam Baker,Sam,Baker,Back,,Questionable,Back,,Limited Participation in Practice,2011-11-18T11:55:27Z
2011,REG,ATL,11,00-0019546,DE,John Abraham,John,Abraham,Not Injury Related,,Probable,Not Injury Related,,Full Participation in Practice,2011-11-18T11:55:12Z
2011,REG,ATL,11,00-0026224,WR,Harry Douglas,Harry,Douglas,Thigh,,Probable,Thigh,,Full Participation in Practice,2011-11-18T11:55:12Z
2011,REG,ATL,11,00-0024342,DE,Ray Edwards,Ray,Edwards,Knee,,Probable,Knee,,Full Participation in Practice,2011-11-18T11:55:12Z
2011,REG,ATL,11,00-0024183,CB,Brent Grimes,Brent,Grimes,Knee,,Probable,Knee,,Full Participation in Practice,2011-11-18T11:55:12Z
2011,REG,ATL,11,00-0026177,LB,Curtis Lofton,Curtis,Lofton,Ankle,,Probable,Ankle,,Full Participation in Practice,2011-11-18T11:55:12Z
2011,REG,ATL,11,00-0010711,C,Todd McClure,Todd,McClure,Not Injury Related,,Probable,Not Injury Related,,Full Participation in Practice,2011-11-18T11:55:12Z
2011,REG,ATL,11,00-0026855,RB,Antone Smith,Antone,Smith,Knee,,Probable,Knee,,Full Participation in Practice,2011-11-18T11:55:12Z
2011,REG,ATL,11,00-0025631,RB,Jason Snelling,Jason,Snelling,Hamstring,,Probable,Hamstring,,Full Participation in Practice,2011-11-18T11:55:12Z
2011,REG,BAL,11,00-0028163,RB,Anthony Allen,Anthony,Allen,Thigh,,Out,Thigh,,Did Not Participate In Practice,2011-11-18T14:00:47Z
2011,REG,BAL,11,00-0027756,DT,Arthur Jones,Arthur,Jones,Head,,Out,Head,,Did Not Participate In Practice,2011-11-18T14:00:57Z
2011,REG,BAL,11,00-0009889,LB,Ray Lewis,Ray,Lewis,Foot,,Questionable,Foot,,Did Not Participate In Practice,2011-11-18T14:01:09Z
2011,REG,BAL,11,00-0026857,LB,Dannell Ellerbe,Dannell,Ellerbe,Thigh,,Questionable,Thigh,,Full Participation in Practice,2011-11-18T14:01:15Z
2011,REG,BAL,11,00-0022910,WR,Lee Evans,Lee,Evans,Ankle,,Questionable,Ankle,,Limited Participation in Practice,2011-11-18T14:01:19Z
2011,REG,BUF,11,00-0019310,K,Rian Lindell,Rian,Lindell,Shoulder,,Out,Shoulder,,Did Not Participate In Practice,2011-11-18T09:27:37Z
2011,REG,BUF,11,00-0028107,LB,Chris White,Chris,White,Knee,,Out,Knee,,Did Not Participate In Practice,2011-11-18T09:27:27Z
2011,REG,BUF,11,00-0027004,C,Eric Wood,Eric,Wood,Knee,,Out,Knee,,Did Not Participate In Practice,2011-11-18T09:27:15Z
2011,REG,BUF,11,00-0022341,S,George Wilson,George,Wilson,Neck,,Doubtful,Neck,,Did Not Participate In Practice,2011-11-18T09:27:55Z
2011,REG,BUF,11,00-0026359,T,Demetress Bell,Demetress,Bell,Shoulder,,Questionable,Shoulder,,Limited Participation in Practice,2011-11-18T09:28:19Z
2011,REG,BUF,11,00-0026364,WR,Steve Johnson,Steve,Johnson,Shoulder,,Questionable,Shoulder,,Limited Participation in Practice,2011-11-18T09:28:44Z
2011,REG,BUF,11,00-0022610,DE,Spencer Johnson,Spencer,Johnson,Calf,,Questionable,Calf,,Limited Participation in Practice,2011-11-18T09:28:30Z
2011,REG,BUF,11,00-0021995,LB,Chris Kelsay,Chris,Kelsay,Calf,,Probable,Calf,,Full Participation in Practice,2011-11-18T09:26:59Z
2011,REG,BUF,11,00-0023016,T,Erik Pears,Erik,Pears,Groin,,Probable,Groin,,Full Participation in Practice,2011-11-18T09:26:59Z
2011,REG,BUF,11,00-0027322,WR,David Nelson,David,Nelson,Illness,Ankle,Probable,Illness,Ankle,Limited Participation in Practice,2011-11-18T09:26:59Z
2011,REG,CAR,11,00-0026911,LB,Jason Phillips,Jason,Phillips,Calf,,Out,Calf,,Out (Definitely Will Not Play),2011-11-18T10:34:47Z
2011,REG,CAR,11,00-0021148,TE,Jeremy Shockey,Jeremy,Shockey,Ribs,,Doubtful,Ribs,,Did Not Participate In Practice,2011-11-18T10:35:10Z
2011,REG,CAR,11,00-0026214,LB,Dan Connor,Dan,Connor,Shoulder,,Questionable,Shoulder,,Did Not Participate In Practice,2011-11-18T10:33:28Z
2011,REG,CAR,11,00-0028036,CB,Brandon Hogan,Brandon,Hogan,Knee,,Questionable,Knee,,Limited Participation in Practice,2011-11-18T10:33:59Z
2011,REG,CAR,11,00-0024303,LB,James Anderson,James,Anderson,Ankle,,Probable,Ankle,,Full Participation in Practice,2011-11-18T10:32:55Z
2011,REG,CAR,11,00-0026944,CB,Captain Munnerlyn,Captain,Munnerlyn,Thigh,,Probable,Thigh,,Full Participation in Practice,2011-11-18T10:34:20Z
2011,REG,CHI,11,00-0025574,DT,Matt Toeaina,Matt,Toeaina,,,,Knee,,Full Participation in Practice,2011-11-16T14:11:54Z
2011,REG,CHI,11,00-0027967,T,Gabe Carimi,Gabe,Carimi,Knee,,Out,Knee,,Did Not Participate In Practice,2011-11-18T12:25:24Z
2011,REG,CHI,11,00-0026907,CB,D.J. Moore,D.J.,Moore,Ankle,,Doubtful,Ankle,,Did Not Participate In Practice,2011-11-18T12:25:11Z
2011,REG,CHI,11,00-0022128,LB,Lance Briggs,Lance,Briggs,Neck,,Probable,Neck,,Full Participation in Practice,2011-11-18T12:24:53Z
2011,REG,CHI,11,00-0026184,RB,Matt Forte,Matt,Forte,Shoulder,,Probable,Shoulder,,Full Participation in Practice,2011-11-18T12:24:53Z
2011,REG,CHI,11,00-0024272,WR,Devin Hester,Devin,Hester,Ankle,,Probable,Ankle,,Full Participation in Practice,2011-11-18T12:24:53Z
2011,REG,CHI,11,00-0021140,DE,Julius Peppers,Julius,Peppers,Knee,,Probable,Knee,,Full Participation in Practice,2011-11-18T12:24:53Z
2011,REG,CIN,11,00-0027044,DE,Michael Johnson,Michael,Johnson,,,,Not Injury Related,,Limited Participation in Practice,2011-11-17T12:29:48Z
2011,REG,CIN,11,00-0027942,WR,A.J. Green,A.J.,Green,Knee,,Doubtful,Knee,,Did Not Participate In Practice,2011-11-18T10:14:14Z
2011,REG,CIN,11,00-0021929,TE,Donald Lee,Donald,Lee,Foot,,Doubtful,Foot,,Did Not Participate In Practice,2011-11-18T10:14:24Z
2011,REG,CIN,11,00-0027662,DE,Carlos Dunlap,Carlos,Dunlap,Hamstring,,Questionable,Hamstring,,Limited Participation in Practice,2011-11-18T10:14:36Z
2011,REG,CIN,11,00-0020495,CB,Nate Clements,Nate,Clements,Knee,,Probable,Knee,,Full Participation in Practice,2011-11-18T10:10:41Z
2011,REG,CIN,11,00-0024670,C,Kyle Cook,Kyle,Cook,Foot,,Probable,Foot,,Full Participation in Practice,2011-11-18T10:10:41Z
2011,REG,CIN,11,00-0022167,S,Chris Crocker,Chris,Crocker,Knee,,Probable,Knee,,Full Participation in Practice,2011-11-18T10:10:41Z
2011,REG,CIN,11,00-0023665,DE,Jonathan Fanene,Jonathan,Fanene,Illness,,Probable,Illness,,Full Participation in Practice,2011-11-18T10:10:41Z
2011,REG,CIN,11,00-0027918,WR,Andrew Hawkins,Andrew,Hawkins,Hamstring,,Probable,Hamstring,,Full Participation in Practice,2011-11-18T10:10:41Z
2011,REG,CIN,11,00-0023441,CB,Adam Jones,Adam,Jones,Groin,,Probable,Groin,,Full Participation in Practice,2011-11-18T10:10:41Z
2011,REG,CIN,11,00-0025439,RB,Brian Leonard,Brian,Leonard,Knee,,Probable,Knee,,Full Participation in Practice,2011-11-18T10:10:41Z
2011,REG,CIN,11,00-0028004,LB,Dontay Moch,Dontay,Moch,Illness,,Probable,Illness,,Full Participation in Practice,2011-11-18T10:10:41Z
2011,REG,CIN,11,00-0024306,DE,Frostee Rucker,Frostee,Rucker,Knee,,Probable,Knee,,Full Participation in Practice,2011-11-18T10:10:41Z
2011,REG,CIN,11,00-0022815,S,Gibril Wilson,Gibril,Wilson,Ankle,,Probable,Ankle,,Full Participation in Practice,2011-11-18T10:10:41Z
2011,REG,CLE,11,00-0026367,RB,Peyton Hillis,Peyton,Hillis,Hamstring,,Out,Hamstring,,Did Not Participate In Practice,2011-11-18T12:40:31Z
2011,REG,CLE,11,00-0027653,S,T.J. Ward,T.J.,Ward,Foot,Finger,Out,Foot,Finger,Did Not Participate In Practice,2011-11-18T12:40:49Z
2011,REG,CLE,11,00-0027460,LB,Auston English,Auston,English,Knee,,Questionable,Knee,,Limited Participation in Practice,2011-11-18T12:41:08Z
2011,REG,CLE,11,00-0027666,RB,Montario Hardesty,Montario,Hardesty,Calf,,Questionable,Calf,,Limited Participation in Practice,2011-11-18T12:41:32Z
2011,REG,CLE,11,00-0022149,T,Tony Pashos,Tony,Pashos,Ankle,,Questionable,Ankle,,Limited Participation in Practice,2011-11-18T12:42:00Z
2011,REG,CLE,11,00-0023727,CB,Dimitri Patterson,Dimitri,Patterson,Knee,,Questionable,Knee,,Limited Participation in Practice,2011-11-18T12:42:21Z
2011,REG,CLE,11,00-0027026,WR,Mohamed Massaquoi,Mohamed,Massaquoi,Head,,Probable,Head,,Full Participation in Practice,2011-11-18T12:43:15Z
2011,REG,CLE,11,00-0023893,DE,Jayme Mitchell,Jayme,Mitchell,Chest,Ankle,Probable,Chest,Ankle,Full Participation in Practice,2011-11-18T12:43:38Z
2011,REG,CLE,11,00-0027975,DE,Jabaal Sheard,Jabaal,Sheard,Thigh,,Probable,Thigh,,Full Participation in Practice,2011-11-18T12:43:54Z
2011,REG,CLE,11,00-0025453,S,Usama Young,Usama,Young,Shoulder,,Probable,Shoulder,,Full Participation in Practice,2011-11-18T12:44:09Z
2011,REG,DAL,11,00-0022094,G,Montrae Holland,Montrae,Holland,,,,Illness,,Did Not Participate In Practice,2011-11-16T12:55:20Z
2011,REG,DAL,11,00-0023921,WR,Miles Austin,Miles,Austin,Hamstring,,Out,Hamstring,,Did Not Participate In Practice,2011-11-18T11:34:48Z
2011,REG,DAL,11,00-0027093,RB,Tony Fiammetta,Tony,Fiammetta,Illness,,Out,Illness,,Did Not Participate In Practice,2011-11-18T11:34:55Z
2011,REG,DAL,11,00-0026165,CB,Mike Jenkins,Mike,Jenkins,Hamstring,,Out,Hamstring,,Did Not Participate In Practice,2011-11-18T11:35:03Z
2011,REG,DAL,11,00-0009311,QB,Jon Kitna,Jon,Kitna,Back,,Doubtful,Back,,Did Not Participate In Practice,2011-11-18T11:35:18Z
2011,REG,DAL,11,00-0026162,RB,Felix Jones,Felix,Jones,Ankle,,Questionable,Ankle,,Limited Participation in Practice,2011-11-18T11:35:11Z
2011,REG,DAL,11,00-0021348,G,Kyle Kosier,Kyle,Kosier,Foot,,Questionable,Foot,,Limited Participation in Practice,2011-11-18T11:35:25Z
2011,REG,DAL,11,00-0027663,LB,Sean Lee,Sean,Lee,Wrist,,Probable,Wrist,,Full Participation in Practice,2011-11-18T11:34:41Z
2011,REG,DAL,11,00-0021488,P,Mat McBriar,Mat,McBriar,left Foot,,Probable,left Foot,,Full Participation in Practice,2011-11-18T11:34:41Z
2011,REG,DEN,11,00-0026988,RB,Knowshon Moreno,Knowshon,Moreno,Knee,,Out,Knee,,Out (Definitely Will Not Play),2011-11-16T12:26:53Z
2011,REG,DEN,11,00-0022178,RB,Willis McGahee,Willis,McGahee,Hamstring,,Questionable,Hamstring,,Limited Participation in Practice,2011-11-16T12:27:02Z
2011,REG,DEN,11,00-0026152,T,Ryan Clady,Ryan,Clady,Knee,,Probable,Knee,,Full Participation in Practice,2011-11-16T12:26:37Z
2011,REG,DEN,11,00-0025900,T,Chris Clark,Chris,Clark,Knee,,Probable,Knee,,Full Participation in Practice,2011-11-16T12:26:37Z
2011,REG,DEN,11,00-0028067,TE,Julius Thomas,Julius,Thomas,Ankle,,Probable,Ankle,,Full Participation in Practice,2011-11-16T12:26:37Z
2011,REG,DEN,11,00-0027290,CB,Cassius Vaughn,Cassius,Vaughn,Hamstring,,Probable,Hamstring,,Full Participation in Practice,2011-11-16T12:26:37Z
2011,REG,DEN,11,00-0025828,LB,Wesley Woodyard,Wesley,Woodyard,Knee,,Probable,Knee,,Full Participation in Practice,2011-11-16T12:26:37Z
2011,REG,DEN,11,00-0004073,S,Brian Dawkins,Brian,Dawkins,Ankle,,Probable,Ankle,,Limited Participation in Practice,2011-11-16T12:26:37Z
2011,REG,DET,11,00-0020382,DE,Kyle Vanden Bosch,Kyle,Vanden Bosch,,,,Not Injury Related,,Did Not Participate In Practice,2011-11-16T14:25:41Z
2011,REG,DET,11,00-0027880,RB,Jahvid Best,Jahvid,Best,Concussion,,Out,Concussion,,Did Not Participate In Practice,2011-11-18T12:53:16Z
2011,REG,DET,11,00-0028625,P,Ryan Donahue,Ryan,Donahue,right Quadricep,,Out,right Quadricep,,Did Not Participate In Practice,2011-11-18T12:53:23Z
2011,REG,DET,11,00-0026168,DE,Lawrence Jackson,Lawrence,Jackson,Thigh,,Questionable,Thigh,,Did Not Participate In Practice,2011-11-18T12:53:31Z
2011,REG,DET,11,00-0027808,DE,Willie Young,Willie,Young,Ankle,,Questionable,Ankle,,Did Not Participate In Practice,2011-11-18T12:53:39Z
2011,REG,DET,11,00-0026498,QB,Matthew Stafford,Matthew,Stafford,right Finger,,Probable,right Finger,,Full Participation in Practice,2011-11-18T12:53:06Z
2011,REG,DET,11,00-0027671,S,Amari Spievey,Amari,Spievey,Toe,,Probable,Toe,,Limited Participation in Practice,2011-11-18T12:53:06Z
2011,REG,GB,11,00-0025579,LB,Desmond Bishop,Desmond,Bishop,,,,Not Injury Related,,Did Not Participate In Practice,2011-11-16T12:37:32Z
2011,REG,GB,11,00-0027078,G,T.J. Lang,T.J.,Lang,,,,Not Injury Related,,Did Not Participate In Practice,2011-11-16T12:38:37Z
2011,REG,GB,11,00-0027442,LB,Frank Zombo,Frank,Zombo,Hamstring,,Out,Hamstring,,Did Not Participate In Practice,2011-11-18T12:38:18Z
2011,REG,GB,11,00-0019702,T,Chad Clifton,Chad,Clifton,Hamstring,,Out,Hamstring,,Out (Definitely Will Not Play),2011-11-18T12:37:58Z
2011,REG,GB,11,00-0027664,DE,Mike Neal,Mike,Neal,Knee,,Questionable,Knee,,Limited Participation in Practice,2011-11-18T12:38:09Z
2011,REG,GB,11,00-0027676,S,Morgan Burnett,Morgan,Burnett,Hand,,Probable,Hand,,Full Participation in Practice,2011-11-18T12:37:44Z
2011,REG,GB,11,00-0022984,RB,Ryan Grant,Ryan,Grant,Knee,,Probable,Knee,,Full Participation in Practice,2011-11-18T12:37:44Z
2011,REG,GB,11,00-0027002,LB,Clay Matthews,Clay,Matthews,Ankle,,Probable,Ankle,,Limited Participation in Practice,2011-11-18T12:37:44Z
2011,REG,GB,11,00-0026275,G,Josh Sitton,Josh,Sitton,Knee,,Probable,Knee,,Limited Participation in Practice,2011-11-18T12:37:44Z
2011,REG,JAX,11,00-0027862,DT,Tyson Alualu,Tyson,Alualu,,,,Not Injury Related,,Full Participation in Practice,2011-11-17T13:29:46Z
2011,REG,JAX,11,00-0022897,RB,Greg Jones,Greg,Jones,,,,Not Injury Related,,Full Participation in Practice,2011-11-17T13:30:07Z
2011,REG,JAX,11,00-0024275,RB,Maurice Jones-Drew,Maurice,Jones-Drew,,,,Not Injury Related,,Full Participation in Practice,2011-11-17T13:30:15Z
2011,REG,JAX,11,00-0027046,DT,Terrance Knighton,Terrance,Knighton,Ankle,,Out,Ankle,,Did Not Participate In Practice,2011-11-18T10:25:33Z
2011,REG,JAX,11,00-0021269,DE,Aaron Kampman,Aaron,Kampman,Hamstring,,Doubtful,Hamstring,,Did Not Participate In Practice,2011-11-18T10:25:24Z
2011,REG,JAX,11,00-0026607,RB,Brock Bolen,Brock,Bolen,Calf,,Questionable,Calf,,Limited Participation in Practice,2011-11-18T10:24:58Z
2011,REG,JAX,11,00-0027012,WR,Brian Robiskie,Brian,Robiskie,Hamstring,,Questionable,Hamstring,,Limited Participation in Practice,2011-11-18T10:25:45Z
2011,REG,JAX,11,00-0028052,WR,Cecil Shorts,Cecil,Shorts,Hamstring,,Probable,Hamstring,,Full Participation in Practice,2011-11-18T10:24:45Z
2011,REG,JAX,11,00-0024058,DE,John Chick,John,Chick,Abdomen,,Probable,Abdomen,,Limited Participation in Practice,2011-11-18T10:24:45Z
2011,REG,KC,11,00-0022707,LB,Demorrio Williams,Demorrio,Williams,Groin,,Out,,,"
    ",2011-11-19T13:05:09Z
2011,REG,KC,11,00-0023662,QB,Matt Cassel,Matt,Cassel,right Hand,,Out,right Hand,,Out (Definitely Will Not Play),2011-11-19T13:03:13Z
2011,REG,KC,11,00-0026280,CB,Brandon Carr,Brandon,Carr,Ankle,,Questionable,Ankle,,Limited Participation in Practice,2011-11-19T13:03:06Z
2011,REG,KC,11,00-0026145,DE,Glenn Dorsey,Glenn,Dorsey,Knee,,Questionable,Knee,,Limited Participation in Practice,2011-11-19T13:03:27Z
2011,REG,KC,11,00-0026175,CB,Brandon Flowers,Brandon,Flowers,Back,,Questionable,Back,,Limited Participation in Practice,2011-11-19T13:03:47Z
2011,REG,KC,11,00-0021187,S,Jon McGraw,Jon,McGraw,Shoulder,,Questionable,Shoulder,,Limited Participation in Practice,2011-11-19T13:04:03Z
2011,REG,MIA,11,00-0026003,K,Dan Carpenter,Dan,Carpenter,right Groin,,Questionable,right Groin,,Limited Participation in Practice,2011-11-18T10:29:15Z
2011,REG,MIA,11,00-0024268,TE,Anthony Fasano,Anthony,Fasano,Ankle,,Questionable,Ankle,,Limited Participation in Practice,2011-11-18T10:28:26Z
2011,REG,MIA,11,00-0027744,CB,Nolan Carroll,Nolan,Carroll,Hamstring,,Probable,Hamstring,,Full Participation in Practice,2011-11-18T10:27:46Z
2011,REG,MIN,11,00-0025940,S,Husain Abdullah,Husain,Abdullah,Concussion,,Out,Concussion,,Did Not Participate In Practice,2011-11-18T11:41:54Z
2011,REG,MIN,11,00-0022266,G,Anthony Herrera,Anthony,Herrera,Knee,,Out,Knee,,Did Not Participate In Practice,2011-11-18T11:42:16Z
2011,REG,MIN,11,00-0027649,CB,Chris Cook,Chris,Cook,Not Injury Related,,Out,Not Injury Related,,Out (Definitely Will Not Play),2011-11-18T11:42:00Z
2011,REG,MIN,11,00-0025945,LB,Erin Henderson,Erin,Henderson,Hamstring,,Questionable,Hamstring,,Limited Participation in Practice,2011-11-18T11:42:35Z
2011,REG,MIN,11,00-0022054,TE,Visanthe Shiancoe,Visanthe,Shiancoe,Hamstring,,Questionable,Hamstring,,Limited Participation in Practice,2011-11-18T11:42:47Z
2011,REG,MIN,11,00-0027547,PR,Marcus Sherels,Marcus,Sherels,Not Injury Related,,Probable,Not Injury Related,,Did Not Participate In Practice,2011-11-18T11:41:46Z
2011,REG,MIN,11,00-0022781,WR,Michael Jenkins,Michael,Jenkins,Knee,,Probable,Knee,,Full Participation in Practice,2011-11-18T11:41:46Z
2011,REG,MIN,11,00-0027950,QB,Christian Ponder,Christian,Ponder,left Hand,,Probable,left Hand,,Full Participation in Practice,2011-11-18T11:41:46Z
2011,REG,MIN,11,00-0022581,LS,Cullen Loeffler,Cullen,Loeffler,Shoulder,,Probable,Shoulder,,Limited Participation in Practice,2011-11-18T11:41:46Z
2011,REG,NE,11,00-0027237,LB,Dane Fletcher,Dane,Fletcher,Thumb,,Out,Thumb,,Did Not Participate In Practice,2011-11-19T12:53:07Z
2011,REG,NE,11,00-0027668,LB,Brandon Spikes,Brandon,Spikes,Knee,,Out,Knee,,Did Not Participate In Practice,2011-11-19T12:53:19Z
2011,REG,NE,11,00-0027647,CB,Devin McCourty,Devin,McCourty,Shoulder,,Doubtful,Shoulder,,Limited Participation in Practice,2011-11-19T12:52:53Z
2011,REG,NE,11,00-0026071,CB,Kyle Arrington,Kyle,Arrington,Foot,,Questionable,Foot,,Limited Participation in Practice,2011-11-19T12:53:35Z
2011,REG,NE,11,00-0027010,S,Patrick Chung,Patrick,Chung,Foot,,Questionable,Foot,,Limited Participation in Practice,2011-11-19T12:53:41Z
2011,REG,NE,11,00-0022979,G,Dan Connolly,Dan,Connolly,Groin,,Questionable,Groin,,Limited Participation in Practice,2011-11-19T12:53:46Z
2011,REG,NE,11,00-0019545,DE,Shaun Ellis,Shaun,Ellis,Rib,,Questionable,Rib,,Limited Participation in Practice,2011-11-19T12:53:51Z
2011,REG,NE,11,00-0005091,RB,Kevin Faulk,Kevin,Faulk,Knee,,Questionable,Knee,,Limited Participation in Practice,2011-11-19T12:53:56Z
2011,REG,NE,11,00-0025860,RB,BenJarvus Green-Ellis,BenJarvus,Green-Ellis,Toe,,Questionable,Toe,,Limited Participation in Practice,2011-11-19T12:54:01Z
2011,REG,NE,11,00-0025821,LB,Gary Guyton,Gary,Guyton,Shoulder,,Questionable,Shoulder,,Limited Participation in Practice,2011-11-19T12:54:07Z
2011,REG,NE,11,00-0025753,S,James Ihedigbo,James,Ihedigbo,Shoulder,,Questionable,Shoulder,,Limited Participation in Practice,2011-11-19T12:54:14Z
2011,REG,NE,11,00-0027693,WR,Taylor Price,Taylor,Price,Hamstring,,Questionable,Hamstring,,Limited Participation in Practice,2011-11-19T12:54:20Z
2011,REG,NE,11,00-0026293,WR,Matt Slater,Matt,Slater,Shoulder,,Questionable,Shoulder,,Limited Participation in Practice,2011-11-19T12:54:27Z
2011,REG,NE,11,00-0027955,T,Nate Solder,Nate,Solder,Concussion,,Questionable,Concussion,,Limited Participation in Practice,2011-11-19T12:54:34Z
2011,REG,NE,11,00-0028251,LB,Jeff Tarpinian,Jeff,Tarpinian,Illness,,Questionable,Illness,,Limited Participation in Practice,2011-11-19T12:54:40Z
2011,REG,NE,11,00-0027034,T,Sebastian Vollmer,Sebastian,Vollmer,Back,,Questionable,Back,,Limited Participation in Practice,2011-11-19T12:54:46Z
2011,REG,NE,11,00-0018584,G,Brian Waters,Brian,Waters,Knee,,Probable,Knee,,Limited Participation in Practice,2011-11-19T12:52:36Z
2011,REG,NE,11,00-0022427,WR,Wes Welker,Wes,Welker,Knee,,Probable,Knee,,Limited Participation in Practice,2011-11-19T12:52:36Z
2011,REG,NYG,11,00-0025637,RB,Ahmad Bradshaw,Ahmad,Bradshaw,Foot,,Out,Foot,,Did Not Participate In Practice,2011-11-18T10:15:58Z
2011,REG,NYG,11,00-0023593,LB,Michael Boley,Michael,Boley,Hamstring,,Doubtful,Hamstring,,Did Not Participate In Practice,2011-11-18T10:15:49Z
2011,REG,NYG,11,00-0023509,DE,Justin Tuck,Justin,Tuck,Ankle,,Questionable,Ankle,,Did Not Participate In Practice,2011-11-18T10:15:26Z
2011,REG,NYG,11,00-0027957,CB,Prince Amukamara,Prince,Amukamara,Foot,,Questionable,Foot,,Full Participation in Practice,2011-11-18T10:15:38Z
2011,REG,NYG,11,00-0028021,WR,Jerrel Jernigan,Jerrel,Jernigan,Hip,,Probable,Hip,,Full Participation in Practice,2011-11-18T10:14:35Z
2011,REG,NYG,11,00-0026235,WR,Mario Manningham,Mario,Manningham,Knee,,Probable,Knee,,Full Participation in Practice,2011-11-18T10:14:35Z
2011,REG,NYG,11,00-0025407,CB,Aaron Ross,Aaron,Ross,Quadricep,,Probable,Quadricep,,Full Participation in Practice,2011-11-18T10:14:35Z
2011,REG,NYG,11,00-0021977,DE,Osi Umenyiora,Osi,Umenyiora,Knee,,Probable,Knee,,Full Participation in Practice,2011-11-18T10:14:35Z
2011,REG,NYG,11,00-0027036,T,Will Beatty,Will,Beatty,Back,,Probable,Back,,Limited Participation in Practice,2011-11-18T10:14:35Z
2011,REG,NYJ,11,00-0028091,WR,Jeremy Kerley,Jeremy,Kerley,Knee,,Out,Knee,,Did Not Participate In Practice,2011-11-16T10:40:12Z
2011,REG,NYJ,11,00-0027088,TE,Shawn Nelson,Shawn,Nelson,Illness,,Out,Illness,,Did Not Participate In Practice,2011-11-16T10:40:22Z
2011,REG,NYJ,11,00-0020536,RB,LaDainian Tomlinson,LaDainian,Tomlinson,Knee,,Out,Knee,,Did Not Participate In Practice,2011-11-16T10:40:33Z
2011,REG,NYJ,11,00-0023469,S,Brodney Pool,Brodney,Pool,Knee,,Out,Knee,,Out (Definitely Will Not Play),2011-11-16T10:40:04Z
2011,REG,NYJ,11,00-0019642,WR,Plaxico Burress,Plaxico,Burress,Low Back,,Probable,Low Back,,Full Participation in Practice,2011-11-16T10:39:56Z
2011,REG,NYJ,11,00-0025689,DT,Mike Devito,Mike,Devito,Knee,,Probable,Knee,,Full Participation in Practice,2011-11-16T10:39:56Z
2011,REG,NYJ,11,00-0026043,DT,Marcus Dixon,Marcus,Dixon,Shoulder,,Probable,Shoulder,,Full Participation in Practice,2011-11-16T10:39:56Z
2011,REG,NYJ,11,00-0028032,DT,Kenrick Ellis,Kenrick,Ellis,Ankle,,Probable,Ankle,,Full Participation in Practice,2011-11-16T10:39:56Z
2011,REG,NYJ,11,00-0025434,LB,David Harris,David,Harris,Ankle,,Probable,Ankle,,Full Participation in Practice,2011-11-16T10:39:56Z
2011,REG,NYJ,11,00-0024240,WR,Santonio Holmes,Santonio,Holmes,Foot,,Probable,Foot,,Full Participation in Practice,2011-11-16T10:39:56Z
2011,REG,NYJ,11,00-0024244,C,Nick Mangold,Nick,Mangold,Ankle,,Probable,Ankle,,Full Participation in Practice,2011-11-16T10:39:56Z
2011,REG,NYJ,11,00-0027170,LB,Joshua Mauga,Joshua,Mauga,Low Back,,Probable,Low Back,,Full Participation in Practice,2011-11-16T10:39:56Z
2011,REG,NYJ,11,00-0027712,RB,Joe McKnight,Joe,McKnight,Toe,,Probable,Toe,,Full Participation in Practice,2011-11-16T10:39:56Z
2011,REG,NYJ,11,00-0022120,LB,Calvin Pace,Calvin,Pace,Groin,,Probable,Groin,,Full Participation in Practice,2011-11-16T10:39:56Z
2011,REG,NYJ,11,00-0025401,CB,Darrelle Revis,Darrelle,Revis,Knee,,Probable,Knee,,Full Participation in Practice,2011-11-16T10:39:56Z
2011,REG,NYJ,11,00-0026500,G,Matt Slauson,Matt,Slauson,Ankle,,Probable,Ankle,,Full Participation in Practice,2011-11-16T10:39:56Z
2011,REG,NYJ,11,00-0027915,CB,Isaiah Trufant,Isaiah,Trufant,Hamstring,,Probable,Hamstring,,Full Participation in Practice,2011-11-16T10:39:56Z
2011,REG,NYJ,11,00-0027059,WR,Patrick Turner,Patrick,Turner,Kidney,,Probable,Kidney,,Full Participation in Practice,2011-11-16T10:39:56Z
2011,REG,OAK,11,00-0028051,CB,Chimdi Chekwa,Chimdi,Chekwa,,,,Hamstring,,Limited Participation in Practice,2011-11-16T12:41:20Z
2011,REG,OAK,11,00-0023460,QB,Jason Campbell,Jason,Campbell,Collarbone,,Out,Collarbone,,Did Not Participate In Practice,2011-11-18T12:08:07Z
2011,REG,OAK,11,00-0027709,WR,Jacoby Ford,Jacoby,Ford,Foot,,Out,Foot,,Did Not Participate In Practice,2011-11-18T12:08:19Z
2011,REG,OAK,11,00-0021949,CB,Chris Johnson,Chris,Johnson,Groin,Hamstring,Out,Groin,Hamstring,Did Not Participate In Practice,2011-11-18T12:08:56Z
2011,REG,OAK,11,00-0026144,RB,Darren McFadden,Darren,McFadden,Foot,,Out,Foot,,Did Not Participate In Practice,2011-11-18T12:09:12Z
2011,REG,OAK,11,00-0024222,S,Michael Huff,Michael,Huff,Ankle,,Questionable,Ankle,,Did Not Participate In Practice,2011-11-18T12:08:38Z
2011,REG,OAK,11,00-0020442,DT,Richard Seymour,Richard,Seymour,Knee,,Questionable,Knee,,Did Not Participate In Practice,2011-11-18T12:09:44Z
2011,REG,OAK,11,00-0027023,S,Michael Mitchell,Michael,Mitchell,Ankle,,Questionable,Ankle,,Limited Participation in Practice,2011-11-18T12:09:27Z
2011,REG,OAK,11,00-0027412,RB,Manase Tonga,Manase,Tonga,Knee,,Questionable,Knee,,Limited Participation in Practice,2011-11-18T12:10:00Z
2011,REG,OAK,11,00-0028019,CB,DeMarcus Van Dyke,DeMarcus,Van Dyke,Hamstring,,Questionable,Hamstring,,Limited Participation in Practice,2011-11-18T12:10:13Z
2011,REG,OAK,11,00-0025540,TE,Kevin Boss,Kevin,Boss,Knee,,Probable,Knee,,Full Participation in Practice,2011-11-18T12:07:47Z
2011,REG,OAK,11,00-0023569,S,Matt Giordano,Matt,Giordano,Quadricep,,Probable,Quadricep,,Full Participation in Practice,2011-11-18T12:07:47Z
2011,REG,OAK,11,00-0019646,K,Sebastian Janikowski,Sebastian,Janikowski,left Hamstring,,Probable,left Hamstring,,Limited Participation in Practice,2011-11-18T12:07:47Z
2011,REG,OAK,11,00-0025447,C,Samson Satele,Samson,Satele,Knee,,Probable,Knee,,Limited Participation in Practice,2011-11-18T12:07:47Z
2011,REG,PHI,11,00-0026370,T,King Dunlap,King,Dunlap,Concussion,,Out,Concussion,,Did Not Participate In Practice,2011-11-18T10:32:19Z
2011,REG,PHI,11,00-0026156,CB,Dominique Rodgers-Cromartie,Dominique,Rodgers-Cromartie,Ankle,,Out,Ankle,,Did Not Participate In Practice,2011-11-18T10:32:28Z
2011,REG,PHI,11,00-0026995,WR,Jeremy Maclin,Jeremy,Maclin,Shoulder,Hamstring,Questionable,Shoulder,Hamstring,Did Not Participate In Practice,2011-11-18T10:32:05Z
2011,REG,PHI,11,00-0020245,QB,Michael Vick,Michael,Vick,Ribs,,Questionable,Ribs,,Did Not Participate In Practice,2011-11-18T10:31:54Z
2011,REG,PHI,11,00-0027865,DE,Brandon Graham,Brandon,Graham,Knee,,Questionable,Knee,,Full Participation in Practice,2011-11-18T10:31:43Z
2011,REG,PHI,11,00-0027652,S,Nate Allen,Nate,Allen,Concussion,,Probable,Concussion,,Full Participation in Practice,2011-11-18T10:31:25Z
2011,REG,PHI,11,00-0023514,G,Evan Mathis,Evan,Mathis,Toe,,Probable,Toe,,Full Participation in Practice,2011-11-18T10:31:25Z
2011,REG,SD,11,00-0023463,DE,Luis Castillo,Luis,Castillo,Tibia,,Out,Tibia,,Did Not Participate In Practice,2011-11-18T12:27:16Z
2011,REG,SD,11,00-0022414,WR,Malcom Floyd,Malcom,Floyd,Hip,,Out,Hip,,Did Not Participate In Practice,2011-11-18T12:27:25Z
2011,REG,SD,11,00-0024265,T,Marcus McNeill,Marcus,McNeill,Neck,,Out,Neck,,Did Not Participate In Practice,2011-11-18T12:28:15Z
2011,REG,SD,11,00-0022723,LB,Shaun Phillips,Shaun,Phillips,Foot,,Out,Foot,,Did Not Participate In Practice,2011-11-18T12:28:03Z
2011,REG,SD,11,00-0027988,CB,Marcus Gilchrist,Marcus,Gilchrist,Hamstring,,Doubtful,Hamstring,,Did Not Participate In Practice,2011-11-18T12:27:41Z
2011,REG,SD,11,00-0027097,G,Tyronne Green,Tyronne,Green,Hand,,Doubtful,Hand,,Did Not Participate In Practice,2011-11-18T12:27:55Z
2011,REG,SD,11,00-0027052,G,Louis Vasquez,Louis,Vasquez,Ankle,,Doubtful,Ankle,,Did Not Participate In Practice,2011-11-18T12:28:43Z
2011,REG,SD,11,00-0027710,S,Darrell Stuckey,Darrell,Stuckey,Thigh,,Questionable,Thigh,,Did Not Participate In Practice,2011-11-18T12:28:29Z
2011,REG,SD,11,00-0022169,DT,Antonio Garay,Antonio,Garay,Hip,,Questionable,Hip,,Full Participation in Practice,2011-11-18T12:27:33Z
2011,REG,SD,11,00-0021547,TE,Antonio Gates,Antonio,Gates,Not Injury Related,,Probable,Not Injury Related,,Full Participation in Practice,2011-11-18T12:27:05Z
2011,REG,SD,11,00-0023998,S,Steve Gregory,Steve,Gregory,Thigh,,Probable,Thigh,,Full Participation in Practice,2011-11-18T12:27:05Z
2011,REG,SD,11,00-0015474,LB,Takeo Spikes,Takeo,Spikes,Concussion,,Probable,Concussion,,Full Participation in Practice,2011-11-18T12:27:05Z
2011,REG,SEA,11,00-0027963,T,James Carpenter,James,Carpenter,Knee,,Out,Knee,,Out (Definitely Will Not Play),2011-11-18T13:15:06Z
2011,REG,SEA,11,00-0023404,S,Atari Bigby,Atari,Bigby,Hamstring,,Questionable,Hamstring,,Limited Participation in Practice,2011-11-18T13:14:58Z
2011,REG,SEA,11,00-0022753,DT,Tony Hargrove,Tony,Hargrove,Hamstring,,Questionable,Hamstring,,Limited Participation in Practice,2011-11-18T13:15:15Z
2011,REG,SEA,11,00-0028434,WR,Doug Baldwin,Doug,Baldwin,Head,,Probable,Head,,Full Participation in Practice,2011-11-18T13:14:48Z
2011,REG,SEA,11,00-0027733,S,Kam Chancellor,Kam,Chancellor,Head,,Probable,Head,,Full Participation in Practice,2011-11-18T13:14:48Z
2011,REG,SEA,11,00-0026963,TE,Cameron Morrah,Cameron,Morrah,Toe,Knee,Probable,Toe,Knee,Full Participation in Practice,2011-11-18T13:14:48Z
2011,REG,SEA,11,00-0025431,WR,Sidney Rice,Sidney,Rice,Head,,Probable,Head,,Full Participation in Practice,2011-11-18T13:14:48Z
2011,REG,SEA,11,00-0026392,LB,David Vobora,David,Vobora,Head,,Probable,Head,,Full Participation in Practice,2011-11-18T13:14:48Z
2011,REG,SEA,11,00-0024279,QB,Tarvaris Jackson,Tarvaris,Jackson,Pectoral,,Probable,Pectoral,,Limited Participation in Practice,2011-11-18T13:14:48Z
2011,REG,SF,11,00-0020535,DT,Justin Smith,Justin,Smith,,,,Not Injury Related,,Did Not Participate In Practice,2011-11-16T16:26:23Z
2011,REG,SF,11,00-0025534,CB,Tarell Brown,Tarell,Brown,Knee,,Questionable,Knee,,Limited Participation in Practice,2011-11-18T13:45:55Z
2011,REG,SF,11,00-0023500,RB,Frank Gore,Frank,Gore,Knee,,Questionable,Knee,,Limited Participation in Practice,2011-11-18T13:41:21Z
2011,REG,SF,11,00-0025484,DT,Ray McDonald,Ray,McDonald,Hamstring,,Questionable,Hamstring,,Limited Participation in Practice,2011-11-18T13:43:34Z
2011,REG,SF,11,00-0022843,CB,Shawntae Spencer,Shawntae,Spencer,Toe,,Probable,Toe,,Full Participation in Practice,2011-11-18T13:45:39Z
2011,REG,SF,11,00-0027894,LB,Navorro Bowman,Navorro,Bowman,Neck,,Probable,Neck,,Limited Participation in Practice,2011-11-18T13:44:06Z
2011,REG,SF,11,00-0026986,WR,Michael Crabtree,Michael,Crabtree,Foot,,Probable,Foot,,Limited Participation in Practice,2011-11-18T13:41:47Z
2011,REG,SF,11,00-0028018,CB,Chris Culliver,Chris,Culliver,Shoulder,,Probable,Shoulder,,Limited Participation in Practice,2011-11-18T13:45:16Z
2011,REG,SF,11,00-0023438,WR,Braylon Edwards,Braylon,Edwards,Knee,,Probable,Knee,,Limited Participation in Practice,2011-11-18T13:42:11Z
2011,REG,STL,11,00-0027854,QB,Sam Bradford,Sam,Bradford,,,,Ankle,,Full Participation in Practice,2011-11-16T13:00:33Z
2011,REG,STL,11,00-0026979,T,Jason Smith,Jason,Smith,Head,,Out,Head,,Did Not Participate In Practice,2011-11-18T11:44:01Z
2011,REG,STL,11,00-0023440,RB,Carnell Williams,Carnell,Williams,Calf,,Out,Calf,,Did Not Participate In Practice,2011-11-18T11:44:08Z
2011,REG,STL,11,00-0027912,WR,Danario Alexander,Danario,Alexander,Hamstring,,Doubtful,Hamstring,,Did Not Participate In Practice,2011-11-18T11:43:15Z
2011,REG,STL,11,00-0026241,CB,Justin King,Justin,King,Head,Ankle,Questionable,Head,Ankle,Did Not Participate In Practice,2011-11-18T11:43:28Z
2011,REG,STL,11,00-0027648,T,Rodger Saffold,Rodger,Saffold,Head,Chest,Questionable,Head,Chest,Full Participation in Practice,2011-11-18T11:44:40Z
2011,REG,STL,11,00-0026937,WR,Brandon Gibson,Brandon,Gibson,Groin,,Probable,Groin,,Full Participation in Practice,2011-11-18T11:43:04Z
2011,REG,STL,11,00-0027845,LB,Josh Hull,Josh,Hull,Hamstring,,Probable,Hamstring,,Full Participation in Practice,2011-11-18T11:43:04Z
2011,REG,STL,11,00-0026263,LB,Bryan Kehl,Bryan,Kehl,Ankle,,Probable,Ankle,,Full Participation in Practice,2011-11-18T11:43:04Z
2011,REG,STL,11,00-0027985,TE,Lance Kendricks,Lance,Kendricks,Foot,,Probable,Foot,,Full Participation in Practice,2011-11-18T11:43:04Z
2011,REG,STL,11,00-0024294,RB,Jerious Norwood,Jerious,Norwood,Hamstring,,Probable,Hamstring,,Full Participation in Practice,2011-11-18T11:43:04Z
2011,REG,STL,11,00-0027787,DE,Eugene Sims,Eugene,Sims,Shoulder,,Probable,Shoulder,,Full Participation in Practice,2011-11-18T11:43:04Z
2011,REG,STL,11,00-0027256,S,Darian Stewart,Darian,Stewart,Neck,,Probable,Neck,,Full Participation in Practice,2011-11-18T11:43:04Z
2011,REG,TB,11,00-0022157,C,Jeff Faine,Jeff,Faine,,,,Illness,,Did Not Participate In Practice,2011-11-18T11:22:37Z
2011,REG,TB,11,00-0022922,TE,Kellen Winslow,Kellen,Winslow,,,,Not Injury Related,,Did Not Participate In Practice,2011-11-17T12:50:05Z
2011,REG,TB,11,00-0027812,LB,Dekoda Watson,Dekoda,Watson,Groin,,Questionable,Groin,,Did Not Participate In Practice,2011-11-18T11:24:06Z
2011,REG,TB,11,00-0025493,S,Tanard Jackson,Tanard,Jackson,Hamstring,,Questionable,Hamstring,,Limited Participation in Practice,2011-11-18T11:23:11Z
2011,REG,TB,11,00-0021149,DE,Albert Haynesworth,Albert,Haynesworth,Knee,,Probable,Knee,,Did Not Participate In Practice,2011-11-18T11:22:42Z
2011,REG,TB,11,00-0026618,DE,Michael Bennett,Michael,Bennett,Groin,,Probable,Groin,,Full Participation in Practice,2011-11-18T11:22:42Z
2011,REG,TB,11,00-0026993,QB,Josh Freeman,Josh,Freeman,right Thumb,,Probable,right Thumb,,Full Participation in Practice,2011-11-18T11:22:42Z
2011,REG,TB,11,00-0026291,DT,Frank Okam,Frank,Okam,Calf,,Probable,Calf,,Full Participation in Practice,2011-11-18T11:22:42Z
2011,REG,TB,11,00-0023894,T,Donald Penn,Donald,Penn,Foot,,Probable,Foot,,Full Participation in Practice,2011-11-18T11:22:42Z
2011,REG,TEN,11,00-0022814,DE,Dave Ball,Dave,Ball,Concussion,,Out,Concussion,,Limited Participation in Practice,2011-11-18T11:41:33Z
2011,REG,TEN,11,00-0028047,LB,Colin McCarthy,Colin,McCarthy,Knee,,Questionable,Knee,,Did Not Participate In Practice,2011-11-18T11:41:40Z
2011,REG,TEN,11,00-0027095,LB,Gerald McRath,Gerald,McRath,Hamstring,,Questionable,Hamstring,,Full Participation in Practice,2011-11-18T11:41:46Z
2011,REG,TEN,11,00-0023471,LB,Barrett Ruud,Barrett,Ruud,Groin,,Questionable,Groin,,Full Participation in Practice,2011-11-18T11:41:52Z
2011,REG,TEN,11,00-0023367,WR,Nate Washington,Nate,Washington,Illness,,Probable,Illness,,Limited Participation in Practice,2011-11-18T11:42:05Z
2011,REG,WAS,11,00-0022697,LB,Keyaron Fox,Keyaron,Fox,Infection,,Out,Infection,,Did Not Participate In Practice,2011-11-18T10:21:02Z
2011,REG,WAS,11,00-0028093,WR,Niles Paul,Niles,Paul,Toe,,Out,Toe,,Did Not Participate In Practice,2011-11-18T10:21:51Z
2011,REG,WAS,11,00-0020494,WR,Santana Moss,Santana,Moss,Hand,,Out,Hand,,Out (Definitely Will Not Play),2011-11-18T10:20:33Z
2011,REG,WAS,11,00-0023447,T,Jammal Brown,Jammal,Brown,Groin,,Questionable,Groin,,Limited Participation in Practice,2011-11-18T10:20:45Z
2011,REG,WAS,11,00-0028155,G,Maurice Hurt,Maurice,Hurt,Knee,,Questionable,Knee,,Limited Participation in Practice,2011-11-18T10:21:28Z
2011,REG,WAS,11,00-0025393,S,LaRon Landry,LaRon,Landry,Achilles,,Questionable,Achilles,,Limited Participation in Practice,2011-11-18T10:21:41Z
2011,REG,WAS,11,00-0022855,T,Sean Locklear,Sean,Locklear,Ankle,,Questionable,Ankle,,Limited Participation in Practice,2011-11-18T10:22:12Z
2011,REG,WAS,11,00-0023501,S,Oshiomogho Atogwe,Oshiomogho,Atogwe,Toe,Knee,Probable,Toe,Knee,Full Participation in Practice,2011-11-18T10:20:25Z
2011,REG,WAS,11,00-0026262,RB,Tashard Choice,Tashard,Choice,Hamstring,,Probable,Hamstring,,Full Participation in Practice,2011-11-18T10:20:25Z
2011,REG,WAS,11,00-0024387,S,Reed Doughty,Reed,Doughty,Chest,,Probable,Chest,,Full Participation in Practice,2011-11-18T10:20:25Z
2011,REG,WAS,11,00-0027215,TE,Logan Paulsen,Logan,Paulsen,Shoulder,,Probable,Shoulder,,Full Participation in Practice,2011-11-18T10:20:25Z
2011,REG,WAS,11,00-0005322,LB,London Fletcher,London,Fletcher,Ankle,,Probable,Ankle,,Limited Participation in Practice,2011-11-18T10:20:25Z
2011,REG,ARI,12,00-0021974,T,Jeremy Bridges,Jeremy,Bridges,,,,Not Injury Related,,Did Not Participate In Practice,2011-11-23T12:39:42Z
2011,REG,ARI,12,00-0013126,LB,Joey Porter,Joey,Porter,Knee,,Out,Knee,,Did Not Participate In Practice,2011-11-25T11:50:16Z
2011,REG,ARI,12,00-0023557,S,Kerry Rhodes,Kerry,Rhodes,Foot,,Out,Foot,,Did Not Participate In Practice,2011-11-25T11:50:22Z
2011,REG,ARI,12,00-0026365,T,Brandon Keith,Brandon,Keith,Head,,Questionable,Head,,Did Not Participate In Practice,2011-11-25T11:50:49Z
2011,REG,ARI,12,00-0025668,CB,Michael Adams,Michael,Adams,Hamstring,,Questionable,Hamstring,,Limited Participation in Practice,2011-11-25T11:50:29Z
2011,REG,ARI,12,00-0020516,TE,Todd Heap,Todd,Heap,Hamstring,,Questionable,Hamstring,,Limited Participation in Practice,2011-11-25T11:50:36Z
2011,REG,ARI,12,00-0028007,TE,Rob Housler,Rob,Housler,Groin,,Questionable,Groin,,Limited Participation in Practice,2011-11-25T11:50:41Z
2011,REG,ARI,12,00-0025423,QB,Kevin Kolb,Kevin,Kolb,Toe,,Questionable,Toe,,Limited Participation in Practice,2011-11-25T11:50:58Z
2011,REG,ARI,12,00-0022930,DT,Darnell Dockett,Darnell,Dockett,Groin,,Probable,Groin,,Full Participation in Practice,2011-11-25T11:50:02Z
2011,REG,ARI,12,00-0019104,LB,Paris Lenon,Paris,Lenon,Groin,,Probable,Groin,,Full Participation in Practice,2011-11-25T11:50:02Z
2011,REG,ARI,12,00-0026956,KR,LaRod Stephens-Howling,LaRod,Stephens-Howling,Shoulder,,Probable,Shoulder,,Full Participation in Practice,2011-11-25T11:50:02Z
2011,REG,ARI,12,00-0027007,RB,Chris Wells,Chris,Wells,Knee,,Probable,Knee,,Full Participation in Practice,2011-11-25T11:50:02Z
2011,REG,ATL,12,00-0023495,CB,Kelvin Hayden,Kelvin,Hayden,Toe,,Out,Toe,,Did Not Participate In Practice,2011-11-25T11:43:56Z
2011,REG,ATL,12,00-0024183,CB,Brent Grimes,Brent,Grimes,Knee,,Questionable,Knee,,Did Not Participate In Practice,2011-11-25T11:43:33Z
2011,REG,ATL,12,00-0026161,T,Sam Baker,Sam,Baker,Back,,Questionable,Back,,Full Participation in Practice,2011-11-25T11:43:13Z
2011,REG,ATL,12,00-0026942,DT,Vance Walker,Vance,Walker,Groin,,Questionable,Groin,,Limited Participation in Practice,2011-11-25T11:44:49Z
2011,REG,ATL,12,00-0019546,DE,John Abraham,John,Abraham,Not Injury Related,,Probable,Not Injury Related,,Full Participation in Practice,2011-11-25T11:42:52Z
2011,REG,ATL,12,00-0025426,G,Justin Blalock,Justin,Blalock,Ankle,,Probable,Ankle,,Full Participation in Practice,2011-11-25T11:42:52Z
2011,REG,ATL,12,00-0006101,TE,Tony Gonzalez,Tony,Gonzalez,Not Injury Related,,Probable,Not Injury Related,,Full Participation in Practice,2011-11-25T11:42:52Z
2011,REG,ATL,12,00-0027944,WR,Julio Jones,Julio,Jones,Hamstring,,Probable,Hamstring,,Full Participation in Practice,2011-11-25T11:42:52Z
2011,REG,ATL,12,00-0026177,LB,Curtis Lofton,Curtis,Lofton,Ankle,,Probable,Ankle,,Full Participation in Practice,2011-11-25T11:42:52Z
2011,REG,ATL,12,00-0010711,C,Todd McClure,Todd,McClure,Not Injury Related,,Probable,Not Injury Related,,Full Participation in Practice,2011-11-25T11:42:52Z
2011,REG,ATL,12,00-0027031,S,William Moore,William,Moore,Quadricep,,Probable,Quadricep,,Full Participation in Practice,2011-11-25T11:42:52Z
2011,REG,ATL,12,00-0027686,DT,Corey Peters,Corey,Peters,Knee,,Probable,Knee,,Full Participation in Practice,2011-11-25T11:42:52Z
2011,REG,BAL,12,00-0027756,DT,Arthur Jones,Arthur,Jones,Head,,Out,Head,,Did Not Participate In Practice,2011-11-23T14:52:50Z
2011,REG,BAL,12,00-0028163,RB,Anthony Allen,Anthony,Allen,Thigh,,Questionable,Thigh,,Full Participation in Practice,2011-11-23T14:53:06Z
2011,REG,BAL,12,00-0023008,CB,Chris Carr,Chris,Carr,Back,,Questionable,Back,,Limited Participation in Practice,2011-11-23T14:53:32Z
2011,REG,BAL,12,00-0026857,LB,Dannell Ellerbe,Dannell,Ellerbe,Thigh,,Questionable,Thigh,,Limited Participation in Practice,2011-11-23T14:53:51Z
2011,REG,BAL,12,00-0009889,LB,Ray Lewis,Ray,Lewis,Foot,,Questionable,Foot,,Limited Participation in Practice,2011-11-23T14:54:12Z
2011,REG,BAL,12,00-0026346,S,Haruki Nakamura,Haruki,Nakamura,Thigh,,Probable,Thigh,,Full Participation in Practice,2011-11-23T14:54:31Z
2011,REG,BUF,12,00-0024204,RB,Fred Jackson,Fred,Jackson,Fibula,,Out,Fibula,,Did Not Participate In Practice,2011-11-25T09:29:26Z
2011,REG,BUF,12,00-0027518,WR,Donald Jones,Donald,Jones,Ankle,,Out,Ankle,,Did Not Participate In Practice,2011-11-25T09:29:37Z
2011,REG,BUF,12,00-0019310,K,Rian Lindell,Rian,Lindell,Shoulder,,Out,Shoulder,,Did Not Participate In Practice,2011-11-25T09:29:48Z
2011,REG,BUF,12,00-0022008,CB,Terrence McGee,Terrence,McGee,Knee,,Out,Knee,,Did Not Participate In Practice,2011-11-25T09:30:01Z
2011,REG,BUF,12,00-0027220,WR,Naaman Roosevelt,Naaman,Roosevelt,Shoulder,,Out,Shoulder,,Did Not Participate In Practice,2011-11-25T09:30:18Z
2011,REG,BUF,12,00-0022341,S,George Wilson,George,Wilson,Neck,,Out,Neck,,Did Not Participate In Practice,2011-11-25T09:30:26Z
2011,REG,BUF,12,00-0026359,T,Demetress Bell,Demetress,Bell,Shoulder,,Probable,Shoulder,,Full Participation in Practice,2011-11-25T09:29:10Z
2011,REG,BUF,12,00-0026364,WR,Steve Johnson,Steve,Johnson,Shoulder,,Probable,Shoulder,,Full Participation in Practice,2011-11-25T09:29:10Z
2011,REG,BUF,12,00-0027322,WR,David Nelson,David,Nelson,Illness,,Probable,Illness,,Full Participation in Practice,2011-11-25T09:29:10Z
2011,REG,CAR,12,00-0024382,LB,Omar Gaither,Omar,Gaither,Knee,,Doubtful,Knee,,Did Not Participate In Practice,2011-11-25T10:33:26Z
2011,REG,CAR,12,00-0025559,WR,Legedu Naanee,Legedu,Naanee,Ankle,,Questionable,Ankle,,Did Not Participate In Practice,2011-11-25T10:34:18Z
2011,REG,CAR,12,00-0026911,LB,Jason Phillips,Jason,Phillips,Calf,,Questionable,Calf,,Limited Participation in Practice,2011-11-25T10:34:43Z
2011,REG,CAR,12,00-0024303,LB,James Anderson,James,Anderson,Ankle,,Probable,Ankle,,Full Participation in Practice,2011-11-25T10:32:24Z
2011,REG,CAR,12,00-0026214,LB,Dan Connor,Dan,Connor,Shoulder,,Probable,Shoulder,,Full Participation in Practice,2011-11-25T10:32:59Z
2011,REG,CAR,12,00-0025470,DE,Charles Johnson,Charles,Johnson,Shoulder,,Probable,Shoulder,,Full Participation in Practice,2011-11-25T10:33:52Z
2011,REG,CHI,12,00-0024226,QB,Jay Cutler,Jay,Cutler,right Thumb,,Out,right Thumb,,Out (Definitely Will Not Play),2011-11-25T12:08:00Z
2011,REG,CHI,12,00-0026907,CB,D.J. Moore,D.J.,Moore,Ankle,,Doubtful,Ankle,,Did Not Participate In Practice,2011-11-25T12:08:11Z
2011,REG,CHI,12,00-0024272,WR,Devin Hester,Devin,Hester,Shin,,Probable,Shin,,Did Not Participate In Practice,2011-11-25T12:07:47Z
2011,REG,CHI,12,00-0025411,S,Brandon Meriweather,Brandon,Meriweather,Concussion,,Probable,Concussion,,Full Participation in Practice,2011-11-25T12:07:47Z
2011,REG,CIN,12,00-0027662,DE,Carlos Dunlap,Carlos,Dunlap,Hamstring,,Doubtful,Hamstring,,Did Not Participate In Practice,2011-11-25T10:27:22Z
2011,REG,CIN,12,00-0021929,TE,Donald Lee,Donald,Lee,Foot,,Doubtful,Foot,,Limited Participation in Practice,2011-11-25T10:27:33Z
2011,REG,CIN,12,00-0028004,LB,Dontay Moch,Dontay,Moch,Not Injury Related,,Probable,Not Injury Related,,Did Not Participate In Practice,2011-11-25T10:28:03Z
2011,REG,CIN,12,00-0020495,CB,Nate Clements,Nate,Clements,Knee,,Probable,Knee,,Full Participation in Practice,2011-11-25T10:24:52Z
2011,REG,CIN,12,00-0022167,S,Chris Crocker,Chris,Crocker,Knee,,Probable,Knee,,Full Participation in Practice,2011-11-25T10:24:52Z
2011,REG,CIN,12,00-0027973,QB,Andy Dalton,Andy,Dalton,right Shoulder,,Probable,right Shoulder,,Full Participation in Practice,2011-11-25T10:24:52Z
2011,REG,CIN,12,00-0027697,CB,Brandon Ghee,Brandon,Ghee,Groin,,Probable,Groin,,Full Participation in Practice,2011-11-25T10:24:52Z
2011,REG,CIN,12,00-0027942,WR,A.J. Green,A.J.,Green,Knee,,Probable,Knee,,Full Participation in Practice,2011-11-25T10:24:52Z
2011,REG,CIN,12,00-0024270,T,Andrew Whitworth,Andrew,Whitworth,Thigh,,Probable,Thigh,,Full Participation in Practice,2011-11-25T10:24:52Z
2011,REG,CIN,12,00-0027044,DE,Michael Johnson,Michael,Johnson,Shoulder,,Probable,Shoulder,,Limited Participation in Practice,2011-11-25T10:24:52Z
2011,REG,CIN,12,00-0023441,CB,Adam Jones,Adam,Jones,Groin,,Probable,Groin,,Limited Participation in Practice,2011-11-25T10:24:52Z
2011,REG,CIN,12,00-0024338,DT,Domata Peko,Domata,Peko,Foot,,Probable,Foot,,Limited Participation in Practice,2011-11-25T10:24:52Z
2011,REG,CIN,12,00-0027245,LB,Vincent Rey,Vincent,Rey,Hamstring,,Probable,Hamstring,,Limited Participation in Practice,2011-11-25T10:28:26Z
2011,REG,CLE,12,00-0028458,LB,Quinton Spears,Quinton,Spears,Hamstring,,Out,Hamstring,,Did Not Participate In Practice,2011-11-25T12:19:54Z
2011,REG,CLE,12,00-0027653,S,T.J. Ward,T.J.,Ward,Foot,Finger,Out,Foot,Finger,Did Not Participate In Practice,2011-11-25T12:20:17Z
2011,REG,CLE,12,00-0028062,RB,Owen Marecic,Owen,Marecic,Head,,Questionable,Head,,Did Not Participate In Practice,2011-11-25T12:21:25Z
2011,REG,CLE,12,00-0023893,DE,Jayme Mitchell,Jayme,Mitchell,Ankle,,Questionable,Ankle,,Did Not Participate In Practice,2011-11-25T12:21:47Z
2011,REG,CLE,12,00-0022149,T,Tony Pashos,Tony,Pashos,Ankle,,Questionable,Not Injury Related,,Did Not Participate In Practice,2011-11-25T12:22:05Z
2011,REG,CLE,12,00-0027666,RB,Montario Hardesty,Montario,Hardesty,Calf,,Questionable,Calf,,Limited Participation in Practice,2011-11-25T12:20:44Z
2011,REG,CLE,12,00-0026367,RB,Peyton Hillis,Peyton,Hillis,Hamstring,,Questionable,Hamstring,,Limited Participation in Practice,2011-11-25T12:21:02Z
2011,REG,CLE,12,00-0026084,DT,Brian Schaefering,Brian,Schaefering,Ankle,,Questionable,Ankle,,Limited Participation in Practice,2011-11-25T12:22:22Z
2011,REG,CLE,12,00-0027460,LB,Auston English,Auston,English,Knee,,Probable,Knee,,Full Participation in Practice,2011-11-25T12:22:42Z
2011,REG,CLE,12,00-0027694,G,Shawn Lauvao,Shawn,Lauvao,Knee,,Probable,Knee,,Full Participation in Practice,2011-11-25T12:22:59Z
2011,REG,CLE,12,00-0027688,QB,Colt McCoy,Colt,McCoy,right Shoulder,,Probable,right Shoulder,,Full Participation in Practice,2011-11-25T12:23:20Z
2011,REG,CLE,12,00-0027975,DE,Jabaal Sheard,Jabaal,Sheard,Thigh,,Probable,Thigh,,Full Participation in Practice,2011-11-25T12:23:39Z
2011,REG,CLE,12,00-0027204,DE,Emmanuel Stephens,Emmanuel,Stephens,Foot,,Probable,Foot,,Full Participation in Practice,2011-11-25T12:23:58Z
2011,REG,CLE,12,00-0022943,TE,Benjamin Watson,Benjamin,Watson,Elbow,,Probable,Elbow,,Full Participation in Practice,2011-11-25T12:24:13Z
2011,REG,DAL,12,00-0023921,WR,Miles Austin,Miles,Austin,Hamstring,,Out,Hamstring,,Did Not Participate In Practice,2011-11-23T11:12:42Z
2011,REG,DAL,12,00-0027093,RB,Tony Fiammetta,Tony,Fiammetta,Illness,,Out,Illness,,Did Not Participate In Practice,2011-11-23T11:12:49Z
2011,REG,DAL,12,00-0026165,CB,Mike Jenkins,Mike,Jenkins,Hamstring,,Out,Hamstring,,Did Not Participate In Practice,2011-11-23T11:12:56Z
2011,REG,DAL,12,00-0009311,QB,Jon Kitna,Jon,Kitna,Back,,Out,Back,,Did Not Participate In Practice,2011-11-23T11:13:08Z
2011,REG,DAL,12,00-0023590,S,Gerald Sensabaugh,Gerald,Sensabaugh,Foot,,Questionable,Foot,,Did Not Participate In Practice,2011-11-23T11:13:21Z
2011,REG,DAL,12,00-0026162,RB,Felix Jones,Felix,Jones,Ankle,,Questionable,Ankle,,Limited Participation in Practice,2011-11-23T11:13:02Z
2011,REG,DAL,12,00-0021348,G,Kyle Kosier,Kyle,Kosier,Foot,,Questionable,Foot,,Limited Participation in Practice,2011-11-23T11:13:14Z
2011,REG,DAL,12,00-0027663,LB,Sean Lee,Sean,Lee,Wrist,,Probable,Wrist,,Full Participation in Practice,2011-11-23T11:12:26Z
2011,REG,DAL,12,00-0021488,P,Mat McBriar,Mat,McBriar,left Foot,,Probable,left Foot,,Full Participation in Practice,2011-11-23T11:12:26Z
2011,REG,DEN,12,00-0027083,S,David Bruton,David,Bruton,Achilles,,Probable,Achilles,,Full Participation in Practice,2011-11-25T12:33:01Z
2011,REG,DEN,12,00-0004073,S,Brian Dawkins,Brian,Dawkins,Ankle,,Probable,Ankle,,Full Participation in Practice,2011-11-25T12:33:01Z
2011,REG,DEN,12,00-0023752,TE,Daniel Fells,Daniel,Fells,Concussion,,Probable,Concussion,,Full Participation in Practice,2011-11-25T12:33:01Z
2011,REG,DEN,12,00-0022178,RB,Willis McGahee,Willis,McGahee,Hand,,Probable,Hand,,Full Participation in Practice,2011-11-25T12:33:01Z
2011,REG,DEN,12,00-0028067,TE,Julius Thomas,Julius,Thomas,Ankle,,Probable,Ankle,,Full Participation in Practice,2011-11-25T12:33:01Z
2011,REG,DEN,12,00-0027290,CB,Cassius Vaughn,Cassius,Vaughn,Hamstring,,Probable,Hamstring,,Full Participation in Practice,2011-11-25T12:33:01Z
2011,REG,DET,12,00-0027880,RB,Jahvid Best,Jahvid,Best,Concussion,,Out,Concussion,,Did Not Participate In Practice,2011-11-23T12:50:19Z
2011,REG,DET,12,00-0028625,P,Ryan Donahue,Ryan,Donahue,right Quadricep,,Out,right Quadricep,,Did Not Participate In Practice,2011-11-23T12:50:32Z
2011,REG,DET,12,00-0026168,DE,Lawrence Jackson,Lawrence,Jackson,Thigh,,Doubtful,Thigh,,Did Not Participate In Practice,2011-11-23T12:50:40Z
2011,REG,DET,12,00-0022906,DT,Corey Williams,Corey,Williams,Calf,,Questionable,Calf,,Limited Participation in Practice,2011-11-23T12:50:50Z
2011,REG,DET,12,00-0027808,DE,Willie Young,Willie,Young,Ankle,,Questionable,Ankle,,Limited Participation in Practice,2011-11-23T12:50:57Z
2011,REG,DET,12,00-0021182,RB,Maurice Morris,Maurice,Morris,Ankle,,Probable,Ankle,,Full Participation in Practice,2011-11-23T12:48:39Z
2011,REG,DET,12,00-0026498,QB,Matthew Stafford,Matthew,Stafford,right Finger,,Probable,right Finger,,Full Participation in Practice,2011-11-23T12:48:39Z
2011,REG,DET,12,00-0023429,WR,Rashied Davis,Rashied,Davis,Hamstring,,Probable,Hamstring,,Limited Participation in Practice,2011-11-23T12:48:39Z
2011,REG,DET,12,00-0023614,S,Chris Harris,Chris,Harris,Ankle,,Probable,Ankle,,Limited Participation in Practice,2011-11-23T12:48:39Z
2011,REG,DET,12,00-0025389,WR,Calvin Johnson,Calvin,Johnson,Ankle,,Probable,Ankle,,Limited Participation in Practice,2011-11-23T12:48:39Z
2011,REG,DET,12,00-0027050,LB,DeAndre Levy,DeAndre,Levy,Elbow,,Probable,Elbow,,Limited Participation in Practice,2011-11-23T12:48:39Z
2011,REG,DET,12,00-0027671,S,Amari Spievey,Amari,Spievey,Toe,,Probable,Toe,,Limited Participation in Practice,2011-11-23T12:48:39Z
2011,REG,DET,12,00-0024305,WR,Maurice Stovall,Maurice,Stovall,Shoulder,,Probable,Shoulder,,Limited Participation in Practice,2011-11-23T12:48:39Z
2011,REG,GB,12,00-0019702,T,Chad Clifton,Chad,Clifton,Hamstring,,Out,Hamstring,,Out (Definitely Will Not Play),2011-11-23T10:16:05Z
2011,REG,GB,12,00-0027791,RB,James Starks,James,Starks,Knee,Ankle,Questionable,Knee,Ankle,Limited Participation in Practice,2011-11-23T10:16:15Z
2011,REG,GB,12,00-0024267,WR,Greg Jennings,Greg,Jennings,Knee,,Probable,Knee,,Full Participation in Practice,2011-11-23T10:15:56Z
2011,REG,GB,12,00-0027002,LB,Clay Matthews,Clay,Matthews,Ankle,,Probable,Ankle,,Full Participation in Practice,2011-11-23T10:15:56Z
2011,REG,GB,12,00-0027768,T,Marshall Newhouse,Marshall,Newhouse,Knee,,Probable,Knee,,Full Participation in Practice,2011-11-23T10:15:56Z
2011,REG,GB,12,00-0027442,LB,Frank Zombo,Frank,Zombo,Hamstring,,Probable,Hamstring,,Full Participation in Practice,2011-11-23T10:15:56Z
2011,REG,GB,12,00-0025579,LB,Desmond Bishop,Desmond,Bishop,Calf,,Probable,Calf,,Limited Participation in Practice,2011-11-23T10:15:56Z
2011,REG,GB,12,00-0026275,G,Josh Sitton,Josh,Sitton,Knee,,Probable,Knee,,Limited Participation in Practice,2011-11-23T10:15:56Z
2011,REG,HOU,12,00-0027718,TE,Garrett Graham,Garrett,Graham,Hamstring,,Doubtful,Hamstring,,Did Not Participate In Practice,2011-11-25T10:58:55Z
2011,REG,HOU,12,00-0023219,DE,Tim Bulman,Tim,Bulman,Calf,,Questionable,Calf,,Did Not Participate In Practice,2011-11-25T10:56:26Z
2011,REG,HOU,12,00-0024394,RB,Lawrence Vickers,Lawrence,Vickers,Hamstring,,Questionable,Hamstring,,Did Not Participate In Practice,2011-11-25T10:58:43Z
2011,REG,HOU,12,00-0024231,CB,Jason Allen,Jason,Allen,Knee,,Probable,Knee,,Full Participation in Practice,2011-11-25T10:56:07Z
2011,REG,HOU,12,00-0028536,LB,Bryan Braman,Bryan,Braman,Thigh,,Probable,Thigh,,Full Participation in Practice,2011-11-25T10:56:07Z
2011,REG,HOU,12,00-0027109,RB,James Casey,James,Casey,Chest,,Probable,Chest,,Full Participation in Practice,2011-11-25T10:56:07Z
2011,REG,HOU,12,00-0024313,TE,Owen Daniels,Owen,Daniels,Knee,,Probable,Knee,,Full Participation in Practice,2011-11-25T10:56:07Z
2011,REG,HOU,12,00-0024365,LB,Tim Dobbins,Tim,Dobbins,Hamstring,,Probable,Hamstring,,Full Participation in Practice,2011-11-25T10:58:26Z
2011,REG,HOU,12,00-0022044,WR,Andre Johnson,Andre,Johnson,Hamstring,,Probable,Hamstring,,Full Participation in Practice,2011-11-25T10:56:07Z
2011,REG,HOU,12,00-0027684,DT,Earl Mitchell,Earl,Mitchell,Ankle,,Probable,Ankle,,Full Participation in Practice,2011-11-25T10:56:07Z
2011,REG,HOU,12,00-0026417,DE,Jesse Nading,Jesse,Nading,Shoulder,Hip,Probable,Shoulder,Hip,Full Participation in Practice,2011-11-25T10:56:07Z
2011,REG,HOU,12,00-0024248,LB,DeMeco Ryans,DeMeco,Ryans,Shoulder,,Probable,Shoulder,,Full Participation in Practice,2011-11-25T10:56:07Z
2011,REG,HOU,12,00-0028533,LB,Mister Alexander,Mister,Alexander,Shoulders,,Probable,Shoulders,,Limited Participation in Practice,2011-11-25T10:56:07Z
2011,REG,HOU,12,00-0024257,S,Danieal Manning,Danieal,Manning,Ankle,,Probable,Ankle,,Limited Participation in Practice,2011-11-25T10:56:07Z
2011,REG,HOU,12,00-0022793,DE,Antonio Smith,Antonio,Smith,Shoulder,,Probable,Shoulder,,Limited Participation in Practice,2011-11-25T10:56:07Z
2011,REG,IND,12,00-0021146,DE,Dwight Freeney,Dwight,Freeney,,,,Not Injury Related,,Full Participation in Practice,2011-11-25T11:50:48Z
2011,REG,IND,12,00-0022059,DE,Robert Mathis,Robert,Mathis,,,,Not Injury Related,,Full Participation in Practice,2011-11-25T11:52:08Z
2011,REG,IND,12,00-0022165,TE,Dallas Clark,Dallas,Clark,Fibula,,Out,Fibula,,Out (Definitely Will Not Play),2011-11-25T11:54:36Z
2011,REG,IND,12,00-0010346,QB,Peyton Manning,Peyton,Manning,Neck,,Out,Neck,,Out (Definitely Will Not Play),2011-11-25T11:55:40Z
2011,REG,IND,12,00-0026408,G,Joe Reitz,Joe,Reitz,Knee,,Doubtful,Knee,,Did Not Participate In Practice,2011-11-25T11:56:46Z
2011,REG,IND,12,00-0027761,TE,Brody Eldridge,Brody,Eldridge,Hand,,Questionable,Hand,,Did Not Participate In Practice,2011-11-25T11:54:48Z
2011,REG,IND,12,00-0028653,LB,Adrian Moten,Adrian,Moten,Not Injury Related,,Questionable,Not Injury Related,,Did Not Participate In Practice,2011-11-25T11:56:10Z
2011,REG,IND,12,00-0028025,DT,Drake Nevis,Drake,Nevis,Back,,Questionable,Back,,Did Not Participate In Practice,2011-11-25T11:56:25Z
2011,REG,IND,12,00-0024245,RB,Joseph Addai,Joseph,Addai,Hamstring,,Questionable,Hamstring,,Full Participation in Practice,2011-11-25T11:54:12Z
2011,REG,IND,12,00-0027842,CB,Stevie Brown,Stevie,Brown,Hamstring,,Questionable,Hamstring,,Full Participation in Practice,2011-11-25T11:54:24Z
2011,REG,IND,12,00-0027233,CB,Terrence Johnson,Terrence,Johnson,Ankle,,Questionable,Ankle,,Full Participation in Practice,2011-11-25T11:55:26Z
2011,REG,IND,12,00-0025419,WR,Anthony Gonzalez,Anthony,Gonzalez,Groin,,Questionable,Groin,,Limited Participation in Practice,2011-11-25T11:55:17Z
2011,REG,JAX,12,00-0027047,CB,Derek Cox,Derek,Cox,,,,Knee,,Did Not Participate In Practice,2011-11-25T10:56:20Z
2011,REG,JAX,12,00-0027862,DT,Tyson Alualu,Tyson,Alualu,,,,Not Injury Related,,Full Participation in Practice,2011-11-24T10:12:58Z
2011,REG,JAX,12,00-0022897,RB,Greg Jones,Greg,Jones,,,,Not Injury Related,,Full Participation in Practice,2011-11-24T10:13:20Z
2011,REG,JAX,12,00-0024275,RB,Maurice Jones-Drew,Maurice,Jones-Drew,,,,Not Injury Related,,Full Participation in Practice,2011-11-24T10:13:26Z
2011,REG,JAX,12,00-0027046,DT,Terrance Knighton,Terrance,Knighton,Ankle,,Out,Ankle,,Did Not Participate In Practice,2011-11-25T10:57:51Z
2011,REG,JAX,12,00-0023481,DE,Matt Roth,Matt,Roth,Concussion,,Out,Concussion,,Did Not Participate In Practice,2011-11-25T10:58:10Z
2011,REG,JAX,12,00-0021269,DE,Aaron Kampman,Aaron,Kampman,Hamstring,,Questionable,Hamstring,,Limited Participation in Practice,2011-11-25T10:57:42Z
2011,REG,JAX,12,00-0026607,RB,Brock Bolen,Brock,Bolen,Calf,,Probable,Calf,,Full Participation in Practice,2011-11-25T10:57:12Z
2011,REG,JAX,12,00-0024058,DE,John Chick,John,Chick,Abdomen,,Probable,Abdomen,,Full Participation in Practice,2011-11-25T10:57:12Z
2011,REG,JAX,12,00-0027012,WR,Brian Robiskie,Brian,Robiskie,Hamstring,,Probable,Hamstring,,Full Participation in Practice,2011-11-25T10:57:12Z
2011,REG,JAX,12,00-0028052,WR,Cecil Shorts,Cecil,Shorts,Hamstring,,Probable,Hamstring,,Full Participation in Practice,2011-11-25T10:57:12Z
2011,REG,JAX,12,00-0024344,T,Guy Whimper,Guy,Whimper,Thigh,,Probable,Thigh,,Full Participation in Practice,2011-11-25T10:57:12Z
2011,REG,KC,12,00-0022350,G,Ryan Lilja,Ryan,Lilja,Head,,Out,Head,,Out (Definitely Will Not Play),2011-11-25T13:52:40Z
2011,REG,KC,12,00-0026145,DE,Glenn Dorsey,Glenn,Dorsey,Knee,,Questionable,Knee,,Full Participation in Practice,2011-11-25T13:52:03Z
2011,REG,KC,12,00-0021187,S,Jon McGraw,Jon,McGraw,Shoulder,,Questionable,Shoulder,,Full Participation in Practice,2011-11-25T13:52:22Z
2011,REG,KC,12,00-0022707,LB,Demorrio Williams,Demorrio,Williams,Groin,,Questionable,Groin,,Full Participation in Practice,2011-11-25T13:51:34Z
2011,REG,MIA,12,00-0026003,K,Dan Carpenter,Dan,Carpenter,right Groin,,Out,right Groin,,Did Not Participate In Practice,2011-11-23T09:47:25Z
2011,REG,MIA,12,00-0024266,C,Ryan Cook,Ryan,Cook,Back,,Questionable,Back,,Limited Participation in Practice,2011-11-23T09:47:33Z
2011,REG,MIA,12,00-0022915,DE,Igor Olshansky,Igor,Olshansky,Calf,,Questionable,Calf,,Limited Participation in Practice,2011-11-23T09:47:38Z
2011,REG,MIN,12,00-0025940,S,Husain Abdullah,Husain,Abdullah,Concussion,,Out,Concussion,,Did Not Participate In Practice,2011-11-25T11:41:56Z
2011,REG,MIN,12,00-0022266,G,Anthony Herrera,Anthony,Herrera,Knee,,Out,Knee,,Limited Participation in Practice,2011-11-25T11:42:10Z
2011,REG,MIN,12,00-0027649,CB,Chris Cook,Chris,Cook,Not Injury Related,,Out,Not Injury Related,,Out (Definitely Will Not Play),2011-11-25T11:38:55Z
2011,REG,MIN,12,00-0025394,RB,Adrian Peterson,Adrian,Peterson,Ankle,,Doubtful,Ankle,,Did Not Participate In Practice,2011-11-25T11:42:20Z
2011,REG,MIN,12,00-0027981,TE,Kyle Rudolph,Kyle,Rudolph,Quadricep,,Doubtful,Quadricep,,Did Not Participate In Practice,2011-11-25T11:57:41Z
2011,REG,MIN,12,00-0026998,WR,Percy Harvin,Percy,Harvin,Ribs,,Questionable,Ribs,,Limited Participation in Practice,2011-11-25T11:58:03Z
2011,REG,MIN,12,00-0022054,TE,Visanthe Shiancoe,Visanthe,Shiancoe,Hamstring,,Questionable,Hamstring,,Limited Participation in Practice,2011-11-25T11:57:53Z
2011,REG,MIN,12,00-0028044,DT,Christian Ballard,Christian,Ballard,Hamstring,,Probable,Hamstring,,Full Participation in Practice,2011-11-25T11:38:45Z
2011,REG,MIN,12,00-0025945,LB,Erin Henderson,Erin,Henderson,Hamstring,,Probable,Hamstring,,Full Participation in Practice,2011-11-25T11:38:45Z
2011,REG,MIN,12,00-0024413,T,Charlie Johnson,Charlie,Johnson,Achilles,,Probable,Achilles,,Full Participation in Practice,2011-11-25T11:38:45Z
2011,REG,MIN,12,00-0027950,QB,Christian Ponder,Christian,Ponder,Knee,,Probable,Knee,,Full Participation in Practice,2011-11-25T11:38:45Z
2011,REG,MIN,12,00-0026952,S,Jamarca Sanford,Jamarca,Sanford,Shoulder,,Probable,Shoulder,,Full Participation in Practice,2011-11-25T11:38:45Z
2011,REG,NE,12,00-0028251,LB,Jeff Tarpinian,Jeff,Tarpinian,,,,Illness,,Did Not Participate In Practice,2011-11-24T12:04:34Z
2011,REG,NE,12,00-0027237,LB,Dane Fletcher,Dane,Fletcher,Thumb,,Out,Thumb,,Did Not Participate In Practice,2011-11-25T12:48:01Z
2011,REG,NE,12,00-0027668,LB,Brandon Spikes,Brandon,Spikes,Knee,,Out,Knee,,Did Not Participate In Practice,2011-11-25T12:49:05Z
2011,REG,NE,12,00-0020397,WR,Chad Johnson,Chad,Johnson,Hamstring,,Questionable,Hamstring,,Did Not Participate In Practice,2011-11-25T12:49:44Z
2011,REG,NE,12,00-0021192,WR,Deion Branch,Deion,Branch,Hip,,Questionable,Hip,,Limited Participation in Practice,2011-11-25T12:47:33Z
2011,REG,NE,12,00-0027010,S,Patrick Chung,Patrick,Chung,Foot,,Questionable,Foot,,Limited Participation in Practice,2011-11-25T12:47:43Z
2011,REG,NE,12,00-0022979,G,Dan Connolly,Dan,Connolly,Groin,,Questionable,Groin,,Limited Participation in Practice,2011-11-25T12:47:50Z
2011,REG,NE,12,00-0025821,LB,Gary Guyton,Gary,Guyton,Shoulder,,Questionable,Shoulder,,Limited Participation in Practice,2011-11-25T12:48:10Z
2011,REG,NE,12,00-0025753,S,James Ihedigbo,James,Ihedigbo,Shoulder,,Questionable,Shoulder,,Limited Participation in Practice,2011-11-25T12:48:17Z
2011,REG,NE,12,00-0020543,T,Matt Light,Matt,Light,Ankle,,Questionable,Ankle,,Limited Participation in Practice,2011-11-25T12:48:25Z
2011,REG,NE,12,00-0027647,CB,Devin McCourty,Devin,McCourty,Shoulder,,Questionable,Shoulder,,Limited Participation in Practice,2011-11-25T12:48:32Z
2011,REG,NE,12,00-0027693,WR,Taylor Price,Taylor,Price,Hamstring,,Questionable,Hamstring,,Limited Participation in Practice,2011-11-25T12:48:42Z
2011,REG,NE,12,00-0026293,WR,Matt Slater,Matt,Slater,Shoulder,,Questionable,Shoulder,,Limited Participation in Practice,2011-11-25T12:48:57Z
2011,REG,NE,12,00-0027034,T,Sebastian Vollmer,Sebastian,Vollmer,Back,,Questionable,Back,,Limited Participation in Practice,2011-11-25T12:49:24Z
2011,REG,NE,12,00-0018584,G,Brian Waters,Brian,Waters,Knee,,Probable,Knee,,Limited Participation in Practice,2011-11-25T12:47:12Z
2011,REG,NE,12,00-0022427,WR,Wes Welker,Wes,Welker,Knee,,Probable,Knee,,Limited Participation in Practice,2011-11-25T12:47:12Z
2011,REG,NO,12,00-0025441,DE,Turk McBride,Turk,McBride,Ankle,,Out,Ankle,,Did Not Participate In Practice,2011-11-26T11:26:04Z
2011,REG,NO,12,00-0022778,LB,Jonathan Vilma,Jonathan,Vilma,Knee,,Questionable,Knee,,Did Not Participate In Practice,2011-11-26T11:26:11Z
2011,REG,NO,12,00-0027962,DE,Cameron Jordan,Cameron,Jordan,Hand,,Probable,Hand,,Full Participation in Practice,2011-11-26T11:25:54Z
2011,REG,NO,12,00-0027882,CB,Patrick Robinson,Patrick,Robinson,Stomach,,Probable,Stomach,,Full Participation in Practice,2011-11-26T11:26:29Z
2011,REG,NYG,12,00-0025637,RB,Ahmad Bradshaw,Ahmad,Bradshaw,Foot,,Out,Foot,,Did Not Participate In Practice,2011-11-26T10:05:21Z
2011,REG,NYG,12,00-0024422,S,Derrick Martin,Derrick,Martin,Hamstring,,Out,Hamstring,,Did Not Participate In Practice,2011-11-26T10:05:45Z
2011,REG,NYG,12,00-0027036,T,Will Beatty,Will,Beatty,Eye,Back,Out,Eye,Back,Out (Definitely Will Not Play),2011-11-26T10:05:04Z
2011,REG,NYG,12,00-0023593,LB,Michael Boley,Michael,Boley,Hamstring,,Doubtful,Hamstring,,Did Not Participate In Practice,2011-11-26T10:05:12Z
2011,REG,NYG,12,00-0022725,WR,Michael Clayton,Michael,Clayton,Knee,,Questionable,Knee,,Did Not Participate In Practice,2011-11-26T10:04:55Z
2011,REG,NYG,12,00-0026235,WR,Mario Manningham,Mario,Manningham,Knee,,Questionable,Knee,,Did Not Participate In Practice,2011-11-26T10:05:36Z
2011,REG,NYG,12,00-0021977,DE,Osi Umenyiora,Osi,Umenyiora,Knee,,Probable,Knee,,Full Participation in Practice,2011-11-26T10:04:34Z
2011,REG,NYG,12,00-0024559,RB,Danny Ware,Danny,Ware,Concussion,,Probable,Concussion,,Full Participation in Practice,2011-11-26T10:04:34Z
2011,REG,NYG,12,00-0020463,T,Kareem McKenzie,Kareem,McKenzie,Toe,,Probable,Toe,,Limited Participation in Practice,2011-11-26T10:04:34Z
2011,REG,NYG,12,00-0023509,DE,Justin Tuck,Justin,Tuck,Ankle,Shoulder,Probable,Ankle,Shoulder,Limited Participation in Practice,2011-11-26T10:04:34Z
2011,REG,NYJ,12,00-0028091,KR,Jeremy Kerley,Jeremy,Kerley,Knee,,Questionable,Knee,,Did Not Participate In Practice,2011-11-25T10:45:28Z
2011,REG,NYJ,12,00-0020536,RB,LaDainian Tomlinson,LaDainian,Tomlinson,Knee,,Questionable,Knee,,Did Not Participate In Practice,2011-11-25T10:45:22Z
2011,REG,NYJ,12,00-0025689,DT,Mike Devito,Mike,Devito,Knee,,Probable,Knee,,Full Participation in Practice,2011-11-25T10:44:56Z
2011,REG,NYJ,12,00-0026043,DT,Marcus Dixon,Marcus,Dixon,Shoulder,,Probable,Shoulder,,Full Participation in Practice,2011-11-25T10:44:56Z
2011,REG,NYJ,12,00-0028032,DT,Kenrick Ellis,Kenrick,Ellis,Ankle,,Probable,Ankle,,Full Participation in Practice,2011-11-25T10:44:56Z
2011,REG,NYJ,12,00-0024219,T,D'Brickashaw Ferguson,D'Brickashaw,Ferguson,Ankle,,Probable,Ankle,,Full Participation in Practice,2011-11-25T10:45:14Z
2011,REG,NYJ,12,00-0026899,RB,Shonn Greene,Shonn,Greene,Rib,,Probable,Rib,,Full Participation in Practice,2011-11-25T10:44:56Z
2011,REG,NYJ,12,00-0025434,LB,David Harris,David,Harris,Groin,,Probable,Groin,,Full Participation in Practice,2011-11-25T10:44:56Z
2011,REG,NYJ,12,00-0022000,T,Wayne Hunter,Wayne,Hunter,Hamstring,,Probable,Hamstring,,Full Participation in Practice,2011-11-25T10:44:56Z
2011,REG,NYJ,12,00-0024244,C,Nick Mangold,Nick,Mangold,Ankle,,Probable,Ankle,,Full Participation in Practice,2011-11-25T10:44:56Z
2011,REG,NYJ,12,00-0026008,TE,Matthew Mulligan,Matthew,Mulligan,Hip,,Probable,Hip,,Full Participation in Practice,2011-11-25T10:44:56Z
2011,REG,NYJ,12,00-0022120,LB,Calvin Pace,Calvin,Pace,Groin,,Probable,Groin,,Full Participation in Practice,2011-11-25T10:44:56Z
2011,REG,NYJ,12,00-0023469,S,Brodney Pool,Brodney,Pool,Knee,,Probable,Knee,,Full Participation in Practice,2011-11-25T10:44:56Z
2011,REG,NYJ,12,00-0028064,RB,Bilal Powell,Bilal,Powell,Illness,,Probable,Illness,,Full Participation in Practice,2011-11-25T10:44:56Z
2011,REG,NYJ,12,00-0026898,QB,Mark Sanchez,Mark,Sanchez,Neck,,Probable,Neck,,Full Participation in Practice,2011-11-25T10:44:56Z
2011,REG,NYJ,12,00-0026500,G,Matt Slauson,Matt,Slauson,Knee,,Probable,Knee,,Full Participation in Practice,2011-11-25T10:44:56Z
2011,REG,OAK,12,00-0020438,WR,T.J. Houshmandzadeh,T.J.,Houshmandzadeh,,,,Not Injury Related,,Did Not Participate In Practice,2011-11-23T12:59:39Z
2011,REG,OAK,12,00-0023460,QB,Jason Campbell,Jason,Campbell,Collarbone,,Out,Collarbone,,Did Not Participate In Practice,2011-11-25T13:21:56Z
2011,REG,OAK,12,00-0027709,WR,Jacoby Ford,Jacoby,Ford,Foot,,Out,Foot,,Did Not Participate In Practice,2011-11-25T13:22:12Z
2011,REG,OAK,12,00-0026144,RB,Darren McFadden,Darren,McFadden,Foot,,Out,Foot,,Did Not Participate In Practice,2011-11-25T13:23:28Z
2011,REG,OAK,12,00-0025404,DE,Jarvis Moss,Jarvis,Moss,Hamstring,,Out,Hamstring,,Did Not Participate In Practice,2011-11-25T13:24:16Z
2011,REG,OAK,12,00-0028063,RB,Taiwan Jones,Taiwan,Jones,Hamstring,,Questionable,Hamstring,,Did Not Participate In Practice,2011-11-25T13:23:21Z
2011,REG,OAK,12,00-0028086,WR,Denarius Moore,Denarius,Moore,Foot,,Questionable,Foot,,Did Not Participate In Practice,2011-11-25T13:24:06Z
2011,REG,OAK,12,00-0026983,WR,Darrius Heyward-Bey,Darrius,Heyward-Bey,Neck,,Questionable,Neck,,Limited Participation in Practice,2011-11-25T13:22:29Z
2011,REG,OAK,12,00-0027657,DE,Lamarr Houston,Lamarr,Houston,Knee,,Questionable,Knee,,Limited Participation in Practice,2011-11-25T13:22:46Z
2011,REG,OAK,12,00-0024222,S,Michael Huff,Michael,Huff,Ankle,,Questionable,Ankle,,Limited Participation in Practice,2011-11-25T13:22:58Z
2011,REG,OAK,12,00-0021949,CB,Chris Johnson,Chris,Johnson,Hamstring,Groin,Questionable,Hamstring,Groin,Limited Participation in Practice,2011-11-25T13:23:09Z
2011,REG,OAK,12,00-0027023,S,Michael Mitchell,Michael,Mitchell,Ankle,,Questionable,Ankle,,Limited Participation in Practice,2011-11-25T13:23:45Z
2011,REG,OAK,12,00-0020442,DT,Richard Seymour,Richard,Seymour,Knee,,Questionable,Knee,,Limited Participation in Practice,2011-11-25T13:24:38Z
2011,REG,OAK,12,00-0027412,RB,Manase Tonga,Manase,Tonga,Knee,,Questionable,Knee,,Limited Participation in Practice,2011-11-25T13:24:48Z
2011,REG,OAK,12,00-0025447,C,Samson Satele,Samson,Satele,Concussion,,Probable,Concussion,,Full Participation in Practice,2011-11-25T13:21:45Z
2011,REG,PHI,12,00-0027865,DE,Brandon Graham,Brandon,Graham,,,,Knee,,Full Participation in Practice,2011-11-23T12:50:23Z
2011,REG,PHI,12,00-0026370,T,King Dunlap,King,Dunlap,Concussion,,Out,Concussion,,Did Not Participate In Practice,2011-11-25T11:33:26Z
2011,REG,PHI,12,00-0026995,WR,Jeremy Maclin,Jeremy,Maclin,Hamstring,Shoulder,Doubtful,Hamstring,Shoulder,Did Not Participate In Practice,2011-11-25T11:33:40Z
2011,REG,PHI,12,00-0022077,CB,Nnamdi Asomugha,Nnamdi,Asomugha,Knee,,Questionable,Knee,,Did Not Participate In Practice,2011-11-25T11:33:49Z
2011,REG,PHI,12,00-0020245,QB,Michael Vick,Michael,Vick,Ribs,,Questionable,Ribs,,Did Not Participate In Practice,2011-11-25T11:33:57Z
2011,REG,PHI,12,00-0026156,CB,Dominique Rodgers-Cromartie,Dominique,Rodgers-Cromartie,Ankle,,Questionable,Ankle,,Limited Participation in Practice,2011-11-25T11:34:05Z
2011,REG,PHI,12,00-0026189,WR,DeSean Jackson,DeSean,Jackson,Foot,,Probable,Foot,,Limited Participation in Practice,2011-11-25T11:33:13Z
2011,REG,PIT,12,00-0027765,LB,Stevenson Sylvester,Stevenson,Sylvester,Calf,,Questionable,Calf,,Did Not Participate In Practice,2011-11-25T10:03:39Z
2011,REG,PIT,12,00-0022064,WR,Arnaz Battle,Arnaz,Battle,Hamstring,,Questionable,Hamstring,,Limited Participation in Practice,2011-11-25T10:03:22Z
2011,REG,PIT,12,00-0025433,LB,LaMarr Woodley,LaMarr,Woodley,Hamstring,,Questionable,Hamstring,,Limited Participation in Practice,2011-11-25T10:03:48Z
2011,REG,PIT,12,00-0022119,S,Troy Polamalu,Troy,Polamalu,Ribs,,Probable,Ribs,,Full Participation in Practice,2011-11-25T10:03:12Z
2011,REG,PIT,12,00-0022924,QB,Ben Roethlisberger,Ben,Roethlisberger,right Thumb,,Probable,right Thumb,,Full Participation in Practice,2011-11-25T10:03:12Z
2011,REG,PIT,12,00-0027685,WR,Emmanuel Sanders,Emmanuel,Sanders,Knee,,Probable,Knee,,Full Participation in Practice,2011-11-25T10:03:12Z
2011,REG,PIT,12,00-0020712,LB,James Harrison,James,Harrison,Back,,Probable,Back,,Limited Participation in Practice,2011-11-25T10:04:29Z
2011,REG,SD,12,00-0023674,C,Scott Mruczkowski,Scott,Mruczkowski,,,,Concussion,,Out (Definitely Will Not Play),2011-11-24T12:51:00Z
2011,REG,SD,12,00-0023463,DE,Luis Castillo,Luis,Castillo,Tibia,,Out,Tibia,,Did Not Participate In Practice,2011-11-25T13:39:15Z
2011,REG,SD,12,00-0022414,WR,Malcom Floyd,Malcom,Floyd,Hip,,Out,Hip,,Did Not Participate In Practice,2011-11-25T13:39:26Z
2011,REG,SD,12,00-0024265,T,Marcus McNeill,Marcus,McNeill,Neck,,Out,Neck,,Did Not Participate In Practice,2011-11-25T13:40:04Z
2011,REG,SD,12,00-0027097,G,Tyronne Green,Tyronne,Green,Hand,,Doubtful,Hand,,Did Not Participate In Practice,2011-11-25T13:39:51Z
2011,REG,SD,12,00-0027052,G,Louis Vasquez,Louis,Vasquez,Ankle,,Doubtful,Ankle,,Did Not Participate In Practice,2011-11-25T13:40:24Z
2011,REG,SD,12,00-0027988,CB,Marcus Gilchrist,Marcus,Gilchrist,Hamstring,,Questionable,Hamstring,,Full Participation in Practice,2011-11-25T13:39:38Z
2011,REG,SD,12,00-0022723,LB,Shaun Phillips,Shaun,Phillips,Foot,,Questionable,Foot,,Full Participation in Practice,2011-11-25T13:40:16Z
2011,REG,SD,12,00-0028575,LB,Bront Bird,Bront,Bird,Ankle,,Probable,Ankle,,Full Participation in Practice,2011-11-25T13:39:06Z
2011,REG,SD,12,00-0021542,DE,Jacques Cesaire,Jacques,Cesaire,Knee,,Probable,Knee,,Full Participation in Practice,2011-11-25T13:39:06Z
2011,REG,SD,12,00-0021547,TE,Antonio Gates,Antonio,Gates,Not Injury Related,,Probable,Not Injury Related,,Full Participation in Practice,2011-11-25T13:39:06Z
2011,REG,SD,12,00-0027864,RB,Ryan Mathews,Ryan,Mathews,Knee,,Probable,Knee,,Full Participation in Practice,2011-11-25T13:39:06Z
2011,REG,SEA,12,00-0025420,DT,Alan Branch,Alan,Branch,Ankle,,Questionable,Ankle,,Did Not Participate In Practice,2011-11-25T13:25:25Z
2011,REG,SEA,12,00-0028111,CB,Byron Maxwell,Byron,Maxwell,Ankle,,Questionable,Ankle,,Did Not Participate In Practice,2011-11-25T13:25:35Z
2011,REG,SEA,12,00-0023404,S,Atari Bigby,Atari,Bigby,Hamstring,,Probable,Hamstring,,Full Participation in Practice,2011-11-25T13:25:13Z
2011,REG,SEA,12,00-0022753,DT,Tony Hargrove,Tony,Hargrove,Hamstring,,Probable,Hamstring,,Full Participation in Practice,2011-11-25T13:25:13Z
2011,REG,SEA,12,00-0024279,QB,Tarvaris Jackson,Tarvaris,Jackson,Pectoral,,Probable,Pectoral,,Full Participation in Practice,2011-11-25T13:25:13Z
2011,REG,SEA,12,00-0024463,WR,Ben Obomanu,Ben,Obomanu,Knee,Ankle,Probable,Knee,Ankle,Full Participation in Practice,2011-11-25T13:25:13Z
2011,REG,SEA,12,00-0025431,WR,Sidney Rice,Sidney,Rice,Knee,,Probable,Knee,,Full Participation in Practice,2011-11-25T13:25:13Z
2011,REG,SF,12,00-0028149,RB,Bruce Miller,Bruce,Miller,Concussion,,Doubtful,Concussion,,Did Not Participate In Practice,2011-11-23T14:47:59Z
2011,REG,SF,12,00-0026986,WR,Michael Crabtree,Michael,Crabtree,Foot,,Probable,Foot,,Limited Participation in Practice,2011-11-23T14:46:41Z
2011,REG,SF,12,00-0028018,CB,Chris Culliver,Chris,Culliver,Shoulder,,Probable,Shoulder,,Limited Participation in Practice,2011-11-23T14:48:19Z
2011,REG,SF,12,00-0027863,T,Anthony Davis,Anthony,Davis,Ankle,,Probable,Ankle,,Limited Participation in Practice,2011-11-23T14:48:40Z
2011,REG,SF,12,00-0023438,WR,Braylon Edwards,Braylon,Edwards,Knee,,Probable,Knee,,Limited Participation in Practice,2011-11-23T14:49:00Z
2011,REG,SF,12,00-0023500,RB,Frank Gore,Frank,Gore,Knee,,Probable,Knee,,Limited Participation in Practice,2011-11-23T14:49:14Z
2011,REG,STL,12,00-0023457,WR,Mark Clayton,Mark,Clayton,,,,Knee,,Did Not Participate In Practice,2011-11-24T10:34:11Z
2011,REG,STL,12,00-0026979,T,Jason Smith,Jason,Smith,,,,Head,,Did Not Participate In Practice,2011-11-24T10:34:01Z
2011,REG,STL,12,00-0021092,DT,Justin Bannan,Justin,Bannan,Shoulder,,Out,Shoulder,,Did Not Participate In Practice,2011-11-25T11:21:39Z
2011,REG,STL,12,00-0027845,LB,Josh Hull,Josh,Hull,Hamstring,,Out,Hamstring,,Did Not Participate In Practice,2011-11-25T11:21:48Z
2011,REG,STL,12,00-0023880,T,Mark LeVoir,Mark,LeVoir,Pectoral,,Out,Pectoral,,Did Not Participate In Practice,2011-11-25T11:22:07Z
2011,REG,STL,12,00-0027912,WR,Danario Alexander,Danario,Alexander,Hamstring,,Questionable,Hamstring,,Limited Participation in Practice,2011-11-25T11:21:30Z
2011,REG,STL,12,00-0027011,LB,James Laurinaitis,James,Laurinaitis,Foot,,Questionable,Foot,,Limited Participation in Practice,2011-11-25T11:21:59Z
2011,REG,STL,12,00-0026142,DE,Chris Long,Chris,Long,Ankle,,Questionable,Ankle,,Limited Participation in Practice,2011-11-25T11:22:21Z
2011,REG,STL,12,00-0023440,RB,Carnell Williams,Carnell,Williams,Calf,,Questionable,Calf,,Limited Participation in Practice,2011-11-25T11:22:31Z
2011,REG,STL,12,00-0027985,TE,Lance Kendricks,Lance,Kendricks,Head,,Probable,Head,,Full Participation in Practice,2011-11-25T11:21:20Z
2011,REG,STL,12,00-0026241,CB,Justin King,Justin,King,Knee,,Probable,Knee,,Full Participation in Practice,2011-11-25T11:21:20Z
2011,REG,STL,12,00-0028016,WR,Austin Pettis,Austin,Pettis,Knee,,Probable,Knee,,Full Participation in Practice,2011-11-25T11:21:20Z
2011,REG,TB,12,00-0022922,TE,Kellen Winslow,Kellen,Winslow,,,,Not Injury Related,,Did Not Participate In Practice,2011-11-23T13:01:11Z
2011,REG,TB,12,00-0026618,DE,Michael Bennett,Michael,Bennett,Groin,,Doubtful,Groin,,Did Not Participate In Practice,2011-11-25T10:30:05Z
2011,REG,TB,12,00-0025569,LB,Adam Hayward,Adam,Hayward,Foot,,Questionable,Foot,,Did Not Participate In Practice,2011-11-25T10:30:34Z
2011,REG,TB,12,00-0025493,S,Tanard Jackson,Tanard,Jackson,Hamstring,,Questionable,Hamstring,,Did Not Participate In Practice,2011-11-25T10:30:46Z
2011,REG,TB,12,00-0027812,LB,Dekoda Watson,Dekoda,Watson,Groin,,Questionable,Groin,,Did Not Participate In Practice,2011-11-25T10:31:15Z
2011,REG,TB,12,00-0021149,DT,Albert Haynesworth,Albert,Haynesworth,Knee,,Probable,Knee,,Did Not Participate In Practice,2011-11-25T10:31:40Z
2011,REG,TB,12,00-0027650,DT,Brian Price,Brian,Price,Forearm,,Probable,Forearm,,Full Participation in Practice,2011-11-25T10:30:55Z
2011,REG,TB,12,00-0024274,T,Jeremy Trueblood,Jeremy,Trueblood,Knee,,Probable,Knee,,Full Participation in Practice,2011-11-25T10:31:00Z
2011,REG,TEN,12,00-0023471,LB,Barrett Ruud,Barrett,Ruud,Groin,,Out,Groin,,Did Not Participate In Practice,2011-11-25T11:52:15Z
2011,REG,TEN,12,00-0028080,DT,Karl Klug,Karl,Klug,Knee,,Questionable,Knee,,Full Participation in Practice,2011-11-25T11:51:46Z
2011,REG,TEN,12,00-0028047,LB,Colin McCarthy,Colin,McCarthy,Knee,,Questionable,Knee,,Full Participation in Practice,2011-11-25T11:51:52Z
2011,REG,TEN,12,00-0027868,DE,Derrick Morgan,Derrick,Morgan,Ankle,,Questionable,Ankle,,Full Participation in Practice,2011-11-25T11:52:03Z
2011,REG,TEN,12,00-0023476,T,Michael Roos,Michael,Roos,Groin,,Questionable,Groin,,Full Participation in Practice,2011-11-25T11:52:09Z
2011,REG,TEN,12,00-0023548,T,David Stewart,David,Stewart,Calf,,Questionable,Calf,,Limited Participation in Practice,2011-11-25T11:52:22Z
2011,REG,TEN,12,00-0022771,C,Eugene Amano,Eugene,Amano,Hip,,Probable,Hip,,Full Participation in Practice,2011-11-25T11:51:36Z
2011,REG,TEN,12,00-0007091,QB,Matt Hasselbeck,Matt,Hasselbeck,right Elbow,,Probable,right Elbow,,Full Participation in Practice,2011-11-25T11:51:36Z
2011,REG,TEN,12,00-0020962,K,Rob Bironas,Rob,Bironas,Back,,Probable,Back,,Limited Participation in Practice,2011-11-25T11:51:36Z
2011,REG,WAS,12,00-0028093,WR,Niles Paul,Niles,Paul,Toe,,Questionable,Toe,,Limited Participation in Practice,2011-11-25T11:07:29Z
2011,REG,WAS,12,00-0021147,WR,Donte' Stallworth,Donte',Stallworth,Foot,,Questionable,Foot,,Limited Participation in Practice,2011-11-25T11:07:36Z
2011,REG,WAS,12,00-0023447,T,Jammal Brown,Jammal,Brown,Groin,,Probable,Groin,,Full Participation in Practice,2011-11-25T11:07:19Z
2011,REG,WAS,12,00-0005322,LB,London Fletcher,London,Fletcher,Ankle,,Probable,Ankle,,Full Participation in Practice,2011-11-25T11:07:19Z
2011,REG,WAS,12,00-0022697,LB,Keyaron Fox,Keyaron,Fox,Infection,,Probable,Infection,,Full Participation in Practice,2011-11-25T11:07:19Z
2011,REG,WAS,12,00-0028084,S,DeJon Gomes,DeJon,Gomes,Knee,,Probable,Knee,,Full Participation in Practice,2011-11-25T11:07:19Z
2011,REG,WAS,12,00-0028155,G,Maurice Hurt,Maurice,Hurt,Knee,,Probable,Knee,,Full Participation in Practice,2011-11-25T11:07:19Z
2011,REG,WAS,12,00-0025393,S,LaRon Landry,LaRon,Landry,Achilles,,Probable,Achilles,,Full Participation in Practice,2011-11-25T11:07:19Z
2011,REG,WAS,12,00-0022855,T,Sean Locklear,Sean,Locklear,Ankle,,Probable,Ankle,,Full Participation in Practice,2011-11-25T11:07:19Z
2011,REG,WAS,12,00-0020494,WR,Santana Moss,Santana,Moss,Hand,,Probable,Hand,,Full Participation in Practice,2011-11-25T11:07:19Z
2011,REG,WAS,12,00-0027857,T,Trent Williams,Trent,Williams,Knee,,Probable,Knee,,Full Participation in Practice,2011-11-25T11:07:19Z
2011,REG,WAS,12,00-0025442,CB,Josh Wilson,Josh,Wilson,Hamstring,,Probable,Hamstring,,Full Participation in Practice,2011-11-25T11:07:19Z
2011,REG,ARI,13,00-0013126,LB,Joey Porter,Joey,Porter,Knee,,Doubtful,Knee,,Limited Participation in Practice,2011-12-02T12:18:56Z
2011,REG,ARI,13,00-0023557,S,Kerry Rhodes,Kerry,Rhodes,Foot,,Doubtful,Foot,,Limited Participation in Practice,2011-12-02T12:19:01Z
2011,REG,ARI,13,00-0020516,TE,Todd Heap,Todd,Heap,Hamstring,,Questionable,Hamstring,,Limited Participation in Practice,2011-12-02T12:18:48Z
2011,REG,ARI,13,00-0026727,LB,Reggie Walker,Reggie,Walker,Hamstring,,Questionable,Hamstring,,Limited Participation in Practice,2011-12-02T12:19:07Z
2011,REG,ARI,13,00-0025668,CB,Michael Adams,Michael,Adams,Hamstring,,Probable,Hamstring,,Full Participation in Practice,2011-12-02T12:18:38Z
2011,REG,ARI,13,00-0028007,TE,Rob Housler,Rob,Housler,Groin,,Probable,Groin,,Full Participation in Practice,2011-12-02T12:18:38Z
2011,REG,ARI,13,00-0025423,QB,Kevin Kolb,Kevin,Kolb,Toe,,Probable,Toe,,Full Participation in Practice,2011-12-02T12:18:38Z
2011,REG,ARI,13,00-0026956,KR,LaRod Stephens-Howling,LaRod,Stephens-Howling,Shoulder,,Probable,Shoulder,,Full Participation in Practice,2011-12-02T12:18:38Z
2011,REG,ARI,13,00-0027007,RB,Chris Wells,Chris,Wells,Knee,,Probable,Knee,,Full Participation in Practice,2011-12-02T12:18:38Z
2011,REG,ATL,13,00-0024183,CB,Brent Grimes,Brent,Grimes,Knee,,Out,Knee,,Did Not Participate In Practice,2011-12-02T11:49:11Z
2011,REG,ATL,13,00-0023495,CB,Kelvin Hayden,Kelvin,Hayden,Toe,,Doubtful,Toe,,Did Not Participate In Practice,2011-12-02T11:49:52Z
2011,REG,ATL,13,00-0025496,LB,Stephen Nicholas,Stephen,Nicholas,Quadricep,,Doubtful,Quadricep,,Did Not Participate In Practice,2011-12-02T11:50:20Z
2011,REG,ATL,13,00-0027944,WR,Julio Jones,Julio,Jones,Hamstring,,Questionable,Hamstring,,Limited Participation in Practice,2011-12-02T11:50:06Z
2011,REG,ATL,13,00-0022821,RB,Michael Turner,Michael,Turner,Groin,,Questionable,Groin,,Limited Participation in Practice,2011-12-02T11:50:47Z
2011,REG,ATL,13,00-0026942,DT,Vance Walker,Vance,Walker,Groin,,Questionable,Groin,,Limited Participation in Practice,2011-12-02T11:51:07Z
2011,REG,ATL,13,00-0019546,DE,John Abraham,John,Abraham,Not Injury Related,,Probable,Not Injury Related,,Full Participation in Practice,2011-12-02T11:48:53Z
2011,REG,ATL,13,00-0006101,TE,Tony Gonzalez,Tony,Gonzalez,Not Injury Related,,Probable,Not Injury Related,,Full Participation in Practice,2011-12-02T11:48:53Z
2011,REG,ATL,13,00-0010711,C,Todd McClure,Todd,McClure,Not Injury Related,,Probable,Not Injury Related,,Full Participation in Practice,2011-12-02T11:48:53Z
2011,REG,ATL,13,00-0022735,CB,Dunta Robinson,Dunta,Robinson,Neck,,Probable,Neck,,Full Participation in Practice,2011-12-02T11:48:53Z
2011,REG,ATL,13,00-0026161,T,Sam Baker,Sam,Baker,Back,,Probable,Back,,Limited Participation in Practice,2011-12-02T11:48:53Z
2011,REG,BAL,13,00-0023008,CB,Chris Carr,Chris,Carr,Back,,Out,Back,,Did Not Participate In Practice,2011-12-02T10:44:00Z
2011,REG,BAL,13,00-0009889,LB,Ray Lewis,Ray,Lewis,Foot,,Questionable,Foot,,Did Not Participate In Practice,2011-12-02T10:43:53Z
2011,REG,BAL,13,00-0028163,RB,Anthony Allen,Anthony,Allen,Thigh,,Probable,Thigh,,Full Participation in Practice,2011-12-02T10:43:44Z
2011,REG,BAL,13,00-0026857,LB,Dannell Ellerbe,Dannell,Ellerbe,Thigh,,Probable,Thigh,,Full Participation in Practice,2011-12-02T10:43:44Z
2011,REG,BAL,13,00-0027756,DT,Arthur Jones,Arthur,Jones,Head,,Probable,Head,,Full Participation in Practice,2011-12-02T10:43:44Z
2011,REG,BUF,13,00-0027655,DT,Torell Troup,Torell,Troup,Back,,Out,Back,,Did Not Participate In Practice,2011-12-02T09:33:56Z
2011,REG,BUF,13,00-0022341,S,George Wilson,George,Wilson,Neck,,Out,Neck,,Did Not Participate In Practice,2011-12-02T09:34:05Z
2011,REG,BUF,13,00-0019310,K,Rian Lindell,Rian,Lindell,Shoulder,,Doubtful,Shoulder,,Limited Participation in Practice,2011-12-02T09:33:44Z
2011,REG,BUF,13,00-0026151,CB,Leodis McKelvin,Leodis,McKelvin,Ribs,,Probable,Ribs,,Full Participation in Practice,2011-12-02T09:33:37Z
2011,REG,BUF,13,00-0027220,WR,Naaman Roosevelt,Naaman,Roosevelt,Shoulder,,Probable,Shoulder,,Full Participation in Practice,2011-12-02T09:33:37Z
2011,REG,CAR,13,00-0026911,LB,Jason Phillips,Jason,Phillips,Calf,,Out,Calf,,Out (Definitely Will Not Play),2011-12-02T12:29:14Z
2011,REG,CAR,13,00-0028070,WR,Kealoha Pilares,Kealoha,Pilares,Thigh,,Questionable,Thigh,,Did Not Participate In Practice,2011-12-02T12:28:50Z
2011,REG,CAR,13,00-0024382,LB,Omar Gaither,Omar,Gaither,Knee,,Questionable,Knee,,Full Participation in Practice,2011-12-02T12:28:17Z
2011,REG,CHI,13,00-0026282,CB,Zackary Bowman,Zackary,Bowman,,,,Groin,,Full Participation in Practice,2011-12-01T13:43:47Z
2011,REG,CHI,13,00-0022123,CB,Charles Tillman,Charles,Tillman,,,,Knee,,Full Participation in Practice,2011-12-01T13:43:55Z
2011,REG,CHI,13,00-0024272,WR,Devin Hester,Devin,Hester,,,,Not Injury Related,,Limited Participation in Practice,2011-12-01T13:44:18Z
2011,REG,CHI,13,00-0024226,QB,Jay Cutler,Jay,Cutler,right Thumb,,Out,right Thumb,,Out (Definitely Will Not Play),2011-12-02T12:27:48Z
2011,REG,CHI,13,00-0022085,DT,Anthony Adams,Anthony,Adams,Back,,Questionable,Back,,Did Not Participate In Practice,2011-12-02T12:27:39Z
2011,REG,CHI,13,00-0026907,CB,D.J. Moore,D.J.,Moore,Ankle,,Questionable,Ankle,,Full Participation in Practice,2011-12-02T12:27:58Z
2011,REG,CIN,13,00-0028004,LB,Dontay Moch,Dontay,Moch,Not Injury Related,,Out,Not Injury Related,,Did Not Participate In Practice,2011-12-02T11:06:06Z
2011,REG,CIN,13,00-0027662,DE,Carlos Dunlap,Carlos,Dunlap,Hamstring,,Doubtful,Hamstring,,Did Not Participate In Practice,2011-12-02T11:06:20Z
2011,REG,CIN,13,00-0020495,CB,Nate Clements,Nate,Clements,Hamstring,,Questionable,Hamstring,,Did Not Participate In Practice,2011-12-02T11:06:29Z
2011,REG,CIN,13,00-0026217,DT,Pat Sims,Pat,Sims,Ankle,,Questionable,Ankle,,Did Not Participate In Practice,2011-12-02T11:06:53Z
2011,REG,CIN,13,00-0022167,S,Chris Crocker,Chris,Crocker,Biceps,,Questionable,Biceps,,Limited Participation in Practice,2011-12-02T11:06:38Z
2011,REG,CIN,13,00-0021929,TE,Donald Lee,Donald,Lee,Foot,,Questionable,Foot,,Limited Participation in Practice,2011-12-02T11:07:07Z
2011,REG,CIN,13,00-0023439,RB,Cedric Benson,Cedric,Benson,Foot,,Probable,Foot,,Full Participation in Practice,2011-12-02T11:04:36Z
2011,REG,CIN,13,00-0027697,CB,Brandon Ghee,Brandon,Ghee,Groin,,Probable,Groin,,Full Participation in Practice,2011-12-02T11:04:36Z
2011,REG,CIN,13,00-0024338,DT,Domata Peko,Domata,Peko,Foot,,Probable,Foot,,Full Participation in Practice,2011-12-02T11:04:36Z
2011,REG,CIN,13,00-0026186,WR,Jerome Simpson,Jerome,Simpson,Knee,,Probable,Knee,,Full Participation in Practice,2011-12-02T11:04:36Z
2011,REG,CLE,13,00-0028458,LB,Quinton Spears,Quinton,Spears,Hamstring,,Out,Hamstring,,Did Not Participate In Practice,2011-12-02T12:57:43Z
2011,REG,CLE,13,00-0027653,S,T.J. Ward,T.J.,Ward,Foot,Finger,Out,Foot,Finger,Did Not Participate In Practice,2011-12-02T12:57:49Z
2011,REG,CLE,13,00-0022247,S,Mike Adams,Mike,Adams,Shoulder,,Questionable,Shoulder,,Limited Participation in Practice,2011-12-02T12:56:32Z
2011,REG,CLE,13,00-0027666,RB,Montario Hardesty,Montario,Hardesty,Calf,,Questionable,Calf,,Limited Participation in Practice,2011-12-02T12:56:43Z
2011,REG,CLE,13,00-0023893,DE,Jayme Mitchell,Jayme,Mitchell,Ankle,,Questionable,Ankle,,Limited Participation in Practice,2011-12-02T12:57:09Z
2011,REG,CLE,13,00-0022149,T,Tony Pashos,Tony,Pashos,Ankle,,Questionable,Ankle,,Limited Participation in Practice,2011-12-02T12:57:20Z
2011,REG,CLE,13,00-0023727,CB,Dimitri Patterson,Dimitri,Patterson,Ankle,,Questionable,Ankle,,Limited Participation in Practice,2011-12-02T12:57:28Z
2011,REG,CLE,13,00-0026367,RB,Peyton Hillis,Peyton,Hillis,Hamstring,,Probable,Hamstring,,Full Participation in Practice,2011-12-02T12:56:18Z
2011,REG,CLE,13,00-0028062,RB,Owen Marecic,Owen,Marecic,Head,,Probable,Head,,Full Participation in Practice,2011-12-02T12:56:18Z
2011,REG,CLE,13,00-0027688,QB,Colt McCoy,Colt,McCoy,right Elbow,,Probable,right Elbow,,Full Participation in Practice,2011-12-02T12:56:18Z
2011,REG,CLE,13,00-0024081,DT,Scott Paxson,Scott,Paxson,Shin,,Probable,Shin,,Full Participation in Practice,2011-12-02T12:56:18Z
2011,REG,CLE,13,00-0027074,LB,Kaluka Maiava,Kaluka,Maiava,Knee,,Probable,Knee,,Limited Participation in Practice,2011-12-02T12:56:18Z
2011,REG,DAL,13,00-0023921,WR,Miles Austin,Miles,Austin,Hamstring,,Out,Hamstring,,Did Not Participate In Practice,2011-12-02T12:29:13Z
2011,REG,DAL,13,00-0027093,RB,Tony Fiammetta,Tony,Fiammetta,Illness,,Out,Illness,,Did Not Participate In Practice,2011-12-02T12:30:30Z
2011,REG,DAL,13,00-0009311,QB,Jon Kitna,Jon,Kitna,Back,,Out,Back,,Did Not Participate In Practice,2011-12-02T12:30:54Z
2011,REG,DAL,13,00-0027852,DT,Josh Price-Brent,Josh,Price-Brent,Knee,,Out,Knee,,Did Not Participate In Practice,2011-12-02T12:31:31Z
2011,REG,DAL,13,00-0028613,RB,Phillip Tanner,Phillip,Tanner,Hamstring,,Out,Hamstring,,Did Not Participate In Practice,2011-12-02T12:31:49Z
2011,REG,DAL,13,00-0026165,CB,Mike Jenkins,Mike,Jenkins,Hamstring,,Questionable,Hamstring,,Limited Participation in Practice,2011-12-02T12:30:43Z
2011,REG,DAL,13,00-0021348,G,Kyle Kosier,Kyle,Kosier,Foot,,Questionable,Foot,,Limited Participation in Practice,2011-12-02T12:31:12Z
2011,REG,DAL,13,00-0023590,S,Gerald Sensabaugh,Gerald,Sensabaugh,Foot,,Questionable,Foot,,Limited Participation in Practice,2011-12-02T12:31:41Z
2011,REG,DAL,13,00-0027978,LB,Bruce Carter,Bruce,Carter,Knee,,Probable,Knee,,Full Participation in Practice,2011-12-02T12:29:03Z
2011,REG,DAL,13,00-0027663,LB,Sean Lee,Sean,Lee,Wrist,,Probable,Wrist,,Full Participation in Practice,2011-12-02T12:29:03Z
2011,REG,DAL,13,00-0021488,P,Mat McBriar,Mat,McBriar,left Foot,,Probable,left Foot,,Full Participation in Practice,2011-12-02T12:29:03Z
2011,REG,DEN,13,00-0027940,LB,Von Miller,Von,Miller,Thumb,,Questionable,Thumb,,Limited Participation in Practice,2011-12-02T11:57:34Z
2011,REG,DEN,13,00-0026182,WR,Eddie Royal,Eddie,Royal,Toe,,Questionable,Toe,,Limited Participation in Practice,2011-12-02T11:57:42Z
2011,REG,DEN,13,00-0027083,S,David Bruton,David,Bruton,Achilles,,Probable,Achilles,,Full Participation in Practice,2011-12-02T11:57:20Z
2011,REG,DEN,13,00-0026152,T,Ryan Clady,Ryan,Clady,Knee,,Probable,Knee,,Full Participation in Practice,2011-12-02T11:57:20Z
2011,REG,DEN,13,00-0023752,TE,Daniel Fells,Daniel,Fells,Hand,,Probable,Hand,,Full Participation in Practice,2011-12-02T11:57:20Z
2011,REG,DEN,13,00-0022178,RB,Willis McGahee,Willis,McGahee,Illness,,Probable,Illness,,Full Participation in Practice,2011-12-02T11:57:20Z
2011,REG,DET,13,00-0028095,LB,Doug Hogue,Doug,Hogue,,,,Illness,,Full Participation in Practice,2011-12-01T14:02:48Z
2011,REG,DET,13,00-0026168,DE,Lawrence Jackson,Lawrence,Jackson,Thigh,,Out,Thigh,,Did Not Participate In Practice,2011-12-02T13:13:29Z
2011,REG,DET,13,00-0027009,S,Louis Delmas,Louis,Delmas,Knee,,Doubtful,Knee,,Did Not Participate In Practice,2011-12-02T13:13:13Z
2011,REG,DET,13,00-0025428,CB,Chris Houston,Chris,Houston,Knee,,Doubtful,Knee,,Did Not Participate In Practice,2011-12-02T13:13:21Z
2011,REG,DET,13,00-0025527,CB,Brandon McDonald,Brandon,McDonald,Thigh,,Questionable,Thigh,,Did Not Participate In Practice,2011-12-02T13:13:41Z
2011,REG,DET,13,00-0026204,RB,Kevin Smith,Kevin,Smith,Ankle,,Questionable,Ankle,,Limited Participation in Practice,2011-12-02T13:13:50Z
2011,REG,DET,13,00-0023614,S,Chris Harris,Chris,Harris,Ankle,,Probable,Ankle,,Full Participation in Practice,2011-12-02T13:07:21Z
2011,REG,DET,13,00-0025389,WR,Calvin Johnson,Calvin,Johnson,Ankle,,Probable,Ankle,,Full Participation in Practice,2011-12-02T13:07:21Z
2011,REG,DET,13,00-0024305,WR,Maurice Stovall,Maurice,Stovall,Shoulder,,Probable,Shoulder,,Full Participation in Practice,2011-12-02T13:07:21Z
2011,REG,DET,13,00-0027808,DE,Willie Young,Willie,Young,Ankle,,Probable,Ankle,,Limited Participation in Practice,2011-12-02T13:07:21Z
2011,REG,GB,13,00-0025579,LB,Desmond Bishop,Desmond,Bishop,Calf,,Out,Calf,,Did Not Participate In Practice,2011-12-02T11:01:41Z
2011,REG,GB,13,00-0024220,LB,A.J. Hawk,A.J.,Hawk,Calf,,Out,Calf,,Did Not Participate In Practice,2011-12-02T11:01:56Z
2011,REG,GB,13,00-0019702,T,Chad Clifton,Chad,Clifton,Hamstring,Back,Out,Hamstring,Back,Out (Definitely Will Not Play),2011-12-02T11:01:50Z
2011,REG,GB,13,00-0026275,G,Josh Sitton,Josh,Sitton,Knee,,Out,Knee,,Out (Definitely Will Not Play),2011-12-02T11:02:06Z
2011,REG,GB,13,00-0027753,TE,Andrew Quarless,Andrew,Quarless,Groin,,Probable,Groin,,Did Not Participate In Practice,2011-12-02T11:02:27Z
2011,REG,GB,13,00-0027791,RB,James Starks,James,Starks,Knee,Ankle,Probable,Knee,Ankle,Full Participation in Practice,2011-12-02T11:01:32Z
2011,REG,HOU,13,00-0023219,DE,Tim Bulman,Tim,Bulman,Calf,,Out,Calf,,Did Not Participate In Practice,2011-12-02T12:03:22Z
2011,REG,HOU,13,00-0024394,RB,Lawrence Vickers,Lawrence,Vickers,Hamstring,,Questionable,Hamstring,,Did Not Participate In Practice,2011-12-02T12:03:45Z
2011,REG,HOU,13,00-0027718,TE,Garrett Graham,Garrett,Graham,Hamstring,,Questionable,Hamstring,,Limited Participation in Practice,2011-12-02T12:03:37Z
2011,REG,HOU,13,00-0028533,LB,Mister Alexander,Mister,Alexander,Shoulder,,Probable,Shoulder,,Full Participation in Practice,2011-12-02T12:03:10Z
2011,REG,HOU,13,00-0024231,CB,Jason Allen,Jason,Allen,Thumb,,Probable,Thumb,,Full Participation in Practice,2011-12-02T12:03:10Z
2011,REG,HOU,13,00-0023846,G,Mike Brisiel,Mike,Brisiel,Ankle,,Probable,Ankle,,Full Participation in Practice,2011-12-02T12:03:10Z
2011,REG,HOU,13,00-0023472,DT,Shaun Cody,Shaun,Cody,Toe,Ankle,Probable,Toe,Ankle,Full Participation in Practice,2011-12-02T12:03:10Z
2011,REG,HOU,13,00-0024313,TE,Owen Daniels,Owen,Daniels,Knee,,Probable,Knee,,Full Participation in Practice,2011-12-02T12:03:10Z
2011,REG,HOU,13,00-0024365,LB,Tim Dobbins,Tim,Dobbins,Shoulder,,Probable,Shoulder,,Full Participation in Practice,2011-12-02T12:03:10Z
2011,REG,HOU,13,00-0023630,TE,Joel Dreessen,Joel,Dreessen,Neck,,Probable,Neck,,Full Participation in Practice,2011-12-02T12:03:10Z
2011,REG,HOU,13,00-0024239,CB,Johnathan Joseph,Johnathan,Joseph,Hip,,Probable,Hip,,Full Participation in Practice,2011-12-02T12:03:10Z
2011,REG,HOU,13,00-0024257,S,Danieal Manning,Danieal,Manning,Ankle,,Probable,Ankle,,Full Participation in Practice,2011-12-02T12:03:10Z
2011,REG,HOU,13,00-0027081,S,Glover Quin,Glover,Quin,Elbow,,Probable,Elbow,,Full Participation in Practice,2011-12-02T12:03:10Z
2011,REG,HOU,13,00-0022131,G,Wade Smith,Wade,Smith,Ankle,,Probable,Ankle,,Full Participation in Practice,2011-12-02T12:03:10Z
2011,REG,HOU,13,00-0022793,DE,Antonio Smith,Antonio,Smith,Shoulder,Back,Probable,Shoulder,Back,Full Participation in Practice,2011-12-02T12:03:10Z
2011,REG,HOU,13,00-0027949,DE,J.J. Watt,J.J.,Watt,Knee,Thigh,Probable,Knee,Thigh,Full Participation in Practice,2011-12-02T12:03:10Z
2011,REG,HOU,13,00-0026991,LB,Brian Cushing,Brian,Cushing,Ribs,,Probable,Ribs,,Limited Participation in Practice,2011-12-02T12:03:10Z
2011,REG,HOU,13,00-0022044,WR,Andre Johnson,Andre,Johnson,Knee,,Probable,Knee,,Limited Participation in Practice,2011-12-02T12:03:10Z
2011,REG,IND,13,00-0021146,DE,Dwight Freeney,Dwight,Freeney,,,,Not Injury Related,,Full Participation in Practice,2011-12-02T12:06:01Z
2011,REG,IND,13,00-0022059,DE,Robert Mathis,Robert,Mathis,,,,Not Injury Related,,Full Participation in Practice,2011-12-02T12:07:59Z
2011,REG,IND,13,00-0022165,TE,Dallas Clark,Dallas,Clark,Fibula,,Out,Fibula,,Out (Definitely Will Not Play),2011-12-02T12:08:48Z
2011,REG,IND,13,00-0010346,QB,Peyton Manning,Peyton,Manning,Neck,,Out,Neck,,Out (Definitely Will Not Play),2011-12-02T12:09:49Z
2011,REG,IND,13,00-0024245,RB,Joseph Addai,Joseph,Addai,Hamstring,,Questionable,Hamstring,,Did Not Participate In Practice,2011-12-02T12:11:24Z
2011,REG,IND,13,00-0027761,TE,Brody Eldridge,Brody,Eldridge,Hand,,Questionable,Hand,,Did Not Participate In Practice,2011-12-02T12:09:16Z
2011,REG,IND,13,00-0028486,TE,Ryan Mahaffey,Ryan,Mahaffey,Concussion,,Questionable,Concussion,,Did Not Participate In Practice,2011-12-02T12:09:40Z
2011,REG,IND,13,00-0028025,DT,Drake Nevis,Drake,Nevis,Back,,Questionable,Back,,Did Not Participate In Practice,2011-12-02T12:10:01Z
2011,REG,IND,13,00-0020399,G,Ryan Diem,Ryan,Diem,Knee,,Questionable,Knee,,Full Participation in Practice,2011-12-02T12:09:06Z
2011,REG,IND,13,00-0026408,G,Joe Reitz,Joe,Reitz,Knee,,Questionable,Knee,,Full Participation in Practice,2011-12-02T12:10:11Z
2011,REG,IND,13,00-0014375,C,Jeff Saturday,Jeff,Saturday,Knee,,Questionable,Knee,,Full Participation in Practice,2011-12-02T12:10:19Z
2011,REG,IND,13,00-0025419,WR,Anthony Gonzalez,Anthony,Gonzalez,Groin,,Questionable,Groin,,Limited Participation in Practice,2011-12-02T12:09:29Z
2011,REG,JAX,13,00-0027012,WR,Brian Robiskie,Brian,Robiskie,,,,Hamstring,,Out (Definitely Will Not Play),2011-12-02T13:58:20Z
2011,REG,JAX,13,00-0026912,CB,William Middleton,William,Middleton,Hamstring,,Out,Hamstring,,Did Not Participate In Practice,2011-12-03T10:13:57Z
2011,REG,JAX,13,00-0021269,DE,Aaron Kampman,Aaron,Kampman,Hamstring,,Doubtful,Hamstring,,Limited Participation in Practice,2011-12-03T10:14:18Z
2011,REG,JAX,13,00-0023481,DE,Matt Roth,Matt,Roth,Concussion,,Doubtful,Concussion,,Limited Participation in Practice,2011-12-03T10:14:07Z
2011,REG,JAX,13,00-0027046,DT,Terrance Knighton,Terrance,Knighton,Ankle,,Questionable,Ankle,,Limited Participation in Practice,2011-12-03T10:14:28Z
2011,REG,JAX,13,00-0027862,DT,Tyson Alualu,Tyson,Alualu,Not Injury Related,,Probable,Not Injury Related,,Full Participation in Practice,2011-12-03T10:13:46Z
2011,REG,JAX,13,00-0021225,LB,Kevin Bentley,Kevin,Bentley,Knee,,Probable,Knee,,Full Participation in Practice,2011-12-03T10:13:46Z
2011,REG,JAX,13,00-0026607,RB,Brock Bolen,Brock,Bolen,Calf,,Probable,Calf,,Full Participation in Practice,2011-12-03T10:13:46Z
2011,REG,JAX,13,00-0024058,DE,John Chick,John,Chick,Abdomen,,Probable,Abdomen,,Full Participation in Practice,2011-12-03T10:13:46Z
2011,REG,JAX,13,00-0022897,RB,Greg Jones,Greg,Jones,Not Injury Related,,Probable,Not Injury Related,,Full Participation in Practice,2011-12-03T10:13:46Z
2011,REG,JAX,13,00-0028052,WR,Cecil Shorts,Cecil,Shorts,Hamstring,,Probable,Hamstring,,Full Participation in Practice,2011-12-03T10:13:46Z
2011,REG,JAX,13,00-0024344,T,Guy Whimper,Guy,Whimper,Thigh,,Probable,Thigh,,Full Participation in Practice,2011-12-03T10:13:46Z
2011,REG,JAX,13,00-0024275,RB,Maurice Jones-Drew,Maurice,Jones-Drew,Not Injury Related,,Probable,Not Injury Related,,Limited Participation in Practice,2011-12-03T10:13:46Z
2011,REG,JAX,13,00-0028059,S,Chris Prosinski,Chris,Prosinski,Hamstring,,Probable,Hamstring,,Limited Participation in Practice,2011-12-03T10:13:46Z
2011,REG,JAX,13,00-0024285,CB,Ashton Youboty,Ashton,Youboty,Hip,,Probable,Hip,,Limited Participation in Practice,2011-12-03T10:13:46Z
2011,REG,KC,13,00-0022707,LB,Demorrio Williams,Demorrio,Williams,Groin,,Questionable,Groin,,Full Participation in Practice,2011-12-02T12:20:45Z
2011,REG,KC,13,00-0022350,G,Ryan Lilja,Ryan,Lilja,Head,,Questionable,Head,,Limited Participation in Practice,2011-12-02T12:20:02Z
2011,REG,KC,13,00-0017638,C,Casey Wiegmann,Casey,Wiegmann,Finger,,Probable,Finger,,Limited Participation in Practice,2011-12-02T12:19:54Z
2011,REG,MIA,13,00-0022890,G,Vernon Carey,Vernon,Carey,Ankle,,Doubtful,Ankle,,Did Not Participate In Practice,2011-12-02T10:32:07Z
2011,REG,MIA,13,00-0022067,S,Yeremiah Bell,Yeremiah,Bell,Foot,,Questionable,Foot,,Limited Participation in Practice,2011-12-02T10:31:41Z
2011,REG,MIA,13,00-0026003,K,Dan Carpenter,Dan,Carpenter,right Groin,,Probable,right Groin,,Full Participation in Practice,2011-12-02T10:31:32Z
2011,REG,MIN,13,00-0022740,DE,Jared Allen,Jared,Allen,,,,Not Injury Related,,Did Not Participate In Practice,2011-12-01T13:14:19Z
2011,REG,MIN,13,00-0025394,RB,Adrian Peterson,Adrian,Peterson,Ankle,,Out,Ankle,,Did Not Participate In Practice,2011-12-02T10:43:22Z
2011,REG,MIN,13,00-0027649,CB,Chris Cook,Chris,Cook,Not Injury Related,,Out,Not Injury Related,,Out (Definitely Will Not Play),2011-12-02T10:43:15Z
2011,REG,MIN,13,00-0026998,WR,Percy Harvin,Percy,Harvin,Illness,,Questionable,Illness,,Did Not Participate In Practice,2011-12-02T10:43:03Z
2011,REG,MIN,13,00-0027058,CB,Asher Allen,Asher,Allen,Shoulder,,Questionable,Shoulder,,Limited Participation in Practice,2011-12-02T10:43:35Z
2011,REG,MIN,13,00-0022081,LB,E.J. Henderson,E.J.,Henderson,Shoulder,,Questionable,Shoulder,,Limited Participation in Practice,2011-12-02T10:43:43Z
2011,REG,MIN,13,00-0027981,TE,Kyle Rudolph,Kyle,Rudolph,Quadricep,,Questionable,Quadricep,,Limited Participation in Practice,2011-12-02T10:43:55Z
2011,REG,MIN,13,00-0025945,LB,Erin Henderson,Erin,Henderson,Hamstring,,Probable,Hamstring,,Full Participation in Practice,2011-12-02T10:42:32Z
2011,REG,MIN,13,00-0026952,S,Jamarca Sanford,Jamarca,Sanford,Shoulder,,Probable,Shoulder,,Full Participation in Practice,2011-12-02T10:42:32Z
2011,REG,MIN,13,00-0022054,TE,Visanthe Shiancoe,Visanthe,Shiancoe,Hamstring,,Probable,Hamstring,,Full Participation in Practice,2011-12-02T10:42:32Z
2011,REG,MIN,13,00-0022266,G,Anthony Herrera,Anthony,Herrera,Knee,,Probable,Knee,,Limited Participation in Practice,2011-12-02T10:42:32Z
2011,REG,NE,13,00-0018584,G,Brian Waters,Brian,Waters,,,,Knee,,Full Participation in Practice,2011-12-01T12:55:51Z
2011,REG,NE,13,00-0020543,T,Matt Light,Matt,Light,,,,Ankle,,Limited Participation in Practice,2011-12-01T12:55:51Z
2011,REG,NE,13,00-0027034,T,Sebastian Vollmer,Sebastian,Vollmer,Back,Foot,Out,Back,Foot,Did Not Participate In Practice,2011-12-02T12:57:11Z
2011,REG,NE,13,00-0027668,LB,Brandon Spikes,Brandon,Spikes,Knee,,Doubtful,Knee,,Did Not Participate In Practice,2011-12-02T12:57:24Z
2011,REG,NE,13,00-0027010,S,Patrick Chung,Patrick,Chung,Foot,,Questionable,Foot,,Limited Participation in Practice,2011-12-02T12:53:46Z
2011,REG,NE,13,00-0022979,C,Dan Connolly,Dan,Connolly,Groin,,Questionable,Groin,,Limited Participation in Practice,2011-12-02T12:53:54Z
2011,REG,NE,13,00-0027150,WR,Julian Edelman,Julian,Edelman,Back,,Questionable,Back,,Limited Participation in Practice,2011-12-02T12:54:09Z
2011,REG,NE,13,00-0027237,LB,Dane Fletcher,Dane,Fletcher,Thumb,,Questionable,Thumb,,Limited Participation in Practice,2011-12-02T12:54:18Z
2011,REG,NE,13,00-0025821,LB,Gary Guyton,Gary,Guyton,Shoulder,,Questionable,Shoulder,,Limited Participation in Practice,2011-12-02T12:55:18Z
2011,REG,NE,13,00-0025753,S,James Ihedigbo,James,Ihedigbo,Shoulder,,Questionable,Shoulder,,Limited Participation in Practice,2011-12-02T12:55:40Z
2011,REG,NE,13,00-0027647,CB,Devin McCourty,Devin,McCourty,Shoulder,,Questionable,Shoulder,,Limited Participation in Practice,2011-12-02T12:55:32Z
2011,REG,NE,13,00-0026219,CB,Antwaun Molden,Antwaun,Molden,Concussion,,Questionable,Concussion,,Limited Participation in Practice,2011-12-02T12:55:50Z
2011,REG,NE,13,00-0027693,WR,Taylor Price,Taylor,Price,Hamstring,,Questionable,Hamstring,,Limited Participation in Practice,2011-12-02T12:56:12Z
2011,REG,NE,13,00-0026293,WR,Matt Slater,Matt,Slater,Shoulder,,Questionable,Shoulder,,Limited Participation in Practice,2011-12-02T12:56:47Z
2011,REG,NE,13,00-0027994,RB,Shane Vereen,Shane,Vereen,Hamstring,,Questionable,Hamstring,,Limited Participation in Practice,2011-12-02T12:56:58Z
2011,REG,NE,13,00-0025866,C,Ryan Wendell,Ryan,Wendell,Calf,,Questionable,Calf,,Limited Participation in Practice,2011-12-02T12:57:36Z
2011,REG,NE,13,00-0026019,RB,Danny Woodhead,Danny,Woodhead,Abdomen,,Questionable,Abdomen,,Limited Participation in Practice,2011-12-02T12:57:46Z
2011,REG,NE,13,00-0020397,WR,Chad Johnson,Chad,Johnson,Hamstring,,Probable,Hamstring,,Full Participation in Practice,2011-12-02T12:53:32Z
2011,REG,NO,13,00-0025441,DE,Turk McBride,Turk,McBride,Ankle,,Out,Ankle,,Did Not Participate In Practice,2011-12-02T12:42:09Z
2011,REG,NO,13,00-0022527,CB,Jabari Greer,Jabari,Greer,Knee,,Probable,Knee,,Full Participation in Practice,2011-12-02T12:41:58Z
2011,REG,NO,13,00-0024030,DT,Tom Johnson,Tom,Johnson,Elbow,,Probable,Elbow,,Full Participation in Practice,2011-12-02T12:41:58Z
2011,REG,NO,13,00-0022778,LB,Jonathan Vilma,Jonathan,Vilma,Knee,,Probable,Knee,,Limited Participation in Practice,2011-12-02T12:41:58Z
2011,REG,NYG,13,00-0028620,LB,Mark Herzlich,Mark,Herzlich,Ankle,,Out,Ankle,,Did Not Participate In Practice,2011-12-02T10:19:39Z
2011,REG,NYG,13,00-0021977,DE,Osi Umenyiora,Osi,Umenyiora,Ankle,Knee,Out,Ankle,Knee,Did Not Participate In Practice,2011-12-02T10:20:07Z
2011,REG,NYG,13,00-0026235,WR,Mario Manningham,Mario,Manningham,Knee,,Doubtful,Knee,,Did Not Participate In Practice,2011-12-02T10:19:52Z
2011,REG,NYG,13,00-0023593,LB,Michael Boley,Michael,Boley,Hamstring,,Questionable,Hamstring,,Limited Participation in Practice,2011-12-02T10:19:24Z
2011,REG,NYG,13,00-0025637,RB,Ahmad Bradshaw,Ahmad,Bradshaw,Foot,,Questionable,Foot,,Limited Participation in Practice,2011-12-02T10:19:30Z
2011,REG,NYG,13,00-0027265,WR,Victor Cruz,Victor,Cruz,Hip,,Probable,Hip,,Full Participation in Practice,2011-12-02T10:19:15Z
2011,REG,NYG,13,00-0024422,S,Derrick Martin,Derrick,Martin,Hamstring,,Probable,Hamstring,,Full Participation in Practice,2011-12-02T10:19:15Z
2011,REG,NYG,13,00-0027005,WR,Hakeem Nicks,Hakeem,Nicks,Ribs,Concussion,Probable,Ribs,Concussion,Full Participation in Practice,2011-12-02T10:19:15Z
2011,REG,NYG,13,00-0023443,S,Antrel Rolle,Antrel,Rolle,Back,,Probable,Back,,Full Participation in Practice,2011-12-02T10:19:15Z
2011,REG,NYG,13,00-0023509,DE,Justin Tuck,Justin,Tuck,Ankle,,Probable,Ankle,,Full Participation in Practice,2011-12-02T10:19:15Z
2011,REG,NYJ,13,00-0025689,DT,Mike Devito,Mike,Devito,Knee,,Out,Knee,,Did Not Participate In Practice,2011-12-02T10:39:30Z
2011,REG,NYJ,13,00-0026043,DT,Marcus Dixon,Marcus,Dixon,Shoulder,,Probable,Shoulder,,Full Participation in Practice,2011-12-02T10:39:24Z
2011,REG,NYJ,13,00-0027667,T,Vladimir Ducasse,Vladimir,Ducasse,Knee,,Probable,Knee,,Full Participation in Practice,2011-12-02T10:39:24Z
2011,REG,NYJ,13,00-0026899,RB,Shonn Greene,Shonn,Greene,Rib,,Probable,Rib,,Full Participation in Practice,2011-12-02T10:39:24Z
2011,REG,NYJ,13,00-0028091,KR,Jeremy Kerley,Jeremy,Kerley,Knee,,Probable,Knee,,Full Participation in Practice,2011-12-02T10:39:24Z
2011,REG,NYJ,13,00-0024244,C,Nick Mangold,Nick,Mangold,Ankle,,Probable,Ankle,,Full Participation in Practice,2011-12-02T10:39:24Z
2011,REG,NYJ,13,00-0022120,LB,Calvin Pace,Calvin,Pace,Groin,,Probable,Groin,,Full Participation in Practice,2011-12-02T10:39:24Z
2011,REG,NYJ,13,00-0023469,S,Brodney Pool,Brodney,Pool,Knee,,Probable,Knee,,Full Participation in Practice,2011-12-02T10:39:24Z
2011,REG,NYJ,13,00-0026500,G,Matt Slauson,Matt,Slauson,Knee,,Probable,Knee,,Full Participation in Practice,2011-12-02T10:39:24Z
2011,REG,NYJ,13,00-0020536,RB,LaDainian Tomlinson,LaDainian,Tomlinson,Knee,,Probable,Knee,,Full Participation in Practice,2011-12-02T10:39:24Z
2011,REG,OAK,13,00-0023460,QB,Jason Campbell,Jason,Campbell,Collarbone,,Out,Collarbone,,Did Not Participate In Practice,2011-12-02T12:00:18Z
2011,REG,OAK,13,00-0027709,WR,Jacoby Ford,Jacoby,Ford,Foot,,Out,Foot,,Did Not Participate In Practice,2011-12-02T12:00:30Z
2011,REG,OAK,13,00-0028063,RB,Taiwan Jones,Taiwan,Jones,Hamstring,,Out,Hamstring,,Did Not Participate In Practice,2011-12-02T12:01:45Z
2011,REG,OAK,13,00-0026144,RB,Darren McFadden,Darren,McFadden,Foot,,Out,Foot,,Did Not Participate In Practice,2011-12-02T12:02:37Z
2011,REG,OAK,13,00-0028086,WR,Denarius Moore,Denarius,Moore,Foot,,Out,Foot,,Did Not Participate In Practice,2011-12-02T12:04:19Z
2011,REG,OAK,13,00-0025404,DE,Jarvis Moss,Jarvis,Moss,Hamstring,,Out,Hamstring,,Did Not Participate In Practice,2011-12-02T12:04:34Z
2011,REG,OAK,13,00-0022539,DT,Tommy Kelly,Tommy,Kelly,Toe,,Questionable,Toe,,Did Not Participate In Practice,2011-12-02T12:02:12Z
2011,REG,OAK,13,00-0027904,LB,Rolando McClain,Rolando,McClain,Ankle,,Questionable,Ankle,,Did Not Participate In Practice,2011-12-02T12:02:20Z
2011,REG,OAK,13,00-0019646,K,Sebastian Janikowski,Sebastian,Janikowski,left Hamstring,,Questionable,left Hamstring,,Limited Participation in Practice,2011-12-02T12:01:28Z
2011,REG,OAK,13,00-0026309,DE,Trevor Scott,Trevor,Scott,Shoulder,,Questionable,Shoulder,,Limited Participation in Practice,2011-12-02T12:04:47Z
2011,REG,OAK,13,00-0024228,LB,Kamerion Wimbley,Kamerion,Wimbley,Hamstring,,Questionable,Hamstring,,Limited Participation in Practice,2011-12-02T12:05:12Z
2011,REG,OAK,13,00-0021949,CB,Chris Johnson,Chris,Johnson,Hamstring,Groin,Probable,Hamstring,Groin,Full Participation in Practice,2011-12-02T12:00:09Z
2011,REG,OAK,13,00-0027657,DE,Lamarr Houston,Lamarr,Houston,Knee,,Probable,Knee,,Limited Participation in Practice,2011-12-02T12:00:41Z
2011,REG,OAK,13,00-0024222,S,Michael Huff,Michael,Huff,Ankle,,Probable,Ankle,,Limited Participation in Practice,2011-12-02T12:01:06Z
2011,REG,OAK,13,00-0027023,S,Michael Mitchell,Michael,Mitchell,Ankle,,Probable,Ankle,,Limited Participation in Practice,2011-12-02T12:03:25Z
2011,REG,OAK,13,00-0020442,DT,Richard Seymour,Richard,Seymour,Knee,,Probable,Knee,,Limited Participation in Practice,2011-12-02T12:00:09Z
2011,REG,PHI,13,00-0026370,T,King Dunlap,King,Dunlap,Concussion,,Out,Concussion,,Did Not Participate In Practice,2011-11-30T08:08:26Z
2011,REG,PHI,13,00-0026951,LB,Moise Fokou,Moise,Fokou,Ankle,,Out,Ankle,,Did Not Participate In Practice,2011-11-30T08:09:06Z
2011,REG,PHI,13,00-0026995,WR,Jeremy Maclin,Jeremy,Maclin,Hamstring,Shoulder,Out,Hamstring,Shoulder,Did Not Participate In Practice,2011-11-30T08:08:35Z
2011,REG,PHI,13,00-0020245,QB,Michael Vick,Michael,Vick,Ribs,,Out,Ribs,,Did Not Participate In Practice,2011-11-30T08:08:41Z
2011,REG,PHI,13,00-0026156,CB,Dominique Rodgers-Cromartie,Dominique,Rodgers-Cromartie,Ankle,,Out,Ankle,,Limited Participation in Practice,2011-11-30T08:08:19Z
2011,REG,PHI,13,00-0022077,CB,Nnamdi Asomugha,Nnamdi,Asomugha,Knee,,Questionable,Knee,,Limited Participation in Practice,2011-11-30T08:08:01Z
2011,REG,PHI,13,00-0027029,RB,LeSean McCoy,LeSean,McCoy,Toe,,Questionable,Toe,,Limited Participation in Practice,2011-11-30T08:08:11Z
2011,REG,PHI,13,00-0021706,DT,Cullen Jenkins,Cullen,Jenkins,Thumb,,Probable,Thumb,,Full Participation in Practice,2011-11-30T08:06:12Z
2011,REG,PIT,13,00-0022064,WR,Arnaz Battle,Arnaz,Battle,Hamstring,,Out,Hamstring,,Did Not Participate In Practice,2011-12-02T09:57:09Z
2011,REG,PIT,13,00-0028100,LB,Chris Carter,Chris,Carter,Hamstring,,Out,Hamstring,,Did Not Participate In Practice,2011-12-02T09:57:16Z
2011,REG,PIT,13,00-0021246,LB,Larry Foote,Larry,Foote,Hamstring,,Questionable,Hamstring,,Limited Participation in Practice,2011-12-02T09:57:25Z
2011,REG,PIT,13,00-0022119,S,Troy Polamalu,Troy,Polamalu,Head,,Probable,Head,,Full Participation in Practice,2011-12-02T09:56:57Z
2011,REG,PIT,13,00-0027870,C,Maurkice Pouncey,Maurkice,Pouncey,Illness,,Probable,Illness,,Full Participation in Practice,2011-12-02T09:56:57Z
2011,REG,PIT,13,00-0022924,QB,Ben Roethlisberger,Ben,Roethlisberger,right Hand,,Probable,right Hand,,Full Participation in Practice,2011-12-02T09:56:57Z
2011,REG,PIT,13,00-0027685,WR,Emmanuel Sanders,Emmanuel,Sanders,Foot,,Probable,Foot,,Full Participation in Practice,2011-12-02T09:56:57Z
2011,REG,PIT,13,00-0027765,LB,Stevenson Sylvester,Stevenson,Sylvester,Calf,,Probable,Calf,,Full Participation in Practice,2011-12-02T09:56:57Z
2011,REG,PIT,13,00-0025433,LB,LaMarr Woodley,LaMarr,Woodley,Hamstring,,Probable,Hamstring,,Full Participation in Practice,2011-12-02T09:56:57Z
2011,REG,SD,13,00-0023463,DE,Luis Castillo,Luis,Castillo,,,,Tibia,,Did Not Participate In Practice,2011-12-02T13:08:57Z
2011,REG,SD,13,00-0019467,LB,Na'il Diggs,Na'il,Diggs,,,,Chest,,Did Not Participate In Practice,2011-12-02T13:08:57Z
2011,REG,SD,13,00-0026061,T,Brandyn Dombrowski,Brandyn,Dombrowski,,,,Foot,,Did Not Participate In Practice,2011-12-02T13:08:57Z
2011,REG,SD,13,00-0022414,WR,Malcom Floyd,Malcom,Floyd,,,,Hip,,Full Participation in Practice,2011-12-02T13:08:57Z
2011,REG,SD,13,00-0021547,TE,Antonio Gates,Antonio,Gates,,,,Not Injury Related,,Full Participation in Practice,2011-12-02T13:09:10Z
2011,REG,SD,13,00-0027097,G,Tyronne Green,Tyronne,Green,,,,Hand,,Full Participation in Practice,2011-12-02T13:08:57Z
2011,REG,SD,13,00-0022723,LB,Shaun Phillips,Shaun,Phillips,,,,Foot,,Full Participation in Practice,2011-12-02T13:08:57Z
2011,REG,SD,13,00-0027052,G,Louis Vasquez,Louis,Vasquez,,,,Ankle,,Full Participation in Practice,2011-12-02T13:08:57Z
2011,REG,SD,13,00-0027956,DE,Corey Liuget,Corey,Liuget,,,,Fibula,,Limited Participation in Practice,2011-12-02T13:09:30Z
2011,REG,SEA,13,00-0025431,WR,Sidney Rice,Sidney,Rice,,,,Concussion,,Did Not Participate In Practice,2011-11-29T15:28:50Z
2011,REG,SEA,13,00-0028111,CB,Byron Maxwell,Byron,Maxwell,Illness,,Out,Illness,,Did Not Participate In Practice,2011-11-30T14:01:03Z
2011,REG,SEA,13,00-0025999,LB,David Hawthorne,David,Hawthorne,Knee,,Questionable,Knee,,Full Participation in Practice,2011-11-30T14:00:54Z
2011,REG,SEA,13,00-0028092,CB,Richard Sherman,Richard,Sherman,Calf,,Questionable,Calf,,Full Participation in Practice,2011-11-30T14:01:15Z
2011,REG,SEA,13,00-0025420,DT,Alan Branch,Alan,Branch,Ankle,,Probable,Ankle,,Full Participation in Practice,2011-11-30T14:00:45Z
2011,REG,SEA,13,00-0024279,QB,Tarvaris Jackson,Tarvaris,Jackson,Pectoral,,Probable,Pectoral,,Full Participation in Practice,2011-11-30T14:00:45Z
2011,REG,SF,13,00-0023438,WR,Braylon Edwards,Braylon,Edwards,Knee,,Questionable,Knee,,Did Not Participate In Practice,2011-12-02T14:34:24Z
2011,REG,SF,13,00-0028018,CB,Chris Culliver,Chris,Culliver,Shoulder,,Probable,Shoulder,,Full Participation in Practice,2011-12-02T13:37:08Z
2011,REG,SF,13,00-0027863,T,Anthony Davis,Anthony,Davis,Ankle,,Probable,Ankle,,Full Participation in Practice,2011-12-02T13:36:55Z
2011,REG,SF,13,00-0028149,RB,Bruce Miller,Bruce,Miller,Concussion,,Probable,Concussion,,Full Participation in Practice,2011-12-02T13:35:54Z
2011,REG,SF,13,00-0023529,G,Adam Snyder,Adam,Snyder,Hamstring,,Probable,Hamstring,,Full Participation in Practice,2011-12-02T13:36:34Z
2011,REG,SF,13,00-0023500,RB,Frank Gore,Frank,Gore,Ankle,,Probable,Ankle,,Limited Participation in Practice,2011-12-02T13:35:25Z
2011,REG,STL,13,00-0027845,LB,Josh Hull,Josh,Hull,Hamstring,,Out,Hamstring,,Did Not Participate In Practice,2011-12-02T11:10:01Z
2011,REG,STL,13,00-0023880,T,Mark LeVoir,Mark,LeVoir,Pectoral,,Out,Pectoral,,Did Not Participate In Practice,2011-12-02T11:10:23Z
2011,REG,STL,13,00-0026142,DE,Chris Long,Chris,Long,Ankle,,Questionable,Ankle,,Did Not Participate In Practice,2011-12-02T11:10:35Z
2011,REG,STL,13,00-0021092,DT,Justin Bannan,Justin,Bannan,Shoulder,,Questionable,Shoulder,,Limited Participation in Practice,2011-12-02T11:09:16Z
2011,REG,STL,13,00-0027854,QB,Sam Bradford,Sam,Bradford,Ankle,,Questionable,Ankle,,Limited Participation in Practice,2011-12-02T11:09:29Z
2011,REG,STL,13,00-0027256,S,Darian Stewart,Darian,Stewart,Head,,Questionable,Head,,Limited Participation in Practice,2011-12-02T11:10:53Z
2011,REG,STL,13,00-0026368,LB,Chris Chamberlain,Chris,Chamberlain,Hamstring,,Probable,Hamstring,,Full Participation in Practice,2011-12-02T11:09:04Z
2011,REG,STL,13,00-0027520,WR,Dominique Curry,Dominique,Curry,Shoulder,,Probable,Shoulder,,Full Participation in Practice,2011-12-02T11:09:04Z
2011,REG,STL,13,00-0026241,CB,Justin King,Justin,King,Ankle,,Probable,Ankle,,Full Participation in Practice,2011-12-02T11:09:04Z
2011,REG,STL,13,00-0026712,RB,Brit Miller,Brit,Miller,Hamstring,,Probable,Hamstring,,Full Participation in Practice,2011-12-02T11:11:06Z
2011,REG,STL,13,00-0022684,P,Donnie Jones,Donnie,Jones,Ankle,,Probable,Ankle,,Limited Participation in Practice,2011-12-02T11:09:04Z
2011,REG,TB,13,00-0022922,TE,Kellen Winslow,Kellen,Winslow,,,,Not Injury Related,,Did Not Participate In Practice,2011-11-30T13:09:40Z
2011,REG,TB,13,00-0026618,DE,Michael Bennett,Michael,Bennett,Groin,,Out,Groin,,Did Not Participate In Practice,2011-12-02T11:41:13Z
2011,REG,TB,13,00-0026993,QB,Josh Freeman,Josh,Freeman,right Shoulder,,Questionable,right Shoulder,,Limited Participation in Practice,2011-12-02T11:41:24Z
2011,REG,TB,13,00-0027650,DT,Brian Price,Brian,Price,Ankle,,Questionable,Ankle,,Limited Participation in Practice,2011-12-02T11:45:07Z
2011,REG,TB,13,00-0027958,DE,Adrian Clayborn,Adrian,Clayborn,Back,,Probable,Back,,Full Participation in Practice,2011-12-02T11:41:06Z
2011,REG,TB,13,00-0021149,DE,Albert Haynesworth,Albert,Haynesworth,Knee,,Probable,Knee,,Full Participation in Practice,2011-12-02T11:41:06Z
2011,REG,TB,13,00-0025569,LB,Adam Hayward,Adam,Hayward,Foot,,Probable,Foot,,Full Participation in Practice,2011-12-02T11:41:06Z
2011,REG,TB,13,00-0025493,S,Tanard Jackson,Tanard,Jackson,Hamstring,,Probable,Hamstring,,Full Participation in Practice,2011-12-02T11:41:06Z
2011,REG,TB,13,00-0027812,LB,Dekoda Watson,Dekoda,Watson,Groin,,Probable,Groin,,Full Participation in Practice,2011-12-02T11:41:06Z
2011,REG,TEN,13,00-0023471,LB,Barrett Ruud,Barrett,Ruud,Groin,,Out,Groin,,Did Not Participate In Practice,2011-12-02T11:25:18Z
2011,REG,TEN,13,00-0023548,T,David Stewart,David,Stewart,Calf,,Questionable,Calf,,Full Participation in Practice,2011-12-02T11:25:29Z
2011,REG,TEN,13,00-0028189,CB,Tommie Campbell,Tommie,Campbell,Shoulder,,Questionable,Shoulder,,Limited Participation in Practice,2011-12-02T11:25:02Z
2011,REG,TEN,13,00-0022771,C,Eugene Amano,Eugene,Amano,Hip,,Probable,Hip,,Full Participation in Practice,2011-12-02T11:24:52Z
2011,REG,TEN,13,00-0026173,WR,Donnie Avery,Donnie,Avery,Hamstring,,Probable,Hamstring,,Full Participation in Practice,2011-12-02T11:24:52Z
2011,REG,TEN,13,00-0027061,TE,Jared Cook,Jared,Cook,Concussion,,Probable,Concussion,,Full Participation in Practice,2011-12-02T11:24:52Z
2011,REG,TEN,13,00-0026194,DE,Jason Jones,Jason,Jones,Knee,,Probable,Knee,,Full Participation in Practice,2011-12-02T11:24:52Z
2011,REG,TEN,13,00-0028047,LB,Colin McCarthy,Colin,McCarthy,Knee,,Probable,Knee,,Full Participation in Practice,2011-12-02T11:24:52Z
2011,REG,TEN,13,00-0027868,DE,Derrick Morgan,Derrick,Morgan,Ankle,,Probable,Ankle,,Full Participation in Practice,2011-12-02T11:24:52Z
2011,REG,WAS,13,00-0025393,S,LaRon Landry,LaRon,Landry,Groin,,Out,Groin,,Did Not Participate In Practice,2011-12-02T11:42:41Z
2011,REG,WAS,13,00-0026852,RB,Darrel Young,Darrel,Young,Head,,Questionable,Head,,Did Not Participate In Practice,2011-12-02T11:43:16Z
2011,REG,WAS,13,00-0027813,WR,Terrence Austin,Terrence,Austin,Hamstring,,Questionable,Hamstring,,Limited Participation in Practice,2011-12-02T11:42:48Z
2011,REG,WAS,13,00-0023954,DE,Stephen Bowen,Stephen,Bowen,Knee,,Questionable,Knee,,Limited Participation in Practice,2011-12-02T11:42:54Z
2011,REG,WAS,13,00-0005322,LB,London Fletcher,London,Fletcher,Ankle,,Questionable,Ankle,,Limited Participation in Practice,2011-12-02T11:43:04Z
2011,REG,WAS,13,00-0023447,T,Jammal Brown,Jammal,Brown,Hip,,Probable,Hip,,Full Participation in Practice,2011-12-02T11:42:25Z
2011,REG,WAS,13,00-0021163,WR,Jabar Gaffney,Jabar,Gaffney,Foot,,Probable,Foot,,Full Participation in Practice,2011-12-02T11:42:25Z
2011,REG,WAS,13,00-0028084,S,DeJon Gomes,DeJon,Gomes,Knee,,Probable,Knee,,Full Participation in Practice,2011-12-02T11:42:25Z
2011,REG,WAS,13,00-0022121,QB,Rex Grossman,Rex,Grossman,left Shoulder,,Probable,left Shoulder,,Full Participation in Practice,2011-12-02T11:42:25Z
2011,REG,WAS,13,00-0028155,G,Maurice Hurt,Maurice,Hurt,Knee,,Probable,Knee,,Full Participation in Practice,2011-12-02T11:42:25Z
2011,REG,WAS,13,00-0026989,LB,Brian Orakpo,Brian,Orakpo,Ankle,,Probable,Ankle,,Full Participation in Practice,2011-12-02T11:42:25Z
2011,REG,WAS,13,00-0028093,WR,Niles Paul,Niles,Paul,Toe,,Probable,Toe,,Full Participation in Practice,2011-12-02T11:42:25Z
2011,REG,WAS,13,00-0021147,WR,Donte' Stallworth,Donte',Stallworth,Foot,,Probable,Foot,,Full Participation in Practice,2011-12-02T11:42:25Z
2011,REG,ARI,14,00-0020516,TE,Todd Heap,Todd,Heap,Hamstring,,Questionable,Hamstring,,Full Participation in Practice,2011-12-09T11:47:34Z
2011,REG,ARI,14,00-0013126,LB,Joey Porter,Joey,Porter,Knee,,Questionable,Knee,,Full Participation in Practice,2011-12-09T11:47:42Z
2011,REG,ARI,14,00-0023557,S,Kerry Rhodes,Kerry,Rhodes,Foot,,Questionable,Foot,,Limited Participation in Practice,2011-12-09T11:47:47Z
2011,REG,ARI,14,00-0025668,CB,Michael Adams,Michael,Adams,Hamstring,,Probable,Hamstring,,Full Participation in Practice,2011-12-09T11:47:26Z
2011,REG,ARI,14,00-0023537,S,Sean Considine,Sean,Considine,Achilles,,Probable,Achilles,,Full Participation in Practice,2011-12-09T11:47:26Z
2011,REG,ARI,14,00-0022930,DT,Darnell Dockett,Darnell,Dockett,Quadricep,,Probable,Quadricep,,Full Participation in Practice,2011-12-09T11:47:26Z
2011,REG,ARI,14,00-0027007,RB,Chris Wells,Chris,Wells,Knee,Hamstring,Probable,Knee,Hamstring,Limited Participation in Practice,2011-12-09T11:47:26Z
2011,REG,ARI,14,00-0021235,P,Dave Zastudil,Dave,Zastudil,Biceps,,Probable,Biceps,,Limited Participation in Practice,2011-12-09T11:47:26Z
2011,REG,ATL,14,00-0024183,CB,Brent Grimes,Brent,Grimes,Knee,,Out,Knee,,Did Not Participate In Practice,2011-12-09T10:59:59Z
2011,REG,ATL,14,00-0023495,CB,Kelvin Hayden,Kelvin,Hayden,Toe,,Doubtful,Toe,,Did Not Participate In Practice,2011-12-09T11:00:27Z
2011,REG,ATL,14,00-0025496,LB,Stephen Nicholas,Stephen,Nicholas,Quadricep,,Doubtful,Quadricep,,Did Not Participate In Practice,2011-12-09T11:00:52Z
2011,REG,ATL,14,00-0023620,T,Will Svitek,Will,Svitek,Groin,,Questionable,Groin,,Limited Participation in Practice,2011-12-09T11:01:13Z
2011,REG,ATL,14,00-0019546,DE,John Abraham,John,Abraham,Not Injury Related,,Probable,Not Injury Related,,Full Participation in Practice,2011-12-09T10:59:29Z
2011,REG,ATL,14,00-0026161,T,Sam Baker,Sam,Baker,Back,,Probable,Back,,Full Participation in Practice,2011-12-09T10:59:29Z
2011,REG,ATL,14,00-0024342,DE,Ray Edwards,Ray,Edwards,Shoulder,,Probable,Shoulder,,Full Participation in Practice,2011-12-09T10:59:29Z
2011,REG,ATL,14,00-0006101,TE,Tony Gonzalez,Tony,Gonzalez,Not Injury Related,,Probable,Not Injury Related,,Full Participation in Practice,2011-12-09T10:59:29Z
2011,REG,ATL,14,00-0027717,C,Joe Hawley,Joe,Hawley,Ankle,,Probable,Ankle,,Full Participation in Practice,2011-12-09T10:59:29Z
2011,REG,ATL,14,00-0027944,WR,Julio Jones,Julio,Jones,Hamstring,,Probable,Hamstring,,Full Participation in Practice,2011-12-09T10:59:29Z
2011,REG,ATL,14,00-0010711,C,Todd McClure,Todd,McClure,Not Injury Related,,Probable,Not Injury Related,,Full Participation in Practice,2011-12-09T10:59:29Z
2011,REG,ATL,14,00-0027062,CB,Christopher Owens,Christopher,Owens,Hand,,Probable,Hand,,Full Participation in Practice,2011-12-09T10:59:29Z
2011,REG,ATL,14,00-0026942,DT,Vance Walker,Vance,Walker,Groin,,Probable,Groin,,Full Participation in Practice,2011-12-09T10:59:29Z
2011,REG,ATL,14,00-0023462,WR,Roddy White,Roddy,White,Shoulder,,Probable,Shoulder,,Full Participation in Practice,2011-12-09T10:59:29Z
2011,REG,ATL,14,00-0026224,WR,Harry Douglas,Harry,Douglas,Groin,,Probable,Groin,,Limited Participation in Practice,2011-12-09T10:59:29Z
2011,REG,ATL,14,00-0022821,RB,Michael Turner,Michael,Turner,Groin,,Probable,Groin,,Limited Participation in Practice,2011-12-09T10:59:29Z
2011,REG,BAL,14,00-0023008,CB,Chris Carr,Chris,Carr,Back,,Out,Back,,Did Not Participate In Practice,2011-12-09T12:20:02Z
2011,REG,BAL,14,00-0020972,K,Billy Cundiff,Billy,Cundiff,left Calf,,Questionable,left Calf,,Did Not Participate In Practice,2011-12-09T12:19:10Z
2011,REG,BAL,14,00-0009889,LB,Ray Lewis,Ray,Lewis,Foot,,Questionable,Foot,,Did Not Participate In Practice,2011-12-09T12:20:37Z
2011,REG,BAL,14,00-0028163,RB,Anthony Allen,Anthony,Allen,Thigh,,Probable,Thigh,,Full Participation in Practice,2011-12-09T12:18:39Z
2011,REG,BAL,14,00-0025416,G,Ben Grubbs,Ben,Grubbs,Toe,,Probable,Toe,,Full Participation in Practice,2011-12-09T12:18:39Z
2011,REG,BAL,14,00-0001263,C,Matt Birk,Matt,Birk,Shoulder,,Probable,Shoulder,,Limited Participation in Practice,2011-12-09T12:18:50Z
2011,REG,BAL,14,00-0027965,CB,Jimmy Smith,Jimmy,Smith,Thigh,,Probable,Thigh,,Limited Participation in Practice,2011-12-09T12:19:31Z
2011,REG,BUF,14,00-0025516,TE,Scott Chandler,Scott,Chandler,Ankle,,Out,Ankle,,Did Not Participate In Practice,2011-12-09T09:34:06Z
2011,REG,BUF,14,00-0019310,K,Rian Lindell,Rian,Lindell,Shoulder,,Out,Shoulder,,Did Not Participate In Practice,2011-12-09T09:33:58Z
2011,REG,BUF,14,00-0027972,CB,Aaron Williams,Aaron,Williams,Calf,,Doubtful,Calf,,Did Not Participate In Practice,2011-12-09T09:33:47Z
2011,REG,BUF,14,00-0027018,S,Jairus Byrd,Jairus,Byrd,Shin,,Probable,Shin,,Full Participation in Practice,2011-12-09T09:33:12Z
2011,REG,BUF,14,00-0022341,S,George Wilson,George,Wilson,Neck,,Probable,Neck,,Full Participation in Practice,2011-12-09T09:33:12Z
2011,REG,BUF,14,00-0026236,G,Chad Rinehart,Chad,Rinehart,Shoulder,,Probable,Shoulder,,Limited Participation in Practice,2011-12-09T09:33:35Z
2011,REG,CAR,14,00-0026911,LB,Jason Phillips,Jason,Phillips,Calf,,Out,Calf,,Out (Definitely Will Not Play),2011-12-09T11:15:26Z
2011,REG,CAR,14,00-0027597,LB,Kion Wilson,Kion,Wilson,Calf,,Out,Calf,,Out (Definitely Will Not Play),2011-12-09T11:15:47Z
2011,REG,CAR,14,00-0022117,T,Jordan Gross,Jordan,Gross,Ankle,,Questionable,Ankle,,Did Not Participate In Practice,2011-12-09T11:16:19Z
2011,REG,CAR,14,00-0022914,CB,Chris Gamble,Chris,Gamble,Not Injury Related,,Probable,Not Injury Related,,Full Participation in Practice,2011-12-09T11:16:43Z
2011,REG,CAR,14,00-0026207,S,Charles Godfrey,Charles,Godfrey,Shoulder,,Probable,Shoulder,,Full Participation in Practice,2011-12-09T11:17:42Z
2011,REG,CAR,14,00-0025418,TE,Greg Olsen,Greg,Olsen,Knee,,Probable,Knee,,Full Participation in Practice,2011-12-09T11:18:03Z
2011,REG,CAR,14,00-0028070,WR,Kealoha Pilares,Kealoha,Pilares,Thigh,,Probable,Thigh,,Full Participation in Practice,2011-12-09T11:18:32Z
2011,REG,CAR,14,00-0021148,TE,Jeremy Shockey,Jeremy,Shockey,Not Injury Related,,Probable,Not Injury Related,,Full Participation in Practice,2011-12-09T11:19:21Z
2011,REG,CAR,14,00-0020337,WR,Steve Smith,Steve,Smith,Not Injury Related,,Probable,Not Injury Related,,Full Participation in Practice,2011-12-09T11:19:39Z
2011,REG,CAR,14,00-0022214,G,Travelle Wharton,Travelle,Wharton,Back,,Probable,Back,,Full Participation in Practice,2011-12-09T11:20:00Z
2011,REG,CHI,14,00-0022085,DT,Anthony Adams,Anthony,Adams,,,,Back,,Full Participation in Practice,2011-12-08T13:41:50Z
2011,REG,CHI,14,00-0026905,DT,Henry Melton,Henry,Melton,,,,Knee,,Full Participation in Practice,2011-12-07T13:59:20Z
2011,REG,CHI,14,00-0022123,CB,Charles Tillman,Charles,Tillman,,,,Quadricep,,Full Participation in Practice,2011-12-08T13:41:58Z
2011,REG,CHI,14,00-0019456,LB,Brian Urlacher,Brian,Urlacher,,,,Quadricep,,Full Participation in Practice,2011-12-08T13:42:05Z
2011,REG,CHI,14,00-0024226,QB,Jay Cutler,Jay,Cutler,right Thumb,,Out,right Thumb,,Out (Definitely Will Not Play),2011-12-09T11:16:39Z
2011,REG,CHI,14,00-0026184,RB,Matt Forte,Matt,Forte,Knee,,Out,Knee,,Out (Definitely Will Not Play),2011-12-09T11:16:49Z
2011,REG,CHI,14,00-0027680,S,Major Wright,Major,Wright,Shoulder,,Out,Shoulder,,Out (Definitely Will Not Play),2011-12-09T11:17:01Z
2011,REG,CIN,14,00-0028004,LB,Dontay Moch,Dontay,Moch,Illness,,Out,Illness,,Did Not Participate In Practice,2011-12-09T10:59:24Z
2011,REG,CIN,14,00-0027662,DE,Carlos Dunlap,Carlos,Dunlap,Hamstring,,Doubtful,Hamstring,,Did Not Participate In Practice,2011-12-09T10:59:37Z
2011,REG,CIN,14,00-0025439,RB,Brian Leonard,Brian,Leonard,Knee,,Questionable,Knee,,Did Not Participate In Practice,2011-12-09T10:59:54Z
2011,REG,CIN,14,00-0020495,CB,Nate Clements,Nate,Clements,Hamstring,,Questionable,Hamstring,,Limited Participation in Practice,2011-12-09T10:59:47Z
2011,REG,CIN,14,00-0026982,T,Andre Smith,Andre,Smith,Ankle,,Questionable,Ankle,,Limited Participation in Practice,2011-12-09T11:00:07Z
2011,REG,CIN,14,00-0023439,RB,Cedric Benson,Cedric,Benson,Foot,,Probable,Foot,,Full Participation in Practice,2011-12-09T10:55:16Z
2011,REG,CIN,14,00-0024670,C,Kyle Cook,Kyle,Cook,Shoulder,,Probable,Shoulder,,Full Participation in Practice,2011-12-09T10:55:16Z
2011,REG,CIN,14,00-0022167,S,Chris Crocker,Chris,Crocker,Knee,,Probable,Knee,,Full Participation in Practice,2011-12-09T10:55:16Z
2011,REG,CIN,14,00-0024356,LB,Brandon Johnson,Brandon,Johnson,Knee,,Probable,Knee,,Full Participation in Practice,2011-12-09T10:55:16Z
2011,REG,CIN,14,00-0021929,TE,Donald Lee,Donald,Lee,Foot,,Probable,Foot,,Full Participation in Practice,2011-12-09T10:55:16Z
2011,REG,CLE,14,00-0028458,LB,Quinton Spears,Quinton,Spears,Hamstring,,Out,Hamstring,,Did Not Participate In Practice,2011-12-07T09:28:45Z
2011,REG,CLE,14,00-0027653,S,T.J. Ward,T.J.,Ward,Foot,,Out,Foot,,Did Not Participate In Practice,2011-12-07T09:28:52Z
2011,REG,CLE,14,00-0022247,S,Mike Adams,Mike,Adams,Shoulder,,Questionable,Shoulder,,Limited Participation in Practice,2011-12-07T09:27:43Z
2011,REG,CLE,14,00-0026367,RB,Peyton Hillis,Peyton,Hillis,Hip,,Questionable,Hip,,Limited Participation in Practice,2011-12-07T09:28:06Z
2011,REG,CLE,14,00-0022149,T,Tony Pashos,Tony,Pashos,Ankle,,Questionable,Ankle,,Limited Participation in Practice,2011-12-07T09:28:35Z
2011,REG,CLE,14,00-0024286,LB,Chris Gocong,Chris,Gocong,Hip,,Probable,Hip,,Full Participation in Practice,2011-12-07T09:27:34Z
2011,REG,CLE,14,00-0027666,RB,Montario Hardesty,Montario,Hardesty,Calf,,Probable,Calf,,Full Participation in Practice,2011-12-07T09:27:34Z
2011,REG,CLE,14,00-0027688,QB,Colt McCoy,Colt,McCoy,Knee,,Probable,Knee,,Full Participation in Practice,2011-12-07T09:27:34Z
2011,REG,CLE,14,00-0023893,DE,Jayme Mitchell,Jayme,Mitchell,Ankle,,Probable,Ankle,,Full Participation in Practice,2011-12-07T09:27:34Z
2011,REG,DAL,14,00-0023405,S,Abram Elam,Abram,Elam,,,,Not Injury Related,,Did Not Participate In Practice,2011-12-09T12:19:45Z
2011,REG,DAL,14,00-0028613,RB,Phillip Tanner,Phillip,Tanner,,,,Hamstring,,Did Not Participate In Practice,2011-12-08T12:35:12Z
2011,REG,DAL,14,00-0009311,QB,Jon Kitna,Jon,Kitna,Back,,Out,Back,,Did Not Participate In Practice,2011-12-09T12:21:15Z
2011,REG,DAL,14,00-0027852,DT,Josh Price-Brent,Josh,Price-Brent,Knee,,Out,Knee,,Did Not Participate In Practice,2011-12-09T12:21:39Z
2011,REG,DAL,14,00-0026201,TE,Martellus Bennett,Martellus,Bennett,Ribs,,Doubtful,Ribs,,Did Not Participate In Practice,2011-12-09T12:21:01Z
2011,REG,DAL,14,00-0027422,S,Danny McCray,Danny,McCray,Ankle,,Doubtful,Ankle,,Did Not Participate In Practice,2011-12-09T12:21:32Z
2011,REG,DAL,14,00-0023921,WR,Miles Austin,Miles,Austin,Hamstring,,Questionable,Hamstring,,Limited Participation in Practice,2011-12-09T12:20:54Z
2011,REG,DAL,14,00-0027093,RB,Tony Fiammetta,Tony,Fiammetta,Illness,,Questionable,Illness,,Limited Participation in Practice,2011-12-09T12:21:08Z
2011,REG,DAL,14,00-0021348,G,Kyle Kosier,Kyle,Kosier,Foot,,Questionable,Foot,,Limited Participation in Practice,2011-12-09T12:21:23Z
2011,REG,DAL,14,00-0025462,WR,Laurent Robinson,Laurent,Robinson,Shoulder,,Questionable,Shoulder,,Limited Participation in Practice,2011-12-09T12:21:48Z
2011,REG,DAL,14,00-0023445,LB,DeMarcus Ware,DeMarcus,Ware,Neck,,Questionable,Neck,,Limited Participation in Practice,2011-12-09T12:21:55Z
2011,REG,DAL,14,00-0027663,LB,Sean Lee,Sean,Lee,Wrist,,Probable,Wrist,,Full Participation in Practice,2011-12-09T12:20:25Z
2011,REG,DAL,14,00-0021488,P,Mat McBriar,Mat,McBriar,left Foot,,Probable,left Foot,,Full Participation in Practice,2011-12-09T12:20:25Z
2011,REG,DEN,14,00-0026182,WR,Eddie Royal,Eddie,Royal,Concussion,,Questionable,Concussion,,Did Not Participate In Practice,2011-12-09T11:32:45Z
2011,REG,DEN,14,00-0022178,RB,Willis McGahee,Willis,McGahee,Knee,,Questionable,Knee,,Limited Participation in Practice,2011-12-09T11:32:57Z
2011,REG,DEN,14,00-0027083,S,David Bruton,David,Bruton,Achilles,,Probable,Achilles,,Full Participation in Practice,2011-12-09T11:32:30Z
2011,REG,DEN,14,00-0028046,S,Quinton Carter,Quinton,Carter,Heat Cramps,,Probable,Heat Cramps,,Full Participation in Practice,2011-12-09T11:32:30Z
2011,REG,DEN,14,00-0026152,T,Ryan Clady,Ryan,Clady,Knee,,Probable,Knee,,Full Participation in Practice,2011-12-09T11:32:30Z
2011,REG,DEN,14,00-0026799,RB,Jeremiah Johnson,Jeremiah,Johnson,Ankle,,Probable,Ankle,,Full Participation in Practice,2011-12-09T11:32:30Z
2011,REG,DEN,14,00-0027940,LB,Von Miller,Von,Miller,Thumb,,Probable,Thumb,,Full Participation in Practice,2011-12-09T11:32:30Z
2011,REG,DEN,14,00-0027573,DT,Mitch Unrein,Mitch,Unrein,Back,,Probable,Back,,Full Participation in Practice,2011-12-09T11:32:30Z
2011,REG,DET,14,00-0027671,S,Amari Spievey,Amari,Spievey,,,,Illness,,Did Not Participate In Practice,2011-12-08T12:55:25Z
2011,REG,DET,14,00-0020382,DE,Kyle Vanden Bosch,Kyle,Vanden Bosch,,,,Not Injury Related,,Did Not Participate In Practice,2011-12-07T12:54:16Z
2011,REG,DET,14,00-0025527,CB,Brandon McDonald,Brandon,McDonald,,,,Thigh,,Limited Participation in Practice,2011-12-08T12:54:50Z
2011,REG,DET,14,00-0026168,DE,Lawrence Jackson,Lawrence,Jackson,Thigh,,Out,Thigh,,Did Not Participate In Practice,2011-12-09T13:43:36Z
2011,REG,DET,14,00-0027009,S,Louis Delmas,Louis,Delmas,Knee,,Doubtful,Knee,,Did Not Participate In Practice,2011-12-09T13:43:14Z
2011,REG,DET,14,00-0025428,CB,Chris Houston,Chris,Houston,Knee,,Doubtful,Knee,,Did Not Participate In Practice,2011-12-09T13:43:20Z
2011,REG,DET,14,00-0025435,LB,Justin Durant,Justin,Durant,Hamstring,,Questionable,Hamstring,,Did Not Participate In Practice,2011-12-09T13:43:26Z
2011,REG,DET,14,00-0027951,DT,Nick Fairley,Nick,Fairley,Foot,,Questionable,Foot,,Did Not Participate In Practice,2011-12-09T13:43:32Z
2011,REG,DET,14,00-0026204,RB,Kevin Smith,Kevin,Smith,Ankle,,Questionable,Ankle,,Limited Participation in Practice,2011-12-09T13:43:49Z
2011,REG,DET,14,00-0024343,G,Rob Sims,Rob,Sims,Shoulder,,Probable,Shoulder,,Limited Participation in Practice,2011-12-09T13:43:00Z
2011,REG,DET,14,00-0027808,DE,Willie Young,Willie,Young,Ankle,,Probable,Ankle,,Limited Participation in Practice,2011-12-09T13:43:00Z
2011,REG,GB,14,00-0025579,LB,Desmond Bishop,Desmond,Bishop,Calf,,Out,Calf,,Did Not Participate In Practice,2011-12-09T12:06:22Z
2011,REG,GB,14,00-0028605,LB,Vic So'oto,Vic,So'oto,Back,,Out,Back,,Did Not Participate In Practice,2011-12-09T12:06:54Z
2011,REG,GB,14,00-0027791,RB,James Starks,James,Starks,Knee,Ankle,Out,Knee,Ankle,Did Not Participate In Practice,2011-12-09T12:07:01Z
2011,REG,GB,14,00-0019702,T,Chad Clifton,Chad,Clifton,Hamstring,Back,Out,Hamstring,Back,Out (Definitely Will Not Play),2011-12-09T12:06:29Z
2011,REG,GB,14,00-0026275,G,Josh Sitton,Josh,Sitton,Knee,,Out,Knee,,Out (Definitely Will Not Play),2011-12-09T12:06:43Z
2011,REG,GB,14,00-0024220,LB,A.J. Hawk,A.J.,Hawk,Calf,,Questionable,Calf,,Limited Participation in Practice,2011-12-09T12:06:36Z
2011,REG,GB,14,00-0018227,CB,Charles Woodson,Charles,Woodson,Concussion,,Probable,Concussion,,Full Participation in Practice,2011-12-09T12:06:11Z
2011,REG,HOU,14,00-0022044,WR,Andre Johnson,Andre,Johnson,Hamstring,,Out,Hamstring,,Did Not Participate In Practice,2011-12-09T11:05:17Z
2011,REG,HOU,14,00-0023219,DE,Tim Bulman,Tim,Bulman,Calf,,Questionable,Calf,,Did Not Participate In Practice,2011-12-09T11:05:30Z
2011,REG,HOU,14,00-0021931,WR,Kevin Walter,Kevin,Walter,Illness,,Questionable,Illness,,Did Not Participate In Practice,2011-12-09T11:07:26Z
2011,REG,HOU,14,00-0024394,RB,Lawrence Vickers,Lawrence,Vickers,Hamstring,,Questionable,Hamstring,,Limited Participation in Practice,2011-12-09T11:05:51Z
2011,REG,HOU,14,00-0028533,LB,Mister Alexander,Mister,Alexander,Shoulder,,Probable,Shoulder,,Full Participation in Practice,2011-12-09T11:05:03Z
2011,REG,HOU,14,00-0024231,CB,Jason Allen,Jason,Allen,Thumb,Head,Probable,Thumb,Head,Full Participation in Practice,2011-12-09T11:05:03Z
2011,REG,HOU,14,00-0027109,RB,James Casey,James,Casey,Chest,,Probable,Chest,,Full Participation in Practice,2011-12-09T11:05:03Z
2011,REG,HOU,14,00-0026991,LB,Brian Cushing,Brian,Cushing,Ribs,Knee,Probable,Ribs,Knee,Full Participation in Practice,2011-12-09T11:05:03Z
2011,REG,HOU,14,00-0004161,QB,Jake Delhomme,Jake,Delhomme,Calf,,Probable,Calf,,Full Participation in Practice,2011-12-09T11:05:03Z
2011,REG,HOU,14,00-0023630,TE,Joel Dreessen,Joel,Dreessen,Groin,,Probable,Groin,,Full Participation in Practice,2011-12-09T11:05:03Z
2011,REG,HOU,14,00-0027718,TE,Garrett Graham,Garrett,Graham,Hamstring,,Probable,Hamstring,,Full Participation in Practice,2011-12-09T11:05:03Z
2011,REG,HOU,14,00-0027998,CB,Brandon Harris,Brandon,Harris,Hip,,Probable,Hip,,Full Participation in Practice,2011-12-09T11:08:15Z
2011,REG,HOU,14,00-0026935,CB,Brice McCain,Brice,McCain,Shoulder,,Probable,Shoulder,,Full Participation in Practice,2011-12-09T11:06:35Z
2011,REG,HOU,14,00-0027081,S,Glover Quin,Glover,Quin,Elbow,Knee,Probable,Elbow,Knee,Full Participation in Practice,2011-12-09T11:06:59Z
2011,REG,HOU,14,00-0022793,DE,Antonio Smith,Antonio,Smith,Shoulder,,Probable,Shoulder,,Full Participation in Practice,2011-12-09T11:05:03Z
2011,REG,HOU,14,00-0024281,T,Eric Winston,Eric,Winston,Knee,,Probable,Knee,,Full Participation in Practice,2011-12-09T11:08:48Z
2011,REG,HOU,14,00-0023846,G,Mike Brisiel,Mike,Brisiel,Ankle,,Probable,Ankle,,Limited Participation in Practice,2011-12-09T11:05:03Z
2011,REG,IND,14,00-0021146,DE,Dwight Freeney,Dwight,Freeney,,,,Not Injury Related,,Full Participation in Practice,2011-12-09T11:13:41Z
2011,REG,IND,14,00-0022059,DE,Robert Mathis,Robert,Mathis,,,,Not Injury Related,,Full Participation in Practice,2011-12-09T11:15:25Z
2011,REG,IND,14,00-0014375,C,Jeff Saturday,Jeff,Saturday,,,,Not Injury Related,,Full Participation in Practice,2011-12-09T11:16:11Z
2011,REG,IND,14,00-0020498,WR,Reggie Wayne,Reggie,Wayne,,,,Not Injury Related,,Full Participation in Practice,2011-12-09T11:16:53Z
2011,REG,IND,14,00-0027719,LB,A.J. Edds,A.J.,Edds,Ankle,,Out,Ankle,,Did Not Participate In Practice,2011-12-09T11:18:52Z
2011,REG,IND,14,00-0010346,QB,Peyton Manning,Peyton,Manning,Neck,,Out,Neck,,Out (Definitely Will Not Play),2011-12-09T11:19:52Z
2011,REG,IND,14,00-0026408,G,Joe Reitz,Joe,Reitz,Knee,,Questionable,Knee,,Did Not Participate In Practice,2011-12-09T11:22:06Z
2011,REG,IND,14,00-0027892,LB,Pat Angerer,Pat,Angerer,Knee,,Questionable,Knee,,Full Participation in Practice,2011-12-09T11:17:42Z
2011,REG,IND,14,00-0022165,TE,Dallas Clark,Dallas,Clark,Fibula,,Questionable,Fibula,,Full Participation in Practice,2011-12-09T11:18:17Z
2011,REG,IND,14,00-0027761,TE,Brody Eldridge,Brody,Eldridge,Hand,,Questionable,Hand,,Full Participation in Practice,2011-12-09T11:19:18Z
2011,REG,IND,14,00-0025419,WR,Anthony Gonzalez,Anthony,Gonzalez,Groin,,Questionable,Groin,,Full Participation in Practice,2011-12-09T11:19:34Z
2011,REG,IND,14,00-0028486,TE,Ryan Mahaffey,Ryan,Mahaffey,Concussion,,Questionable,Concussion,,Full Participation in Practice,2011-12-09T11:19:43Z
2011,REG,IND,14,00-0024224,LB,Ernie Sims,Ernie,Sims,Toe,,Questionable,Toe,,Full Participation in Practice,2011-12-09T11:20:51Z
2011,REG,JAX,14,00-0028410,CB,T.J. Heath,T.J.,Heath,Shoulder,,Out,Shoulder,,Did Not Participate In Practice,2011-12-09T12:19:24Z
2011,REG,JAX,14,00-0021269,DE,Aaron Kampman,Aaron,Kampman,Hamstring,,Out,Hamstring,,Did Not Participate In Practice,2011-12-09T12:19:50Z
2011,REG,JAX,14,00-0023481,DE,Matt Roth,Matt,Roth,Concussion,,Out,Concussion,,Did Not Participate In Practice,2011-12-09T12:20:18Z
2011,REG,JAX,14,00-0026253,S,Dwight Lowery,Dwight,Lowery,Shoulder,,Questionable,Shoulder,,Limited Participation in Practice,2011-12-09T12:20:12Z
2011,REG,JAX,14,00-0027862,DT,Tyson Alualu,Tyson,Alualu,Not Injury Related,,Probable,Not Injury Related,,Full Participation in Practice,2011-12-09T12:18:52Z
2011,REG,JAX,14,00-0022897,RB,Greg Jones,Greg,Jones,Not Injury Related,,Probable,Not Injury Related,,Limited Participation in Practice,2011-12-09T12:18:52Z
2011,REG,JAX,14,00-0024275,RB,Maurice Jones-Drew,Maurice,Jones-Drew,Not Injury Related,,Probable,Not Injury Related,,Limited Participation in Practice,2011-12-09T12:18:52Z
2011,REG,JAX,14,00-0024243,TE,Marcedes Lewis,Marcedes,Lewis,Ankle,,Probable,Ankle,,Limited Participation in Practice,2011-12-09T12:18:52Z
2011,REG,JAX,14,00-0028052,WR,Cecil Shorts,Cecil,Shorts,Hamstring,,Probable,Hamstring,,Limited Participation in Practice,2011-12-09T12:18:52Z
2011,REG,JAX,14,00-0024344,T,Guy Whimper,Guy,Whimper,Thigh,,Probable,Thigh,,Limited Participation in Practice,2011-12-09T12:18:52Z
2011,REG,KC,14,00-0023541,QB,Kyle Orton,Kyle,Orton,right Finger,,Doubtful,right Finger,,Limited Participation in Practice,2011-12-09T12:13:35Z
2011,REG,KC,14,00-0026869,LB,Jovan Belcher,Jovan,Belcher,Shoulder,,Questionable,Shoulder,,Full Participation in Practice,2011-12-09T12:14:13Z
2011,REG,KC,14,00-0022707,LB,Demorrio Williams,Demorrio,Williams,Groin,,Questionable,Groin,,Full Participation in Practice,2011-12-09T12:13:05Z
2011,REG,KC,14,00-0026105,DE,Wallace Gilberry,Wallace,Gilberry,Chest,,Probable,Chest,,Limited Participation in Practice,2011-12-09T12:20:10Z
2011,REG,KC,14,00-0017638,C,Casey Wiegmann,Casey,Wiegmann,Finger,,Probable,Finger,,Limited Participation in Practice,2011-12-09T12:13:17Z
2011,REG,MIA,14,00-0022067,S,Yeremiah Bell,Yeremiah,Bell,Foot,,Probable,Foot,,Full Participation in Practice,2011-12-09T11:05:44Z
2011,REG,MIA,14,00-0022890,G,Vernon Carey,Vernon,Carey,Ankle,,Probable,Ankle,,Full Participation in Practice,2011-12-09T11:05:44Z
2011,REG,MIN,14,00-0027649,CB,Chris Cook,Chris,Cook,Not Injury Related,,Out,Not Injury Related,,Out (Definitely Will Not Play),2011-12-09T10:52:53Z
2011,REG,MIN,14,00-0025394,RB,Adrian Peterson,Adrian,Peterson,Ankle,,Questionable,Ankle,,Limited Participation in Practice,2011-12-09T10:53:09Z
2011,REG,MIN,14,00-0027950,QB,Christian Ponder,Christian,Ponder,Hip,,Questionable,Hip,,Limited Participation in Practice,2011-12-09T10:53:19Z
2011,REG,MIN,14,00-0027058,CB,Asher Allen,Asher,Allen,Shoulder,,Probable,Shoulder,,Full Participation in Practice,2011-12-09T10:52:43Z
2011,REG,MIN,14,00-0024232,LB,Chad Greenway,Chad,Greenway,Elbow,,Probable,Elbow,,Full Participation in Practice,2011-12-09T10:52:43Z
2011,REG,MIN,14,00-0027701,DE,Everson Griffen,Everson,Griffen,Quadricep,,Probable,Quadricep,,Full Participation in Practice,2011-12-09T10:52:43Z
2011,REG,MIN,14,00-0022081,LB,E.J. Henderson,E.J.,Henderson,Shoulder,,Probable,Shoulder,,Full Participation in Practice,2011-12-09T10:52:43Z
2011,REG,MIN,14,00-0022266,G,Anthony Herrera,Anthony,Herrera,Knee,,Probable,Knee,,Full Participation in Practice,2011-12-09T10:52:43Z
2011,REG,MIN,14,00-0020466,G,Steve Hutchinson,Steve,Hutchinson,Illness,,Probable,Illness,,Full Participation in Practice,2011-12-09T10:52:43Z
2011,REG,MIN,14,00-0025489,DE,Brian Robison,Brian,Robison,Concussion,,Probable,Concussion,,Full Participation in Practice,2011-12-09T10:52:43Z
2011,REG,MIN,14,00-0022054,TE,Visanthe Shiancoe,Visanthe,Shiancoe,Hand,,Probable,Hand,,Full Participation in Practice,2011-12-09T10:52:43Z
2011,REG,MIN,14,00-0026998,WR,Percy Harvin,Percy,Harvin,Finger,,Probable,Finger,,Limited Participation in Practice,2011-12-09T10:52:43Z
2011,REG,NE,14,00-0028011,RB,Stevan Ridley,Stevan,Ridley,,,,Not Injury Related,,Did Not Participate In Practice,2011-12-08T12:31:30Z
2011,REG,NE,14,00-0027034,T,Sebastian Vollmer,Sebastian,Vollmer,Back,Foot,Out,Back,Foot,Did Not Participate In Practice,2011-12-09T12:33:54Z
2011,REG,NE,14,00-0027661,LB,Jermaine Cunningham,Jermaine,Cunningham,Hamstring,,Doubtful,Hamstring,,Limited Participation in Practice,2011-12-09T12:34:38Z
2011,REG,NE,14,00-0026071,CB,Kyle Arrington,Kyle,Arrington,Foot,,Questionable,Foot,,Limited Participation in Practice,2011-12-09T12:33:45Z
2011,REG,NE,14,00-0027010,S,Patrick Chung,Patrick,Chung,Foot,,Questionable,Foot,,Limited Participation in Practice,2011-12-09T12:35:00Z
2011,REG,NE,14,00-0022979,G,Dan Connolly,Dan,Connolly,Groin,,Questionable,Groin,,Limited Participation in Practice,2011-12-09T12:35:29Z
2011,REG,NE,14,00-0027150,WR,Julian Edelman,Julian,Edelman,Back,,Questionable,Back,,Limited Participation in Practice,2011-12-09T12:35:41Z
2011,REG,NE,14,00-0027237,LB,Dane Fletcher,Dane,Fletcher,Thumb,,Questionable,Thumb,,Limited Participation in Practice,2011-12-09T12:35:50Z
2011,REG,NE,14,00-0025753,S,James Ihedigbo,James,Ihedigbo,Shoulder,,Questionable,Shoulder,,Limited Participation in Practice,2011-12-09T12:35:57Z
2011,REG,NE,14,00-0027647,CB,Devin McCourty,Devin,McCourty,Shoulder,,Questionable,Shoulder,,Limited Participation in Practice,2011-12-09T12:36:04Z
2011,REG,NE,14,00-0026293,WR,Matt Slater,Matt,Slater,Shoulder,,Questionable,Shoulder,,Limited Participation in Practice,2011-12-09T12:36:14Z
2011,REG,NE,14,00-0027668,LB,Brandon Spikes,Brandon,Spikes,Knee,,Questionable,Knee,,Limited Participation in Practice,2011-12-09T12:36:22Z
2011,REG,NE,14,00-0027994,RB,Shane Vereen,Shane,Vereen,Hamstring,,Questionable,Hamstring,,Limited Participation in Practice,2011-12-09T12:36:33Z
2011,REG,NE,14,00-0025866,C,Ryan Wendell,Ryan,Wendell,Calf,,Questionable,Calf,,Limited Participation in Practice,2011-12-09T12:36:58Z
2011,REG,NE,14,00-0026019,RB,Danny Woodhead,Danny,Woodhead,Abdomen,,Questionable,Abdomen,,Limited Participation in Practice,2011-12-09T12:37:05Z
2011,REG,NE,14,00-0028076,T,Marcus Cannon,Marcus,Cannon,Not Injury Related,,Probable,Not Injury Related,,Did Not Participate In Practice,2011-12-09T12:37:32Z
2011,REG,NE,14,00-0022427,WR,Wes Welker,Wes,Welker,Knee,,Probable,Knee,,Limited Participation in Practice,2011-12-09T12:36:50Z
2011,REG,NO,14,00-0026832,LB,Jonathan Casillas,Jonathan,Casillas,Knee,,Out,Knee,,Did Not Participate In Practice,2011-12-09T11:14:28Z
2011,REG,NO,14,00-0027966,RB,Mark Ingram,Mark,Ingram,Toe,,Out,Toe,,Did Not Participate In Practice,2011-12-09T11:14:57Z
2011,REG,NO,14,00-0025441,DE,Turk McBride,Turk,McBride,Ankle,,Out,Ankle,,Did Not Participate In Practice,2011-12-09T11:14:46Z
2011,REG,NO,14,00-0022778,LB,Jonathan Vilma,Jonathan,Vilma,Knee,,Probable,Knee,,Did Not Participate In Practice,2011-12-09T11:14:18Z
2011,REG,NO,14,00-0026147,DT,Sedrick Ellis,Sedrick,Ellis,Hamstring,,Probable,Hamstring,,Limited Participation in Practice,2011-12-09T11:14:18Z
2011,REG,NO,14,00-0022040,LB,Scott Shanle,Scott,Shanle,Shoulder,,Probable,Shoulder,,Limited Participation in Practice,2011-12-09T11:14:18Z
2011,REG,NYG,14,00-0023468,C,David Baas,David,Baas,Neck,Headaches,Out,Neck,Headaches,Did Not Participate In Practice,2011-12-09T10:15:54Z
2011,REG,NYG,14,00-0028620,LB,Mark Herzlich,Mark,Herzlich,Ankle,,Out,Ankle,,Did Not Participate In Practice,2011-12-09T10:16:06Z
2011,REG,NYG,14,00-0028368,LB,Spencer Paysinger,Spencer,Paysinger,Hamstring,,Out,Hamstring,,Did Not Participate In Practice,2011-12-09T10:16:19Z
2011,REG,NYG,14,00-0021977,DE,Osi Umenyiora,Osi,Umenyiora,Ankle,Knee,Out,Ankle,Knee,Did Not Participate In Practice,2011-12-09T10:16:50Z
2011,REG,NYG,14,00-0026171,S,Kenny Phillips,Kenny,Phillips,Knee,,Doubtful,Knee,,Did Not Participate In Practice,2011-12-09T10:16:32Z
2011,REG,NYG,14,00-0027957,CB,Prince Amukamara,Prince,Amukamara,Back,,Probable,Back,,Limited Participation in Practice,2011-12-09T10:15:42Z
2011,REG,NYG,14,00-0023593,LB,Michael Boley,Michael,Boley,Hamstring,,Probable,Hamstring,,Limited Participation in Practice,2011-12-09T10:15:42Z
2011,REG,NYG,14,00-0025637,RB,Ahmad Bradshaw,Ahmad,Bradshaw,Foot,,Probable,Foot,,Limited Participation in Practice,2011-12-09T10:15:42Z
2011,REG,NYG,14,00-0023545,RB,Brandon Jacobs,Brandon,Jacobs,Hamstring,,Probable,Hamstring,,Limited Participation in Practice,2011-12-09T10:15:42Z
2011,REG,NYG,14,00-0026235,WR,Mario Manningham,Mario,Manningham,Knee,,Probable,Knee,,Limited Participation in Practice,2011-12-09T10:15:42Z
2011,REG,NYG,14,00-0024467,DE,Dave Tollefson,Dave,Tollefson,Knee,,Probable,Knee,,Limited Participation in Practice,2011-12-09T10:15:42Z
2011,REG,NYJ,14,00-0025689,DT,Mike Devito,Mike,Devito,Knee,,Doubtful,Knee,,Did Not Participate In Practice,2011-12-09T10:34:59Z
2011,REG,NYJ,14,00-0020969,G,Brandon Moore,Brandon,Moore,Hip,,Questionable,Hip,,Did Not Participate In Practice,2011-12-09T10:35:23Z
2011,REG,NYJ,14,00-0026043,DT,Marcus Dixon,Marcus,Dixon,Hip,,Questionable,Hip,,Limited Participation in Practice,2011-12-09T10:35:09Z
2011,REG,NYJ,14,00-0027712,RB,Joe McKnight,Joe,McKnight,Elbow,,Questionable,Elbow,,Limited Participation in Practice,2011-12-09T10:35:16Z
2011,REG,NYJ,14,00-0027667,T,Vladimir Ducasse,Vladimir,Ducasse,Knee,,Probable,Knee,,Full Participation in Practice,2011-12-09T10:34:50Z
2011,REG,NYJ,14,00-0026899,RB,Shonn Greene,Shonn,Greene,Rib,,Probable,Rib,,Full Participation in Practice,2011-12-09T10:34:50Z
2011,REG,NYJ,14,00-0025434,LB,David Harris,David,Harris,Ankle,,Probable,Ankle,,Full Participation in Practice,2011-12-09T10:34:50Z
2011,REG,NYJ,14,00-0028091,KR,Jeremy Kerley,Jeremy,Kerley,Knee,,Probable,Knee,,Full Participation in Practice,2011-12-09T10:34:50Z
2011,REG,NYJ,14,00-0027144,CB,Ellis Lankster,Ellis,Lankster,Low Back,,Probable,Low Back,,Full Participation in Practice,2011-12-09T10:34:50Z
2011,REG,NYJ,14,00-0024244,C,Nick Mangold,Nick,Mangold,Ankle,,Probable,Ankle,,Full Participation in Practice,2011-12-09T10:34:50Z
2011,REG,NYJ,14,00-0022120,LB,Calvin Pace,Calvin,Pace,Groin,,Probable,Groin,,Full Participation in Practice,2011-12-09T10:34:50Z
2011,REG,NYJ,14,00-0026493,LS,Tanner Purdum,Tanner,Purdum,Low Back,,Probable,Low Back,,Full Participation in Practice,2011-12-09T10:34:50Z
2011,REG,NYJ,14,00-0026500,G,Matt Slauson,Matt,Slauson,Knee,,Probable,Knee,,Full Participation in Practice,2011-12-09T10:34:50Z
2011,REG,NYJ,14,00-0020536,RB,LaDainian Tomlinson,LaDainian,Tomlinson,Knee,,Probable,Knee,,Full Participation in Practice,2011-12-09T10:34:50Z
2011,REG,NYJ,14,00-0027968,DE,Muhammad Wilkerson,Muhammad,Wilkerson,Shoulder,,Probable,Shoulder,,Full Participation in Practice,2011-12-09T10:34:50Z
2011,REG,NYJ,14,00-0024312,S,Eric Smith,Eric,Smith,Knee,,Probable,Knee,,Limited Participation in Practice,2011-12-09T10:34:50Z
2011,REG,OAK,14,00-0021949,CB,Chris Johnson,Chris,Johnson,,,,Not Injury Related,,Did Not Participate In Practice,2011-12-07T12:40:43Z
2011,REG,OAK,14,00-0023460,QB,Jason Campbell,Jason,Campbell,Collarbone,,Out,Collarbone,,Did Not Participate In Practice,2011-12-09T11:35:56Z
2011,REG,OAK,14,00-0027709,WR,Jacoby Ford,Jacoby,Ford,Foot,,Out,Foot,,Did Not Participate In Practice,2011-12-09T11:36:07Z
2011,REG,OAK,14,00-0028063,RB,Taiwan Jones,Taiwan,Jones,Hamstring,,Out,Hamstring,,Did Not Participate In Practice,2011-12-09T11:36:41Z
2011,REG,OAK,14,00-0026144,RB,Darren McFadden,Darren,McFadden,Foot,,Out,Foot,,Did Not Participate In Practice,2011-12-09T11:36:59Z
2011,REG,OAK,14,00-0028086,WR,Denarius Moore,Denarius,Moore,Foot,,Out,Foot,,Did Not Participate In Practice,2011-12-09T11:37:16Z
2011,REG,OAK,14,00-0021144,DT,John Henderson,John,Henderson,Knee,,Questionable,Knee,,Did Not Participate In Practice,2011-12-09T11:36:20Z
2011,REG,OAK,14,00-0025540,TE,Kevin Boss,Kevin,Boss,Hip,,Probable,Hip,,Full Participation in Practice,2011-12-09T11:35:42Z
2011,REG,OAK,14,00-0024222,S,Michael Huff,Michael,Huff,Ankle,,Probable,Ankle,,Full Participation in Practice,2011-12-09T11:35:42Z
2011,REG,OAK,14,00-0022539,DT,Tommy Kelly,Tommy,Kelly,Toe,,Probable,Toe,,Limited Participation in Practice,2011-12-09T11:35:42Z
2011,REG,OAK,14,00-0025404,DE,Jarvis Moss,Jarvis,Moss,Hamstring,,Probable,Hamstring,,Limited Participation in Practice,2011-12-09T11:35:42Z
2011,REG,OAK,14,00-0026366,WR,Chaz Schilens,Chaz,Schilens,Foot,,Probable,Foot,,Limited Participation in Practice,2011-12-09T11:35:42Z
2011,REG,OAK,14,00-0026309,DE,Trevor Scott,Trevor,Scott,Shoulder,,Probable,Shoulder,,Limited Participation in Practice,2011-12-09T11:35:42Z
2011,REG,OAK,14,00-0020442,DT,Richard Seymour,Richard,Seymour,Knee,,Probable,Knee,,Limited Participation in Practice,2011-12-09T11:35:42Z
2011,REG,PHI,14,00-0021956,CB,Asante Samuel,Asante,Samuel,,,,Not Injury Related,,Did Not Participate In Practice,2011-12-09T10:29:05Z
2011,REG,PHI,14,00-0026156,CB,Dominique Rodgers-Cromartie,Dominique,Rodgers-Cromartie,Ankle,,Questionable,Ankle,,Limited Participation in Practice,2011-12-09T10:33:53Z
2011,REG,PHI,14,00-0022077,CB,Nnamdi Asomugha,Nnamdi,Asomugha,Concussion,Knee,Probable,Concussion,Knee,Full Participation in Practice,2011-12-09T10:32:27Z
2011,REG,PHI,14,00-0023579,DE,Trent Cole,Trent,Cole,Hand,,Probable,Hand,,Full Participation in Practice,2011-12-09T10:32:27Z
2011,REG,PHI,14,00-0026370,T,King Dunlap,King,Dunlap,Concussion,,Probable,Concussion,,Full Participation in Practice,2011-12-09T10:32:27Z
2011,REG,PHI,14,00-0023560,T,Todd Herremans,Todd,Herremans,Biceps,,Probable,Biceps,,Full Participation in Practice,2011-12-09T10:32:27Z
2011,REG,PHI,14,00-0021706,DT,Cullen Jenkins,Cullen,Jenkins,Thumb,,Probable,Thumb,,Full Participation in Practice,2011-12-09T10:32:27Z
2011,REG,PHI,14,00-0026187,DT,Trevor Laws,Trevor,Laws,Knee,,Probable,Knee,,Full Participation in Practice,2011-12-09T10:32:27Z
2011,REG,PHI,14,00-0026995,WR,Jeremy Maclin,Jeremy,Maclin,Hamstring,Shoulder,Probable,Hamstring,Shoulder,Full Participation in Practice,2011-12-09T10:32:27Z
2011,REG,PHI,14,00-0028131,LB,Brian Rolle,Brian,Rolle,Neck,,Probable,Neck,,Full Participation in Practice,2011-12-09T10:33:26Z
2011,REG,PHI,14,00-0020245,QB,Michael Vick,Michael,Vick,Ribs,,Probable,Ribs,,Full Participation in Practice,2011-12-09T10:32:27Z
2011,REG,PHI,14,00-0027961,G,Danny Watkins,Danny,Watkins,Ankle,,Probable,Ankle,,Full Participation in Practice,2011-12-09T10:32:27Z
2011,REG,PIT,14,00-0022064,WR,Arnaz Battle,Arnaz,Battle,Hamstring,,Out,Hamstring,,Did Not Participate In Practice,2011-12-07T11:35:51Z
2011,REG,PIT,14,00-0028100,LB,Chris Carter,Chris,Carter,Hamstring,,Out,Hamstring,,Did Not Participate In Practice,2011-12-07T11:36:02Z
2011,REG,PIT,14,00-0027786,RB,Jonathan Dwyer,Jonathan,Dwyer,Foot,,Out,Foot,,Did Not Participate In Practice,2011-12-07T11:36:16Z
2011,REG,PIT,14,00-0019940,T,Chris Hoke,Chris,Hoke,Neck,,Out,Neck,,Did Not Participate In Practice,2011-12-07T11:36:33Z
2011,REG,PIT,14,00-0027685,WR,Emmanuel Sanders,Emmanuel,Sanders,Foot,,Out,Foot,,Did Not Participate In Practice,2011-12-07T11:36:54Z
2011,REG,PIT,14,00-0025433,LB,LaMarr Woodley,LaMarr,Woodley,Hamstring,,Doubtful,Hamstring,,Did Not Participate In Practice,2011-12-07T11:37:09Z
2011,REG,PIT,14,00-0020840,S,Ryan Clark,Ryan,Clark,Shoulder,,Probable,Shoulder,,Full Participation in Practice,2011-12-07T11:35:37Z
2011,REG,PIT,14,00-0022811,WR,Jerricho Cotchery,Jerricho,Cotchery,Knee,,Probable,Knee,,Full Participation in Practice,2011-12-07T11:35:37Z
2011,REG,PIT,14,00-0005082,LB,James Farrior,James,Farrior,Thumb,,Probable,Thumb,,Full Participation in Practice,2011-12-07T11:35:37Z
2011,REG,PIT,14,00-0021246,LB,Larry Foote,Larry,Foote,Hamstring,,Probable,Hamstring,,Full Participation in Practice,2011-12-07T11:35:37Z
2011,REG,PIT,14,00-0026561,G,Ramon Foster,Ramon,Foster,Ankle,,Probable,Ankle,,Full Participation in Practice,2011-12-07T11:35:37Z
2011,REG,PIT,14,00-0020712,LB,James Harrison,James,Harrison,Back,,Probable,Back,,Full Participation in Practice,2011-12-07T11:35:37Z
2011,REG,PIT,14,00-0026163,RB,Rashard Mendenhall,Rashard,Mendenhall,Back,,Probable,Back,,Full Participation in Practice,2011-12-07T11:35:37Z
2011,REG,PIT,14,00-0023465,TE,Heath Miller,Heath,Miller,Ankle,,Probable,Ankle,,Full Participation in Practice,2011-12-07T11:35:37Z
2011,REG,PIT,14,00-0022217,RB,Mewelde Moore,Mewelde,Moore,Hamstring,,Probable,Hamstring,,Full Participation in Practice,2011-12-07T11:35:37Z
2011,REG,PIT,14,00-0026334,S,Ryan Mundy,Ryan,Mundy,Neck,,Probable,Neck,,Full Participation in Practice,2011-12-07T11:35:37Z
2011,REG,PIT,14,00-0022119,S,Troy Polamalu,Troy,Polamalu,Knee,,Probable,Knee,,Full Participation in Practice,2011-12-07T11:35:37Z
2011,REG,PIT,14,00-0027870,C,Maurkice Pouncey,Maurkice,Pouncey,Ankle,,Probable,Ankle,,Full Participation in Practice,2011-12-07T11:35:37Z
2011,REG,PIT,14,00-0026566,RB,Isaac Redman,Isaac,Redman,Ankle,,Probable,Ankle,,Full Participation in Practice,2011-12-07T11:35:37Z
2011,REG,PIT,14,00-0022924,QB,Ben Roethlisberger,Ben,Roethlisberger,right Thumb,,Probable,right Thumb,,Full Participation in Practice,2011-12-07T11:35:37Z
2011,REG,PIT,14,00-0027765,LB,Stevenson Sylvester,Stevenson,Sylvester,Knee,,Probable,Knee,,Full Participation in Practice,2011-12-07T11:35:37Z
2011,REG,SD,14,00-0027710,S,Darrell Stuckey,Darrell,Stuckey,Groin,,Doubtful,Groin,,Did Not Participate In Practice,2011-12-09T13:41:27Z
2011,REG,SD,14,00-0027682,LB,Donald Butler,Donald,Butler,Foot,,Questionable,Foot,,Full Participation in Practice,2011-12-09T13:41:13Z
2011,REG,SD,14,00-0022723,LB,Shaun Phillips,Shaun,Phillips,Foot,,Questionable,Foot,,Full Participation in Practice,2011-12-09T13:41:36Z
2011,REG,SD,14,00-0015474,LB,Takeo Spikes,Takeo,Spikes,Back,,Probable,Back,,Did Not Participate In Practice,2011-12-09T13:41:53Z
2011,REG,SD,14,00-0019467,LB,Na'il Diggs,Na'il,Diggs,Chest,,Probable,Chest,,Full Participation in Practice,2011-12-09T13:40:53Z
2011,REG,SD,14,00-0026061,T,Brandyn Dombrowski,Brandyn,Dombrowski,Foot,,Probable,Foot,,Full Participation in Practice,2011-12-09T13:40:53Z
2011,REG,SD,14,00-0027097,G,Tyronne Green,Tyronne,Green,Hand,,Probable,Hand,,Full Participation in Practice,2011-12-09T13:40:53Z
2011,REG,SD,14,00-0022804,C,Nick Hardwick,Nick,Hardwick,Neck,,Probable,Neck,,Full Participation in Practice,2011-12-09T13:40:53Z
2011,REG,SD,14,00-0027956,DE,Corey Liuget,Corey,Liuget,Fibula,,Probable,Fibula,,Full Participation in Practice,2011-12-09T13:40:53Z
2011,REG,SD,14,00-0027052,G,Louis Vasquez,Louis,Vasquez,Ankle,,Probable,Ankle,,Full Participation in Practice,2011-12-09T13:40:53Z
2011,REG,SEA,14,00-0021340,DE,Raheem Brock,Raheem,Brock,Calf,,Questionable,Calf,,Full Participation in Practice,2011-12-10T13:32:09Z
2011,REG,SEA,14,00-0025999,LB,David Hawthorne,David,Hawthorne,Knee,,Questionable,Knee,,Full Participation in Practice,2011-12-10T13:32:20Z
2011,REG,SEA,14,00-0028111,CB,Byron Maxwell,Byron,Maxwell,Illness,,Questionable,Illness,,Full Participation in Practice,2011-12-10T13:32:27Z
2011,REG,SEA,14,00-0026391,CB,Kennard Cox,Kennard,Cox,Hamstring,,Questionable,Hamstring,,Limited Participation in Practice,2011-12-10T13:32:15Z
2011,REG,SEA,14,00-0024279,QB,Tarvaris Jackson,Tarvaris,Jackson,Pectoral,,Probable,Pectoral,,Full Participation in Practice,2011-12-10T13:32:02Z
2011,REG,SF,14,00-0025398,LB,Patrick Willis,Patrick,Willis,Hamstring,,Questionable,Hamstring,,Did Not Participate In Practice,2011-12-09T14:17:36Z
2011,REG,SF,14,00-0025534,CB,Tarell Brown,Tarell,Brown,Ankle,,Questionable,Ankle,,Limited Participation in Practice,2011-12-09T14:16:36Z
2011,REG,SF,14,00-0023438,WR,Braylon Edwards,Braylon,Edwards,Knee,,Questionable,Knee,,Limited Participation in Practice,2011-12-09T14:16:51Z
2011,REG,SF,14,00-0023444,CB,Carlos Rogers,Carlos,Rogers,Knee,,Questionable,Knee,,Limited Participation in Practice,2011-12-09T14:17:11Z
2011,REG,STL,14,00-0020305,QB,A.J. Feeley,A.J.,Feeley,right Thumb,,Out,right Thumb,,Did Not Participate In Practice,2011-12-10T10:39:41Z
2011,REG,STL,14,00-0027437,RB,Quinn Porter,Quinn,Porter,Abdomen,,Out,Abdomen,,Did Not Participate In Practice,2011-12-10T10:40:00Z
2011,REG,STL,14,00-0026712,RB,Brit Miller,Brit,Miller,Knee,,Questionable,Knee,,Did Not Participate In Practice,2011-12-10T10:40:21Z
2011,REG,STL,14,00-0019706,DT,Fred Robbins,Fred,Robbins,Back,,Questionable,Back,,Did Not Participate In Practice,2011-12-10T10:40:09Z
2011,REG,STL,14,00-0027854,QB,Sam Bradford,Sam,Bradford,Ankle,,Questionable,Ankle,,Limited Participation in Practice,2011-12-10T10:39:32Z
2011,REG,STL,14,00-0026142,DE,Chris Long,Chris,Long,Ankle,,Questionable,Ankle,,Limited Participation in Practice,2011-12-10T10:39:52Z
2011,REG,STL,14,00-0027985,TE,Lance Kendricks,Lance,Kendricks,Not Injury Related,,Probable,Not Injury Related,,Did Not Participate In Practice,2011-12-10T12:03:39Z
2011,REG,STL,14,00-0023880,T,Mark LeVoir,Mark,LeVoir,Chest,,Probable,Chest,,Full Participation in Practice,2011-12-10T10:39:24Z
2011,REG,STL,14,00-0027787,DE,Eugene Sims,Eugene,Sims,Ankle,,Probable,Ankle,,Full Participation in Practice,2011-12-10T10:39:24Z
2011,REG,TB,14,00-0025443,DE,Tim Crowder,Tim,Crowder,,,,Concussion,,Did Not Participate In Practice,2011-12-08T12:48:22Z
2011,REG,TB,14,00-0022922,TE,Kellen Winslow,Kellen,Winslow,,,,Not Injury Related,,Did Not Participate In Practice,2011-12-07T13:13:29Z
2011,REG,TB,14,00-0026160,CB,Aqib Talib,Aqib,Talib,Hamstring,,Out,Hamstring,,Did Not Participate In Practice,2011-12-09T11:22:33Z
2011,REG,TB,14,00-0027759,S,Larry Asante,Larry,Asante,Hamstring,,Doubtful,Hamstring,,Did Not Participate In Practice,2011-12-09T11:21:14Z
2011,REG,TB,14,00-0021149,DE,Albert Haynesworth,Albert,Haynesworth,Knee,,Questionable,Knee,,Full Participation in Practice,2011-12-09T11:21:59Z
2011,REG,TB,14,00-0026993,QB,Josh Freeman,Josh,Freeman,right Shoulder,,Questionable,right Shoulder,,Limited Participation in Practice,2011-12-09T11:21:45Z
2011,REG,TB,14,00-0025569,LB,Adam Hayward,Adam,Hayward,Foot,,Probable,Foot,,Did Not Participate In Practice,2011-12-09T11:21:05Z
2011,REG,TB,14,00-0026618,DE,Michael Bennett,Michael,Bennett,Groin,,Probable,Groin,,Full Participation in Practice,2011-12-09T11:21:05Z
2011,REG,TB,14,00-0026080,T,James Lee,James,Lee,Knee,,Probable,Knee,,Full Participation in Practice,2011-12-09T11:21:05Z
2011,REG,TB,14,00-0027650,DT,Brian Price,Brian,Price,Ankle,,Probable,Ankle,,Full Participation in Practice,2011-12-09T11:21:05Z
2011,REG,TB,14,00-0028042,TE,Luke Stocker,Luke,Stocker,Hip,,Probable,Hip,,Full Participation in Practice,2011-12-09T11:21:05Z
2011,REG,TEN,14,00-0023471,LB,Barrett Ruud,Barrett,Ruud,Groin,,Out,Groin,,Did Not Participate In Practice,2011-12-09T11:43:00Z
2011,REG,TEN,14,00-0025833,LB,Patrick Bailey,Patrick,Bailey,Hamstring,,Questionable,Hamstring,,Did Not Participate In Practice,2011-12-09T11:42:45Z
2011,REG,TEN,14,00-0027136,CB,Jason McCourty,Jason,McCourty,Concussion,,Questionable,Concussion,,Did Not Participate In Practice,2011-12-09T11:42:54Z
2011,REG,TEN,14,00-0023367,WR,Nate Washington,Nate,Washington,Ankle,,Questionable,Ankle,,Did Not Participate In Practice,2011-12-09T11:43:06Z
2011,REG,TEN,14,00-0022771,C,Eugene Amano,Eugene,Amano,Knee,,Probable,Knee,,Full Participation in Practice,2011-12-09T11:42:38Z
2011,REG,WAS,14,00-0028191,DT,Chris Neild,Chris,Neild,,,,Not Injury Related,,Did Not Participate In Practice,2011-12-07T11:25:54Z
2011,REG,WAS,14,00-0026512,DT,Chris Baker,Chris,Baker,Quadricep,,Out,Quadricep,,Did Not Participate In Practice,2011-12-09T10:11:20Z
2011,REG,WAS,14,00-0025393,S,LaRon Landry,LaRon,Landry,Groin,,Out,Groin,,Did Not Participate In Practice,2011-12-09T10:11:32Z
2011,REG,WAS,14,00-0027813,WR,Terrence Austin,Terrence,Austin,Hamstring,,Probable,Hamstring,,Full Participation in Practice,2011-12-09T10:11:13Z
2011,REG,WAS,14,00-0023954,DE,Stephen Bowen,Stephen,Bowen,Knee,,Probable,Knee,,Full Participation in Practice,2011-12-09T10:11:13Z
2011,REG,WAS,14,00-0023447,T,Jammal Brown,Jammal,Brown,Hip,,Probable,Hip,,Full Participation in Practice,2011-12-09T10:11:13Z
2011,REG,WAS,14,00-0005322,LB,London Fletcher,London,Fletcher,Ankle,,Probable,Ankle,,Full Participation in Practice,2011-12-09T10:11:13Z
2011,REG,WAS,14,00-0028084,S,DeJon Gomes,DeJon,Gomes,Knee,,Probable,Knee,,Full Participation in Practice,2011-12-09T10:11:13Z
2011,REG,WAS,14,00-0022121,QB,Rex Grossman,Rex,Grossman,left Shoulder,,Probable,left Shoulder,,Full Participation in Practice,2011-12-09T10:11:13Z
2011,REG,WAS,14,00-0022923,CB,DeAngelo Hall,DeAngelo,Hall,Back,,Probable,Back,,Full Participation in Practice,2011-12-09T10:11:13Z
2011,REG,WAS,14,00-0028155,G,Maurice Hurt,Maurice,Hurt,Knee,,Probable,Knee,,Full Participation in Practice,2011-12-09T10:11:13Z
2011,REG,WAS,14,00-0024515,P,Saverio Rocca,Saverio,Rocca,left Ankle,,Probable,left Ankle,,Full Participation in Practice,2011-12-09T10:11:13Z
2011,REG,WAS,14,00-0026852,RB,Darrel Young,Darrel,Young,Head,,Probable,Head,,Full Participation in Practice,2011-12-09T10:11:13Z
2011,REG,ARI,15,00-0023537,S,Sean Considine,Sean,Considine,Foot,,Out,Foot,,Did Not Participate In Practice,2011-12-16T12:14:08Z
2011,REG,ARI,15,00-0026365,T,Brandon Keith,Brandon,Keith,Ankle,,Questionable,Ankle,,Limited Participation in Practice,2011-12-16T12:14:19Z
2011,REG,ARI,15,00-0025423,QB,Kevin Kolb,Kevin,Kolb,Head,,Questionable,Head,,Limited Participation in Practice,2011-12-16T12:14:24Z
2011,REG,ARI,15,00-0013126,LB,Joey Porter,Joey,Porter,Knee,,Questionable,Knee,,Limited Participation in Practice,2011-12-16T12:14:29Z
2011,REG,ARI,15,00-0028187,WR,DeMarco Sampson,DeMarco,Sampson,Ribs,,Questionable,Ribs,,Limited Participation in Practice,2011-12-16T12:14:35Z
2011,REG,ARI,15,00-0019538,LB,Clark Haggans,Clark,Haggans,Hamstring,,Probable,Hamstring,,Full Participation in Practice,2011-12-16T12:13:23Z
2011,REG,ARI,15,00-0028007,TE,Rob Housler,Rob,Housler,Shoulder,,Probable,Shoulder,,Full Participation in Practice,2011-12-16T12:13:23Z
2011,REG,ARI,15,00-0023557,S,Kerry Rhodes,Kerry,Rhodes,Foot,,Probable,Foot,,Full Participation in Practice,2011-12-16T12:13:23Z
2011,REG,ARI,15,00-0027007,RB,Chris Wells,Chris,Wells,Knee,,Probable,Knee,,Full Participation in Practice,2011-12-16T12:13:23Z
2011,REG,ARI,15,00-0021235,P,Dave Zastudil,Dave,Zastudil,Biceps,,Probable,Biceps,,Limited Participation in Practice,2011-12-16T12:13:23Z
2011,REG,ATL,15,00-0024183,CB,Brent Grimes,Brent,Grimes,Knee,,Doubtful,Knee,,Did Not Participate In Practice,2011-12-14T11:19:06Z
2011,REG,ATL,15,00-0023495,CB,Kelvin Hayden,Kelvin,Hayden,Toe,,Doubtful,Toe,,Did Not Participate In Practice,2011-12-14T11:19:17Z
2011,REG,ATL,15,00-0025496,LB,Stephen Nicholas,Stephen,Nicholas,Quadricep,,Questionable,Quadricep,,Full Participation in Practice,2011-12-14T11:20:11Z
2011,REG,ATL,15,00-0023494,DT,Jonathan Babineaux,Jonathan,Babineaux,Ankle,,Questionable,Ankle,,Limited Participation in Practice,2011-12-14T11:18:47Z
2011,REG,ATL,15,00-0023620,T,Will Svitek,Will,Svitek,Groin,,Questionable,Groin,,Limited Participation in Practice,2011-12-14T11:19:29Z
2011,REG,ATL,15,00-0019546,DE,John Abraham,John,Abraham,Not Injury Related,,Probable,Not Injury Related,,Full Participation in Practice,2011-12-14T11:18:07Z
2011,REG,ATL,15,00-0020578,K,Matt Bryant,Matt,Bryant,Illness,,Probable,Illness,,Full Participation in Practice,2011-12-14T11:18:07Z
2011,REG,ATL,15,00-0022245,T,Tyson Clabo,Tyson,Clabo,Illness,,Probable,Illness,,Full Participation in Practice,2011-12-14T11:18:07Z
2011,REG,ATL,15,00-0024342,DE,Ray Edwards,Ray,Edwards,Neck,,Probable,Neck,,Full Participation in Practice,2011-12-14T11:18:07Z
2011,REG,ATL,15,00-0006101,TE,Tony Gonzalez,Tony,Gonzalez,Not Injury Related,,Probable,Not Injury Related,,Full Participation in Practice,2011-12-14T11:18:07Z
2011,REG,ATL,15,00-0027944,WR,Julio Jones,Julio,Jones,Back,,Probable,Back,,Full Participation in Practice,2011-12-14T11:18:07Z
2011,REG,ATL,15,00-0010711,C,Todd McClure,Todd,McClure,Not Injury Related,,Probable,Not Injury Related,,Full Participation in Practice,2011-12-14T11:18:07Z
2011,REG,ATL,15,00-0027062,CB,Christopher Owens,Christopher,Owens,Hand,,Probable,Hand,,Full Participation in Practice,2011-12-14T11:18:07Z
2011,REG,ATL,15,00-0026224,WR,Harry Douglas,Harry,Douglas,Groin,,Probable,Groin,,Limited Participation in Practice,2011-12-14T11:18:07Z
2011,REG,ATL,15,00-0022821,RB,Michael Turner,Michael,Turner,Groin,,Probable,Groin,,Limited Participation in Practice,2011-12-14T11:18:07Z
2011,REG,BAL,15,00-0020972,K,Billy Cundiff,Billy,Cundiff,left Calf,,Questionable,left Calf,,Did Not Participate In Practice,2011-12-16T10:33:55Z
2011,REG,BAL,15,00-0027060,CB,Lardarius Webb,Lardarius,Webb,Toe,,Questionable,Toe,,Did Not Participate In Practice,2011-12-16T10:34:24Z
2011,REG,BAL,15,00-0023008,CB,Chris Carr,Chris,Carr,Back,,Questionable,Back,,Limited Participation in Practice,2011-12-16T10:33:49Z
2011,REG,BAL,15,00-0025416,G,Ben Grubbs,Ben,Grubbs,Toe,,Questionable,Toe,,Limited Participation in Practice,2011-12-16T10:34:01Z
2011,REG,BAL,15,00-0009889,LB,Ray Lewis,Ray,Lewis,Foot,,Questionable,Foot,,Limited Participation in Practice,2011-12-16T10:34:06Z
2011,REG,BAL,15,00-0024227,DT,Haloti Ngata,Haloti,Ngata,Back,,Questionable,Back,,Limited Participation in Practice,2011-12-16T10:34:12Z
2011,REG,BAL,15,00-0021998,DE,Cory Redding,Cory,Redding,Ankle,,Questionable,Ankle,,Limited Participation in Practice,2011-12-16T10:34:18Z
2011,REG,BAL,15,00-0028163,RB,Anthony Allen,Anthony,Allen,Thigh,,Probable,Thigh,,Full Participation in Practice,2011-12-16T10:33:42Z
2011,REG,BUF,15,00-0025516,TE,Scott Chandler,Scott,Chandler,Ankle,,Out,Ankle,,Did Not Participate In Practice,2011-12-16T09:55:47Z
2011,REG,BUF,15,00-0023635,K,Dave Rayner,Dave,Rayner,left Groin,,Probable,left Groin,,Full Participation in Practice,2011-12-16T09:55:34Z
2011,REG,BUF,15,00-0027972,CB,Aaron Williams,Aaron,Williams,Calf,,Probable,Calf,,Full Participation in Practice,2011-12-16T09:55:34Z
2011,REG,CAR,15,00-0027017,CB,Darius Butler,Darius,Butler,Head,,Out,Head,,Out (Definitely Will Not Play),2011-12-16T10:45:01Z
2011,REG,CAR,15,00-0028383,G,Bryant Browning,Bryant,Browning,Wrist,,Questionable,Wrist,,Limited Participation in Practice,2011-12-16T10:45:30Z
2011,REG,CAR,15,00-0026207,S,Charles Godfrey,Charles,Godfrey,Shoulder,,Questionable,Shoulder,,Limited Participation in Practice,2011-12-16T10:45:54Z
2011,REG,CAR,15,00-0022117,T,Jordan Gross,Jordan,Gross,Ankle,,Questionable,Ankle,,Limited Participation in Practice,2011-12-16T10:46:56Z
2011,REG,CAR,15,00-0026944,CB,Captain Munnerlyn,Captain,Munnerlyn,Ankle,,Questionable,Ankle,,Limited Participation in Practice,2011-12-16T10:46:15Z
2011,REG,CAR,15,00-0024734,DE,Antwan Applewhite,Antwan,Applewhite,Hamstring,,Probable,Hamstring,,Full Participation in Practice,2011-12-16T10:47:31Z
2011,REG,CAR,15,00-0022914,CB,Chris Gamble,Chris,Gamble,Not Injury Related,,Probable,Not Injury Related,,Full Participation in Practice,2011-12-16T10:47:56Z
2011,REG,CAR,15,00-0025446,C,Ryan Kalil,Ryan,Kalil,Shoulder,,Probable,Shoulder,,Full Participation in Practice,2011-12-16T10:48:26Z
2011,REG,CAR,15,00-0025418,TE,Greg Olsen,Greg,Olsen,Back,,Probable,Back,,Full Participation in Practice,2011-12-16T10:48:45Z
2011,REG,CAR,15,00-0027597,LB,Kion Wilson,Kion,Wilson,Calf,,Probable,Calf,,Full Participation in Practice,2011-12-16T10:49:15Z
2011,REG,CHI,15,00-0022128,LB,Lance Briggs,Lance,Briggs,,,,Not Injury Related,,Did Not Participate In Practice,2011-12-14T14:10:53Z
2011,REG,CHI,15,00-0024226,QB,Jay Cutler,Jay,Cutler,right Thumb,,Out,right Thumb,,Did Not Participate In Practice,2011-12-16T13:26:25Z
2011,REG,CHI,15,00-0026184,RB,Matt Forte,Matt,Forte,Knee,,Out,Knee,,Did Not Participate In Practice,2011-12-16T13:26:33Z
2011,REG,CHI,15,00-0023953,WR,Sam Hurd,Sam,Hurd,Not Injury Related,,Out,Not Injury Related,,Did Not Participate In Practice,2011-12-16T13:26:42Z
2011,REG,CHI,15,00-0024272,WR,Devin Hester,Devin,Hester,Ankle,,Questionable,Ankle,,Did Not Participate In Practice,2011-12-16T13:27:28Z
2011,REG,CHI,15,00-0026905,DT,Henry Melton,Henry,Melton,Shin,,Questionable,Shin,,Did Not Participate In Practice,2011-12-16T13:26:56Z
2011,REG,CHI,15,00-0022123,CB,Charles Tillman,Charles,Tillman,Knee,,Probable,Knee,,Full Participation in Practice,2011-12-16T13:26:14Z
2011,REG,CHI,15,00-0026537,G,Edwin Williams,Edwin,Williams,Calf,,Probable,Calf,,Full Participation in Practice,2011-12-16T13:26:14Z
2011,REG,CHI,15,00-0027680,S,Major Wright,Major,Wright,Shoulder,,Probable,Shoulder,,Full Participation in Practice,2011-12-16T13:26:14Z
2011,REG,CIN,15,00-0028004,LB,Dontay Moch,Dontay,Moch,Illness,,Out,Illness,,Did Not Participate In Practice,2011-12-16T11:10:57Z
2011,REG,CIN,15,00-0025439,RB,Brian Leonard,Brian,Leonard,Knee,,Doubtful,Knee,,Did Not Participate In Practice,2011-12-16T11:11:08Z
2011,REG,CIN,15,00-0026723,RB,Chris Pressley,Chris,Pressley,Knee,,Questionable,Knee,,Did Not Participate In Practice,2011-12-16T11:11:23Z
2011,REG,CIN,15,00-0026982,T,Andre Smith,Andre,Smith,Ankle,,Questionable,Ankle,,Did Not Participate In Practice,2011-12-16T11:11:31Z
2011,REG,CIN,15,00-0024237,LB,Manny Lawson,Manny,Lawson,Ankle,,Probable,Ankle,,Full Participation in Practice,2011-12-16T11:09:42Z
2011,REG,CIN,15,00-0023439,RB,Cedric Benson,Cedric,Benson,Back,,Probable,Back,,Limited Participation in Practice,2011-12-16T11:09:42Z
2011,REG,CIN,15,00-0020495,CB,Nate Clements,Nate,Clements,Hamstring,,Probable,Hamstring,,Limited Participation in Practice,2011-12-16T11:09:42Z
2011,REG,CIN,15,00-0022167,S,Chris Crocker,Chris,Crocker,Knee,,Probable,Knee,,Limited Participation in Practice,2011-12-16T11:09:42Z
2011,REG,CIN,15,00-0027662,DE,Carlos Dunlap,Carlos,Dunlap,Hamstring,,Probable,Hamstring,,Limited Participation in Practice,2011-12-16T11:09:42Z
2011,REG,CIN,15,00-0024306,DE,Frostee Rucker,Frostee,Rucker,Hamstring,,Probable,Hamstring,,Limited Participation in Practice,2011-12-16T11:09:42Z
2011,REG,CIN,15,00-0022815,S,Gibril Wilson,Gibril,Wilson,Back,,Probable,Back,,Limited Participation in Practice,2011-12-16T11:09:42Z
2011,REG,CLE,15,00-0028062,RB,Owen Marecic,Owen,Marecic,Head,Ankle,Out,Head,Ankle,Did Not Participate In Practice,2011-12-16T11:04:39Z
2011,REG,CLE,15,00-0027688,QB,Colt McCoy,Colt,McCoy,Head,left Hand,Out,Head,left Hand,Did Not Participate In Practice,2011-12-16T11:04:51Z
2011,REG,CLE,15,00-0027653,S,T.J. Ward,T.J.,Ward,Foot,,Out,Foot,,Did Not Participate In Practice,2011-12-16T11:05:39Z
2011,REG,CLE,15,00-0022943,TE,Benjamin Watson,Benjamin,Watson,Head,,Out,Head,,Did Not Participate In Practice,2011-12-16T11:05:49Z
2011,REG,CLE,15,00-0026084,DT,Brian Schaefering,Brian,Schaefering,Ankle,,Questionable,Ankle,,Did Not Participate In Practice,2011-12-16T11:06:10Z
2011,REG,CLE,15,00-0023176,WR,Joshua Cribbs,Joshua,Cribbs,Groin,,Questionable,Groin,,Limited Participation in Practice,2011-12-16T11:03:48Z
2011,REG,CLE,15,00-0027666,RB,Montario Hardesty,Montario,Hardesty,Calf,,Questionable,Calf,,Limited Participation in Practice,2011-12-16T11:03:57Z
2011,REG,CLE,15,00-0020801,G,Artis Hicks,Artis,Hicks,Shoulder,,Questionable,Shoulder,,Limited Participation in Practice,2011-12-16T11:04:06Z
2011,REG,CLE,15,00-0027694,G,Shawn Lauvao,Shawn,Lauvao,Ankle,,Questionable,Ankle,,Limited Participation in Practice,2011-12-16T11:04:18Z
2011,REG,CLE,15,00-0022149,T,Tony Pashos,Tony,Pashos,Ankle,,Questionable,Ankle,,Limited Participation in Practice,2011-12-16T11:05:07Z
2011,REG,CLE,15,00-0028458,LB,Quinton Spears,Quinton,Spears,Hamstring,,Questionable,Hamstring,,Limited Participation in Practice,2011-12-16T11:05:27Z
2011,REG,CLE,15,00-0027975,DE,Jabaal Sheard,Jabaal,Sheard,Forearm,,Probable,Forearm,,Full Participation in Practice,2011-12-16T11:03:33Z
2011,REG,DAL,15,00-0028263,WR,Andre Holmes,Andre,Holmes,Hamstring,,Out,Hamstring,,Did Not Participate In Practice,2011-12-16T09:28:23Z
2011,REG,DAL,15,00-0027852,DT,Josh Price-Brent,Josh,Price-Brent,Knee,,Out,Knee,,Did Not Participate In Practice,2011-12-16T09:30:13Z
2011,REG,DAL,15,00-0027422,S,Danny McCray,Danny,McCray,Ankle,,Questionable,Ankle,,Did Not Participate In Practice,2011-12-16T09:29:50Z
2011,REG,DAL,15,00-0027417,C,Phil Costa,Phil,Costa,Concussion,,Questionable,Concussion,,Limited Participation in Practice,2011-12-16T09:28:09Z
2011,REG,DAL,15,00-0026165,CB,Mike Jenkins,Mike,Jenkins,Shoulder,,Questionable,Shoulder,,Limited Participation in Practice,2011-12-16T09:28:47Z
2011,REG,DAL,15,00-0021348,G,Kyle Kosier,Kyle,Kosier,Foot,,Questionable,Foot,,Limited Participation in Practice,2011-12-16T09:29:10Z
2011,REG,DAL,15,00-0025462,WR,Laurent Robinson,Laurent,Robinson,Shoulder,,Questionable,Shoulder,,Limited Participation in Practice,2011-12-16T09:30:31Z
2011,REG,DAL,15,00-0023445,LB,DeMarcus Ware,DeMarcus,Ware,Neck,,Questionable,Neck,,Limited Participation in Practice,2011-12-16T09:30:51Z
2011,REG,DAL,15,00-0026201,TE,Martellus Bennett,Martellus,Bennett,Ribs,,Probable,Ribs,,Full Participation in Practice,2011-12-16T09:26:26Z
2011,REG,DAL,15,00-0027663,LB,Sean Lee,Sean,Lee,Wrist,,Probable,Wrist,,Full Participation in Practice,2011-12-16T09:26:26Z
2011,REG,DAL,15,00-0021488,P,Mat McBriar,Mat,McBriar,left Foot,,Probable,left Foot,,Full Participation in Practice,2011-12-16T09:26:26Z
2011,REG,DEN,15,00-0027083,S,David Bruton,David,Bruton,Achilles,,Questionable,Achilles,,Did Not Participate In Practice,2011-12-16T11:25:33Z
2011,REG,DEN,15,00-0004073,S,Brian Dawkins,Brian,Dawkins,Neck,,Questionable,Neck,,Limited Participation in Practice,2011-12-16T11:25:41Z
2011,REG,DEN,15,00-0021194,CB,Andre' Goodman,Andre',Goodman,Concussion,,Questionable,Concussion,,Limited Participation in Practice,2011-12-16T11:25:47Z
2011,REG,DEN,15,00-0026323,RB,Spencer Larsen,Spencer,Larsen,Hamstring,,Probable,Hamstring,,Full Participation in Practice,2011-12-16T11:25:24Z
2011,REG,DEN,15,00-0027940,LB,Von Miller,Von,Miller,Thumb,,Probable,Thumb,,Full Participation in Practice,2011-12-16T11:25:24Z
2011,REG,DEN,15,00-0026182,WR,Eddie Royal,Eddie,Royal,Concussion,,Probable,Concussion,,Full Participation in Practice,2011-12-16T11:25:24Z
2011,REG,DET,15,00-0020382,DE,Kyle Vanden Bosch,Kyle,Vanden Bosch,,,,Not Injury Related,,Did Not Participate In Practice,2011-12-14T13:33:23Z
2011,REG,DET,15,00-0027338,CB,Aaron Berry,Aaron,Berry,Shoulder,,Doubtful,Shoulder,,Did Not Participate In Practice,2011-12-16T13:01:09Z
2011,REG,DET,15,00-0026168,DE,Lawrence Jackson,Lawrence,Jackson,Thigh,,Doubtful,Thigh,,Limited Participation in Practice,2011-12-16T13:01:18Z
2011,REG,DET,15,00-0027951,DT,Nick Fairley,Nick,Fairley,Foot,,Questionable,Foot,,Did Not Participate In Practice,2011-12-16T13:01:58Z
2011,REG,DET,15,00-0027009,S,Louis Delmas,Louis,Delmas,Knee,,Questionable,Knee,,Limited Participation in Practice,2011-12-16T13:01:32Z
2011,REG,DET,15,00-0025435,CB,Justin Durant,Justin,Durant,Hamstring,,Questionable,Hamstring,,Limited Participation in Practice,2011-12-16T13:01:42Z
2011,REG,DET,15,00-0026204,RB,Kevin Smith,Kevin,Smith,Ankle,,Questionable,Ankle,,Limited Participation in Practice,2011-12-16T13:02:16Z
2011,REG,DET,15,00-0025440,CB,Eric Wright,Eric,Wright,Hamstring,,Questionable,Hamstring,,Limited Participation in Practice,2011-12-16T13:02:25Z
2011,REG,DET,15,00-0027808,DE,Willie Young,Willie,Young,Ankle,,Probable,Ankle,,Did Not Participate In Practice,2011-12-16T13:01:01Z
2011,REG,DET,15,00-0024343,G,Rob Sims,Rob,Sims,Shoulder,,Probable,Shoulder,,Full Participation in Practice,2011-12-16T13:01:01Z
2011,REG,DET,15,00-0025428,CB,Chris Houston,Chris,Houston,Knee,,Probable,Knee,,Limited Participation in Practice,2011-12-16T13:01:01Z
2011,REG,DET,15,00-0027671,S,Amari Spievey,Amari,Spievey,Knee,,Probable,Knee,,Limited Participation in Practice,2011-12-16T13:01:01Z
2011,REG,GB,15,00-0025579,LB,Desmond Bishop,Desmond,Bishop,Calf,,Out,Calf,,Did Not Participate In Practice,2011-12-16T11:32:16Z
2011,REG,GB,15,00-0020515,DE,Ryan Pickett,Ryan,Pickett,Concussion,,Out,Concussion,,Did Not Participate In Practice,2011-12-16T11:32:41Z
2011,REG,GB,15,00-0019702,T,Chad Clifton,Chad,Clifton,Hamstring,Back,Out,Hamstring,Back,Out (Definitely Will Not Play),2011-12-16T11:32:22Z
2011,REG,GB,15,00-0024267,WR,Greg Jennings,Greg,Jennings,Knee,,Out,Knee,,Out (Definitely Will Not Play),2011-12-16T11:32:36Z
2011,REG,GB,15,00-0028602,RB,Brandon Saine,Brandon,Saine,Concussion,,Questionable,Concussion,,Did Not Participate In Practice,2011-12-16T11:32:54Z
2011,REG,GB,15,00-0026275,G,Josh Sitton,Josh,Sitton,Knee,,Questionable,Knee,,Limited Participation in Practice,2011-12-16T11:33:14Z
2011,REG,GB,15,00-0027791,RB,James Starks,James,Starks,Knee,Ankle,Questionable,Knee,Ankle,Limited Participation in Practice,2011-12-16T11:33:23Z
2011,REG,GB,15,00-0024220,LB,A.J. Hawk,A.J.,Hawk,Calf,,Probable,Calf,,Full Participation in Practice,2011-12-16T11:32:08Z
2011,REG,GB,15,00-0028605,LB,Vic So'oto,Vic,So'oto,Back,,Probable,Back,,Full Participation in Practice,2011-12-16T11:32:08Z
2011,REG,HOU,15,00-0027081,S,Glover Quin,Glover,Quin,,,,Not Injury Related,,Did Not Participate In Practice,2011-12-16T13:19:38Z
2011,REG,HOU,15,00-0023846,G,Mike Brisiel,Mike,Brisiel,Ankle,,Out,Ankle,,Did Not Participate In Practice,2011-12-16T11:06:07Z
2011,REG,HOU,15,00-0022044,WR,Andre Johnson,Andre,Johnson,Hamstring,,Out,Hamstring,,Did Not Participate In Practice,2011-12-16T11:07:18Z
2011,REG,HOU,15,00-0027743,CB,Sherrick McManis,Sherrick,McManis,Ankle,,Out,Ankle,,Did Not Participate In Practice,2011-12-16T11:07:28Z
2011,REG,HOU,15,00-0023219,DE,Tim Bulman,Tim,Bulman,Calf,,Questionable,Calf,,Limited Participation in Practice,2011-12-16T11:06:19Z
2011,REG,HOU,15,00-0023472,DT,Shaun Cody,Shaun,Cody,Knee,,Questionable,Knee,,Limited Participation in Practice,2011-12-16T11:07:08Z
2011,REG,HOU,15,00-0023630,TE,Joel Dreessen,Joel,Dreessen,Knee,,Questionable,Knee,,Limited Participation in Practice,2011-12-16T11:06:36Z
2011,REG,HOU,15,00-0028533,LB,Mister Alexander,Mister,Alexander,Shoulder,,Probable,Shoulder,,Full Participation in Practice,2011-12-16T11:05:32Z
2011,REG,HOU,15,00-0024231,CB,Jason Allen,Jason,Allen,Thumb,,Probable,Thumb,,Full Participation in Practice,2011-12-16T11:05:32Z
2011,REG,HOU,15,00-0027718,TE,Garrett Graham,Garrett,Graham,Hamstring,,Probable,Hamstring,,Full Participation in Practice,2011-12-16T11:05:32Z
2011,REG,HOU,15,00-0027998,CB,Brandon Harris,Brandon,Harris,Hip,,Probable,Hip,,Full Participation in Practice,2011-12-16T11:05:32Z
2011,REG,HOU,15,00-0026417,DE,Jesse Nading,Jesse,Nading,Knee,,Probable,Knee,,Full Participation in Practice,2011-12-16T11:05:32Z
2011,REG,HOU,15,00-0024394,RB,Lawrence Vickers,Lawrence,Vickers,Hamstring,,Probable,Hamstring,,Full Participation in Practice,2011-12-16T11:05:32Z
2011,REG,HOU,15,00-0027949,DE,J.J. Watt,J.J.,Watt,Hand,,Probable,Hand,,Full Participation in Practice,2011-12-16T11:05:32Z
2011,REG,HOU,15,00-0028090,QB,T.J. Yates,T.J.,Yates,right Elbow,L. Hand/Hip,Probable,right Elbow,L. Hand/Hip,Full Participation in Practice,2011-12-16T11:05:32Z
2011,REG,HOU,15,00-0023633,C,Chris Myers,Chris,Myers,Knee,,Probable,Knee,,Limited Participation in Practice,2011-12-16T11:05:32Z
2011,REG,HOU,15,00-0021931,WR,Kevin Walter,Kevin,Walter,Knee,,Probable,Knee,,Limited Participation in Practice,2011-12-16T11:05:32Z
2011,REG,IND,15,00-0021146,DE,Dwight Freeney,Dwight,Freeney,,,,Not Injury Related,,Full Participation in Practice,2011-12-16T11:48:25Z
2011,REG,IND,15,00-0014375,C,Jeff Saturday,Jeff,Saturday,,,,Not Injury Related,,Full Participation in Practice,2011-12-16T11:51:23Z
2011,REG,IND,15,00-0027719,LB,A.J. Edds,A.J.,Edds,Ankle,,Out,Ankle,,Did Not Participate In Practice,2011-12-16T11:54:31Z
2011,REG,IND,15,00-0026233,LB,Philip Wheeler,Philip,Wheeler,Foot,,Out,Foot,,Did Not Participate In Practice,2011-12-16T11:56:15Z
2011,REG,IND,15,00-0010346,QB,Peyton Manning,Peyton,Manning,Neck,,Out,Neck,,Out (Definitely Will Not Play),2011-12-16T11:55:21Z
2011,REG,IND,15,00-0022165,TE,Dallas Clark,Dallas,Clark,Neck,,Doubtful,Neck,,Did Not Participate In Practice,2011-12-16T11:52:44Z
2011,REG,IND,15,00-0025395,DE,Jamaal Anderson,Jamaal,Anderson,Groin,,Questionable,Groin,,Did Not Participate In Practice,2011-12-16T11:52:32Z
2011,REG,IND,15,00-0025419,WR,Anthony Gonzalez,Anthony,Gonzalez,Groin,,Questionable,Groin,,Full Participation in Practice,2011-12-16T11:54:59Z
2011,REG,IND,15,00-0022059,DE,Robert Mathis,Robert,Mathis,Knee,,Questionable,Knee,,Full Participation in Practice,2011-12-16T11:55:43Z
2011,REG,JAX,15,00-0028410,CB,T.J. Heath,T.J.,Heath,,,,Shoulder,,Did Not Participate In Practice,2011-12-12T11:47:28Z
2011,REG,JAX,15,00-0028059,S,Chris Prosinski,Chris,Prosinski,,,,Thumb,,Did Not Participate In Practice,2011-12-12T11:48:25Z
2011,REG,JAX,15,00-0023481,DE,Matt Roth,Matt,Roth,Concussion,,Out,Concussion,,Did Not Participate In Practice,2011-12-14T11:49:24Z
2011,REG,JAX,15,00-0028052,WR,Cecil Shorts,Cecil,Shorts,Hamstring,,Out,Hamstring,,Did Not Participate In Practice,2011-12-14T11:49:51Z
2011,REG,JAX,15,00-0027076,WR,Mike Thomas,Mike,Thomas,Concussion,,Out,Concussion,,Did Not Participate In Practice,2011-12-14T11:50:00Z
2011,REG,JAX,15,00-0022874,K,Josh Scobee,Josh,Scobee,Groin,,Questionable,Groin,,Limited Participation in Practice,2011-12-14T11:50:30Z
2011,REG,JAX,15,00-0027862,DT,Tyson Alualu,Tyson,Alualu,Not Injury Related,,Probable,Not Injury Related,,Full Participation in Practice,2011-12-14T11:49:10Z
2011,REG,JAX,15,00-0022897,RB,Greg Jones,Greg,Jones,Not Injury Related,,Probable,Not Injury Related,,Full Participation in Practice,2011-12-14T11:49:10Z
2011,REG,JAX,15,00-0024275,RB,Maurice Jones-Drew,Maurice,Jones-Drew,Not Injury Related,,Probable,Not Injury Related,,Full Participation in Practice,2011-12-14T11:49:10Z
2011,REG,JAX,15,00-0026253,S,Dwight Lowery,Dwight,Lowery,Shoulder,,Probable,Shoulder,,Full Participation in Practice,2011-12-14T11:49:10Z
2011,REG,JAX,15,00-0024344,T,Guy Whimper,Guy,Whimper,Thigh,,Probable,Thigh,,Full Participation in Practice,2011-12-14T11:49:10Z
2011,REG,KC,15,00-0021187,S,Jon McGraw,Jon,McGraw,Ankle,,Doubtful,Ankle,,Limited Participation in Practice,2011-12-16T12:21:46Z
2011,REG,KC,15,00-0027660,CB,Javier Arenas,Javier,Arenas,Illness,,Probable,Illness,,Full Participation in Practice,2011-12-16T12:16:42Z
2011,REG,KC,15,00-0027964,WR,Jon Baldwin,Jon,Baldwin,Illness,,Probable,Illness,,Full Participation in Practice,2011-12-16T12:16:42Z
2011,REG,KC,15,00-0023541,QB,Kyle Orton,Kyle,Orton,right Finger,,Probable,right Finger,,Full Participation in Practice,2011-12-16T12:16:42Z
2011,REG,MIA,15,00-0027883,LB,Koa Misi,Koa,Misi,Shoulder,,Out,Shoulder,,Did Not Participate In Practice,2011-12-16T10:27:45Z
2011,REG,MIA,15,00-0022890,G,Vernon Carey,Vernon,Carey,Ankle,,Questionable,Ankle,,Limited Participation in Practice,2011-12-16T10:27:18Z
2011,REG,MIA,15,00-0024268,TE,Anthony Fasano,Anthony,Fasano,Ribs,,Questionable,Ribs,,Limited Participation in Practice,2011-12-16T10:27:28Z
2011,REG,MIA,15,00-0025820,T,Jake Long,Jake,Long,Back,,Questionable,Back,,Limited Participation in Practice,2011-12-16T10:27:39Z
2011,REG,MIA,15,00-0025708,QB,Matt Moore,Matt,Moore,Head,Neck,Questionable,Head,Neck,Limited Participation in Practice,2011-12-16T10:27:52Z
2011,REG,MIA,15,00-0022067,S,Yeremiah Bell,Yeremiah,Bell,Foot,,Probable,Foot,,Full Participation in Practice,2011-12-16T10:27:08Z
2011,REG,MIA,15,00-0027001,CB,Vontae Davis,Vontae,Davis,Neck,,Probable,Neck,,Full Participation in Practice,2011-12-16T10:27:08Z
2011,REG,MIN,15,00-0027649,CB,Chris Cook,Chris,Cook,Not Injury Related,,Out,Not Injury Related,,Out (Definitely Will Not Play),2011-12-16T10:43:18Z
2011,REG,MIN,15,00-0027058,CB,Asher Allen,Asher,Allen,Shoulder,,Probable,Shoulder,,Full Participation in Practice,2011-12-16T10:43:03Z
2011,REG,MIN,15,00-0023408,WR,Greg Camarillo,Greg,Camarillo,Concussion,,Probable,Concussion,,Full Participation in Practice,2011-12-16T10:43:03Z
2011,REG,MIN,15,00-0022081,LB,E.J. Henderson,E.J.,Henderson,Shoulder,,Probable,Shoulder,,Full Participation in Practice,2011-12-16T10:43:03Z
2011,REG,MIN,15,00-0024442,S,Jarrad Page,Jarrad,Page,Hip,,Probable,Hip,,Full Participation in Practice,2011-12-16T10:43:03Z
2011,REG,MIN,15,00-0025394,RB,Adrian Peterson,Adrian,Peterson,Ankle,,Probable,Ankle,,Full Participation in Practice,2011-12-16T10:43:03Z
2011,REG,MIN,15,00-0027950,QB,Christian Ponder,Christian,Ponder,Hip,,Probable,Hip,,Full Participation in Practice,2011-12-16T10:43:03Z
2011,REG,MIN,15,00-0026292,DT,Letroy Guion,Letroy,Guion,Ankle,,Probable,Ankle,,Limited Participation in Practice,2011-12-16T10:43:03Z
2011,REG,NE,15,00-0019596,QB,Tom Brady,Tom,Brady,,,,Not Injury Related,,Limited Participation in Practice,2011-12-15T12:57:39Z
2011,REG,NE,15,00-0022712,DT,Vince Wilfork,Vince,Wilfork,,,,Not Injury Related,,Limited Participation in Practice,2011-12-15T12:57:39Z
2011,REG,NE,15,00-0027010,S,Patrick Chung,Patrick,Chung,Foot,,Doubtful,Foot,,Did Not Participate In Practice,2011-12-16T12:16:01Z
2011,REG,NE,15,00-0027034,T,Sebastian Vollmer,Sebastian,Vollmer,Back,Foot,Doubtful,Back,Foot,Did Not Participate In Practice,2011-12-16T12:16:33Z
2011,REG,NE,15,00-0026071,CB,Kyle Arrington,Kyle,Arrington,Foot,,Questionable,Foot,,Limited Participation in Practice,2011-12-16T12:15:00Z
2011,REG,NE,15,00-0021192,WR,Deion Branch,Deion,Branch,Groin,,Questionable,Groin,,Limited Participation in Practice,2011-12-16T12:15:07Z
2011,REG,NE,15,00-0022979,G,Dan Connolly,Dan,Connolly,Groin,,Questionable,Groin,,Limited Participation in Practice,2011-12-16T12:15:19Z
2011,REG,NE,15,00-0027150,WR,Julian Edelman,Julian,Edelman,Back,,Questionable,Back,,Limited Participation in Practice,2011-12-16T12:15:25Z
2011,REG,NE,15,00-0027237,LB,Dane Fletcher,Dane,Fletcher,Thumb,,Questionable,Thumb,,Limited Participation in Practice,2011-12-16T12:15:31Z
2011,REG,NE,15,00-0025753,S,James Ihedigbo,James,Ihedigbo,Shoulder,,Questionable,Shoulder,,Limited Participation in Practice,2011-12-16T12:15:36Z
2011,REG,NE,15,00-0027647,CB,Devin McCourty,Devin,McCourty,Shoulder,,Questionable,Shoulder,,Limited Participation in Practice,2011-12-16T12:15:42Z
2011,REG,NE,15,00-0026293,WR,Matt Slater,Matt,Slater,Shoulder,,Questionable,Shoulder,,Limited Participation in Practice,2011-12-16T12:15:48Z
2011,REG,NE,15,00-0027668,LB,Brandon Spikes,Brandon,Spikes,Knee,,Questionable,Knee,,Limited Participation in Practice,2011-12-16T12:16:18Z
2011,REG,NE,15,00-0027994,RB,Shane Vereen,Shane,Vereen,Hamstring,,Questionable,Hamstring,,Limited Participation in Practice,2011-12-16T12:16:24Z
2011,REG,NE,15,00-0022427,WR,Wes Welker,Wes,Welker,Knee,,Questionable,Knee,,Limited Participation in Practice,2011-12-16T12:16:50Z
2011,REG,NE,15,00-0025866,C,Ryan Wendell,Ryan,Wendell,Calf,,Questionable,Calf,,Limited Participation in Practice,2011-12-16T12:17:13Z
2011,REG,NE,15,00-0026019,RB,Danny Woodhead,Danny,Woodhead,Abdomen,,Questionable,Abdomen,,Limited Participation in Practice,2011-12-16T12:17:23Z
2011,REG,NO,15,00-0026832,LB,Jonathan Casillas,Jonathan,Casillas,Knee,,Out,Knee,,Did Not Participate In Practice,2011-12-16T11:16:59Z
2011,REG,NO,15,00-0027966,RB,Mark Ingram,Mark,Ingram,Toe,,Out,Toe,,Did Not Participate In Practice,2011-12-16T11:17:08Z
2011,REG,NO,15,00-0025441,DE,Turk McBride,Turk,McBride,Ankle,,Questionable,Ankle,,Limited Participation in Practice,2011-12-16T11:17:29Z
2011,REG,NO,15,00-0022778,LB,Jonathan Vilma,Jonathan,Vilma,Knee,,Questionable,Knee,,Limited Participation in Practice,2011-12-16T11:17:17Z
2011,REG,NO,15,00-0026147,DT,Sedrick Ellis,Sedrick,Ellis,Hamstring,,Probable,Hamstring,,Full Participation in Practice,2011-12-16T11:16:49Z
2011,REG,NO,15,00-0027696,TE,Jimmy Graham,Jimmy,Graham,Back,,Probable,Back,,Full Participation in Practice,2011-12-16T11:16:49Z
2011,REG,NO,15,00-0026180,CB,Tracy Porter,Tracy,Porter,Wrist,,Probable,Wrist,,Full Participation in Practice,2011-12-16T11:16:49Z
2011,REG,NO,15,00-0022040,LB,Scott Shanle,Scott,Shanle,Shoulder,,Probable,Shoulder,,Full Participation in Practice,2011-12-16T11:16:49Z
2011,REG,NYG,15,00-0023468,C,David Baas,David,Baas,Neck,,Out,Neck,,Did Not Participate In Practice,2011-12-16T10:21:12Z
2011,REG,NYG,15,00-0027070,TE,Travis Beckum,Travis,Beckum,Chest,,Out,Chest,,Did Not Participate In Practice,2011-12-16T10:21:18Z
2011,REG,NYG,15,00-0028620,LB,Mark Herzlich,Mark,Herzlich,Ankle,,Out,Ankle,,Did Not Participate In Practice,2011-12-16T10:21:26Z
2011,REG,NYG,15,00-0024422,S,Derrick Martin,Derrick,Martin,Back,,Out,Back,,Did Not Participate In Practice,2011-12-16T10:21:33Z
2011,REG,NYG,15,00-0021977,DE,Osi Umenyiora,Osi,Umenyiora,Ankle,Knee,Out,Ankle,Knee,Did Not Participate In Practice,2011-12-16T10:21:42Z
2011,REG,NYG,15,00-0023509,DE,Justin Tuck,Justin,Tuck,Toe,,Questionable,Toe,,Limited Participation in Practice,2011-12-16T10:21:55Z
2011,REG,NYG,15,00-0025637,RB,Ahmad Bradshaw,Ahmad,Bradshaw,Foot,,Probable,Foot,,Limited Participation in Practice,2011-12-16T10:20:59Z
2011,REG,NYG,15,00-0028368,LB,Spencer Paysinger,Spencer,Paysinger,Hamstring,,Probable,Hamstring,,Limited Participation in Practice,2011-12-16T10:20:59Z
2011,REG,NYG,15,00-0026171,S,Kenny Phillips,Kenny,Phillips,Knee,,Probable,Knee,,Limited Participation in Practice,2011-12-16T10:20:59Z
2011,REG,NYJ,15,00-0024588,CB,Marquice Cole,Marquice,Cole,Knee,,Out,Knee,,Did Not Participate In Practice,2011-12-16T10:31:52Z
2011,REG,NYJ,15,00-0025689,DT,Mike Devito,Mike,Devito,Knee,,Probable,Knee,,Full Participation in Practice,2011-12-16T10:31:42Z
2011,REG,NYJ,15,00-0027667,T,Vladimir Ducasse,Vladimir,Ducasse,Knee,,Probable,Knee,,Full Participation in Practice,2011-12-16T10:31:42Z
2011,REG,NYJ,15,00-0026899,RB,Shonn Greene,Shonn,Greene,Rib,,Probable,Rib,,Full Participation in Practice,2011-12-16T10:31:42Z
2011,REG,NYJ,15,00-0024244,C,Nick Mangold,Nick,Mangold,Ankle,,Probable,Ankle,,Full Participation in Practice,2011-12-16T10:31:42Z
2011,REG,NYJ,15,00-0027712,RB,Joe McKnight,Joe,McKnight,Elbow,,Probable,Elbow,,Full Participation in Practice,2011-12-16T10:31:42Z
2011,REG,NYJ,15,00-0020969,G,Brandon Moore,Brandon,Moore,Hip,,Probable,Hip,,Full Participation in Practice,2011-12-16T10:31:42Z
2011,REG,NYJ,15,00-0022120,LB,Calvin Pace,Calvin,Pace,Groin,,Probable,Groin,,Full Participation in Practice,2011-12-16T10:31:42Z
2011,REG,NYJ,15,00-0026500,G,Matt Slauson,Matt,Slauson,Knee,,Probable,Knee,,Full Participation in Practice,2011-12-16T10:31:42Z
2011,REG,NYJ,15,00-0026043,DT,Marcus Dixon,Marcus,Dixon,Hip,,Probable,Hip,,Limited Participation in Practice,2011-12-16T10:31:42Z
2011,REG,NYJ,15,00-0024312,S,Eric Smith,Eric,Smith,Knee,,Probable,Knee,,Limited Participation in Practice,2011-12-16T10:31:42Z
2011,REG,OAK,15,00-0023460,QB,Jason Campbell,Jason,Campbell,Collarbone,,Out,Collarbone,,Did Not Participate In Practice,2011-12-16T12:09:25Z
2011,REG,OAK,15,00-0027709,WR,Jacoby Ford,Jacoby,Ford,Foot,,Out,Foot,,Did Not Participate In Practice,2011-12-16T12:09:48Z
2011,REG,OAK,15,00-0021949,CB,Chris Johnson,Chris,Johnson,Not Injury Related,,Out,Not Injury Related,,Did Not Participate In Practice,2011-12-16T12:10:35Z
2011,REG,OAK,15,00-0026144,RB,Darren McFadden,Darren,McFadden,Foot,,Out,Foot,,Did Not Participate In Practice,2011-12-16T12:11:07Z
2011,REG,OAK,15,00-0021144,DT,John Henderson,John,Henderson,Knee,,Questionable,Knee,,Did Not Participate In Practice,2011-12-16T12:10:00Z
2011,REG,OAK,15,00-0024222,S,Michael Huff,Michael,Huff,Hamstring,,Questionable,Hamstring,,Did Not Participate In Practice,2011-12-16T12:10:22Z
2011,REG,OAK,15,00-0028063,RB,Taiwan Jones,Taiwan,Jones,Hamstring,,Questionable,Hamstring,,Did Not Participate In Practice,2011-12-16T12:10:48Z
2011,REG,OAK,15,00-0028086,WR,Denarius Moore,Denarius,Moore,Foot,,Questionable,Foot,,Limited Participation in Practice,2011-12-16T12:11:19Z
2011,REG,OAK,15,00-0026983,WR,Darrius Heyward-Bey,Darrius,Heyward-Bey,Heel,,Probable,Heel,,Full Participation in Practice,2011-12-16T12:08:52Z
2011,REG,OAK,15,00-0022539,DT,Tommy Kelly,Tommy,Kelly,Toe,,Probable,Toe,,Limited Participation in Practice,2011-12-16T12:08:52Z
2011,REG,OAK,15,00-0025404,DE,Jarvis Moss,Jarvis,Moss,Shoulder,,Probable,Shoulder,,Limited Participation in Practice,2011-12-16T12:08:52Z
2011,REG,OAK,15,00-0027089,WR,Louis Murphy,Louis,Murphy,Hip,,Probable,Hip,,Limited Participation in Practice,2011-12-16T12:08:52Z
2011,REG,OAK,15,00-0025447,C,Samson Satele,Samson,Satele,Shoulder,,Probable,Shoulder,,Limited Participation in Practice,2011-12-16T12:08:52Z
2011,REG,OAK,15,00-0026366,WR,Chaz Schilens,Chaz,Schilens,Foot,,Probable,Foot,,Limited Participation in Practice,2011-12-16T12:08:52Z
2011,REG,PHI,15,00-0024278,DE,Darryl Tapp,Darryl,Tapp,Ribs,,Doubtful,Ribs,,Did Not Participate In Practice,2011-12-16T11:05:09Z
2011,REG,PHI,15,00-0023560,T,Todd Herremans,Todd,Herremans,Ankle,,Questionable,Ankle,,Full Participation in Practice,2011-12-16T11:05:20Z
2011,REG,PHI,15,00-0021706,DT,Cullen Jenkins,Cullen,Jenkins,Groin,,Questionable,Groin,,Full Participation in Practice,2011-12-16T11:05:31Z
2011,REG,PHI,15,00-0026995,WR,Jeremy Maclin,Jeremy,Maclin,Hamstring,Shoulder,Questionable,Hamstring,Shoulder,Full Participation in Practice,2011-12-16T11:05:43Z
2011,REG,PHI,15,00-0024218,QB,Vince Young,Vince,Young,Ankle,,Questionable,Ankle,,Full Participation in Practice,2011-12-16T11:04:41Z
2011,REG,PHI,15,00-0027652,S,Nate Allen,Nate,Allen,Hamstring,,Probable,Hamstring,,Full Participation in Practice,2011-12-16T11:04:18Z
2011,REG,PHI,15,00-0022077,CB,Nnamdi Asomugha,Nnamdi,Asomugha,Knee,,Probable,Knee,,Full Participation in Practice,2011-12-16T11:04:18Z
2011,REG,PHI,15,00-0023437,RB,Ronnie Brown,Ronnie,Brown,Hamstring,,Probable,Hamstring,,Full Participation in Practice,2011-12-16T11:04:18Z
2011,REG,PHI,15,00-0027758,WR,Riley Cooper,Riley,Cooper,Groin,,Probable,Groin,,Full Participation in Practice,2011-12-16T11:04:18Z
2011,REG,PHI,15,00-0026187,DT,Trevor Laws,Trevor,Laws,Knee,,Probable,Knee,,Full Participation in Practice,2011-12-16T11:04:18Z
2011,REG,PHI,15,00-0026156,CB,Dominique Rodgers-Cromartie,Dominique,Rodgers-Cromartie,Ankle,,Probable,Ankle,,Full Participation in Practice,2011-12-16T11:04:18Z
2011,REG,PHI,15,00-0020245,QB,Michael Vick,Michael,Vick,Ribs,,Probable,Ribs,,Full Participation in Practice,2011-12-16T11:04:18Z
2011,REG,PIT,15,00-0028100,LB,Chris Carter,Chris,Carter,Hamstring,,Out,Hamstring,,Did Not Participate In Practice,2011-12-17T10:11:11Z
2011,REG,PIT,15,00-0027870,C,Maurkice Pouncey,Maurkice,Pouncey,Ankle,,Out,Ankle,,Did Not Participate In Practice,2011-12-17T10:11:31Z
2011,REG,PIT,15,00-0027685,WR,Emmanuel Sanders,Emmanuel,Sanders,Foot,,Out,Foot,,Did Not Participate In Practice,2011-12-17T10:11:54Z
2011,REG,PIT,15,00-0022064,WR,Arnaz Battle,Arnaz,Battle,Hamstring,,Questionable,Hamstring,,Limited Participation in Practice,2011-12-17T10:10:53Z
2011,REG,PIT,15,00-0028033,CB,Curtis Brown,Curtis,Brown,Knee,,Questionable,Knee,,Limited Participation in Practice,2011-12-17T10:11:03Z
2011,REG,PIT,15,00-0022924,QB,Ben Roethlisberger,Ben,Roethlisberger,Ankle,,Questionable,Ankle,,Limited Participation in Practice,2011-12-17T10:11:40Z
2011,REG,PIT,15,00-0028001,T,Marcus Gilbert,Marcus,Gilbert,Illness,,Probable,Illness,,Full Participation in Practice,2011-12-17T10:10:38Z
2011,REG,PIT,15,00-0022119,S,Troy Polamalu,Troy,Polamalu,Hamstring,,Probable,Hamstring,,Full Participation in Practice,2011-12-17T10:11:21Z
2011,REG,SD,15,00-0028573,C,Colin Baxter,Colin,Baxter,Ankle,,Questionable,Ankle,,Limited Participation in Practice,2011-12-16T14:58:24Z
2011,REG,SD,15,00-0027682,LB,Donald Butler,Donald,Butler,Foot,,Questionable,Foot,,Limited Participation in Practice,2011-12-16T14:58:32Z
2011,REG,SD,15,00-0021542,DE,Jacques Cesaire,Jacques,Cesaire,Ankle,,Questionable,Ankle,,Limited Participation in Practice,2011-12-16T14:58:41Z
2011,REG,SD,15,00-0015474,LB,Takeo Spikes,Takeo,Spikes,Back,,Questionable,Back,,Limited Participation in Practice,2011-12-16T14:58:49Z
2011,REG,SD,15,00-0027710,S,Darrell Stuckey,Darrell,Stuckey,Groin,,Probable,Groin,,Full Participation in Practice,2011-12-16T14:57:58Z
2011,REG,SEA,15,00-0028621,T,Jarriel King,Jarriel,King,Hamstring,,Questionable,Hamstring,,Full Participation in Practice,2011-12-16T13:12:02Z
2011,REG,SEA,15,00-0028434,WR,Doug Baldwin,Doug,Baldwin,Ankle,,Probable,Ankle,,Full Participation in Practice,2011-12-16T13:11:53Z
2011,REG,SEA,15,00-0021340,DE,Raheem Brock,Raheem,Brock,Calf,,Probable,Calf,,Full Participation in Practice,2011-12-16T13:11:53Z
2011,REG,SEA,15,00-0026391,CB,Kennard Cox,Kennard,Cox,Hamstring,,Probable,Hamstring,,Full Participation in Practice,2011-12-16T13:11:53Z
2011,REG,SEA,15,00-0022836,G,Robert Gallery,Robert,Gallery,Hip,,Probable,Hip,,Full Participation in Practice,2011-12-16T13:11:53Z
2011,REG,SEA,15,00-0025999,LB,David Hawthorne,David,Hawthorne,Knee,,Probable,Knee,,Full Participation in Practice,2011-12-16T13:11:53Z
2011,REG,SEA,15,00-0023533,LB,LeRoy Hill,LeRoy,Hill,Neck,,Probable,Neck,,Full Participation in Practice,2011-12-16T13:11:53Z
2011,REG,SEA,15,00-0024279,QB,Tarvaris Jackson,Tarvaris,Jackson,Pectoral,,Probable,Pectoral,,Full Participation in Practice,2011-12-16T13:11:53Z
2011,REG,SEA,15,00-0028092,CB,Richard Sherman,Richard,Sherman,Knee,,Probable,Knee,,Full Participation in Practice,2011-12-16T13:11:53Z
2011,REG,SF,15,00-0025398,LB,Patrick Willis,Patrick,Willis,Hamstring,,Questionable,Hamstring,,Did Not Participate In Practice,2011-12-17T16:02:49Z
2011,REG,SF,15,00-0023438,WR,Braylon Edwards,Braylon,Edwards,Knee,,Questionable,Knee,,Limited Participation in Practice,2011-12-17T16:02:28Z
2011,REG,SF,15,00-0028149,RB,Bruce Miller,Bruce,Miller,Knee,,Questionable,Knee,,Limited Participation in Practice,2011-12-17T16:02:35Z
2011,REG,SF,15,00-0025415,T,Joe Staley,Joe,Staley,Concussion,,Questionable,Concussion,,Limited Participation in Practice,2011-12-17T16:02:42Z
2011,REG,STL,15,00-0020305,QB,A.J. Feeley,A.J.,Feeley,rt. thumb,,Out,rt. thumb,,Did Not Participate In Practice,2011-12-16T11:10:24Z
2011,REG,STL,15,00-0027854,QB,Sam Bradford,Sam,Bradford,Ankle,,Doubtful,Ankle,,Did Not Participate In Practice,2011-12-16T11:10:16Z
2011,REG,STL,15,00-0023880,T,Mark LeVoir,Mark,LeVoir,Groin,,Doubtful,Groin,,Did Not Participate In Practice,2011-12-16T11:11:02Z
2011,REG,STL,15,00-0019387,DE,James Hall,James,Hall,Chest,,Questionable,Chest,,Did Not Participate In Practice,2011-12-16T11:10:37Z
2011,REG,STL,15,00-0026241,CB,Justin King,Justin,King,Shoulder,,Questionable,Shoulder,,Did Not Participate In Practice,2011-12-16T11:10:47Z
2011,REG,STL,15,00-0027437,RB,Quinn Porter,Quinn,Porter,Abdomen,,Questionable,Abdomen,,Full Participation in Practice,2011-12-16T11:11:24Z
2011,REG,STL,15,00-0019706,DT,Fred Robbins,Fred,Robbins,Back,,Questionable,Back,,Full Participation in Practice,2011-12-16T11:11:36Z
2011,REG,STL,15,00-0026142,DE,Chris Long,Chris,Long,Ankle,,Questionable,Ankle,,Limited Participation in Practice,2011-12-16T11:11:14Z
2011,REG,STL,15,00-0024796,S,Craig Dahl,Craig,Dahl,Ankle,,Probable,Ankle,,Full Participation in Practice,2011-12-16T11:10:09Z
2011,REG,STL,15,00-0027503,CB,Josh Gordy,Josh,Gordy,Abdomen,,Probable,Abdomen,,Full Participation in Practice,2011-12-16T11:10:09Z
2011,REG,STL,15,00-0027787,DE,Eugene Sims,Eugene,Sims,Ankle,,Probable,Ankle,,Full Participation in Practice,2011-12-16T11:10:09Z
2011,REG,STL,15,00-0023108,TE,Stephen Spach,Stephen,Spach,Head,,Probable,Head,,Full Participation in Practice,2011-12-16T11:10:09Z
2011,REG,TB,15,00-0027654,WR,Arrelious Benn,Arrelious,Benn,Concussion,,Out,Concussion,,Did Not Participate In Practice,2011-12-16T10:02:07Z
2011,REG,TB,15,00-0026953,WR,Sammie Stroughter,Sammie,Stroughter,Knee,,Questionable,Knee,,Did Not Participate In Practice,2011-12-16T10:02:31Z
2011,REG,TB,15,00-0026618,DE,Michael Bennett,Michael,Bennett,Toe,,Questionable,Toe,,Full Participation in Practice,2011-12-16T10:02:17Z
2011,REG,TB,15,00-0027650,DT,Brian Price,Brian,Price,Ankle,,Questionable,Ankle,,Limited Participation in Practice,2011-12-16T10:02:25Z
2011,REG,TB,15,00-0027759,S,Larry Asante,Larry,Asante,Hamstring,,Probable,Hamstring,,Full Participation in Practice,2011-12-16T10:01:52Z
2011,REG,TB,15,00-0026993,QB,Josh Freeman,Josh,Freeman,right Shoulder,,Probable,right Shoulder,,Full Participation in Practice,2011-12-16T10:01:52Z
2011,REG,TB,15,00-0021149,DE,Albert Haynesworth,Albert,Haynesworth,Knee,,Probable,Knee,,Full Participation in Practice,2011-12-16T10:01:52Z
2011,REG,TB,15,00-0025569,LB,Adam Hayward,Adam,Hayward,Foot,,Probable,Foot,,Full Participation in Practice,2011-12-16T10:01:52Z
2011,REG,TB,15,00-0026160,CB,Aqib Talib,Aqib,Talib,Hamstring,,Probable,Hamstring,,Full Participation in Practice,2011-12-16T10:01:52Z
2011,REG,TEN,15,00-0027095,LB,Gerald McRath,Gerald,McRath,Knee,Ankle,Out,Knee,Ankle,Did Not Participate In Practice,2011-12-16T11:25:06Z
2011,REG,TEN,15,00-0027120,RB,Javon Ringer,Javon,Ringer,Hand,,Out,Hand,,Out (Definitely Will Not Play),2011-12-16T11:25:15Z
2011,REG,TEN,15,00-0024298,S,Anthony Smith,Anthony,Smith,Groin,,Out,Groin,,Out (Definitely Will Not Play),2011-12-16T11:25:22Z
2011,REG,TEN,15,00-0026243,DE,William Hayes,William,Hayes,Groin,,Doubtful,Groin,,Did Not Participate In Practice,2011-12-16T11:24:57Z
2011,REG,TEN,15,00-0007091,QB,Matt Hasselbeck,Matt,Hasselbeck,Calf,,Questionable,Calf,,Full Participation in Practice,2011-12-16T11:24:50Z
2011,REG,TEN,15,00-0023367,WR,Nate Washington,Nate,Washington,Ankle,,Questionable,Ankle,,Full Participation in Practice,2011-12-16T11:25:29Z
2011,REG,TEN,15,00-0025833,LB,Patrick Bailey,Patrick,Bailey,Hamstring,,Questionable,Hamstring,,Limited Participation in Practice,2011-12-16T11:24:41Z
2011,REG,TEN,15,00-0025825,P,Brett Kern,Brett,Kern,Illness,,Probable,Illness,,Did Not Participate In Practice,2011-12-16T11:26:03Z
2011,REG,TEN,15,00-0027946,QB,Jake Locker,Jake,Locker,Chest,,Probable,Chest,,Full Participation in Practice,2011-12-16T11:24:34Z
2011,REG,WAS,15,00-0023447,T,Jammal Brown,Jammal,Brown,Groin,,Out,Groin,,Did Not Participate In Practice,2011-12-16T10:26:24Z
2011,REG,WAS,15,00-0014655,RB,Mike Sellers,Mike,Sellers,Elbow,,Out,Elbow,,Did Not Participate In Practice,2011-12-16T10:26:30Z
2011,REG,WAS,15,00-0025393,S,LaRon Landry,LaRon,Landry,Groin,Achilles,Probable,Groin,Achilles,Did Not Participate In Practice,2011-12-16T10:26:09Z
2011,REG,WAS,15,00-0023954,DE,Stephen Bowen,Stephen,Bowen,Knee,,Probable,Knee,,Full Participation in Practice,2011-12-16T10:26:09Z
2011,REG,WAS,15,00-0024387,S,Reed Doughty,Reed,Doughty,Rib,,Probable,Rib,,Full Participation in Practice,2011-12-16T10:26:09Z
2011,REG,WAS,15,00-0024515,P,Saverio Rocca,Saverio,Rocca,left Ankle,,Probable,left Ankle,,Full Participation in Practice,2011-12-16T10:26:09Z
2011,REG,WAS,15,00-0021147,WR,Donte' Stallworth,Donte',Stallworth,Ankle,,Probable,Ankle,,Full Participation in Practice,2011-12-16T10:26:09Z
2011,REG,WAS,15,00-0005322,LB,London Fletcher,London,Fletcher,Ankle,,Probable,Ankle,,Limited Participation in Practice,2011-12-16T10:26:09Z
2011,REG,ARI,16,00-0026365,T,Brandon Keith,Brandon,Keith,Ankle,,Out,Ankle,,Did Not Participate In Practice,2011-12-23T08:31:57Z
2011,REG,ARI,16,00-0025668,CB,Michael Adams,Michael,Adams,Shoulder,,Questionable,Shoulder,,Limited Participation in Practice,2011-12-23T08:31:32Z
2011,REG,ARI,16,00-0023537,S,Sean Considine,Sean,Considine,Foot,,Questionable,Foot,,Limited Participation in Practice,2011-12-23T08:31:41Z
2011,REG,ARI,16,00-0027067,S,Rashad Johnson,Rashad,Johnson,Knee,,Questionable,Knee,,Limited Participation in Practice,2011-12-23T08:31:51Z
2011,REG,ARI,16,00-0025423,QB,Kevin Kolb,Kevin,Kolb,Head,,Questionable,Head,,Limited Participation in Practice,2011-12-23T08:32:03Z
2011,REG,ARI,16,00-0026956,KR,LaRod Stephens-Howling,LaRod,Stephens-Howling,Hamstring,,Questionable,Hamstring,,Limited Participation in Practice,2011-12-23T08:32:49Z
2011,REG,ARI,16,00-0027007,RB,Chris Wells,Chris,Wells,Knee,,Questionable,Knee,,Limited Participation in Practice,2011-12-23T08:32:41Z
2011,REG,ARI,16,00-0025474,LB,Stewart Bradley,Stewart,Bradley,Hamstring,,Probable,Hamstring,,Full Participation in Practice,2011-12-23T08:31:23Z
2011,REG,ARI,16,00-0028187,WR,DeMarco Sampson,DeMarco,Sampson,Ribs,,Probable,Ribs,,Full Participation in Practice,2011-12-23T08:31:23Z
2011,REG,ARI,16,00-0027346,RB,Alfonso Smith,Alfonso,Smith,Back,,Probable,Back,,Full Participation in Practice,2011-12-23T08:31:23Z
2011,REG,ARI,16,00-0021235,P,Dave Zastudil,Dave,Zastudil,Biceps,,Probable,Biceps,,Full Participation in Practice,2011-12-23T08:31:23Z
2011,REG,ATL,16,00-0023495,CB,Kelvin Hayden,Kelvin,Hayden,Toe,,Doubtful,Toe,,Did Not Participate In Practice,2011-12-24T09:23:57Z
2011,REG,ATL,16,00-0027764,WR,Kerry Meier,Kerry,Meier,Groin,,Doubtful,Groin,,Did Not Participate In Practice,2011-12-24T09:24:16Z
2011,REG,ATL,16,00-0025496,LB,Stephen Nicholas,Stephen,Nicholas,Toe,,Doubtful,Toe,,Did Not Participate In Practice,2011-12-24T09:24:27Z
2011,REG,ATL,16,00-0024183,CB,Brent Grimes,Brent,Grimes,Knee,,Questionable,Knee,,Limited Participation in Practice,2011-12-24T09:23:47Z
2011,REG,ATL,16,00-0019546,DE,John Abraham,John,Abraham,Not Injury Related,,Probable,Not Injury Related,,Full Participation in Practice,2011-12-24T09:23:26Z
2011,REG,ATL,16,00-0006101,TE,Tony Gonzalez,Tony,Gonzalez,Not Injury Related,,Probable,Not Injury Related,,Full Participation in Practice,2011-12-24T09:23:26Z
2011,REG,ATL,16,00-0010711,C,Todd McClure,Todd,McClure,Not Injury Related,,Probable,Not Injury Related,,Full Participation in Practice,2011-12-24T09:23:26Z
2011,REG,ATL,16,00-0027062,CB,Christopher Owens,Christopher,Owens,Hand,,Probable,Hand,,Full Participation in Practice,2011-12-24T09:23:26Z
2011,REG,ATL,16,00-0027686,DT,Corey Peters,Corey,Peters,Knee,,Probable,Knee,,Full Participation in Practice,2011-12-24T09:23:26Z
2011,REG,ATL,16,00-0025631,RB,Jason Snelling,Jason,Snelling,Illness,,Probable,Illness,,Full Participation in Practice,2011-12-24T09:23:26Z
2011,REG,ATL,16,00-0023620,T,Will Svitek,Will,Svitek,Groin,,Probable,Groin,,Full Participation in Practice,2011-12-24T09:23:26Z
2011,REG,ATL,16,00-0022821,RB,Michael Turner,Michael,Turner,Groin,,Probable,Groin,,Full Participation in Practice,2011-12-24T09:23:26Z
2011,REG,ATL,16,00-0026224,WR,Harry Douglas,Harry,Douglas,Groin,,Probable,Groin,,Limited Participation in Practice,2011-12-24T09:23:26Z
2011,REG,ATL,16,00-0026177,LB,Curtis Lofton,Curtis,Lofton,Ankle,,Probable,Ankle,,Limited Participation in Practice,2011-12-24T09:23:26Z
2011,REG,BAL,16,00-0022084,WR,Anquan Boldin,Anquan,Boldin,Knee,,Out,Knee,,Out (Definitely Will Not Play),2011-12-23T09:03:26Z
2011,REG,BAL,16,00-0020972,K,Billy Cundiff,Billy,Cundiff,left Calf,,Doubtful,left Calf,,Did Not Participate In Practice,2011-12-23T09:03:33Z
2011,REG,BAL,16,00-0021998,DE,Cory Redding,Cory,Redding,Ankle,,Questionable,Ankle,,Limited Participation in Practice,2011-12-23T09:03:39Z
2011,REG,BUF,16,00-0022421,WR,Ruvell Martin,Ruvell,Martin,Hamstring,,Out,Hamstring,,Did Not Participate In Practice,2011-12-23T09:02:12Z
2011,REG,BUF,16,00-0028097,TE,Lee Smith,Lee,Smith,Fibula,,Out,Fibula,,Did Not Participate In Practice,2011-12-23T09:02:29Z
2011,REG,BUF,16,00-0028071,RB,Johnny White,Johnny,White,Concussion,,Out,Concussion,,Did Not Participate In Practice,2011-12-23T09:02:23Z
2011,REG,BUF,16,00-0025516,TE,Scott Chandler,Scott,Chandler,Ankle,,Probable,Ankle,,Limited Participation in Practice,2011-12-23T09:02:06Z
2011,REG,BUF,16,00-0026364,WR,Steve Johnson,Steve,Johnson,Groin,,Probable,Groin,,Limited Participation in Practice,2011-12-23T09:02:06Z
2011,REG,CAR,16,00-0026944,CB,Captain Munnerlyn,Captain,Munnerlyn,Hamstring,,Out,Hamstring,,Out (Definitely Will Not Play),2011-12-23T10:34:38Z
2011,REG,CAR,16,00-0026207,S,Charles Godfrey,Charles,Godfrey,Shoulder,,Doubtful,Shoulder,,Did Not Participate In Practice,2011-12-23T10:35:06Z
2011,REG,CAR,16,00-0027017,CB,Darius Butler,Darius,Butler,Head,,Probable,Head,,Full Participation in Practice,2011-12-23T10:35:29Z
2011,REG,CAR,16,00-0022117,T,Jordan Gross,Jordan,Gross,Ankle,,Probable,Ankle,,Full Participation in Practice,2011-12-23T10:37:08Z
2011,REG,CAR,16,00-0027774,DE,Greg Hardy,Greg,Hardy,Illness,,Probable,Illness,,Full Participation in Practice,2011-12-23T10:35:52Z
2011,REG,CAR,16,00-0025470,DE,Charles Johnson,Charles,Johnson,Back,,Probable,Back,,Full Participation in Practice,2011-12-23T10:36:17Z
2011,REG,CAR,16,00-0021148,TE,Jeremy Shockey,Jeremy,Shockey,Not Injury Related,,Probable,Not Injury Related,,Full Participation in Practice,2011-12-23T10:36:34Z
2011,REG,CHI,16,00-0021140,DE,Julius Peppers,Julius,Peppers,,,,Not Injury Related,,Did Not Participate In Practice,2011-12-21T13:51:12Z
2011,REG,CHI,16,00-0024226,QB,Jay Cutler,Jay,Cutler,right Thumb,,Out,right Thumb,,Did Not Participate In Practice,2011-12-23T12:21:07Z
2011,REG,CHI,16,00-0026184,RB,Matt Forte,Matt,Forte,Knee,,Out,Knee,,Did Not Participate In Practice,2011-12-23T12:21:16Z
2011,REG,CHI,16,00-0023544,RB,Marion Barber,Marion,Barber,Calf,,Doubtful,Calf,,Did Not Participate In Practice,2011-12-23T12:21:26Z
2011,REG,CHI,16,00-0024272,WR,Devin Hester,Devin,Hester,Ankle,,Questionable,Ankle,,Did Not Participate In Practice,2011-12-23T12:21:49Z
2011,REG,CHI,16,00-0022128,LB,Lance Briggs,Lance,Briggs,Ankle,,Questionable,Ankle,,Limited Participation in Practice,2011-12-23T12:21:38Z
2011,REG,CHI,16,00-0026905,DT,Henry Melton,Henry,Melton,Shin,,Questionable,Shin,,Limited Participation in Practice,2011-12-23T12:21:58Z
2011,REG,CHI,16,00-0026298,TE,Kellen Davis,Kellen,Davis,Back,,Probable,Back,,Full Participation in Practice,2011-12-23T12:20:55Z
2011,REG,CIN,16,00-0020495,CB,Nate Clements,Nate,Clements,,,,Not Injury Related,,Did Not Participate In Practice,2011-12-22T10:44:23Z
2011,REG,CIN,16,00-0027014,LB,Rey Maualuga,Rey,Maualuga,,,,Not Injury Related,,Did Not Participate In Practice,2011-12-22T10:45:06Z
2011,REG,CIN,16,00-0026237,WR,Andre Caldwell,Andre,Caldwell,Groin,,Doubtful,Groin,,Did Not Participate In Practice,2011-12-23T08:28:33Z
2011,REG,CIN,16,00-0022167,S,Chris Crocker,Chris,Crocker,Knee,,Probable,Knee,,Full Participation in Practice,2011-12-23T08:28:08Z
2011,REG,CIN,16,00-0027942,WR,A.J. Green,A.J.,Green,Shoulder,,Probable,Shoulder,,Full Participation in Practice,2011-12-23T08:28:08Z
2011,REG,CIN,16,00-0025439,RB,Brian Leonard,Brian,Leonard,Knee,,Probable,Knee,,Full Participation in Practice,2011-12-23T08:28:08Z
2011,REG,CIN,16,00-0028004,LB,Dontay Moch,Dontay,Moch,Illness,,Probable,Illness,,Full Participation in Practice,2011-12-23T08:28:08Z
2011,REG,CIN,16,00-0025408,S,Reggie Nelson,Reggie,Nelson,Hip,,Probable,Hip,,Full Participation in Practice,2011-12-23T08:28:08Z
2011,REG,CIN,16,00-0026723,RB,Chris Pressley,Chris,Pressley,Knee,,Probable,Knee,,Full Participation in Practice,2011-12-23T08:28:08Z
2011,REG,CIN,16,00-0026982,T,Andre Smith,Andre,Smith,Ankle,,Probable,Ankle,,Full Participation in Practice,2011-12-23T08:28:08Z
2011,REG,CIN,16,00-0024270,T,Andrew Whitworth,Andrew,Whitworth,Knee,,Probable,Knee,,Full Participation in Practice,2011-12-23T08:28:08Z
2011,REG,CLE,16,00-0027688,QB,Colt McCoy,Colt,McCoy,Head,,Out,Head,,Did Not Participate In Practice,2011-12-23T11:12:18Z
2011,REG,CLE,16,00-0026739,WR,Jordan Norwood,Jordan,Norwood,Head,,Out,Head,,Did Not Participate In Practice,2011-12-23T11:12:30Z
2011,REG,CLE,16,00-0027653,S,T.J. Ward,T.J.,Ward,Foot,,Out,Foot,,Did Not Participate In Practice,2011-12-23T11:12:46Z
2011,REG,CLE,16,00-0027666,RB,Montario Hardesty,Montario,Hardesty,Calf,,Questionable,Calf,,Full Participation in Practice,2011-12-23T11:13:20Z
2011,REG,CLE,16,00-0023176,WR,Joshua Cribbs,Joshua,Cribbs,Groin,,Questionable,Groin,,Limited Participation in Practice,2011-12-23T11:12:58Z
2011,REG,CLE,16,00-0027860,CB,Joe Haden,Joe,Haden,Thigh,,Questionable,Thigh,,Limited Participation in Practice,2011-12-23T11:13:08Z
2011,REG,CLE,16,00-0027026,WR,Mohamed Massaquoi,Mohamed,Massaquoi,Foot,,Questionable,Foot,,Limited Participation in Practice,2011-12-23T11:13:28Z
2011,REG,CLE,16,00-0022149,T,Tony Pashos,Tony,Pashos,Ankle,,Questionable,Ankle,,Limited Participation in Practice,2011-12-23T11:13:52Z
2011,REG,CLE,16,00-0024081,DT,Scott Paxson,Scott,Paxson,Hand,Calf,Questionable,Hand,Calf,Limited Participation in Practice,2011-12-23T11:14:03Z
2011,REG,CLE,16,00-0027694,G,Shawn Lauvao,Shawn,Lauvao,Ankle,,Probable,Ankle,,Full Participation in Practice,2011-12-23T11:11:53Z
2011,REG,CLE,16,00-0026084,DT,Brian Schaefering,Brian,Schaefering,Ankle,,Probable,Ankle,,Full Participation in Practice,2011-12-23T11:11:53Z
2011,REG,CLE,16,00-0028698,LB,Ben Jacobs,Ben,Jacobs,Head,,Probable,Head,,Limited Participation in Practice,2011-12-23T11:11:53Z
2011,REG,CLE,16,00-0028062,RB,Owen Marecic,Owen,Marecic,Head,Ankle,Probable,Head,Ankle,Limited Participation in Practice,2011-12-23T11:11:53Z
2011,REG,CLE,16,00-0025453,S,Usama Young,Usama,Young,Shoulder,,Probable,Shoulder,,Limited Participation in Practice,2011-12-23T11:11:53Z
2011,REG,DAL,16,00-0028263,WR,Andre Holmes,Andre,Holmes,Hamstring,,Out,Hamstring,,Did Not Participate In Practice,2011-12-23T09:34:31Z
2011,REG,DAL,16,00-0027852,DT,Josh Price-Brent,Josh,Price-Brent,Knee,,Out,Knee,,Did Not Participate In Practice,2011-12-23T09:36:51Z
2011,REG,DAL,16,00-0026162,RB,Felix Jones,Felix,Jones,Hamstring,,Questionable,Hamstring,,Did Not Participate In Practice,2011-12-23T09:35:38Z
2011,REG,DAL,16,00-0027422,S,Danny McCray,Danny,McCray,Ankle,,Questionable,Ankle,,Did Not Participate In Practice,2011-12-23T09:36:11Z
2011,REG,DAL,16,00-0026780,WR,Kevin Ogletree,Kevin,Ogletree,Knee,,Questionable,Knee,,Did Not Participate In Practice,2011-12-23T09:36:35Z
2011,REG,DAL,16,00-0026165,CB,Mike Jenkins,Mike,Jenkins,Shoulder,,Questionable,Shoulder,,Limited Participation in Practice,2011-12-23T09:34:56Z
2011,REG,DAL,16,00-0023656,DT,Jay Ratliff,Jay,Ratliff,Ribs,,Questionable,Ribs,,Limited Participation in Practice,2011-12-23T09:37:55Z
2011,REG,DAL,16,00-0025462,WR,Laurent Robinson,Laurent,Robinson,Shoulder,,Questionable,Shoulder,,Limited Participation in Practice,2011-12-23T09:38:09Z
2011,REG,DAL,16,00-0023445,LB,DeMarcus Ware,DeMarcus,Ware,Neck,,Questionable,Neck,,Limited Participation in Practice,2011-12-23T09:38:28Z
2011,REG,DAL,16,00-0021348,G,Kyle Kosier,Kyle,Kosier,Foot,,Probable,Foot,,Full Participation in Practice,2011-12-23T09:33:59Z
2011,REG,DAL,16,00-0027663,LB,Sean Lee,Sean,Lee,Wrist,,Probable,Wrist,,Full Participation in Practice,2011-12-23T09:33:59Z
2011,REG,DAL,16,00-0021488,P,Mat McBriar,Mat,McBriar,left Foot,,Probable,left Foot,,Full Participation in Practice,2011-12-23T09:33:59Z
2011,REG,DEN,16,00-0027083,S,David Bruton,David,Bruton,Achilles,,Questionable,Achilles,,Limited Participation in Practice,2011-12-23T11:09:13Z
2011,REG,DEN,16,00-0004073,S,Brian Dawkins,Brian,Dawkins,Neck,,Questionable,Neck,,Limited Participation in Practice,2011-12-23T11:09:23Z
2011,REG,DEN,16,00-0024229,T,Brodrick Bunkley,Brodrick,Bunkley,Knee,,Probable,Knee,,Full Participation in Practice,2011-12-23T11:09:03Z
2011,REG,DEN,16,00-0023752,TE,Daniel Fells,Daniel,Fells,Thumb,,Probable,Thumb,,Full Participation in Practice,2011-12-23T11:09:03Z
2011,REG,DEN,16,00-0022178,RB,Willis McGahee,Willis,McGahee,Hamstring,,Probable,Hamstring,,Full Participation in Practice,2011-12-23T11:09:03Z
2011,REG,DEN,16,00-0027940,LB,Von Miller,Von,Miller,Thumb,,Probable,Thumb,,Full Participation in Practice,2011-12-23T11:09:03Z
2011,REG,DET,16,00-0027009,S,Louis Delmas,Louis,Delmas,Knee,,Doubtful,Knee,,Did Not Participate In Practice,2011-12-23T12:57:07Z
2011,REG,DET,16,00-0027338,CB,Aaron Berry,Aaron,Berry,Shoulder,,Doubtful,Shoulder,,Limited Participation in Practice,2011-12-23T12:56:59Z
2011,REG,DET,16,00-0022906,DT,Corey Williams,Corey,Williams,Hip,,Questionable,Hip,,Did Not Participate In Practice,2011-12-23T12:57:28Z
2011,REG,DET,16,00-0027951,DT,Nick Fairley,Nick,Fairley,Foot,,Questionable,Foot,,Limited Participation in Practice,2011-12-23T12:57:19Z
2011,REG,DET,16,00-0026157,T,Gosder Cherilus,Gosder,Cherilus,Hamstring,,Probable,Hamstring,,Full Participation in Practice,2011-12-23T12:56:48Z
2011,REG,DET,16,00-0025435,LB,Justin Durant,Justin,Durant,Hamstring,,Probable,Hamstring,,Full Participation in Practice,2011-12-23T12:56:48Z
2011,REG,DET,16,00-0023614,S,Chris Harris,Chris,Harris,Concussion,,Probable,Concussion,,Full Participation in Practice,2011-12-23T12:56:48Z
2011,REG,DET,16,00-0025428,CB,Chris Houston,Chris,Houston,Knee,,Probable,Knee,,Full Participation in Practice,2011-12-23T12:56:48Z
2011,REG,DET,16,00-0026168,DE,Lawrence Jackson,Lawrence,Jackson,Thigh,,Probable,Thigh,,Full Participation in Practice,2011-12-23T12:56:48Z
2011,REG,DET,16,00-0024343,G,Rob Sims,Rob,Sims,Shoulder,,Probable,Shoulder,,Full Participation in Practice,2011-12-23T12:56:48Z
2011,REG,DET,16,00-0026204,RB,Kevin Smith,Kevin,Smith,Ankle,,Probable,Ankle,,Full Participation in Practice,2011-12-23T12:56:48Z
2011,REG,DET,16,00-0027671,S,Amari Spievey,Amari,Spievey,Knee,,Probable,Knee,,Full Participation in Practice,2011-12-23T12:56:48Z
2011,REG,DET,16,00-0020382,DE,Kyle Vanden Bosch,Kyle,Vanden Bosch,Neck,,Probable,Neck,,Full Participation in Practice,2011-12-23T12:56:48Z
2011,REG,DET,16,00-0027124,CB,Don Carey,Don,Carey,Concussion,,Probable,Concussion,,Limited Participation in Practice,2011-12-23T12:56:48Z
2011,REG,DET,16,00-0027808,DE,Willie Young,Willie,Young,Ankle,,Probable,Ankle,,Limited Participation in Practice,2011-12-23T12:56:48Z
2011,REG,GB,16,00-0020515,DE,Ryan Pickett,Ryan,Pickett,Concussion,,Out,Concussion,,Did Not Participate In Practice,2011-12-23T12:24:31Z
2011,REG,GB,16,00-0019702,T,Chad Clifton,Chad,Clifton,Hamstring,Back,Out,Hamstring,Back,Limited Participation in Practice,2011-12-23T12:24:04Z
2011,REG,GB,16,00-0027875,T,Bryan Bulaga,Bryan,Bulaga,Knee,,Out,Knee,,Out (Definitely Will Not Play),2011-12-23T12:23:58Z
2011,REG,GB,16,00-0024267,WR,Greg Jennings,Greg,Jennings,Knee,,Out,Knee,,Out (Definitely Will Not Play),2011-12-23T12:24:11Z
2011,REG,GB,16,00-0027664,DE,Mike Neal,Mike,Neal,Shoulder,,Questionable,Shoulder,,Limited Participation in Practice,2011-12-23T12:24:24Z
2011,REG,GB,16,00-0025579,LB,Desmond Bishop,Desmond,Bishop,Calf,,Probable,Calf,,Full Participation in Practice,2011-12-23T12:23:49Z
2011,REG,GB,16,00-0028602,RB,Brandon Saine,Brandon,Saine,Concussion,,Probable,Concussion,,Full Participation in Practice,2011-12-23T12:23:49Z
2011,REG,GB,16,00-0027791,RB,James Starks,James,Starks,Knee,Ankle,Probable,Knee,Ankle,Full Participation in Practice,2011-12-23T12:23:49Z
2011,REG,GB,16,00-0021099,DE,Howard Green,Howard,Green,Foot,,Probable,Foot,,Limited Participation in Practice,2011-12-23T12:23:49Z
2011,REG,HOU,16,00-0023846,G,Mike Brisiel,Mike,Brisiel,Ankle,,Out,Ankle,,Did Not Participate In Practice,2011-12-21T07:38:31Z
2011,REG,HOU,16,00-0022044,WR,Andre Johnson,Andre,Johnson,Hamstring,,Out,Hamstring,,Did Not Participate In Practice,2011-12-21T07:38:46Z
2011,REG,HOU,16,00-0027743,CB,Sherrick McManis,Sherrick,McManis,Ankle,,Out,Ankle,,Did Not Participate In Practice,2011-12-21T07:38:59Z
2011,REG,HOU,16,00-0026948,S,Troy Nolan,Troy,Nolan,Ankle,,Out,Ankle,,Did Not Participate In Practice,2011-12-21T07:39:12Z
2011,REG,HOU,16,00-0023472,DT,Shaun Cody,Shaun,Cody,Knee,,Questionable,Knee,,Limited Participation in Practice,2011-12-21T07:39:25Z
2011,REG,HOU,16,00-0024313,TE,Owen Daniels,Owen,Daniels,Knee,,Questionable,Knee,,Limited Participation in Practice,2011-12-21T07:39:38Z
2011,REG,HOU,16,00-0028533,LB,Mister Alexander,Mister,Alexander,Shoulder,,Probable,Shoulder,,Full Participation in Practice,2011-12-21T07:40:00Z
2011,REG,HOU,16,00-0024231,CB,Jason Allen,Jason,Allen,Thumb,,Probable,Thumb,,Full Participation in Practice,2011-12-21T07:38:11Z
2011,REG,HOU,16,00-0023219,DE,Tim Bulman,Tim,Bulman,Calf,,Probable,Calf,,Full Participation in Practice,2011-12-21T07:38:11Z
2011,REG,HOU,16,00-0027051,G,Antoine Caldwell,Antoine,Caldwell,Ankle,,Probable,Ankle,,Full Participation in Practice,2011-12-21T07:38:11Z
2011,REG,HOU,16,00-0027109,RB,James Casey,James,Casey,Foot,,Probable,Foot,,Full Participation in Practice,2011-12-21T07:38:11Z
2011,REG,HOU,16,00-0027998,CB,Brandon Harris,Brandon,Harris,Hip,,Probable,Hip,,Full Participation in Practice,2011-12-21T07:38:11Z
2011,REG,HOU,16,00-0026798,DE,Tim Jamison,Tim,Jamison,Knee,,Probable,Knee,,Full Participation in Practice,2011-12-21T07:38:11Z
2011,REG,HOU,16,00-0028543,WR,Jeff Maehl,Jeff,Maehl,Hamstring,,Probable,Hamstring,,Full Participation in Practice,2011-12-21T07:38:11Z
2011,REG,HOU,16,00-0027684,DT,Earl Mitchell,Earl,Mitchell,Knee,,Probable,Knee,,Full Participation in Practice,2011-12-21T07:38:11Z
2011,REG,HOU,16,00-0023633,C,Chris Myers,Chris,Myers,Knee,,Probable,Knee,,Full Participation in Practice,2011-12-21T07:38:11Z
2011,REG,HOU,16,00-0026417,LB,Jesse Nading,Jesse,Nading,Knee,,Probable,Knee,,Full Participation in Practice,2011-12-21T07:38:11Z
2011,REG,HOU,16,00-0027081,S,Glover Quin,Glover,Quin,Ankle,,Probable,Ankle,,Full Participation in Practice,2011-12-21T07:38:11Z
2011,REG,HOU,16,00-0019676,K,Neil Rackers,Neil,Rackers,right Calf,,Probable,right Calf,,Full Participation in Practice,2011-12-21T07:38:11Z
2011,REG,HOU,16,00-0021931,WR,Kevin Walter,Kevin,Walter,Quadricep,,Probable,Quadricep,,Full Participation in Practice,2011-12-21T07:38:11Z
2011,REG,HOU,16,00-0023630,TE,Joel Dreessen,Joel,Dreessen,Knee,Wrist,Probable,Knee,Wrist,Limited Participation in Practice,2011-12-21T07:38:11Z
2011,REG,HOU,16,00-0025460,WR,Jacoby Jones,Jacoby,Jones,Foot,,Probable,Foot,,Limited Participation in Practice,2011-12-21T07:38:11Z
2011,REG,HOU,16,00-0024239,CB,Johnathan Joseph,Johnathan,Joseph,Hamstring,,Probable,Hamstring,,Limited Participation in Practice,2011-12-21T07:38:11Z
2011,REG,HOU,16,00-0022793,DE,Antonio Smith,Antonio,Smith,Ankle,,Probable,Ankle,,Limited Participation in Practice,2011-12-21T07:38:11Z
2011,REG,HOU,16,00-0027890,RB,Ben Tate,Ben,Tate,Hamstring,,Probable,Hamstring,,Limited Participation in Practice,2011-12-21T07:38:11Z
2011,REG,HOU,16,00-0028090,QB,T.J. Yates,T.J.,Yates,right Shoulder,,Probable,right Shoulder,,Limited Participation in Practice,2011-12-21T07:38:11Z
2011,REG,IND,16,00-0021146,DE,Dwight Freeney,Dwight,Freeney,,,,Not Injury Related,,Did Not Participate In Practice,2011-12-21T12:02:08Z
2011,REG,IND,16,00-0027032,DT,Fili Moala,Fili,Moala,,,,Personal,,Full Participation in Practice,2011-12-21T12:03:47Z
2011,REG,IND,16,00-0014375,C,Jeff Saturday,Jeff,Saturday,,,,Foot,,Full Participation in Practice,2011-12-21T12:02:08Z
2011,REG,IND,16,00-0010346,QB,Peyton Manning,Peyton,Manning,Neck,,Out,Neck,,Out (Definitely Will Not Play),2011-12-21T12:06:27Z
2011,REG,IND,16,00-0022165,TE,Dallas Clark,Dallas,Clark,Neck,,Doubtful,Neck,,Did Not Participate In Practice,2011-12-21T12:05:26Z
2011,REG,IND,16,00-0022059,DE,Robert Mathis,Robert,Mathis,Knee,,Questionable,Knee,,Did Not Participate In Practice,2011-12-21T12:06:42Z
2011,REG,IND,16,00-0026233,LB,Philip Wheeler,Philip,Wheeler,Foot,,Questionable,Foot,,Did Not Participate In Practice,2011-12-21T12:07:20Z
2011,REG,IND,16,00-0025395,DE,Jamaal Anderson,Jamaal,Anderson,Groin,,Questionable,Groin,,Full Participation in Practice,2011-12-21T12:04:31Z
2011,REG,IND,16,00-0024421,S,Antoine Bethea,Antoine,Bethea,Knee,,Questionable,Knee,,Full Participation in Practice,2011-12-21T12:04:43Z
2011,REG,IND,16,00-0028057,RB,Delone Carter,Delone,Carter,Forearm,,Questionable,Forearm,,Full Participation in Practice,2011-12-21T12:05:02Z
2011,REG,IND,16,00-0027719,LB,A.J. Edds,A.J.,Edds,Ankle,,Questionable,Ankle,,Full Participation in Practice,2011-12-21T12:05:50Z
2011,REG,JAX,16,00-0023481,DE,Matt Roth,Matt,Roth,Concussion,,Out,Concussion,,Did Not Participate In Practice,2011-12-23T08:40:20Z
2011,REG,JAX,16,00-0028052,WR,Cecil Shorts,Cecil,Shorts,Hamstring,,Out,Hamstring,,Did Not Participate In Practice,2011-12-23T08:40:26Z
2011,REG,JAX,16,00-0026253,S,Dwight Lowery,Dwight,Lowery,Shoulder,,Doubtful,Shoulder,,Did Not Participate In Practice,2011-12-23T08:40:13Z
2011,REG,JAX,16,00-0024344,T,Guy Whimper,Guy,Whimper,Knee,,Doubtful,Knee,,Did Not Participate In Practice,2011-12-23T08:40:39Z
2011,REG,JAX,16,00-0024243,TE,Marcedes Lewis,Marcedes,Lewis,Hamstring,,Questionable,Hamstring,,Limited Participation in Practice,2011-12-23T08:40:03Z
2011,REG,JAX,16,00-0027862,DT,Tyson Alualu,Tyson,Alualu,Not Injury Related,,Probable,Not Injury Related,,Full Participation in Practice,2011-12-23T08:39:50Z
2011,REG,JAX,16,00-0022897,RB,Greg Jones,Greg,Jones,Hamstring,,Probable,Hamstring,,Full Participation in Practice,2011-12-23T08:39:50Z
2011,REG,JAX,16,00-0027076,WR,Mike Thomas,Mike,Thomas,Concussion,,Probable,Concussion,,Full Participation in Practice,2011-12-23T08:39:50Z
2011,REG,JAX,16,00-0024275,RB,Maurice Jones-Drew,Maurice,Jones-Drew,Ankle,,Probable,Ankle,,Limited Participation in Practice,2011-12-23T08:39:50Z
2011,REG,KC,16,00-0021187,S,Jon McGraw,Jon,McGraw,Ankle,,Out,Ankle,,Did Not Participate In Practice,2011-12-23T11:29:53Z
2011,REG,KC,16,00-0017638,C,Casey Wiegmann,Casey,Wiegmann,Calf,,Probable,Calf,,Limited Participation in Practice,2011-12-23T11:27:09Z
2011,REG,MIA,16,00-0024268,TE,Anthony Fasano,Anthony,Fasano,Head,,Out,Head,,Did Not Participate In Practice,2011-12-23T08:27:08Z
2011,REG,MIA,16,00-0020467,CB,Will Allen,Will,Allen,Wrist,,Probable,Wrist,,Full Participation in Practice,2011-12-23T08:26:53Z
2011,REG,MIA,16,00-0025820,T,Jake Long,Jake,Long,Back,,Probable,Back,,Full Participation in Practice,2011-12-23T08:26:53Z
2011,REG,MIA,16,00-0024334,WR,Brandon Marshall,Brandon,Marshall,Knee,,Probable,Knee,,Full Participation in Practice,2011-12-23T08:26:53Z
2011,REG,MIN,16,00-0027058,CB,Asher Allen,Asher,Allen,Concussion,Shoulder,Out,Concussion,Shoulder,Did Not Participate In Practice,2011-12-23T09:35:43Z
2011,REG,MIN,16,00-0020466,G,Steve Hutchinson,Steve,Hutchinson,Concussion,,Out,Concussion,,Did Not Participate In Practice,2011-12-23T09:35:21Z
2011,REG,MIN,16,00-0027649,CB,Chris Cook,Chris,Cook,Not Injury Related,,Out,Not Injury Related,,Out (Definitely Will Not Play),2011-12-23T09:35:14Z
2011,REG,MIN,16,00-0025945,LB,Erin Henderson,Erin,Henderson,Illness,,Probable,Illness,,Full Participation in Practice,2011-12-23T09:35:03Z
2011,REG,MIN,16,00-0022266,G,Anthony Herrera,Anthony,Herrera,Knee,,Probable,Knee,,Full Participation in Practice,2011-12-23T09:35:03Z
2011,REG,MIN,16,00-0024442,S,Jarrad Page,Jarrad,Page,Hamstring,,Probable,Hamstring,,Full Participation in Practice,2011-12-23T09:35:03Z
2011,REG,MIN,16,00-0022073,DT,Kevin Williams,Kevin,Williams,Knee,,Probable,Knee,,Full Participation in Practice,2011-12-23T09:35:03Z
2011,REG,NE,16,00-0027713,TE,Aaron Hernandez,Aaron,Hernandez,,,,Not Injury Related,,Did Not Participate In Practice,2011-12-21T12:56:57Z
2011,REG,NE,16,00-0025866,C,Ryan Wendell,Ryan,Wendell,,,,Calf,,Limited Participation in Practice,2011-12-21T13:13:02Z
2011,REG,NE,16,00-0026019,RB,Danny Woodhead,Danny,Woodhead,,,,Abdomen,,Limited Participation in Practice,2011-12-21T13:13:17Z
2011,REG,NE,16,00-0027034,T,Sebastian Vollmer,Sebastian,Vollmer,Foot,,Doubtful,Foot,,Did Not Participate In Practice,2011-12-23T12:08:22Z
2011,REG,NE,16,00-0027668,LB,Brandon Spikes,Brandon,Spikes,Knee,,Questionable,Knee,,Did Not Participate In Practice,2011-12-23T12:08:06Z
2011,REG,NE,16,00-0026071,CB,Kyle Arrington,Kyle,Arrington,Foot,,Questionable,Foot,,Limited Participation in Practice,2011-12-23T12:07:04Z
2011,REG,NE,16,00-0021192,WR,Deion Branch,Deion,Branch,Groin,,Questionable,Groin,,Limited Participation in Practice,2011-12-23T12:07:10Z
2011,REG,NE,16,00-0027010,S,Patrick Chung,Patrick,Chung,Foot,,Questionable,Foot,,Limited Participation in Practice,2011-12-23T12:07:15Z
2011,REG,NE,16,00-0022979,G,Dan Connolly,Dan,Connolly,Groin,,Questionable,Groin,,Limited Participation in Practice,2011-12-23T12:07:19Z
2011,REG,NE,16,00-0027150,WR,Julian Edelman,Julian,Edelman,Back,,Questionable,Back,,Limited Participation in Practice,2011-12-23T12:07:23Z
2011,REG,NE,16,00-0027237,LB,Dane Fletcher,Dane,Fletcher,Thumb,,Questionable,Thumb,,Limited Participation in Practice,2011-12-23T12:07:28Z
2011,REG,NE,16,00-0023543,S,Vincent Fuller,Vincent,Fuller,Forearm,,Questionable,Forearm,,Limited Participation in Practice,2011-12-23T12:07:34Z
2011,REG,NE,16,00-0025860,RB,BenJarvus Green-Ellis,BenJarvus,Green-Ellis,Illness,,Questionable,Illness,,Limited Participation in Practice,2011-12-23T12:07:39Z
2011,REG,NE,16,00-0025753,S,James Ihedigbo,James,Ihedigbo,Shoulder,,Questionable,Shoulder,,Limited Participation in Practice,2011-12-23T12:07:44Z
2011,REG,NE,16,00-0027647,CB,Devin McCourty,Devin,McCourty,Shoulder,,Questionable,Shoulder,,Limited Participation in Practice,2011-12-23T12:07:52Z
2011,REG,NE,16,00-0026293,WR,Matt Slater,Matt,Slater,Shoulder,,Questionable,Shoulder,,Limited Participation in Practice,2011-12-23T12:07:58Z
2011,REG,NE,16,00-0027994,RB,Shane Vereen,Shane,Vereen,Hamstring,,Questionable,Hamstring,,Limited Participation in Practice,2011-12-23T12:08:12Z
2011,REG,NE,16,00-0018584,G,Brian Waters,Brian,Waters,Ankle,,Questionable,Ankle,,Limited Participation in Practice,2011-12-23T12:08:31Z
2011,REG,NE,16,00-0022427,WR,Wes Welker,Wes,Welker,Knee,,Questionable,Knee,,Limited Participation in Practice,2011-12-23T12:08:37Z
2011,REG,NO,16,00-0027966,RB,Mark Ingram,Mark,Ingram,Toe,,Doubtful,Toe,,Did Not Participate In Practice,2011-12-24T11:17:32Z
2011,REG,NO,16,00-0026832,LB,Jonathan Casillas,Jonathan,Casillas,Knee,,Doubtful,Knee,,Limited Participation in Practice,2011-12-24T11:17:21Z
2011,REG,NO,16,00-0023310,WR,Lance Moore,Lance,Moore,Hamstring,,Questionable,Hamstring,,Limited Participation in Practice,2011-12-24T11:17:45Z
2011,REG,NO,16,00-0022147,DT,Aubrayo Franklin,Aubrayo,Franklin,Ankle,,Probable,Ankle,,Full Participation in Practice,2011-12-24T11:17:10Z
2011,REG,NO,16,00-0026672,LB,Ramon Humber,Ramon,Humber,Knee,,Probable,Knee,,Full Participation in Practice,2011-12-24T11:17:10Z
2011,REG,NO,16,00-0026147,DT,Sedrick Ellis,Sedrick,Ellis,Hamstring,,Probable,Hamstring,,Limited Participation in Practice,2011-12-24T11:17:10Z
2011,REG,NO,16,00-0024323,G,Jahri Evans,Jahri,Evans,Knee,,Probable,Knee,,Limited Participation in Practice,2011-12-24T11:17:10Z
2011,REG,NO,16,00-0022778,LB,Jonathan Vilma,Jonathan,Vilma,Knee,,Probable,Knee,,Limited Participation in Practice,2011-12-24T11:17:10Z
2011,REG,NYG,16,00-0027259,TE,Jake Ballard,Jake,Ballard,Knee,,Out,Knee,,Did Not Participate In Practice,2011-12-23T08:48:26Z
2011,REG,NYG,16,00-0028620,LB,Mark Herzlich,Mark,Herzlich,Ankle,,Out,Ankle,,Did Not Participate In Practice,2011-12-23T08:48:36Z
2011,REG,NYG,16,00-0021977,DE,Osi Umenyiora,Osi,Umenyiora,Ankle,Knee,Out,Ankle,Knee,Did Not Participate In Practice,2011-12-23T08:48:44Z
2011,REG,NYG,16,00-0026235,WR,Mario Manningham,Mario,Manningham,Knee,,Doubtful,Knee,,Did Not Participate In Practice,2011-12-23T08:49:03Z
2011,REG,NYG,16,00-0024559,RB,Danny Ware,Danny,Ware,Knee,,Questionable,Knee,,Limited Participation in Practice,2011-12-23T08:48:53Z
2011,REG,NYG,16,00-0023468,C,David Baas,David,Baas,Neck,,Probable,Neck,,Limited Participation in Practice,2011-12-23T08:48:18Z
2011,REG,NYG,16,00-0027070,TE,Travis Beckum,Travis,Beckum,Chest,,Probable,Chest,,Limited Participation in Practice,2011-12-23T08:48:18Z
2011,REG,NYG,16,00-0025637,RB,Ahmad Bradshaw,Ahmad,Bradshaw,Foot,,Probable,Foot,,Limited Participation in Practice,2011-12-23T08:48:18Z
2011,REG,NYG,16,00-0024422,S,Derrick Martin,Derrick,Martin,Back,,Probable,Back,,Limited Participation in Practice,2011-12-23T08:48:18Z
2011,REG,NYG,16,00-0026931,TE,Bear Pascoe,Bear,Pascoe,Ribs,,Probable,Ribs,,Limited Participation in Practice,2011-12-23T08:48:18Z
2011,REG,NYG,16,00-0026174,WR,Devin Thomas,Devin,Thomas,Neck,,Probable,Neck,,Limited Participation in Practice,2011-12-23T08:48:18Z
2011,REG,NYJ,16,00-0024588,CB,Marquice Cole,Marquice,Cole,Knee,,Questionable,Knee,,Limited Participation in Practice,2011-12-23T09:10:09Z
2011,REG,NYJ,16,00-0027712,RB,Joe McKnight,Joe,McKnight,Shoulder,Elbow,Questionable,Shoulder,Elbow,Limited Participation in Practice,2011-12-23T09:10:47Z
2011,REG,NYJ,16,00-0019642,WR,Plaxico Burress,Plaxico,Burress,Illness,,Probable,Illness,,Full Participation in Practice,2011-12-23T09:09:52Z
2011,REG,NYJ,16,00-0027667,T,Vladimir Ducasse,Vladimir,Ducasse,Knee,,Probable,Knee,,Full Participation in Practice,2011-12-23T09:09:52Z
2011,REG,NYJ,16,00-0026899,RB,Shonn Greene,Shonn,Greene,Rib,Shoulder,Probable,Rib,Shoulder,Full Participation in Practice,2011-12-23T09:09:52Z
2011,REG,NYJ,16,00-0025434,LB,David Harris,David,Harris,Not Injury Related,,Probable,Not Injury Related,,Full Participation in Practice,2011-12-23T09:09:52Z
2011,REG,NYJ,16,00-0028091,WR,Jeremy Kerley,Jeremy,Kerley,Illness,,Probable,Illness,,Full Participation in Practice,2011-12-23T09:09:52Z
2011,REG,NYJ,16,00-0020969,G,Brandon Moore,Brandon,Moore,Hip,,Probable,Hip,,Full Participation in Practice,2011-12-23T09:09:52Z
2011,REG,NYJ,16,00-0026016,DE,Ropati Pitoitua,Ropati,Pitoitua,Hand,,Probable,Hand,,Full Participation in Practice,2011-12-23T09:09:52Z
2011,REG,NYJ,16,00-0026898,QB,Mark Sanchez,Mark,Sanchez,Neck,,Probable,Neck,,Full Participation in Practice,2011-12-23T09:09:52Z
2011,REG,NYJ,16,00-0028117,G,Caleb Schlauderaff,Caleb,Schlauderaff,Knee,,Probable,Knee,,Full Participation in Practice,2011-12-23T09:09:52Z
2011,REG,NYJ,16,00-0025689,DT,Mike Devito,Mike,Devito,Knee,,Probable,Knee,,Limited Participation in Practice,2011-12-23T09:09:52Z
2011,REG,NYJ,16,00-0024240,WR,Santonio Holmes,Santonio,Holmes,Hip,,Probable,Hip,,Limited Participation in Practice,2011-12-23T09:09:52Z
2011,REG,NYJ,16,00-0024312,S,Eric Smith,Eric,Smith,Knee,,Probable,Knee,,Limited Participation in Practice,2011-12-23T09:09:52Z
2011,REG,OAK,16,00-0023473,CB,Stanford Routt,Stanford,Routt,,,,Knee,,Full Participation in Practice,2011-12-21T12:53:30Z
2011,REG,OAK,16,00-0023460,QB,Jason Campbell,Jason,Campbell,Collarbone,,Out,Collarbone,,Did Not Participate In Practice,2011-12-23T10:56:25Z
2011,REG,OAK,16,00-0027709,WR,Jacoby Ford,Jacoby,Ford,Foot,,Out,Foot,,Did Not Participate In Practice,2011-12-23T10:56:41Z
2011,REG,OAK,16,00-0021144,DT,John Henderson,John,Henderson,Knee,,Out,Knee,,Did Not Participate In Practice,2011-12-23T10:56:57Z
2011,REG,OAK,16,00-0024222,S,Michael Huff,Michael,Huff,Hamstring,,Out,Hamstring,,Did Not Participate In Practice,2011-12-23T10:57:06Z
2011,REG,OAK,16,00-0026144,RB,Darren McFadden,Darren,McFadden,Foot,,Out,Foot,,Did Not Participate In Practice,2011-12-23T10:57:41Z
2011,REG,OAK,16,00-0025487,RB,Michael Bush,Michael,Bush,Shoulder,,Questionable,Shoulder,,Limited Participation in Practice,2011-12-23T10:56:11Z
2011,REG,OAK,16,00-0028063,RB,Taiwan Jones,Taiwan,Jones,Hamstring,,Questionable,Hamstring,,Limited Participation in Practice,2011-12-23T10:57:17Z
2011,REG,OAK,16,00-0027089,WR,Louis Murphy,Louis,Murphy,Groin,,Questionable,Groin,,Limited Participation in Practice,2011-12-23T10:58:04Z
2011,REG,OAK,16,00-0021357,RB,Rock Cartwright,Rock,Cartwright,Calf,,Probable,Calf,,Full Participation in Practice,2011-12-23T10:55:54Z
2011,REG,OAK,16,00-0023569,S,Matt Giordano,Matt,Giordano,Shoulder,,Probable,Shoulder,,Full Participation in Practice,2011-12-23T10:55:54Z
2011,REG,OAK,16,00-0027421,CB,Bryan McCann,Bryan,McCann,Concussion,,Probable,Concussion,,Full Participation in Practice,2011-12-23T10:55:54Z
2011,REG,OAK,16,00-0028086,WR,Denarius Moore,Denarius,Moore,Foot,,Probable,Foot,,Full Participation in Practice,2011-12-23T10:55:54Z
2011,REG,OAK,16,00-0025447,C,Samson Satele,Samson,Satele,Shoulder,,Probable,Shoulder,,Full Participation in Practice,2011-12-23T10:55:54Z
2011,REG,OAK,16,00-0026366,WR,Chaz Schilens,Chaz,Schilens,Hip,,Probable,Hip,,Full Participation in Practice,2011-12-23T10:55:54Z
2011,REG,OAK,16,00-0022539,DT,Tommy Kelly,Tommy,Kelly,Toe,,Probable,Toe,,Limited Participation in Practice,2011-12-23T10:55:54Z
2011,REG,PHI,16,00-0021956,CB,Asante Samuel,Asante,Samuel,Hamstring,,Out,Hamstring,,Did Not Participate In Practice,2011-12-23T08:02:43Z
2011,REG,PHI,16,00-0026187,DT,Trevor Laws,Trevor,Laws,Knee,,Questionable,Knee,,Full Participation in Practice,2011-12-23T08:02:34Z
2011,REG,PHI,16,00-0023437,RB,Ronnie Brown,Ronnie,Brown,Hamstring,,Probable,Hamstring,,Full Participation in Practice,2011-12-23T08:02:25Z
2011,REG,PHI,16,00-0023560,T,Todd Herremans,Todd,Herremans,Ankle,,Probable,Ankle,,Full Participation in Practice,2011-12-23T08:02:25Z
2011,REG,PHI,16,00-0021706,DT,Cullen Jenkins,Cullen,Jenkins,Groin,,Probable,Groin,,Full Participation in Practice,2011-12-23T08:02:25Z
2011,REG,PHI,16,00-0026995,WR,Jeremy Maclin,Jeremy,Maclin,Hamstring,Shoulder,Probable,Hamstring,Shoulder,Full Participation in Practice,2011-12-23T08:02:25Z
2011,REG,PHI,16,00-0024278,DE,Darryl Tapp,Darryl,Tapp,Ribs,,Probable,Ribs,,Full Participation in Practice,2011-12-23T08:02:25Z
2011,REG,PHI,16,00-0020245,QB,Michael Vick,Michael,Vick,Ribs,,Probable,Ribs,,Full Participation in Practice,2011-12-23T08:02:25Z
2011,REG,PIT,16,00-0028033,CB,Curtis Brown,Curtis,Brown,Knee,,Out,Knee,,Did Not Participate In Practice,2011-12-23T11:38:36Z
2011,REG,PIT,16,00-0022217,RB,Mewelde Moore,Mewelde,Moore,Knee,,Out,Knee,,Did Not Participate In Practice,2011-12-23T11:38:51Z
2011,REG,PIT,16,00-0027870,C,Maurkice Pouncey,Maurkice,Pouncey,Ankle,,Out,Ankle,,Did Not Participate In Practice,2011-12-23T11:38:58Z
2011,REG,PIT,16,00-0027685,WR,Emmanuel Sanders,Emmanuel,Sanders,Foot,,Out,Foot,,Did Not Participate In Practice,2011-12-23T11:39:13Z
2011,REG,PIT,16,00-0022924,QB,Ben Roethlisberger,Ben,Roethlisberger,Ankle,,Questionable,Ankle,,Did Not Participate In Practice,2011-12-23T11:39:06Z
2011,REG,PIT,16,00-0028100,LB,Chris Carter,Chris,Carter,Hamstring,,Questionable,Hamstring,,Limited Participation in Practice,2011-12-23T11:38:45Z
2011,REG,PIT,16,00-0025433,LB,LaMarr Woodley,LaMarr,Woodley,Hamstring,,Questionable,Hamstring,,Limited Participation in Practice,2011-12-23T11:39:22Z
2011,REG,SD,16,00-0022894,LB,Travis LaBoy,Travis,LaBoy,Knee,,Out,Knee,,Did Not Participate In Practice,2011-12-23T12:07:02Z
2011,REG,SD,16,00-0023496,WR,Vincent Jackson,Vincent,Jackson,Groin,,Questionable,Groin,,Did Not Participate In Practice,2011-12-23T12:07:16Z
2011,REG,SD,16,00-0022169,DT,Antonio Garay,Antonio,Garay,Toe,,Questionable,Toe,,Limited Participation in Practice,2011-12-23T12:06:52Z
2011,REG,SD,16,00-0027682,LB,Donald Butler,Donald,Butler,Foot,,Probable,Foot,,Full Participation in Practice,2011-12-23T12:06:35Z
2011,REG,SEA,16,00-0021340,DE,Raheem Brock,Raheem,Brock,,,,Not Injury Related,,Did Not Participate In Practice,2011-12-21T16:04:44Z
2011,REG,SEA,16,00-0026261,DE,Red Bryant,Red,Bryant,,,,Not Injury Related,,Did Not Participate In Practice,2011-12-21T16:04:55Z
2011,REG,SEA,16,00-0026391,CB,Kennard Cox,Kennard,Cox,Hamstring,,Doubtful,Hamstring,,Did Not Participate In Practice,2011-12-23T11:40:36Z
2011,REG,SEA,16,00-0028180,LB,Malcolm Smith,Malcolm,Smith,Concussion,,Doubtful,Concussion,,Did Not Participate In Practice,2011-12-23T11:40:51Z
2011,REG,SEA,16,00-0026964,DT,Clinton McDonald,Clinton,McDonald,Concussion,,Doubtful,Concussion,,Limited Participation in Practice,2011-12-23T11:40:46Z
2011,REG,SEA,16,00-0028434,WR,Doug Baldwin,Doug,Baldwin,Ankle,,Questionable,Ankle,,Did Not Participate In Practice,2011-12-23T11:40:29Z
2011,REG,SEA,16,00-0022836,G,Robert Gallery,Robert,Gallery,Pelvis,,Probable,Pelvis,,Full Participation in Practice,2011-12-23T11:40:20Z
2011,REG,SEA,16,00-0025999,LB,David Hawthorne,David,Hawthorne,Knee,,Probable,Knee,,Full Participation in Practice,2011-12-23T11:40:20Z
2011,REG,SEA,16,00-0024279,QB,Tarvaris Jackson,Tarvaris,Jackson,Pectoral,,Probable,Pectoral,,Full Participation in Practice,2011-12-23T11:40:20Z
2011,REG,SF,16,00-0024129,LB,Blake Costanzo,Blake,Costanzo,,,,Not Injury Related,,Did Not Participate In Practice,2011-12-22T16:19:56Z
2011,REG,SF,16,00-0025396,WR,Ted Ginn,Ted,Ginn,Ankle,,Questionable,Ankle,,Did Not Participate In Practice,2011-12-23T13:35:37Z
2011,REG,SF,16,00-0023438,WR,Braylon Edwards,Braylon,Edwards,Knee,,Questionable,Knee,,Limited Participation in Practice,2011-12-23T13:35:29Z
2011,REG,SF,16,00-0028149,RB,Bruce Miller,Bruce,Miller,Knee,,Questionable,Knee,,Limited Participation in Practice,2011-12-23T13:35:44Z
2011,REG,SF,16,00-0025398,LB,Patrick Willis,Patrick,Willis,Hamstring,,Questionable,Hamstring,,Limited Participation in Practice,2011-12-23T13:35:54Z
2011,REG,STL,16,00-0022097,WR,Brandon Lloyd,Brandon,Lloyd,,,,Illness,,Full Participation in Practice,2011-12-21T12:56:13Z
2011,REG,STL,16,00-0020305,QB,A.J. Feeley,A.J.,Feeley,rt. thumb,,Out,rt. thumb,,Did Not Participate In Practice,2011-12-23T08:55:53Z
2011,REG,STL,16,00-0027854,QB,Sam Bradford,Sam,Bradford,Ankle,,Doubtful,Ankle,,Did Not Participate In Practice,2011-12-23T08:55:48Z
2011,REG,STL,16,00-0026241,CB,Justin King,Justin,King,Shoulder,,Questionable,Shoulder,,Did Not Participate In Practice,2011-12-23T08:56:08Z
2011,REG,STL,16,00-0027503,CB,Josh Gordy,Josh,Gordy,Abdomen,,Questionable,Abdomen,,Limited Participation in Practice,2011-12-23T08:56:00Z
2011,REG,STL,16,00-0026142,DE,Chris Long,Chris,Long,Ankle,,Questionable,Ankle,,Limited Participation in Practice,2011-12-23T08:56:17Z
2011,REG,TB,16,00-0026618,DE,Michael Bennett,Michael,Bennett,Toe,,Questionable,Toe,,Full Participation in Practice,2011-12-23T12:50:52Z
2011,REG,TB,16,00-0026315,LB,Geno Hayes,Geno,Hayes,Knee,,Questionable,Knee,,Full Participation in Practice,2011-12-23T12:51:20Z
2011,REG,TB,16,00-0021149,DT,Albert Haynesworth,Albert,Haynesworth,Knee,,Questionable,Knee,,Full Participation in Practice,2011-12-23T12:51:33Z
2011,REG,TB,16,00-0025569,LB,Adam Hayward,Adam,Hayward,Foot,,Questionable,Foot,,Full Participation in Practice,2011-12-23T12:51:42Z
2011,REG,TB,16,00-0027650,DT,Brian Price,Brian,Price,Ankle,,Questionable,Ankle,,Full Participation in Practice,2011-12-23T12:52:06Z
2011,REG,TB,16,00-0026953,WR,Sammie Stroughter,Sammie,Stroughter,Knee,,Questionable,Knee,,Full Participation in Practice,2011-12-23T12:52:17Z
2011,REG,TB,16,00-0027654,WR,Arrelious Benn,Arrelious,Benn,Concussion,,Probable,Concussion,,Full Participation in Practice,2011-12-23T12:50:18Z
2011,REG,TB,16,00-0026993,QB,Josh Freeman,Josh,Freeman,right Shoulder,,Probable,right Shoulder,,Full Participation in Practice,2011-12-23T12:50:18Z
2011,REG,TB,16,00-0027055,DT,Roy Miller,Roy,Miller,Back,,Probable,Back,,Full Participation in Practice,2011-12-23T12:50:18Z
2011,REG,TEN,16,00-0022814,DE,Dave Ball,Dave,Ball,,,,Not Injury Related,,Did Not Participate In Practice,2011-12-21T13:09:06Z
2011,REG,TEN,16,00-0027095,LB,Gerald McRath,Gerald,McRath,Ankle,Knee,Out,Ankle,Knee,Did Not Participate In Practice,2011-12-23T09:13:48Z
2011,REG,TEN,16,00-0026243,DE,William Hayes,William,Hayes,Groin,,Questionable,Groin,,Full Participation in Practice,2011-12-23T09:13:31Z
2011,REG,TEN,16,00-0026164,RB,Chris Johnson,Chris,Johnson,Ankle,,Questionable,Ankle,,Limited Participation in Practice,2011-12-23T09:13:39Z
2011,REG,TEN,16,00-0023367,WR,Nate Washington,Nate,Washington,Ankle,,Probable,Ankle,,Full Participation in Practice,2011-12-23T09:13:21Z
2011,REG,TEN,16,00-0025833,LB,Patrick Bailey,Patrick,Bailey,Hamstring,,Probable,Hamstring,,Limited Participation in Practice,2011-12-23T09:13:21Z
2011,REG,WAS,16,00-0023447,T,Jammal Brown,Jammal,Brown,Groin,,Questionable,Groin,,Limited Participation in Practice,2011-12-23T07:35:42Z
2011,REG,WAS,16,00-0028043,RB,Roy Helu,Roy,Helu,Toe,Knee,Questionable,Toe,Knee,Limited Participation in Practice,2011-12-23T07:35:36Z
2011,REG,WAS,16,00-0023954,DE,Stephen Bowen,Stephen,Bowen,Knee,,Probable,Knee,,Full Participation in Practice,2011-12-23T07:35:28Z
2011,REG,WAS,16,00-0005322,LB,London Fletcher,London,Fletcher,Ankle,,Probable,Ankle,,Full Participation in Practice,2011-12-23T07:35:28Z
2011,REG,WAS,16,00-0024515,P,Saverio Rocca,Saverio,Rocca,left Ankle,,Probable,left Ankle,,Full Participation in Practice,2011-12-23T07:35:28Z
2011,REG,WAS,16,00-0014655,RB,Mike Sellers,Mike,Sellers,Elbow,,Probable,Elbow,,Full Participation in Practice,2011-12-23T07:35:28Z
2011,REG,WAS,16,00-0025442,CB,Josh Wilson,Josh,Wilson,Head,Chest,Probable,Head,Chest,Full Participation in Practice,2011-12-23T07:35:28Z
2011,REG,ARI,17,00-0026365,T,Brandon Keith,Brandon,Keith,Ankle,,Out,Ankle,,Did Not Participate In Practice,2011-12-30T11:45:19Z
2011,REG,ARI,17,00-0027067,S,Rashad Johnson,Rashad,Johnson,Knee,,Questionable,Knee,,Full Participation in Practice,2011-12-30T11:45:27Z
2011,REG,ARI,17,00-0025423,QB,Kevin Kolb,Kevin,Kolb,Head,,Questionable,Head,,Limited Participation in Practice,2011-12-30T11:45:33Z
2011,REG,ARI,17,00-0027943,CB,Patrick Peterson,Patrick,Peterson,Achilles,,Questionable,Achilles,,Limited Participation in Practice,2011-12-30T11:45:38Z
2011,REG,ARI,17,00-0023557,S,Kerry Rhodes,Kerry,Rhodes,Ankle,,Questionable,Ankle,,Limited Participation in Practice,2011-12-30T11:45:42Z
2011,REG,ARI,17,00-0026956,RB,LaRod Stephens-Howling,LaRod,Stephens-Howling,Hamstring,,Questionable,Hamstring,,Limited Participation in Practice,2011-12-30T11:45:47Z
2011,REG,ARI,17,00-0027007,RB,Chris Wells,Chris,Wells,Knee,,Questionable,Knee,,Limited Participation in Practice,2011-12-30T11:45:52Z
2011,REG,ARI,17,00-0025668,CB,Michael Adams,Michael,Adams,Shoulder,,Probable,Shoulder,,Full Participation in Practice,2011-12-30T11:44:50Z
2011,REG,ARI,17,00-0023537,S,Sean Considine,Sean,Considine,Foot,,Probable,Foot,,Full Participation in Practice,2011-12-30T11:44:50Z
2011,REG,ATL,17,00-0027764,WR,Kerry Meier,Kerry,Meier,Groin,,Doubtful,Groin,,Did Not Participate In Practice,2011-12-30T11:44:48Z
2011,REG,ATL,17,00-0025496,LB,Stephen Nicholas,Stephen,Nicholas,Toe,,Doubtful,Toe,,Did Not Participate In Practice,2011-12-30T11:44:57Z
2011,REG,ATL,17,00-0024183,CB,Brent Grimes,Brent,Grimes,Knee,,Questionable,Knee,,Did Not Participate In Practice,2011-12-30T11:45:16Z
2011,REG,ATL,17,00-0019709,QB,Chris Redman,Chris,Redman,Illness,,Questionable,Illness,,Did Not Participate In Practice,2011-12-30T11:45:38Z
2011,REG,ATL,17,00-0024342,DE,Ray Edwards,Ray,Edwards,Knee,,Questionable,Knee,,Limited Participation in Practice,2011-12-30T11:45:07Z
2011,REG,ATL,17,00-0019546,DE,John Abraham,John,Abraham,Not Injury Related,,Probable,Not Injury Related,,Full Participation in Practice,2011-12-30T11:42:45Z
2011,REG,ATL,17,00-0006101,TE,Tony Gonzalez,Tony,Gonzalez,Not Injury Related,,Probable,Not Injury Related,,Full Participation in Practice,2011-12-30T11:42:45Z
2011,REG,ATL,17,00-0027944,WR,Julio Jones,Julio,Jones,Ankle,,Probable,Ankle,,Full Participation in Practice,2011-12-30T11:42:45Z
2011,REG,ATL,17,00-0026177,LB,Curtis Lofton,Curtis,Lofton,Ankle,,Probable,Ankle,,Full Participation in Practice,2011-12-30T11:42:45Z
2011,REG,ATL,17,00-0010711,C,Todd McClure,Todd,McClure,Not Injury Related,,Probable,Not Injury Related,,Full Participation in Practice,2011-12-30T11:42:45Z
2011,REG,ATL,17,00-0027062,CB,Christopher Owens,Christopher,Owens,Hand,,Probable,Hand,,Full Participation in Practice,2011-12-30T11:42:45Z
2011,REG,ATL,17,00-0023620,T,Will Svitek,Will,Svitek,Groin,,Probable,Groin,,Full Participation in Practice,2011-12-30T11:42:45Z
2011,REG,ATL,17,00-0022821,RB,Michael Turner,Michael,Turner,Groin,,Probable,Groin,,Full Participation in Practice,2011-12-30T11:42:45Z
2011,REG,ATL,17,00-0026224,WR,Harry Douglas,Harry,Douglas,Groin,Shoulder,Probable,Groin,Shoulder,Limited Participation in Practice,2011-12-30T11:42:45Z
2011,REG,ATL,17,00-0009119,TE,Reggie Kelly,Reggie,Kelly,Back,,Probable,Back,,Limited Participation in Practice,2011-12-30T11:42:45Z
2011,REG,ATL,17,00-0027202,TE,Michael Palmer,Michael,Palmer,Knee,,Probable,Knee,,Limited Participation in Practice,2011-12-30T11:42:45Z
2011,REG,BAL,17,00-0024269,S,Bernard Pollard,Bernard,Pollard,,,,Illness,,Did Not Participate In Practice,2011-12-29T12:22:26Z
2011,REG,BAL,17,00-0027756,DT,Arthur Jones,Arthur,Jones,,,,Illness,,Full Participation in Practice,2011-12-29T12:22:32Z
2011,REG,BAL,17,00-0026857,LB,Dannell Ellerbe,Dannell,Ellerbe,Head,,Doubtful,Head,,Did Not Participate In Practice,2011-12-30T11:08:04Z
2011,REG,BAL,17,00-0022084,WR,Anquan Boldin,Anquan,Boldin,Knee,,Doubtful,Knee,,Limited Participation in Practice,2011-12-30T11:07:55Z
2011,REG,BAL,17,00-0025473,G,Marshal Yanda,Marshal,Yanda,Chest,,Doubtful,Chest,,Limited Participation in Practice,2011-12-30T11:08:23Z
2011,REG,BAL,17,00-0020972,K,Billy Cundiff,Billy,Cundiff,left Calf,,Questionable,left Calf,,Limited Participation in Practice,2011-12-30T11:08:32Z
2011,REG,BAL,17,00-0021998,DE,Cory Redding,Cory,Redding,Ankle,,Questionable,Ankle,,Limited Participation in Practice,2011-12-30T11:08:11Z
2011,REG,BAL,17,00-0026369,CB,Cary Williams,Cary,Williams,Head,,Questionable,Head,,Limited Participation in Practice,2011-12-30T11:08:17Z
2011,REG,BUF,17,00-0026359,T,Demetress Bell,Demetress,Bell,Knee,,Out,Knee,,Did Not Participate In Practice,2011-12-30T13:24:11Z
2011,REG,BUF,17,00-0027500,TE,Mike Caussin,Mike,Caussin,Knee,,Out,Knee,,Did Not Participate In Practice,2011-12-30T13:24:22Z
2011,REG,BUF,17,00-0023635,K,Dave Rayner,Dave,Rayner,left Groin,,Out,left Groin,,Did Not Participate In Practice,2011-12-30T13:23:38Z
2011,REG,BUF,17,00-0024318,QB,Brad Smith,Brad,Smith,Hamstring,,Out,Hamstring,,Did Not Participate In Practice,2011-12-30T13:23:46Z
2011,REG,BUF,17,00-0027053,G,Kraig Urbik,Kraig,Urbik,Knee,,Out,Knee,,Did Not Participate In Practice,2011-12-30T13:24:02Z
2011,REG,BUF,17,00-0022421,WR,Ruvell Martin,Ruvell,Martin,Hamstring,,Probable,Hamstring,,Full Participation in Practice,2011-12-30T13:23:07Z
2011,REG,BUF,17,00-0028071,RB,Johnny White,Johnny,White,Concussion,,Probable,Concussion,,Full Participation in Practice,2011-12-30T13:23:07Z
2011,REG,CAR,17,00-0025559,WR,Legedu Naanee,Legedu,Naanee,Foot,,Out,Foot,,Out (Definitely Will Not Play),2011-12-30T10:11:47Z
2011,REG,CAR,17,00-0027402,DT,Andre Neblett,Andre,Neblett,Head,,Out,Head,,Out (Definitely Will Not Play),2011-12-30T10:12:08Z
2011,REG,CAR,17,00-0027799,S,Jordan Pugh,Jordan,Pugh,Head,,Out,Head,,Out (Definitely Will Not Play),2011-12-30T10:12:31Z
2011,REG,CAR,17,00-0025470,DE,Charles Johnson,Charles,Johnson,Back,,Doubtful,Back,,Did Not Participate In Practice,2011-12-30T10:11:30Z
2011,REG,CAR,17,00-0026207,S,Charles Godfrey,Charles,Godfrey,Shoulder,,Probable,Shoulder,,Full Participation in Practice,2011-12-30T10:11:10Z
2011,REG,CAR,17,00-0022214,G,Travelle Wharton,Travelle,Wharton,Not Injury Related,,Probable,Not Injury Related,,Full Participation in Practice,2011-12-30T10:12:46Z
2011,REG,CHI,17,00-0021140,DE,Julius Peppers,Julius,Peppers,,,,Not Injury Related,,Did Not Participate In Practice,2011-12-28T13:47:53Z
2011,REG,CHI,17,00-0023544,RB,Marion Barber,Marion,Barber,Calf,,Doubtful,Calf,,Did Not Participate In Practice,2011-12-30T11:24:08Z
2011,REG,CHI,17,00-0019456,LB,Brian Urlacher,Brian,Urlacher,Knee,,Questionable,Knee,,Limited Participation in Practice,2011-12-30T11:24:18Z
2011,REG,CHI,17,00-0026298,TE,Kellen Davis,Kellen,Davis,Illness,,Probable,Illness,,Full Participation in Practice,2011-12-30T11:23:54Z
2011,REG,CHI,17,00-0024272,WR,Devin Hester,Devin,Hester,Ankle,,Probable,Ankle,,Full Participation in Practice,2011-12-30T11:23:54Z
2011,REG,CHI,17,00-0024750,LB,Nick Roach,Nick,Roach,Shin,,Probable,Shin,,Full Participation in Practice,2011-12-30T11:23:54Z
2011,REG,CHI,17,00-0023461,G,Chris Spencer,Chris,Spencer,Back,,Probable,Back,,Full Participation in Practice,2011-12-30T11:23:54Z
2011,REG,CHI,17,00-0027603,DE,Corey Wootton,Corey,Wootton,Concussion,,Probable,Concussion,,Full Participation in Practice,2011-12-30T11:23:54Z
2011,REG,CHI,17,00-0022128,LB,Lance Briggs,Lance,Briggs,Ankle,,Probable,Ankle,,Limited Participation in Practice,2011-12-30T11:23:54Z
2011,REG,CIN,17,00-0027887,S,Taylor Mays,Taylor,Mays,Hamstring,,Doubtful,Hamstring,,Did Not Participate In Practice,2011-12-30T10:47:59Z
2011,REG,CIN,17,00-0028004,LB,Dontay Moch,Dontay,Moch,Illness,,Doubtful,Illness,,Full Participation in Practice,2011-12-30T10:48:11Z
2011,REG,CIN,17,00-0027662,DE,Carlos Dunlap,Carlos,Dunlap,Hamstring,,Questionable,Hamstring,,Limited Participation in Practice,2011-12-30T10:48:20Z
2011,REG,CIN,17,00-0026252,T,Anthony Collins,Anthony,Collins,Not Injury Related,,Probable,Not Injury Related,,Did Not Participate In Practice,2011-12-30T10:48:45Z
2011,REG,CIN,17,00-0022167,S,Chris Crocker,Chris,Crocker,Knee,,Probable,Knee,,Full Participation in Practice,2011-12-30T10:47:46Z
2011,REG,CIN,17,00-0027942,WR,A.J. Green,A.J.,Green,Shoulder,,Probable,Shoulder,,Full Participation in Practice,2011-12-30T10:47:46Z
2011,REG,CIN,17,00-0024306,DE,Frostee Rucker,Frostee,Rucker,Neck,,Probable,Neck,,Full Participation in Practice,2011-12-30T10:47:46Z
2011,REG,CIN,17,00-0024270,T,Andrew Whitworth,Andrew,Whitworth,Knee,,Probable,Knee,,Full Participation in Practice,2011-12-30T10:47:46Z
2011,REG,CIN,17,00-0027697,CB,Brandon Ghee,Brandon,Ghee,Toe,,Probable,Toe,,Limited Participation in Practice,2011-12-30T10:49:07Z
2011,REG,CLE,17,00-0027688,QB,Colt McCoy,Colt,McCoy,Head,,Out,Head,,Did Not Participate In Practice,2011-12-30T12:13:13Z
2011,REG,CLE,17,00-0026739,WR,Jordan Norwood,Jordan,Norwood,Head,,Out,Head,,Did Not Participate In Practice,2011-12-30T12:13:45Z
2011,REG,CLE,17,00-0022149,T,Tony Pashos,Tony,Pashos,Ankle,Illness,Out,Ankle,Illness,Did Not Participate In Practice,2011-12-30T12:13:57Z
2011,REG,CLE,17,00-0027074,LB,Kaluka Maiava,Kaluka,Maiava,Hand,,Questionable,Hand,,Limited Participation in Practice,2011-12-30T12:12:45Z
2011,REG,CLE,17,00-0024081,DT,Scott Paxson,Scott,Paxson,Hand,Calf,Questionable,Hand,Calf,Limited Participation in Practice,2011-12-30T12:14:14Z
2011,REG,CLE,17,00-0023176,WR,Joshua Cribbs,Joshua,Cribbs,Groin,,Probable,Groin,,Full Participation in Practice,2011-12-30T12:12:23Z
2011,REG,CLE,17,00-0027694,G,Shawn Lauvao,Shawn,Lauvao,Ankle,,Probable,Ankle,,Full Participation in Practice,2011-12-30T12:12:23Z
2011,REG,CLE,17,00-0028062,RB,Owen Marecic,Owen,Marecic,Ankle,,Probable,Ankle,,Full Participation in Practice,2011-12-30T12:12:23Z
2011,REG,CLE,17,00-0027026,WR,Mohamed Massaquoi,Mohamed,Massaquoi,Foot,,Probable,Foot,,Full Participation in Practice,2011-12-30T12:12:23Z
2011,REG,CLE,17,00-0023727,CB,Dimitri Patterson,Dimitri,Patterson,Hand,,Probable,Hand,,Full Participation in Practice,2011-12-30T12:12:23Z
2011,REG,CLE,17,00-0028458,LB,Quinton Spears,Quinton,Spears,Head,,Probable,Head,,Full Participation in Practice,2011-12-30T12:12:23Z
2011,REG,CLE,17,00-0026367,RB,Peyton Hillis,Peyton,Hillis,Elbow,,Probable,Elbow,,Limited Participation in Practice,2011-12-30T12:12:23Z
2011,REG,DAL,17,00-0027422,S,Danny McCray,Danny,McCray,Ankle,,Questionable,Ankle,,Did Not Participate In Practice,2011-12-30T12:04:36Z
2011,REG,DAL,17,00-0028263,WR,Andre Holmes,Andre,Holmes,Hamstring,,Questionable,Hamstring,,Limited Participation in Practice,2011-12-30T12:03:32Z
2011,REG,DAL,17,00-0026162,RB,Felix Jones,Felix,Jones,Hamstring,,Questionable,Hamstring,,Limited Participation in Practice,2011-12-30T12:04:11Z
2011,REG,DAL,17,00-0027663,LB,Sean Lee,Sean,Lee,Wrist,Illness,Questionable,Wrist,Illness,Limited Participation in Practice,2011-12-30T12:04:26Z
2011,REG,DAL,17,00-0026780,WR,Kevin Ogletree,Kevin,Ogletree,Knee,,Questionable,Knee,,Limited Participation in Practice,2011-12-30T12:04:46Z
2011,REG,DAL,17,00-0027852,DT,Josh Price-Brent,Josh,Price-Brent,Knee,,Questionable,Knee,,Limited Participation in Practice,2011-12-30T12:05:01Z
2011,REG,DAL,17,00-0021488,P,Mat McBriar,Mat,McBriar,left Foot,,Probable,left Foot,,Full Participation in Practice,2011-12-30T12:02:46Z
2011,REG,DAL,17,00-0025462,WR,Laurent Robinson,Laurent,Robinson,Shoulder,,Probable,Shoulder,,Full Participation in Practice,2011-12-30T12:02:46Z
2011,REG,DAL,17,00-0023445,LB,DeMarcus Ware,DeMarcus,Ware,Neck,,Probable,Neck,,Full Participation in Practice,2011-12-30T12:02:46Z
2011,REG,DAL,17,00-0026165,CB,Mike Jenkins,Mike,Jenkins,Shoulder,,Probable,Shoulder,,Limited Participation in Practice,2011-12-30T12:02:46Z
2011,REG,DAL,17,00-0023656,DT,Jay Ratliff,Jay,Ratliff,Ribs,,Probable,Ribs,,Limited Participation in Practice,2011-12-30T12:02:46Z
2011,REG,DAL,17,00-0021678,QB,Tony Romo,Tony,Romo,right Hand,,Probable,right Hand,,Limited Participation in Practice,2011-12-30T12:02:46Z
2011,REG,DEN,17,00-0004073,S,Brian Dawkins,Brian,Dawkins,Neck,,Doubtful,Neck,,Did Not Participate In Practice,2011-12-30T11:30:13Z
2011,REG,DEN,17,00-0027083,S,David Bruton,David,Bruton,Achilles,,Probable,Achilles,,Full Participation in Practice,2011-12-30T11:29:58Z
2011,REG,DEN,17,00-0028046,S,Quinton Carter,Quinton,Carter,Hip,,Probable,Hip,,Full Participation in Practice,2011-12-30T11:29:58Z
2011,REG,DEN,17,00-0028224,CB,Chris Harris,Chris,Harris,Neck,,Probable,Neck,,Full Participation in Practice,2011-12-30T11:29:58Z
2011,REG,DEN,17,00-0027940,LB,Von Miller,Von,Miller,Thumb,,Probable,Thumb,,Full Participation in Practice,2011-12-30T11:29:58Z
2011,REG,DET,17,00-0027338,CB,Aaron Berry,Aaron,Berry,Shoulder,,Doubtful,Shoulder,,Limited Participation in Practice,2011-12-30T12:55:56Z
2011,REG,DET,17,00-0027009,S,Louis Delmas,Louis,Delmas,Knee,,Doubtful,Knee,,Limited Participation in Practice,2011-12-30T12:55:28Z
2011,REG,DET,17,00-0025428,CB,Chris Houston,Chris,Houston,Hand,Knee,Questionable,Hand,Knee,Did Not Participate In Practice,2011-12-30T12:56:21Z
2011,REG,DET,17,00-0022906,DT,Corey Williams,Corey,Williams,Hip,,Questionable,Hip,,Did Not Participate In Practice,2011-12-30T12:56:44Z
2011,REG,DET,17,00-0027951,DT,Nick Fairley,Nick,Fairley,Foot,,Questionable,Foot,,Limited Participation in Practice,2011-12-30T12:56:08Z
2011,REG,DET,17,00-0027671,S,Amari Spievey,Amari,Spievey,Knee,,Questionable,Knee,,Limited Participation in Practice,2011-12-30T12:56:31Z
2011,REG,DET,17,00-0027808,DE,Willie Young,Willie,Young,Ankle,,Questionable,Ankle,,Limited Participation in Practice,2011-12-30T12:57:11Z
2011,REG,DET,17,00-0025571,S,John Wendling,John,Wendling,Illness,,Probable,Illness,,Did Not Participate In Practice,2011-12-30T12:57:29Z
2011,REG,DET,17,00-0026232,DE,Cliff Avril,Cliff,Avril,Back,,Probable,Back,,Full Participation in Practice,2011-12-30T12:55:13Z
2011,REG,DET,17,00-0026204,RB,Kevin Smith,Kevin,Smith,Ankle,,Probable,Ankle,,Full Participation in Practice,2011-12-30T12:55:13Z
2011,REG,DET,17,00-0025389,WR,Calvin Johnson,Calvin,Johnson,Achilles,,Probable,Achilles,,Limited Participation in Practice,2011-12-30T12:55:13Z
2011,REG,GB,17,00-0028002,WR,Randall Cobb,Randall,Cobb,Groin,,Out,Groin,,Did Not Participate In Practice,2011-12-30T12:37:58Z
2011,REG,GB,17,00-0027791,RB,James Starks,James,Starks,Knee,Ankle,Out,Knee,Ankle,Did Not Participate In Practice,2011-12-30T12:38:34Z
2011,REG,GB,17,00-0024267,WR,Greg Jennings,Greg,Jennings,Knee,,Out,Knee,,Out (Definitely Will Not Play),2011-12-30T12:38:07Z
2011,REG,GB,17,00-0027875,T,Bryan Bulaga,Bryan,Bulaga,Knee,,Doubtful,Knee,,Did Not Participate In Practice,2011-12-30T12:37:50Z
2011,REG,GB,17,00-0027002,LB,Clay Matthews,Clay,Matthews,Ankle,,Questionable,Ankle,,Limited Participation in Practice,2011-12-30T12:38:15Z
2011,REG,GB,17,00-0018227,CB,Charles Woodson,Charles,Woodson,Knee,,Questionable,Knee,,Limited Participation in Practice,2011-12-30T12:38:41Z
2011,REG,GB,17,00-0020515,DE,Ryan Pickett,Ryan,Pickett,Concussion,,Probable,Concussion,,Full Participation in Practice,2011-12-30T12:37:43Z
2011,REG,GB,17,00-0019702,T,Chad Clifton,Chad,Clifton,Hamstring,Back,Probable,Hamstring,Back,Limited Participation in Practice,2011-12-30T12:37:43Z
2011,REG,GB,17,00-0026231,TE,Jermichael Finley,Jermichael,Finley,Knee,,Probable,Knee,,Limited Participation in Practice,2011-12-30T12:37:43Z
2011,REG,HOU,17,00-0024239,CB,Johnathan Joseph,Johnathan,Joseph,,,,Not Injury Related,,Full Participation in Practice,2011-12-30T10:52:44Z
2011,REG,HOU,17,00-0027081,S,Glover Quin,Glover,Quin,,,,Not Injury Related,,Full Participation in Practice,2011-12-30T10:52:06Z
2011,REG,HOU,17,00-0023846,G,Mike Brisiel,Mike,Brisiel,Ankle,,Out,Ankle,,Did Not Participate In Practice,2011-12-30T10:54:08Z
2011,REG,HOU,17,00-0027743,CB,Sherrick McManis,Sherrick,McManis,Ankle,,Out,Ankle,,Did Not Participate In Practice,2011-12-30T10:54:26Z
2011,REG,HOU,17,00-0026948,S,Troy Nolan,Troy,Nolan,Ankle,,Out,Ankle,,Did Not Participate In Practice,2011-12-30T10:54:44Z
2011,REG,HOU,17,00-0024231,CB,Jason Allen,Jason,Allen,Thumb,,Probable,Thumb,,Full Participation in Practice,2011-12-30T10:53:10Z
2011,REG,HOU,17,00-0023472,DT,Shaun Cody,Shaun,Cody,Knee,,Probable,Knee,,Full Participation in Practice,2011-12-30T10:53:10Z
2011,REG,HOU,17,00-0026796,RB,Arian Foster,Arian,Foster,Knee,,Probable,Knee,,Full Participation in Practice,2011-12-30T10:53:45Z
2011,REG,HOU,17,00-0027684,DT,Earl Mitchell,Earl,Mitchell,Knee,,Probable,Knee,,Full Participation in Practice,2011-12-30T10:53:10Z
2011,REG,HOU,17,00-0023633,C,Chris Myers,Chris,Myers,Knee,,Probable,Knee,,Full Participation in Practice,2011-12-30T10:53:10Z
2011,REG,HOU,17,00-0028152,T,Derek Newton,Derek,Newton,Knee,,Probable,Knee,,Full Participation in Practice,2011-12-30T10:53:10Z
2011,REG,HOU,17,00-0024281,T,Eric Winston,Eric,Winston,Calf,,Probable,Calf,,Full Participation in Practice,2011-12-30T10:53:10Z
2011,REG,HOU,17,00-0028090,QB,T.J. Yates,T.J.,Yates,right Shoulder,,Probable,right Shoulder,,Full Participation in Practice,2011-12-30T10:53:10Z
2011,REG,HOU,17,00-0024313,TE,Owen Daniels,Owen,Daniels,Knee,,Probable,Knee,,Limited Participation in Practice,2011-12-30T10:53:10Z
2011,REG,HOU,17,00-0023630,TE,Joel Dreessen,Joel,Dreessen,Knee,,Probable,Knee,,Limited Participation in Practice,2011-12-30T10:53:10Z
2011,REG,HOU,17,00-0022044,WR,Andre Johnson,Andre,Johnson,Hamstring,,Probable,Hamstring,,Limited Participation in Practice,2011-12-30T10:53:10Z
2011,REG,HOU,17,00-0022156,WR,Bryant Johnson,Bryant,Johnson,Thigh,,Probable,Thigh,,Limited Participation in Practice,2011-12-30T10:53:10Z
2011,REG,HOU,17,00-0028543,WR,Jeff Maehl,Jeff,Maehl,Hamstring,,Probable,Hamstring,,Limited Participation in Practice,2011-12-30T10:53:10Z
2011,REG,IND,17,00-0026233,LB,Philip Wheeler,Philip,Wheeler,,,,Foot,,Did Not Participate In Practice,2011-12-28T12:54:37Z
2011,REG,IND,17,00-0021146,DE,Dwight Freeney,Dwight,Freeney,,,,Not Injury Related,,Full Participation in Practice,2011-12-30T10:34:16Z
2011,REG,IND,17,00-0022059,DE,Robert Mathis,Robert,Mathis,,,,Not Injury Related,,Full Participation in Practice,2011-12-30T10:35:25Z
2011,REG,IND,17,00-0023578,QB,Dan Orlovsky,Dan,Orlovsky,,,,Personal,,Full Participation in Practice,2011-12-30T10:34:16Z
2011,REG,IND,17,00-0027719,LB,A.J. Edds,A.J.,Edds,Ankle,,Out,Ankle,,Did Not Participate In Practice,2011-12-30T10:36:18Z
2011,REG,IND,17,00-0026408,G,Joe Reitz,Joe,Reitz,Ankle,,Out,Ankle,,Did Not Participate In Practice,2011-12-30T10:38:17Z
2011,REG,IND,17,00-0010346,QB,Peyton Manning,Peyton,Manning,Neck,,Out,Neck,,Out (Definitely Will Not Play),2011-12-30T10:37:32Z
2011,REG,IND,17,00-0025419,WR,Anthony Gonzalez,Anthony,Gonzalez,Illness,,Questionable,Illness,,Did Not Participate In Practice,2011-12-30T10:37:08Z
2011,REG,IND,17,00-0022165,TE,Dallas Clark,Dallas,Clark,Neck,,Questionable,Neck,,Full Participation in Practice,2011-12-30T10:35:59Z
2011,REG,JAX,17,00-0028052,WR,Cecil Shorts,Cecil,Shorts,Hamstring,,Out,Hamstring,,Did Not Participate In Practice,2011-12-30T11:11:37Z
2011,REG,JAX,17,00-0026658,TE,Zach Potter,Zach,Potter,Calf,,Doubtful,Calf,,Did Not Participate In Practice,2011-12-30T11:11:28Z
2011,REG,JAX,17,00-0026253,S,Dwight Lowery,Dwight,Lowery,Shoulder,,Doubtful,Shoulder,,Limited Participation in Practice,2011-12-30T11:10:51Z
2011,REG,JAX,17,00-0026984,T,Eugene Monroe,Eugene,Monroe,Ankle,,Questionable,Ankle,,Did Not Participate In Practice,2011-12-30T11:11:04Z
2011,REG,JAX,17,00-0024360,S,Dawan Landry,Dawan,Landry,Illness,,Probable,Illness,,Did Not Participate In Practice,2011-12-30T11:10:29Z
2011,REG,JAX,17,00-0027862,DT,Tyson Alualu,Tyson,Alualu,Not Injury Related,,Probable,Not Injury Related,,Full Participation in Practice,2011-12-30T11:10:29Z
2011,REG,JAX,17,00-0022897,RB,Greg Jones,Greg,Jones,Hamstring,,Probable,Hamstring,,Full Participation in Practice,2011-12-30T11:10:29Z
2011,REG,JAX,17,00-0024275,RB,Maurice Jones-Drew,Maurice,Jones-Drew,Ankle,,Probable,Ankle,,Full Participation in Practice,2011-12-30T11:10:29Z
2011,REG,JAX,17,00-0024243,TE,Marcedes Lewis,Marcedes,Lewis,Hamstring,,Probable,Hamstring,,Full Participation in Practice,2011-12-30T11:10:29Z
2011,REG,JAX,17,00-0028420,CB,Kevin Rutland,Kevin,Rutland,Calf,,Probable,Calf,,Full Participation in Practice,2011-12-30T11:10:29Z
2011,REG,JAX,17,00-0024344,T,Guy Whimper,Guy,Whimper,Knee,,Probable,Knee,,Full Participation in Practice,2011-12-30T11:10:29Z
2011,REG,KC,17,00-0025701,RB,Jackie Battle,Jackie,Battle,Foot,,Out,Foot,,Did Not Participate In Practice,2011-12-30T12:12:37Z
2011,REG,KC,17,00-0021187,S,Jon McGraw,Jon,McGraw,Ankle,,Doubtful,Ankle,,Did Not Participate In Practice,2011-12-30T12:12:50Z
2011,REG,KC,17,00-0027308,WR,Jeremy Horne,Jeremy,Horne,Illness,,Probable,Illness,,Full Participation in Practice,2011-12-30T12:12:28Z
2011,REG,MIA,17,00-0024217,RB,Reggie Bush,Reggie,Bush,Knee,,Out,Knee,,Did Not Participate In Practice,2011-12-30T11:12:38Z
2011,REG,MIA,17,00-0028173,CB,Jimmy Wilson,Jimmy,Wilson,Hamstring,,Doubtful,Hamstring,,Did Not Participate In Practice,2011-12-30T11:12:48Z
2011,REG,MIA,17,00-0028049,WR,Edmond Gates,Edmond,Gates,Groin,,Questionable,Groin,,Limited Participation in Practice,2011-12-30T11:13:09Z
2011,REG,MIA,17,00-0021160,T,Marc Colombo,Marc,Colombo,Ankle,,Probable,Ankle,,Full Participation in Practice,2011-12-30T11:12:27Z
2011,REG,MIA,17,00-0022927,LB,Karlos Dansby,Karlos,Dansby,Not Injury Related,,Probable,Not Injury Related,,Full Participation in Practice,2011-12-30T11:12:27Z
2011,REG,MIA,17,00-0027001,CB,Vontae Davis,Vontae,Davis,Elbow,,Probable,Elbow,,Full Participation in Practice,2011-12-30T11:12:27Z
2011,REG,MIA,17,00-0024268,TE,Anthony Fasano,Anthony,Fasano,Head,,Probable,Head,,Full Participation in Practice,2011-12-30T11:12:27Z
2011,REG,MIA,17,00-0024334,WR,Brandon Marshall,Brandon,Marshall,Knee,,Probable,Knee,,Full Participation in Practice,2011-12-30T11:12:27Z
2011,REG,MIA,17,00-0028000,RB,Daniel Thomas,Daniel,Thomas,Knee,,Probable,Knee,,Full Participation in Practice,2011-12-30T11:12:27Z
2011,REG,MIN,17,00-0027649,CB,Chris Cook,Chris,Cook,Not Injury Related,,Out,Not Injury Related,,Out (Definitely Will Not Play),2011-12-30T10:46:15Z
2011,REG,MIN,17,00-0027809,TE,Mickey Shuler,Mickey,Shuler,Ankle,,Doubtful,Ankle,,Limited Participation in Practice,2011-12-30T10:48:43Z
2011,REG,MIN,17,00-0027058,CB,Asher Allen,Asher,Allen,Shoulder,Concussion,Probable,Shoulder,Concussion,Full Participation in Practice,2011-12-30T10:45:54Z
2011,REG,MIN,17,00-0022266,G,Anthony Herrera,Anthony,Herrera,Back,,Probable,Back,,Full Participation in Practice,2011-12-30T10:45:54Z
2011,REG,MIN,17,00-0027950,QB,Christian Ponder,Christian,Ponder,Concussion,,Probable,Concussion,,Full Participation in Practice,2011-12-30T10:45:54Z
2011,REG,MIN,17,00-0026952,S,Jamarca Sanford,Jamarca,Sanford,Shoulder,,Probable,Shoulder,,Full Participation in Practice,2011-12-30T10:45:54Z
2011,REG,MIN,17,00-0022352,CB,Benny Sapp,Benny,Sapp,Shoulder,,Probable,Shoulder,,Full Participation in Practice,2011-12-30T10:45:54Z
2011,REG,NE,17,00-0023467,G,Logan Mankins,Logan,Mankins,Knee,,Out,Knee,,Did Not Participate In Practice,2011-12-30T12:41:42Z
2011,REG,NE,17,00-0027034,T,Sebastian Vollmer,Sebastian,Vollmer,Back,Foot,Out,Back,Foot,Did Not Participate In Practice,2011-12-30T12:42:40Z
2011,REG,NE,17,00-0026071,CB,Kyle Arrington,Kyle,Arrington,Foot,,Questionable,Foot,,Limited Participation in Practice,2011-12-30T12:40:33Z
2011,REG,NE,17,00-0021192,WR,Deion Branch,Deion,Branch,Groin,,Questionable,Groin,,Limited Participation in Practice,2011-12-30T12:40:51Z
2011,REG,NE,17,00-0027010,S,Patrick Chung,Patrick,Chung,Foot,,Questionable,Foot,,Limited Participation in Practice,2011-12-30T12:40:57Z
2011,REG,NE,17,00-0022979,G,Dan Connolly,Dan,Connolly,Groin,,Questionable,Groin,,Limited Participation in Practice,2011-12-30T12:41:03Z
2011,REG,NE,17,00-0027150,WR,Julian Edelman,Julian,Edelman,Back,,Questionable,Back,,Limited Participation in Practice,2011-12-30T12:41:14Z
2011,REG,NE,17,00-0027237,LB,Dane Fletcher,Dane,Fletcher,Thumb,,Questionable,Thumb,,Limited Participation in Practice,2011-12-30T12:41:22Z
2011,REG,NE,17,00-0025753,S,James Ihedigbo,James,Ihedigbo,Shoulder,,Questionable,Shoulder,,Limited Participation in Practice,2011-12-30T12:41:29Z
2011,REG,NE,17,00-0020543,T,Matt Light,Matt,Light,Ankle,,Questionable,Ankle,,Limited Participation in Practice,2011-12-30T12:41:35Z
2011,REG,NE,17,00-0027647,CB,Devin McCourty,Devin,McCourty,Shoulder,,Questionable,Shoulder,,Limited Participation in Practice,2011-12-30T12:41:51Z
2011,REG,NE,17,00-0024349,LB,Rob Ninkovich,Rob,Ninkovich,Hip,,Questionable,Hip,,Limited Participation in Practice,2011-12-30T12:41:59Z
2011,REG,NE,17,00-0026293,WR,Matt Slater,Matt,Slater,Shoulder,,Questionable,Shoulder,,Limited Participation in Practice,2011-12-30T12:42:06Z
2011,REG,NE,17,00-0027668,LB,Brandon Spikes,Brandon,Spikes,Knee,,Questionable,Knee,,Limited Participation in Practice,2011-12-30T12:42:15Z
2011,REG,NE,17,00-0027994,RB,Shane Vereen,Shane,Vereen,Hamstring,,Questionable,Hamstring,,Limited Participation in Practice,2011-12-30T12:42:26Z
2011,REG,NE,17,00-0018584,G,Brian Waters,Brian,Waters,Ankle,,Questionable,Ankle,,Limited Participation in Practice,2011-12-30T12:43:02Z
2011,REG,NE,17,00-0022427,WR,Wes Welker,Wes,Welker,Knee,,Questionable,Knee,,Limited Participation in Practice,2011-12-30T12:43:45Z
2011,REG,NE,17,00-0021645,LB,Tracy White,Tracy,White,Abdomen,,Questionable,Abdomen,,Limited Participation in Practice,2011-12-30T12:44:01Z
2011,REG,NE,17,00-0019596,QB,Tom Brady,Tom,Brady,left Shoulder,,Probable,left Shoulder,,Limited Participation in Practice,2011-12-30T12:40:21Z
2011,REG,NO,17,00-0021304,TE,John Gilmore,John,Gilmore,Toe,,Out,Toe,,Did Not Participate In Practice,2011-12-30T12:03:34Z
2011,REG,NO,17,00-0027966,RB,Mark Ingram,Mark,Ingram,Toe,,Out,Toe,,Did Not Participate In Practice,2011-12-30T12:03:42Z
2011,REG,NO,17,00-0023310,WR,Lance Moore,Lance,Moore,Hamstring,,Out,Hamstring,,Did Not Participate In Practice,2011-12-30T12:03:58Z
2011,REG,NO,17,00-0026990,S,Malcolm Jenkins,Malcolm,Jenkins,Neck,,Questionable,Neck,,Limited Participation in Practice,2011-12-30T12:03:50Z
2011,REG,NO,17,00-0022778,LB,Jonathan Vilma,Jonathan,Vilma,Knee,,Questionable,Knee,,Limited Participation in Practice,2011-12-30T12:04:11Z
2011,REG,NO,17,00-0026832,LB,Jonathan Casillas,Jonathan,Casillas,Knee,,Probable,Knee,,Full Participation in Practice,2011-12-30T12:03:20Z
2011,REG,NO,17,00-0027882,CB,Patrick Robinson,Patrick,Robinson,Hip,,Probable,Hip,,Full Participation in Practice,2011-12-30T12:03:20Z
2011,REG,NYG,17,00-0027259,TE,Jake Ballard,Jake,Ballard,Knee,,Out,Knee,,Did Not Participate In Practice,2011-12-30T10:08:55Z
2011,REG,NYG,17,00-0028620,LB,Mark Herzlich,Mark,Herzlich,Ankle,,Out,Ankle,,Did Not Participate In Practice,2011-12-30T10:09:06Z
2011,REG,NYG,17,00-0021977,DE,Osi Umenyiora,Osi,Umenyiora,Ankle,Knee,Questionable,Ankle,Knee,Limited Participation in Practice,2011-12-30T10:09:16Z
2011,REG,NYG,17,00-0025637,RB,Ahmad Bradshaw,Ahmad,Bradshaw,Foot,,Probable,Foot,,Limited Participation in Practice,2011-12-30T10:08:45Z
2011,REG,NYG,17,00-0026235,WR,Mario Manningham,Mario,Manningham,Knee,,Probable,Knee,,Limited Participation in Practice,2011-12-30T10:08:45Z
2011,REG,NYG,17,00-0027005,WR,Hakeem Nicks,Hakeem,Nicks,Hamstring,,Probable,Hamstring,,Limited Participation in Practice,2011-12-30T10:08:45Z
2011,REG,NYJ,17,00-0023904,LB,Garrett McIntyre,Garrett,McIntyre,Knee,,Questionable,Knee,,Limited Participation in Practice,2011-12-30T10:39:37Z
2011,REG,NYJ,17,00-0024588,CB,Marquice Cole,Marquice,Cole,Knee,,Probable,Knee,,Full Participation in Practice,2011-12-30T10:38:01Z
2011,REG,NYJ,17,00-0025689,DT,Mike Devito,Mike,Devito,Knee,,Probable,Knee,,Full Participation in Practice,2011-12-30T10:38:01Z
2011,REG,NYJ,17,00-0024219,T,D'Brickashaw Ferguson,D'Brickashaw,Ferguson,Foot,,Probable,Foot,,Full Participation in Practice,2011-12-30T10:38:01Z
2011,REG,NYJ,17,00-0026899,RB,Shonn Greene,Shonn,Greene,Rib,,Probable,Rib,,Full Participation in Practice,2011-12-30T10:38:01Z
2011,REG,NYJ,17,00-0027712,RB,Joe McKnight,Joe,McKnight,Shoulder,Elbow,Probable,Shoulder,Elbow,Full Participation in Practice,2011-12-30T10:38:01Z
2011,REG,NYJ,17,00-0020969,G,Brandon Moore,Brandon,Moore,Hip,,Probable,Hip,,Full Participation in Practice,2011-12-30T10:38:01Z
2011,REG,NYJ,17,00-0026016,DE,Ropati Pitoitua,Ropati,Pitoitua,Hand,,Probable,Hand,,Full Participation in Practice,2011-12-30T10:38:01Z
2011,REG,NYJ,17,00-0020536,RB,LaDainian Tomlinson,LaDainian,Tomlinson,Quadricep,,Probable,Quadricep,,Full Participation in Practice,2011-12-30T10:38:01Z
2011,REG,NYJ,17,00-0027968,DE,Muhammad Wilkerson,Muhammad,Wilkerson,Knee,,Probable,Knee,,Full Participation in Practice,2011-12-30T10:38:01Z
2011,REG,NYJ,17,00-0024234,CB,Antonio Cromartie,Antonio,Cromartie,Hamstring,,Probable,Hamstring,,Limited Participation in Practice,2011-12-30T10:39:27Z
2011,REG,NYJ,17,00-0024312,S,Eric Smith,Eric,Smith,Knee,,Probable,Knee,,Limited Participation in Practice,2011-12-30T10:38:01Z
2011,REG,OAK,17,00-0023460,QB,Jason Campbell,Jason,Campbell,Collarbone,,Out,Collarbone,,Did Not Participate In Practice,2011-12-30T12:13:48Z
2011,REG,OAK,17,00-0021144,DT,John Henderson,John,Henderson,Knee,,Out,Knee,,Did Not Participate In Practice,2011-12-30T12:17:21Z
2011,REG,OAK,17,00-0026144,RB,Darren McFadden,Darren,McFadden,Foot,,Out,Foot,,Did Not Participate In Practice,2011-12-30T12:18:07Z
2011,REG,OAK,17,00-0027709,WR,Jacoby Ford,Jacoby,Ford,Foot,,Questionable,Foot,,Limited Participation in Practice,2011-12-30T12:14:44Z
2011,REG,OAK,17,00-0024222,S,Michael Huff,Michael,Huff,Hamstring,,Questionable,Hamstring,,Limited Participation in Practice,2011-12-30T12:17:31Z
2011,REG,OAK,17,00-0028063,RB,Taiwan Jones,Taiwan,Jones,Hamstring,,Questionable,Hamstring,,Limited Participation in Practice,2011-12-30T12:17:52Z
2011,REG,OAK,17,00-0027089,WR,Louis Murphy,Louis,Murphy,Groin,,Probable,Groin,,Full Participation in Practice,2011-12-30T12:13:06Z
2011,REG,OAK,17,00-0020442,DT,Richard Seymour,Richard,Seymour,Illness,,Probable,Illness,,Full Participation in Practice,2011-12-30T12:13:06Z
2011,REG,OAK,17,00-0028019,CB,DeMarcus Van Dyke,DeMarcus,Van Dyke,Concussion,,Probable,Concussion,,Full Participation in Practice,2011-12-30T12:13:06Z
2011,REG,PHI,17,00-0028131,LB,Brian Rolle,Brian,Rolle,,,,Ankle,,Full Participation in Practice,2011-12-29T12:09:53Z
2011,REG,PHI,17,00-0024278,DE,Darryl Tapp,Darryl,Tapp,,,,Ribs,,Full Participation in Practice,2011-12-29T12:09:53Z
2011,REG,PHI,17,00-0021956,CB,Asante Samuel,Asante,Samuel,Hamstring,,Out,Hamstring,,Did Not Participate In Practice,2011-12-30T10:36:36Z
2011,REG,PHI,17,00-0027029,RB,LeSean McCoy,LeSean,McCoy,Ankle,,Questionable,Ankle,,Full Participation in Practice,2011-12-30T10:36:44Z
2011,REG,PHI,17,00-0023560,T,Todd Herremans,Todd,Herremans,Ankle,,Probable,Ankle,,Full Participation in Practice,2011-12-30T10:36:25Z
2011,REG,PHI,17,00-0026187,DT,Trevor Laws,Trevor,Laws,Knee,,Probable,Knee,,Full Participation in Practice,2011-12-30T10:36:25Z
2011,REG,PIT,17,00-0025829,G,Doug Legursky,Doug,Legursky,Shoulder,,Out,Shoulder,,Did Not Participate In Practice,2011-12-30T09:50:27Z
2011,REG,PIT,17,00-0022217,RB,Mewelde Moore,Mewelde,Moore,Knee,,Out,Knee,,Did Not Participate In Practice,2011-12-30T09:50:35Z
2011,REG,PIT,17,00-0025433,LB,LaMarr Woodley,LaMarr,Woodley,Hamstring,,Doubtful,Hamstring,,Did Not Participate In Practice,2011-12-30T09:50:55Z
2011,REG,PIT,17,00-0028100,LB,Chris Carter,Chris,Carter,Hamstring,,Questionable,Hamstring,,Full Participation in Practice,2011-12-30T09:50:19Z
2011,REG,PIT,17,00-0020712,LB,James Harrison,James,Harrison,Neck,,Probable,Neck,,Full Participation in Practice,2011-12-30T09:50:11Z
2011,REG,PIT,17,00-0022119,S,Troy Polamalu,Troy,Polamalu,Knee,,Probable,Knee,,Full Participation in Practice,2011-12-30T09:50:11Z
2011,REG,PIT,17,00-0027870,C,Maurkice Pouncey,Maurkice,Pouncey,Ankle,,Probable,Ankle,,Full Participation in Practice,2011-12-30T09:50:11Z
2011,REG,PIT,17,00-0022924,QB,Ben Roethlisberger,Ben,Roethlisberger,Ankle,,Probable,Ankle,,Full Participation in Practice,2011-12-30T09:50:11Z
2011,REG,PIT,17,00-0027685,WR,Emmanuel Sanders,Emmanuel,Sanders,Foot,,Probable,Foot,,Full Participation in Practice,2011-12-30T09:50:11Z
2011,REG,PIT,17,00-0026901,WR,Mike Wallace,Mike,Wallace,Ankle,,Probable,Ankle,,Full Participation in Practice,2011-12-30T09:50:11Z
2011,REG,SD,17,00-0022894,LB,Travis LaBoy,Travis,LaBoy,Knee,,Out,Knee,,Did Not Participate In Practice,2011-12-30T14:05:29Z
2011,REG,SD,17,00-0027864,RB,Ryan Mathews,Ryan,Mathews,Calf,,Questionable,Calf,,Did Not Participate In Practice,2011-12-30T14:05:39Z
2011,REG,SD,17,00-0028172,LB,Andrew Gachkar,Andrew,Gachkar,Hamstring,,Probable,Hamstring,,Full Participation in Practice,2011-12-30T14:04:54Z
2011,REG,SD,17,00-0025787,T,Jared Gaither,Jared,Gaither,Ankle,,Probable,Ankle,,Full Participation in Practice,2011-12-30T14:04:54Z
2011,REG,SD,17,00-0021547,TE,Antonio Gates,Antonio,Gates,Not Injury Related,,Probable,Not Injury Related,,Full Participation in Practice,2011-12-30T14:04:54Z
2011,REG,SD,17,00-0023496,WR,Vincent Jackson,Vincent,Jackson,Groin,,Probable,Groin,,Full Participation in Practice,2011-12-30T14:04:54Z
2011,REG,SD,17,00-0022723,LB,Shaun Phillips,Shaun,Phillips,Back,,Probable,Back,,Full Participation in Practice,2011-12-30T14:04:54Z
2011,REG,SD,17,00-0026069,RB,Mike Tolbert,Mike,Tolbert,Hamstring,,Probable,Hamstring,,Full Participation in Practice,2011-12-30T14:04:54Z
2011,REG,SEA,17,00-0026290,T,Breno Giacomini,Breno,Giacomini,Abdomen,,Questionable,Abdomen,,Full Participation in Practice,2011-12-30T13:26:40Z
2011,REG,SEA,17,00-0022753,DT,Tony Hargrove,Tony,Hargrove,Calf,,Questionable,Calf,,Full Participation in Practice,2011-12-30T13:26:35Z
2011,REG,SEA,17,00-0028441,S,Jeron Johnson,Jeron,Johnson,Illness,,Probable,Illness,,Did Not Participate In Practice,2011-12-30T13:27:08Z
2011,REG,SEA,17,00-0026391,CB,Kennard Cox,Kennard,Cox,Hamstring,,Probable,Hamstring,,Full Participation in Practice,2011-12-30T13:26:18Z
2011,REG,SEA,17,00-0025999,LB,David Hawthorne,David,Hawthorne,Knee,,Probable,Knee,,Full Participation in Practice,2011-12-30T13:26:18Z
2011,REG,SEA,17,00-0024279,QB,Tarvaris Jackson,Tarvaris,Jackson,Pectoral,,Probable,Pectoral,,Full Participation in Practice,2011-12-30T13:26:18Z
2011,REG,SEA,17,00-0026964,DT,Clinton McDonald,Clinton,McDonald,Concussion,,Probable,Concussion,,Full Participation in Practice,2011-12-30T13:26:18Z
2011,REG,SEA,17,00-0024463,WR,Ben Obomanu,Ben,Obomanu,Knee,,Probable,Knee,,Full Participation in Practice,2011-12-30T13:26:18Z
2011,REG,SEA,17,00-0028180,LB,Malcolm Smith,Malcolm,Smith,Concussion,,Probable,Concussion,,Full Participation in Practice,2011-12-30T13:26:18Z
2011,REG,SF,17,00-0024389,TE,Delanie Walker,Delanie,Walker,Jaw,,Out,Jaw,,Did Not Participate In Practice,2011-12-30T14:00:03Z
2011,REG,SF,17,00-0025396,WR,Ted Ginn,Ted,Ginn,Ankle,,Questionable,Ankle,,Did Not Participate In Practice,2011-12-30T13:59:41Z
2011,REG,SF,17,00-0027608,WR,Kyle Williams,Kyle,Williams,Concussion,,Questionable,Concussion,,Did Not Participate In Practice,2011-12-30T14:00:11Z
2011,REG,SF,17,00-0028018,CB,Chris Culliver,Chris,Culliver,Shoulder,,Questionable,Shoulder,,Limited Participation in Practice,2011-12-30T13:59:34Z
2011,REG,SF,17,00-0028149,RB,Bruce Miller,Bruce,Miller,Knee,,Questionable,Knee,,Limited Participation in Practice,2011-12-30T13:59:47Z
2011,REG,SF,17,00-0023444,CB,Carlos Rogers,Carlos,Rogers,Knee,,Questionable,Knee,,Limited Participation in Practice,2011-12-30T13:59:55Z
2011,REG,SF,17,00-0025398,LB,Patrick Willis,Patrick,Willis,Hamstring,,Questionable,Hamstring,,Limited Participation in Practice,2011-12-30T14:00:21Z
2011,REG,STL,17,00-0027854,QB,Sam Bradford,Sam,Bradford,Ankle,,Doubtful,Ankle,,Did Not Participate In Practice,2011-12-30T10:35:37Z
2011,REG,STL,17,00-0020305,QB,A.J. Feeley,A.J.,Feeley,right Thumb,,Doubtful,right Thumb,,Did Not Participate In Practice,2011-12-30T10:35:43Z
2011,REG,STL,17,00-0026142,DE,Chris Long,Chris,Long,Ankle,,Questionable,Ankle,,Limited Participation in Practice,2011-12-30T10:35:49Z
2011,REG,STL,17,00-0027503,CB,Josh Gordy,Josh,Gordy,Abdomen,,Probable,Abdomen,,Full Participation in Practice,2011-12-30T10:35:32Z
2011,REG,STL,17,00-0024294,RB,Jerious Norwood,Jerious,Norwood,Illness,,Probable,Illness,,Full Participation in Practice,2011-12-30T10:35:32Z
2011,REG,STL,17,00-0023559,LB,Brady Poppinga,Brady,Poppinga,Illness,,Probable,Illness,,Full Participation in Practice,2011-12-30T10:35:32Z
2011,REG,TB,17,00-0022922,TE,Kellen Winslow,Kellen,Winslow,,,,Not Injury Related,,Did Not Participate In Practice,2011-12-29T11:00:54Z
2011,REG,TB,17,00-0024274,T,Jeremy Trueblood,Jeremy,Trueblood,Concussion,,Out,Concussion,,Did Not Participate In Practice,2011-12-30T11:26:26Z
2011,REG,TB,17,00-0027654,WR,Arrelious Benn,Arrelious,Benn,Neck,,Questionable,Neck,,Did Not Participate In Practice,2011-12-30T11:25:54Z
2011,REG,TB,17,00-0021149,DT,Albert Haynesworth,Albert,Haynesworth,Knee,,Questionable,Knee,,Did Not Participate In Practice,2011-12-30T11:26:08Z
2011,REG,TB,17,00-0026618,DE,Michael Bennett,Michael,Bennett,Toe,,Questionable,Toe,,Full Participation in Practice,2011-12-30T11:26:00Z
2011,REG,TB,17,00-0027650,DT,Brian Price,Brian,Price,Ankle,,Questionable,Ankle,,Full Participation in Practice,2011-12-30T11:26:17Z
2011,REG,TB,17,00-0027958,DE,Adrian Clayborn,Adrian,Clayborn,Hamstring,,Probable,Hamstring,,Full Participation in Practice,2011-12-30T11:24:55Z
2011,REG,TB,17,00-0026315,LB,Geno Hayes,Geno,Hayes,Finger,,Probable,Finger,,Full Participation in Practice,2011-12-30T11:24:55Z
2011,REG,TB,17,00-0025569,LB,Adam Hayward,Adam,Hayward,Foot,,Probable,Foot,,Full Participation in Practice,2011-12-30T11:24:55Z
2011,REG,TB,17,00-0027055,DT,Roy Miller,Roy,Miller,Back,,Probable,Back,,Full Participation in Practice,2011-12-30T11:24:55Z
2011,REG,TB,17,00-0027450,WR,Preston Parker,Preston,Parker,Concussion,,Probable,Concussion,,Full Participation in Practice,2011-12-30T11:24:55Z
2011,REG,TB,17,00-0026953,WR,Sammie Stroughter,Sammie,Stroughter,Knee,,Probable,Knee,,Full Participation in Practice,2011-12-30T11:24:55Z
2011,REG,TEN,17,00-0027868,DE,Derrick Morgan,Derrick,Morgan,,,,Not Injury Related,,Did Not Participate In Practice,2011-12-28T13:02:46Z
2011,REG,TEN,17,00-0026194,DE,Jason Jones,Jason,Jones,Ankle,,Doubtful,Ankle,,Did Not Participate In Practice,2011-12-30T11:14:41Z
2011,REG,TEN,17,00-0021154,TE,Daniel Graham,Daniel,Graham,Illness,,Questionable,Illness,,Full Participation in Practice,2011-12-30T11:14:21Z
2011,REG,TEN,17,00-0026266,WR,Lavelle Hawkins,Lavelle,Hawkins,Ankle,,Questionable,Ankle,,Full Participation in Practice,2011-12-30T11:14:27Z
2011,REG,TEN,17,00-0026164,RB,Chris Johnson,Chris,Johnson,Ankle,,Questionable,Ankle,,Full Participation in Practice,2011-12-30T11:14:34Z
2011,REG,TEN,17,00-0027095,LB,Gerald McRath,Gerald,McRath,Knee,Ankle,Questionable,Knee,Ankle,Full Participation in Practice,2011-12-30T11:14:48Z
2011,REG,TEN,17,00-0021679,DT,Shaun Smith,Shaun,Smith,Knee,,Questionable,Knee,,Full Participation in Practice,2011-12-30T11:14:54Z
2011,REG,WAS,17,00-0023447,T,Jammal Brown,Jammal,Brown,Hip,,Questionable,Hip,,Limited Participation in Practice,2011-12-30T10:25:49Z
2011,REG,WAS,17,00-0028043,RB,Roy Helu,Roy,Helu,Toe,Knee,Questionable,Toe,Knee,Limited Participation in Practice,2011-12-30T10:25:57Z
2011,REG,WAS,17,00-0025400,DE,Adam Carriker,Adam,Carriker,Chest,,Probable,Chest,,Full Participation in Practice,2011-12-30T10:25:44Z
2011,REG,WAS,17,00-0005322,LB,London Fletcher,London,Fletcher,Ankle,,Probable,Ankle,,Full Participation in Practice,2011-12-30T10:25:44Z
2011,REG,WAS,17,00-0028084,S,DeJon Gomes,DeJon,Gomes,Knee,,Probable,Knee,,Full Participation in Practice,2011-12-30T10:25:44Z
2011,REG,WAS,17,00-0028093,WR,Niles Paul,Niles,Paul,Shoulder,,Probable,Shoulder,,Full Participation in Practice,2011-12-30T10:25:44Z
2011,REG,WAS,17,00-0024515,P,Saverio Rocca,Saverio,Rocca,left Ankle,,Probable,left Ankle,,Full Participation in Practice,2011-12-30T10:25:44Z
2011,REG,WAS,17,00-0021147,WR,Donte' Stallworth,Donte',Stallworth,Ankle,,Probable,Ankle,,Full Participation in Practice,2011-12-30T10:25:44Z
2011,WC,ATL,18,00-0025496,LB,Stephen Nicholas,Stephen,Nicholas,Toe,,Doubtful,Toe,,Did Not Participate In Practice,2012-01-06T11:45:11Z
2011,WC,ATL,18,00-0024183,CB,Brent Grimes,Brent,Grimes,Knee,,Questionable,Knee,,Limited Participation in Practice,2012-01-06T11:45:21Z
2011,WC,ATL,18,00-0019546,DE,John Abraham,John,Abraham,Not Injury Related,,Probable,Not Injury Related,,Full Participation in Practice,2012-01-06T11:44:56Z
2011,WC,ATL,18,00-0023494,DT,Jonathan Babineaux,Jonathan,Babineaux,Hamstring,,Probable,Hamstring,,Full Participation in Practice,2012-01-06T11:44:56Z
2011,WC,ATL,18,00-0026033,RB,Mike Cox,Mike,Cox,Finger,,Probable,Finger,,Full Participation in Practice,2012-01-06T11:44:56Z
2011,WC,ATL,18,00-0006101,TE,Tony Gonzalez,Tony,Gonzalez,Not Injury Related,,Probable,Not Injury Related,,Full Participation in Practice,2012-01-06T11:44:56Z
2011,WC,ATL,18,00-0027000,DT,Peria Jerry,Peria,Jerry,Calf,,Probable,Calf,,Full Participation in Practice,2012-01-06T11:44:56Z
2011,WC,ATL,18,00-0027944,WR,Julio Jones,Julio,Jones,Thumb,,Probable,Thumb,,Full Participation in Practice,2012-01-06T11:44:56Z
2011,WC,ATL,18,00-0009119,TE,Reggie Kelly,Reggie,Kelly,Back,,Probable,Back,,Full Participation in Practice,2012-01-06T11:44:56Z
2011,WC,ATL,18,00-0026177,LB,Curtis Lofton,Curtis,Lofton,Ankle,,Probable,Ankle,,Full Participation in Practice,2012-01-06T11:44:56Z
2011,WC,ATL,18,00-0010711,C,Todd McClure,Todd,McClure,Not Injury Related,,Probable,Not Injury Related,,Full Participation in Practice,2012-01-06T11:44:56Z
2011,WC,ATL,18,00-0027062,CB,Christopher Owens,Christopher,Owens,Hand,,Probable,Hand,,Full Participation in Practice,2012-01-06T11:44:56Z
2011,WC,ATL,18,00-0027202,TE,Michael Palmer,Michael,Palmer,Knee,,Probable,Knee,,Full Participation in Practice,2012-01-06T11:44:56Z
2011,WC,ATL,18,00-0025631,RB,Jason Snelling,Jason,Snelling,Knee,,Probable,Knee,,Full Participation in Practice,2012-01-06T11:44:56Z
2011,WC,ATL,18,00-0027871,LB,Sean Weatherspoon,Sean,Weatherspoon,Head,,Probable,Head,,Full Participation in Practice,2012-01-06T11:44:56Z
2011,WC,ATL,18,00-0023462,WR,Roddy White,Roddy,White,Hip,,Probable,Hip,,Full Participation in Practice,2012-01-06T11:44:56Z
2011,WC,ATL,18,00-0026224,WR,Harry Douglas,Harry,Douglas,Groin,,Probable,Groin,,Limited Participation in Practice,2012-01-06T11:44:56Z
2011,WC,ATL,18,00-0027764,WR,Kerry Meier,Kerry,Meier,Groin,,Probable,Groin,,Limited Participation in Practice,2012-01-06T11:44:56Z
2011,WC,ATL,18,00-0027031,S,William Moore,William,Moore,Groin,,Probable,Groin,,Limited Participation in Practice,2012-01-06T11:44:56Z
2011,WC,ATL,18,00-0022821,RB,Michael Turner,Michael,Turner,Groin,,Probable,Groin,,Limited Participation in Practice,2012-01-06T11:44:56Z
2011,WC,CIN,18,00-0026252,T,Anthony Collins,Anthony,Collins,,,,Not Injury Related,,Did Not Participate In Practice,2012-01-05T10:20:14Z
2011,WC,CIN,18,00-0027887,S,Taylor Mays,Taylor,Mays,Hamstring,,Doubtful,Hamstring,,Did Not Participate In Practice,2012-01-06T09:01:50Z
2011,WC,CIN,18,00-0028004,LB,Dontay Moch,Dontay,Moch,Illness,,Doubtful,Illness,,Did Not Participate In Practice,2012-01-06T09:02:03Z
2011,WC,CIN,18,00-0027720,DT,Geno Atkins,Geno,Atkins,Achilles,,Probable,Achilles,,Full Participation in Practice,2012-01-06T08:59:17Z
2011,WC,CIN,18,00-0023439,RB,Cedric Benson,Cedric,Benson,Foot,,Probable,Foot,,Full Participation in Practice,2012-01-06T08:59:17Z
2011,WC,CIN,18,00-0024670,C,Kyle Cook,Kyle,Cook,Foot,,Probable,Foot,,Full Participation in Practice,2012-01-06T08:59:17Z
2011,WC,CIN,18,00-0022167,S,Chris Crocker,Chris,Crocker,Knee,,Probable,Knee,,Full Participation in Practice,2012-01-06T08:59:17Z
2011,WC,CIN,18,00-0027973,QB,Andy Dalton,Andy,Dalton,Illness,,Probable,Illness,,Full Participation in Practice,2012-01-06T08:59:17Z
2011,WC,CIN,18,00-0023665,DE,Jonathan Fanene,Jonathan,Fanene,Not Injury Related,,Probable,Not Injury Related,,Full Participation in Practice,2012-01-06T08:59:17Z
2011,WC,CIN,18,00-0024306,DE,Frostee Rucker,Frostee,Rucker,Shoulder,,Probable,Shoulder,,Full Participation in Practice,2012-01-06T08:59:17Z
2011,WC,DEN,18,00-0004073,S,Brian Dawkins,Brian,Dawkins,Neck,,Out,Neck,,Did Not Participate In Practice,2012-01-06T11:37:40Z
2011,WC,DEN,18,00-0026323,RB,Spencer Larsen,Spencer,Larsen,Knee,,Doubtful,Knee,,Did Not Participate In Practice,2012-01-06T11:37:50Z
2011,WC,DEN,18,00-0027083,S,David Bruton,David,Bruton,Achilles,,Questionable,Achilles,,Limited Participation in Practice,2012-01-06T11:37:33Z
2011,WC,DEN,18,00-0026269,CB,Jonathan Wilhite,Jonathan,Wilhite,Illness,,Questionable,Illness,,Limited Participation in Practice,2012-01-06T11:38:01Z
2011,WC,DEN,18,00-0027940,LB,Von Miller,Von,Miller,Thumb,,Probable,Thumb,,Full Participation in Practice,2012-01-06T11:37:20Z
2011,WC,DEN,18,00-0026182,WR,Eddie Royal,Eddie,Royal,Toe,,Probable,Toe,,Full Participation in Practice,2012-01-06T11:37:20Z
2011,WC,DET,18,00-0023614,S,Chris Harris,Chris,Harris,Back,,Doubtful,Back,,Did Not Participate In Practice,2012-01-06T10:39:07Z
2011,WC,DET,18,00-0026232,DE,Cliff Avril,Cliff,Avril,Back,,Probable,Back,,Full Participation in Practice,2012-01-06T10:38:16Z
2011,WC,DET,18,00-0022906,DT,Corey Williams,Corey,Williams,Hip,,Probable,Hip,,Full Participation in Practice,2012-01-06T10:38:16Z
2011,WC,DET,18,00-0027808,DE,Willie Young,Willie,Young,Ankle,,Probable,Ankle,,Full Participation in Practice,2012-01-06T10:38:16Z
2011,WC,DET,18,00-0027338,CB,Aaron Berry,Aaron,Berry,Shoulder,,Probable,Shoulder,,Limited Participation in Practice,2012-01-06T10:38:16Z
2011,WC,DET,18,00-0027009,S,Louis Delmas,Louis,Delmas,Knee,,Probable,Knee,,Limited Participation in Practice,2012-01-06T10:38:16Z
2011,WC,DET,18,00-0027951,DT,Nick Fairley,Nick,Fairley,Foot,,Probable,Foot,,Limited Participation in Practice,2012-01-06T10:38:16Z
2011,WC,DET,18,00-0025428,CB,Chris Houston,Chris,Houston,Hand,Knee,Probable,Hand,Knee,Limited Participation in Practice,2012-01-06T10:38:16Z
2011,WC,DET,18,00-0025389,WR,Calvin Johnson,Calvin,Johnson,Achilles,,Probable,Achilles,,Limited Participation in Practice,2012-01-06T10:38:16Z
2011,WC,DET,18,00-0027013,CB,Alphonso Smith,Alphonso,Smith,Foot,,Probable,Foot,,Limited Participation in Practice,2012-01-06T10:38:16Z
2011,WC,DET,18,00-0026204,RB,Kevin Smith,Kevin,Smith,Ankle,Knee,Probable,Ankle,Knee,Limited Participation in Practice,2012-01-06T10:38:16Z
2011,WC,HOU,18,00-0024231,CB,Jason Allen,Jason,Allen,Back,,Questionable,Back,,Full Participation in Practice,2012-01-06T09:21:02Z
2011,WC,HOU,18,00-0026948,S,Troy Nolan,Troy,Nolan,Ankle,,Questionable,Ankle,,Full Participation in Practice,2012-01-06T09:21:21Z
2011,WC,HOU,18,00-0028536,LB,Bryan Braman,Bryan,Braman,Neck,,Questionable,Neck,,Limited Participation in Practice,2012-01-06T09:21:11Z
2011,WC,HOU,18,00-0023846,G,Mike Brisiel,Mike,Brisiel,Ankle,,Probable,Ankle,,Full Participation in Practice,2012-01-06T09:20:50Z
2011,WC,HOU,18,00-0027051,G,Antoine Caldwell,Antoine,Caldwell,Ankle,,Probable,Ankle,,Full Participation in Practice,2012-01-06T09:20:50Z
2011,WC,HOU,18,00-0027109,RB,James Casey,James,Casey,Knee,,Probable,Knee,,Full Participation in Practice,2012-01-06T09:20:50Z
2011,WC,HOU,18,00-0023472,DT,Shaun Cody,Shaun,Cody,Knee,,Probable,Knee,,Full Participation in Practice,2012-01-06T09:20:50Z
2011,WC,HOU,18,00-0024313,TE,Owen Daniels,Owen,Daniels,Knee,,Probable,Knee,,Full Participation in Practice,2012-01-06T09:20:50Z
2011,WC,HOU,18,00-0023630,TE,Joel Dreessen,Joel,Dreessen,Knee,,Probable,Knee,,Full Participation in Practice,2012-01-06T09:20:50Z
2011,WC,HOU,18,00-0026796,RB,Arian Foster,Arian,Foster,Knee,,Probable,Knee,,Full Participation in Practice,2012-01-06T09:20:50Z
2011,WC,HOU,18,00-0022044,WR,Andre Johnson,Andre,Johnson,Hamstring,,Probable,Hamstring,,Full Participation in Practice,2012-01-06T09:20:50Z
2011,WC,HOU,18,00-0022156,WR,Bryant Johnson,Bryant,Johnson,Thigh,,Probable,Thigh,,Full Participation in Practice,2012-01-06T09:20:50Z
2011,WC,HOU,18,00-0024239,CB,Johnathan Joseph,Johnathan,Joseph,Achilles,,Probable,Achilles,,Full Participation in Practice,2012-01-06T09:20:50Z
2011,WC,HOU,18,00-0027743,CB,Sherrick McManis,Sherrick,McManis,Ankle,,Probable,Ankle,,Full Participation in Practice,2012-01-06T09:20:50Z
2011,WC,HOU,18,00-0023633,C,Chris Myers,Chris,Myers,Knee,,Probable,Knee,,Full Participation in Practice,2012-01-06T09:20:50Z
2011,WC,HOU,18,00-0028152,T,Derek Newton,Derek,Newton,Hip,,Probable,Hip,,Full Participation in Practice,2012-01-06T09:20:50Z
2011,WC,HOU,18,00-0027081,S,Glover Quin,Glover,Quin,Ankle,Elbow,Probable,Ankle,Elbow,Full Participation in Practice,2012-01-06T09:20:50Z
2011,WC,HOU,18,00-0024281,T,Eric Winston,Eric,Winston,Calf,,Probable,Calf,,Full Participation in Practice,2012-01-06T09:20:50Z
2011,WC,HOU,18,00-0028090,QB,T.J. Yates,T.J.,Yates,left Shoulder,,Probable,left Shoulder,,Full Participation in Practice,2012-01-06T09:20:50Z
2011,WC,NO,18,00-0026832,LB,Jonathan Casillas,Jonathan,Casillas,Knee,,Out,Knee,,Did Not Participate In Practice,2012-01-06T10:39:19Z
2011,WC,NO,18,00-0021304,TE,John Gilmore,John,Gilmore,Toe,,Out,Toe,,Did Not Participate In Practice,2012-01-06T10:38:58Z
2011,WC,NO,18,00-0023310,WR,Lance Moore,Lance,Moore,Hamstring,,Out,Hamstring,,Did Not Participate In Practice,2012-01-06T10:39:09Z
2011,WC,NO,18,00-0027355,S,Jonathon Amaya,Jonathon,Amaya,Shoulder,,Probable,Shoulder,,Full Participation in Practice,2012-01-06T10:38:37Z
2011,WC,NO,18,00-0026990,S,Malcolm Jenkins,Malcolm,Jenkins,Neck,,Probable,Neck,,Full Participation in Practice,2012-01-06T10:38:37Z
2011,WC,NO,18,00-0022778,LB,Jonathan Vilma,Jonathan,Vilma,Knee,,Probable,Knee,,Full Participation in Practice,2012-01-06T10:38:37Z
2011,WC,NO,18,00-0025414,WR,Robert Meachem,Robert,Meachem,Knee,,Probable,Knee,,Limited Participation in Practice,2012-01-06T10:38:37Z
2011,WC,NYG,18,00-0028620,LB,Mark Herzlich,Mark,Herzlich,Ankle,,Out,Ankle,,Did Not Participate In Practice,2012-01-06T10:21:10Z
2011,WC,NYG,18,00-0023509,DE,Justin Tuck,Justin,Tuck,Shoulder,,Probable,Shoulder,,Did Not Participate In Practice,2012-01-06T10:20:59Z
2011,WC,NYG,18,00-0027259,TE,Jake Ballard,Jake,Ballard,Knee,,Probable,Knee,,Limited Participation in Practice,2012-01-06T10:20:32Z
2011,WC,NYG,18,00-0025637,RB,Ahmad Bradshaw,Ahmad,Bradshaw,Foot,,Probable,Foot,,Limited Participation in Practice,2012-01-06T10:20:32Z
2011,WC,NYG,18,00-0028159,RB,Da'Rel Scott,Da'Rel,Scott,Knee,,Probable,Knee,,Limited Participation in Practice,2012-01-06T10:20:32Z
2011,WC,NYG,18,00-0025429,T,Tony Ugoh,Tony,Ugoh,Ankle,,Probable,Ankle,,Limited Participation in Practice,2012-01-06T10:20:32Z
2011,WC,NYG,18,00-0021977,DE,Osi Umenyiora,Osi,Umenyiora,Ankle,Knee,Probable,Ankle,Knee,Limited Participation in Practice,2012-01-06T10:20:32Z
2011,WC,NYG,18,00-0023478,CB,Corey Webster,Corey,Webster,Hamstring,,Probable,Hamstring,,Limited Participation in Practice,2012-01-06T10:20:32Z
2011,WC,PIT,18,00-0028066,CB,Cortez Allen,Cortez,Allen,Shoulder,,Out,Shoulder,,Did Not Participate In Practice,2012-01-06T10:02:32Z
2011,WC,PIT,18,00-0022217,RB,Mewelde Moore,Mewelde,Moore,Knee,,Out,Knee,,Did Not Participate In Practice,2012-01-06T10:02:51Z
2011,WC,PIT,18,00-0027870,C,Maurkice Pouncey,Maurkice,Pouncey,Ankle,,Questionable,Ankle,,Did Not Participate In Practice,2012-01-06T10:02:59Z
2011,WC,PIT,18,00-0020712,LB,James Harrison,James,Harrison,Toe,,Probable,Toe,,Full Participation in Practice,2012-01-06T10:02:22Z
2011,WC,PIT,18,00-0021344,DE,Brett Keisel,Brett,Keisel,Groin,,Probable,Groin,,Full Participation in Practice,2012-01-06T10:02:22Z
2011,WC,PIT,18,00-0025829,G,Doug Legursky,Doug,Legursky,Shoulder,,Probable,Shoulder,,Full Participation in Practice,2012-01-06T10:02:22Z
2011,WC,PIT,18,00-0022119,S,Troy Polamalu,Troy,Polamalu,Calf,,Probable,Calf,,Full Participation in Practice,2012-01-06T10:02:22Z
2011,WC,PIT,18,00-0022924,QB,Ben Roethlisberger,Ben,Roethlisberger,Ankle,,Probable,Ankle,,Full Participation in Practice,2012-01-06T10:02:22Z
2011,WC,PIT,18,00-0024355,T,Jonathan Scott,Jonathan,Scott,Back,,Probable,Back,,Full Participation in Practice,2012-01-06T10:02:22Z
2011,WC,PIT,18,00-0025433,LB,LaMarr Woodley,LaMarr,Woodley,Hamstring,,Probable,Hamstring,,Full Participation in Practice,2012-01-06T10:02:22Z
2011,DIV,BAL,19,00-0000551,LB,Brendon Ayanbadejo,Brendon,Ayanbadejo,Thigh,,Questionable,Thigh,,Limited Participation in Practice,2012-01-13T11:56:17Z
2011,DIV,BAL,19,00-0026407,LB,Jameel McClain,Jameel,McClain,Knee,,Questionable,Knee,,Limited Participation in Practice,2012-01-13T11:56:27Z
2011,DIV,BAL,19,00-0022084,WR,Anquan Boldin,Anquan,Boldin,Knee,,Probable,Knee,,Full Participation in Practice,2012-01-13T11:56:09Z
2011,DIV,BAL,19,00-0026857,LB,Dannell Ellerbe,Dannell,Ellerbe,Head,,Probable,Head,,Full Participation in Practice,2012-01-13T11:56:09Z
2011,DIV,BAL,19,00-0027965,CB,Jimmy Smith,Jimmy,Smith,Head,,Probable,Head,,Full Participation in Practice,2012-01-13T11:56:09Z
2011,DIV,BAL,19,00-0025473,G,Marshal Yanda,Marshal,Yanda,Chest,,Probable,Chest,,Full Participation in Practice,2012-01-13T11:56:09Z
2011,DIV,BAL,19,00-0026226,S,Tom Zbikowski,Tom,Zbikowski,Head,,Probable,Head,,Full Participation in Practice,2012-01-13T11:56:09Z
2011,DIV,DEN,19,00-0027690,WR,Eric Decker,Eric,Decker,Knee,,Out,Knee,,Did Not Participate In Practice,2012-01-13T09:10:20Z
2011,DIV,DEN,19,00-0019213,LS,Lonie Paxton,Lonie,Paxton,Not Injury Related,,Out,Not Injury Related,,Did Not Participate In Practice,2012-01-13T09:10:03Z
2011,DIV,DEN,19,00-0004073,S,Brian Dawkins,Brian,Dawkins,Neck,,Doubtful,Neck,,Did Not Participate In Practice,2012-01-13T09:09:43Z
2011,DIV,DEN,19,00-0027083,S,David Bruton,David,Bruton,Achilles,,Probable,Achilles,,Full Participation in Practice,2012-01-13T09:09:34Z
2011,DIV,DEN,19,00-0024341,DE,Elvis Dumervil,Elvis,Dumervil,Ankle,,Probable,Ankle,,Full Participation in Practice,2012-01-13T09:09:34Z
2011,DIV,DEN,19,00-0023752,TE,Daniel Fells,Daniel,Fells,Ankle,,Probable,Ankle,,Full Participation in Practice,2012-01-13T09:09:34Z
2011,DIV,DEN,19,00-0027940,LB,Von Miller,Von,Miller,Thumb,,Probable,Thumb,,Full Participation in Practice,2012-01-13T09:09:34Z
2011,DIV,GB,19,00-0026581,LB,Rob Francois,Rob,Francois,Hamstring,,Doubtful,Hamstring,,Did Not Participate In Practice,2012-01-13T11:57:44Z
2011,DIV,GB,19,00-0019702,T,Chad Clifton,Chad,Clifton,Hamstring,Back,Probable,Hamstring,Back,Did Not Participate In Practice,2012-01-13T11:57:35Z
2011,DIV,GB,19,00-0026784,C,Evan Smith,Evan,Smith,Illness,,Probable,Illness,,Did Not Participate In Practice,2012-01-13T11:58:01Z
2011,DIV,GB,19,00-0027875,T,Bryan Bulaga,Bryan,Bulaga,Knee,,Probable,Knee,,Full Participation in Practice,2012-01-13T11:57:35Z
2011,DIV,GB,19,00-0024267,WR,Greg Jennings,Greg,Jennings,Knee,,Probable,Knee,,Full Participation in Practice,2012-01-13T11:57:35Z
2011,DIV,GB,19,00-0027791,RB,James Starks,James,Starks,Ankle,,Probable,Ankle,,Full Participation in Practice,2012-01-13T11:57:35Z
2011,DIV,GB,19,00-0028002,WR,Randall Cobb,Randall,Cobb,Groin,,Probable,Groin,,Limited Participation in Practice,2012-01-13T11:57:35Z
2011,DIV,HOU,19,00-0028533,LB,Mister Alexander,Mister,Alexander,Shoulder,,Probable,Shoulder,,Full Participation in Practice,2012-01-13T11:13:31Z
2011,DIV,HOU,19,00-0024231,CB,Jason Allen,Jason,Allen,Thumb,,Probable,Thumb,,Full Participation in Practice,2012-01-13T11:13:31Z
2011,DIV,HOU,19,00-0028536,LB,Bryan Braman,Bryan,Braman,Neck,,Probable,Neck,,Full Participation in Practice,2012-01-13T11:13:31Z
2011,DIV,HOU,19,00-0023219,DE,Tim Bulman,Tim,Bulman,Calf,,Probable,Calf,,Full Participation in Practice,2012-01-13T11:13:31Z
2011,DIV,HOU,19,00-0027109,RB,James Casey,James,Casey,Knee,Foot,Probable,Knee,Foot,Full Participation in Practice,2012-01-13T11:13:31Z
2011,DIV,HOU,19,00-0023472,DT,Shaun Cody,Shaun,Cody,Knee,,Probable,Knee,,Full Participation in Practice,2012-01-13T11:13:31Z
2011,DIV,HOU,19,00-0023630,TE,Joel Dreessen,Joel,Dreessen,Knee,,Probable,Knee,,Full Participation in Practice,2012-01-13T11:13:31Z
2011,DIV,HOU,19,00-0022044,WR,Andre Johnson,Andre,Johnson,Knee,,Probable,Knee,,Full Participation in Practice,2012-01-13T11:13:31Z
2011,DIV,HOU,19,00-0024239,CB,Johnathan Joseph,Johnathan,Joseph,Hip,,Probable,Hip,,Full Participation in Practice,2012-01-13T11:13:31Z
2011,DIV,HOU,19,00-0027743,CB,Sherrick McManis,Sherrick,McManis,Ankle,,Probable,Ankle,,Full Participation in Practice,2012-01-13T11:13:31Z
2011,DIV,HOU,19,00-0023633,C,Chris Myers,Chris,Myers,Knee,,Probable,Knee,,Full Participation in Practice,2012-01-13T11:13:31Z
2011,DIV,HOU,19,00-0027980,LB,Brooks Reed,Brooks,Reed,Knee,,Probable,Knee,,Full Participation in Practice,2012-01-13T11:13:31Z
2011,DIV,HOU,19,00-0027890,RB,Ben Tate,Ben,Tate,Shoulder,,Probable,Shoulder,,Full Participation in Practice,2012-01-13T11:13:31Z
2011,DIV,HOU,19,00-0024281,T,Eric Winston,Eric,Winston,Calf,,Probable,Calf,,Full Participation in Practice,2012-01-13T11:13:31Z
2011,DIV,HOU,19,00-0028090,QB,T.J. Yates,T.J.,Yates,left Shoulder,,Probable,left Shoulder,,Full Participation in Practice,2012-01-13T11:13:31Z
2011,DIV,HOU,19,00-0023846,G,Mike Brisiel,Mike,Brisiel,Ankle,,Probable,Ankle,,Limited Participation in Practice,2012-01-13T11:13:31Z
2011,DIV,HOU,19,00-0024313,TE,Owen Daniels,Owen,Daniels,Hand,Knee,Probable,Hand,Knee,Limited Participation in Practice,2012-01-13T11:13:31Z
2011,DIV,HOU,19,00-0026948,S,Troy Nolan,Troy,Nolan,Ankle,,Probable,Ankle,,Limited Participation in Practice,2012-01-13T11:13:31Z
2011,DIV,NE,19,00-0027236,DT,Kyle Love,Kyle,Love,,,,Not Injury Related,,Did Not Participate In Practice,2012-01-11T12:59:31Z
2011,DIV,NE,19,00-0019596,QB,Tom Brady,Tom,Brady,,,,left Shoulder,,Full Participation in Practice,2012-01-11T13:04:43Z
2011,DIV,NE,19,00-0027150,WR,Julian Edelman,Julian,Edelman,,,,Back,,Limited Participation in Practice,2012-01-11T13:00:37Z
2011,DIV,NE,19,00-0020543,T,Matt Light,Matt,Light,,,,Ankle,,Limited Participation in Practice,2012-01-11T13:01:26Z
2011,DIV,NE,19,00-0027647,CB,Devin McCourty,Devin,McCourty,,,,Shoulder,,Limited Participation in Practice,2012-01-11T13:01:52Z
2011,DIV,NE,19,00-0026071,CB,Kyle Arrington,Kyle,Arrington,Foot,,Questionable,Foot,,Limited Participation in Practice,2012-01-13T11:26:18Z
2011,DIV,NE,19,00-0028076,T,Marcus Cannon,Marcus,Cannon,Ankle,,Questionable,Ankle,,Limited Participation in Practice,2012-01-13T11:26:34Z
2011,DIV,NE,19,00-0027010,S,Patrick Chung,Patrick,Chung,Knee,,Questionable,Knee,,Limited Participation in Practice,2012-01-13T11:26:07Z
2011,DIV,NE,19,00-0022979,G,Dan Connolly,Dan,Connolly,Groin,,Questionable,Groin,,Limited Participation in Practice,2012-01-13T11:26:39Z
2011,DIV,NE,19,00-0027237,LB,Dane Fletcher,Dane,Fletcher,Thumb,,Questionable,Thumb,,Limited Participation in Practice,2012-01-13T11:26:51Z
2011,DIV,NE,19,00-0025753,S,James Ihedigbo,James,Ihedigbo,Shoulder,,Questionable,Shoulder,,Limited Participation in Practice,2012-01-13T11:27:02Z
2011,DIV,NE,19,00-0023467,G,Logan Mankins,Logan,Mankins,Knee,,Questionable,Knee,,Limited Participation in Practice,2012-01-13T11:27:06Z
2011,DIV,NE,19,00-0024349,LB,Rob Ninkovich,Rob,Ninkovich,Hip,,Questionable,Hip,,Limited Participation in Practice,2012-01-13T11:27:12Z
2011,DIV,NE,19,00-0026293,WR,Matt Slater,Matt,Slater,Shoulder,,Questionable,Shoulder,,Limited Participation in Practice,2012-01-13T11:27:19Z
2011,DIV,NE,19,00-0027668,LB,Brandon Spikes,Brandon,Spikes,Knee,,Questionable,Knee,,Limited Participation in Practice,2012-01-13T11:27:26Z
2011,DIV,NE,19,00-0027034,T,Sebastian Vollmer,Sebastian,Vollmer,Back,Foot,Questionable,Back,Foot,Limited Participation in Practice,2012-01-13T11:27:32Z
2011,DIV,NE,19,00-0022427,WR,Wes Welker,Wes,Welker,Knee,,Questionable,Knee,,Limited Participation in Practice,2012-01-13T11:27:37Z
2011,DIV,NE,19,00-0021645,LB,Tracy White,Tracy,White,Abdomen,,Questionable,Abdomen,,Limited Participation in Practice,2012-01-13T11:27:42Z
2011,DIV,NO,19,00-0021304,TE,John Gilmore,John,Gilmore,Toe,,Out,Toe,,Did Not Participate In Practice,2012-01-13T13:18:07Z
2011,DIV,NO,19,00-0023310,WR,Lance Moore,Lance,Moore,Hamstring,,Out,Hamstring,,Did Not Participate In Practice,2012-01-13T13:18:22Z
2011,DIV,NO,19,00-0026832,LB,Jonathan Casillas,Jonathan,Casillas,Knee,,Questionable,Knee,,Limited Participation in Practice,2012-01-13T13:17:59Z
2011,DIV,NO,19,00-0024258,S,Roman Harper,Roman,Harper,Ankle,,Probable,Ankle,,Limited Participation in Practice,2012-01-13T13:18:14Z
2011,DIV,NO,19,00-0025414,WR,Robert Meachem,Robert,Meachem,Knee,,Probable,Knee,,Limited Participation in Practice,2012-01-13T13:17:32Z
2011,DIV,NO,19,00-0022778,LB,Jonathan Vilma,Jonathan,Vilma,Knee,,Probable,Knee,,Limited Participation in Practice,2012-01-13T13:17:32Z
2011,DIV,NYG,19,00-0028620,LB,Mark Herzlich,Mark,Herzlich,Ankle,,Out,Ankle,,Did Not Participate In Practice,2012-01-13T10:11:39Z
2011,DIV,NYG,19,00-0025407,CB,Aaron Ross,Aaron,Ross,Concussion,,Probable,Concussion,,Full Participation in Practice,2012-01-13T10:11:27Z
2011,DIV,NYG,19,00-0028159,RB,Da'Rel Scott,Da'Rel,Scott,Knee,,Probable,Knee,,Full Participation in Practice,2012-01-13T10:11:27Z
2011,DIV,NYG,19,00-0024559,RB,Danny Ware,Danny,Ware,Concussion,,Probable,Concussion,,Full Participation in Practice,2012-01-13T10:11:27Z
2011,DIV,NYG,19,00-0025637,RB,Ahmad Bradshaw,Ahmad,Bradshaw,Foot,Back,Probable,Foot,Back,Limited Participation in Practice,2012-01-13T10:11:27Z
2011,DIV,NYG,19,00-0019560,S,Deon Grant,Deon,Grant,Quadricep,,Probable,Quadricep,,Limited Participation in Practice,2012-01-13T10:11:27Z
2011,DIV,NYG,19,00-0021977,DE,Osi Umenyiora,Osi,Umenyiora,Ankle,Knee,Probable,Ankle,Knee,Limited Participation in Practice,2012-01-13T10:11:27Z
2011,DIV,NYG,19,00-0023478,CB,Corey Webster,Corey,Webster,Hamstring,,Probable,Hamstring,,Limited Participation in Practice,2012-01-13T10:11:27Z
2011,DIV,SF,19,00-0028018,CB,Chris Culliver,Chris,Culliver,Knee,Illness,Questionable,Knee,Illness,Did Not Participate In Practice,2012-01-13T12:37:09Z
2011,DIV,SF,19,00-0024389,TE,Delanie Walker,Delanie,Walker,Jaw,,Questionable,Jaw,,Did Not Participate In Practice,2012-01-13T12:37:23Z
2011,DIV,SF,19,00-0025396,WR,Ted Ginn,Ted,Ginn,Ankle,,Questionable,Ankle,,Limited Participation in Practice,2012-01-13T12:36:52Z
2011,DIV,SF,19,00-0025484,DT,Ray McDonald,Ray,McDonald,Hamstring,,Questionable,Hamstring,,Limited Participation in Practice,2012-01-13T12:37:16Z
2011,DIV,SF,19,00-0027608,WR,Kyle Williams,Kyle,Williams,Concussion,,Questionable,Concussion,,Limited Participation in Practice,2012-01-13T12:37:38Z
2011,CON,BAL,20,00-0021377,S,Ed Reed,Ed,Reed,Ankle,,Probable,Ankle,,Limited Participation in Practice,2012-01-20T11:19:00Z
2011,CON,NE,20,00-0019596,QB,Tom Brady,Tom,Brady,,,,left Shoulder,,Full Participation in Practice,2012-01-19T12:48:55Z
2011,CON,NE,20,00-0021192,WR,Deion Branch,Deion,Branch,Knee,,Questionable,Knee,,Limited Participation in Practice,2012-01-20T12:56:25Z
2011,CON,NE,20,00-0028076,T,Marcus Cannon,Marcus,Cannon,Ankle,,Questionable,Ankle,,Limited Participation in Practice,2012-01-20T12:56:41Z
2011,CON,NE,20,00-0027010,S,Patrick Chung,Patrick,Chung,Knee,,Questionable,Knee,,Limited Participation in Practice,2012-01-20T12:56:50Z
2011,CON,NE,20,00-0027237,LB,Dane Fletcher,Dane,Fletcher,Thumb,,Questionable,Thumb,,Limited Participation in Practice,2012-01-20T12:57:28Z
2011,CON,NE,20,00-0027713,TE,Aaron Hernandez,Aaron,Hernandez,Concussion,,Questionable,Concussion,,Limited Participation in Practice,2012-01-20T12:58:03Z
2011,CON,NE,20,00-0025753,S,James Ihedigbo,James,Ihedigbo,Shoulder,,Questionable,Shoulder,,Limited Participation in Practice,2012-01-20T12:58:31Z
2011,CON,NE,20,00-0027236,DT,Kyle Love,Kyle,Love,Ankle,,Questionable,Ankle,,Limited Participation in Practice,2012-01-20T12:58:45Z
2011,CON,NE,20,00-0023467,G,Logan Mankins,Logan,Mankins,Knee,,Questionable,Knee,,Limited Participation in Practice,2012-01-20T12:58:54Z
2011,CON,NE,20,00-0024349,LB,Rob Ninkovich,Rob,Ninkovich,Hip,,Questionable,Hip,,Limited Participation in Practice,2012-01-20T12:59:01Z
2011,CON,NE,20,00-0027955,T,Nate Solder,Nate,Solder,Concussion,,Questionable,Concussion,,Limited Participation in Practice,2012-01-20T12:59:34Z
2011,CON,NE,20,00-0027668,LB,Brandon Spikes,Brandon,Spikes,Knee,,Questionable,Knee,,Limited Participation in Practice,2012-01-20T12:59:42Z
2011,CON,NE,20,00-0027034,T,Sebastian Vollmer,Sebastian,Vollmer,Back,Foot,Questionable,Back,Foot,Limited Participation in Practice,2012-01-20T12:59:50Z
2011,CON,NE,20,00-0022427,WR,Wes Welker,Wes,Welker,Knee,,Questionable,Knee,,Limited Participation in Practice,2012-01-20T12:59:58Z
2011,CON,NE,20,00-0021645,LB,Tracy White,Tracy,White,Abdomen,,Questionable,Abdomen,,Limited Participation in Practice,2012-01-20T13:00:05Z
2011,CON,NE,20,00-0026071,CB,Kyle Arrington,Kyle,Arrington,Foot,,Probable,Foot,,Full Participation in Practice,2012-01-20T12:56:33Z
2011,CON,NE,20,00-0022979,G,Dan Connolly,Dan,Connolly,Groin,,Probable,Groin,,Full Participation in Practice,2012-01-20T12:57:17Z
2011,CON,NE,20,00-0026293,WR,Matt Slater,Matt,Slater,Shoulder,,Probable,Shoulder,,Full Participation in Practice,2012-01-20T12:56:01Z
2011,CON,NYG,20,00-0027259,TE,Jake Ballard,Jake,Ballard,Knee,,Questionable,Knee,,Did Not Participate In Practice,2012-01-20T10:23:16Z
2011,CON,NYG,20,00-0023468,C,David Baas,David,Baas,Illness,,Probable,Illness,,Did Not Participate In Practice,2012-01-20T10:22:54Z
2011,CON,NYG,20,00-0022803,QB,Eli Manning,Eli,Manning,Illness,,Probable,Illness,,Full Participation in Practice,2012-01-20T10:22:33Z
2011,CON,NYG,20,00-0025637,RB,Ahmad Bradshaw,Ahmad,Bradshaw,Foot,,Probable,Foot,,Limited Participation in Practice,2012-01-20T10:22:33Z
2011,CON,NYG,20,00-0028620,LB,Mark Herzlich,Mark,Herzlich,Ankle,,Probable,Ankle,,Limited Participation in Practice,2012-01-20T10:22:33Z
2011,CON,NYG,20,00-0027005,WR,Hakeem Nicks,Hakeem,Nicks,Ankle,,Probable,Ankle,,Limited Participation in Practice,2012-01-20T10:23:35Z
2011,CON,NYG,20,00-0023509,DE,Justin Tuck,Justin,Tuck,Shoulder,,Probable,Shoulder,,Limited Participation in Practice,2012-01-20T10:22:33Z
2011,CON,NYG,20,00-0021977,DE,Osi Umenyiora,Osi,Umenyiora,Ankle,Knee,Probable,Ankle,Knee,Limited Participation in Practice,2012-01-20T10:22:33Z
2011,CON,NYG,20,00-0023478,CB,Corey Webster,Corey,Webster,Hamstring,,Probable,Hamstring,,Limited Participation in Practice,2012-01-20T10:22:33Z
2011,CON,SF,20,00-0025396,WR,Ted Ginn,Ted,Ginn,Knee,,Questionable,Knee,,Did Not Participate In Practice,2012-01-20T15:03:01Z
2011,CON,SF,20,00-0025534,CB,Tarell Brown,Tarell,Brown,Thigh,,Questionable,Thigh,,Limited Participation in Practice,2012-01-20T15:02:07Z
2011,CON,SF,20,00-0025513,S,Dashon Goldson,Dashon,Goldson,Ankle,,Questionable,Ankle,,Limited Participation in Practice,2012-01-20T15:03:47Z
2011,CON,SF,20,00-0021267,C,Jonathan Goodwin,Jonathan,Goodwin,Calf,,Questionable,Calf,,Limited Participation in Practice,2012-01-20T15:04:22Z
2011,CON,SF,20,00-0024389,TE,Delanie Walker,Delanie,Walker,Jaw,,Questionable,Jaw,,Limited Participation in Practice,2012-01-20T15:04:53Z
2011,CON,SF,20,00-0025398,LB,Patrick Willis,Patrick,Willis,Knee,,Questionable,Knee,,Limited Participation in Practice,2012-01-20T15:06:01Z
2011,SB,NE,21,00-0028076,T,Marcus Cannon,Marcus,Cannon,Ankle,,Questionable,Ankle,,Limited Participation in Practice,2012-02-03T14:28:35Z
2011,SB,NE,21,00-0027010,S,Patrick Chung,Patrick,Chung,Knee,,Questionable,Knee,,Limited Participation in Practice,2012-02-03T14:28:46Z
2011,SB,NE,21,00-0027237,LB,Dane Fletcher,Dane,Fletcher,Thumb,,Questionable,Thumb,,Limited Participation in Practice,2012-02-03T14:28:55Z
2011,SB,NE,21,00-0027656,TE,Rob Gronkowski,Rob,Gronkowski,Ankle,,Questionable,Ankle,,Limited Participation in Practice,2012-02-03T14:29:00Z
2011,SB,NE,21,00-0027236,DT,Kyle Love,Kyle,Love,Ankle,,Questionable,Ankle,,Limited Participation in Practice,2012-02-03T14:29:10Z
2011,SB,NE,21,00-0023467,G,Logan Mankins,Logan,Mankins,Knee,,Questionable,Knee,,Limited Participation in Practice,2012-02-03T14:29:17Z
2011,SB,NE,21,00-0024349,LB,Rob Ninkovich,Rob,Ninkovich,Hip,,Questionable,Hip,,Limited Participation in Practice,2012-02-03T14:29:28Z
2011,SB,NE,21,00-0027668,LB,Brandon Spikes,Brandon,Spikes,Knee,,Questionable,Knee,,Limited Participation in Practice,2012-02-03T14:52:21Z
2011,SB,NE,21,00-0027034,T,Sebastian Vollmer,Sebastian,Vollmer,Back,Foot,Questionable,Back,Foot,Limited Participation in Practice,2012-02-03T14:52:38Z
2011,SB,NE,21,00-0022427,WR,Wes Welker,Wes,Welker,Knee,,Questionable,Knee,,Limited Participation in Practice,2012-02-03T14:54:08Z
2011,SB,NE,21,00-0021645,LB,Tracy White,Tracy,White,Abdomen,,Questionable,Abdomen,,Limited Participation in Practice,2012-02-03T15:25:11Z
2011,SB,NE,21,00-0021192,WR,Deion Branch,Deion,Branch,Knee,,Probable,Knee,,Full Participation in Practice,2012-02-03T14:26:48Z
2011,SB,NE,21,00-0022979,C,Dan Connolly,Dan,Connolly,Groin,,Probable,Groin,,Full Participation in Practice,2012-02-03T14:26:48Z
2011,SB,NE,21,00-0025753,S,James Ihedigbo,James,Ihedigbo,Shoulder,,Probable,Shoulder,,Full Participation in Practice,2012-02-03T14:26:48Z
2011,SB,NE,21,00-0020543,T,Matt Light,Matt,Light,Illness,,Probable,Illness,,Full Participation in Practice,2012-02-03T14:26:48Z
2011,SB,NE,21,00-0026293,WR,Matt Slater,Matt,Slater,Shoulder,,Probable,Shoulder,,Full Participation in Practice,2012-02-03T15:24:50Z
2011,SB,NYG,21,00-0025637,RB,Ahmad Bradshaw,Ahmad,Bradshaw,Foot,,Probable,Foot,,Did Not Participate In Practice,2012-02-03T13:50:42Z
2011,SB,NYG,21,00-0027005,WR,Hakeem Nicks,Hakeem,Nicks,Shoulder,,Probable,Shoulder,,Full Participation in Practice,2012-02-03T13:50:42Z
2011,SB,NYG,21,00-0023478,CB,Corey Webster,Corey,Webster,Hamstring,,Probable,Hamstring,,Full Participation in Practice,2012-02-03T13:50:42Z
2011,SB,NYG,21,00-0028140,LB,Jacquian Williams,Jacquian,Williams,Foot,,Probable,Foot,,Full Participation in Practice,2012-02-03T13:50:42Z
2011,SB,NYG,21,00-0028136,S,Tyler Sash,Tyler,Sash,Foot,,Probable,Foot,,Limited Participation in Practice,2012-02-03T13:52:06Z
2011,SB,NYG,21,00-0021977,DE,Osi Umenyiora,Osi,Umenyiora,Ankle,Knee,Probable,Ankle,Knee,Limited Participation in Practice,2012-02-03T13:50:42Z
